seed,iteration,method,noise_level,signed_selection_bias,positive_selection_bias,selection_bias_inf_norm,num_noise_trajectories,selection_bias_definition,aggregation_is_written_back,actual_source_gammas,similarity_weights,penalty_type,p_norm,robust_q,sync_period,stepsize
0,5,Maximum-based,1.0,0.058321635213416316,0.058321635213416316,0.07036259433090458,60,E[Agg(Q_xi)] - Agg(E[Q_xi]),True,"[0.1000000000000001, 0.20000000000000004, 0.30000000000000004, 0.4]","[0.4799984800104797, 0.24000043999544013, 0.1600005599965601, 0.12000051999752008]",state_action_local,1,inf,5,0.05
0,10,Maximum-based,1.0,0.05666920435814582,0.05666920435814582,0.06819887976440275,60,E[Agg(Q_xi)] - Agg(E[Q_xi]),True,"[0.1000000000000001, 0.20000000000000004, 0.30000000000000004, 0.4]","[0.4799984800104797, 0.24000043999544013, 0.1600005599965601, 0.12000051999752008]",state_action_local,1,inf,5,0.05
0,15,Maximum-based,1.0,0.053952518290496757,0.053952518290496757,0.06801230675424341,60,E[Agg(Q_xi)] - Agg(E[Q_xi]),True,"[0.1000000000000001, 0.20000000000000004, 0.30000000000000004, 0.4]","[0.4799984800104797, 0.24000043999544013, 0.1600005599965601, 0.12000051999752008]",state_action_local,1,inf,5,0.05
0,20,Maximum-based,1.0,0.05283910748425443,0.05283910748425443,0.0673152298514137,60,E[Agg(Q_xi)] - Agg(E[Q_xi]),True,"[0.1000000000000001, 0.20000000000000004, 0.30000000000000004, 0.4]","[0.4799984800104797, 0.24000043999544013, 0.1600005599965601, 0.12000051999752008]",state_action_local,1,inf,5,0.05
0,25,Maximum-based,1.0,0.052797339603054286,0.052797339603054286,0.06295391429988895,60,E[Agg(Q_xi)] - Agg(E[Q_xi]),True,"[0.1000000000000001, 0.20000000000000004, 0.30000000000000004, 0.4]","[0.4799984800104797, 0.24000043999544013, 0.1600005599965601, 0.12000051999752008]",state_action_local,1,inf,5,0.05
0,30,Maximum-based,1.0,0.05168636293546054,0.05168636293546054,0.0663286483387926,60,E[Agg(Q_xi)] - Agg(E[Q_xi]),True,"[0.1000000000000001, 0.20000000000000004, 0.30000000000000004, 0.4]","[0.4799984800104797, 0.24000043999544013, 0.1600005599965601, 0.12000051999752008]",state_action_local,1,inf,5,0.05
0,35,Maximum-based,1.0,0.050356236583387635,0.050356236583387635,0.06259061839834001,60,E[Agg(Q_xi)] - Agg(E[Q_xi]),True,"[0.1000000000000001, 0.20000000000000004, 0.30000000000000004, 0.4]","[0.4799984800104797, 0.24000043999544013, 0.1600005599965601, 0.12000051999752008]",state_action_local,1,inf,5,0.05
0,40,Maximum-based,1.0,0.05016102326488308,0.05016102326488308,0.06126260384471083,60,E[Agg(Q_xi)] - Agg(E[Q_xi]),True,"[0.1000000000000001, 0.20000000000000004, 0.30000000000000004, 0.4]","[0.4799984800104797, 0.24000043999544013, 0.1600005599965601, 0.12000051999752008]",state_action_local,1,inf,5,0.05
0,45,Maximum-based,1.0,0.04924147720209267,0.04924147720209267,0.05948389974832513,60,E[Agg(Q_xi)] - Agg(E[Q_xi]),True,"[0.1000000000000001, 0.20000000000000004, 0.30000000000000004, 0.4]","[0.4799984800104797, 0.24000043999544013, 0.1600005599965601, 0.12000051999752008]",state_action_local,1,inf,5,0.05
0,50,Maximum-based,1.0,0.04963743905954021,0.04963743905954021,0.06542452499441964,60,E[Agg(Q_xi)] - Agg(E[Q_xi]),True,"[0.1000000000000001, 0.20000000000000004, 0.30000000000000004, 0.4]","[0.4799984800104797, 0.24000043999544013, 0.1600005599965601, 0.12000051999752008]",state_action_local,1,inf,5,0.05
0,55,Maximum-based,1.0,0.04843725705308408,0.04843725705308408,0.06147684518493435,60,E[Agg(Q_xi)] - Agg(E[Q_xi]),True,"[0.1000000000000001, 0.20000000000000004, 0.30000000000000004, 0.4]","[0.4799984800104797, 0.24000043999544013, 0.1600005599965601, 0.12000051999752008]",state_action_local,1,inf,5,0.05
0,60,Maximum-based,1.0,0.04926765649322774,0.04926765649322774,0.06563522015365564,60,E[Agg(Q_xi)] - Agg(E[Q_xi]),True,"[0.1000000000000001, 0.20000000000000004, 0.30000000000000004, 0.4]","[0.4799984800104797, 0.24000043999544013, 0.1600005599965601, 0.12000051999752008]",state_action_local,1,inf,5,0.05
0,65,Maximum-based,1.0,0.04844541786559152,0.04844541786559152,0.06355267250970442,60,E[Agg(Q_xi)] - Agg(E[Q_xi]),True,"[0.1000000000000001, 0.20000000000000004, 0.30000000000000004, 0.4]","[0.4799984800104797, 0.24000043999544013, 0.1600005599965601, 0.12000051999752008]",state_action_local,1,inf,5,0.05
0,70,Maximum-based,1.0,0.04813952603614037,0.04813952603614037,0.0625134581708382,60,E[Agg(Q_xi)] - Agg(E[Q_xi]),True,"[0.1000000000000001, 0.20000000000000004, 0.30000000000000004, 0.4]","[0.4799984800104797, 0.24000043999544013, 0.1600005599965601, 0.12000051999752008]",state_action_local,1,inf,5,0.05
0,75,Maximum-based,1.0,0.04829819677683176,0.04829819677683176,0.06198951341793313,60,E[Agg(Q_xi)] - Agg(E[Q_xi]),True,"[0.1000000000000001, 0.20000000000000004, 0.30000000000000004, 0.4]","[0.4799984800104797, 0.24000043999544013, 0.1600005599965601, 0.12000051999752008]",state_action_local,1,inf,5,0.05
0,80,Maximum-based,1.0,0.04827427412264691,0.04827427412264691,0.0586219653645621,60,E[Agg(Q_xi)] - Agg(E[Q_xi]),True,"[0.1000000000000001, 0.20000000000000004, 0.30000000000000004, 0.4]","[0.4799984800104797, 0.24000043999544013, 0.1600005599965601, 0.12000051999752008]",state_action_local,1,inf,5,0.05
0,85,Maximum-based,1.0,0.04808443284587812,0.04808443284587812,0.06335471494119105,60,E[Agg(Q_xi)] - Agg(E[Q_xi]),True,"[0.1000000000000001, 0.20000000000000004, 0.30000000000000004, 0.4]","[0.4799984800104797, 0.24000043999544013, 0.1600005599965601, 0.12000051999752008]",state_action_local,1,inf,5,0.05
0,90,Maximum-based,1.0,0.047364294495032364,0.047364294495032364,0.06330052135984365,60,E[Agg(Q_xi)] - Agg(E[Q_xi]),True,"[0.1000000000000001, 0.20000000000000004, 0.30000000000000004, 0.4]","[0.4799984800104797, 0.24000043999544013, 0.1600005599965601, 0.12000051999752008]",state_action_local,1,inf,5,0.05
0,95,Maximum-based,1.0,0.048459193149975925,0.048459193149975925,0.0598887194446176,60,E[Agg(Q_xi)] - Agg(E[Q_xi]),True,"[0.1000000000000001, 0.20000000000000004, 0.30000000000000004, 0.4]","[0.4799984800104797, 0.24000043999544013, 0.1600005599965601, 0.12000051999752008]",state_action_local,1,inf,5,0.05
0,100,Maximum-based,1.0,0.0476523238465513,0.0476523238465513,0.06087324746449374,60,E[Agg(Q_xi)] - Agg(E[Q_xi]),True,"[0.1000000000000001, 0.20000000000000004, 0.30000000000000004, 0.4]","[0.4799984800104797, 0.24000043999544013, 0.1600005599965601, 0.12000051999752008]",state_action_local,1,inf,5,0.05
0,105,Maximum-based,1.0,0.048399668171523795,0.048399668171523795,0.061417010772827574,60,E[Agg(Q_xi)] - Agg(E[Q_xi]),True,"[0.1000000000000001, 0.20000000000000004, 0.30000000000000004, 0.4]","[0.4799984800104797, 0.24000043999544013, 0.1600005599965601, 0.12000051999752008]",state_action_local,1,inf,5,0.05
0,110,Maximum-based,1.0,0.04821292145907577,0.04821292145907577,0.06313638277497624,60,E[Agg(Q_xi)] - Agg(E[Q_xi]),True,"[0.1000000000000001, 0.20000000000000004, 0.30000000000000004, 0.4]","[0.4799984800104797, 0.24000043999544013, 0.1600005599965601, 0.12000051999752008]",state_action_local,1,inf,5,0.05
0,115,Maximum-based,1.0,0.048197123120508216,0.048197123120508216,0.06346812971152982,60,E[Agg(Q_xi)] - Agg(E[Q_xi]),True,"[0.1000000000000001, 0.20000000000000004, 0.30000000000000004, 0.4]","[0.4799984800104797, 0.24000043999544013, 0.1600005599965601, 0.12000051999752008]",state_action_local,1,inf,5,0.05
0,120,Maximum-based,1.0,0.04754830524741197,0.04754830524741197,0.06374874706081624,60,E[Agg(Q_xi)] - Agg(E[Q_xi]),True,"[0.1000000000000001, 0.20000000000000004, 0.30000000000000004, 0.4]","[0.4799984800104797, 0.24000043999544013, 0.1600005599965601, 0.12000051999752008]",state_action_local,1,inf,5,0.05
0,125,Maximum-based,1.0,0.047870533660277825,0.047870533660277825,0.06583297529972043,60,E[Agg(Q_xi)] - Agg(E[Q_xi]),True,"[0.1000000000000001, 0.20000000000000004, 0.30000000000000004, 0.4]","[0.4799984800104797, 0.24000043999544013, 0.1600005599965601, 0.12000051999752008]",state_action_local,1,inf,5,0.05
0,130,Maximum-based,1.0,0.04805855155168824,0.04805855155168824,0.06156735010625258,60,E[Agg(Q_xi)] - Agg(E[Q_xi]),True,"[0.1000000000000001, 0.20000000000000004, 0.30000000000000004, 0.4]","[0.4799984800104797, 0.24000043999544013, 0.1600005599965601, 0.12000051999752008]",state_action_local,1,inf,5,0.05
0,135,Maximum-based,1.0,0.0473179279890267,0.0473179279890267,0.06923128779762866,60,E[Agg(Q_xi)] - Agg(E[Q_xi]),True,"[0.1000000000000001, 0.20000000000000004, 0.30000000000000004, 0.4]","[0.4799984800104797, 0.24000043999544013, 0.1600005599965601, 0.12000051999752008]",state_action_local,1,inf,5,0.05
0,140,Maximum-based,1.0,0.04749450722961855,0.04749450722961855,0.06033897581516445,60,E[Agg(Q_xi)] - Agg(E[Q_xi]),True,"[0.1000000000000001, 0.20000000000000004, 0.30000000000000004, 0.4]","[0.4799984800104797, 0.24000043999544013, 0.1600005599965601, 0.12000051999752008]",state_action_local,1,inf,5,0.05
0,145,Maximum-based,1.0,0.047802751858654825,0.047802751858654825,0.06001779603757651,60,E[Agg(Q_xi)] - Agg(E[Q_xi]),True,"[0.1000000000000001, 0.20000000000000004, 0.30000000000000004, 0.4]","[0.4799984800104797, 0.24000043999544013, 0.1600005599965601, 0.12000051999752008]",state_action_local,1,inf,5,0.05
0,150,Maximum-based,1.0,0.04793458042499672,0.04793458042499672,0.06546257454563431,60,E[Agg(Q_xi)] - Agg(E[Q_xi]),True,"[0.1000000000000001, 0.20000000000000004, 0.30000000000000004, 0.4]","[0.4799984800104797, 0.24000043999544013, 0.1600005599965601, 0.12000051999752008]",state_action_local,1,inf,5,0.05
0,155,Maximum-based,1.0,0.047639152462556095,0.047639152462556095,0.06312969473954588,60,E[Agg(Q_xi)] - Agg(E[Q_xi]),True,"[0.1000000000000001, 0.20000000000000004, 0.30000000000000004, 0.4]","[0.4799984800104797, 0.24000043999544013, 0.1600005599965601, 0.12000051999752008]",state_action_local,1,inf,5,0.05
0,160,Maximum-based,1.0,0.047601110827903144,0.047601110827903144,0.05868458147844002,60,E[Agg(Q_xi)] - Agg(E[Q_xi]),True,"[0.1000000000000001, 0.20000000000000004, 0.30000000000000004, 0.4]","[0.4799984800104797, 0.24000043999544013, 0.1600005599965601, 0.12000051999752008]",state_action_local,1,inf,5,0.05
0,165,Maximum-based,1.0,0.047809915561697565,0.047809915561697565,0.0617763091900736,60,E[Agg(Q_xi)] - Agg(E[Q_xi]),True,"[0.1000000000000001, 0.20000000000000004, 0.30000000000000004, 0.4]","[0.4799984800104797, 0.24000043999544013, 0.1600005599965601, 0.12000051999752008]",state_action_local,1,inf,5,0.05
0,170,Maximum-based,1.0,0.048062210221777216,0.048062210221777216,0.06227468362693234,60,E[Agg(Q_xi)] - Agg(E[Q_xi]),True,"[0.1000000000000001, 0.20000000000000004, 0.30000000000000004, 0.4]","[0.4799984800104797, 0.24000043999544013, 0.1600005599965601, 0.12000051999752008]",state_action_local,1,inf,5,0.05
0,175,Maximum-based,1.0,0.04817795084126044,0.04817795084126044,0.06232520918344964,60,E[Agg(Q_xi)] - Agg(E[Q_xi]),True,"[0.1000000000000001, 0.20000000000000004, 0.30000000000000004, 0.4]","[0.4799984800104797, 0.24000043999544013, 0.1600005599965601, 0.12000051999752008]",state_action_local,1,inf,5,0.05
0,180,Maximum-based,1.0,0.04748063943680277,0.04748063943680277,0.06244980750161222,60,E[Agg(Q_xi)] - Agg(E[Q_xi]),True,"[0.1000000000000001, 0.20000000000000004, 0.30000000000000004, 0.4]","[0.4799984800104797, 0.24000043999544013, 0.1600005599965601, 0.12000051999752008]",state_action_local,1,inf,5,0.05
0,185,Maximum-based,1.0,0.04825526492668424,0.04825526492668424,0.06435166214766319,60,E[Agg(Q_xi)] - Agg(E[Q_xi]),True,"[0.1000000000000001, 0.20000000000000004, 0.30000000000000004, 0.4]","[0.4799984800104797, 0.24000043999544013, 0.1600005599965601, 0.12000051999752008]",state_action_local,1,inf,5,0.05
0,190,Maximum-based,1.0,0.04835554790759542,0.04835554790759542,0.060470056364844815,60,E[Agg(Q_xi)] - Agg(E[Q_xi]),True,"[0.1000000000000001, 0.20000000000000004, 0.30000000000000004, 0.4]","[0.4799984800104797, 0.24000043999544013, 0.1600005599965601, 0.12000051999752008]",state_action_local,1,inf,5,0.05
0,195,Maximum-based,1.0,0.047981070233698936,0.047981070233698936,0.06161308161769341,60,E[Agg(Q_xi)] - Agg(E[Q_xi]),True,"[0.1000000000000001, 0.20000000000000004, 0.30000000000000004, 0.4]","[0.4799984800104797, 0.24000043999544013, 0.1600005599965601, 0.12000051999752008]",state_action_local,1,inf,5,0.05
0,200,Maximum-based,1.0,0.04783333843334044,0.04783333843334044,0.06356787651904217,60,E[Agg(Q_xi)] - Agg(E[Q_xi]),True,"[0.1000000000000001, 0.20000000000000004, 0.30000000000000004, 0.4]","[0.4799984800104797, 0.24000043999544013, 0.1600005599965601, 0.12000051999752008]",state_action_local,1,inf,5,0.05
0,205,Maximum-based,1.0,0.048085711562628274,0.048085711562628274,0.06337375056402283,60,E[Agg(Q_xi)] - Agg(E[Q_xi]),True,"[0.1000000000000001, 0.20000000000000004, 0.30000000000000004, 0.4]","[0.4799984800104797, 0.24000043999544013, 0.1600005599965601, 0.12000051999752008]",state_action_local,1,inf,5,0.05
0,210,Maximum-based,1.0,0.04836621613073772,0.04836621613073772,0.06451890164280094,60,E[Agg(Q_xi)] - Agg(E[Q_xi]),True,"[0.1000000000000001, 0.20000000000000004, 0.30000000000000004, 0.4]","[0.4799984800104797, 0.24000043999544013, 0.1600005599965601, 0.12000051999752008]",state_action_local,1,inf,5,0.05
0,215,Maximum-based,1.0,0.04860025749785779,0.04860025749785779,0.05965853644156116,60,E[Agg(Q_xi)] - Agg(E[Q_xi]),True,"[0.1000000000000001, 0.20000000000000004, 0.30000000000000004, 0.4]","[0.4799984800104797, 0.24000043999544013, 0.1600005599965601, 0.12000051999752008]",state_action_local,1,inf,5,0.05
0,220,Maximum-based,1.0,0.04748824145035337,0.04748824145035337,0.06485608943685861,60,E[Agg(Q_xi)] - Agg(E[Q_xi]),True,"[0.1000000000000001, 0.20000000000000004, 0.30000000000000004, 0.4]","[0.4799984800104797, 0.24000043999544013, 0.1600005599965601, 0.12000051999752008]",state_action_local,1,inf,5,0.05
0,225,Maximum-based,1.0,0.047626516867929715,0.047626516867929715,0.062055491157380516,60,E[Agg(Q_xi)] - Agg(E[Q_xi]),True,"[0.1000000000000001, 0.20000000000000004, 0.30000000000000004, 0.4]","[0.4799984800104797, 0.24000043999544013, 0.1600005599965601, 0.12000051999752008]",state_action_local,1,inf,5,0.05
0,230,Maximum-based,1.0,0.047912752496268765,0.047912752496268765,0.06077803272394178,60,E[Agg(Q_xi)] - Agg(E[Q_xi]),True,"[0.1000000000000001, 0.20000000000000004, 0.30000000000000004, 0.4]","[0.4799984800104797, 0.24000043999544013, 0.1600005599965601, 0.12000051999752008]",state_action_local,1,inf,5,0.05
0,235,Maximum-based,1.0,0.04773863133086926,0.04773863133086926,0.06426739701868023,60,E[Agg(Q_xi)] - Agg(E[Q_xi]),True,"[0.1000000000000001, 0.20000000000000004, 0.30000000000000004, 0.4]","[0.4799984800104797, 0.24000043999544013, 0.1600005599965601, 0.12000051999752008]",state_action_local,1,inf,5,0.05
0,240,Maximum-based,1.0,0.04873635219092949,0.04873635219092949,0.06299903241656057,60,E[Agg(Q_xi)] - Agg(E[Q_xi]),True,"[0.1000000000000001, 0.20000000000000004, 0.30000000000000004, 0.4]","[0.4799984800104797, 0.24000043999544013, 0.1600005599965601, 0.12000051999752008]",state_action_local,1,inf,5,0.05
0,245,Maximum-based,1.0,0.04821297816914948,0.04821297816914948,0.0660645803183062,60,E[Agg(Q_xi)] - Agg(E[Q_xi]),True,"[0.1000000000000001, 0.20000000000000004, 0.30000000000000004, 0.4]","[0.4799984800104797, 0.24000043999544013, 0.1600005599965601, 0.12000051999752008]",state_action_local,1,inf,5,0.05
0,250,Maximum-based,1.0,0.04772866607983792,0.04772866607983792,0.06307020516868711,60,E[Agg(Q_xi)] - Agg(E[Q_xi]),True,"[0.1000000000000001, 0.20000000000000004, 0.30000000000000004, 0.4]","[0.4799984800104797, 0.24000043999544013, 0.1600005599965601, 0.12000051999752008]",state_action_local,1,inf,5,0.05
0,255,Maximum-based,1.0,0.048057693920758225,0.048057693920758225,0.06731453574400703,60,E[Agg(Q_xi)] - Agg(E[Q_xi]),True,"[0.1000000000000001, 0.20000000000000004, 0.30000000000000004, 0.4]","[0.4799984800104797, 0.24000043999544013, 0.1600005599965601, 0.12000051999752008]",state_action_local,1,inf,5,0.05
0,260,Maximum-based,1.0,0.04728562873076158,0.04728562873076158,0.06015372466267088,60,E[Agg(Q_xi)] - Agg(E[Q_xi]),True,"[0.1000000000000001, 0.20000000000000004, 0.30000000000000004, 0.4]","[0.4799984800104797, 0.24000043999544013, 0.1600005599965601, 0.12000051999752008]",state_action_local,1,inf,5,0.05
0,265,Maximum-based,1.0,0.048492197033563014,0.048492197033563014,0.06110796125296325,60,E[Agg(Q_xi)] - Agg(E[Q_xi]),True,"[0.1000000000000001, 0.20000000000000004, 0.30000000000000004, 0.4]","[0.4799984800104797, 0.24000043999544013, 0.1600005599965601, 0.12000051999752008]",state_action_local,1,inf,5,0.05
0,270,Maximum-based,1.0,0.048695648679880126,0.048695648679880126,0.06651662848925177,60,E[Agg(Q_xi)] - Agg(E[Q_xi]),True,"[0.1000000000000001, 0.20000000000000004, 0.30000000000000004, 0.4]","[0.4799984800104797, 0.24000043999544013, 0.1600005599965601, 0.12000051999752008]",state_action_local,1,inf,5,0.05
0,275,Maximum-based,1.0,0.04747133745891334,0.04747133745891334,0.059909490580210445,60,E[Agg(Q_xi)] - Agg(E[Q_xi]),True,"[0.1000000000000001, 0.20000000000000004, 0.30000000000000004, 0.4]","[0.4799984800104797, 0.24000043999544013, 0.1600005599965601, 0.12000051999752008]",state_action_local,1,inf,5,0.05
0,280,Maximum-based,1.0,0.04694013603098357,0.04694013603098357,0.05971062407641803,60,E[Agg(Q_xi)] - Agg(E[Q_xi]),True,"[0.1000000000000001, 0.20000000000000004, 0.30000000000000004, 0.4]","[0.4799984800104797, 0.24000043999544013, 0.1600005599965601, 0.12000051999752008]",state_action_local,1,inf,5,0.05
0,285,Maximum-based,1.0,0.04797869474555276,0.04797869474555276,0.06538373753950211,60,E[Agg(Q_xi)] - Agg(E[Q_xi]),True,"[0.1000000000000001, 0.20000000000000004, 0.30000000000000004, 0.4]","[0.4799984800104797, 0.24000043999544013, 0.1600005599965601, 0.12000051999752008]",state_action_local,1,inf,5,0.05
0,290,Maximum-based,1.0,0.048086133618675544,0.048086133618675544,0.06992288763261101,60,E[Agg(Q_xi)] - Agg(E[Q_xi]),True,"[0.1000000000000001, 0.20000000000000004, 0.30000000000000004, 0.4]","[0.4799984800104797, 0.24000043999544013, 0.1600005599965601, 0.12000051999752008]",state_action_local,1,inf,5,0.05
0,295,Maximum-based,1.0,0.04847049801830077,0.04847049801830077,0.06138282910363202,60,E[Agg(Q_xi)] - Agg(E[Q_xi]),True,"[0.1000000000000001, 0.20000000000000004, 0.30000000000000004, 0.4]","[0.4799984800104797, 0.24000043999544013, 0.1600005599965601, 0.12000051999752008]",state_action_local,1,inf,5,0.05
0,300,Maximum-based,1.0,0.04816536388097505,0.04816536388097505,0.0650257905019167,60,E[Agg(Q_xi)] - Agg(E[Q_xi]),True,"[0.1000000000000001, 0.20000000000000004, 0.30000000000000004, 0.4]","[0.4799984800104797, 0.24000043999544013, 0.1600005599965601, 0.12000051999752008]",state_action_local,1,inf,5,0.05
0,305,Maximum-based,1.0,0.048619835634984614,0.048619835634984614,0.06255821252724125,60,E[Agg(Q_xi)] - Agg(E[Q_xi]),True,"[0.1000000000000001, 0.20000000000000004, 0.30000000000000004, 0.4]","[0.4799984800104797, 0.24000043999544013, 0.1600005599965601, 0.12000051999752008]",state_action_local,1,inf,5,0.05
0,310,Maximum-based,1.0,0.04862516836907993,0.04862516836907993,0.06284875173524718,60,E[Agg(Q_xi)] - Agg(E[Q_xi]),True,"[0.1000000000000001, 0.20000000000000004, 0.30000000000000004, 0.4]","[0.4799984800104797, 0.24000043999544013, 0.1600005599965601, 0.12000051999752008]",state_action_local,1,inf,5,0.05
0,315,Maximum-based,1.0,0.04809712703408571,0.04809712703408571,0.06306602819515383,60,E[Agg(Q_xi)] - Agg(E[Q_xi]),True,"[0.1000000000000001, 0.20000000000000004, 0.30000000000000004, 0.4]","[0.4799984800104797, 0.24000043999544013, 0.1600005599965601, 0.12000051999752008]",state_action_local,1,inf,5,0.05
0,320,Maximum-based,1.0,0.04808808954377629,0.04808808954377629,0.06533969788844729,60,E[Agg(Q_xi)] - Agg(E[Q_xi]),True,"[0.1000000000000001, 0.20000000000000004, 0.30000000000000004, 0.4]","[0.4799984800104797, 0.24000043999544013, 0.1600005599965601, 0.12000051999752008]",state_action_local,1,inf,5,0.05
0,325,Maximum-based,1.0,0.04804110253618485,0.04804110253618485,0.06224873115619545,60,E[Agg(Q_xi)] - Agg(E[Q_xi]),True,"[0.1000000000000001, 0.20000000000000004, 0.30000000000000004, 0.4]","[0.4799984800104797, 0.24000043999544013, 0.1600005599965601, 0.12000051999752008]",state_action_local,1,inf,5,0.05
0,330,Maximum-based,1.0,0.04801179371615157,0.04801179371615157,0.06176763148397946,60,E[Agg(Q_xi)] - Agg(E[Q_xi]),True,"[0.1000000000000001, 0.20000000000000004, 0.30000000000000004, 0.4]","[0.4799984800104797, 0.24000043999544013, 0.1600005599965601, 0.12000051999752008]",state_action_local,1,inf,5,0.05
0,335,Maximum-based,1.0,0.048536191971268794,0.048536191971268794,0.061661504157060065,60,E[Agg(Q_xi)] - Agg(E[Q_xi]),True,"[0.1000000000000001, 0.20000000000000004, 0.30000000000000004, 0.4]","[0.4799984800104797, 0.24000043999544013, 0.1600005599965601, 0.12000051999752008]",state_action_local,1,inf,5,0.05
0,340,Maximum-based,1.0,0.04753522971496634,0.04753522971496634,0.061952796478149,60,E[Agg(Q_xi)] - Agg(E[Q_xi]),True,"[0.1000000000000001, 0.20000000000000004, 0.30000000000000004, 0.4]","[0.4799984800104797, 0.24000043999544013, 0.1600005599965601, 0.12000051999752008]",state_action_local,1,inf,5,0.05
0,345,Maximum-based,1.0,0.04804525468616182,0.04804525468616182,0.06021965166300269,60,E[Agg(Q_xi)] - Agg(E[Q_xi]),True,"[0.1000000000000001, 0.20000000000000004, 0.30000000000000004, 0.4]","[0.4799984800104797, 0.24000043999544013, 0.1600005599965601, 0.12000051999752008]",state_action_local,1,inf,5,0.05
0,350,Maximum-based,1.0,0.04778020443206962,0.04778020443206962,0.0602820370066226,60,E[Agg(Q_xi)] - Agg(E[Q_xi]),True,"[0.1000000000000001, 0.20000000000000004, 0.30000000000000004, 0.4]","[0.4799984800104797, 0.24000043999544013, 0.1600005599965601, 0.12000051999752008]",state_action_local,1,inf,5,0.05
0,355,Maximum-based,1.0,0.04826609045767092,0.04826609045767092,0.06215864735568388,60,E[Agg(Q_xi)] - Agg(E[Q_xi]),True,"[0.1000000000000001, 0.20000000000000004, 0.30000000000000004, 0.4]","[0.4799984800104797, 0.24000043999544013, 0.1600005599965601, 0.12000051999752008]",state_action_local,1,inf,5,0.05
0,360,Maximum-based,1.0,0.04738155856748531,0.04738155856748531,0.062187546585885656,60,E[Agg(Q_xi)] - Agg(E[Q_xi]),True,"[0.1000000000000001, 0.20000000000000004, 0.30000000000000004, 0.4]","[0.4799984800104797, 0.24000043999544013, 0.1600005599965601, 0.12000051999752008]",state_action_local,1,inf,5,0.05
0,365,Maximum-based,1.0,0.04772674427393057,0.04772674427393057,0.06061519075913857,60,E[Agg(Q_xi)] - Agg(E[Q_xi]),True,"[0.1000000000000001, 0.20000000000000004, 0.30000000000000004, 0.4]","[0.4799984800104797, 0.24000043999544013, 0.1600005599965601, 0.12000051999752008]",state_action_local,1,inf,5,0.05
0,370,Maximum-based,1.0,0.047216637129689897,0.047216637129689897,0.06141933770136454,60,E[Agg(Q_xi)] - Agg(E[Q_xi]),True,"[0.1000000000000001, 0.20000000000000004, 0.30000000000000004, 0.4]","[0.4799984800104797, 0.24000043999544013, 0.1600005599965601, 0.12000051999752008]",state_action_local,1,inf,5,0.05
0,375,Maximum-based,1.0,0.0481583869451238,0.0481583869451238,0.0626388312371784,60,E[Agg(Q_xi)] - Agg(E[Q_xi]),True,"[0.1000000000000001, 0.20000000000000004, 0.30000000000000004, 0.4]","[0.4799984800104797, 0.24000043999544013, 0.1600005599965601, 0.12000051999752008]",state_action_local,1,inf,5,0.05
0,380,Maximum-based,1.0,0.047673305098604964,0.047673305098604964,0.06151715816200465,60,E[Agg(Q_xi)] - Agg(E[Q_xi]),True,"[0.1000000000000001, 0.20000000000000004, 0.30000000000000004, 0.4]","[0.4799984800104797, 0.24000043999544013, 0.1600005599965601, 0.12000051999752008]",state_action_local,1,inf,5,0.05
0,385,Maximum-based,1.0,0.04810259412763475,0.04810259412763475,0.06482397332661805,60,E[Agg(Q_xi)] - Agg(E[Q_xi]),True,"[0.1000000000000001, 0.20000000000000004, 0.30000000000000004, 0.4]","[0.4799984800104797, 0.24000043999544013, 0.1600005599965601, 0.12000051999752008]",state_action_local,1,inf,5,0.05
0,390,Maximum-based,1.0,0.047546672886864094,0.047546672886864094,0.06387523268261219,60,E[Agg(Q_xi)] - Agg(E[Q_xi]),True,"[0.1000000000000001, 0.20000000000000004, 0.30000000000000004, 0.4]","[0.4799984800104797, 0.24000043999544013, 0.1600005599965601, 0.12000051999752008]",state_action_local,1,inf,5,0.05
0,395,Maximum-based,1.0,0.048182601340621495,0.048182601340621495,0.06395201648677507,60,E[Agg(Q_xi)] - Agg(E[Q_xi]),True,"[0.1000000000000001, 0.20000000000000004, 0.30000000000000004, 0.4]","[0.4799984800104797, 0.24000043999544013, 0.1600005599965601, 0.12000051999752008]",state_action_local,1,inf,5,0.05
0,400,Maximum-based,1.0,0.048183943103108896,0.048183943103108896,0.06173848037362539,60,E[Agg(Q_xi)] - Agg(E[Q_xi]),True,"[0.1000000000000001, 0.20000000000000004, 0.30000000000000004, 0.4]","[0.4799984800104797, 0.24000043999544013, 0.1600005599965601, 0.12000051999752008]",state_action_local,1,inf,5,0.05
0,5,Similarity-aware,1.0,2.399700808434583e-18,1.2894777838094266e-17,1.3877787807814457e-16,60,E[Agg(Q_xi)] - Agg(E[Q_xi]),True,"[0.1000000000000001, 0.20000000000000004, 0.30000000000000004, 0.4]","[0.4799984800104797, 0.24000043999544013, 0.1600005599965601, 0.12000051999752008]",state_action_local,1,inf,5,0.05
0,10,Similarity-aware,1.0,-1.734723475976807e-18,2.8102520310824274e-17,2.7755575615628914e-16,60,E[Agg(Q_xi)] - Agg(E[Q_xi]),True,"[0.1000000000000001, 0.20000000000000004, 0.30000000000000004, 0.4]","[0.4799984800104797, 0.24000043999544013, 0.1600005599965601, 0.12000051999752008]",state_action_local,1,inf,5,0.05
0,15,Similarity-aware,1.0,6.245004513516506e-18,4.533410683886056e-17,4.440892098500626e-16,60,E[Agg(Q_xi)] - Agg(E[Q_xi]),True,"[0.1000000000000001, 0.20000000000000004, 0.30000000000000004, 0.4]","[0.4799984800104797, 0.24000043999544013, 0.1600005599965601, 0.12000051999752008]",state_action_local,1,inf,5,0.05
0,20,Similarity-aware,1.0,1.4340380734741607e-17,6.337523098901935e-17,4.440892098500626e-16,60,E[Agg(Q_xi)] - Agg(E[Q_xi]),True,"[0.1000000000000001, 0.20000000000000004, 0.30000000000000004, 0.4]","[0.4799984800104797, 0.24000043999544013, 0.1600005599965601, 0.12000051999752008]",state_action_local,1,inf,5,0.05
0,25,Similarity-aware,1.0,4.625929269271486e-19,6.29126380620922e-17,5.551115123125783e-16,60,E[Agg(Q_xi)] - Agg(E[Q_xi]),True,"[0.1000000000000001, 0.20000000000000004, 0.30000000000000004, 0.4]","[0.4799984800104797, 0.24000043999544013, 0.1600005599965601, 0.12000051999752008]",state_action_local,1,inf,5,0.05
0,30,Similarity-aware,1.0,3.0068540250264654e-17,1.0547118733938987e-16,6.661338147750939e-16,60,E[Agg(Q_xi)] - Agg(E[Q_xi]),True,"[0.1000000000000001, 0.20000000000000004, 0.30000000000000004, 0.4]","[0.4799984800104797, 0.24000043999544013, 0.1600005599965601, 0.12000051999752008]",state_action_local,1,inf,5,0.05
0,35,Similarity-aware,1.0,-1.3877787807814457e-17,1.0824674490095276e-16,8.881784197001252e-16,60,E[Agg(Q_xi)] - Agg(E[Q_xi]),True,"[0.1000000000000001, 0.20000000000000004, 0.30000000000000004, 0.4]","[0.4799984800104797, 0.24000043999544013, 0.1600005599965601, 0.12000051999752008]",state_action_local,1,inf,5,0.05
0,40,Similarity-aware,1.0,-8.326672684688674e-18,1.1379786002407854e-16,1.1102230246251565e-15,60,E[Agg(Q_xi)] - Agg(E[Q_xi]),True,"[0.1000000000000001, 0.20000000000000004, 0.30000000000000004, 0.4]","[0.4799984800104797, 0.24000043999544013, 0.1600005599965601, 0.12000051999752008]",state_action_local,1,inf,5,0.05
0,45,Similarity-aware,1.0,1.850371707708594e-17,1.4710455076283324e-16,1.1102230246251565e-15,60,E[Agg(Q_xi)] - Agg(E[Q_xi]),True,"[0.1000000000000001, 0.20000000000000004, 0.30000000000000004, 0.4]","[0.4799984800104797, 0.24000043999544013, 0.1600005599965601, 0.12000051999752008]",state_action_local,1,inf,5,0.05
0,50,Similarity-aware,1.0,-6.47630097698008e-18,1.3970306393199886e-16,1.1102230246251565e-15,60,E[Agg(Q_xi)] - Agg(E[Q_xi]),True,"[0.1000000000000001, 0.20000000000000004, 0.30000000000000004, 0.4]","[0.4799984800104797, 0.24000043999544013, 0.1600005599965601, 0.12000051999752008]",state_action_local,1,inf,5,0.05
0,55,Similarity-aware,1.0,-5.551115123125783e-18,1.5358085173981332e-16,1.5543122344752192e-15,60,E[Agg(Q_xi)] - Agg(E[Q_xi]),True,"[0.1000000000000001, 0.20000000000000004, 0.30000000000000004, 0.4]","[0.4799984800104797, 0.24000043999544013, 0.1600005599965601, 0.12000051999752008]",state_action_local,1,inf,5,0.05
0,60,Similarity-aware,1.0,-1.6653345369377347e-17,1.554312234475219e-16,8.881784197001252e-16,60,E[Agg(Q_xi)] - Agg(E[Q_xi]),True,"[0.1000000000000001, 0.20000000000000004, 0.30000000000000004, 0.4]","[0.4799984800104797, 0.24000043999544013, 0.1600005599965601, 0.12000051999752008]",state_action_local,1,inf,5,0.05
0,65,Similarity-aware,1.0,1.1102230246251566e-17,1.9984014443252818e-16,1.7763568394002505e-15,60,E[Agg(Q_xi)] - Agg(E[Q_xi]),True,"[0.1000000000000001, 0.20000000000000004, 0.30000000000000004, 0.4]","[0.4799984800104797, 0.24000043999544013, 0.1600005599965601, 0.12000051999752008]",state_action_local,1,inf,5,0.05
0,70,Similarity-aware,1.0,-7.216449660063518e-17,1.7763568394002506e-16,1.3322676295501878e-15,60,E[Agg(Q_xi)] - Agg(E[Q_xi]),True,"[0.1000000000000001, 0.20000000000000004, 0.30000000000000004, 0.4]","[0.4799984800104797, 0.24000043999544013, 0.1600005599965601, 0.12000051999752008]",state_action_local,1,inf,5,0.05
0,75,Similarity-aware,1.0,-6.106226635438361e-17,2.0724163126336256e-16,1.7763568394002505e-15,60,E[Agg(Q_xi)] - Agg(E[Q_xi]),True,"[0.1000000000000001, 0.20000000000000004, 0.30000000000000004, 0.4]","[0.4799984800104797, 0.24000043999544013, 0.1600005599965601, 0.12000051999752008]",state_action_local,1,inf,5,0.05
0,80,Similarity-aware,1.0,-1.8503717077085942e-18,2.0724163126336256e-16,3.1086244689504383e-15,60,E[Agg(Q_xi)] - Agg(E[Q_xi]),True,"[0.1000000000000001, 0.20000000000000004, 0.30000000000000004, 0.4]","[0.4799984800104797, 0.24000043999544013, 0.1600005599965601, 0.12000051999752008]",state_action_local,1,inf,5,0.05
0,85,Similarity-aware,1.0,-9.251858538542972e-17,2.238949766327399e-16,2.220446049250313e-15,60,E[Agg(Q_xi)] - Agg(E[Q_xi]),True,"[0.1000000000000001, 0.20000000000000004, 0.30000000000000004, 0.4]","[0.4799984800104797, 0.24000043999544013, 0.1600005599965601, 0.12000051999752008]",state_action_local,1,inf,5,0.05
0,90,Similarity-aware,1.0,2.2204460492503132e-17,2.7015426932545474e-16,2.220446049250313e-15,60,E[Agg(Q_xi)] - Agg(E[Q_xi]),True,"[0.1000000000000001, 0.20000000000000004, 0.30000000000000004, 0.4]","[0.4799984800104797, 0.24000043999544013, 0.1600005599965601, 0.12000051999752008]",state_action_local,1,inf,5,0.05
0,95,Similarity-aware,1.0,7.031412489292658e-17,3.293661639721298e-16,1.7763568394002505e-15,60,E[Agg(Q_xi)] - Agg(E[Q_xi]),True,"[0.1000000000000001, 0.20000000000000004, 0.30000000000000004, 0.4]","[0.4799984800104797, 0.24000043999544013, 0.1600005599965601, 0.12000051999752008]",state_action_local,1,inf,5,0.05
0,100,Similarity-aware,1.0,-3.700743415417188e-17,2.997602166487923e-16,1.7763568394002505e-15,60,E[Agg(Q_xi)] - Agg(E[Q_xi]),True,"[0.1000000000000001, 0.20000000000000004, 0.30000000000000004, 0.4]","[0.4799984800104797, 0.24000043999544013, 0.1600005599965601, 0.12000051999752008]",state_action_local,1,inf,5,0.05
0,105,Similarity-aware,1.0,4.4408920985006264e-17,3.515706244646329e-16,2.220446049250313e-15,60,E[Agg(Q_xi)] - Agg(E[Q_xi]),True,"[0.1000000000000001, 0.20000000000000004, 0.30000000000000004, 0.4]","[0.4799984800104797, 0.24000043999544013, 0.1600005599965601, 0.12000051999752008]",state_action_local,1,inf,5,0.05
0,110,Similarity-aware,1.0,2.590520390792032e-17,3.4046839421838136e-16,2.220446049250313e-15,60,E[Agg(Q_xi)] - Agg(E[Q_xi]),True,"[0.1000000000000001, 0.20000000000000004, 0.30000000000000004, 0.4]","[0.4799984800104797, 0.24000043999544013, 0.1600005599965601, 0.12000051999752008]",state_action_local,1,inf,5,0.05
0,115,Similarity-aware,1.0,5.551115123125783e-17,3.515706244646329e-16,2.220446049250313e-15,60,E[Agg(Q_xi)] - Agg(E[Q_xi]),True,"[0.1000000000000001, 0.20000000000000004, 0.30000000000000004, 0.4]","[0.4799984800104797, 0.24000043999544013, 0.1600005599965601, 0.12000051999752008]",state_action_local,1,inf,5,0.05
0,120,Similarity-aware,1.0,-4.070817756958907e-17,2.997602166487923e-16,3.1086244689504383e-15,60,E[Agg(Q_xi)] - Agg(E[Q_xi]),True,"[0.1000000000000001, 0.20000000000000004, 0.30000000000000004, 0.4]","[0.4799984800104797, 0.24000043999544013, 0.1600005599965601, 0.12000051999752008]",state_action_local,1,inf,5,0.05
0,125,Similarity-aware,1.0,1.850371707708594e-17,3.182639337258782e-16,2.220446049250313e-15,60,E[Agg(Q_xi)] - Agg(E[Q_xi]),True,"[0.1000000000000001, 0.20000000000000004, 0.30000000000000004, 0.4]","[0.4799984800104797, 0.24000043999544013, 0.1600005599965601, 0.12000051999752008]",state_action_local,1,inf,5,0.05
0,130,Similarity-aware,1.0,-1.850371707708594e-17,3.3306690738754696e-16,2.220446049250313e-15,60,E[Agg(Q_xi)] - Agg(E[Q_xi]),True,"[0.1000000000000001, 0.20000000000000004, 0.30000000000000004, 0.4]","[0.4799984800104797, 0.24000043999544013, 0.1600005599965601, 0.12000051999752008]",state_action_local,1,inf,5,0.05
0,135,Similarity-aware,1.0,1.295260195396016e-16,4.2928623618839387e-16,3.1086244689504383e-15,60,E[Agg(Q_xi)] - Agg(E[Q_xi]),True,"[0.1000000000000001, 0.20000000000000004, 0.30000000000000004, 0.4]","[0.4799984800104797, 0.24000043999544013, 0.1600005599965601, 0.12000051999752008]",state_action_local,1,inf,5,0.05
0,140,Similarity-aware,1.0,2.960594732333751e-17,3.7377508495713604e-16,3.1086244689504383e-15,60,E[Agg(Q_xi)] - Agg(E[Q_xi]),True,"[0.1000000000000001, 0.20000000000000004, 0.30000000000000004, 0.4]","[0.4799984800104797, 0.24000043999544013, 0.1600005599965601, 0.12000051999752008]",state_action_local,1,inf,5,0.05
0,145,Similarity-aware,1.0,8.141635513917814e-17,4.4038846643464544e-16,2.6645352591003757e-15,60,E[Agg(Q_xi)] - Agg(E[Q_xi]),True,"[0.1000000000000001, 0.20000000000000004, 0.30000000000000004, 0.4]","[0.4799984800104797, 0.24000043999544013, 0.1600005599965601, 0.12000051999752008]",state_action_local,1,inf,5,0.05
0,150,Similarity-aware,1.0,9.992007221626409e-17,4.662936703425658e-16,3.1086244689504383e-15,60,E[Agg(Q_xi)] - Agg(E[Q_xi]),True,"[0.1000000000000001, 0.20000000000000004, 0.30000000000000004, 0.4]","[0.4799984800104797, 0.24000043999544013, 0.1600005599965601, 0.12000051999752008]",state_action_local,1,inf,5,0.05
0,155,Similarity-aware,1.0,6.661338147750939e-17,4.625929269271486e-16,2.6645352591003757e-15,60,E[Agg(Q_xi)] - Agg(E[Q_xi]),True,"[0.1000000000000001, 0.20000000000000004, 0.30000000000000004, 0.4]","[0.4799984800104797, 0.24000043999544013, 0.1600005599965601, 0.12000051999752008]",state_action_local,1,inf,5,0.05
0,160,Similarity-aware,1.0,1.1842378929335003e-16,5.10702591327572e-16,2.6645352591003757e-15,60,E[Agg(Q_xi)] - Agg(E[Q_xi]),True,"[0.1000000000000001, 0.20000000000000004, 0.30000000000000004, 0.4]","[0.4799984800104797, 0.24000043999544013, 0.1600005599965601, 0.12000051999752008]",state_action_local,1,inf,5,0.05
0,165,Similarity-aware,1.0,-1.258252761241844e-16,3.4046839421838136e-16,2.6645352591003757e-15,60,E[Agg(Q_xi)] - Agg(E[Q_xi]),True,"[0.1000000000000001, 0.20000000000000004, 0.30000000000000004, 0.4]","[0.4799984800104797, 0.24000043999544013, 0.1600005599965601, 0.12000051999752008]",state_action_local,1,inf,5,0.05
0,170,Similarity-aware,1.0,-1.4802973661668754e-17,4.958996176659033e-16,3.552713678800501e-15,60,E[Agg(Q_xi)] - Agg(E[Q_xi]),True,"[0.1000000000000001, 0.20000000000000004, 0.30000000000000004, 0.4]","[0.4799984800104797, 0.24000043999544013, 0.1600005599965601, 0.12000051999752008]",state_action_local,1,inf,5,0.05
0,175,Similarity-aware,1.0,-4.4408920985006264e-17,4.588921835117314e-16,3.552713678800501e-15,60,E[Agg(Q_xi)] - Agg(E[Q_xi]),True,"[0.1000000000000001, 0.20000000000000004, 0.30000000000000004, 0.4]","[0.4799984800104797, 0.24000043999544013, 0.1600005599965601, 0.12000051999752008]",state_action_local,1,inf,5,0.05
0,180,Similarity-aware,1.0,-2.220446049250313e-16,4.366877230192282e-16,3.552713678800501e-15,60,E[Agg(Q_xi)] - Agg(E[Q_xi]),True,"[0.1000000000000001, 0.20000000000000004, 0.30000000000000004, 0.4]","[0.4799984800104797, 0.24000043999544013, 0.1600005599965601, 0.12000051999752008]",state_action_local,1,inf,5,0.05
0,185,Similarity-aware,1.0,-1.3322676295501878e-16,4.588921835117314e-16,4.440892098500626e-15,60,E[Agg(Q_xi)] - Agg(E[Q_xi]),True,"[0.1000000000000001, 0.20000000000000004, 0.30000000000000004, 0.4]","[0.4799984800104797, 0.24000043999544013, 0.1600005599965601, 0.12000051999752008]",state_action_local,1,inf,5,0.05
0,190,Similarity-aware,1.0,-1.258252761241844e-16,4.662936703425658e-16,2.6645352591003757e-15,60,E[Agg(Q_xi)] - Agg(E[Q_xi]),True,"[0.1000000000000001, 0.20000000000000004, 0.30000000000000004, 0.4]","[0.4799984800104797, 0.24000043999544013, 0.1600005599965601, 0.12000051999752008]",state_action_local,1,inf,5,0.05
0,195,Similarity-aware,1.0,-1.7763568394002506e-16,3.7007434154171886e-16,3.552713678800501e-15,60,E[Agg(Q_xi)] - Agg(E[Q_xi]),True,"[0.1000000000000001, 0.20000000000000004, 0.30000000000000004, 0.4]","[0.4799984800104797, 0.24000043999544013, 0.1600005599965601, 0.12000051999752008]",state_action_local,1,inf,5,0.05
0,200,Similarity-aware,1.0,-3.108624468950438e-16,3.848773152033876e-16,4.440892098500626e-15,60,E[Agg(Q_xi)] - Agg(E[Q_xi]),True,"[0.1000000000000001, 0.20000000000000004, 0.30000000000000004, 0.4]","[0.4799984800104797, 0.24000043999544013, 0.1600005599965601, 0.12000051999752008]",state_action_local,1,inf,5,0.05
0,205,Similarity-aware,1.0,2.2204460492503132e-17,5.477100254817439e-16,4.440892098500626e-15,60,E[Agg(Q_xi)] - Agg(E[Q_xi]),True,"[0.1000000000000001, 0.20000000000000004, 0.30000000000000004, 0.4]","[0.4799984800104797, 0.24000043999544013, 0.1600005599965601, 0.12000051999752008]",state_action_local,1,inf,5,0.05
0,210,Similarity-aware,1.0,1.9984014443252818e-16,6.957397620984314e-16,4.440892098500626e-15,60,E[Agg(Q_xi)] - Agg(E[Q_xi]),True,"[0.1000000000000001, 0.20000000000000004, 0.30000000000000004, 0.4]","[0.4799984800104797, 0.24000043999544013, 0.1600005599965601, 0.12000051999752008]",state_action_local,1,inf,5,0.05
0,215,Similarity-aware,1.0,-1.258252761241844e-16,6.143234069592533e-16,4.440892098500626e-15,60,E[Agg(Q_xi)] - Agg(E[Q_xi]),True,"[0.1000000000000001, 0.20000000000000004, 0.30000000000000004, 0.4]","[0.4799984800104797, 0.24000043999544013, 0.1600005599965601, 0.12000051999752008]",state_action_local,1,inf,5,0.05
0,220,Similarity-aware,1.0,8.141635513917814e-17,6.069219201284189e-16,4.440892098500626e-15,60,E[Agg(Q_xi)] - Agg(E[Q_xi]),True,"[0.1000000000000001, 0.20000000000000004, 0.30000000000000004, 0.4]","[0.4799984800104797, 0.24000043999544013, 0.1600005599965601, 0.12000051999752008]",state_action_local,1,inf,5,0.05
0,225,Similarity-aware,1.0,2.0724163126336256e-16,7.401486830834377e-16,4.440892098500626e-15,60,E[Agg(Q_xi)] - Agg(E[Q_xi]),True,"[0.1000000000000001, 0.20000000000000004, 0.30000000000000004, 0.4]","[0.4799984800104797, 0.24000043999544013, 0.1600005599965601, 0.12000051999752008]",state_action_local,1,inf,5,0.05
0,230,Similarity-aware,1.0,1.4062824978585316e-16,7.105427357601002e-16,4.440892098500626e-15,60,E[Agg(Q_xi)] - Agg(E[Q_xi]),True,"[0.1000000000000001, 0.20000000000000004, 0.30000000000000004, 0.4]","[0.4799984800104797, 0.24000043999544013, 0.1600005599965601, 0.12000051999752008]",state_action_local,1,inf,5,0.05
0,235,Similarity-aware,1.0,5.181040781584064e-17,7.327471962526033e-16,4.440892098500626e-15,60,E[Agg(Q_xi)] - Agg(E[Q_xi]),True,"[0.1000000000000001, 0.20000000000000004, 0.30000000000000004, 0.4]","[0.4799984800104797, 0.24000043999544013, 0.1600005599965601, 0.12000051999752008]",state_action_local,1,inf,5,0.05
0,240,Similarity-aware,1.0,-7.401486830834377e-17,5.625129991434126e-16,4.440892098500626e-15,60,E[Agg(Q_xi)] - Agg(E[Q_xi]),True,"[0.1000000000000001, 0.20000000000000004, 0.30000000000000004, 0.4]","[0.4799984800104797, 0.24000043999544013, 0.1600005599965601, 0.12000051999752008]",state_action_local,1,inf,5,0.05
0,245,Similarity-aware,1.0,7.401486830834377e-17,6.069219201284189e-16,3.552713678800501e-15,60,E[Agg(Q_xi)] - Agg(E[Q_xi]),True,"[0.1000000000000001, 0.20000000000000004, 0.30000000000000004, 0.4]","[0.4799984800104797, 0.24000043999544013, 0.1600005599965601, 0.12000051999752008]",state_action_local,1,inf,5,0.05
0,250,Similarity-aware,1.0,1.7763568394002506e-16,7.771561172376096e-16,4.440892098500626e-15,60,E[Agg(Q_xi)] - Agg(E[Q_xi]),True,"[0.1000000000000001, 0.20000000000000004, 0.30000000000000004, 0.4]","[0.4799984800104797, 0.24000043999544013, 0.1600005599965601, 0.12000051999752008]",state_action_local,1,inf,5,0.05
0,255,Similarity-aware,1.0,1.9984014443252818e-16,7.771561172376096e-16,5.329070518200751e-15,60,E[Agg(Q_xi)] - Agg(E[Q_xi]),True,"[0.1000000000000001, 0.20000000000000004, 0.30000000000000004, 0.4]","[0.4799984800104797, 0.24000043999544013, 0.1600005599965601, 0.12000051999752008]",state_action_local,1,inf,5,0.05
0,260,Similarity-aware,1.0,2.960594732333751e-17,8.067620645609471e-16,5.329070518200751e-15,60,E[Agg(Q_xi)] - Agg(E[Q_xi]),True,"[0.1000000000000001, 0.20000000000000004, 0.30000000000000004, 0.4]","[0.4799984800104797, 0.24000043999544013, 0.1600005599965601, 0.12000051999752008]",state_action_local,1,inf,5,0.05
0,265,Similarity-aware,1.0,-1.7763568394002506e-16,6.365278674517564e-16,5.329070518200751e-15,60,E[Agg(Q_xi)] - Agg(E[Q_xi]),True,"[0.1000000000000001, 0.20000000000000004, 0.30000000000000004, 0.4]","[0.4799984800104797, 0.24000043999544013, 0.1600005599965601, 0.12000051999752008]",state_action_local,1,inf,5,0.05
0,270,Similarity-aware,1.0,-1.4802973661668753e-16,6.513308411134251e-16,5.329070518200751e-15,60,E[Agg(Q_xi)] - Agg(E[Q_xi]),True,"[0.1000000000000001, 0.20000000000000004, 0.30000000000000004, 0.4]","[0.4799984800104797, 0.24000043999544013, 0.1600005599965601, 0.12000051999752008]",state_action_local,1,inf,5,0.05
0,275,Similarity-aware,1.0,1.4802973661668754e-17,5.921189464667501e-16,4.440892098500626e-15,60,E[Agg(Q_xi)] - Agg(E[Q_xi]),True,"[0.1000000000000001, 0.20000000000000004, 0.30000000000000004, 0.4]","[0.4799984800104797, 0.24000043999544013, 0.1600005599965601, 0.12000051999752008]",state_action_local,1,inf,5,0.05
0,280,Similarity-aware,1.0,-8.881784197001253e-17,6.809367884367627e-16,6.217248937900877e-15,60,E[Agg(Q_xi)] - Agg(E[Q_xi]),True,"[0.1000000000000001, 0.20000000000000004, 0.30000000000000004, 0.4]","[0.4799984800104797, 0.24000043999544013, 0.1600005599965601, 0.12000051999752008]",state_action_local,1,inf,5,0.05
0,285,Similarity-aware,1.0,-3.2566542055671256e-16,5.10702591327572e-16,4.440892098500626e-15,60,E[Agg(Q_xi)] - Agg(E[Q_xi]),True,"[0.1000000000000001, 0.20000000000000004, 0.30000000000000004, 0.4]","[0.4799984800104797, 0.24000043999544013, 0.1600005599965601, 0.12000051999752008]",state_action_local,1,inf,5,0.05
0,290,Similarity-aware,1.0,2.0724163126336256e-16,7.475501699142721e-16,5.329070518200751e-15,60,E[Agg(Q_xi)] - Agg(E[Q_xi]),True,"[0.1000000000000001, 0.20000000000000004, 0.30000000000000004, 0.4]","[0.4799984800104797, 0.24000043999544013, 0.1600005599965601, 0.12000051999752008]",state_action_local,1,inf,5,0.05
0,295,Similarity-aware,1.0,1.8503717077085943e-16,7.845576040684439e-16,4.440892098500626e-15,60,E[Agg(Q_xi)] - Agg(E[Q_xi]),True,"[0.1000000000000001, 0.20000000000000004, 0.30000000000000004, 0.4]","[0.4799984800104797, 0.24000043999544013, 0.1600005599965601, 0.12000051999752008]",state_action_local,1,inf,5,0.05
0,300,Similarity-aware,1.0,-8.141635513917814e-17,6.069219201284189e-16,3.552713678800501e-15,60,E[Agg(Q_xi)] - Agg(E[Q_xi]),True,"[0.1000000000000001, 0.20000000000000004, 0.30000000000000004, 0.4]","[0.4799984800104797, 0.24000043999544013, 0.1600005599965601, 0.12000051999752008]",state_action_local,1,inf,5,0.05
0,305,Similarity-aware,1.0,2.1464311809419693e-16,8.585724723767877e-16,5.329070518200751e-15,60,E[Agg(Q_xi)] - Agg(E[Q_xi]),True,"[0.1000000000000001, 0.20000000000000004, 0.30000000000000004, 0.4]","[0.4799984800104797, 0.24000043999544013, 0.1600005599965601, 0.12000051999752008]",state_action_local,1,inf,5,0.05
0,310,Similarity-aware,1.0,2.960594732333751e-17,7.845576040684439e-16,4.440892098500626e-15,60,E[Agg(Q_xi)] - Agg(E[Q_xi]),True,"[0.1000000000000001, 0.20000000000000004, 0.30000000000000004, 0.4]","[0.4799984800104797, 0.24000043999544013, 0.1600005599965601, 0.12000051999752008]",state_action_local,1,inf,5,0.05
0,315,Similarity-aware,1.0,-1.3322676295501878e-16,6.291263806209221e-16,4.440892098500626e-15,60,E[Agg(Q_xi)] - Agg(E[Q_xi]),True,"[0.1000000000000001, 0.20000000000000004, 0.30000000000000004, 0.4]","[0.4799984800104797, 0.24000043999544013, 0.1600005599965601, 0.12000051999752008]",state_action_local,1,inf,5,0.05
0,320,Similarity-aware,1.0,-3.700743415417188e-17,6.587323279442596e-16,5.329070518200751e-15,60,E[Agg(Q_xi)] - Agg(E[Q_xi]),True,"[0.1000000000000001, 0.20000000000000004, 0.30000000000000004, 0.4]","[0.4799984800104797, 0.24000043999544013, 0.1600005599965601, 0.12000051999752008]",state_action_local,1,inf,5,0.05
0,325,Similarity-aware,1.0,-8.881784197001253e-17,7.327471962526033e-16,4.440892098500626e-15,60,E[Agg(Q_xi)] - Agg(E[Q_xi]),True,"[0.1000000000000001, 0.20000000000000004, 0.30000000000000004, 0.4]","[0.4799984800104797, 0.24000043999544013, 0.1600005599965601, 0.12000051999752008]",state_action_local,1,inf,5,0.05
0,330,Similarity-aware,1.0,2.590520390792032e-16,8.067620645609471e-16,5.329070518200751e-15,60,E[Agg(Q_xi)] - Agg(E[Q_xi]),True,"[0.1000000000000001, 0.20000000000000004, 0.30000000000000004, 0.4]","[0.4799984800104797, 0.24000043999544013, 0.1600005599965601, 0.12000051999752008]",state_action_local,1,inf,5,0.05
0,335,Similarity-aware,1.0,-1.7763568394002506e-16,5.699144859742471e-16,5.329070518200751e-15,60,E[Agg(Q_xi)] - Agg(E[Q_xi]),True,"[0.1000000000000001, 0.20000000000000004, 0.30000000000000004, 0.4]","[0.4799984800104797, 0.24000043999544013, 0.1600005599965601, 0.12000051999752008]",state_action_local,1,inf,5,0.05
0,340,Similarity-aware,1.0,1.8503717077085943e-16,8.955799065309596e-16,5.329070518200751e-15,60,E[Agg(Q_xi)] - Agg(E[Q_xi]),True,"[0.1000000000000001, 0.20000000000000004, 0.30000000000000004, 0.4]","[0.4799984800104797, 0.24000043999544013, 0.1600005599965601, 0.12000051999752008]",state_action_local,1,inf,5,0.05
0,345,Similarity-aware,1.0,-2.1464311809419693e-16,5.995204332975846e-16,4.440892098500626e-15,60,E[Agg(Q_xi)] - Agg(E[Q_xi]),True,"[0.1000000000000001, 0.20000000000000004, 0.30000000000000004, 0.4]","[0.4799984800104797, 0.24000043999544013, 0.1600005599965601, 0.12000051999752008]",state_action_local,1,inf,5,0.05
0,350,Similarity-aware,1.0,-2.0724163126336256e-16,5.255055649892408e-16,5.329070518200751e-15,60,E[Agg(Q_xi)] - Agg(E[Q_xi]),True,"[0.1000000000000001, 0.20000000000000004, 0.30000000000000004, 0.4]","[0.4799984800104797, 0.24000043999544013, 0.1600005599965601, 0.12000051999752008]",state_action_local,1,inf,5,0.05
0,355,Similarity-aware,1.0,1.1102230246251565e-16,7.993605777301127e-16,5.329070518200751e-15,60,E[Agg(Q_xi)] - Agg(E[Q_xi]),True,"[0.1000000000000001, 0.20000000000000004, 0.30000000000000004, 0.4]","[0.4799984800104797, 0.24000043999544013, 0.1600005599965601, 0.12000051999752008]",state_action_local,1,inf,5,0.05
0,360,Similarity-aware,1.0,-1.6283271027835628e-16,6.439293542825908e-16,4.440892098500626e-15,60,E[Agg(Q_xi)] - Agg(E[Q_xi]),True,"[0.1000000000000001, 0.20000000000000004, 0.30000000000000004, 0.4]","[0.4799984800104797, 0.24000043999544013, 0.1600005599965601, 0.12000051999752008]",state_action_local,1,inf,5,0.05
0,365,Similarity-aware,1.0,1.1842378929335003e-16,8.733754460384564e-16,5.329070518200751e-15,60,E[Agg(Q_xi)] - Agg(E[Q_xi]),True,"[0.1000000000000001, 0.20000000000000004, 0.30000000000000004, 0.4]","[0.4799984800104797, 0.24000043999544013, 0.1600005599965601, 0.12000051999752008]",state_action_local,1,inf,5,0.05
0,370,Similarity-aware,1.0,1.4062824978585316e-16,8.733754460384564e-16,5.329070518200751e-15,60,E[Agg(Q_xi)] - Agg(E[Q_xi]),True,"[0.1000000000000001, 0.20000000000000004, 0.30000000000000004, 0.4]","[0.4799984800104797, 0.24000043999544013, 0.1600005599965601, 0.12000051999752008]",state_action_local,1,inf,5,0.05
0,375,Similarity-aware,1.0,2.590520390792032e-16,9.177843670234628e-16,7.105427357601002e-15,60,E[Agg(Q_xi)] - Agg(E[Q_xi]),True,"[0.1000000000000001, 0.20000000000000004, 0.30000000000000004, 0.4]","[0.4799984800104797, 0.24000043999544013, 0.1600005599965601, 0.12000051999752008]",state_action_local,1,inf,5,0.05
0,380,Similarity-aware,1.0,-6.661338147750939e-17,7.623531435759408e-16,5.329070518200751e-15,60,E[Agg(Q_xi)] - Agg(E[Q_xi]),True,"[0.1000000000000001, 0.20000000000000004, 0.30000000000000004, 0.4]","[0.4799984800104797, 0.24000043999544013, 0.1600005599965601, 0.12000051999752008]",state_action_local,1,inf,5,0.05
0,385,Similarity-aware,1.0,-1.554312234475219e-16,7.105427357601002e-16,5.329070518200751e-15,60,E[Agg(Q_xi)] - Agg(E[Q_xi]),True,"[0.1000000000000001, 0.20000000000000004, 0.30000000000000004, 0.4]","[0.4799984800104797, 0.24000043999544013, 0.1600005599965601, 0.12000051999752008]",state_action_local,1,inf,5,0.05
0,390,Similarity-aware,1.0,-5.181040781584064e-17,7.919590908992784e-16,5.329070518200751e-15,60,E[Agg(Q_xi)] - Agg(E[Q_xi]),True,"[0.1000000000000001, 0.20000000000000004, 0.30000000000000004, 0.4]","[0.4799984800104797, 0.24000043999544013, 0.1600005599965601, 0.12000051999752008]",state_action_local,1,inf,5,0.05
0,395,Similarity-aware,1.0,2.516505522483688e-16,8.881784197001252e-16,5.329070518200751e-15,60,E[Agg(Q_xi)] - Agg(E[Q_xi]),True,"[0.1000000000000001, 0.20000000000000004, 0.30000000000000004, 0.4]","[0.4799984800104797, 0.24000043999544013, 0.1600005599965601, 0.12000051999752008]",state_action_local,1,inf,5,0.05
0,400,Similarity-aware,1.0,-5.921189464667501e-17,8.141635513917814e-16,5.329070518200751e-15,60,E[Agg(Q_xi)] - Agg(E[Q_xi]),True,"[0.1000000000000001, 0.20000000000000004, 0.30000000000000004, 0.4]","[0.4799984800104797, 0.24000043999544013, 0.1600005599965601, 0.12000051999752008]",state_action_local,1,inf,5,0.05
1,5,Maximum-based,1.0,0.057994726070829915,0.057994726070829915,0.06829331809129646,60,E[Agg(Q_xi)] - Agg(E[Q_xi]),True,"[0.10000000000000009, 0.20000000000000004, 0.3, 0.4]","[0.4799984800104797, 0.2400004399954401, 0.1600005599965601, 0.12000051999752007]",state_action_local,1,inf,5,0.05
1,10,Maximum-based,1.0,0.05656555296542633,0.05656555296542633,0.06868276829257658,60,E[Agg(Q_xi)] - Agg(E[Q_xi]),True,"[0.10000000000000009, 0.20000000000000004, 0.3, 0.4]","[0.4799984800104797, 0.2400004399954401, 0.1600005599965601, 0.12000051999752007]",state_action_local,1,inf,5,0.05
1,15,Maximum-based,1.0,0.054683122759349924,0.054683122759349924,0.07243353433256672,60,E[Agg(Q_xi)] - Agg(E[Q_xi]),True,"[0.10000000000000009, 0.20000000000000004, 0.3, 0.4]","[0.4799984800104797, 0.2400004399954401, 0.1600005599965601, 0.12000051999752007]",state_action_local,1,inf,5,0.05
1,20,Maximum-based,1.0,0.05393443067610101,0.05393443067610101,0.06907644632454168,60,E[Agg(Q_xi)] - Agg(E[Q_xi]),True,"[0.10000000000000009, 0.20000000000000004, 0.3, 0.4]","[0.4799984800104797, 0.2400004399954401, 0.1600005599965601, 0.12000051999752007]",state_action_local,1,inf,5,0.05
1,25,Maximum-based,1.0,0.052600467883281474,0.052600467883281474,0.06739391263310779,60,E[Agg(Q_xi)] - Agg(E[Q_xi]),True,"[0.10000000000000009, 0.20000000000000004, 0.3, 0.4]","[0.4799984800104797, 0.2400004399954401, 0.1600005599965601, 0.12000051999752007]",state_action_local,1,inf,5,0.05
1,30,Maximum-based,1.0,0.051527510496809974,0.051527510496809974,0.06689545981832523,60,E[Agg(Q_xi)] - Agg(E[Q_xi]),True,"[0.10000000000000009, 0.20000000000000004, 0.3, 0.4]","[0.4799984800104797, 0.2400004399954401, 0.1600005599965601, 0.12000051999752007]",state_action_local,1,inf,5,0.05
1,35,Maximum-based,1.0,0.05160580912677791,0.05160580912677791,0.06839655469313088,60,E[Agg(Q_xi)] - Agg(E[Q_xi]),True,"[0.10000000000000009, 0.20000000000000004, 0.3, 0.4]","[0.4799984800104797, 0.2400004399954401, 0.1600005599965601, 0.12000051999752007]",state_action_local,1,inf,5,0.05
1,40,Maximum-based,1.0,0.05081226672712703,0.05081226672712703,0.06624855014122999,60,E[Agg(Q_xi)] - Agg(E[Q_xi]),True,"[0.10000000000000009, 0.20000000000000004, 0.3, 0.4]","[0.4799984800104797, 0.2400004399954401, 0.1600005599965601, 0.12000051999752007]",state_action_local,1,inf,5,0.05
1,45,Maximum-based,1.0,0.050959783011546106,0.050959783011546106,0.0725023985104265,60,E[Agg(Q_xi)] - Agg(E[Q_xi]),True,"[0.10000000000000009, 0.20000000000000004, 0.3, 0.4]","[0.4799984800104797, 0.2400004399954401, 0.1600005599965601, 0.12000051999752007]",state_action_local,1,inf,5,0.05
1,50,Maximum-based,1.0,0.05005826634428848,0.05005826634428848,0.06548330076200015,60,E[Agg(Q_xi)] - Agg(E[Q_xi]),True,"[0.10000000000000009, 0.20000000000000004, 0.3, 0.4]","[0.4799984800104797, 0.2400004399954401, 0.1600005599965601, 0.12000051999752007]",state_action_local,1,inf,5,0.05
1,55,Maximum-based,1.0,0.050301225628249686,0.050301225628249686,0.06642479561075354,60,E[Agg(Q_xi)] - Agg(E[Q_xi]),True,"[0.10000000000000009, 0.20000000000000004, 0.3, 0.4]","[0.4799984800104797, 0.2400004399954401, 0.1600005599965601, 0.12000051999752007]",state_action_local,1,inf,5,0.05
1,60,Maximum-based,1.0,0.05043741298163841,0.05043741298163841,0.0656915801081781,60,E[Agg(Q_xi)] - Agg(E[Q_xi]),True,"[0.10000000000000009, 0.20000000000000004, 0.3, 0.4]","[0.4799984800104797, 0.2400004399954401, 0.1600005599965601, 0.12000051999752007]",state_action_local,1,inf,5,0.05
1,65,Maximum-based,1.0,0.0500987774399427,0.0500987774399427,0.06445811702293458,60,E[Agg(Q_xi)] - Agg(E[Q_xi]),True,"[0.10000000000000009, 0.20000000000000004, 0.3, 0.4]","[0.4799984800104797, 0.2400004399954401, 0.1600005599965601, 0.12000051999752007]",state_action_local,1,inf,5,0.05
1,70,Maximum-based,1.0,0.04976582698439401,0.04976582698439401,0.06461919321394838,60,E[Agg(Q_xi)] - Agg(E[Q_xi]),True,"[0.10000000000000009, 0.20000000000000004, 0.3, 0.4]","[0.4799984800104797, 0.2400004399954401, 0.1600005599965601, 0.12000051999752007]",state_action_local,1,inf,5,0.05
1,75,Maximum-based,1.0,0.049952254974496554,0.049952254974496554,0.06415293391665822,60,E[Agg(Q_xi)] - Agg(E[Q_xi]),True,"[0.10000000000000009, 0.20000000000000004, 0.3, 0.4]","[0.4799984800104797, 0.2400004399954401, 0.1600005599965601, 0.12000051999752007]",state_action_local,1,inf,5,0.05
1,80,Maximum-based,1.0,0.049553850622324314,0.049553850622324314,0.06551506243668781,60,E[Agg(Q_xi)] - Agg(E[Q_xi]),True,"[0.10000000000000009, 0.20000000000000004, 0.3, 0.4]","[0.4799984800104797, 0.2400004399954401, 0.1600005599965601, 0.12000051999752007]",state_action_local,1,inf,5,0.05
1,85,Maximum-based,1.0,0.049417350784067955,0.049417350784067955,0.06084027086536725,60,E[Agg(Q_xi)] - Agg(E[Q_xi]),True,"[0.10000000000000009, 0.20000000000000004, 0.3, 0.4]","[0.4799984800104797, 0.2400004399954401, 0.1600005599965601, 0.12000051999752007]",state_action_local,1,inf,5,0.05
1,90,Maximum-based,1.0,0.049200276128664525,0.049200276128664525,0.062048454346195214,60,E[Agg(Q_xi)] - Agg(E[Q_xi]),True,"[0.10000000000000009, 0.20000000000000004, 0.3, 0.4]","[0.4799984800104797, 0.2400004399954401, 0.1600005599965601, 0.12000051999752007]",state_action_local,1,inf,5,0.05
1,95,Maximum-based,1.0,0.04976382672801811,0.04976382672801811,0.06392899398107055,60,E[Agg(Q_xi)] - Agg(E[Q_xi]),True,"[0.10000000000000009, 0.20000000000000004, 0.3, 0.4]","[0.4799984800104797, 0.2400004399954401, 0.1600005599965601, 0.12000051999752007]",state_action_local,1,inf,5,0.05
1,100,Maximum-based,1.0,0.048858828358096885,0.048858828358096885,0.06154580417552591,60,E[Agg(Q_xi)] - Agg(E[Q_xi]),True,"[0.10000000000000009, 0.20000000000000004, 0.3, 0.4]","[0.4799984800104797, 0.2400004399954401, 0.1600005599965601, 0.12000051999752007]",state_action_local,1,inf,5,0.05
1,105,Maximum-based,1.0,0.048940288289518005,0.048940288289518005,0.060541925736226965,60,E[Agg(Q_xi)] - Agg(E[Q_xi]),True,"[0.10000000000000009, 0.20000000000000004, 0.3, 0.4]","[0.4799984800104797, 0.2400004399954401, 0.1600005599965601, 0.12000051999752007]",state_action_local,1,inf,5,0.05
1,110,Maximum-based,1.0,0.049208891792609406,0.049208891792609406,0.06265510861300427,60,E[Agg(Q_xi)] - Agg(E[Q_xi]),True,"[0.10000000000000009, 0.20000000000000004, 0.3, 0.4]","[0.4799984800104797, 0.2400004399954401, 0.1600005599965601, 0.12000051999752007]",state_action_local,1,inf,5,0.05
1,115,Maximum-based,1.0,0.04901653044777565,0.04901653044777565,0.06166880865384172,60,E[Agg(Q_xi)] - Agg(E[Q_xi]),True,"[0.10000000000000009, 0.20000000000000004, 0.3, 0.4]","[0.4799984800104797, 0.2400004399954401, 0.1600005599965601, 0.12000051999752007]",state_action_local,1,inf,5,0.05
1,120,Maximum-based,1.0,0.04927533585282359,0.04927533585282359,0.06234452780981492,60,E[Agg(Q_xi)] - Agg(E[Q_xi]),True,"[0.10000000000000009, 0.20000000000000004, 0.3, 0.4]","[0.4799984800104797, 0.2400004399954401, 0.1600005599965601, 0.12000051999752007]",state_action_local,1,inf,5,0.05
1,125,Maximum-based,1.0,0.049402717515489046,0.049402717515489046,0.05946770662484724,60,E[Agg(Q_xi)] - Agg(E[Q_xi]),True,"[0.10000000000000009, 0.20000000000000004, 0.3, 0.4]","[0.4799984800104797, 0.2400004399954401, 0.1600005599965601, 0.12000051999752007]",state_action_local,1,inf,5,0.05
1,130,Maximum-based,1.0,0.049559739980927685,0.049559739980927685,0.06701251793778074,60,E[Agg(Q_xi)] - Agg(E[Q_xi]),True,"[0.10000000000000009, 0.20000000000000004, 0.3, 0.4]","[0.4799984800104797, 0.2400004399954401, 0.1600005599965601, 0.12000051999752007]",state_action_local,1,inf,5,0.05
1,135,Maximum-based,1.0,0.04854871102528179,0.04854871102528179,0.069694165985136,60,E[Agg(Q_xi)] - Agg(E[Q_xi]),True,"[0.10000000000000009, 0.20000000000000004, 0.3, 0.4]","[0.4799984800104797, 0.2400004399954401, 0.1600005599965601, 0.12000051999752007]",state_action_local,1,inf,5,0.05
1,140,Maximum-based,1.0,0.04906454454214138,0.04906454454214138,0.06314265954679144,60,E[Agg(Q_xi)] - Agg(E[Q_xi]),True,"[0.10000000000000009, 0.20000000000000004, 0.3, 0.4]","[0.4799984800104797, 0.2400004399954401, 0.1600005599965601, 0.12000051999752007]",state_action_local,1,inf,5,0.05
1,145,Maximum-based,1.0,0.04924349660378609,0.04924349660378609,0.05988698973892337,60,E[Agg(Q_xi)] - Agg(E[Q_xi]),True,"[0.10000000000000009, 0.20000000000000004, 0.3, 0.4]","[0.4799984800104797, 0.2400004399954401, 0.1600005599965601, 0.12000051999752007]",state_action_local,1,inf,5,0.05
1,150,Maximum-based,1.0,0.04843773020781447,0.04843773020781447,0.06254203010996928,60,E[Agg(Q_xi)] - Agg(E[Q_xi]),True,"[0.10000000000000009, 0.20000000000000004, 0.3, 0.4]","[0.4799984800104797, 0.2400004399954401, 0.1600005599965601, 0.12000051999752007]",state_action_local,1,inf,5,0.05
1,155,Maximum-based,1.0,0.04944658559169671,0.04944658559169671,0.06819956741130895,60,E[Agg(Q_xi)] - Agg(E[Q_xi]),True,"[0.10000000000000009, 0.20000000000000004, 0.3, 0.4]","[0.4799984800104797, 0.2400004399954401, 0.1600005599965601, 0.12000051999752007]",state_action_local,1,inf,5,0.05
1,160,Maximum-based,1.0,0.04941884554946416,0.04941884554946416,0.06490922729526627,60,E[Agg(Q_xi)] - Agg(E[Q_xi]),True,"[0.10000000000000009, 0.20000000000000004, 0.3, 0.4]","[0.4799984800104797, 0.2400004399954401, 0.1600005599965601, 0.12000051999752007]",state_action_local,1,inf,5,0.05
1,165,Maximum-based,1.0,0.04924575746079039,0.04924575746079039,0.06363766866125964,60,E[Agg(Q_xi)] - Agg(E[Q_xi]),True,"[0.10000000000000009, 0.20000000000000004, 0.3, 0.4]","[0.4799984800104797, 0.2400004399954401, 0.1600005599965601, 0.12000051999752007]",state_action_local,1,inf,5,0.05
1,170,Maximum-based,1.0,0.049575209628259856,0.049575209628259856,0.06467054847108766,60,E[Agg(Q_xi)] - Agg(E[Q_xi]),True,"[0.10000000000000009, 0.20000000000000004, 0.3, 0.4]","[0.4799984800104797, 0.2400004399954401, 0.1600005599965601, 0.12000051999752007]",state_action_local,1,inf,5,0.05
1,175,Maximum-based,1.0,0.048417737344465896,0.048417737344465896,0.0624674746869287,60,E[Agg(Q_xi)] - Agg(E[Q_xi]),True,"[0.10000000000000009, 0.20000000000000004, 0.3, 0.4]","[0.4799984800104797, 0.2400004399954401, 0.1600005599965601, 0.12000051999752007]",state_action_local,1,inf,5,0.05
1,180,Maximum-based,1.0,0.049498683055480705,0.049498683055480705,0.06513445918850991,60,E[Agg(Q_xi)] - Agg(E[Q_xi]),True,"[0.10000000000000009, 0.20000000000000004, 0.3, 0.4]","[0.4799984800104797, 0.2400004399954401, 0.1600005599965601, 0.12000051999752007]",state_action_local,1,inf,5,0.05
1,185,Maximum-based,1.0,0.049572890036353824,0.049572890036353824,0.06193725242918191,60,E[Agg(Q_xi)] - Agg(E[Q_xi]),True,"[0.10000000000000009, 0.20000000000000004, 0.3, 0.4]","[0.4799984800104797, 0.2400004399954401, 0.1600005599965601, 0.12000051999752007]",state_action_local,1,inf,5,0.05
1,190,Maximum-based,1.0,0.04965895523046907,0.04965895523046907,0.06185448162642171,60,E[Agg(Q_xi)] - Agg(E[Q_xi]),True,"[0.10000000000000009, 0.20000000000000004, 0.3, 0.4]","[0.4799984800104797, 0.2400004399954401, 0.1600005599965601, 0.12000051999752007]",state_action_local,1,inf,5,0.05
1,195,Maximum-based,1.0,0.049098735123284325,0.049098735123284325,0.060909138342569946,60,E[Agg(Q_xi)] - Agg(E[Q_xi]),True,"[0.10000000000000009, 0.20000000000000004, 0.3, 0.4]","[0.4799984800104797, 0.2400004399954401, 0.1600005599965601, 0.12000051999752007]",state_action_local,1,inf,5,0.05
1,200,Maximum-based,1.0,0.04926398711233362,0.04926398711233362,0.06308992371000155,60,E[Agg(Q_xi)] - Agg(E[Q_xi]),True,"[0.10000000000000009, 0.20000000000000004, 0.3, 0.4]","[0.4799984800104797, 0.2400004399954401, 0.1600005599965601, 0.12000051999752007]",state_action_local,1,inf,5,0.05
1,205,Maximum-based,1.0,0.04941460839822054,0.04941460839822054,0.06340720536761335,60,E[Agg(Q_xi)] - Agg(E[Q_xi]),True,"[0.10000000000000009, 0.20000000000000004, 0.3, 0.4]","[0.4799984800104797, 0.2400004399954401, 0.1600005599965601, 0.12000051999752007]",state_action_local,1,inf,5,0.05
1,210,Maximum-based,1.0,0.04885370666465946,0.04885370666465946,0.06411611295999986,60,E[Agg(Q_xi)] - Agg(E[Q_xi]),True,"[0.10000000000000009, 0.20000000000000004, 0.3, 0.4]","[0.4799984800104797, 0.2400004399954401, 0.1600005599965601, 0.12000051999752007]",state_action_local,1,inf,5,0.05
1,215,Maximum-based,1.0,0.04927414678075026,0.04927414678075026,0.06439643090487479,60,E[Agg(Q_xi)] - Agg(E[Q_xi]),True,"[0.10000000000000009, 0.20000000000000004, 0.3, 0.4]","[0.4799984800104797, 0.2400004399954401, 0.1600005599965601, 0.12000051999752007]",state_action_local,1,inf,5,0.05
1,220,Maximum-based,1.0,0.049653508161427065,0.049653508161427065,0.06325755795438148,60,E[Agg(Q_xi)] - Agg(E[Q_xi]),True,"[0.10000000000000009, 0.20000000000000004, 0.3, 0.4]","[0.4799984800104797, 0.2400004399954401, 0.1600005599965601, 0.12000051999752007]",state_action_local,1,inf,5,0.05
1,225,Maximum-based,1.0,0.04981324584267631,0.04981324584267631,0.06206694413636882,60,E[Agg(Q_xi)] - Agg(E[Q_xi]),True,"[0.10000000000000009, 0.20000000000000004, 0.3, 0.4]","[0.4799984800104797, 0.2400004399954401, 0.1600005599965601, 0.12000051999752007]",state_action_local,1,inf,5,0.05
1,230,Maximum-based,1.0,0.04945632791144631,0.04945632791144631,0.06048663937024745,60,E[Agg(Q_xi)] - Agg(E[Q_xi]),True,"[0.10000000000000009, 0.20000000000000004, 0.3, 0.4]","[0.4799984800104797, 0.2400004399954401, 0.1600005599965601, 0.12000051999752007]",state_action_local,1,inf,5,0.05
1,235,Maximum-based,1.0,0.048601087115622256,0.048601087115622256,0.06475121763523362,60,E[Agg(Q_xi)] - Agg(E[Q_xi]),True,"[0.10000000000000009, 0.20000000000000004, 0.3, 0.4]","[0.4799984800104797, 0.2400004399954401, 0.1600005599965601, 0.12000051999752007]",state_action_local,1,inf,5,0.05
1,240,Maximum-based,1.0,0.049815767144296585,0.049815767144296585,0.06172869842143136,60,E[Agg(Q_xi)] - Agg(E[Q_xi]),True,"[0.10000000000000009, 0.20000000000000004, 0.3, 0.4]","[0.4799984800104797, 0.2400004399954401, 0.1600005599965601, 0.12000051999752007]",state_action_local,1,inf,5,0.05
1,245,Maximum-based,1.0,0.04796522149379485,0.04796522149379485,0.06090667925746729,60,E[Agg(Q_xi)] - Agg(E[Q_xi]),True,"[0.10000000000000009, 0.20000000000000004, 0.3, 0.4]","[0.4799984800104797, 0.2400004399954401, 0.1600005599965601, 0.12000051999752007]",state_action_local,1,inf,5,0.05
1,250,Maximum-based,1.0,0.04827274908505664,0.04827274908505664,0.06543808528759953,60,E[Agg(Q_xi)] - Agg(E[Q_xi]),True,"[0.10000000000000009, 0.20000000000000004, 0.3, 0.4]","[0.4799984800104797, 0.2400004399954401, 0.1600005599965601, 0.12000051999752007]",state_action_local,1,inf,5,0.05
1,255,Maximum-based,1.0,0.04958648366989894,0.04958648366989894,0.06483620437941795,60,E[Agg(Q_xi)] - Agg(E[Q_xi]),True,"[0.10000000000000009, 0.20000000000000004, 0.3, 0.4]","[0.4799984800104797, 0.2400004399954401, 0.1600005599965601, 0.12000051999752007]",state_action_local,1,inf,5,0.05
1,260,Maximum-based,1.0,0.04926688895064289,0.04926688895064289,0.06139764163926387,60,E[Agg(Q_xi)] - Agg(E[Q_xi]),True,"[0.10000000000000009, 0.20000000000000004, 0.3, 0.4]","[0.4799984800104797, 0.2400004399954401, 0.1600005599965601, 0.12000051999752007]",state_action_local,1,inf,5,0.05
1,265,Maximum-based,1.0,0.049143092806449976,0.049143092806449976,0.061886911043750104,60,E[Agg(Q_xi)] - Agg(E[Q_xi]),True,"[0.10000000000000009, 0.20000000000000004, 0.3, 0.4]","[0.4799984800104797, 0.2400004399954401, 0.1600005599965601, 0.12000051999752007]",state_action_local,1,inf,5,0.05
1,270,Maximum-based,1.0,0.04899590122123031,0.04899590122123031,0.06327031443886177,60,E[Agg(Q_xi)] - Agg(E[Q_xi]),True,"[0.10000000000000009, 0.20000000000000004, 0.3, 0.4]","[0.4799984800104797, 0.2400004399954401, 0.1600005599965601, 0.12000051999752007]",state_action_local,1,inf,5,0.05
1,275,Maximum-based,1.0,0.048729419143079065,0.048729419143079065,0.06183023270978261,60,E[Agg(Q_xi)] - Agg(E[Q_xi]),True,"[0.10000000000000009, 0.20000000000000004, 0.3, 0.4]","[0.4799984800104797, 0.2400004399954401, 0.1600005599965601, 0.12000051999752007]",state_action_local,1,inf,5,0.05
1,280,Maximum-based,1.0,0.04920767677446764,0.04920767677446764,0.0716535811036394,60,E[Agg(Q_xi)] - Agg(E[Q_xi]),True,"[0.10000000000000009, 0.20000000000000004, 0.3, 0.4]","[0.4799984800104797, 0.2400004399954401, 0.1600005599965601, 0.12000051999752007]",state_action_local,1,inf,5,0.05
1,285,Maximum-based,1.0,0.049244388710268365,0.049244388710268365,0.0658470924452601,60,E[Agg(Q_xi)] - Agg(E[Q_xi]),True,"[0.10000000000000009, 0.20000000000000004, 0.3, 0.4]","[0.4799984800104797, 0.2400004399954401, 0.1600005599965601, 0.12000051999752007]",state_action_local,1,inf,5,0.05
1,290,Maximum-based,1.0,0.050027545079139944,0.050027545079139944,0.06898806319062523,60,E[Agg(Q_xi)] - Agg(E[Q_xi]),True,"[0.10000000000000009, 0.20000000000000004, 0.3, 0.4]","[0.4799984800104797, 0.2400004399954401, 0.1600005599965601, 0.12000051999752007]",state_action_local,1,inf,5,0.05
1,295,Maximum-based,1.0,0.04914039358942657,0.04914039358942657,0.06557163095371443,60,E[Agg(Q_xi)] - Agg(E[Q_xi]),True,"[0.10000000000000009, 0.20000000000000004, 0.3, 0.4]","[0.4799984800104797, 0.2400004399954401, 0.1600005599965601, 0.12000051999752007]",state_action_local,1,inf,5,0.05
1,300,Maximum-based,1.0,0.04963629762126357,0.04963629762126357,0.0664533296328198,60,E[Agg(Q_xi)] - Agg(E[Q_xi]),True,"[0.10000000000000009, 0.20000000000000004, 0.3, 0.4]","[0.4799984800104797, 0.2400004399954401, 0.1600005599965601, 0.12000051999752007]",state_action_local,1,inf,5,0.05
1,305,Maximum-based,1.0,0.04874199286051106,0.04874199286051106,0.06085487678354262,60,E[Agg(Q_xi)] - Agg(E[Q_xi]),True,"[0.10000000000000009, 0.20000000000000004, 0.3, 0.4]","[0.4799984800104797, 0.2400004399954401, 0.1600005599965601, 0.12000051999752007]",state_action_local,1,inf,5,0.05
1,310,Maximum-based,1.0,0.050116270849562224,0.050116270849562224,0.06559948552623496,60,E[Agg(Q_xi)] - Agg(E[Q_xi]),True,"[0.10000000000000009, 0.20000000000000004, 0.3, 0.4]","[0.4799984800104797, 0.2400004399954401, 0.1600005599965601, 0.12000051999752007]",state_action_local,1,inf,5,0.05
1,315,Maximum-based,1.0,0.04889883684477228,0.04889883684477228,0.0660022254933299,60,E[Agg(Q_xi)] - Agg(E[Q_xi]),True,"[0.10000000000000009, 0.20000000000000004, 0.3, 0.4]","[0.4799984800104797, 0.2400004399954401, 0.1600005599965601, 0.12000051999752007]",state_action_local,1,inf,5,0.05
1,320,Maximum-based,1.0,0.04988936574961327,0.04988936574961327,0.06449199806375994,60,E[Agg(Q_xi)] - Agg(E[Q_xi]),True,"[0.10000000000000009, 0.20000000000000004, 0.3, 0.4]","[0.4799984800104797, 0.2400004399954401, 0.1600005599965601, 0.12000051999752007]",state_action_local,1,inf,5,0.05
1,325,Maximum-based,1.0,0.04938348695504729,0.04938348695504729,0.06337123158250435,60,E[Agg(Q_xi)] - Agg(E[Q_xi]),True,"[0.10000000000000009, 0.20000000000000004, 0.3, 0.4]","[0.4799984800104797, 0.2400004399954401, 0.1600005599965601, 0.12000051999752007]",state_action_local,1,inf,5,0.05
1,330,Maximum-based,1.0,0.04800073817095359,0.04800073817095359,0.060260005881188405,60,E[Agg(Q_xi)] - Agg(E[Q_xi]),True,"[0.10000000000000009, 0.20000000000000004, 0.3, 0.4]","[0.4799984800104797, 0.2400004399954401, 0.1600005599965601, 0.12000051999752007]",state_action_local,1,inf,5,0.05
1,335,Maximum-based,1.0,0.0492591314585528,0.0492591314585528,0.06179522341896515,60,E[Agg(Q_xi)] - Agg(E[Q_xi]),True,"[0.10000000000000009, 0.20000000000000004, 0.3, 0.4]","[0.4799984800104797, 0.2400004399954401, 0.1600005599965601, 0.12000051999752007]",state_action_local,1,inf,5,0.05
1,340,Maximum-based,1.0,0.04974510835646497,0.04974510835646497,0.0612772117632332,60,E[Agg(Q_xi)] - Agg(E[Q_xi]),True,"[0.10000000000000009, 0.20000000000000004, 0.3, 0.4]","[0.4799984800104797, 0.2400004399954401, 0.1600005599965601, 0.12000051999752007]",state_action_local,1,inf,5,0.05
1,345,Maximum-based,1.0,0.04977637287630531,0.04977637287630531,0.0729695222290836,60,E[Agg(Q_xi)] - Agg(E[Q_xi]),True,"[0.10000000000000009, 0.20000000000000004, 0.3, 0.4]","[0.4799984800104797, 0.2400004399954401, 0.1600005599965601, 0.12000051999752007]",state_action_local,1,inf,5,0.05
1,350,Maximum-based,1.0,0.048560830791417466,0.048560830791417466,0.06745374435097595,60,E[Agg(Q_xi)] - Agg(E[Q_xi]),True,"[0.10000000000000009, 0.20000000000000004, 0.3, 0.4]","[0.4799984800104797, 0.2400004399954401, 0.1600005599965601, 0.12000051999752007]",state_action_local,1,inf,5,0.05
1,355,Maximum-based,1.0,0.048831898409141344,0.048831898409141344,0.06126799462687593,60,E[Agg(Q_xi)] - Agg(E[Q_xi]),True,"[0.10000000000000009, 0.20000000000000004, 0.3, 0.4]","[0.4799984800104797, 0.2400004399954401, 0.1600005599965601, 0.12000051999752007]",state_action_local,1,inf,5,0.05
1,360,Maximum-based,1.0,0.04806837925772383,0.04806837925772383,0.0591543690337879,60,E[Agg(Q_xi)] - Agg(E[Q_xi]),True,"[0.10000000000000009, 0.20000000000000004, 0.3, 0.4]","[0.4799984800104797, 0.2400004399954401, 0.1600005599965601, 0.12000051999752007]",state_action_local,1,inf,5,0.05
1,365,Maximum-based,1.0,0.04886188217779815,0.04886188217779815,0.06290018065998915,60,E[Agg(Q_xi)] - Agg(E[Q_xi]),True,"[0.10000000000000009, 0.20000000000000004, 0.3, 0.4]","[0.4799984800104797, 0.2400004399954401, 0.1600005599965601, 0.12000051999752007]",state_action_local,1,inf,5,0.05
1,370,Maximum-based,1.0,0.04891622333651212,0.04891622333651212,0.07102398324281722,60,E[Agg(Q_xi)] - Agg(E[Q_xi]),True,"[0.10000000000000009, 0.20000000000000004, 0.3, 0.4]","[0.4799984800104797, 0.2400004399954401, 0.1600005599965601, 0.12000051999752007]",state_action_local,1,inf,5,0.05
1,375,Maximum-based,1.0,0.048596033476532505,0.048596033476532505,0.06282115019345014,60,E[Agg(Q_xi)] - Agg(E[Q_xi]),True,"[0.10000000000000009, 0.20000000000000004, 0.3, 0.4]","[0.4799984800104797, 0.2400004399954401, 0.1600005599965601, 0.12000051999752007]",state_action_local,1,inf,5,0.05
1,380,Maximum-based,1.0,0.049121647513381446,0.049121647513381446,0.06012968923276496,60,E[Agg(Q_xi)] - Agg(E[Q_xi]),True,"[0.10000000000000009, 0.20000000000000004, 0.3, 0.4]","[0.4799984800104797, 0.2400004399954401, 0.1600005599965601, 0.12000051999752007]",state_action_local,1,inf,5,0.05
1,385,Maximum-based,1.0,0.0491978765994978,0.0491978765994978,0.06881003277715259,60,E[Agg(Q_xi)] - Agg(E[Q_xi]),True,"[0.10000000000000009, 0.20000000000000004, 0.3, 0.4]","[0.4799984800104797, 0.2400004399954401, 0.1600005599965601, 0.12000051999752007]",state_action_local,1,inf,5,0.05
1,390,Maximum-based,1.0,0.0487587227004166,0.0487587227004166,0.06301814368796244,60,E[Agg(Q_xi)] - Agg(E[Q_xi]),True,"[0.10000000000000009, 0.20000000000000004, 0.3, 0.4]","[0.4799984800104797, 0.2400004399954401, 0.1600005599965601, 0.12000051999752007]",state_action_local,1,inf,5,0.05
1,395,Maximum-based,1.0,0.049571068098445845,0.049571068098445845,0.06737933132906093,60,E[Agg(Q_xi)] - Agg(E[Q_xi]),True,"[0.10000000000000009, 0.20000000000000004, 0.3, 0.4]","[0.4799984800104797, 0.2400004399954401, 0.1600005599965601, 0.12000051999752007]",state_action_local,1,inf,5,0.05
1,400,Maximum-based,1.0,0.04930103348356359,0.04930103348356359,0.06639847377417851,60,E[Agg(Q_xi)] - Agg(E[Q_xi]),True,"[0.10000000000000009, 0.20000000000000004, 0.3, 0.4]","[0.4799984800104797, 0.2400004399954401, 0.1600005599965601, 0.12000051999752007]",state_action_local,1,inf,5,0.05
1,5,Similarity-aware,1.0,1.9371078815074346e-18,1.384887574988151e-17,1.1102230246251565e-16,60,E[Agg(Q_xi)] - Agg(E[Q_xi]),True,"[0.10000000000000009, 0.20000000000000004, 0.3, 0.4]","[0.4799984800104797, 0.2400004399954401, 0.1600005599965601, 0.12000051999752007]",state_action_local,1,inf,5,0.05
1,10,Similarity-aware,1.0,6.47630097698008e-18,2.9721595555069294e-17,2.7755575615628914e-16,60,E[Agg(Q_xi)] - Agg(E[Q_xi]),True,"[0.10000000000000009, 0.20000000000000004, 0.3, 0.4]","[0.4799984800104797, 0.2400004399954401, 0.1600005599965601, 0.12000051999752007]",state_action_local,1,inf,5,0.05
1,15,Similarity-aware,1.0,2.0816681711721684e-18,4.302114220422482e-17,3.3306690738754696e-16,60,E[Agg(Q_xi)] - Agg(E[Q_xi]),True,"[0.10000000000000009, 0.20000000000000004, 0.3, 0.4]","[0.4799984800104797, 0.2400004399954401, 0.1600005599965601, 0.12000051999752007]",state_action_local,1,inf,5,0.05
1,20,Similarity-aware,1.0,-2.312964634635743e-19,5.204170427930421e-17,4.440892098500626e-16,60,E[Agg(Q_xi)] - Agg(E[Q_xi]),True,"[0.10000000000000009, 0.20000000000000004, 0.3, 0.4]","[0.4799984800104797, 0.2400004399954401, 0.1600005599965601, 0.12000051999752007]",state_action_local,1,inf,5,0.05
1,25,Similarity-aware,1.0,4.487151391193341e-17,1.0038266514319124e-16,5.551115123125783e-16,60,E[Agg(Q_xi)] - Agg(E[Q_xi]),True,"[0.10000000000000009, 0.20000000000000004, 0.3, 0.4]","[0.4799984800104797, 0.2400004399954401, 0.1600005599965601, 0.12000051999752007]",state_action_local,1,inf,5,0.05
1,30,Similarity-aware,1.0,3.469446951953614e-17,9.390636416621116e-17,6.661338147750939e-16,60,E[Agg(Q_xi)] - Agg(E[Q_xi]),True,"[0.10000000000000009, 0.20000000000000004, 0.3, 0.4]","[0.4799984800104797, 0.2400004399954401, 0.1600005599965601, 0.12000051999752007]",state_action_local,1,inf,5,0.05
1,35,Similarity-aware,1.0,-3.053113317719181e-17,7.771561172376095e-17,1.3322676295501878e-15,60,E[Agg(Q_xi)] - Agg(E[Q_xi]),True,"[0.10000000000000009, 0.20000000000000004, 0.3, 0.4]","[0.4799984800104797, 0.2400004399954401, 0.1600005599965601, 0.12000051999752007]",state_action_local,1,inf,5,0.05
1,40,Similarity-aware,1.0,4.625929269271485e-18,1.249000902703301e-16,8.881784197001252e-16,60,E[Agg(Q_xi)] - Agg(E[Q_xi]),True,"[0.10000000000000009, 0.20000000000000004, 0.3, 0.4]","[0.4799984800104797, 0.2400004399954401, 0.1600005599965601, 0.12000051999752007]",state_action_local,1,inf,5,0.05
1,45,Similarity-aware,1.0,0.0,1.545060375936676e-16,8.881784197001252e-16,60,E[Agg(Q_xi)] - Agg(E[Q_xi]),True,"[0.10000000000000009, 0.20000000000000004, 0.3, 0.4]","[0.4799984800104797, 0.2400004399954401, 0.1600005599965601, 0.12000051999752007]",state_action_local,1,inf,5,0.05
1,50,Similarity-aware,1.0,-5.088522196198634e-17,1.4247862149356177e-16,1.5543122344752192e-15,60,E[Agg(Q_xi)] - Agg(E[Q_xi]),True,"[0.10000000000000009, 0.20000000000000004, 0.3, 0.4]","[0.4799984800104797, 0.2400004399954401, 0.1600005599965601, 0.12000051999752007]",state_action_local,1,inf,5,0.05
1,55,Similarity-aware,1.0,-3.3306690738754695e-17,1.27675647831893e-16,1.1102230246251565e-15,60,E[Agg(Q_xi)] - Agg(E[Q_xi]),True,"[0.10000000000000009, 0.20000000000000004, 0.3, 0.4]","[0.4799984800104797, 0.2400004399954401, 0.1600005599965601, 0.12000051999752007]",state_action_local,1,inf,5,0.05
1,60,Similarity-aware,1.0,9.25185853854297e-18,1.609823385706477e-16,1.3322676295501878e-15,60,E[Agg(Q_xi)] - Agg(E[Q_xi]),True,"[0.10000000000000009, 0.20000000000000004, 0.3, 0.4]","[0.4799984800104797, 0.2400004399954401, 0.1600005599965601, 0.12000051999752007]",state_action_local,1,inf,5,0.05
1,65,Similarity-aware,1.0,2.960594732333751e-17,2.1649348980190552e-16,1.7763568394002505e-15,60,E[Agg(Q_xi)] - Agg(E[Q_xi]),True,"[0.10000000000000009, 0.20000000000000004, 0.3, 0.4]","[0.4799984800104797, 0.2400004399954401, 0.1600005599965601, 0.12000051999752007]",state_action_local,1,inf,5,0.05
1,70,Similarity-aware,1.0,-1.295260195396016e-17,2.1464311809419693e-16,1.7763568394002505e-15,60,E[Agg(Q_xi)] - Agg(E[Q_xi]),True,"[0.10000000000000009, 0.20000000000000004, 0.3, 0.4]","[0.4799984800104797, 0.2400004399954401, 0.1600005599965601, 0.12000051999752007]",state_action_local,1,inf,5,0.05
1,75,Similarity-aware,1.0,-2.0354088784794535e-17,2.2759572004815707e-16,1.7763568394002505e-15,60,E[Agg(Q_xi)] - Agg(E[Q_xi]),True,"[0.10000000000000009, 0.20000000000000004, 0.3, 0.4]","[0.4799984800104797, 0.2400004399954401, 0.1600005599965601, 0.12000051999752007]",state_action_local,1,inf,5,0.05
1,80,Similarity-aware,1.0,8.881784197001253e-17,2.886579864025407e-16,1.7763568394002505e-15,60,E[Agg(Q_xi)] - Agg(E[Q_xi]),True,"[0.10000000000000009, 0.20000000000000004, 0.3, 0.4]","[0.4799984800104797, 0.2400004399954401, 0.1600005599965601, 0.12000051999752007]",state_action_local,1,inf,5,0.05
1,85,Similarity-aware,1.0,2.0354088784794535e-17,2.7385501274087196e-16,1.7763568394002505e-15,60,E[Agg(Q_xi)] - Agg(E[Q_xi]),True,"[0.10000000000000009, 0.20000000000000004, 0.3, 0.4]","[0.4799984800104797, 0.2400004399954401, 0.1600005599965601, 0.12000051999752007]",state_action_local,1,inf,5,0.05
1,90,Similarity-aware,1.0,-3.700743415417188e-17,2.7015426932545474e-16,1.7763568394002505e-15,60,E[Agg(Q_xi)] - Agg(E[Q_xi]),True,"[0.10000000000000009, 0.20000000000000004, 0.3, 0.4]","[0.4799984800104797, 0.2400004399954401, 0.1600005599965601, 0.12000051999752007]",state_action_local,1,inf,5,0.05
1,95,Similarity-aware,1.0,3.7007434154171884e-18,3.1456319031046104e-16,2.6645352591003757e-15,60,E[Agg(Q_xi)] - Agg(E[Q_xi]),True,"[0.10000000000000009, 0.20000000000000004, 0.3, 0.4]","[0.4799984800104797, 0.2400004399954401, 0.1600005599965601, 0.12000051999752007]",state_action_local,1,inf,5,0.05
1,100,Similarity-aware,1.0,-7.401486830834377e-18,2.923587298179579e-16,2.220446049250313e-15,60,E[Agg(Q_xi)] - Agg(E[Q_xi]),True,"[0.10000000000000009, 0.20000000000000004, 0.3, 0.4]","[0.4799984800104797, 0.2400004399954401, 0.1600005599965601, 0.12000051999752007]",state_action_local,1,inf,5,0.05
1,105,Similarity-aware,1.0,2.590520390792032e-17,3.478698810492157e-16,2.220446049250313e-15,60,E[Agg(Q_xi)] - Agg(E[Q_xi]),True,"[0.10000000000000009, 0.20000000000000004, 0.3, 0.4]","[0.4799984800104797, 0.2400004399954401, 0.1600005599965601, 0.12000051999752007]",state_action_local,1,inf,5,0.05
1,110,Similarity-aware,1.0,1.1472304587793285e-16,3.885780586188048e-16,2.220446049250313e-15,60,E[Agg(Q_xi)] - Agg(E[Q_xi]),True,"[0.10000000000000009, 0.20000000000000004, 0.3, 0.4]","[0.4799984800104797, 0.2400004399954401, 0.1600005599965601, 0.12000051999752007]",state_action_local,1,inf,5,0.05
1,115,Similarity-aware,1.0,-3.3306690738754695e-17,2.997602166487923e-16,2.6645352591003757e-15,60,E[Agg(Q_xi)] - Agg(E[Q_xi]),True,"[0.10000000000000009, 0.20000000000000004, 0.3, 0.4]","[0.4799984800104797, 0.2400004399954401, 0.1600005599965601, 0.12000051999752007]",state_action_local,1,inf,5,0.05
1,120,Similarity-aware,1.0,5.551115123125783e-17,4.1078251911130794e-16,2.6645352591003757e-15,60,E[Agg(Q_xi)] - Agg(E[Q_xi]),True,"[0.10000000000000009, 0.20000000000000004, 0.3, 0.4]","[0.4799984800104797, 0.2400004399954401, 0.1600005599965601, 0.12000051999752007]",state_action_local,1,inf,5,0.05
1,125,Similarity-aware,1.0,7.031412489292658e-17,4.0338103228047354e-16,2.220446049250313e-15,60,E[Agg(Q_xi)] - Agg(E[Q_xi]),True,"[0.10000000000000009, 0.20000000000000004, 0.3, 0.4]","[0.4799984800104797, 0.2400004399954401, 0.1600005599965601, 0.12000051999752007]",state_action_local,1,inf,5,0.05
1,130,Similarity-aware,1.0,5.921189464667501e-17,3.811765717879704e-16,2.6645352591003757e-15,60,E[Agg(Q_xi)] - Agg(E[Q_xi]),True,"[0.10000000000000009, 0.20000000000000004, 0.3, 0.4]","[0.4799984800104797, 0.2400004399954401, 0.1600005599965601, 0.12000051999752007]",state_action_local,1,inf,5,0.05
1,135,Similarity-aware,1.0,-1.1102230246251566e-17,3.811765717879704e-16,2.6645352591003757e-15,60,E[Agg(Q_xi)] - Agg(E[Q_xi]),True,"[0.10000000000000009, 0.20000000000000004, 0.3, 0.4]","[0.4799984800104797, 0.2400004399954401, 0.1600005599965601, 0.12000051999752007]",state_action_local,1,inf,5,0.05
1,140,Similarity-aware,1.0,-5.551115123125783e-17,4.144832625267251e-16,4.440892098500626e-15,60,E[Agg(Q_xi)] - Agg(E[Q_xi]),True,"[0.10000000000000009, 0.20000000000000004, 0.3, 0.4]","[0.4799984800104797, 0.2400004399954401, 0.1600005599965601, 0.12000051999752007]",state_action_local,1,inf,5,0.05
1,145,Similarity-aware,1.0,-6.29126380620922e-17,3.6267285471088446e-16,2.6645352591003757e-15,60,E[Agg(Q_xi)] - Agg(E[Q_xi]),True,"[0.10000000000000009, 0.20000000000000004, 0.3, 0.4]","[0.4799984800104797, 0.2400004399954401, 0.1600005599965601, 0.12000051999752007]",state_action_local,1,inf,5,0.05
1,150,Similarity-aware,1.0,3.7007434154171884e-18,4.662936703425658e-16,3.552713678800501e-15,60,E[Agg(Q_xi)] - Agg(E[Q_xi]),True,"[0.10000000000000009, 0.20000000000000004, 0.3, 0.4]","[0.4799984800104797, 0.2400004399954401, 0.1600005599965601, 0.12000051999752007]",state_action_local,1,inf,5,0.05
1,155,Similarity-aware,1.0,-7.771561172376095e-17,4.366877230192282e-16,4.440892098500626e-15,60,E[Agg(Q_xi)] - Agg(E[Q_xi]),True,"[0.10000000000000009, 0.20000000000000004, 0.3, 0.4]","[0.4799984800104797, 0.2400004399954401, 0.1600005599965601, 0.12000051999752007]",state_action_local,1,inf,5,0.05
1,160,Similarity-aware,1.0,2.1464311809419693e-16,5.10702591327572e-16,3.552713678800501e-15,60,E[Agg(Q_xi)] - Agg(E[Q_xi]),True,"[0.10000000000000009, 0.20000000000000004, 0.3, 0.4]","[0.4799984800104797, 0.2400004399954401, 0.1600005599965601, 0.12000051999752007]",state_action_local,1,inf,5,0.05
1,165,Similarity-aware,1.0,-7.401486830834377e-18,5.181040781584064e-16,3.552713678800501e-15,60,E[Agg(Q_xi)] - Agg(E[Q_xi]),True,"[0.10000000000000009, 0.20000000000000004, 0.3, 0.4]","[0.4799984800104797, 0.2400004399954401, 0.1600005599965601, 0.12000051999752007]",state_action_local,1,inf,5,0.05
1,170,Similarity-aware,1.0,1.554312234475219e-16,5.921189464667501e-16,3.552713678800501e-15,60,E[Agg(Q_xi)] - Agg(E[Q_xi]),True,"[0.10000000000000009, 0.20000000000000004, 0.3, 0.4]","[0.4799984800104797, 0.2400004399954401, 0.1600005599965601, 0.12000051999752007]",state_action_local,1,inf,5,0.05
1,175,Similarity-aware,1.0,-2.960594732333751e-17,5.181040781584064e-16,3.552713678800501e-15,60,E[Agg(Q_xi)] - Agg(E[Q_xi]),True,"[0.10000000000000009, 0.20000000000000004, 0.3, 0.4]","[0.4799984800104797, 0.2400004399954401, 0.1600005599965601, 0.12000051999752007]",state_action_local,1,inf,5,0.05
1,180,Similarity-aware,1.0,9.62193288008469e-17,5.995204332975846e-16,4.440892098500626e-15,60,E[Agg(Q_xi)] - Agg(E[Q_xi]),True,"[0.10000000000000009, 0.20000000000000004, 0.3, 0.4]","[0.4799984800104797, 0.2400004399954401, 0.1600005599965601, 0.12000051999752007]",state_action_local,1,inf,5,0.05
1,185,Similarity-aware,1.0,-1.6283271027835628e-16,4.736951571734001e-16,3.552713678800501e-15,60,E[Agg(Q_xi)] - Agg(E[Q_xi]),True,"[0.10000000000000009, 0.20000000000000004, 0.3, 0.4]","[0.4799984800104797, 0.2400004399954401, 0.1600005599965601, 0.12000051999752007]",state_action_local,1,inf,5,0.05
1,190,Similarity-aware,1.0,-9.62193288008469e-17,5.403085386509095e-16,4.440892098500626e-15,60,E[Agg(Q_xi)] - Agg(E[Q_xi]),True,"[0.10000000000000009, 0.20000000000000004, 0.3, 0.4]","[0.4799984800104797, 0.2400004399954401, 0.1600005599965601, 0.12000051999752007]",state_action_local,1,inf,5,0.05
1,195,Similarity-aware,1.0,-1.1102230246251565e-16,5.403085386509095e-16,6.217248937900877e-15,60,E[Agg(Q_xi)] - Agg(E[Q_xi]),True,"[0.10000000000000009, 0.20000000000000004, 0.3, 0.4]","[0.4799984800104797, 0.2400004399954401, 0.1600005599965601, 0.12000051999752007]",state_action_local,1,inf,5,0.05
1,200,Similarity-aware,1.0,-1.554312234475219e-16,5.10702591327572e-16,4.440892098500626e-15,60,E[Agg(Q_xi)] - Agg(E[Q_xi]),True,"[0.10000000000000009, 0.20000000000000004, 0.3, 0.4]","[0.4799984800104797, 0.2400004399954401, 0.1600005599965601, 0.12000051999752007]",state_action_local,1,inf,5,0.05
1,205,Similarity-aware,1.0,7.401486830834377e-18,5.995204332975846e-16,4.440892098500626e-15,60,E[Agg(Q_xi)] - Agg(E[Q_xi]),True,"[0.10000000000000009, 0.20000000000000004, 0.3, 0.4]","[0.4799984800104797, 0.2400004399954401, 0.1600005599965601, 0.12000051999752007]",state_action_local,1,inf,5,0.05
1,210,Similarity-aware,1.0,1.924386576016938e-16,6.365278674517564e-16,3.552713678800501e-15,60,E[Agg(Q_xi)] - Agg(E[Q_xi]),True,"[0.10000000000000009, 0.20000000000000004, 0.3, 0.4]","[0.4799984800104797, 0.2400004399954401, 0.1600005599965601, 0.12000051999752007]",state_action_local,1,inf,5,0.05
1,215,Similarity-aware,1.0,1.1102230246251565e-16,7.845576040684439e-16,4.440892098500626e-15,60,E[Agg(Q_xi)] - Agg(E[Q_xi]),True,"[0.10000000000000009, 0.20000000000000004, 0.3, 0.4]","[0.4799984800104797, 0.2400004399954401, 0.1600005599965601, 0.12000051999752007]",state_action_local,1,inf,5,0.05
1,220,Similarity-aware,1.0,-2.960594732333751e-17,5.995204332975846e-16,4.440892098500626e-15,60,E[Agg(Q_xi)] - Agg(E[Q_xi]),True,"[0.10000000000000009, 0.20000000000000004, 0.3, 0.4]","[0.4799984800104797, 0.2400004399954401, 0.1600005599965601, 0.12000051999752007]",state_action_local,1,inf,5,0.05
1,225,Similarity-aware,1.0,-1.4802973661668754e-17,6.735353016059283e-16,5.329070518200751e-15,60,E[Agg(Q_xi)] - Agg(E[Q_xi]),True,"[0.10000000000000009, 0.20000000000000004, 0.3, 0.4]","[0.4799984800104797, 0.2400004399954401, 0.1600005599965601, 0.12000051999752007]",state_action_local,1,inf,5,0.05
1,230,Similarity-aware,1.0,4.4408920985006264e-17,5.921189464667501e-16,5.329070518200751e-15,60,E[Agg(Q_xi)] - Agg(E[Q_xi]),True,"[0.10000000000000009, 0.20000000000000004, 0.3, 0.4]","[0.4799984800104797, 0.2400004399954401, 0.1600005599965601, 0.12000051999752007]",state_action_local,1,inf,5,0.05
1,235,Similarity-aware,1.0,-2.1464311809419693e-16,5.329070518200751e-16,4.440892098500626e-15,60,E[Agg(Q_xi)] - Agg(E[Q_xi]),True,"[0.10000000000000009, 0.20000000000000004, 0.3, 0.4]","[0.4799984800104797, 0.2400004399954401, 0.1600005599965601, 0.12000051999752007]",state_action_local,1,inf,5,0.05
1,240,Similarity-aware,1.0,7.401486830834377e-17,6.735353016059283e-16,3.552713678800501e-15,60,E[Agg(Q_xi)] - Agg(E[Q_xi]),True,"[0.10000000000000009, 0.20000000000000004, 0.3, 0.4]","[0.4799984800104797, 0.2400004399954401, 0.1600005599965601, 0.12000051999752007]",state_action_local,1,inf,5,0.05
1,245,Similarity-aware,1.0,-2.1464311809419693e-16,5.847174596359158e-16,4.440892098500626e-15,60,E[Agg(Q_xi)] - Agg(E[Q_xi]),True,"[0.10000000000000009, 0.20000000000000004, 0.3, 0.4]","[0.4799984800104797, 0.2400004399954401, 0.1600005599965601, 0.12000051999752007]",state_action_local,1,inf,5,0.05
1,250,Similarity-aware,1.0,-6.661338147750939e-17,6.883382752675971e-16,4.440892098500626e-15,60,E[Agg(Q_xi)] - Agg(E[Q_xi]),True,"[0.10000000000000009, 0.20000000000000004, 0.3, 0.4]","[0.4799984800104797, 0.2400004399954401, 0.1600005599965601, 0.12000051999752007]",state_action_local,1,inf,5,0.05
1,255,Similarity-aware,1.0,0.0,7.623531435759408e-16,5.329070518200751e-15,60,E[Agg(Q_xi)] - Agg(E[Q_xi]),True,"[0.10000000000000009, 0.20000000000000004, 0.3, 0.4]","[0.4799984800104797, 0.2400004399954401, 0.1600005599965601, 0.12000051999752007]",state_action_local,1,inf,5,0.05
1,260,Similarity-aware,1.0,-2.6645352591003756e-16,5.033011044967376e-16,4.440892098500626e-15,60,E[Agg(Q_xi)] - Agg(E[Q_xi]),True,"[0.10000000000000009, 0.20000000000000004, 0.3, 0.4]","[0.4799984800104797, 0.2400004399954401, 0.1600005599965601, 0.12000051999752007]",state_action_local,1,inf,5,0.05
1,265,Similarity-aware,1.0,1.554312234475219e-16,7.697546304067752e-16,4.440892098500626e-15,60,E[Agg(Q_xi)] - Agg(E[Q_xi]),True,"[0.10000000000000009, 0.20000000000000004, 0.3, 0.4]","[0.4799984800104797, 0.2400004399954401, 0.1600005599965601, 0.12000051999752007]",state_action_local,1,inf,5,0.05
1,270,Similarity-aware,1.0,-5.921189464667501e-17,5.773159728050814e-16,4.440892098500626e-15,60,E[Agg(Q_xi)] - Agg(E[Q_xi]),True,"[0.10000000000000009, 0.20000000000000004, 0.3, 0.4]","[0.4799984800104797, 0.2400004399954401, 0.1600005599965601, 0.12000051999752007]",state_action_local,1,inf,5,0.05
1,275,Similarity-aware,1.0,7.401486830834377e-18,6.809367884367627e-16,6.217248937900877e-15,60,E[Agg(Q_xi)] - Agg(E[Q_xi]),True,"[0.10000000000000009, 0.20000000000000004, 0.3, 0.4]","[0.4799984800104797, 0.2400004399954401, 0.1600005599965601, 0.12000051999752007]",state_action_local,1,inf,5,0.05
1,280,Similarity-aware,1.0,2.6645352591003756e-16,9.251858538542972e-16,5.329070518200751e-15,60,E[Agg(Q_xi)] - Agg(E[Q_xi]),True,"[0.10000000000000009, 0.20000000000000004, 0.3, 0.4]","[0.4799984800104797, 0.2400004399954401, 0.1600005599965601, 0.12000051999752007]",state_action_local,1,inf,5,0.05
1,285,Similarity-aware,1.0,-1.924386576016938e-16,6.217248937900876e-16,5.329070518200751e-15,60,E[Agg(Q_xi)] - Agg(E[Q_xi]),True,"[0.10000000000000009, 0.20000000000000004, 0.3, 0.4]","[0.4799984800104797, 0.2400004399954401, 0.1600005599965601, 0.12000051999752007]",state_action_local,1,inf,5,0.05
1,290,Similarity-aware,1.0,-1.554312234475219e-16,6.069219201284189e-16,4.440892098500626e-15,60,E[Agg(Q_xi)] - Agg(E[Q_xi]),True,"[0.10000000000000009, 0.20000000000000004, 0.3, 0.4]","[0.4799984800104797, 0.2400004399954401, 0.1600005599965601, 0.12000051999752007]",state_action_local,1,inf,5,0.05
1,295,Similarity-aware,1.0,-1.4802973661668754e-17,8.141635513917814e-16,5.329070518200751e-15,60,E[Agg(Q_xi)] - Agg(E[Q_xi]),True,"[0.10000000000000009, 0.20000000000000004, 0.3, 0.4]","[0.4799984800104797, 0.2400004399954401, 0.1600005599965601, 0.12000051999752007]",state_action_local,1,inf,5,0.05
1,300,Similarity-aware,1.0,1.0362081563168128e-16,7.697546304067752e-16,5.329070518200751e-15,60,E[Agg(Q_xi)] - Agg(E[Q_xi]),True,"[0.10000000000000009, 0.20000000000000004, 0.3, 0.4]","[0.4799984800104797, 0.2400004399954401, 0.1600005599965601, 0.12000051999752007]",state_action_local,1,inf,5,0.05
1,305,Similarity-aware,1.0,1.3322676295501878e-16,7.771561172376096e-16,5.329070518200751e-15,60,E[Agg(Q_xi)] - Agg(E[Q_xi]),True,"[0.10000000000000009, 0.20000000000000004, 0.3, 0.4]","[0.4799984800104797, 0.2400004399954401, 0.1600005599965601, 0.12000051999752007]",state_action_local,1,inf,5,0.05
1,310,Similarity-aware,1.0,2.0724163126336256e-16,9.02981393361794e-16,5.329070518200751e-15,60,E[Agg(Q_xi)] - Agg(E[Q_xi]),True,"[0.10000000000000009, 0.20000000000000004, 0.3, 0.4]","[0.4799984800104797, 0.2400004399954401, 0.1600005599965601, 0.12000051999752007]",state_action_local,1,inf,5,0.05
1,315,Similarity-aware,1.0,-2.220446049250313e-16,6.143234069592533e-16,4.440892098500626e-15,60,E[Agg(Q_xi)] - Agg(E[Q_xi]),True,"[0.10000000000000009, 0.20000000000000004, 0.3, 0.4]","[0.4799984800104797, 0.2400004399954401, 0.1600005599965601, 0.12000051999752007]",state_action_local,1,inf,5,0.05
1,320,Similarity-aware,1.0,3.700743415417188e-17,7.697546304067752e-16,4.440892098500626e-15,60,E[Agg(Q_xi)] - Agg(E[Q_xi]),True,"[0.10000000000000009, 0.20000000000000004, 0.3, 0.4]","[0.4799984800104797, 0.2400004399954401, 0.1600005599965601, 0.12000051999752007]",state_action_local,1,inf,5,0.05
1,325,Similarity-aware,1.0,3.182639337258782e-16,8.881784197001252e-16,4.440892098500626e-15,60,E[Agg(Q_xi)] - Agg(E[Q_xi]),True,"[0.10000000000000009, 0.20000000000000004, 0.3, 0.4]","[0.4799984800104797, 0.2400004399954401, 0.1600005599965601, 0.12000051999752007]",state_action_local,1,inf,5,0.05
1,330,Similarity-aware,1.0,1.1102230246251565e-16,7.253457094217689e-16,5.329070518200751e-15,60,E[Agg(Q_xi)] - Agg(E[Q_xi]),True,"[0.10000000000000009, 0.20000000000000004, 0.3, 0.4]","[0.4799984800104797, 0.2400004399954401, 0.1600005599965601, 0.12000051999752007]",state_action_local,1,inf,5,0.05
1,335,Similarity-aware,1.0,2.294460917558657e-16,9.103828801926283e-16,6.217248937900877e-15,60,E[Agg(Q_xi)] - Agg(E[Q_xi]),True,"[0.10000000000000009, 0.20000000000000004, 0.3, 0.4]","[0.4799984800104797, 0.2400004399954401, 0.1600005599965601, 0.12000051999752007]",state_action_local,1,inf,5,0.05
1,340,Similarity-aware,1.0,3.700743415417188e-17,7.105427357601002e-16,5.329070518200751e-15,60,E[Agg(Q_xi)] - Agg(E[Q_xi]),True,"[0.10000000000000009, 0.20000000000000004, 0.3, 0.4]","[0.4799984800104797, 0.2400004399954401, 0.1600005599965601, 0.12000051999752007]",state_action_local,1,inf,5,0.05
1,345,Similarity-aware,1.0,1.4802973661668753e-16,7.845576040684439e-16,7.105427357601002e-15,60,E[Agg(Q_xi)] - Agg(E[Q_xi]),True,"[0.10000000000000009, 0.20000000000000004, 0.3, 0.4]","[0.4799984800104797, 0.2400004399954401, 0.1600005599965601, 0.12000051999752007]",state_action_local,1,inf,5,0.05
1,350,Similarity-aware,1.0,-2.960594732333751e-17,6.957397620984314e-16,5.329070518200751e-15,60,E[Agg(Q_xi)] - Agg(E[Q_xi]),True,"[0.10000000000000009, 0.20000000000000004, 0.3, 0.4]","[0.4799984800104797, 0.2400004399954401, 0.1600005599965601, 0.12000051999752007]",state_action_local,1,inf,5,0.05
1,355,Similarity-aware,1.0,2.0724163126336256e-16,8.363680118842846e-16,7.105427357601002e-15,60,E[Agg(Q_xi)] - Agg(E[Q_xi]),True,"[0.10000000000000009, 0.20000000000000004, 0.3, 0.4]","[0.4799984800104797, 0.2400004399954401, 0.1600005599965601, 0.12000051999752007]",state_action_local,1,inf,5,0.05
1,360,Similarity-aware,1.0,-9.62193288008469e-17,7.771561172376096e-16,5.329070518200751e-15,60,E[Agg(Q_xi)] - Agg(E[Q_xi]),True,"[0.10000000000000009, 0.20000000000000004, 0.3, 0.4]","[0.4799984800104797, 0.2400004399954401, 0.1600005599965601, 0.12000051999752007]",state_action_local,1,inf,5,0.05
1,365,Similarity-aware,1.0,3.700743415417188e-17,8.215650382226159e-16,5.329070518200751e-15,60,E[Agg(Q_xi)] - Agg(E[Q_xi]),True,"[0.10000000000000009, 0.20000000000000004, 0.3, 0.4]","[0.4799984800104797, 0.2400004399954401, 0.1600005599965601, 0.12000051999752007]",state_action_local,1,inf,5,0.05
1,370,Similarity-aware,1.0,-8.881784197001253e-17,7.549516567451064e-16,7.105427357601002e-15,60,E[Agg(Q_xi)] - Agg(E[Q_xi]),True,"[0.10000000000000009, 0.20000000000000004, 0.3, 0.4]","[0.4799984800104797, 0.2400004399954401, 0.1600005599965601, 0.12000051999752007]",state_action_local,1,inf,5,0.05
1,375,Similarity-aware,1.0,-1.6283271027835628e-16,7.401486830834377e-16,7.105427357601002e-15,60,E[Agg(Q_xi)] - Agg(E[Q_xi]),True,"[0.10000000000000009, 0.20000000000000004, 0.3, 0.4]","[0.4799984800104797, 0.2400004399954401, 0.1600005599965601, 0.12000051999752007]",state_action_local,1,inf,5,0.05
1,380,Similarity-aware,1.0,2.220446049250313e-16,9.02981393361794e-16,7.105427357601002e-15,60,E[Agg(Q_xi)] - Agg(E[Q_xi]),True,"[0.10000000000000009, 0.20000000000000004, 0.3, 0.4]","[0.4799984800104797, 0.2400004399954401, 0.1600005599965601, 0.12000051999752007]",state_action_local,1,inf,5,0.05
1,385,Similarity-aware,1.0,1.6283271027835628e-16,9.325873406851315e-16,5.329070518200751e-15,60,E[Agg(Q_xi)] - Agg(E[Q_xi]),True,"[0.10000000000000009, 0.20000000000000004, 0.3, 0.4]","[0.4799984800104797, 0.2400004399954401, 0.1600005599965601, 0.12000051999752007]",state_action_local,1,inf,5,0.05
1,390,Similarity-aware,1.0,3.108624468950438e-16,1.080617077301819e-15,5.329070518200751e-15,60,E[Agg(Q_xi)] - Agg(E[Q_xi]),True,"[0.10000000000000009, 0.20000000000000004, 0.3, 0.4]","[0.4799984800104797, 0.2400004399954401, 0.1600005599965601, 0.12000051999752007]",state_action_local,1,inf,5,0.05
1,395,Similarity-aware,1.0,-2.220446049250313e-16,6.513308411134251e-16,5.329070518200751e-15,60,E[Agg(Q_xi)] - Agg(E[Q_xi]),True,"[0.10000000000000009, 0.20000000000000004, 0.3, 0.4]","[0.4799984800104797, 0.2400004399954401, 0.1600005599965601, 0.12000051999752007]",state_action_local,1,inf,5,0.05
1,400,Similarity-aware,1.0,2.220446049250313e-16,1.0510111299784815e-15,5.329070518200751e-15,60,E[Agg(Q_xi)] - Agg(E[Q_xi]),True,"[0.10000000000000009, 0.20000000000000004, 0.3, 0.4]","[0.4799984800104797, 0.2400004399954401, 0.1600005599965601, 0.12000051999752007]",state_action_local,1,inf,5,0.05
2,5,Maximum-based,1.0,0.058834358623272846,0.058834358623272846,0.07086082511016373,60,E[Agg(Q_xi)] - Agg(E[Q_xi]),True,"[0.10000000000000012, 0.2, 0.29999999999999993, 0.4]","[0.4799984800104797, 0.24000043999544013, 0.16000055999656015, 0.12000051999752008]",state_action_local,1,inf,5,0.05
2,10,Maximum-based,1.0,0.05642229733351748,0.05642229733351748,0.0690077312507209,60,E[Agg(Q_xi)] - Agg(E[Q_xi]),True,"[0.10000000000000012, 0.2, 0.29999999999999993, 0.4]","[0.4799984800104797, 0.24000043999544013, 0.16000055999656015, 0.12000051999752008]",state_action_local,1,inf,5,0.05
2,15,Maximum-based,1.0,0.05584485881139167,0.05584485881139167,0.06869017358810081,60,E[Agg(Q_xi)] - Agg(E[Q_xi]),True,"[0.10000000000000012, 0.2, 0.29999999999999993, 0.4]","[0.4799984800104797, 0.24000043999544013, 0.16000055999656015, 0.12000051999752008]",state_action_local,1,inf,5,0.05
2,20,Maximum-based,1.0,0.054441906536437774,0.054441906536437774,0.06685798235722662,60,E[Agg(Q_xi)] - Agg(E[Q_xi]),True,"[0.10000000000000012, 0.2, 0.29999999999999993, 0.4]","[0.4799984800104797, 0.24000043999544013, 0.16000055999656015, 0.12000051999752008]",state_action_local,1,inf,5,0.05
2,25,Maximum-based,1.0,0.0526343537333512,0.0526343537333512,0.06486688668645924,60,E[Agg(Q_xi)] - Agg(E[Q_xi]),True,"[0.10000000000000012, 0.2, 0.29999999999999993, 0.4]","[0.4799984800104797, 0.24000043999544013, 0.16000055999656015, 0.12000051999752008]",state_action_local,1,inf,5,0.05
2,30,Maximum-based,1.0,0.053231043421862904,0.053231043421862904,0.06782976268162133,60,E[Agg(Q_xi)] - Agg(E[Q_xi]),True,"[0.10000000000000012, 0.2, 0.29999999999999993, 0.4]","[0.4799984800104797, 0.24000043999544013, 0.16000055999656015, 0.12000051999752008]",state_action_local,1,inf,5,0.05
2,35,Maximum-based,1.0,0.052112509295368925,0.052112509295368925,0.06557155988445351,60,E[Agg(Q_xi)] - Agg(E[Q_xi]),True,"[0.10000000000000012, 0.2, 0.29999999999999993, 0.4]","[0.4799984800104797, 0.24000043999544013, 0.16000055999656015, 0.12000051999752008]",state_action_local,1,inf,5,0.05
2,40,Maximum-based,1.0,0.05145211436913155,0.05145211436913155,0.06440538496809678,60,E[Agg(Q_xi)] - Agg(E[Q_xi]),True,"[0.10000000000000012, 0.2, 0.29999999999999993, 0.4]","[0.4799984800104797, 0.24000043999544013, 0.16000055999656015, 0.12000051999752008]",state_action_local,1,inf,5,0.05
2,45,Maximum-based,1.0,0.05036257492024359,0.05036257492024359,0.06516235323361941,60,E[Agg(Q_xi)] - Agg(E[Q_xi]),True,"[0.10000000000000012, 0.2, 0.29999999999999993, 0.4]","[0.4799984800104797, 0.24000043999544013, 0.16000055999656015, 0.12000051999752008]",state_action_local,1,inf,5,0.05
2,50,Maximum-based,1.0,0.050468227538209294,0.050468227538209294,0.06641639314175629,60,E[Agg(Q_xi)] - Agg(E[Q_xi]),True,"[0.10000000000000012, 0.2, 0.29999999999999993, 0.4]","[0.4799984800104797, 0.24000043999544013, 0.16000055999656015, 0.12000051999752008]",state_action_local,1,inf,5,0.05
2,55,Maximum-based,1.0,0.05020887899125162,0.05020887899125162,0.06677425616956612,60,E[Agg(Q_xi)] - Agg(E[Q_xi]),True,"[0.10000000000000012, 0.2, 0.29999999999999993, 0.4]","[0.4799984800104797, 0.24000043999544013, 0.16000055999656015, 0.12000051999752008]",state_action_local,1,inf,5,0.05
2,60,Maximum-based,1.0,0.049669872894744956,0.049669872894744956,0.06601275290709419,60,E[Agg(Q_xi)] - Agg(E[Q_xi]),True,"[0.10000000000000012, 0.2, 0.29999999999999993, 0.4]","[0.4799984800104797, 0.24000043999544013, 0.16000055999656015, 0.12000051999752008]",state_action_local,1,inf,5,0.05
2,65,Maximum-based,1.0,0.04871515171190524,0.04871515171190524,0.061598064086787474,60,E[Agg(Q_xi)] - Agg(E[Q_xi]),True,"[0.10000000000000012, 0.2, 0.29999999999999993, 0.4]","[0.4799984800104797, 0.24000043999544013, 0.16000055999656015, 0.12000051999752008]",state_action_local,1,inf,5,0.05
2,70,Maximum-based,1.0,0.04924454420554767,0.04924454420554767,0.062187307246400536,60,E[Agg(Q_xi)] - Agg(E[Q_xi]),True,"[0.10000000000000012, 0.2, 0.29999999999999993, 0.4]","[0.4799984800104797, 0.24000043999544013, 0.16000055999656015, 0.12000051999752008]",state_action_local,1,inf,5,0.05
2,75,Maximum-based,1.0,0.04931467511228729,0.04931467511228729,0.06413303384276992,60,E[Agg(Q_xi)] - Agg(E[Q_xi]),True,"[0.10000000000000012, 0.2, 0.29999999999999993, 0.4]","[0.4799984800104797, 0.24000043999544013, 0.16000055999656015, 0.12000051999752008]",state_action_local,1,inf,5,0.05
2,80,Maximum-based,1.0,0.04961409694963185,0.04961409694963185,0.06256138738040784,60,E[Agg(Q_xi)] - Agg(E[Q_xi]),True,"[0.10000000000000012, 0.2, 0.29999999999999993, 0.4]","[0.4799984800104797, 0.24000043999544013, 0.16000055999656015, 0.12000051999752008]",state_action_local,1,inf,5,0.05
2,85,Maximum-based,1.0,0.04901190614483034,0.04901190614483034,0.05929150466496491,60,E[Agg(Q_xi)] - Agg(E[Q_xi]),True,"[0.10000000000000012, 0.2, 0.29999999999999993, 0.4]","[0.4799984800104797, 0.24000043999544013, 0.16000055999656015, 0.12000051999752008]",state_action_local,1,inf,5,0.05
2,90,Maximum-based,1.0,0.048467380925157275,0.048467380925157275,0.05999963529461194,60,E[Agg(Q_xi)] - Agg(E[Q_xi]),True,"[0.10000000000000012, 0.2, 0.29999999999999993, 0.4]","[0.4799984800104797, 0.24000043999544013, 0.16000055999656015, 0.12000051999752008]",state_action_local,1,inf,5,0.05
2,95,Maximum-based,1.0,0.048790453096669635,0.048790453096669635,0.060721886870497954,60,E[Agg(Q_xi)] - Agg(E[Q_xi]),True,"[0.10000000000000012, 0.2, 0.29999999999999993, 0.4]","[0.4799984800104797, 0.24000043999544013, 0.16000055999656015, 0.12000051999752008]",state_action_local,1,inf,5,0.05
2,100,Maximum-based,1.0,0.04856095024445283,0.04856095024445283,0.06483148667288718,60,E[Agg(Q_xi)] - Agg(E[Q_xi]),True,"[0.10000000000000012, 0.2, 0.29999999999999993, 0.4]","[0.4799984800104797, 0.24000043999544013, 0.16000055999656015, 0.12000051999752008]",state_action_local,1,inf,5,0.05
2,105,Maximum-based,1.0,0.04720549888479253,0.04720549888479253,0.059820297530560396,60,E[Agg(Q_xi)] - Agg(E[Q_xi]),True,"[0.10000000000000012, 0.2, 0.29999999999999993, 0.4]","[0.4799984800104797, 0.24000043999544013, 0.16000055999656015, 0.12000051999752008]",state_action_local,1,inf,5,0.05
2,110,Maximum-based,1.0,0.04765040224381401,0.04765040224381401,0.06175158829910554,60,E[Agg(Q_xi)] - Agg(E[Q_xi]),True,"[0.10000000000000012, 0.2, 0.29999999999999993, 0.4]","[0.4799984800104797, 0.24000043999544013, 0.16000055999656015, 0.12000051999752008]",state_action_local,1,inf,5,0.05
2,115,Maximum-based,1.0,0.048664702920778714,0.048664702920778714,0.06233728223340318,60,E[Agg(Q_xi)] - Agg(E[Q_xi]),True,"[0.10000000000000012, 0.2, 0.29999999999999993, 0.4]","[0.4799984800104797, 0.24000043999544013, 0.16000055999656015, 0.12000051999752008]",state_action_local,1,inf,5,0.05
2,120,Maximum-based,1.0,0.04904335466812729,0.04904335466812729,0.0632663283747128,60,E[Agg(Q_xi)] - Agg(E[Q_xi]),True,"[0.10000000000000012, 0.2, 0.29999999999999993, 0.4]","[0.4799984800104797, 0.24000043999544013, 0.16000055999656015, 0.12000051999752008]",state_action_local,1,inf,5,0.05
2,125,Maximum-based,1.0,0.04854046481340826,0.04854046481340826,0.06122916985928306,60,E[Agg(Q_xi)] - Agg(E[Q_xi]),True,"[0.10000000000000012, 0.2, 0.29999999999999993, 0.4]","[0.4799984800104797, 0.24000043999544013, 0.16000055999656015, 0.12000051999752008]",state_action_local,1,inf,5,0.05
2,130,Maximum-based,1.0,0.04822993081315412,0.04822993081315412,0.06281977232592961,60,E[Agg(Q_xi)] - Agg(E[Q_xi]),True,"[0.10000000000000012, 0.2, 0.29999999999999993, 0.4]","[0.4799984800104797, 0.24000043999544013, 0.16000055999656015, 0.12000051999752008]",state_action_local,1,inf,5,0.05
2,135,Maximum-based,1.0,0.04750527097912378,0.04750527097912378,0.061369768216164466,60,E[Agg(Q_xi)] - Agg(E[Q_xi]),True,"[0.10000000000000012, 0.2, 0.29999999999999993, 0.4]","[0.4799984800104797, 0.24000043999544013, 0.16000055999656015, 0.12000051999752008]",state_action_local,1,inf,5,0.05
2,140,Maximum-based,1.0,0.04803326385335837,0.04803326385335837,0.05957757167302802,60,E[Agg(Q_xi)] - Agg(E[Q_xi]),True,"[0.10000000000000012, 0.2, 0.29999999999999993, 0.4]","[0.4799984800104797, 0.24000043999544013, 0.16000055999656015, 0.12000051999752008]",state_action_local,1,inf,5,0.05
2,145,Maximum-based,1.0,0.0480700326545362,0.0480700326545362,0.059760699169549625,60,E[Agg(Q_xi)] - Agg(E[Q_xi]),True,"[0.10000000000000012, 0.2, 0.29999999999999993, 0.4]","[0.4799984800104797, 0.24000043999544013, 0.16000055999656015, 0.12000051999752008]",state_action_local,1,inf,5,0.05
2,150,Maximum-based,1.0,0.047886479644100935,0.047886479644100935,0.06601172620262297,60,E[Agg(Q_xi)] - Agg(E[Q_xi]),True,"[0.10000000000000012, 0.2, 0.29999999999999993, 0.4]","[0.4799984800104797, 0.24000043999544013, 0.16000055999656015, 0.12000051999752008]",state_action_local,1,inf,5,0.05
2,155,Maximum-based,1.0,0.047405440873232965,0.047405440873232965,0.05971572256728219,60,E[Agg(Q_xi)] - Agg(E[Q_xi]),True,"[0.10000000000000012, 0.2, 0.29999999999999993, 0.4]","[0.4799984800104797, 0.24000043999544013, 0.16000055999656015, 0.12000051999752008]",state_action_local,1,inf,5,0.05
2,160,Maximum-based,1.0,0.047333497617938224,0.047333497617938224,0.06119331223859614,60,E[Agg(Q_xi)] - Agg(E[Q_xi]),True,"[0.10000000000000012, 0.2, 0.29999999999999993, 0.4]","[0.4799984800104797, 0.24000043999544013, 0.16000055999656015, 0.12000051999752008]",state_action_local,1,inf,5,0.05
2,165,Maximum-based,1.0,0.04773612815453311,0.04773612815453311,0.06234694277518571,60,E[Agg(Q_xi)] - Agg(E[Q_xi]),True,"[0.10000000000000012, 0.2, 0.29999999999999993, 0.4]","[0.4799984800104797, 0.24000043999544013, 0.16000055999656015, 0.12000051999752008]",state_action_local,1,inf,5,0.05
2,170,Maximum-based,1.0,0.047166877286147754,0.047166877286147754,0.06071731196050756,60,E[Agg(Q_xi)] - Agg(E[Q_xi]),True,"[0.10000000000000012, 0.2, 0.29999999999999993, 0.4]","[0.4799984800104797, 0.24000043999544013, 0.16000055999656015, 0.12000051999752008]",state_action_local,1,inf,5,0.05
2,175,Maximum-based,1.0,0.046625188689353954,0.046625188689353954,0.058858402329934556,60,E[Agg(Q_xi)] - Agg(E[Q_xi]),True,"[0.10000000000000012, 0.2, 0.29999999999999993, 0.4]","[0.4799984800104797, 0.24000043999544013, 0.16000055999656015, 0.12000051999752008]",state_action_local,1,inf,5,0.05
2,180,Maximum-based,1.0,0.047751748429695234,0.047751748429695234,0.06582302708535437,60,E[Agg(Q_xi)] - Agg(E[Q_xi]),True,"[0.10000000000000012, 0.2, 0.29999999999999993, 0.4]","[0.4799984800104797, 0.24000043999544013, 0.16000055999656015, 0.12000051999752008]",state_action_local,1,inf,5,0.05
2,185,Maximum-based,1.0,0.047066067334197846,0.047066067334197846,0.061166677377903156,60,E[Agg(Q_xi)] - Agg(E[Q_xi]),True,"[0.10000000000000012, 0.2, 0.29999999999999993, 0.4]","[0.4799984800104797, 0.24000043999544013, 0.16000055999656015, 0.12000051999752008]",state_action_local,1,inf,5,0.05
2,190,Maximum-based,1.0,0.04717578869054024,0.04717578869054024,0.0658052960394162,60,E[Agg(Q_xi)] - Agg(E[Q_xi]),True,"[0.10000000000000012, 0.2, 0.29999999999999993, 0.4]","[0.4799984800104797, 0.24000043999544013, 0.16000055999656015, 0.12000051999752008]",state_action_local,1,inf,5,0.05
2,195,Maximum-based,1.0,0.04667236134918588,0.04667236134918588,0.06098155035171349,60,E[Agg(Q_xi)] - Agg(E[Q_xi]),True,"[0.10000000000000012, 0.2, 0.29999999999999993, 0.4]","[0.4799984800104797, 0.24000043999544013, 0.16000055999656015, 0.12000051999752008]",state_action_local,1,inf,5,0.05
2,200,Maximum-based,1.0,0.04763946160481167,0.04763946160481167,0.06484528084977192,60,E[Agg(Q_xi)] - Agg(E[Q_xi]),True,"[0.10000000000000012, 0.2, 0.29999999999999993, 0.4]","[0.4799984800104797, 0.24000043999544013, 0.16000055999656015, 0.12000051999752008]",state_action_local,1,inf,5,0.05
2,205,Maximum-based,1.0,0.04657841037230318,0.04657841037230318,0.059420541540056604,60,E[Agg(Q_xi)] - Agg(E[Q_xi]),True,"[0.10000000000000012, 0.2, 0.29999999999999993, 0.4]","[0.4799984800104797, 0.24000043999544013, 0.16000055999656015, 0.12000051999752008]",state_action_local,1,inf,5,0.05
2,210,Maximum-based,1.0,0.04682056217349182,0.04682056217349182,0.05953792026603466,60,E[Agg(Q_xi)] - Agg(E[Q_xi]),True,"[0.10000000000000012, 0.2, 0.29999999999999993, 0.4]","[0.4799984800104797, 0.24000043999544013, 0.16000055999656015, 0.12000051999752008]",state_action_local,1,inf,5,0.05
2,215,Maximum-based,1.0,0.046906637408883484,0.046906637408883484,0.05924503958676208,60,E[Agg(Q_xi)] - Agg(E[Q_xi]),True,"[0.10000000000000012, 0.2, 0.29999999999999993, 0.4]","[0.4799984800104797, 0.24000043999544013, 0.16000055999656015, 0.12000051999752008]",state_action_local,1,inf,5,0.05
2,220,Maximum-based,1.0,0.04696537263123766,0.04696537263123766,0.06221044784220098,60,E[Agg(Q_xi)] - Agg(E[Q_xi]),True,"[0.10000000000000012, 0.2, 0.29999999999999993, 0.4]","[0.4799984800104797, 0.24000043999544013, 0.16000055999656015, 0.12000051999752008]",state_action_local,1,inf,5,0.05
2,225,Maximum-based,1.0,0.04739551342380043,0.04739551342380043,0.059948804681495105,60,E[Agg(Q_xi)] - Agg(E[Q_xi]),True,"[0.10000000000000012, 0.2, 0.29999999999999993, 0.4]","[0.4799984800104797, 0.24000043999544013, 0.16000055999656015, 0.12000051999752008]",state_action_local,1,inf,5,0.05
2,230,Maximum-based,1.0,0.046894082663741246,0.046894082663741246,0.06180381137033919,60,E[Agg(Q_xi)] - Agg(E[Q_xi]),True,"[0.10000000000000012, 0.2, 0.29999999999999993, 0.4]","[0.4799984800104797, 0.24000043999544013, 0.16000055999656015, 0.12000051999752008]",state_action_local,1,inf,5,0.05
2,235,Maximum-based,1.0,0.04657763982699512,0.04657763982699512,0.060687195475248146,60,E[Agg(Q_xi)] - Agg(E[Q_xi]),True,"[0.10000000000000012, 0.2, 0.29999999999999993, 0.4]","[0.4799984800104797, 0.24000043999544013, 0.16000055999656015, 0.12000051999752008]",state_action_local,1,inf,5,0.05
2,240,Maximum-based,1.0,0.04676305176639655,0.04676305176639655,0.06171679578709721,60,E[Agg(Q_xi)] - Agg(E[Q_xi]),True,"[0.10000000000000012, 0.2, 0.29999999999999993, 0.4]","[0.4799984800104797, 0.24000043999544013, 0.16000055999656015, 0.12000051999752008]",state_action_local,1,inf,5,0.05
2,245,Maximum-based,1.0,0.047096371106307634,0.047096371106307634,0.06229566908337425,60,E[Agg(Q_xi)] - Agg(E[Q_xi]),True,"[0.10000000000000012, 0.2, 0.29999999999999993, 0.4]","[0.4799984800104797, 0.24000043999544013, 0.16000055999656015, 0.12000051999752008]",state_action_local,1,inf,5,0.05
2,250,Maximum-based,1.0,0.04732497758712818,0.04732497758712818,0.06058973629541953,60,E[Agg(Q_xi)] - Agg(E[Q_xi]),True,"[0.10000000000000012, 0.2, 0.29999999999999993, 0.4]","[0.4799984800104797, 0.24000043999544013, 0.16000055999656015, 0.12000051999752008]",state_action_local,1,inf,5,0.05
2,255,Maximum-based,1.0,0.0470006287050918,0.0470006287050918,0.058705415038362574,60,E[Agg(Q_xi)] - Agg(E[Q_xi]),True,"[0.10000000000000012, 0.2, 0.29999999999999993, 0.4]","[0.4799984800104797, 0.24000043999544013, 0.16000055999656015, 0.12000051999752008]",state_action_local,1,inf,5,0.05
2,260,Maximum-based,1.0,0.04747964918218825,0.04747964918218825,0.06208873898966871,60,E[Agg(Q_xi)] - Agg(E[Q_xi]),True,"[0.10000000000000012, 0.2, 0.29999999999999993, 0.4]","[0.4799984800104797, 0.24000043999544013, 0.16000055999656015, 0.12000051999752008]",state_action_local,1,inf,5,0.05
2,265,Maximum-based,1.0,0.04717581088488292,0.04717581088488292,0.06115444780324175,60,E[Agg(Q_xi)] - Agg(E[Q_xi]),True,"[0.10000000000000012, 0.2, 0.29999999999999993, 0.4]","[0.4799984800104797, 0.24000043999544013, 0.16000055999656015, 0.12000051999752008]",state_action_local,1,inf,5,0.05
2,270,Maximum-based,1.0,0.04715834286427672,0.04715834286427672,0.06178960408449541,60,E[Agg(Q_xi)] - Agg(E[Q_xi]),True,"[0.10000000000000012, 0.2, 0.29999999999999993, 0.4]","[0.4799984800104797, 0.24000043999544013, 0.16000055999656015, 0.12000051999752008]",state_action_local,1,inf,5,0.05
2,275,Maximum-based,1.0,0.04776918078674695,0.04776918078674695,0.06195148358666813,60,E[Agg(Q_xi)] - Agg(E[Q_xi]),True,"[0.10000000000000012, 0.2, 0.29999999999999993, 0.4]","[0.4799984800104797, 0.24000043999544013, 0.16000055999656015, 0.12000051999752008]",state_action_local,1,inf,5,0.05
2,280,Maximum-based,1.0,0.04689862526943577,0.04689862526943577,0.05971229925976829,60,E[Agg(Q_xi)] - Agg(E[Q_xi]),True,"[0.10000000000000012, 0.2, 0.29999999999999993, 0.4]","[0.4799984800104797, 0.24000043999544013, 0.16000055999656015, 0.12000051999752008]",state_action_local,1,inf,5,0.05
2,285,Maximum-based,1.0,0.0471396652012992,0.0471396652012992,0.06543011573083746,60,E[Agg(Q_xi)] - Agg(E[Q_xi]),True,"[0.10000000000000012, 0.2, 0.29999999999999993, 0.4]","[0.4799984800104797, 0.24000043999544013, 0.16000055999656015, 0.12000051999752008]",state_action_local,1,inf,5,0.05
2,290,Maximum-based,1.0,0.047345471083377284,0.047345471083377284,0.06299137707383018,60,E[Agg(Q_xi)] - Agg(E[Q_xi]),True,"[0.10000000000000012, 0.2, 0.29999999999999993, 0.4]","[0.4799984800104797, 0.24000043999544013, 0.16000055999656015, 0.12000051999752008]",state_action_local,1,inf,5,0.05
2,295,Maximum-based,1.0,0.04723522230560504,0.04723522230560504,0.06265723171638982,60,E[Agg(Q_xi)] - Agg(E[Q_xi]),True,"[0.10000000000000012, 0.2, 0.29999999999999993, 0.4]","[0.4799984800104797, 0.24000043999544013, 0.16000055999656015, 0.12000051999752008]",state_action_local,1,inf,5,0.05
2,300,Maximum-based,1.0,0.047657270874407055,0.047657270874407055,0.06206018396270707,60,E[Agg(Q_xi)] - Agg(E[Q_xi]),True,"[0.10000000000000012, 0.2, 0.29999999999999993, 0.4]","[0.4799984800104797, 0.24000043999544013, 0.16000055999656015, 0.12000051999752008]",state_action_local,1,inf,5,0.05
2,305,Maximum-based,1.0,0.047268268171212394,0.047268268171212394,0.06445143052855862,60,E[Agg(Q_xi)] - Agg(E[Q_xi]),True,"[0.10000000000000012, 0.2, 0.29999999999999993, 0.4]","[0.4799984800104797, 0.24000043999544013, 0.16000055999656015, 0.12000051999752008]",state_action_local,1,inf,5,0.05
2,310,Maximum-based,1.0,0.04743396132485717,0.04743396132485717,0.058086500390471585,60,E[Agg(Q_xi)] - Agg(E[Q_xi]),True,"[0.10000000000000012, 0.2, 0.29999999999999993, 0.4]","[0.4799984800104797, 0.24000043999544013, 0.16000055999656015, 0.12000051999752008]",state_action_local,1,inf,5,0.05
2,315,Maximum-based,1.0,0.04764701911602593,0.04764701911602593,0.06241376971720136,60,E[Agg(Q_xi)] - Agg(E[Q_xi]),True,"[0.10000000000000012, 0.2, 0.29999999999999993, 0.4]","[0.4799984800104797, 0.24000043999544013, 0.16000055999656015, 0.12000051999752008]",state_action_local,1,inf,5,0.05
2,320,Maximum-based,1.0,0.04740142694616461,0.04740142694616461,0.06398582550610321,60,E[Agg(Q_xi)] - Agg(E[Q_xi]),True,"[0.10000000000000012, 0.2, 0.29999999999999993, 0.4]","[0.4799984800104797, 0.24000043999544013, 0.16000055999656015, 0.12000051999752008]",state_action_local,1,inf,5,0.05
2,325,Maximum-based,1.0,0.047430432767632376,0.047430432767632376,0.060439862341130635,60,E[Agg(Q_xi)] - Agg(E[Q_xi]),True,"[0.10000000000000012, 0.2, 0.29999999999999993, 0.4]","[0.4799984800104797, 0.24000043999544013, 0.16000055999656015, 0.12000051999752008]",state_action_local,1,inf,5,0.05
2,330,Maximum-based,1.0,0.047385493367954175,0.047385493367954175,0.061114993669059814,60,E[Agg(Q_xi)] - Agg(E[Q_xi]),True,"[0.10000000000000012, 0.2, 0.29999999999999993, 0.4]","[0.4799984800104797, 0.24000043999544013, 0.16000055999656015, 0.12000051999752008]",state_action_local,1,inf,5,0.05
2,335,Maximum-based,1.0,0.04724362420142698,0.04724362420142698,0.06002221233881677,60,E[Agg(Q_xi)] - Agg(E[Q_xi]),True,"[0.10000000000000012, 0.2, 0.29999999999999993, 0.4]","[0.4799984800104797, 0.24000043999544013, 0.16000055999656015, 0.12000051999752008]",state_action_local,1,inf,5,0.05
2,340,Maximum-based,1.0,0.04716957027571723,0.04716957027571723,0.059469445329147774,60,E[Agg(Q_xi)] - Agg(E[Q_xi]),True,"[0.10000000000000012, 0.2, 0.29999999999999993, 0.4]","[0.4799984800104797, 0.24000043999544013, 0.16000055999656015, 0.12000051999752008]",state_action_local,1,inf,5,0.05
2,345,Maximum-based,1.0,0.0466877822310727,0.0466877822310727,0.06065437511987426,60,E[Agg(Q_xi)] - Agg(E[Q_xi]),True,"[0.10000000000000012, 0.2, 0.29999999999999993, 0.4]","[0.4799984800104797, 0.24000043999544013, 0.16000055999656015, 0.12000051999752008]",state_action_local,1,inf,5,0.05
2,350,Maximum-based,1.0,0.04730458132093167,0.04730458132093167,0.061201976313089546,60,E[Agg(Q_xi)] - Agg(E[Q_xi]),True,"[0.10000000000000012, 0.2, 0.29999999999999993, 0.4]","[0.4799984800104797, 0.24000043999544013, 0.16000055999656015, 0.12000051999752008]",state_action_local,1,inf,5,0.05
2,355,Maximum-based,1.0,0.048112929705284455,0.048112929705284455,0.06400574349298083,60,E[Agg(Q_xi)] - Agg(E[Q_xi]),True,"[0.10000000000000012, 0.2, 0.29999999999999993, 0.4]","[0.4799984800104797, 0.24000043999544013, 0.16000055999656015, 0.12000051999752008]",state_action_local,1,inf,5,0.05
2,360,Maximum-based,1.0,0.04653020552292708,0.04653020552292708,0.06740830683409982,60,E[Agg(Q_xi)] - Agg(E[Q_xi]),True,"[0.10000000000000012, 0.2, 0.29999999999999993, 0.4]","[0.4799984800104797, 0.24000043999544013, 0.16000055999656015, 0.12000051999752008]",state_action_local,1,inf,5,0.05
2,365,Maximum-based,1.0,0.04719655910542837,0.04719655910542837,0.06061062063277056,60,E[Agg(Q_xi)] - Agg(E[Q_xi]),True,"[0.10000000000000012, 0.2, 0.29999999999999993, 0.4]","[0.4799984800104797, 0.24000043999544013, 0.16000055999656015, 0.12000051999752008]",state_action_local,1,inf,5,0.05
2,370,Maximum-based,1.0,0.04761716528182848,0.04761716528182848,0.06106729018713963,60,E[Agg(Q_xi)] - Agg(E[Q_xi]),True,"[0.10000000000000012, 0.2, 0.29999999999999993, 0.4]","[0.4799984800104797, 0.24000043999544013, 0.16000055999656015, 0.12000051999752008]",state_action_local,1,inf,5,0.05
2,375,Maximum-based,1.0,0.04735865160601351,0.04735865160601351,0.06254245688587012,60,E[Agg(Q_xi)] - Agg(E[Q_xi]),True,"[0.10000000000000012, 0.2, 0.29999999999999993, 0.4]","[0.4799984800104797, 0.24000043999544013, 0.16000055999656015, 0.12000051999752008]",state_action_local,1,inf,5,0.05
2,380,Maximum-based,1.0,0.04704701935455581,0.04704701935455581,0.06819535208365757,60,E[Agg(Q_xi)] - Agg(E[Q_xi]),True,"[0.10000000000000012, 0.2, 0.29999999999999993, 0.4]","[0.4799984800104797, 0.24000043999544013, 0.16000055999656015, 0.12000051999752008]",state_action_local,1,inf,5,0.05
2,385,Maximum-based,1.0,0.046954369250320836,0.046954369250320836,0.058110644177475024,60,E[Agg(Q_xi)] - Agg(E[Q_xi]),True,"[0.10000000000000012, 0.2, 0.29999999999999993, 0.4]","[0.4799984800104797, 0.24000043999544013, 0.16000055999656015, 0.12000051999752008]",state_action_local,1,inf,5,0.05
2,390,Maximum-based,1.0,0.047180051129402815,0.047180051129402815,0.06071556664747568,60,E[Agg(Q_xi)] - Agg(E[Q_xi]),True,"[0.10000000000000012, 0.2, 0.29999999999999993, 0.4]","[0.4799984800104797, 0.24000043999544013, 0.16000055999656015, 0.12000051999752008]",state_action_local,1,inf,5,0.05
2,395,Maximum-based,1.0,0.04700469308805147,0.04700469308805147,0.05903827641691173,60,E[Agg(Q_xi)] - Agg(E[Q_xi]),True,"[0.10000000000000012, 0.2, 0.29999999999999993, 0.4]","[0.4799984800104797, 0.24000043999544013, 0.16000055999656015, 0.12000051999752008]",state_action_local,1,inf,5,0.05
2,400,Maximum-based,1.0,0.04698134792332869,0.04698134792332869,0.0648507951188062,60,E[Agg(Q_xi)] - Agg(E[Q_xi]),True,"[0.10000000000000012, 0.2, 0.29999999999999993, 0.4]","[0.4799984800104797, 0.24000043999544013, 0.16000055999656015, 0.12000051999752008]",state_action_local,1,inf,5,0.05
2,5,Similarity-aware,1.0,3.3248866622888804e-18,1.5583599225858316e-17,1.1102230246251565e-16,60,E[Agg(Q_xi)] - Agg(E[Q_xi]),True,"[0.10000000000000012, 0.2, 0.29999999999999993, 0.4]","[0.4799984800104797, 0.24000043999544013, 0.16000055999656015, 0.12000051999752008]",state_action_local,1,inf,5,0.05
2,10,Similarity-aware,1.0,-1.7115938296304497e-17,1.9428902930940238e-17,2.220446049250313e-16,60,E[Agg(Q_xi)] - Agg(E[Q_xi]),True,"[0.10000000000000012, 0.2, 0.29999999999999993, 0.4]","[0.4799984800104797, 0.24000043999544013, 0.16000055999656015, 0.12000051999752008]",state_action_local,1,inf,5,0.05
2,15,Similarity-aware,1.0,-3.7007434154171884e-18,3.86265093984169e-17,3.3306690738754696e-16,60,E[Agg(Q_xi)] - Agg(E[Q_xi]),True,"[0.10000000000000012, 0.2, 0.29999999999999993, 0.4]","[0.4799984800104797, 0.24000043999544013, 0.16000055999656015, 0.12000051999752008]",state_action_local,1,inf,5,0.05
2,20,Similarity-aware,1.0,1.1564823173178713e-18,5.4817261840867107e-17,3.3306690738754696e-16,60,E[Agg(Q_xi)] - Agg(E[Q_xi]),True,"[0.10000000000000012, 0.2, 0.29999999999999993, 0.4]","[0.4799984800104797, 0.24000043999544013, 0.16000055999656015, 0.12000051999752008]",state_action_local,1,inf,5,0.05
2,25,Similarity-aware,1.0,1.8503717077085942e-18,6.892634611214514e-17,4.440892098500626e-16,60,E[Agg(Q_xi)] - Agg(E[Q_xi]),True,"[0.10000000000000012, 0.2, 0.29999999999999993, 0.4]","[0.4799984800104797, 0.24000043999544013, 0.16000055999656015, 0.12000051999752008]",state_action_local,1,inf,5,0.05
2,30,Similarity-aware,1.0,1.7115938296304497e-17,9.390636416621116e-17,6.661338147750939e-16,60,E[Agg(Q_xi)] - Agg(E[Q_xi]),True,"[0.10000000000000012, 0.2, 0.29999999999999993, 0.4]","[0.4799984800104797, 0.24000043999544013, 0.16000055999656015, 0.12000051999752008]",state_action_local,1,inf,5,0.05
2,35,Similarity-aware,1.0,-3.608224830031759e-17,8.789265611615822e-17,1.1102230246251565e-15,60,E[Agg(Q_xi)] - Agg(E[Q_xi]),True,"[0.10000000000000012, 0.2, 0.29999999999999993, 0.4]","[0.4799984800104797, 0.24000043999544013, 0.16000055999656015, 0.12000051999752008]",state_action_local,1,inf,5,0.05
2,40,Similarity-aware,1.0,3.8857805861880476e-17,1.4155343563970745e-16,1.1102230246251565e-15,60,E[Agg(Q_xi)] - Agg(E[Q_xi]),True,"[0.10000000000000012, 0.2, 0.29999999999999993, 0.4]","[0.4799984800104797, 0.24000043999544013, 0.16000055999656015, 0.12000051999752008]",state_action_local,1,inf,5,0.05
2,45,Similarity-aware,1.0,-4.4408920985006264e-17,1.1564823173178715e-16,1.1102230246251565e-15,60,E[Agg(Q_xi)] - Agg(E[Q_xi]),True,"[0.10000000000000012, 0.2, 0.29999999999999993, 0.4]","[0.4799984800104797, 0.24000043999544013, 0.16000055999656015, 0.12000051999752008]",state_action_local,1,inf,5,0.05
2,50,Similarity-aware,1.0,-3.515706244646329e-17,1.4988010832439614e-16,1.1102230246251565e-15,60,E[Agg(Q_xi)] - Agg(E[Q_xi]),True,"[0.10000000000000012, 0.2, 0.29999999999999993, 0.4]","[0.4799984800104797, 0.24000043999544013, 0.16000055999656015, 0.12000051999752008]",state_action_local,1,inf,5,0.05
2,55,Similarity-aware,1.0,2.4054832200211726e-17,1.7948605564773364e-16,1.1102230246251565e-15,60,E[Agg(Q_xi)] - Agg(E[Q_xi]),True,"[0.10000000000000012, 0.2, 0.29999999999999993, 0.4]","[0.4799984800104797, 0.24000043999544013, 0.16000055999656015, 0.12000051999752008]",state_action_local,1,inf,5,0.05
2,60,Similarity-aware,1.0,-5.181040781584064e-17,1.3877787807814457e-16,1.3322676295501878e-15,60,E[Agg(Q_xi)] - Agg(E[Q_xi]),True,"[0.10000000000000012, 0.2, 0.29999999999999993, 0.4]","[0.4799984800104797, 0.24000043999544013, 0.16000055999656015, 0.12000051999752008]",state_action_local,1,inf,5,0.05
2,65,Similarity-aware,1.0,-1.4802973661668754e-17,1.979897727248196e-16,1.7763568394002505e-15,60,E[Agg(Q_xi)] - Agg(E[Q_xi]),True,"[0.10000000000000012, 0.2, 0.29999999999999993, 0.4]","[0.4799984800104797, 0.24000043999544013, 0.16000055999656015, 0.12000051999752008]",state_action_local,1,inf,5,0.05
2,70,Similarity-aware,1.0,1.8503717077085943e-16,3.108624468950438e-16,1.3322676295501878e-15,60,E[Agg(Q_xi)] - Agg(E[Q_xi]),True,"[0.10000000000000012, 0.2, 0.29999999999999993, 0.4]","[0.4799984800104797, 0.24000043999544013, 0.16000055999656015, 0.12000051999752008]",state_action_local,1,inf,5,0.05
2,75,Similarity-aware,1.0,2.4054832200211726e-17,2.3684757858670006e-16,1.7763568394002505e-15,60,E[Agg(Q_xi)] - Agg(E[Q_xi]),True,"[0.10000000000000012, 0.2, 0.29999999999999993, 0.4]","[0.4799984800104797, 0.24000043999544013, 0.16000055999656015, 0.12000051999752008]",state_action_local,1,inf,5,0.05
2,80,Similarity-aware,1.0,4.4408920985006264e-17,2.905083581102493e-16,1.7763568394002505e-15,60,E[Agg(Q_xi)] - Agg(E[Q_xi]),True,"[0.10000000000000012, 0.2, 0.29999999999999993, 0.4]","[0.4799984800104797, 0.24000043999544013, 0.16000055999656015, 0.12000051999752008]",state_action_local,1,inf,5,0.05
2,85,Similarity-aware,1.0,-7.956598343146955e-17,2.312964634635743e-16,2.220446049250313e-15,60,E[Agg(Q_xi)] - Agg(E[Q_xi]),True,"[0.10000000000000012, 0.2, 0.29999999999999993, 0.4]","[0.4799984800104797, 0.24000043999544013, 0.16000055999656015, 0.12000051999752008]",state_action_local,1,inf,5,0.05
2,90,Similarity-aware,1.0,-1.0732155904709847e-16,2.4794980883295163e-16,2.6645352591003757e-15,60,E[Agg(Q_xi)] - Agg(E[Q_xi]),True,"[0.10000000000000012, 0.2, 0.29999999999999993, 0.4]","[0.4799984800104797, 0.24000043999544013, 0.16000055999656015, 0.12000051999752008]",state_action_local,1,inf,5,0.05
2,95,Similarity-aware,1.0,5.181040781584064e-17,3.293661639721298e-16,2.220446049250313e-15,60,E[Agg(Q_xi)] - Agg(E[Q_xi]),True,"[0.10000000000000012, 0.2, 0.29999999999999993, 0.4]","[0.4799984800104797, 0.24000043999544013, 0.16000055999656015, 0.12000051999752008]",state_action_local,1,inf,5,0.05
2,100,Similarity-aware,1.0,4.070817756958907e-17,3.182639337258782e-16,2.6645352591003757e-15,60,E[Agg(Q_xi)] - Agg(E[Q_xi]),True,"[0.10000000000000012, 0.2, 0.29999999999999993, 0.4]","[0.4799984800104797, 0.24000043999544013, 0.16000055999656015, 0.12000051999752008]",state_action_local,1,inf,5,0.05
2,105,Similarity-aware,1.0,-1.0732155904709847e-16,2.7755575615628914e-16,2.220446049250313e-15,60,E[Agg(Q_xi)] - Agg(E[Q_xi]),True,"[0.10000000000000012, 0.2, 0.29999999999999993, 0.4]","[0.4799984800104797, 0.24000043999544013, 0.16000055999656015, 0.12000051999752008]",state_action_local,1,inf,5,0.05
2,110,Similarity-aware,1.0,6.661338147750939e-17,4.1078251911130794e-16,2.6645352591003757e-15,60,E[Agg(Q_xi)] - Agg(E[Q_xi]),True,"[0.10000000000000012, 0.2, 0.29999999999999993, 0.4]","[0.4799984800104797, 0.24000043999544013, 0.16000055999656015, 0.12000051999752008]",state_action_local,1,inf,5,0.05
2,115,Similarity-aware,1.0,1.6283271027835628e-16,4.181840059421423e-16,2.6645352591003757e-15,60,E[Agg(Q_xi)] - Agg(E[Q_xi]),True,"[0.10000000000000012, 0.2, 0.29999999999999993, 0.4]","[0.4799984800104797, 0.24000043999544013, 0.16000055999656015, 0.12000051999752008]",state_action_local,1,inf,5,0.05
2,120,Similarity-aware,1.0,3.700743415417188e-17,3.848773152033876e-16,2.6645352591003757e-15,60,E[Agg(Q_xi)] - Agg(E[Q_xi]),True,"[0.10000000000000012, 0.2, 0.29999999999999993, 0.4]","[0.4799984800104797, 0.24000043999544013, 0.16000055999656015, 0.12000051999752008]",state_action_local,1,inf,5,0.05
2,125,Similarity-aware,1.0,-4.810966440042345e-17,3.589721112954673e-16,2.6645352591003757e-15,60,E[Agg(Q_xi)] - Agg(E[Q_xi]),True,"[0.10000000000000012, 0.2, 0.29999999999999993, 0.4]","[0.4799984800104797, 0.24000043999544013, 0.16000055999656015, 0.12000051999752008]",state_action_local,1,inf,5,0.05
2,130,Similarity-aware,1.0,5.181040781584064e-17,3.7007434154171886e-16,2.6645352591003757e-15,60,E[Agg(Q_xi)] - Agg(E[Q_xi]),True,"[0.10000000000000012, 0.2, 0.29999999999999993, 0.4]","[0.4799984800104797, 0.24000043999544013, 0.16000055999656015, 0.12000051999752008]",state_action_local,1,inf,5,0.05
2,135,Similarity-aware,1.0,-3.3306690738754695e-17,3.0716170347962664e-16,2.220446049250313e-15,60,E[Agg(Q_xi)] - Agg(E[Q_xi]),True,"[0.10000000000000012, 0.2, 0.29999999999999993, 0.4]","[0.4799984800104797, 0.24000043999544013, 0.16000055999656015, 0.12000051999752008]",state_action_local,1,inf,5,0.05
2,140,Similarity-aware,1.0,7.401486830834377e-18,3.885780586188048e-16,2.6645352591003757e-15,60,E[Agg(Q_xi)] - Agg(E[Q_xi]),True,"[0.10000000000000012, 0.2, 0.29999999999999993, 0.4]","[0.4799984800104797, 0.24000043999544013, 0.16000055999656015, 0.12000051999752008]",state_action_local,1,inf,5,0.05
2,145,Similarity-aware,1.0,-7.401486830834377e-17,3.2566542055671256e-16,3.552713678800501e-15,60,E[Agg(Q_xi)] - Agg(E[Q_xi]),True,"[0.10000000000000012, 0.2, 0.29999999999999993, 0.4]","[0.4799984800104797, 0.24000043999544013, 0.16000055999656015, 0.12000051999752008]",state_action_local,1,inf,5,0.05
2,150,Similarity-aware,1.0,1.4802973661668754e-17,3.7377508495713604e-16,2.6645352591003757e-15,60,E[Agg(Q_xi)] - Agg(E[Q_xi]),True,"[0.10000000000000012, 0.2, 0.29999999999999993, 0.4]","[0.4799984800104797, 0.24000043999544013, 0.16000055999656015, 0.12000051999752008]",state_action_local,1,inf,5,0.05
2,155,Similarity-aware,1.0,4.4408920985006264e-17,4.440892098500626e-16,2.6645352591003757e-15,60,E[Agg(Q_xi)] - Agg(E[Q_xi]),True,"[0.10000000000000012, 0.2, 0.29999999999999993, 0.4]","[0.4799984800104797, 0.24000043999544013, 0.16000055999656015, 0.12000051999752008]",state_action_local,1,inf,5,0.05
2,160,Similarity-aware,1.0,1.4802973661668754e-17,4.070817756958907e-16,3.552713678800501e-15,60,E[Agg(Q_xi)] - Agg(E[Q_xi]),True,"[0.10000000000000012, 0.2, 0.29999999999999993, 0.4]","[0.4799984800104797, 0.24000043999544013, 0.16000055999656015, 0.12000051999752008]",state_action_local,1,inf,5,0.05
2,165,Similarity-aware,1.0,-3.700743415417188e-17,4.070817756958907e-16,2.6645352591003757e-15,60,E[Agg(Q_xi)] - Agg(E[Q_xi]),True,"[0.10000000000000012, 0.2, 0.29999999999999993, 0.4]","[0.4799984800104797, 0.24000043999544013, 0.16000055999656015, 0.12000051999752008]",state_action_local,1,inf,5,0.05
2,170,Similarity-aware,1.0,-5.921189464667501e-17,5.181040781584064e-16,3.552713678800501e-15,60,E[Agg(Q_xi)] - Agg(E[Q_xi]),True,"[0.10000000000000012, 0.2, 0.29999999999999993, 0.4]","[0.4799984800104797, 0.24000043999544013, 0.16000055999656015, 0.12000051999752008]",state_action_local,1,inf,5,0.05
2,175,Similarity-aware,1.0,-1.1102230246251565e-16,4.2928623618839387e-16,3.552713678800501e-15,60,E[Agg(Q_xi)] - Agg(E[Q_xi]),True,"[0.10000000000000012, 0.2, 0.29999999999999993, 0.4]","[0.4799984800104797, 0.24000043999544013, 0.16000055999656015, 0.12000051999752008]",state_action_local,1,inf,5,0.05
2,180,Similarity-aware,1.0,1.1842378929335003e-16,5.847174596359158e-16,4.440892098500626e-15,60,E[Agg(Q_xi)] - Agg(E[Q_xi]),True,"[0.10000000000000012, 0.2, 0.29999999999999993, 0.4]","[0.4799984800104797, 0.24000043999544013, 0.16000055999656015, 0.12000051999752008]",state_action_local,1,inf,5,0.05
2,185,Similarity-aware,1.0,-1.4802973661668754e-17,5.551115123125783e-16,3.552713678800501e-15,60,E[Agg(Q_xi)] - Agg(E[Q_xi]),True,"[0.10000000000000012, 0.2, 0.29999999999999993, 0.4]","[0.4799984800104797, 0.24000043999544013, 0.16000055999656015, 0.12000051999752008]",state_action_local,1,inf,5,0.05
2,190,Similarity-aware,1.0,-2.2204460492503132e-17,5.551115123125783e-16,4.440892098500626e-15,60,E[Agg(Q_xi)] - Agg(E[Q_xi]),True,"[0.10000000000000012, 0.2, 0.29999999999999993, 0.4]","[0.4799984800104797, 0.24000043999544013, 0.16000055999656015, 0.12000051999752008]",state_action_local,1,inf,5,0.05
2,195,Similarity-aware,1.0,-1.7763568394002506e-16,5.033011044967376e-16,4.440892098500626e-15,60,E[Agg(Q_xi)] - Agg(E[Q_xi]),True,"[0.10000000000000012, 0.2, 0.29999999999999993, 0.4]","[0.4799984800104797, 0.24000043999544013, 0.16000055999656015, 0.12000051999752008]",state_action_local,1,inf,5,0.05
2,200,Similarity-aware,1.0,1.6283271027835628e-16,7.031412489292658e-16,4.440892098500626e-15,60,E[Agg(Q_xi)] - Agg(E[Q_xi]),True,"[0.10000000000000012, 0.2, 0.29999999999999993, 0.4]","[0.4799984800104797, 0.24000043999544013, 0.16000055999656015, 0.12000051999752008]",state_action_local,1,inf,5,0.05
2,205,Similarity-aware,1.0,-5.921189464667501e-17,5.625129991434126e-16,3.552713678800501e-15,60,E[Agg(Q_xi)] - Agg(E[Q_xi]),True,"[0.10000000000000012, 0.2, 0.29999999999999993, 0.4]","[0.4799984800104797, 0.24000043999544013, 0.16000055999656015, 0.12000051999752008]",state_action_local,1,inf,5,0.05
2,210,Similarity-aware,1.0,-1.924386576016938e-16,5.551115123125783e-16,4.440892098500626e-15,60,E[Agg(Q_xi)] - Agg(E[Q_xi]),True,"[0.10000000000000012, 0.2, 0.29999999999999993, 0.4]","[0.4799984800104797, 0.24000043999544013, 0.16000055999656015, 0.12000051999752008]",state_action_local,1,inf,5,0.05
2,215,Similarity-aware,1.0,-1.258252761241844e-16,5.625129991434126e-16,3.552713678800501e-15,60,E[Agg(Q_xi)] - Agg(E[Q_xi]),True,"[0.10000000000000012, 0.2, 0.29999999999999993, 0.4]","[0.4799984800104797, 0.24000043999544013, 0.16000055999656015, 0.12000051999752008]",state_action_local,1,inf,5,0.05
2,220,Similarity-aware,1.0,2.294460917558657e-16,8.585724723767877e-16,5.329070518200751e-15,60,E[Agg(Q_xi)] - Agg(E[Q_xi]),True,"[0.10000000000000012, 0.2, 0.29999999999999993, 0.4]","[0.4799984800104797, 0.24000043999544013, 0.16000055999656015, 0.12000051999752008]",state_action_local,1,inf,5,0.05
2,225,Similarity-aware,1.0,-2.3684757858670006e-16,5.329070518200751e-16,4.440892098500626e-15,60,E[Agg(Q_xi)] - Agg(E[Q_xi]),True,"[0.10000000000000012, 0.2, 0.29999999999999993, 0.4]","[0.4799984800104797, 0.24000043999544013, 0.16000055999656015, 0.12000051999752008]",state_action_local,1,inf,5,0.05
2,230,Similarity-aware,1.0,0.0,6.957397620984314e-16,5.329070518200751e-15,60,E[Agg(Q_xi)] - Agg(E[Q_xi]),True,"[0.10000000000000012, 0.2, 0.29999999999999993, 0.4]","[0.4799984800104797, 0.24000043999544013, 0.16000055999656015, 0.12000051999752008]",state_action_local,1,inf,5,0.05
2,235,Similarity-aware,1.0,1.7023419710919068e-16,7.549516567451064e-16,5.329070518200751e-15,60,E[Agg(Q_xi)] - Agg(E[Q_xi]),True,"[0.10000000000000012, 0.2, 0.29999999999999993, 0.4]","[0.4799984800104797, 0.24000043999544013, 0.16000055999656015, 0.12000051999752008]",state_action_local,1,inf,5,0.05
2,240,Similarity-aware,1.0,-1.4062824978585316e-16,6.735353016059283e-16,5.329070518200751e-15,60,E[Agg(Q_xi)] - Agg(E[Q_xi]),True,"[0.10000000000000012, 0.2, 0.29999999999999993, 0.4]","[0.4799984800104797, 0.24000043999544013, 0.16000055999656015, 0.12000051999752008]",state_action_local,1,inf,5,0.05
2,245,Similarity-aware,1.0,7.401486830834377e-18,6.439293542825908e-16,4.440892098500626e-15,60,E[Agg(Q_xi)] - Agg(E[Q_xi]),True,"[0.10000000000000012, 0.2, 0.29999999999999993, 0.4]","[0.4799984800104797, 0.24000043999544013, 0.16000055999656015, 0.12000051999752008]",state_action_local,1,inf,5,0.05
2,250,Similarity-aware,1.0,-2.0724163126336256e-16,5.551115123125783e-16,4.440892098500626e-15,60,E[Agg(Q_xi)] - Agg(E[Q_xi]),True,"[0.10000000000000012, 0.2, 0.29999999999999993, 0.4]","[0.4799984800104797, 0.24000043999544013, 0.16000055999656015, 0.12000051999752008]",state_action_local,1,inf,5,0.05
2,255,Similarity-aware,1.0,2.6645352591003756e-16,8.289665250534502e-16,4.440892098500626e-15,60,E[Agg(Q_xi)] - Agg(E[Q_xi]),True,"[0.10000000000000012, 0.2, 0.29999999999999993, 0.4]","[0.4799984800104797, 0.24000043999544013, 0.16000055999656015, 0.12000051999752008]",state_action_local,1,inf,5,0.05
2,260,Similarity-aware,1.0,-1.1842378929335003e-16,6.439293542825908e-16,6.217248937900877e-15,60,E[Agg(Q_xi)] - Agg(E[Q_xi]),True,"[0.10000000000000012, 0.2, 0.29999999999999993, 0.4]","[0.4799984800104797, 0.24000043999544013, 0.16000055999656015, 0.12000051999752008]",state_action_local,1,inf,5,0.05
2,265,Similarity-aware,1.0,0.0,7.179442225909346e-16,4.440892098500626e-15,60,E[Agg(Q_xi)] - Agg(E[Q_xi]),True,"[0.10000000000000012, 0.2, 0.29999999999999993, 0.4]","[0.4799984800104797, 0.24000043999544013, 0.16000055999656015, 0.12000051999752008]",state_action_local,1,inf,5,0.05
2,270,Similarity-aware,1.0,3.700743415417188e-17,6.883382752675971e-16,4.440892098500626e-15,60,E[Agg(Q_xi)] - Agg(E[Q_xi]),True,"[0.10000000000000012, 0.2, 0.29999999999999993, 0.4]","[0.4799984800104797, 0.24000043999544013, 0.16000055999656015, 0.12000051999752008]",state_action_local,1,inf,5,0.05
2,275,Similarity-aware,1.0,-1.4802973661668753e-16,6.217248937900876e-16,4.440892098500626e-15,60,E[Agg(Q_xi)] - Agg(E[Q_xi]),True,"[0.10000000000000012, 0.2, 0.29999999999999993, 0.4]","[0.4799984800104797, 0.24000043999544013, 0.16000055999656015, 0.12000051999752008]",state_action_local,1,inf,5,0.05
2,280,Similarity-aware,1.0,8.141635513917814e-17,7.845576040684439e-16,5.329070518200751e-15,60,E[Agg(Q_xi)] - Agg(E[Q_xi]),True,"[0.10000000000000012, 0.2, 0.29999999999999993, 0.4]","[0.4799984800104797, 0.24000043999544013, 0.16000055999656015, 0.12000051999752008]",state_action_local,1,inf,5,0.05
2,285,Similarity-aware,1.0,4.440892098500626e-16,9.325873406851315e-16,4.440892098500626e-15,60,E[Agg(Q_xi)] - Agg(E[Q_xi]),True,"[0.10000000000000012, 0.2, 0.29999999999999993, 0.4]","[0.4799984800104797, 0.24000043999544013, 0.16000055999656015, 0.12000051999752008]",state_action_local,1,inf,5,0.05
2,290,Similarity-aware,1.0,3.700743415417188e-17,7.623531435759408e-16,5.329070518200751e-15,60,E[Agg(Q_xi)] - Agg(E[Q_xi]),True,"[0.10000000000000012, 0.2, 0.29999999999999993, 0.4]","[0.4799984800104797, 0.24000043999544013, 0.16000055999656015, 0.12000051999752008]",state_action_local,1,inf,5,0.05
2,295,Similarity-aware,1.0,-3.0346096006420946e-16,5.995204332975846e-16,4.440892098500626e-15,60,E[Agg(Q_xi)] - Agg(E[Q_xi]),True,"[0.10000000000000012, 0.2, 0.29999999999999993, 0.4]","[0.4799984800104797, 0.24000043999544013, 0.16000055999656015, 0.12000051999752008]",state_action_local,1,inf,5,0.05
2,300,Similarity-aware,1.0,2.6645352591003756e-16,8.511709855459534e-16,4.440892098500626e-15,60,E[Agg(Q_xi)] - Agg(E[Q_xi]),True,"[0.10000000000000012, 0.2, 0.29999999999999993, 0.4]","[0.4799984800104797, 0.24000043999544013, 0.16000055999656015, 0.12000051999752008]",state_action_local,1,inf,5,0.05
2,305,Similarity-aware,1.0,1.4802973661668753e-16,8.807769328692909e-16,5.329070518200751e-15,60,E[Agg(Q_xi)] - Agg(E[Q_xi]),True,"[0.10000000000000012, 0.2, 0.29999999999999993, 0.4]","[0.4799984800104797, 0.24000043999544013, 0.16000055999656015, 0.12000051999752008]",state_action_local,1,inf,5,0.05
2,310,Similarity-aware,1.0,-1.4062824978585316e-16,5.995204332975846e-16,5.329070518200751e-15,60,E[Agg(Q_xi)] - Agg(E[Q_xi]),True,"[0.10000000000000012, 0.2, 0.29999999999999993, 0.4]","[0.4799984800104797, 0.24000043999544013, 0.16000055999656015, 0.12000051999752008]",state_action_local,1,inf,5,0.05
2,315,Similarity-aware,1.0,1.924386576016938e-16,7.845576040684439e-16,4.440892098500626e-15,60,E[Agg(Q_xi)] - Agg(E[Q_xi]),True,"[0.10000000000000012, 0.2, 0.29999999999999993, 0.4]","[0.4799984800104797, 0.24000043999544013, 0.16000055999656015, 0.12000051999752008]",state_action_local,1,inf,5,0.05
2,320,Similarity-aware,1.0,-3.700743415417188e-17,7.549516567451064e-16,5.329070518200751e-15,60,E[Agg(Q_xi)] - Agg(E[Q_xi]),True,"[0.10000000000000012, 0.2, 0.29999999999999993, 0.4]","[0.4799984800104797, 0.24000043999544013, 0.16000055999656015, 0.12000051999752008]",state_action_local,1,inf,5,0.05
2,325,Similarity-aware,1.0,-2.7385501274087196e-16,5.773159728050814e-16,5.329070518200751e-15,60,E[Agg(Q_xi)] - Agg(E[Q_xi]),True,"[0.10000000000000012, 0.2, 0.29999999999999993, 0.4]","[0.4799984800104797, 0.24000043999544013, 0.16000055999656015, 0.12000051999752008]",state_action_local,1,inf,5,0.05
2,330,Similarity-aware,1.0,-7.401486830834377e-17,6.291263806209221e-16,4.440892098500626e-15,60,E[Agg(Q_xi)] - Agg(E[Q_xi]),True,"[0.10000000000000012, 0.2, 0.29999999999999993, 0.4]","[0.4799984800104797, 0.24000043999544013, 0.16000055999656015, 0.12000051999752008]",state_action_local,1,inf,5,0.05
2,335,Similarity-aware,1.0,2.960594732333751e-17,7.697546304067752e-16,5.329070518200751e-15,60,E[Agg(Q_xi)] - Agg(E[Q_xi]),True,"[0.10000000000000012, 0.2, 0.29999999999999993, 0.4]","[0.4799984800104797, 0.24000043999544013, 0.16000055999656015, 0.12000051999752008]",state_action_local,1,inf,5,0.05
2,340,Similarity-aware,1.0,-1.3322676295501878e-16,6.957397620984314e-16,5.329070518200751e-15,60,E[Agg(Q_xi)] - Agg(E[Q_xi]),True,"[0.10000000000000012, 0.2, 0.29999999999999993, 0.4]","[0.4799984800104797, 0.24000043999544013, 0.16000055999656015, 0.12000051999752008]",state_action_local,1,inf,5,0.05
2,345,Similarity-aware,1.0,-6.661338147750939e-17,8.585724723767877e-16,5.329070518200751e-15,60,E[Agg(Q_xi)] - Agg(E[Q_xi]),True,"[0.10000000000000012, 0.2, 0.29999999999999993, 0.4]","[0.4799984800104797, 0.24000043999544013, 0.16000055999656015, 0.12000051999752008]",state_action_local,1,inf,5,0.05
2,350,Similarity-aware,1.0,-1.0362081563168128e-16,7.031412489292658e-16,5.329070518200751e-15,60,E[Agg(Q_xi)] - Agg(E[Q_xi]),True,"[0.10000000000000012, 0.2, 0.29999999999999993, 0.4]","[0.4799984800104797, 0.24000043999544013, 0.16000055999656015, 0.12000051999752008]",state_action_local,1,inf,5,0.05
2,355,Similarity-aware,1.0,2.7385501274087196e-16,9.473903143468002e-16,5.329070518200751e-15,60,E[Agg(Q_xi)] - Agg(E[Q_xi]),True,"[0.10000000000000012, 0.2, 0.29999999999999993, 0.4]","[0.4799984800104797, 0.24000043999544013, 0.16000055999656015, 0.12000051999752008]",state_action_local,1,inf,5,0.05
2,360,Similarity-aware,1.0,2.294460917558657e-16,9.177843670234628e-16,5.329070518200751e-15,60,E[Agg(Q_xi)] - Agg(E[Q_xi]),True,"[0.10000000000000012, 0.2, 0.29999999999999993, 0.4]","[0.4799984800104797, 0.24000043999544013, 0.16000055999656015, 0.12000051999752008]",state_action_local,1,inf,5,0.05
2,365,Similarity-aware,1.0,-2.220446049250313e-16,7.105427357601002e-16,5.329070518200751e-15,60,E[Agg(Q_xi)] - Agg(E[Q_xi]),True,"[0.10000000000000012, 0.2, 0.29999999999999993, 0.4]","[0.4799984800104797, 0.24000043999544013, 0.16000055999656015, 0.12000051999752008]",state_action_local,1,inf,5,0.05
2,370,Similarity-aware,1.0,-2.812564995717063e-16,7.401486830834377e-16,7.105427357601002e-15,60,E[Agg(Q_xi)] - Agg(E[Q_xi]),True,"[0.10000000000000012, 0.2, 0.29999999999999993, 0.4]","[0.4799984800104797, 0.24000043999544013, 0.16000055999656015, 0.12000051999752008]",state_action_local,1,inf,5,0.05
2,375,Similarity-aware,1.0,8.881784197001253e-17,1.1102230246251565e-15,7.105427357601002e-15,60,E[Agg(Q_xi)] - Agg(E[Q_xi]),True,"[0.10000000000000012, 0.2, 0.29999999999999993, 0.4]","[0.4799984800104797, 0.24000043999544013, 0.16000055999656015, 0.12000051999752008]",state_action_local,1,inf,5,0.05
2,380,Similarity-aware,1.0,-2.9605947323337506e-16,6.957397620984314e-16,5.329070518200751e-15,60,E[Agg(Q_xi)] - Agg(E[Q_xi]),True,"[0.10000000000000012, 0.2, 0.29999999999999993, 0.4]","[0.4799984800104797, 0.24000043999544013, 0.16000055999656015, 0.12000051999752008]",state_action_local,1,inf,5,0.05
2,385,Similarity-aware,1.0,2.220446049250313e-16,1.1102230246251565e-15,7.105427357601002e-15,60,E[Agg(Q_xi)] - Agg(E[Q_xi]),True,"[0.10000000000000012, 0.2, 0.29999999999999993, 0.4]","[0.4799984800104797, 0.24000043999544013, 0.16000055999656015, 0.12000051999752008]",state_action_local,1,inf,5,0.05
2,390,Similarity-aware,1.0,1.7763568394002506e-16,1.021405182655144e-15,7.105427357601002e-15,60,E[Agg(Q_xi)] - Agg(E[Q_xi]),True,"[0.10000000000000012, 0.2, 0.29999999999999993, 0.4]","[0.4799984800104797, 0.24000043999544013, 0.16000055999656015, 0.12000051999752008]",state_action_local,1,inf,5,0.05
2,395,Similarity-aware,1.0,0.0,9.02981393361794e-16,7.105427357601002e-15,60,E[Agg(Q_xi)] - Agg(E[Q_xi]),True,"[0.10000000000000012, 0.2, 0.29999999999999993, 0.4]","[0.4799984800104797, 0.24000043999544013, 0.16000055999656015, 0.12000051999752008]",state_action_local,1,inf,5,0.05
2,400,Similarity-aware,1.0,2.0724163126336256e-16,9.177843670234628e-16,5.329070518200751e-15,60,E[Agg(Q_xi)] - Agg(E[Q_xi]),True,"[0.10000000000000012, 0.2, 0.29999999999999993, 0.4]","[0.4799984800104797, 0.24000043999544013, 0.16000055999656015, 0.12000051999752008]",state_action_local,1,inf,5,0.05
3,5,Maximum-based,1.0,0.05890834834281965,0.05890834834281965,0.06870564351412554,60,E[Agg(Q_xi)] - Agg(E[Q_xi]),True,"[0.10000000000000009, 0.20000000000000004, 0.3, 0.4]","[0.4799984800104797, 0.2400004399954401, 0.1600005599965601, 0.12000051999752007]",state_action_local,1,inf,5,0.05
3,10,Maximum-based,1.0,0.05636794067397273,0.05636794067397273,0.06784446009602091,60,E[Agg(Q_xi)] - Agg(E[Q_xi]),True,"[0.10000000000000009, 0.20000000000000004, 0.3, 0.4]","[0.4799984800104797, 0.2400004399954401, 0.1600005599965601, 0.12000051999752007]",state_action_local,1,inf,5,0.05
3,15,Maximum-based,1.0,0.0553856944342661,0.0553856944342661,0.0670332216618712,60,E[Agg(Q_xi)] - Agg(E[Q_xi]),True,"[0.10000000000000009, 0.20000000000000004, 0.3, 0.4]","[0.4799984800104797, 0.2400004399954401, 0.1600005599965601, 0.12000051999752007]",state_action_local,1,inf,5,0.05
3,20,Maximum-based,1.0,0.05469575292554807,0.05469575292554807,0.06499179952464096,60,E[Agg(Q_xi)] - Agg(E[Q_xi]),True,"[0.10000000000000009, 0.20000000000000004, 0.3, 0.4]","[0.4799984800104797, 0.2400004399954401, 0.1600005599965601, 0.12000051999752007]",state_action_local,1,inf,5,0.05
3,25,Maximum-based,1.0,0.05310162810537693,0.05310162810537693,0.06440500037871544,60,E[Agg(Q_xi)] - Agg(E[Q_xi]),True,"[0.10000000000000009, 0.20000000000000004, 0.3, 0.4]","[0.4799984800104797, 0.2400004399954401, 0.1600005599965601, 0.12000051999752007]",state_action_local,1,inf,5,0.05
3,30,Maximum-based,1.0,0.05318094871783287,0.05318094871783287,0.06692860526942168,60,E[Agg(Q_xi)] - Agg(E[Q_xi]),True,"[0.10000000000000009, 0.20000000000000004, 0.3, 0.4]","[0.4799984800104797, 0.2400004399954401, 0.1600005599965601, 0.12000051999752007]",state_action_local,1,inf,5,0.05
3,35,Maximum-based,1.0,0.05285622700446546,0.05285622700446546,0.06769766869372651,60,E[Agg(Q_xi)] - Agg(E[Q_xi]),True,"[0.10000000000000009, 0.20000000000000004, 0.3, 0.4]","[0.4799984800104797, 0.2400004399954401, 0.1600005599965601, 0.12000051999752007]",state_action_local,1,inf,5,0.05
3,40,Maximum-based,1.0,0.05228736613430217,0.05228736613430217,0.06626615673241099,60,E[Agg(Q_xi)] - Agg(E[Q_xi]),True,"[0.10000000000000009, 0.20000000000000004, 0.3, 0.4]","[0.4799984800104797, 0.2400004399954401, 0.1600005599965601, 0.12000051999752007]",state_action_local,1,inf,5,0.05
3,45,Maximum-based,1.0,0.05202053930735231,0.05202053930735231,0.06496057659014687,60,E[Agg(Q_xi)] - Agg(E[Q_xi]),True,"[0.10000000000000009, 0.20000000000000004, 0.3, 0.4]","[0.4799984800104797, 0.2400004399954401, 0.1600005599965601, 0.12000051999752007]",state_action_local,1,inf,5,0.05
3,50,Maximum-based,1.0,0.05219849910332798,0.05219849910332798,0.0642859200960042,60,E[Agg(Q_xi)] - Agg(E[Q_xi]),True,"[0.10000000000000009, 0.20000000000000004, 0.3, 0.4]","[0.4799984800104797, 0.2400004399954401, 0.1600005599965601, 0.12000051999752007]",state_action_local,1,inf,5,0.05
3,55,Maximum-based,1.0,0.05195935843470368,0.05195935843470368,0.06787269748979252,60,E[Agg(Q_xi)] - Agg(E[Q_xi]),True,"[0.10000000000000009, 0.20000000000000004, 0.3, 0.4]","[0.4799984800104797, 0.2400004399954401, 0.1600005599965601, 0.12000051999752007]",state_action_local,1,inf,5,0.05
3,60,Maximum-based,1.0,0.05155915544140967,0.05155915544140967,0.06244123169397531,60,E[Agg(Q_xi)] - Agg(E[Q_xi]),True,"[0.10000000000000009, 0.20000000000000004, 0.3, 0.4]","[0.4799984800104797, 0.2400004399954401, 0.1600005599965601, 0.12000051999752007]",state_action_local,1,inf,5,0.05
3,65,Maximum-based,1.0,0.05048111745025151,0.05048111745025151,0.06411374716847495,60,E[Agg(Q_xi)] - Agg(E[Q_xi]),True,"[0.10000000000000009, 0.20000000000000004, 0.3, 0.4]","[0.4799984800104797, 0.2400004399954401, 0.1600005599965601, 0.12000051999752007]",state_action_local,1,inf,5,0.05
3,70,Maximum-based,1.0,0.051654244841136725,0.051654244841136725,0.06654083562811897,60,E[Agg(Q_xi)] - Agg(E[Q_xi]),True,"[0.10000000000000009, 0.20000000000000004, 0.3, 0.4]","[0.4799984800104797, 0.2400004399954401, 0.1600005599965601, 0.12000051999752007]",state_action_local,1,inf,5,0.05
3,75,Maximum-based,1.0,0.051535934141896125,0.051535934141896125,0.06204017256970573,60,E[Agg(Q_xi)] - Agg(E[Q_xi]),True,"[0.10000000000000009, 0.20000000000000004, 0.3, 0.4]","[0.4799984800104797, 0.2400004399954401, 0.1600005599965601, 0.12000051999752007]",state_action_local,1,inf,5,0.05
3,80,Maximum-based,1.0,0.05118134740801391,0.05118134740801391,0.0630664502236904,60,E[Agg(Q_xi)] - Agg(E[Q_xi]),True,"[0.10000000000000009, 0.20000000000000004, 0.3, 0.4]","[0.4799984800104797, 0.2400004399954401, 0.1600005599965601, 0.12000051999752007]",state_action_local,1,inf,5,0.05
3,85,Maximum-based,1.0,0.0517443144672836,0.0517443144672836,0.06475730306157423,60,E[Agg(Q_xi)] - Agg(E[Q_xi]),True,"[0.10000000000000009, 0.20000000000000004, 0.3, 0.4]","[0.4799984800104797, 0.2400004399954401, 0.1600005599965601, 0.12000051999752007]",state_action_local,1,inf,5,0.05
3,90,Maximum-based,1.0,0.051490714200458074,0.051490714200458074,0.06573727641853022,60,E[Agg(Q_xi)] - Agg(E[Q_xi]),True,"[0.10000000000000009, 0.20000000000000004, 0.3, 0.4]","[0.4799984800104797, 0.2400004399954401, 0.1600005599965601, 0.12000051999752007]",state_action_local,1,inf,5,0.05
3,95,Maximum-based,1.0,0.05102234711705136,0.05102234711705136,0.06444448981097306,60,E[Agg(Q_xi)] - Agg(E[Q_xi]),True,"[0.10000000000000009, 0.20000000000000004, 0.3, 0.4]","[0.4799984800104797, 0.2400004399954401, 0.1600005599965601, 0.12000051999752007]",state_action_local,1,inf,5,0.05
3,100,Maximum-based,1.0,0.0515253378653617,0.0515253378653617,0.061461610984970605,60,E[Agg(Q_xi)] - Agg(E[Q_xi]),True,"[0.10000000000000009, 0.20000000000000004, 0.3, 0.4]","[0.4799984800104797, 0.2400004399954401, 0.1600005599965601, 0.12000051999752007]",state_action_local,1,inf,5,0.05
3,105,Maximum-based,1.0,0.05114321508478903,0.05114321508478903,0.06855113145373881,60,E[Agg(Q_xi)] - Agg(E[Q_xi]),True,"[0.10000000000000009, 0.20000000000000004, 0.3, 0.4]","[0.4799984800104797, 0.2400004399954401, 0.1600005599965601, 0.12000051999752007]",state_action_local,1,inf,5,0.05
3,110,Maximum-based,1.0,0.05094809203009444,0.05094809203009444,0.06387267714458655,60,E[Agg(Q_xi)] - Agg(E[Q_xi]),True,"[0.10000000000000009, 0.20000000000000004, 0.3, 0.4]","[0.4799984800104797, 0.2400004399954401, 0.1600005599965601, 0.12000051999752007]",state_action_local,1,inf,5,0.05
3,115,Maximum-based,1.0,0.05114209890651502,0.05114209890651502,0.06415219558573693,60,E[Agg(Q_xi)] - Agg(E[Q_xi]),True,"[0.10000000000000009, 0.20000000000000004, 0.3, 0.4]","[0.4799984800104797, 0.2400004399954401, 0.1600005599965601, 0.12000051999752007]",state_action_local,1,inf,5,0.05
3,120,Maximum-based,1.0,0.05052960885196933,0.05052960885196933,0.061813045342827166,60,E[Agg(Q_xi)] - Agg(E[Q_xi]),True,"[0.10000000000000009, 0.20000000000000004, 0.3, 0.4]","[0.4799984800104797, 0.2400004399954401, 0.1600005599965601, 0.12000051999752007]",state_action_local,1,inf,5,0.05
3,125,Maximum-based,1.0,0.05155231228003329,0.05155231228003329,0.06384303226683574,60,E[Agg(Q_xi)] - Agg(E[Q_xi]),True,"[0.10000000000000009, 0.20000000000000004, 0.3, 0.4]","[0.4799984800104797, 0.2400004399954401, 0.1600005599965601, 0.12000051999752007]",state_action_local,1,inf,5,0.05
3,130,Maximum-based,1.0,0.050432230614310444,0.050432230614310444,0.06454874737338923,60,E[Agg(Q_xi)] - Agg(E[Q_xi]),True,"[0.10000000000000009, 0.20000000000000004, 0.3, 0.4]","[0.4799984800104797, 0.2400004399954401, 0.1600005599965601, 0.12000051999752007]",state_action_local,1,inf,5,0.05
3,135,Maximum-based,1.0,0.05096805303170484,0.05096805303170484,0.06234446673196192,60,E[Agg(Q_xi)] - Agg(E[Q_xi]),True,"[0.10000000000000009, 0.20000000000000004, 0.3, 0.4]","[0.4799984800104797, 0.2400004399954401, 0.1600005599965601, 0.12000051999752007]",state_action_local,1,inf,5,0.05
3,140,Maximum-based,1.0,0.051624489696832906,0.051624489696832906,0.06917433053871491,60,E[Agg(Q_xi)] - Agg(E[Q_xi]),True,"[0.10000000000000009, 0.20000000000000004, 0.3, 0.4]","[0.4799984800104797, 0.2400004399954401, 0.1600005599965601, 0.12000051999752007]",state_action_local,1,inf,5,0.05
3,145,Maximum-based,1.0,0.050440350382830526,0.050440350382830526,0.0626674530040825,60,E[Agg(Q_xi)] - Agg(E[Q_xi]),True,"[0.10000000000000009, 0.20000000000000004, 0.3, 0.4]","[0.4799984800104797, 0.2400004399954401, 0.1600005599965601, 0.12000051999752007]",state_action_local,1,inf,5,0.05
3,150,Maximum-based,1.0,0.0507211316280071,0.0507211316280071,0.0654305370835413,60,E[Agg(Q_xi)] - Agg(E[Q_xi]),True,"[0.10000000000000009, 0.20000000000000004, 0.3, 0.4]","[0.4799984800104797, 0.2400004399954401, 0.1600005599965601, 0.12000051999752007]",state_action_local,1,inf,5,0.05
3,155,Maximum-based,1.0,0.050238046669573544,0.050238046669573544,0.06407319126859967,60,E[Agg(Q_xi)] - Agg(E[Q_xi]),True,"[0.10000000000000009, 0.20000000000000004, 0.3, 0.4]","[0.4799984800104797, 0.2400004399954401, 0.1600005599965601, 0.12000051999752007]",state_action_local,1,inf,5,0.05
3,160,Maximum-based,1.0,0.0512700889153431,0.0512700889153431,0.06421738691116019,60,E[Agg(Q_xi)] - Agg(E[Q_xi]),True,"[0.10000000000000009, 0.20000000000000004, 0.3, 0.4]","[0.4799984800104797, 0.2400004399954401, 0.1600005599965601, 0.12000051999752007]",state_action_local,1,inf,5,0.05
3,165,Maximum-based,1.0,0.051093360921253946,0.051093360921253946,0.06434614904253966,60,E[Agg(Q_xi)] - Agg(E[Q_xi]),True,"[0.10000000000000009, 0.20000000000000004, 0.3, 0.4]","[0.4799984800104797, 0.2400004399954401, 0.1600005599965601, 0.12000051999752007]",state_action_local,1,inf,5,0.05
3,170,Maximum-based,1.0,0.05099972672007959,0.05099972672007959,0.06442604250102502,60,E[Agg(Q_xi)] - Agg(E[Q_xi]),True,"[0.10000000000000009, 0.20000000000000004, 0.3, 0.4]","[0.4799984800104797, 0.2400004399954401, 0.1600005599965601, 0.12000051999752007]",state_action_local,1,inf,5,0.05
3,175,Maximum-based,1.0,0.05075897222876136,0.05075897222876136,0.0642560101396521,60,E[Agg(Q_xi)] - Agg(E[Q_xi]),True,"[0.10000000000000009, 0.20000000000000004, 0.3, 0.4]","[0.4799984800104797, 0.2400004399954401, 0.1600005599965601, 0.12000051999752007]",state_action_local,1,inf,5,0.05
3,180,Maximum-based,1.0,0.050431969785408017,0.050431969785408017,0.0617323458284913,60,E[Agg(Q_xi)] - Agg(E[Q_xi]),True,"[0.10000000000000009, 0.20000000000000004, 0.3, 0.4]","[0.4799984800104797, 0.2400004399954401, 0.1600005599965601, 0.12000051999752007]",state_action_local,1,inf,5,0.05
3,185,Maximum-based,1.0,0.051401933278832836,0.051401933278832836,0.06352807632395052,60,E[Agg(Q_xi)] - Agg(E[Q_xi]),True,"[0.10000000000000009, 0.20000000000000004, 0.3, 0.4]","[0.4799984800104797, 0.2400004399954401, 0.1600005599965601, 0.12000051999752007]",state_action_local,1,inf,5,0.05
3,190,Maximum-based,1.0,0.05059038895832901,0.05059038895832901,0.062307390891624514,60,E[Agg(Q_xi)] - Agg(E[Q_xi]),True,"[0.10000000000000009, 0.20000000000000004, 0.3, 0.4]","[0.4799984800104797, 0.2400004399954401, 0.1600005599965601, 0.12000051999752007]",state_action_local,1,inf,5,0.05
3,195,Maximum-based,1.0,0.05085537861583031,0.05085537861583031,0.060440113172483656,60,E[Agg(Q_xi)] - Agg(E[Q_xi]),True,"[0.10000000000000009, 0.20000000000000004, 0.3, 0.4]","[0.4799984800104797, 0.2400004399954401, 0.1600005599965601, 0.12000051999752007]",state_action_local,1,inf,5,0.05
3,200,Maximum-based,1.0,0.050861634801404064,0.050861634801404064,0.06245572052691184,60,E[Agg(Q_xi)] - Agg(E[Q_xi]),True,"[0.10000000000000009, 0.20000000000000004, 0.3, 0.4]","[0.4799984800104797, 0.2400004399954401, 0.1600005599965601, 0.12000051999752007]",state_action_local,1,inf,5,0.05
3,205,Maximum-based,1.0,0.05136907638503187,0.05136907638503187,0.06524084297481636,60,E[Agg(Q_xi)] - Agg(E[Q_xi]),True,"[0.10000000000000009, 0.20000000000000004, 0.3, 0.4]","[0.4799984800104797, 0.2400004399954401, 0.1600005599965601, 0.12000051999752007]",state_action_local,1,inf,5,0.05
3,210,Maximum-based,1.0,0.0516801960158534,0.0516801960158534,0.062482704903412234,60,E[Agg(Q_xi)] - Agg(E[Q_xi]),True,"[0.10000000000000009, 0.20000000000000004, 0.3, 0.4]","[0.4799984800104797, 0.2400004399954401, 0.1600005599965601, 0.12000051999752007]",state_action_local,1,inf,5,0.05
3,215,Maximum-based,1.0,0.05138603469148063,0.05138603469148063,0.06694017262636098,60,E[Agg(Q_xi)] - Agg(E[Q_xi]),True,"[0.10000000000000009, 0.20000000000000004, 0.3, 0.4]","[0.4799984800104797, 0.2400004399954401, 0.1600005599965601, 0.12000051999752007]",state_action_local,1,inf,5,0.05
3,220,Maximum-based,1.0,0.05058481189311687,0.05058481189311687,0.06535701740529198,60,E[Agg(Q_xi)] - Agg(E[Q_xi]),True,"[0.10000000000000009, 0.20000000000000004, 0.3, 0.4]","[0.4799984800104797, 0.2400004399954401, 0.1600005599965601, 0.12000051999752007]",state_action_local,1,inf,5,0.05
3,225,Maximum-based,1.0,0.05140052614174169,0.05140052614174169,0.06285783532232792,60,E[Agg(Q_xi)] - Agg(E[Q_xi]),True,"[0.10000000000000009, 0.20000000000000004, 0.3, 0.4]","[0.4799984800104797, 0.2400004399954401, 0.1600005599965601, 0.12000051999752007]",state_action_local,1,inf,5,0.05
3,230,Maximum-based,1.0,0.05150196235646175,0.05150196235646175,0.06342342345605978,60,E[Agg(Q_xi)] - Agg(E[Q_xi]),True,"[0.10000000000000009, 0.20000000000000004, 0.3, 0.4]","[0.4799984800104797, 0.2400004399954401, 0.1600005599965601, 0.12000051999752007]",state_action_local,1,inf,5,0.05
3,235,Maximum-based,1.0,0.05072673681735147,0.05072673681735147,0.06566446496199418,60,E[Agg(Q_xi)] - Agg(E[Q_xi]),True,"[0.10000000000000009, 0.20000000000000004, 0.3, 0.4]","[0.4799984800104797, 0.2400004399954401, 0.1600005599965601, 0.12000051999752007]",state_action_local,1,inf,5,0.05
3,240,Maximum-based,1.0,0.05156074675341301,0.05156074675341301,0.06775867120546053,60,E[Agg(Q_xi)] - Agg(E[Q_xi]),True,"[0.10000000000000009, 0.20000000000000004, 0.3, 0.4]","[0.4799984800104797, 0.2400004399954401, 0.1600005599965601, 0.12000051999752007]",state_action_local,1,inf,5,0.05
3,245,Maximum-based,1.0,0.051439161523331965,0.051439161523331965,0.0648886526631074,60,E[Agg(Q_xi)] - Agg(E[Q_xi]),True,"[0.10000000000000009, 0.20000000000000004, 0.3, 0.4]","[0.4799984800104797, 0.2400004399954401, 0.1600005599965601, 0.12000051999752007]",state_action_local,1,inf,5,0.05
3,250,Maximum-based,1.0,0.05142875577585022,0.05142875577585022,0.06243542491188947,60,E[Agg(Q_xi)] - Agg(E[Q_xi]),True,"[0.10000000000000009, 0.20000000000000004, 0.3, 0.4]","[0.4799984800104797, 0.2400004399954401, 0.1600005599965601, 0.12000051999752007]",state_action_local,1,inf,5,0.05
3,255,Maximum-based,1.0,0.05057256082549603,0.05057256082549603,0.06278888840608587,60,E[Agg(Q_xi)] - Agg(E[Q_xi]),True,"[0.10000000000000009, 0.20000000000000004, 0.3, 0.4]","[0.4799984800104797, 0.2400004399954401, 0.1600005599965601, 0.12000051999752007]",state_action_local,1,inf,5,0.05
3,260,Maximum-based,1.0,0.05112089033462368,0.05112089033462368,0.06477412579436859,60,E[Agg(Q_xi)] - Agg(E[Q_xi]),True,"[0.10000000000000009, 0.20000000000000004, 0.3, 0.4]","[0.4799984800104797, 0.2400004399954401, 0.1600005599965601, 0.12000051999752007]",state_action_local,1,inf,5,0.05
3,265,Maximum-based,1.0,0.050786502972486165,0.050786502972486165,0.06351304982534955,60,E[Agg(Q_xi)] - Agg(E[Q_xi]),True,"[0.10000000000000009, 0.20000000000000004, 0.3, 0.4]","[0.4799984800104797, 0.2400004399954401, 0.1600005599965601, 0.12000051999752007]",state_action_local,1,inf,5,0.05
3,270,Maximum-based,1.0,0.050660831119006405,0.050660831119006405,0.061862897344804324,60,E[Agg(Q_xi)] - Agg(E[Q_xi]),True,"[0.10000000000000009, 0.20000000000000004, 0.3, 0.4]","[0.4799984800104797, 0.2400004399954401, 0.1600005599965601, 0.12000051999752007]",state_action_local,1,inf,5,0.05
3,275,Maximum-based,1.0,0.05123995748780013,0.05123995748780013,0.06287916878926048,60,E[Agg(Q_xi)] - Agg(E[Q_xi]),True,"[0.10000000000000009, 0.20000000000000004, 0.3, 0.4]","[0.4799984800104797, 0.2400004399954401, 0.1600005599965601, 0.12000051999752007]",state_action_local,1,inf,5,0.05
3,280,Maximum-based,1.0,0.05084024947244513,0.05084024947244513,0.0670219805290504,60,E[Agg(Q_xi)] - Agg(E[Q_xi]),True,"[0.10000000000000009, 0.20000000000000004, 0.3, 0.4]","[0.4799984800104797, 0.2400004399954401, 0.1600005599965601, 0.12000051999752007]",state_action_local,1,inf,5,0.05
3,285,Maximum-based,1.0,0.050338902066891594,0.050338902066891594,0.0637620435015176,60,E[Agg(Q_xi)] - Agg(E[Q_xi]),True,"[0.10000000000000009, 0.20000000000000004, 0.3, 0.4]","[0.4799984800104797, 0.2400004399954401, 0.1600005599965601, 0.12000051999752007]",state_action_local,1,inf,5,0.05
3,290,Maximum-based,1.0,0.050822989202662226,0.050822989202662226,0.06216397397636797,60,E[Agg(Q_xi)] - Agg(E[Q_xi]),True,"[0.10000000000000009, 0.20000000000000004, 0.3, 0.4]","[0.4799984800104797, 0.2400004399954401, 0.1600005599965601, 0.12000051999752007]",state_action_local,1,inf,5,0.05
3,295,Maximum-based,1.0,0.05138860691462674,0.05138860691462674,0.06407300178387487,60,E[Agg(Q_xi)] - Agg(E[Q_xi]),True,"[0.10000000000000009, 0.20000000000000004, 0.3, 0.4]","[0.4799984800104797, 0.2400004399954401, 0.1600005599965601, 0.12000051999752007]",state_action_local,1,inf,5,0.05
3,300,Maximum-based,1.0,0.05184898089430372,0.05184898089430372,0.06452347282936444,60,E[Agg(Q_xi)] - Agg(E[Q_xi]),True,"[0.10000000000000009, 0.20000000000000004, 0.3, 0.4]","[0.4799984800104797, 0.2400004399954401, 0.1600005599965601, 0.12000051999752007]",state_action_local,1,inf,5,0.05
3,305,Maximum-based,1.0,0.051225046881471524,0.051225046881471524,0.06438908953540867,60,E[Agg(Q_xi)] - Agg(E[Q_xi]),True,"[0.10000000000000009, 0.20000000000000004, 0.3, 0.4]","[0.4799984800104797, 0.2400004399954401, 0.1600005599965601, 0.12000051999752007]",state_action_local,1,inf,5,0.05
3,310,Maximum-based,1.0,0.05151594172892295,0.05151594172892295,0.06337139553584592,60,E[Agg(Q_xi)] - Agg(E[Q_xi]),True,"[0.10000000000000009, 0.20000000000000004, 0.3, 0.4]","[0.4799984800104797, 0.2400004399954401, 0.1600005599965601, 0.12000051999752007]",state_action_local,1,inf,5,0.05
3,315,Maximum-based,1.0,0.05125610379140159,0.05125610379140159,0.0638138302830491,60,E[Agg(Q_xi)] - Agg(E[Q_xi]),True,"[0.10000000000000009, 0.20000000000000004, 0.3, 0.4]","[0.4799984800104797, 0.2400004399954401, 0.1600005599965601, 0.12000051999752007]",state_action_local,1,inf,5,0.05
3,320,Maximum-based,1.0,0.05125799865025179,0.05125799865025179,0.06659018544410777,60,E[Agg(Q_xi)] - Agg(E[Q_xi]),True,"[0.10000000000000009, 0.20000000000000004, 0.3, 0.4]","[0.4799984800104797, 0.2400004399954401, 0.1600005599965601, 0.12000051999752007]",state_action_local,1,inf,5,0.05
3,325,Maximum-based,1.0,0.05147302905228875,0.05147302905228875,0.06379257094785018,60,E[Agg(Q_xi)] - Agg(E[Q_xi]),True,"[0.10000000000000009, 0.20000000000000004, 0.3, 0.4]","[0.4799984800104797, 0.2400004399954401, 0.1600005599965601, 0.12000051999752007]",state_action_local,1,inf,5,0.05
3,330,Maximum-based,1.0,0.05068021717423237,0.05068021717423237,0.06709940720844187,60,E[Agg(Q_xi)] - Agg(E[Q_xi]),True,"[0.10000000000000009, 0.20000000000000004, 0.3, 0.4]","[0.4799984800104797, 0.2400004399954401, 0.1600005599965601, 0.12000051999752007]",state_action_local,1,inf,5,0.05
3,335,Maximum-based,1.0,0.05161183856081097,0.05161183856081097,0.06650874394700956,60,E[Agg(Q_xi)] - Agg(E[Q_xi]),True,"[0.10000000000000009, 0.20000000000000004, 0.3, 0.4]","[0.4799984800104797, 0.2400004399954401, 0.1600005599965601, 0.12000051999752007]",state_action_local,1,inf,5,0.05
3,340,Maximum-based,1.0,0.050844854982862855,0.050844854982862855,0.06150287416833322,60,E[Agg(Q_xi)] - Agg(E[Q_xi]),True,"[0.10000000000000009, 0.20000000000000004, 0.3, 0.4]","[0.4799984800104797, 0.2400004399954401, 0.1600005599965601, 0.12000051999752007]",state_action_local,1,inf,5,0.05
3,345,Maximum-based,1.0,0.051323908817841955,0.051323908817841955,0.06464847554556741,60,E[Agg(Q_xi)] - Agg(E[Q_xi]),True,"[0.10000000000000009, 0.20000000000000004, 0.3, 0.4]","[0.4799984800104797, 0.2400004399954401, 0.1600005599965601, 0.12000051999752007]",state_action_local,1,inf,5,0.05
3,350,Maximum-based,1.0,0.05197841197521658,0.05197841197521658,0.06704980518207826,60,E[Agg(Q_xi)] - Agg(E[Q_xi]),True,"[0.10000000000000009, 0.20000000000000004, 0.3, 0.4]","[0.4799984800104797, 0.2400004399954401, 0.1600005599965601, 0.12000051999752007]",state_action_local,1,inf,5,0.05
3,355,Maximum-based,1.0,0.05143545122991447,0.05143545122991447,0.06271549833580004,60,E[Agg(Q_xi)] - Agg(E[Q_xi]),True,"[0.10000000000000009, 0.20000000000000004, 0.3, 0.4]","[0.4799984800104797, 0.2400004399954401, 0.1600005599965601, 0.12000051999752007]",state_action_local,1,inf,5,0.05
3,360,Maximum-based,1.0,0.05147258755269881,0.05147258755269881,0.06268321699010038,60,E[Agg(Q_xi)] - Agg(E[Q_xi]),True,"[0.10000000000000009, 0.20000000000000004, 0.3, 0.4]","[0.4799984800104797, 0.2400004399954401, 0.1600005599965601, 0.12000051999752007]",state_action_local,1,inf,5,0.05
3,365,Maximum-based,1.0,0.051096778116768764,0.051096778116768764,0.06688578696321734,60,E[Agg(Q_xi)] - Agg(E[Q_xi]),True,"[0.10000000000000009, 0.20000000000000004, 0.3, 0.4]","[0.4799984800104797, 0.2400004399954401, 0.1600005599965601, 0.12000051999752007]",state_action_local,1,inf,5,0.05
3,370,Maximum-based,1.0,0.05140152711782277,0.05140152711782277,0.06417704334903007,60,E[Agg(Q_xi)] - Agg(E[Q_xi]),True,"[0.10000000000000009, 0.20000000000000004, 0.3, 0.4]","[0.4799984800104797, 0.2400004399954401, 0.1600005599965601, 0.12000051999752007]",state_action_local,1,inf,5,0.05
3,375,Maximum-based,1.0,0.05112691969699582,0.05112691969699582,0.06487397769962655,60,E[Agg(Q_xi)] - Agg(E[Q_xi]),True,"[0.10000000000000009, 0.20000000000000004, 0.3, 0.4]","[0.4799984800104797, 0.2400004399954401, 0.1600005599965601, 0.12000051999752007]",state_action_local,1,inf,5,0.05
3,380,Maximum-based,1.0,0.05185028516777358,0.05185028516777358,0.06336087959265413,60,E[Agg(Q_xi)] - Agg(E[Q_xi]),True,"[0.10000000000000009, 0.20000000000000004, 0.3, 0.4]","[0.4799984800104797, 0.2400004399954401, 0.1600005599965601, 0.12000051999752007]",state_action_local,1,inf,5,0.05
3,385,Maximum-based,1.0,0.05108556733708435,0.05108556733708435,0.06879787435955009,60,E[Agg(Q_xi)] - Agg(E[Q_xi]),True,"[0.10000000000000009, 0.20000000000000004, 0.3, 0.4]","[0.4799984800104797, 0.2400004399954401, 0.1600005599965601, 0.12000051999752007]",state_action_local,1,inf,5,0.05
3,390,Maximum-based,1.0,0.051365155227106905,0.051365155227106905,0.063615206107686,60,E[Agg(Q_xi)] - Agg(E[Q_xi]),True,"[0.10000000000000009, 0.20000000000000004, 0.3, 0.4]","[0.4799984800104797, 0.2400004399954401, 0.1600005599965601, 0.12000051999752007]",state_action_local,1,inf,5,0.05
3,395,Maximum-based,1.0,0.05077269414889716,0.05077269414889716,0.06660981342153605,60,E[Agg(Q_xi)] - Agg(E[Q_xi]),True,"[0.10000000000000009, 0.20000000000000004, 0.3, 0.4]","[0.4799984800104797, 0.2400004399954401, 0.1600005599965601, 0.12000051999752007]",state_action_local,1,inf,5,0.05
3,400,Maximum-based,1.0,0.051567243495223784,0.051567243495223784,0.06371899894058686,60,E[Agg(Q_xi)] - Agg(E[Q_xi]),True,"[0.10000000000000009, 0.20000000000000004, 0.3, 0.4]","[0.4799984800104797, 0.2400004399954401, 0.1600005599965601, 0.12000051999752007]",state_action_local,1,inf,5,0.05
3,5,Similarity-aware,1.0,-5.782411586589357e-19,1.2750217548429532e-17,1.1102230246251565e-16,60,E[Agg(Q_xi)] - Agg(E[Q_xi]),True,"[0.10000000000000009, 0.20000000000000004, 0.3, 0.4]","[0.4799984800104797, 0.2400004399954401, 0.1600005599965601, 0.12000051999752007]",state_action_local,1,inf,5,0.05
3,10,Similarity-aware,1.0,3.4694469519536144e-19,2.590520390792032e-17,2.220446049250313e-16,60,E[Agg(Q_xi)] - Agg(E[Q_xi]),True,"[0.10000000000000009, 0.20000000000000004, 0.3, 0.4]","[0.4799984800104797, 0.2400004399954401, 0.1600005599965601, 0.12000051999752007]",state_action_local,1,inf,5,0.05
3,15,Similarity-aware,1.0,-1.7578531223231644e-17,3.053113317719181e-17,4.440892098500626e-16,60,E[Agg(Q_xi)] - Agg(E[Q_xi]),True,"[0.10000000000000009, 0.20000000000000004, 0.3, 0.4]","[0.4799984800104797, 0.2400004399954401, 0.1600005599965601, 0.12000051999752007]",state_action_local,1,inf,5,0.05
3,20,Similarity-aware,1.0,-1.896631000401309e-17,4.625929269271486e-17,4.440892098500626e-16,60,E[Agg(Q_xi)] - Agg(E[Q_xi]),True,"[0.10000000000000009, 0.20000000000000004, 0.3, 0.4]","[0.4799984800104797, 0.2400004399954401, 0.1600005599965601, 0.12000051999752007]",state_action_local,1,inf,5,0.05
3,25,Similarity-aware,1.0,4.625929269271485e-18,7.077671781985372e-17,6.661338147750939e-16,60,E[Agg(Q_xi)] - Agg(E[Q_xi]),True,"[0.10000000000000009, 0.20000000000000004, 0.3, 0.4]","[0.4799984800104797, 0.2400004399954401, 0.1600005599965601, 0.12000051999752007]",state_action_local,1,inf,5,0.05
3,30,Similarity-aware,1.0,-3.191891195797325e-17,8.557969148152249e-17,6.661338147750939e-16,60,E[Agg(Q_xi)] - Agg(E[Q_xi]),True,"[0.10000000000000009, 0.20000000000000004, 0.3, 0.4]","[0.4799984800104797, 0.2400004399954401, 0.1600005599965601, 0.12000051999752007]",state_action_local,1,inf,5,0.05
3,35,Similarity-aware,1.0,-3.053113317719181e-17,9.43689570931383e-17,6.661338147750939e-16,60,E[Agg(Q_xi)] - Agg(E[Q_xi]),True,"[0.10000000000000009, 0.20000000000000004, 0.3, 0.4]","[0.4799984800104797, 0.2400004399954401, 0.1600005599965601, 0.12000051999752007]",state_action_local,1,inf,5,0.05
3,40,Similarity-aware,1.0,-2.7755575615628915e-18,1.258252761241844e-16,8.881784197001252e-16,60,E[Agg(Q_xi)] - Agg(E[Q_xi]),True,"[0.10000000000000009, 0.20000000000000004, 0.3, 0.4]","[0.4799984800104797, 0.2400004399954401, 0.1600005599965601, 0.12000051999752007]",state_action_local,1,inf,5,0.05
3,45,Similarity-aware,1.0,-4.625929269271485e-18,1.5635640930137622e-16,1.3322676295501878e-15,60,E[Agg(Q_xi)] - Agg(E[Q_xi]),True,"[0.10000000000000009, 0.20000000000000004, 0.3, 0.4]","[0.4799984800104797, 0.2400004399954401, 0.1600005599965601, 0.12000051999752007]",state_action_local,1,inf,5,0.05
3,50,Similarity-aware,1.0,-2.4054832200211726e-17,1.4617936490897894e-16,1.3322676295501878e-15,60,E[Agg(Q_xi)] - Agg(E[Q_xi]),True,"[0.10000000000000009, 0.20000000000000004, 0.3, 0.4]","[0.4799984800104797, 0.2400004399954401, 0.1600005599965601, 0.12000051999752007]",state_action_local,1,inf,5,0.05
3,55,Similarity-aware,1.0,-4.4408920985006264e-17,1.7023419710919068e-16,1.3322676295501878e-15,60,E[Agg(Q_xi)] - Agg(E[Q_xi]),True,"[0.10000000000000009, 0.20000000000000004, 0.3, 0.4]","[0.4799984800104797, 0.2400004399954401, 0.1600005599965601, 0.12000051999752007]",state_action_local,1,inf,5,0.05
3,60,Similarity-aware,1.0,-1.295260195396016e-17,1.9613940101711098e-16,1.3322676295501878e-15,60,E[Agg(Q_xi)] - Agg(E[Q_xi]),True,"[0.10000000000000009, 0.20000000000000004, 0.3, 0.4]","[0.4799984800104797, 0.2400004399954401, 0.1600005599965601, 0.12000051999752007]",state_action_local,1,inf,5,0.05
3,65,Similarity-aware,1.0,4.9960036108132046e-17,2.257453483404485e-16,1.7763568394002505e-15,60,E[Agg(Q_xi)] - Agg(E[Q_xi]),True,"[0.10000000000000009, 0.20000000000000004, 0.3, 0.4]","[0.4799984800104797, 0.2400004399954401, 0.1600005599965601, 0.12000051999752007]",state_action_local,1,inf,5,0.05
3,70,Similarity-aware,1.0,-4.625929269271486e-17,1.9984014443252818e-16,1.7763568394002505e-15,60,E[Agg(Q_xi)] - Agg(E[Q_xi]),True,"[0.10000000000000009, 0.20000000000000004, 0.3, 0.4]","[0.4799984800104797, 0.2400004399954401, 0.1600005599965601, 0.12000051999752007]",state_action_local,1,inf,5,0.05
3,75,Similarity-aware,1.0,1.0177044392397268e-16,3.164135620181696e-16,2.220446049250313e-15,60,E[Agg(Q_xi)] - Agg(E[Q_xi]),True,"[0.10000000000000009, 0.20000000000000004, 0.3, 0.4]","[0.4799984800104797, 0.2400004399954401, 0.1600005599965601, 0.12000051999752007]",state_action_local,1,inf,5,0.05
3,80,Similarity-aware,1.0,-1.0917193075480705e-16,2.238949766327399e-16,2.220446049250313e-15,60,E[Agg(Q_xi)] - Agg(E[Q_xi]),True,"[0.10000000000000009, 0.20000000000000004, 0.3, 0.4]","[0.4799984800104797, 0.2400004399954401, 0.1600005599965601, 0.12000051999752007]",state_action_local,1,inf,5,0.05
3,85,Similarity-aware,1.0,1.9613940101711098e-16,4.2188474935755947e-16,2.220446049250313e-15,60,E[Agg(Q_xi)] - Agg(E[Q_xi]),True,"[0.10000000000000009, 0.20000000000000004, 0.3, 0.4]","[0.4799984800104797, 0.2400004399954401, 0.1600005599965601, 0.12000051999752007]",state_action_local,1,inf,5,0.05
3,90,Similarity-aware,1.0,-7.771561172376095e-17,2.812564995717063e-16,2.220446049250313e-15,60,E[Agg(Q_xi)] - Agg(E[Q_xi]),True,"[0.10000000000000009, 0.20000000000000004, 0.3, 0.4]","[0.4799984800104797, 0.2400004399954401, 0.1600005599965601, 0.12000051999752007]",state_action_local,1,inf,5,0.05
3,95,Similarity-aware,1.0,-1.1102230246251566e-17,2.6645352591003756e-16,2.220446049250313e-15,60,E[Agg(Q_xi)] - Agg(E[Q_xi]),True,"[0.10000000000000009, 0.20000000000000004, 0.3, 0.4]","[0.4799984800104797, 0.2400004399954401, 0.1600005599965601, 0.12000051999752007]",state_action_local,1,inf,5,0.05
3,100,Similarity-aware,1.0,4.070817756958907e-17,3.7007434154171886e-16,2.220446049250313e-15,60,E[Agg(Q_xi)] - Agg(E[Q_xi]),True,"[0.10000000000000009, 0.20000000000000004, 0.3, 0.4]","[0.4799984800104797, 0.2400004399954401, 0.1600005599965601, 0.12000051999752007]",state_action_local,1,inf,5,0.05
3,105,Similarity-aware,1.0,1.1102230246251566e-17,3.108624468950438e-16,2.220446049250313e-15,60,E[Agg(Q_xi)] - Agg(E[Q_xi]),True,"[0.10000000000000009, 0.20000000000000004, 0.3, 0.4]","[0.4799984800104797, 0.2400004399954401, 0.1600005599965601, 0.12000051999752007]",state_action_local,1,inf,5,0.05
3,110,Similarity-aware,1.0,5.181040781584064e-17,3.811765717879704e-16,2.220446049250313e-15,60,E[Agg(Q_xi)] - Agg(E[Q_xi]),True,"[0.10000000000000009, 0.20000000000000004, 0.3, 0.4]","[0.4799984800104797, 0.2400004399954401, 0.1600005599965601, 0.12000051999752007]",state_action_local,1,inf,5,0.05
3,115,Similarity-aware,1.0,4.4408920985006264e-17,3.478698810492157e-16,2.220446049250313e-15,60,E[Agg(Q_xi)] - Agg(E[Q_xi]),True,"[0.10000000000000009, 0.20000000000000004, 0.3, 0.4]","[0.4799984800104797, 0.2400004399954401, 0.1600005599965601, 0.12000051999752007]",state_action_local,1,inf,5,0.05
3,120,Similarity-aware,1.0,7.401486830834377e-17,3.885780586188048e-16,2.6645352591003757e-15,60,E[Agg(Q_xi)] - Agg(E[Q_xi]),True,"[0.10000000000000009, 0.20000000000000004, 0.3, 0.4]","[0.4799984800104797, 0.2400004399954401, 0.1600005599965601, 0.12000051999752007]",state_action_local,1,inf,5,0.05
3,125,Similarity-aware,1.0,3.700743415417188e-17,4.070817756958907e-16,3.552713678800501e-15,60,E[Agg(Q_xi)] - Agg(E[Q_xi]),True,"[0.10000000000000009, 0.20000000000000004, 0.3, 0.4]","[0.4799984800104797, 0.2400004399954401, 0.1600005599965601, 0.12000051999752007]",state_action_local,1,inf,5,0.05
3,130,Similarity-aware,1.0,-5.551115123125783e-17,3.848773152033876e-16,2.6645352591003757e-15,60,E[Agg(Q_xi)] - Agg(E[Q_xi]),True,"[0.10000000000000009, 0.20000000000000004, 0.3, 0.4]","[0.4799984800104797, 0.2400004399954401, 0.1600005599965601, 0.12000051999752007]",state_action_local,1,inf,5,0.05
3,135,Similarity-aware,1.0,-9.251858538542972e-17,3.219646771412954e-16,2.6645352591003757e-15,60,E[Agg(Q_xi)] - Agg(E[Q_xi]),True,"[0.10000000000000009, 0.20000000000000004, 0.3, 0.4]","[0.4799984800104797, 0.2400004399954401, 0.1600005599965601, 0.12000051999752007]",state_action_local,1,inf,5,0.05
3,140,Similarity-aware,1.0,-1.4802973661668753e-16,3.3306690738754696e-16,2.6645352591003757e-15,60,E[Agg(Q_xi)] - Agg(E[Q_xi]),True,"[0.10000000000000009, 0.20000000000000004, 0.3, 0.4]","[0.4799984800104797, 0.2400004399954401, 0.1600005599965601, 0.12000051999752007]",state_action_local,1,inf,5,0.05
3,145,Similarity-aware,1.0,-2.627527824946204e-16,3.293661639721298e-16,3.552713678800501e-15,60,E[Agg(Q_xi)] - Agg(E[Q_xi]),True,"[0.10000000000000009, 0.20000000000000004, 0.3, 0.4]","[0.4799984800104797, 0.2400004399954401, 0.1600005599965601, 0.12000051999752007]",state_action_local,1,inf,5,0.05
3,150,Similarity-aware,1.0,-1.1102230246251566e-17,4.2188474935755947e-16,2.6645352591003757e-15,60,E[Agg(Q_xi)] - Agg(E[Q_xi]),True,"[0.10000000000000009, 0.20000000000000004, 0.3, 0.4]","[0.4799984800104797, 0.2400004399954401, 0.1600005599965601, 0.12000051999752007]",state_action_local,1,inf,5,0.05
3,155,Similarity-aware,1.0,-1.258252761241844e-16,3.774758283725532e-16,3.552713678800501e-15,60,E[Agg(Q_xi)] - Agg(E[Q_xi]),True,"[0.10000000000000009, 0.20000000000000004, 0.3, 0.4]","[0.4799984800104797, 0.2400004399954401, 0.1600005599965601, 0.12000051999752007]",state_action_local,1,inf,5,0.05
3,160,Similarity-aware,1.0,-6.661338147750939e-17,4.736951571734001e-16,3.552713678800501e-15,60,E[Agg(Q_xi)] - Agg(E[Q_xi]),True,"[0.10000000000000009, 0.20000000000000004, 0.3, 0.4]","[0.4799984800104797, 0.2400004399954401, 0.1600005599965601, 0.12000051999752007]",state_action_local,1,inf,5,0.05
3,165,Similarity-aware,1.0,-1.1842378929335003e-16,4.662936703425658e-16,3.552713678800501e-15,60,E[Agg(Q_xi)] - Agg(E[Q_xi]),True,"[0.10000000000000009, 0.20000000000000004, 0.3, 0.4]","[0.4799984800104797, 0.2400004399954401, 0.1600005599965601, 0.12000051999752007]",state_action_local,1,inf,5,0.05
3,170,Similarity-aware,1.0,2.2204460492503132e-17,5.921189464667501e-16,5.329070518200751e-15,60,E[Agg(Q_xi)] - Agg(E[Q_xi]),True,"[0.10000000000000009, 0.20000000000000004, 0.3, 0.4]","[0.4799984800104797, 0.2400004399954401, 0.1600005599965601, 0.12000051999752007]",state_action_local,1,inf,5,0.05
3,175,Similarity-aware,1.0,8.881784197001253e-17,6.291263806209221e-16,3.552713678800501e-15,60,E[Agg(Q_xi)] - Agg(E[Q_xi]),True,"[0.10000000000000009, 0.20000000000000004, 0.3, 0.4]","[0.4799984800104797, 0.2400004399954401, 0.1600005599965601, 0.12000051999752007]",state_action_local,1,inf,5,0.05
3,180,Similarity-aware,1.0,-1.7763568394002506e-16,5.255055649892408e-16,4.440892098500626e-15,60,E[Agg(Q_xi)] - Agg(E[Q_xi]),True,"[0.10000000000000009, 0.20000000000000004, 0.3, 0.4]","[0.4799984800104797, 0.2400004399954401, 0.1600005599965601, 0.12000051999752007]",state_action_local,1,inf,5,0.05
3,185,Similarity-aware,1.0,-2.886579864025407e-16,4.884981308350689e-16,3.552713678800501e-15,60,E[Agg(Q_xi)] - Agg(E[Q_xi]),True,"[0.10000000000000009, 0.20000000000000004, 0.3, 0.4]","[0.4799984800104797, 0.2400004399954401, 0.1600005599965601, 0.12000051999752007]",state_action_local,1,inf,5,0.05
3,190,Similarity-aware,1.0,-1.8503717077085943e-16,5.551115123125783e-16,4.440892098500626e-15,60,E[Agg(Q_xi)] - Agg(E[Q_xi]),True,"[0.10000000000000009, 0.20000000000000004, 0.3, 0.4]","[0.4799984800104797, 0.2400004399954401, 0.1600005599965601, 0.12000051999752007]",state_action_local,1,inf,5,0.05
3,195,Similarity-aware,1.0,-7.401486830834377e-17,5.255055649892408e-16,3.552713678800501e-15,60,E[Agg(Q_xi)] - Agg(E[Q_xi]),True,"[0.10000000000000009, 0.20000000000000004, 0.3, 0.4]","[0.4799984800104797, 0.2400004399954401, 0.1600005599965601, 0.12000051999752007]",state_action_local,1,inf,5,0.05
3,200,Similarity-aware,1.0,8.141635513917814e-17,7.031412489292658e-16,3.552713678800501e-15,60,E[Agg(Q_xi)] - Agg(E[Q_xi]),True,"[0.10000000000000009, 0.20000000000000004, 0.3, 0.4]","[0.4799984800104797, 0.2400004399954401, 0.1600005599965601, 0.12000051999752007]",state_action_local,1,inf,5,0.05
3,205,Similarity-aware,1.0,-1.1102230246251565e-16,5.847174596359158e-16,4.440892098500626e-15,60,E[Agg(Q_xi)] - Agg(E[Q_xi]),True,"[0.10000000000000009, 0.20000000000000004, 0.3, 0.4]","[0.4799984800104797, 0.2400004399954401, 0.1600005599965601, 0.12000051999752007]",state_action_local,1,inf,5,0.05
3,210,Similarity-aware,1.0,1.6283271027835628e-16,6.809367884367627e-16,4.440892098500626e-15,60,E[Agg(Q_xi)] - Agg(E[Q_xi]),True,"[0.10000000000000009, 0.20000000000000004, 0.3, 0.4]","[0.4799984800104797, 0.2400004399954401, 0.1600005599965601, 0.12000051999752007]",state_action_local,1,inf,5,0.05
3,215,Similarity-aware,1.0,-1.1842378929335003e-16,5.921189464667501e-16,4.440892098500626e-15,60,E[Agg(Q_xi)] - Agg(E[Q_xi]),True,"[0.10000000000000009, 0.20000000000000004, 0.3, 0.4]","[0.4799984800104797, 0.2400004399954401, 0.1600005599965601, 0.12000051999752007]",state_action_local,1,inf,5,0.05
3,220,Similarity-aware,1.0,1.4802973661668753e-16,7.771561172376096e-16,7.105427357601002e-15,60,E[Agg(Q_xi)] - Agg(E[Q_xi]),True,"[0.10000000000000009, 0.20000000000000004, 0.3, 0.4]","[0.4799984800104797, 0.2400004399954401, 0.1600005599965601, 0.12000051999752007]",state_action_local,1,inf,5,0.05
3,225,Similarity-aware,1.0,1.1102230246251565e-16,7.031412489292658e-16,5.329070518200751e-15,60,E[Agg(Q_xi)] - Agg(E[Q_xi]),True,"[0.10000000000000009, 0.20000000000000004, 0.3, 0.4]","[0.4799984800104797, 0.2400004399954401, 0.1600005599965601, 0.12000051999752007]",state_action_local,1,inf,5,0.05
3,230,Similarity-aware,1.0,2.220446049250313e-16,7.401486830834377e-16,4.440892098500626e-15,60,E[Agg(Q_xi)] - Agg(E[Q_xi]),True,"[0.10000000000000009, 0.20000000000000004, 0.3, 0.4]","[0.4799984800104797, 0.2400004399954401, 0.1600005599965601, 0.12000051999752007]",state_action_local,1,inf,5,0.05
3,235,Similarity-aware,1.0,1.258252761241844e-16,7.105427357601002e-16,4.440892098500626e-15,60,E[Agg(Q_xi)] - Agg(E[Q_xi]),True,"[0.10000000000000009, 0.20000000000000004, 0.3, 0.4]","[0.4799984800104797, 0.2400004399954401, 0.1600005599965601, 0.12000051999752007]",state_action_local,1,inf,5,0.05
3,240,Similarity-aware,1.0,-1.6283271027835628e-16,6.143234069592533e-16,5.329070518200751e-15,60,E[Agg(Q_xi)] - Agg(E[Q_xi]),True,"[0.10000000000000009, 0.20000000000000004, 0.3, 0.4]","[0.4799984800104797, 0.2400004399954401, 0.1600005599965601, 0.12000051999752007]",state_action_local,1,inf,5,0.05
3,245,Similarity-aware,1.0,-1.4802973661668753e-16,6.291263806209221e-16,5.329070518200751e-15,60,E[Agg(Q_xi)] - Agg(E[Q_xi]),True,"[0.10000000000000009, 0.20000000000000004, 0.3, 0.4]","[0.4799984800104797, 0.2400004399954401, 0.1600005599965601, 0.12000051999752007]",state_action_local,1,inf,5,0.05
3,250,Similarity-aware,1.0,1.4062824978585316e-16,8.363680118842846e-16,5.329070518200751e-15,60,E[Agg(Q_xi)] - Agg(E[Q_xi]),True,"[0.10000000000000009, 0.20000000000000004, 0.3, 0.4]","[0.4799984800104797, 0.2400004399954401, 0.1600005599965601, 0.12000051999752007]",state_action_local,1,inf,5,0.05
3,255,Similarity-aware,1.0,6.661338147750939e-17,6.735353016059283e-16,4.440892098500626e-15,60,E[Agg(Q_xi)] - Agg(E[Q_xi]),True,"[0.10000000000000009, 0.20000000000000004, 0.3, 0.4]","[0.4799984800104797, 0.2400004399954401, 0.1600005599965601, 0.12000051999752007]",state_action_local,1,inf,5,0.05
3,260,Similarity-aware,1.0,3.9227880203422196e-16,9.103828801926283e-16,4.440892098500626e-15,60,E[Agg(Q_xi)] - Agg(E[Q_xi]),True,"[0.10000000000000009, 0.20000000000000004, 0.3, 0.4]","[0.4799984800104797, 0.2400004399954401, 0.1600005599965601, 0.12000051999752007]",state_action_local,1,inf,5,0.05
3,265,Similarity-aware,1.0,-5.921189464667501e-17,6.809367884367627e-16,5.329070518200751e-15,60,E[Agg(Q_xi)] - Agg(E[Q_xi]),True,"[0.10000000000000009, 0.20000000000000004, 0.3, 0.4]","[0.4799984800104797, 0.2400004399954401, 0.1600005599965601, 0.12000051999752007]",state_action_local,1,inf,5,0.05
3,270,Similarity-aware,1.0,2.960594732333751e-17,7.253457094217689e-16,4.440892098500626e-15,60,E[Agg(Q_xi)] - Agg(E[Q_xi]),True,"[0.10000000000000009, 0.20000000000000004, 0.3, 0.4]","[0.4799984800104797, 0.2400004399954401, 0.1600005599965601, 0.12000051999752007]",state_action_local,1,inf,5,0.05
3,275,Similarity-aware,1.0,2.7385501274087196e-16,8.585724723767877e-16,4.440892098500626e-15,60,E[Agg(Q_xi)] - Agg(E[Q_xi]),True,"[0.10000000000000009, 0.20000000000000004, 0.3, 0.4]","[0.4799984800104797, 0.2400004399954401, 0.1600005599965601, 0.12000051999752007]",state_action_local,1,inf,5,0.05
3,280,Similarity-aware,1.0,1.554312234475219e-16,8.437694987151189e-16,5.329070518200751e-15,60,E[Agg(Q_xi)] - Agg(E[Q_xi]),True,"[0.10000000000000009, 0.20000000000000004, 0.3, 0.4]","[0.4799984800104797, 0.2400004399954401, 0.1600005599965601, 0.12000051999752007]",state_action_local,1,inf,5,0.05
3,285,Similarity-aware,1.0,1.258252761241844e-16,8.141635513917814e-16,4.440892098500626e-15,60,E[Agg(Q_xi)] - Agg(E[Q_xi]),True,"[0.10000000000000009, 0.20000000000000004, 0.3, 0.4]","[0.4799984800104797, 0.2400004399954401, 0.1600005599965601, 0.12000051999752007]",state_action_local,1,inf,5,0.05
3,290,Similarity-aware,1.0,-1.1102230246251565e-16,6.291263806209221e-16,5.329070518200751e-15,60,E[Agg(Q_xi)] - Agg(E[Q_xi]),True,"[0.10000000000000009, 0.20000000000000004, 0.3, 0.4]","[0.4799984800104797, 0.2400004399954401, 0.1600005599965601, 0.12000051999752007]",state_action_local,1,inf,5,0.05
3,295,Similarity-aware,1.0,-2.960594732333751e-17,6.217248937900876e-16,5.329070518200751e-15,60,E[Agg(Q_xi)] - Agg(E[Q_xi]),True,"[0.10000000000000009, 0.20000000000000004, 0.3, 0.4]","[0.4799984800104797, 0.2400004399954401, 0.1600005599965601, 0.12000051999752007]",state_action_local,1,inf,5,0.05
3,300,Similarity-aware,1.0,1.9984014443252818e-16,8.955799065309596e-16,5.329070518200751e-15,60,E[Agg(Q_xi)] - Agg(E[Q_xi]),True,"[0.10000000000000009, 0.20000000000000004, 0.3, 0.4]","[0.4799984800104797, 0.2400004399954401, 0.1600005599965601, 0.12000051999752007]",state_action_local,1,inf,5,0.05
3,305,Similarity-aware,1.0,1.3322676295501878e-16,7.993605777301127e-16,5.329070518200751e-15,60,E[Agg(Q_xi)] - Agg(E[Q_xi]),True,"[0.10000000000000009, 0.20000000000000004, 0.3, 0.4]","[0.4799984800104797, 0.2400004399954401, 0.1600005599965601, 0.12000051999752007]",state_action_local,1,inf,5,0.05
3,310,Similarity-aware,1.0,-1.258252761241844e-16,7.179442225909346e-16,5.329070518200751e-15,60,E[Agg(Q_xi)] - Agg(E[Q_xi]),True,"[0.10000000000000009, 0.20000000000000004, 0.3, 0.4]","[0.4799984800104797, 0.2400004399954401, 0.1600005599965601, 0.12000051999752007]",state_action_local,1,inf,5,0.05
3,315,Similarity-aware,1.0,-7.401486830834377e-17,6.365278674517564e-16,5.329070518200751e-15,60,E[Agg(Q_xi)] - Agg(E[Q_xi]),True,"[0.10000000000000009, 0.20000000000000004, 0.3, 0.4]","[0.4799984800104797, 0.2400004399954401, 0.1600005599965601, 0.12000051999752007]",state_action_local,1,inf,5,0.05
3,320,Similarity-aware,1.0,-2.220446049250313e-16,5.477100254817439e-16,7.105427357601002e-15,60,E[Agg(Q_xi)] - Agg(E[Q_xi]),True,"[0.10000000000000009, 0.20000000000000004, 0.3, 0.4]","[0.4799984800104797, 0.2400004399954401, 0.1600005599965601, 0.12000051999752007]",state_action_local,1,inf,5,0.05
3,325,Similarity-aware,1.0,4.4408920985006264e-17,8.289665250534502e-16,4.440892098500626e-15,60,E[Agg(Q_xi)] - Agg(E[Q_xi]),True,"[0.10000000000000009, 0.20000000000000004, 0.3, 0.4]","[0.4799984800104797, 0.2400004399954401, 0.1600005599965601, 0.12000051999752007]",state_action_local,1,inf,5,0.05
3,330,Similarity-aware,1.0,2.2204460492503132e-17,8.437694987151189e-16,5.329070518200751e-15,60,E[Agg(Q_xi)] - Agg(E[Q_xi]),True,"[0.10000000000000009, 0.20000000000000004, 0.3, 0.4]","[0.4799984800104797, 0.2400004399954401, 0.1600005599965601, 0.12000051999752007]",state_action_local,1,inf,5,0.05
3,335,Similarity-aware,1.0,-3.552713678800501e-16,5.995204332975846e-16,5.329070518200751e-15,60,E[Agg(Q_xi)] - Agg(E[Q_xi]),True,"[0.10000000000000009, 0.20000000000000004, 0.3, 0.4]","[0.4799984800104797, 0.2400004399954401, 0.1600005599965601, 0.12000051999752007]",state_action_local,1,inf,5,0.05
3,340,Similarity-aware,1.0,-8.881784197001253e-17,6.513308411134251e-16,5.329070518200751e-15,60,E[Agg(Q_xi)] - Agg(E[Q_xi]),True,"[0.10000000000000009, 0.20000000000000004, 0.3, 0.4]","[0.4799984800104797, 0.2400004399954401, 0.1600005599965601, 0.12000051999752007]",state_action_local,1,inf,5,0.05
3,345,Similarity-aware,1.0,2.516505522483688e-16,1.0362081563168128e-15,7.105427357601002e-15,60,E[Agg(Q_xi)] - Agg(E[Q_xi]),True,"[0.10000000000000009, 0.20000000000000004, 0.3, 0.4]","[0.4799984800104797, 0.2400004399954401, 0.1600005599965601, 0.12000051999752007]",state_action_local,1,inf,5,0.05
3,350,Similarity-aware,1.0,1.7763568394002506e-16,9.769962616701378e-16,5.329070518200751e-15,60,E[Agg(Q_xi)] - Agg(E[Q_xi]),True,"[0.10000000000000009, 0.20000000000000004, 0.3, 0.4]","[0.4799984800104797, 0.2400004399954401, 0.1600005599965601, 0.12000051999752007]",state_action_local,1,inf,5,0.05
3,355,Similarity-aware,1.0,-1.924386576016938e-16,6.957397620984314e-16,7.105427357601002e-15,60,E[Agg(Q_xi)] - Agg(E[Q_xi]),True,"[0.10000000000000009, 0.20000000000000004, 0.3, 0.4]","[0.4799984800104797, 0.2400004399954401, 0.1600005599965601, 0.12000051999752007]",state_action_local,1,inf,5,0.05
3,360,Similarity-aware,1.0,2.960594732333751e-17,8.733754460384564e-16,5.329070518200751e-15,60,E[Agg(Q_xi)] - Agg(E[Q_xi]),True,"[0.10000000000000009, 0.20000000000000004, 0.3, 0.4]","[0.4799984800104797, 0.2400004399954401, 0.1600005599965601, 0.12000051999752007]",state_action_local,1,inf,5,0.05
3,365,Similarity-aware,1.0,-1.6283271027835628e-16,8.585724723767877e-16,5.329070518200751e-15,60,E[Agg(Q_xi)] - Agg(E[Q_xi]),True,"[0.10000000000000009, 0.20000000000000004, 0.3, 0.4]","[0.4799984800104797, 0.2400004399954401, 0.1600005599965601, 0.12000051999752007]",state_action_local,1,inf,5,0.05
3,370,Similarity-aware,1.0,4.4408920985006264e-17,9.02981393361794e-16,7.105427357601002e-15,60,E[Agg(Q_xi)] - Agg(E[Q_xi]),True,"[0.10000000000000009, 0.20000000000000004, 0.3, 0.4]","[0.4799984800104797, 0.2400004399954401, 0.1600005599965601, 0.12000051999752007]",state_action_local,1,inf,5,0.05
3,375,Similarity-aware,1.0,0.0,8.585724723767877e-16,5.329070518200751e-15,60,E[Agg(Q_xi)] - Agg(E[Q_xi]),True,"[0.10000000000000009, 0.20000000000000004, 0.3, 0.4]","[0.4799984800104797, 0.2400004399954401, 0.1600005599965601, 0.12000051999752007]",state_action_local,1,inf,5,0.05
3,380,Similarity-aware,1.0,5.625129991434126e-16,1.3174646558885191e-15,1.0658141036401503e-14,60,E[Agg(Q_xi)] - Agg(E[Q_xi]),True,"[0.10000000000000009, 0.20000000000000004, 0.3, 0.4]","[0.4799984800104797, 0.2400004399954401, 0.1600005599965601, 0.12000051999752007]",state_action_local,1,inf,5,0.05
3,385,Similarity-aware,1.0,0.0,1.021405182655144e-15,7.105427357601002e-15,60,E[Agg(Q_xi)] - Agg(E[Q_xi]),True,"[0.10000000000000009, 0.20000000000000004, 0.3, 0.4]","[0.4799984800104797, 0.2400004399954401, 0.1600005599965601, 0.12000051999752007]",state_action_local,1,inf,5,0.05
3,390,Similarity-aware,1.0,-7.401486830834377e-17,7.993605777301127e-16,5.329070518200751e-15,60,E[Agg(Q_xi)] - Agg(E[Q_xi]),True,"[0.10000000000000009, 0.20000000000000004, 0.3, 0.4]","[0.4799984800104797, 0.2400004399954401, 0.1600005599965601, 0.12000051999752007]",state_action_local,1,inf,5,0.05
3,395,Similarity-aware,1.0,3.7007434154171886e-16,1.0066022089934752e-15,7.105427357601002e-15,60,E[Agg(Q_xi)] - Agg(E[Q_xi]),True,"[0.10000000000000009, 0.20000000000000004, 0.3, 0.4]","[0.4799984800104797, 0.2400004399954401, 0.1600005599965601, 0.12000051999752007]",state_action_local,1,inf,5,0.05
3,400,Similarity-aware,1.0,4.144832625267251e-16,1.2138438402568378e-15,8.881784197001252e-15,60,E[Agg(Q_xi)] - Agg(E[Q_xi]),True,"[0.10000000000000009, 0.20000000000000004, 0.3, 0.4]","[0.4799984800104797, 0.2400004399954401, 0.1600005599965601, 0.12000051999752007]",state_action_local,1,inf,5,0.05
4,5,Maximum-based,1.0,0.05819236478906619,0.05819236478906619,0.07048199477632333,60,E[Agg(Q_xi)] - Agg(E[Q_xi]),True,"[0.10000000000000012, 0.20000000000000004, 0.29999999999999993, 0.4]","[0.4799984800104797, 0.24000043999544013, 0.16000055999656015, 0.12000051999752008]",state_action_local,1,inf,5,0.05
4,10,Maximum-based,1.0,0.05635534917198323,0.05635534917198323,0.06797456943926297,60,E[Agg(Q_xi)] - Agg(E[Q_xi]),True,"[0.10000000000000012, 0.20000000000000004, 0.29999999999999993, 0.4]","[0.4799984800104797, 0.24000043999544013, 0.16000055999656015, 0.12000051999752008]",state_action_local,1,inf,5,0.05
4,15,Maximum-based,1.0,0.05521128668355379,0.05521128668355379,0.0687710878042172,60,E[Agg(Q_xi)] - Agg(E[Q_xi]),True,"[0.10000000000000012, 0.20000000000000004, 0.29999999999999993, 0.4]","[0.4799984800104797, 0.24000043999544013, 0.16000055999656015, 0.12000051999752008]",state_action_local,1,inf,5,0.05
4,20,Maximum-based,1.0,0.05354082535306602,0.05354082535306602,0.06835241763951827,60,E[Agg(Q_xi)] - Agg(E[Q_xi]),True,"[0.10000000000000012, 0.20000000000000004, 0.29999999999999993, 0.4]","[0.4799984800104797, 0.24000043999544013, 0.16000055999656015, 0.12000051999752008]",state_action_local,1,inf,5,0.05
4,25,Maximum-based,1.0,0.05399684003767905,0.05399684003767905,0.06535303257252933,60,E[Agg(Q_xi)] - Agg(E[Q_xi]),True,"[0.10000000000000012, 0.20000000000000004, 0.29999999999999993, 0.4]","[0.4799984800104797, 0.24000043999544013, 0.16000055999656015, 0.12000051999752008]",state_action_local,1,inf,5,0.05
4,30,Maximum-based,1.0,0.05346550896491021,0.05346550896491021,0.06464544744476775,60,E[Agg(Q_xi)] - Agg(E[Q_xi]),True,"[0.10000000000000012, 0.20000000000000004, 0.29999999999999993, 0.4]","[0.4799984800104797, 0.24000043999544013, 0.16000055999656015, 0.12000051999752008]",state_action_local,1,inf,5,0.05
4,35,Maximum-based,1.0,0.05279778816323147,0.05279778816323147,0.06456481620701493,60,E[Agg(Q_xi)] - Agg(E[Q_xi]),True,"[0.10000000000000012, 0.20000000000000004, 0.29999999999999993, 0.4]","[0.4799984800104797, 0.24000043999544013, 0.16000055999656015, 0.12000051999752008]",state_action_local,1,inf,5,0.05
4,40,Maximum-based,1.0,0.052752656690183475,0.052752656690183475,0.06503502167141928,60,E[Agg(Q_xi)] - Agg(E[Q_xi]),True,"[0.10000000000000012, 0.20000000000000004, 0.29999999999999993, 0.4]","[0.4799984800104797, 0.24000043999544013, 0.16000055999656015, 0.12000051999752008]",state_action_local,1,inf,5,0.05
4,45,Maximum-based,1.0,0.05188983412137564,0.05188983412137564,0.06385793459807787,60,E[Agg(Q_xi)] - Agg(E[Q_xi]),True,"[0.10000000000000012, 0.20000000000000004, 0.29999999999999993, 0.4]","[0.4799984800104797, 0.24000043999544013, 0.16000055999656015, 0.12000051999752008]",state_action_local,1,inf,5,0.05
4,50,Maximum-based,1.0,0.05211615337432876,0.05211615337432876,0.07214642401100235,60,E[Agg(Q_xi)] - Agg(E[Q_xi]),True,"[0.10000000000000012, 0.20000000000000004, 0.29999999999999993, 0.4]","[0.4799984800104797, 0.24000043999544013, 0.16000055999656015, 0.12000051999752008]",state_action_local,1,inf,5,0.05
4,55,Maximum-based,1.0,0.05138243518343035,0.05138243518343035,0.07036659323877403,60,E[Agg(Q_xi)] - Agg(E[Q_xi]),True,"[0.10000000000000012, 0.20000000000000004, 0.29999999999999993, 0.4]","[0.4799984800104797, 0.24000043999544013, 0.16000055999656015, 0.12000051999752008]",state_action_local,1,inf,5,0.05
4,60,Maximum-based,1.0,0.051819810954242256,0.051819810954242256,0.06295840417123211,60,E[Agg(Q_xi)] - Agg(E[Q_xi]),True,"[0.10000000000000012, 0.20000000000000004, 0.29999999999999993, 0.4]","[0.4799984800104797, 0.24000043999544013, 0.16000055999656015, 0.12000051999752008]",state_action_local,1,inf,5,0.05
4,65,Maximum-based,1.0,0.05144039204353249,0.05144039204353249,0.06240251537102992,60,E[Agg(Q_xi)] - Agg(E[Q_xi]),True,"[0.10000000000000012, 0.20000000000000004, 0.29999999999999993, 0.4]","[0.4799984800104797, 0.24000043999544013, 0.16000055999656015, 0.12000051999752008]",state_action_local,1,inf,5,0.05
4,70,Maximum-based,1.0,0.05148080673391437,0.05148080673391437,0.06677687882638317,60,E[Agg(Q_xi)] - Agg(E[Q_xi]),True,"[0.10000000000000012, 0.20000000000000004, 0.29999999999999993, 0.4]","[0.4799984800104797, 0.24000043999544013, 0.16000055999656015, 0.12000051999752008]",state_action_local,1,inf,5,0.05
4,75,Maximum-based,1.0,0.050952603336041014,0.050952603336041014,0.06404862951283263,60,E[Agg(Q_xi)] - Agg(E[Q_xi]),True,"[0.10000000000000012, 0.20000000000000004, 0.29999999999999993, 0.4]","[0.4799984800104797, 0.24000043999544013, 0.16000055999656015, 0.12000051999752008]",state_action_local,1,inf,5,0.05
4,80,Maximum-based,1.0,0.05156568784865047,0.05156568784865047,0.06265032832586215,60,E[Agg(Q_xi)] - Agg(E[Q_xi]),True,"[0.10000000000000012, 0.20000000000000004, 0.29999999999999993, 0.4]","[0.4799984800104797, 0.24000043999544013, 0.16000055999656015, 0.12000051999752008]",state_action_local,1,inf,5,0.05
4,85,Maximum-based,1.0,0.05161083997354982,0.05161083997354982,0.0619947374308607,60,E[Agg(Q_xi)] - Agg(E[Q_xi]),True,"[0.10000000000000012, 0.20000000000000004, 0.29999999999999993, 0.4]","[0.4799984800104797, 0.24000043999544013, 0.16000055999656015, 0.12000051999752008]",state_action_local,1,inf,5,0.05
4,90,Maximum-based,1.0,0.05105173200066588,0.05105173200066588,0.06651920016152157,60,E[Agg(Q_xi)] - Agg(E[Q_xi]),True,"[0.10000000000000012, 0.20000000000000004, 0.29999999999999993, 0.4]","[0.4799984800104797, 0.24000043999544013, 0.16000055999656015, 0.12000051999752008]",state_action_local,1,inf,5,0.05
4,95,Maximum-based,1.0,0.0514895371907332,0.0514895371907332,0.07325008524794141,60,E[Agg(Q_xi)] - Agg(E[Q_xi]),True,"[0.10000000000000012, 0.20000000000000004, 0.29999999999999993, 0.4]","[0.4799984800104797, 0.24000043999544013, 0.16000055999656015, 0.12000051999752008]",state_action_local,1,inf,5,0.05
4,100,Maximum-based,1.0,0.0511618975617926,0.0511618975617926,0.06359293680924338,60,E[Agg(Q_xi)] - Agg(E[Q_xi]),True,"[0.10000000000000012, 0.20000000000000004, 0.29999999999999993, 0.4]","[0.4799984800104797, 0.24000043999544013, 0.16000055999656015, 0.12000051999752008]",state_action_local,1,inf,5,0.05
4,105,Maximum-based,1.0,0.051653118552817054,0.051653118552817054,0.06305729952549566,60,E[Agg(Q_xi)] - Agg(E[Q_xi]),True,"[0.10000000000000012, 0.20000000000000004, 0.29999999999999993, 0.4]","[0.4799984800104797, 0.24000043999544013, 0.16000055999656015, 0.12000051999752008]",state_action_local,1,inf,5,0.05
4,110,Maximum-based,1.0,0.05107179103933539,0.05107179103933539,0.061702418716713225,60,E[Agg(Q_xi)] - Agg(E[Q_xi]),True,"[0.10000000000000012, 0.20000000000000004, 0.29999999999999993, 0.4]","[0.4799984800104797, 0.24000043999544013, 0.16000055999656015, 0.12000051999752008]",state_action_local,1,inf,5,0.05
4,115,Maximum-based,1.0,0.050768612657903195,0.050768612657903195,0.062288844260224074,60,E[Agg(Q_xi)] - Agg(E[Q_xi]),True,"[0.10000000000000012, 0.20000000000000004, 0.29999999999999993, 0.4]","[0.4799984800104797, 0.24000043999544013, 0.16000055999656015, 0.12000051999752008]",state_action_local,1,inf,5,0.05
4,120,Maximum-based,1.0,0.050950558505199466,0.050950558505199466,0.06723290860575659,60,E[Agg(Q_xi)] - Agg(E[Q_xi]),True,"[0.10000000000000012, 0.20000000000000004, 0.29999999999999993, 0.4]","[0.4799984800104797, 0.24000043999544013, 0.16000055999656015, 0.12000051999752008]",state_action_local,1,inf,5,0.05
4,125,Maximum-based,1.0,0.05128074987482667,0.05128074987482667,0.06264874811763477,60,E[Agg(Q_xi)] - Agg(E[Q_xi]),True,"[0.10000000000000012, 0.20000000000000004, 0.29999999999999993, 0.4]","[0.4799984800104797, 0.24000043999544013, 0.16000055999656015, 0.12000051999752008]",state_action_local,1,inf,5,0.05
4,130,Maximum-based,1.0,0.05058425652356136,0.05058425652356136,0.06789584115891589,60,E[Agg(Q_xi)] - Agg(E[Q_xi]),True,"[0.10000000000000012, 0.20000000000000004, 0.29999999999999993, 0.4]","[0.4799984800104797, 0.24000043999544013, 0.16000055999656015, 0.12000051999752008]",state_action_local,1,inf,5,0.05
4,135,Maximum-based,1.0,0.050889222546989146,0.050889222546989146,0.06486575781825366,60,E[Agg(Q_xi)] - Agg(E[Q_xi]),True,"[0.10000000000000012, 0.20000000000000004, 0.29999999999999993, 0.4]","[0.4799984800104797, 0.24000043999544013, 0.16000055999656015, 0.12000051999752008]",state_action_local,1,inf,5,0.05
4,140,Maximum-based,1.0,0.0507042649722662,0.0507042649722662,0.062174250140635934,60,E[Agg(Q_xi)] - Agg(E[Q_xi]),True,"[0.10000000000000012, 0.20000000000000004, 0.29999999999999993, 0.4]","[0.4799984800104797, 0.24000043999544013, 0.16000055999656015, 0.12000051999752008]",state_action_local,1,inf,5,0.05
4,145,Maximum-based,1.0,0.05070024254994995,0.05070024254994995,0.06432302107721899,60,E[Agg(Q_xi)] - Agg(E[Q_xi]),True,"[0.10000000000000012, 0.20000000000000004, 0.29999999999999993, 0.4]","[0.4799984800104797, 0.24000043999544013, 0.16000055999656015, 0.12000051999752008]",state_action_local,1,inf,5,0.05
4,150,Maximum-based,1.0,0.05028127771989569,0.05028127771989569,0.065655388590252,60,E[Agg(Q_xi)] - Agg(E[Q_xi]),True,"[0.10000000000000012, 0.20000000000000004, 0.29999999999999993, 0.4]","[0.4799984800104797, 0.24000043999544013, 0.16000055999656015, 0.12000051999752008]",state_action_local,1,inf,5,0.05
4,155,Maximum-based,1.0,0.05006537983781346,0.05006537983781346,0.0643539834503919,60,E[Agg(Q_xi)] - Agg(E[Q_xi]),True,"[0.10000000000000012, 0.20000000000000004, 0.29999999999999993, 0.4]","[0.4799984800104797, 0.24000043999544013, 0.16000055999656015, 0.12000051999752008]",state_action_local,1,inf,5,0.05
4,160,Maximum-based,1.0,0.05060362068184994,0.05060362068184994,0.06758155682469091,60,E[Agg(Q_xi)] - Agg(E[Q_xi]),True,"[0.10000000000000012, 0.20000000000000004, 0.29999999999999993, 0.4]","[0.4799984800104797, 0.24000043999544013, 0.16000055999656015, 0.12000051999752008]",state_action_local,1,inf,5,0.05
4,165,Maximum-based,1.0,0.05002902586319278,0.05002902586319278,0.06299468061981184,60,E[Agg(Q_xi)] - Agg(E[Q_xi]),True,"[0.10000000000000012, 0.20000000000000004, 0.29999999999999993, 0.4]","[0.4799984800104797, 0.24000043999544013, 0.16000055999656015, 0.12000051999752008]",state_action_local,1,inf,5,0.05
4,170,Maximum-based,1.0,0.050321346634024856,0.050321346634024856,0.062117769644120635,60,E[Agg(Q_xi)] - Agg(E[Q_xi]),True,"[0.10000000000000012, 0.20000000000000004, 0.29999999999999993, 0.4]","[0.4799984800104797, 0.24000043999544013, 0.16000055999656015, 0.12000051999752008]",state_action_local,1,inf,5,0.05
4,175,Maximum-based,1.0,0.05015619939034607,0.05015619939034607,0.062293601149675304,60,E[Agg(Q_xi)] - Agg(E[Q_xi]),True,"[0.10000000000000012, 0.20000000000000004, 0.29999999999999993, 0.4]","[0.4799984800104797, 0.24000043999544013, 0.16000055999656015, 0.12000051999752008]",state_action_local,1,inf,5,0.05
4,180,Maximum-based,1.0,0.05046912199759289,0.05046912199759289,0.06397148467945346,60,E[Agg(Q_xi)] - Agg(E[Q_xi]),True,"[0.10000000000000012, 0.20000000000000004, 0.29999999999999993, 0.4]","[0.4799984800104797, 0.24000043999544013, 0.16000055999656015, 0.12000051999752008]",state_action_local,1,inf,5,0.05
4,185,Maximum-based,1.0,0.050397752089298566,0.050397752089298566,0.06486697109840645,60,E[Agg(Q_xi)] - Agg(E[Q_xi]),True,"[0.10000000000000012, 0.20000000000000004, 0.29999999999999993, 0.4]","[0.4799984800104797, 0.24000043999544013, 0.16000055999656015, 0.12000051999752008]",state_action_local,1,inf,5,0.05
4,190,Maximum-based,1.0,0.05053739015430307,0.05053739015430307,0.06744047973004808,60,E[Agg(Q_xi)] - Agg(E[Q_xi]),True,"[0.10000000000000012, 0.20000000000000004, 0.29999999999999993, 0.4]","[0.4799984800104797, 0.24000043999544013, 0.16000055999656015, 0.12000051999752008]",state_action_local,1,inf,5,0.05
4,195,Maximum-based,1.0,0.05032643018631702,0.05032643018631702,0.06159879214754582,60,E[Agg(Q_xi)] - Agg(E[Q_xi]),True,"[0.10000000000000012, 0.20000000000000004, 0.29999999999999993, 0.4]","[0.4799984800104797, 0.24000043999544013, 0.16000055999656015, 0.12000051999752008]",state_action_local,1,inf,5,0.05
4,200,Maximum-based,1.0,0.05114019219272339,0.05114019219272339,0.06600150459962073,60,E[Agg(Q_xi)] - Agg(E[Q_xi]),True,"[0.10000000000000012, 0.20000000000000004, 0.29999999999999993, 0.4]","[0.4799984800104797, 0.24000043999544013, 0.16000055999656015, 0.12000051999752008]",state_action_local,1,inf,5,0.05
4,205,Maximum-based,1.0,0.051409063340457556,0.051409063340457556,0.06337090588272964,60,E[Agg(Q_xi)] - Agg(E[Q_xi]),True,"[0.10000000000000012, 0.20000000000000004, 0.29999999999999993, 0.4]","[0.4799984800104797, 0.24000043999544013, 0.16000055999656015, 0.12000051999752008]",state_action_local,1,inf,5,0.05
4,210,Maximum-based,1.0,0.05086601601436063,0.05086601601436063,0.06265866736734083,60,E[Agg(Q_xi)] - Agg(E[Q_xi]),True,"[0.10000000000000012, 0.20000000000000004, 0.29999999999999993, 0.4]","[0.4799984800104797, 0.24000043999544013, 0.16000055999656015, 0.12000051999752008]",state_action_local,1,inf,5,0.05
4,215,Maximum-based,1.0,0.050593328321105885,0.050593328321105885,0.06151265073470036,60,E[Agg(Q_xi)] - Agg(E[Q_xi]),True,"[0.10000000000000012, 0.20000000000000004, 0.29999999999999993, 0.4]","[0.4799984800104797, 0.24000043999544013, 0.16000055999656015, 0.12000051999752008]",state_action_local,1,inf,5,0.05
4,220,Maximum-based,1.0,0.05078363494050348,0.05078363494050348,0.06910432047130932,60,E[Agg(Q_xi)] - Agg(E[Q_xi]),True,"[0.10000000000000012, 0.20000000000000004, 0.29999999999999993, 0.4]","[0.4799984800104797, 0.24000043999544013, 0.16000055999656015, 0.12000051999752008]",state_action_local,1,inf,5,0.05
4,225,Maximum-based,1.0,0.050510854552081964,0.050510854552081964,0.0671698116698689,60,E[Agg(Q_xi)] - Agg(E[Q_xi]),True,"[0.10000000000000012, 0.20000000000000004, 0.29999999999999993, 0.4]","[0.4799984800104797, 0.24000043999544013, 0.16000055999656015, 0.12000051999752008]",state_action_local,1,inf,5,0.05
4,230,Maximum-based,1.0,0.05112036107669207,0.05112036107669207,0.06717978712290851,60,E[Agg(Q_xi)] - Agg(E[Q_xi]),True,"[0.10000000000000012, 0.20000000000000004, 0.29999999999999993, 0.4]","[0.4799984800104797, 0.24000043999544013, 0.16000055999656015, 0.12000051999752008]",state_action_local,1,inf,5,0.05
4,235,Maximum-based,1.0,0.05045626018061792,0.05045626018061792,0.06931598702495911,60,E[Agg(Q_xi)] - Agg(E[Q_xi]),True,"[0.10000000000000012, 0.20000000000000004, 0.29999999999999993, 0.4]","[0.4799984800104797, 0.24000043999544013, 0.16000055999656015, 0.12000051999752008]",state_action_local,1,inf,5,0.05
4,240,Maximum-based,1.0,0.05094227180702953,0.05094227180702953,0.06572309120935671,60,E[Agg(Q_xi)] - Agg(E[Q_xi]),True,"[0.10000000000000012, 0.20000000000000004, 0.29999999999999993, 0.4]","[0.4799984800104797, 0.24000043999544013, 0.16000055999656015, 0.12000051999752008]",state_action_local,1,inf,5,0.05
4,245,Maximum-based,1.0,0.05106963634366057,0.05106963634366057,0.06260494478480005,60,E[Agg(Q_xi)] - Agg(E[Q_xi]),True,"[0.10000000000000012, 0.20000000000000004, 0.29999999999999993, 0.4]","[0.4799984800104797, 0.24000043999544013, 0.16000055999656015, 0.12000051999752008]",state_action_local,1,inf,5,0.05
4,250,Maximum-based,1.0,0.04980574855882322,0.04980574855882322,0.06840794018785878,60,E[Agg(Q_xi)] - Agg(E[Q_xi]),True,"[0.10000000000000012, 0.20000000000000004, 0.29999999999999993, 0.4]","[0.4799984800104797, 0.24000043999544013, 0.16000055999656015, 0.12000051999752008]",state_action_local,1,inf,5,0.05
4,255,Maximum-based,1.0,0.050327523197481766,0.050327523197481766,0.06491776507970037,60,E[Agg(Q_xi)] - Agg(E[Q_xi]),True,"[0.10000000000000012, 0.20000000000000004, 0.29999999999999993, 0.4]","[0.4799984800104797, 0.24000043999544013, 0.16000055999656015, 0.12000051999752008]",state_action_local,1,inf,5,0.05
4,260,Maximum-based,1.0,0.05073412265639523,0.05073412265639523,0.06382811849191405,60,E[Agg(Q_xi)] - Agg(E[Q_xi]),True,"[0.10000000000000012, 0.20000000000000004, 0.29999999999999993, 0.4]","[0.4799984800104797, 0.24000043999544013, 0.16000055999656015, 0.12000051999752008]",state_action_local,1,inf,5,0.05
4,265,Maximum-based,1.0,0.050607138589413805,0.050607138589413805,0.0638590509842647,60,E[Agg(Q_xi)] - Agg(E[Q_xi]),True,"[0.10000000000000012, 0.20000000000000004, 0.29999999999999993, 0.4]","[0.4799984800104797, 0.24000043999544013, 0.16000055999656015, 0.12000051999752008]",state_action_local,1,inf,5,0.05
4,270,Maximum-based,1.0,0.051217521000192064,0.051217521000192064,0.06301528353836972,60,E[Agg(Q_xi)] - Agg(E[Q_xi]),True,"[0.10000000000000012, 0.20000000000000004, 0.29999999999999993, 0.4]","[0.4799984800104797, 0.24000043999544013, 0.16000055999656015, 0.12000051999752008]",state_action_local,1,inf,5,0.05
4,275,Maximum-based,1.0,0.05035162313461453,0.05035162313461453,0.061553575797187676,60,E[Agg(Q_xi)] - Agg(E[Q_xi]),True,"[0.10000000000000012, 0.20000000000000004, 0.29999999999999993, 0.4]","[0.4799984800104797, 0.24000043999544013, 0.16000055999656015, 0.12000051999752008]",state_action_local,1,inf,5,0.05
4,280,Maximum-based,1.0,0.04979533847773913,0.04979533847773913,0.06059534235364161,60,E[Agg(Q_xi)] - Agg(E[Q_xi]),True,"[0.10000000000000012, 0.20000000000000004, 0.29999999999999993, 0.4]","[0.4799984800104797, 0.24000043999544013, 0.16000055999656015, 0.12000051999752008]",state_action_local,1,inf,5,0.05
4,285,Maximum-based,1.0,0.050843292025369295,0.050843292025369295,0.06375413452239442,60,E[Agg(Q_xi)] - Agg(E[Q_xi]),True,"[0.10000000000000012, 0.20000000000000004, 0.29999999999999993, 0.4]","[0.4799984800104797, 0.24000043999544013, 0.16000055999656015, 0.12000051999752008]",state_action_local,1,inf,5,0.05
4,290,Maximum-based,1.0,0.05124601458990458,0.05124601458990458,0.06393672326298905,60,E[Agg(Q_xi)] - Agg(E[Q_xi]),True,"[0.10000000000000012, 0.20000000000000004, 0.29999999999999993, 0.4]","[0.4799984800104797, 0.24000043999544013, 0.16000055999656015, 0.12000051999752008]",state_action_local,1,inf,5,0.05
4,295,Maximum-based,1.0,0.05090650181309561,0.05090650181309561,0.06589860584032614,60,E[Agg(Q_xi)] - Agg(E[Q_xi]),True,"[0.10000000000000012, 0.20000000000000004, 0.29999999999999993, 0.4]","[0.4799984800104797, 0.24000043999544013, 0.16000055999656015, 0.12000051999752008]",state_action_local,1,inf,5,0.05
4,300,Maximum-based,1.0,0.05075603918283001,0.05075603918283001,0.06542505730756432,60,E[Agg(Q_xi)] - Agg(E[Q_xi]),True,"[0.10000000000000012, 0.20000000000000004, 0.29999999999999993, 0.4]","[0.4799984800104797, 0.24000043999544013, 0.16000055999656015, 0.12000051999752008]",state_action_local,1,inf,5,0.05
4,305,Maximum-based,1.0,0.05066471608545043,0.05066471608545043,0.06785391430955379,60,E[Agg(Q_xi)] - Agg(E[Q_xi]),True,"[0.10000000000000012, 0.20000000000000004, 0.29999999999999993, 0.4]","[0.4799984800104797, 0.24000043999544013, 0.16000055999656015, 0.12000051999752008]",state_action_local,1,inf,5,0.05
4,310,Maximum-based,1.0,0.05075452143450239,0.05075452143450239,0.06300063046790783,60,E[Agg(Q_xi)] - Agg(E[Q_xi]),True,"[0.10000000000000012, 0.20000000000000004, 0.29999999999999993, 0.4]","[0.4799984800104797, 0.24000043999544013, 0.16000055999656015, 0.12000051999752008]",state_action_local,1,inf,5,0.05
4,315,Maximum-based,1.0,0.05101499356586651,0.05101499356586651,0.06715923662727619,60,E[Agg(Q_xi)] - Agg(E[Q_xi]),True,"[0.10000000000000012, 0.20000000000000004, 0.29999999999999993, 0.4]","[0.4799984800104797, 0.24000043999544013, 0.16000055999656015, 0.12000051999752008]",state_action_local,1,inf,5,0.05
4,320,Maximum-based,1.0,0.05102862015907461,0.05102862015907461,0.0635707996337942,60,E[Agg(Q_xi)] - Agg(E[Q_xi]),True,"[0.10000000000000012, 0.20000000000000004, 0.29999999999999993, 0.4]","[0.4799984800104797, 0.24000043999544013, 0.16000055999656015, 0.12000051999752008]",state_action_local,1,inf,5,0.05
4,325,Maximum-based,1.0,0.05097335419233127,0.05097335419233127,0.06771872043217719,60,E[Agg(Q_xi)] - Agg(E[Q_xi]),True,"[0.10000000000000012, 0.20000000000000004, 0.29999999999999993, 0.4]","[0.4799984800104797, 0.24000043999544013, 0.16000055999656015, 0.12000051999752008]",state_action_local,1,inf,5,0.05
4,330,Maximum-based,1.0,0.05136637598623017,0.05136637598623017,0.06175524929209253,60,E[Agg(Q_xi)] - Agg(E[Q_xi]),True,"[0.10000000000000012, 0.20000000000000004, 0.29999999999999993, 0.4]","[0.4799984800104797, 0.24000043999544013, 0.16000055999656015, 0.12000051999752008]",state_action_local,1,inf,5,0.05
4,335,Maximum-based,1.0,0.05090974969839081,0.05090974969839081,0.06325580675778575,60,E[Agg(Q_xi)] - Agg(E[Q_xi]),True,"[0.10000000000000012, 0.20000000000000004, 0.29999999999999993, 0.4]","[0.4799984800104797, 0.24000043999544013, 0.16000055999656015, 0.12000051999752008]",state_action_local,1,inf,5,0.05
4,340,Maximum-based,1.0,0.05060779440467957,0.05060779440467957,0.06496587359868755,60,E[Agg(Q_xi)] - Agg(E[Q_xi]),True,"[0.10000000000000012, 0.20000000000000004, 0.29999999999999993, 0.4]","[0.4799984800104797, 0.24000043999544013, 0.16000055999656015, 0.12000051999752008]",state_action_local,1,inf,5,0.05
4,345,Maximum-based,1.0,0.050956043788175635,0.050956043788175635,0.06217124438486188,60,E[Agg(Q_xi)] - Agg(E[Q_xi]),True,"[0.10000000000000012, 0.20000000000000004, 0.29999999999999993, 0.4]","[0.4799984800104797, 0.24000043999544013, 0.16000055999656015, 0.12000051999752008]",state_action_local,1,inf,5,0.05
4,350,Maximum-based,1.0,0.050948700576858665,0.050948700576858665,0.06460616506680417,60,E[Agg(Q_xi)] - Agg(E[Q_xi]),True,"[0.10000000000000012, 0.20000000000000004, 0.29999999999999993, 0.4]","[0.4799984800104797, 0.24000043999544013, 0.16000055999656015, 0.12000051999752008]",state_action_local,1,inf,5,0.05
4,355,Maximum-based,1.0,0.050418365916717826,0.050418365916717826,0.0613846145476824,60,E[Agg(Q_xi)] - Agg(E[Q_xi]),True,"[0.10000000000000012, 0.20000000000000004, 0.29999999999999993, 0.4]","[0.4799984800104797, 0.24000043999544013, 0.16000055999656015, 0.12000051999752008]",state_action_local,1,inf,5,0.05
4,360,Maximum-based,1.0,0.05016613627194338,0.05016613627194338,0.06176130121497536,60,E[Agg(Q_xi)] - Agg(E[Q_xi]),True,"[0.10000000000000012, 0.20000000000000004, 0.29999999999999993, 0.4]","[0.4799984800104797, 0.24000043999544013, 0.16000055999656015, 0.12000051999752008]",state_action_local,1,inf,5,0.05
4,365,Maximum-based,1.0,0.05092949868404106,0.05092949868404106,0.06758399762635925,60,E[Agg(Q_xi)] - Agg(E[Q_xi]),True,"[0.10000000000000012, 0.20000000000000004, 0.29999999999999993, 0.4]","[0.4799984800104797, 0.24000043999544013, 0.16000055999656015, 0.12000051999752008]",state_action_local,1,inf,5,0.05
4,370,Maximum-based,1.0,0.0502303525667953,0.0502303525667953,0.06254631259831456,60,E[Agg(Q_xi)] - Agg(E[Q_xi]),True,"[0.10000000000000012, 0.20000000000000004, 0.29999999999999993, 0.4]","[0.4799984800104797, 0.24000043999544013, 0.16000055999656015, 0.12000051999752008]",state_action_local,1,inf,5,0.05
4,375,Maximum-based,1.0,0.0512559422178941,0.0512559422178941,0.06331240222944423,60,E[Agg(Q_xi)] - Agg(E[Q_xi]),True,"[0.10000000000000012, 0.20000000000000004, 0.29999999999999993, 0.4]","[0.4799984800104797, 0.24000043999544013, 0.16000055999656015, 0.12000051999752008]",state_action_local,1,inf,5,0.05
4,380,Maximum-based,1.0,0.05128263226912884,0.05128263226912884,0.07100223466939326,60,E[Agg(Q_xi)] - Agg(E[Q_xi]),True,"[0.10000000000000012, 0.20000000000000004, 0.29999999999999993, 0.4]","[0.4799984800104797, 0.24000043999544013, 0.16000055999656015, 0.12000051999752008]",state_action_local,1,inf,5,0.05
4,385,Maximum-based,1.0,0.05054837610046312,0.05054837610046312,0.06406786499549177,60,E[Agg(Q_xi)] - Agg(E[Q_xi]),True,"[0.10000000000000012, 0.20000000000000004, 0.29999999999999993, 0.4]","[0.4799984800104797, 0.24000043999544013, 0.16000055999656015, 0.12000051999752008]",state_action_local,1,inf,5,0.05
4,390,Maximum-based,1.0,0.05055617776264081,0.05055617776264081,0.06749884977901388,60,E[Agg(Q_xi)] - Agg(E[Q_xi]),True,"[0.10000000000000012, 0.20000000000000004, 0.29999999999999993, 0.4]","[0.4799984800104797, 0.24000043999544013, 0.16000055999656015, 0.12000051999752008]",state_action_local,1,inf,5,0.05
4,395,Maximum-based,1.0,0.050563504439274515,0.050563504439274515,0.0692607795899125,60,E[Agg(Q_xi)] - Agg(E[Q_xi]),True,"[0.10000000000000012, 0.20000000000000004, 0.29999999999999993, 0.4]","[0.4799984800104797, 0.24000043999544013, 0.16000055999656015, 0.12000051999752008]",state_action_local,1,inf,5,0.05
4,400,Maximum-based,1.0,0.05078320781310364,0.05078320781310364,0.06632820064389122,60,E[Agg(Q_xi)] - Agg(E[Q_xi]),True,"[0.10000000000000012, 0.20000000000000004, 0.29999999999999993, 0.4]","[0.4799984800104797, 0.24000043999544013, 0.16000055999656015, 0.12000051999752008]",state_action_local,1,inf,5,0.05
4,5,Similarity-aware,1.0,-4.5102810375396986e-18,1.1709383462843448e-17,1.1102230246251565e-16,60,E[Agg(Q_xi)] - Agg(E[Q_xi]),True,"[0.10000000000000012, 0.20000000000000004, 0.29999999999999993, 0.4]","[0.4799984800104797, 0.24000043999544013, 0.16000055999656015, 0.12000051999752008]",state_action_local,1,inf,5,0.05
4,10,Similarity-aware,1.0,-1.052398908759263e-17,2.625214860311568e-17,3.3306690738754696e-16,60,E[Agg(Q_xi)] - Agg(E[Q_xi]),True,"[0.10000000000000012, 0.20000000000000004, 0.29999999999999993, 0.4]","[0.4799984800104797, 0.24000043999544013, 0.16000055999656015, 0.12000051999752008]",state_action_local,1,inf,5,0.05
4,15,Similarity-aware,1.0,-2.312964634635743e-19,3.608224830031759e-17,4.440892098500626e-16,60,E[Agg(Q_xi)] - Agg(E[Q_xi]),True,"[0.10000000000000012, 0.20000000000000004, 0.29999999999999993, 0.4]","[0.4799984800104797, 0.24000043999544013, 0.16000055999656015, 0.12000051999752008]",state_action_local,1,inf,5,0.05
4,20,Similarity-aware,1.0,-1.8041124150158794e-17,5.2735593669694933e-17,5.551115123125783e-16,60,E[Agg(Q_xi)] - Agg(E[Q_xi]),True,"[0.10000000000000012, 0.20000000000000004, 0.29999999999999993, 0.4]","[0.4799984800104797, 0.24000043999544013, 0.16000055999656015, 0.12000051999752008]",state_action_local,1,inf,5,0.05
4,25,Similarity-aware,1.0,1.4340380734741607e-17,9.113080660464826e-17,6.661338147750939e-16,60,E[Agg(Q_xi)] - Agg(E[Q_xi]),True,"[0.10000000000000012, 0.20000000000000004, 0.29999999999999993, 0.4]","[0.4799984800104797, 0.24000043999544013, 0.16000055999656015, 0.12000051999752008]",state_action_local,1,inf,5,0.05
4,30,Similarity-aware,1.0,1.850371707708594e-17,1.1009711660866136e-16,6.661338147750939e-16,60,E[Agg(Q_xi)] - Agg(E[Q_xi]),True,"[0.10000000000000012, 0.20000000000000004, 0.29999999999999993, 0.4]","[0.4799984800104797, 0.24000043999544013, 0.16000055999656015, 0.12000051999752008]",state_action_local,1,inf,5,0.05
4,35,Similarity-aware,1.0,-2.4980018054066023e-17,1.0177044392397268e-16,8.881784197001252e-16,60,E[Agg(Q_xi)] - Agg(E[Q_xi]),True,"[0.10000000000000012, 0.20000000000000004, 0.29999999999999993, 0.4]","[0.4799984800104797, 0.24000043999544013, 0.16000055999656015, 0.12000051999752008]",state_action_local,1,inf,5,0.05
4,40,Similarity-aware,1.0,2.6830389761774617e-17,1.258252761241844e-16,8.881784197001252e-16,60,E[Agg(Q_xi)] - Agg(E[Q_xi]),True,"[0.10000000000000012, 0.20000000000000004, 0.29999999999999993, 0.4]","[0.4799984800104797, 0.24000043999544013, 0.16000055999656015, 0.12000051999752008]",state_action_local,1,inf,5,0.05
4,45,Similarity-aware,1.0,2.1279274638648835e-17,1.6745863954762777e-16,8.881784197001252e-16,60,E[Agg(Q_xi)] - Agg(E[Q_xi]),True,"[0.10000000000000012, 0.20000000000000004, 0.29999999999999993, 0.4]","[0.4799984800104797, 0.24000043999544013, 0.16000055999656015, 0.12000051999752008]",state_action_local,1,inf,5,0.05
4,50,Similarity-aware,1.0,-1.0732155904709847e-16,9.992007221626409e-17,8.881784197001252e-16,60,E[Agg(Q_xi)] - Agg(E[Q_xi]),True,"[0.10000000000000012, 0.20000000000000004, 0.29999999999999993, 0.4]","[0.4799984800104797, 0.24000043999544013, 0.16000055999656015, 0.12000051999752008]",state_action_local,1,inf,5,0.05
4,55,Similarity-aware,1.0,-1.850371707708594e-17,1.5173048003210473e-16,1.7763568394002505e-15,60,E[Agg(Q_xi)] - Agg(E[Q_xi]),True,"[0.10000000000000012, 0.20000000000000004, 0.29999999999999993, 0.4]","[0.4799984800104797, 0.24000043999544013, 0.16000055999656015, 0.12000051999752008]",state_action_local,1,inf,5,0.05
4,60,Similarity-aware,1.0,-5.3660779523549233e-17,1.7023419710919068e-16,1.7763568394002505e-15,60,E[Agg(Q_xi)] - Agg(E[Q_xi]),True,"[0.10000000000000012, 0.20000000000000004, 0.29999999999999993, 0.4]","[0.4799984800104797, 0.24000043999544013, 0.16000055999656015, 0.12000051999752008]",state_action_local,1,inf,5,0.05
4,65,Similarity-aware,1.0,8.511709855459534e-17,2.238949766327399e-16,1.3322676295501878e-15,60,E[Agg(Q_xi)] - Agg(E[Q_xi]),True,"[0.10000000000000012, 0.20000000000000004, 0.29999999999999993, 0.4]","[0.4799984800104797, 0.24000043999544013, 0.16000055999656015, 0.12000051999752008]",state_action_local,1,inf,5,0.05
4,70,Similarity-aware,1.0,-3.3306690738754695e-17,2.1649348980190552e-16,2.220446049250313e-15,60,E[Agg(Q_xi)] - Agg(E[Q_xi]),True,"[0.10000000000000012, 0.20000000000000004, 0.29999999999999993, 0.4]","[0.4799984800104797, 0.24000043999544013, 0.16000055999656015, 0.12000051999752008]",state_action_local,1,inf,5,0.05
4,75,Similarity-aware,1.0,9.62193288008469e-17,2.831068712794149e-16,2.220446049250313e-15,60,E[Agg(Q_xi)] - Agg(E[Q_xi]),True,"[0.10000000000000012, 0.20000000000000004, 0.29999999999999993, 0.4]","[0.4799984800104797, 0.24000043999544013, 0.16000055999656015, 0.12000051999752008]",state_action_local,1,inf,5,0.05
4,80,Similarity-aware,1.0,-5.551115123125783e-17,2.4424906541753446e-16,1.7763568394002505e-15,60,E[Agg(Q_xi)] - Agg(E[Q_xi]),True,"[0.10000000000000012, 0.20000000000000004, 0.29999999999999993, 0.4]","[0.4799984800104797, 0.24000043999544013, 0.16000055999656015, 0.12000051999752008]",state_action_local,1,inf,5,0.05
4,85,Similarity-aware,1.0,2.960594732333751e-17,2.812564995717063e-16,2.220446049250313e-15,60,E[Agg(Q_xi)] - Agg(E[Q_xi]),True,"[0.10000000000000012, 0.20000000000000004, 0.29999999999999993, 0.4]","[0.4799984800104797, 0.24000043999544013, 0.16000055999656015, 0.12000051999752008]",state_action_local,1,inf,5,0.05
4,90,Similarity-aware,1.0,3.3306690738754695e-17,3.0716170347962664e-16,2.220446049250313e-15,60,E[Agg(Q_xi)] - Agg(E[Q_xi]),True,"[0.10000000000000012, 0.20000000000000004, 0.29999999999999993, 0.4]","[0.4799984800104797, 0.24000043999544013, 0.16000055999656015, 0.12000051999752008]",state_action_local,1,inf,5,0.05
4,95,Similarity-aware,1.0,5.551115123125783e-17,3.6637359812630164e-16,2.220446049250313e-15,60,E[Agg(Q_xi)] - Agg(E[Q_xi]),True,"[0.10000000000000012, 0.20000000000000004, 0.29999999999999993, 0.4]","[0.4799984800104797, 0.24000043999544013, 0.16000055999656015, 0.12000051999752008]",state_action_local,1,inf,5,0.05
4,100,Similarity-aware,1.0,-8.511709855459534e-17,3.108624468950438e-16,2.220446049250313e-15,60,E[Agg(Q_xi)] - Agg(E[Q_xi]),True,"[0.10000000000000012, 0.20000000000000004, 0.29999999999999993, 0.4]","[0.4799984800104797, 0.24000043999544013, 0.16000055999656015, 0.12000051999752008]",state_action_local,1,inf,5,0.05
4,105,Similarity-aware,1.0,-2.590520390792032e-17,3.219646771412954e-16,2.6645352591003757e-15,60,E[Agg(Q_xi)] - Agg(E[Q_xi]),True,"[0.10000000000000012, 0.20000000000000004, 0.29999999999999993, 0.4]","[0.4799984800104797, 0.24000043999544013, 0.16000055999656015, 0.12000051999752008]",state_action_local,1,inf,5,0.05
4,110,Similarity-aware,1.0,1.1102230246251566e-17,3.552713678800501e-16,2.220446049250313e-15,60,E[Agg(Q_xi)] - Agg(E[Q_xi]),True,"[0.10000000000000012, 0.20000000000000004, 0.29999999999999993, 0.4]","[0.4799984800104797, 0.24000043999544013, 0.16000055999656015, 0.12000051999752008]",state_action_local,1,inf,5,0.05
4,115,Similarity-aware,1.0,6.661338147750939e-17,3.885780586188048e-16,2.6645352591003757e-15,60,E[Agg(Q_xi)] - Agg(E[Q_xi]),True,"[0.10000000000000012, 0.20000000000000004, 0.29999999999999993, 0.4]","[0.4799984800104797, 0.24000043999544013, 0.16000055999656015, 0.12000051999752008]",state_action_local,1,inf,5,0.05
4,120,Similarity-aware,1.0,8.141635513917814e-17,4.625929269271486e-16,2.6645352591003757e-15,60,E[Agg(Q_xi)] - Agg(E[Q_xi]),True,"[0.10000000000000012, 0.20000000000000004, 0.29999999999999993, 0.4]","[0.4799984800104797, 0.24000043999544013, 0.16000055999656015, 0.12000051999752008]",state_action_local,1,inf,5,0.05
4,125,Similarity-aware,1.0,-7.401486830834377e-18,3.552713678800501e-16,2.6645352591003757e-15,60,E[Agg(Q_xi)] - Agg(E[Q_xi]),True,"[0.10000000000000012, 0.20000000000000004, 0.29999999999999993, 0.4]","[0.4799984800104797, 0.24000043999544013, 0.16000055999656015, 0.12000051999752008]",state_action_local,1,inf,5,0.05
4,130,Similarity-aware,1.0,-1.258252761241844e-16,3.182639337258782e-16,3.552713678800501e-15,60,E[Agg(Q_xi)] - Agg(E[Q_xi]),True,"[0.10000000000000012, 0.20000000000000004, 0.29999999999999993, 0.4]","[0.4799984800104797, 0.24000043999544013, 0.16000055999656015, 0.12000051999752008]",state_action_local,1,inf,5,0.05
4,135,Similarity-aware,1.0,-1.591319668629391e-16,3.0716170347962664e-16,2.6645352591003757e-15,60,E[Agg(Q_xi)] - Agg(E[Q_xi]),True,"[0.10000000000000012, 0.20000000000000004, 0.29999999999999993, 0.4]","[0.4799984800104797, 0.24000043999544013, 0.16000055999656015, 0.12000051999752008]",state_action_local,1,inf,5,0.05
4,140,Similarity-aware,1.0,4.810966440042345e-17,4.366877230192282e-16,3.552713678800501e-15,60,E[Agg(Q_xi)] - Agg(E[Q_xi]),True,"[0.10000000000000012, 0.20000000000000004, 0.29999999999999993, 0.4]","[0.4799984800104797, 0.24000043999544013, 0.16000055999656015, 0.12000051999752008]",state_action_local,1,inf,5,0.05
4,145,Similarity-aware,1.0,-3.3306690738754695e-17,3.885780586188048e-16,3.552713678800501e-15,60,E[Agg(Q_xi)] - Agg(E[Q_xi]),True,"[0.10000000000000012, 0.20000000000000004, 0.29999999999999993, 0.4]","[0.4799984800104797, 0.24000043999544013, 0.16000055999656015, 0.12000051999752008]",state_action_local,1,inf,5,0.05
4,150,Similarity-aware,1.0,-1.4802973661668754e-17,4.366877230192282e-16,2.6645352591003757e-15,60,E[Agg(Q_xi)] - Agg(E[Q_xi]),True,"[0.10000000000000012, 0.20000000000000004, 0.29999999999999993, 0.4]","[0.4799984800104797, 0.24000043999544013, 0.16000055999656015, 0.12000051999752008]",state_action_local,1,inf,5,0.05
4,155,Similarity-aware,1.0,-5.921189464667501e-17,4.588921835117314e-16,3.552713678800501e-15,60,E[Agg(Q_xi)] - Agg(E[Q_xi]),True,"[0.10000000000000012, 0.20000000000000004, 0.29999999999999993, 0.4]","[0.4799984800104797, 0.24000043999544013, 0.16000055999656015, 0.12000051999752008]",state_action_local,1,inf,5,0.05
4,160,Similarity-aware,1.0,1.6283271027835628e-16,5.773159728050814e-16,4.440892098500626e-15,60,E[Agg(Q_xi)] - Agg(E[Q_xi]),True,"[0.10000000000000012, 0.20000000000000004, 0.29999999999999993, 0.4]","[0.4799984800104797, 0.24000043999544013, 0.16000055999656015, 0.12000051999752008]",state_action_local,1,inf,5,0.05
4,165,Similarity-aware,1.0,7.401486830834377e-18,5.847174596359158e-16,3.552713678800501e-15,60,E[Agg(Q_xi)] - Agg(E[Q_xi]),True,"[0.10000000000000012, 0.20000000000000004, 0.29999999999999993, 0.4]","[0.4799984800104797, 0.24000043999544013, 0.16000055999656015, 0.12000051999752008]",state_action_local,1,inf,5,0.05
4,170,Similarity-aware,1.0,-4.4408920985006264e-17,5.921189464667501e-16,5.329070518200751e-15,60,E[Agg(Q_xi)] - Agg(E[Q_xi]),True,"[0.10000000000000012, 0.20000000000000004, 0.29999999999999993, 0.4]","[0.4799984800104797, 0.24000043999544013, 0.16000055999656015, 0.12000051999752008]",state_action_local,1,inf,5,0.05
4,175,Similarity-aware,1.0,-2.220446049250313e-16,4.070817756958907e-16,3.552713678800501e-15,60,E[Agg(Q_xi)] - Agg(E[Q_xi]),True,"[0.10000000000000012, 0.20000000000000004, 0.29999999999999993, 0.4]","[0.4799984800104797, 0.24000043999544013, 0.16000055999656015, 0.12000051999752008]",state_action_local,1,inf,5,0.05
4,180,Similarity-aware,1.0,-2.1464311809419693e-16,3.478698810492157e-16,4.440892098500626e-15,60,E[Agg(Q_xi)] - Agg(E[Q_xi]),True,"[0.10000000000000012, 0.20000000000000004, 0.29999999999999993, 0.4]","[0.4799984800104797, 0.24000043999544013, 0.16000055999656015, 0.12000051999752008]",state_action_local,1,inf,5,0.05
4,185,Similarity-aware,1.0,2.0724163126336256e-16,6.957397620984314e-16,3.552713678800501e-15,60,E[Agg(Q_xi)] - Agg(E[Q_xi]),True,"[0.10000000000000012, 0.20000000000000004, 0.29999999999999993, 0.4]","[0.4799984800104797, 0.24000043999544013, 0.16000055999656015, 0.12000051999752008]",state_action_local,1,inf,5,0.05
4,190,Similarity-aware,1.0,-5.921189464667501e-17,5.477100254817439e-16,3.552713678800501e-15,60,E[Agg(Q_xi)] - Agg(E[Q_xi]),True,"[0.10000000000000012, 0.20000000000000004, 0.29999999999999993, 0.4]","[0.4799984800104797, 0.24000043999544013, 0.16000055999656015, 0.12000051999752008]",state_action_local,1,inf,5,0.05
4,195,Similarity-aware,1.0,-2.2204460492503132e-17,6.217248937900876e-16,5.329070518200751e-15,60,E[Agg(Q_xi)] - Agg(E[Q_xi]),True,"[0.10000000000000012, 0.20000000000000004, 0.29999999999999993, 0.4]","[0.4799984800104797, 0.24000043999544013, 0.16000055999656015, 0.12000051999752008]",state_action_local,1,inf,5,0.05
4,200,Similarity-aware,1.0,2.812564995717063e-16,7.771561172376096e-16,5.329070518200751e-15,60,E[Agg(Q_xi)] - Agg(E[Q_xi]),True,"[0.10000000000000012, 0.20000000000000004, 0.29999999999999993, 0.4]","[0.4799984800104797, 0.24000043999544013, 0.16000055999656015, 0.12000051999752008]",state_action_local,1,inf,5,0.05
4,205,Similarity-aware,1.0,9.62193288008469e-17,6.439293542825908e-16,4.440892098500626e-15,60,E[Agg(Q_xi)] - Agg(E[Q_xi]),True,"[0.10000000000000012, 0.20000000000000004, 0.29999999999999993, 0.4]","[0.4799984800104797, 0.24000043999544013, 0.16000055999656015, 0.12000051999752008]",state_action_local,1,inf,5,0.05
4,210,Similarity-aware,1.0,1.924386576016938e-16,6.957397620984314e-16,3.552713678800501e-15,60,E[Agg(Q_xi)] - Agg(E[Q_xi]),True,"[0.10000000000000012, 0.20000000000000004, 0.29999999999999993, 0.4]","[0.4799984800104797, 0.24000043999544013, 0.16000055999656015, 0.12000051999752008]",state_action_local,1,inf,5,0.05
4,215,Similarity-aware,1.0,5.921189464667501e-17,6.883382752675971e-16,3.552713678800501e-15,60,E[Agg(Q_xi)] - Agg(E[Q_xi]),True,"[0.10000000000000012, 0.20000000000000004, 0.29999999999999993, 0.4]","[0.4799984800104797, 0.24000043999544013, 0.16000055999656015, 0.12000051999752008]",state_action_local,1,inf,5,0.05
4,220,Similarity-aware,1.0,1.8503717077085943e-16,8.141635513917814e-16,4.440892098500626e-15,60,E[Agg(Q_xi)] - Agg(E[Q_xi]),True,"[0.10000000000000012, 0.20000000000000004, 0.29999999999999993, 0.4]","[0.4799984800104797, 0.24000043999544013, 0.16000055999656015, 0.12000051999752008]",state_action_local,1,inf,5,0.05
4,225,Similarity-aware,1.0,1.1842378929335003e-16,7.475501699142721e-16,5.329070518200751e-15,60,E[Agg(Q_xi)] - Agg(E[Q_xi]),True,"[0.10000000000000012, 0.20000000000000004, 0.29999999999999993, 0.4]","[0.4799984800104797, 0.24000043999544013, 0.16000055999656015, 0.12000051999752008]",state_action_local,1,inf,5,0.05
4,230,Similarity-aware,1.0,1.9984014443252818e-16,8.585724723767877e-16,6.217248937900877e-15,60,E[Agg(Q_xi)] - Agg(E[Q_xi]),True,"[0.10000000000000012, 0.20000000000000004, 0.29999999999999993, 0.4]","[0.4799984800104797, 0.24000043999544013, 0.16000055999656015, 0.12000051999752008]",state_action_local,1,inf,5,0.05
4,235,Similarity-aware,1.0,-3.108624468950438e-16,5.403085386509095e-16,4.440892098500626e-15,60,E[Agg(Q_xi)] - Agg(E[Q_xi]),True,"[0.10000000000000012, 0.20000000000000004, 0.29999999999999993, 0.4]","[0.4799984800104797, 0.24000043999544013, 0.16000055999656015, 0.12000051999752008]",state_action_local,1,inf,5,0.05
4,240,Similarity-aware,1.0,-1.6283271027835628e-16,5.921189464667501e-16,5.329070518200751e-15,60,E[Agg(Q_xi)] - Agg(E[Q_xi]),True,"[0.10000000000000012, 0.20000000000000004, 0.29999999999999993, 0.4]","[0.4799984800104797, 0.24000043999544013, 0.16000055999656015, 0.12000051999752008]",state_action_local,1,inf,5,0.05
4,245,Similarity-aware,1.0,2.960594732333751e-17,8.141635513917814e-16,6.217248937900877e-15,60,E[Agg(Q_xi)] - Agg(E[Q_xi]),True,"[0.10000000000000012, 0.20000000000000004, 0.29999999999999993, 0.4]","[0.4799984800104797, 0.24000043999544013, 0.16000055999656015, 0.12000051999752008]",state_action_local,1,inf,5,0.05
4,250,Similarity-aware,1.0,3.700743415417188e-17,7.549516567451064e-16,4.440892098500626e-15,60,E[Agg(Q_xi)] - Agg(E[Q_xi]),True,"[0.10000000000000012, 0.20000000000000004, 0.29999999999999993, 0.4]","[0.4799984800104797, 0.24000043999544013, 0.16000055999656015, 0.12000051999752008]",state_action_local,1,inf,5,0.05
4,255,Similarity-aware,1.0,-8.881784197001253e-17,6.143234069592533e-16,4.440892098500626e-15,60,E[Agg(Q_xi)] - Agg(E[Q_xi]),True,"[0.10000000000000012, 0.20000000000000004, 0.29999999999999993, 0.4]","[0.4799984800104797, 0.24000043999544013, 0.16000055999656015, 0.12000051999752008]",state_action_local,1,inf,5,0.05
4,260,Similarity-aware,1.0,-8.881784197001253e-17,6.217248937900876e-16,6.217248937900877e-15,60,E[Agg(Q_xi)] - Agg(E[Q_xi]),True,"[0.10000000000000012, 0.20000000000000004, 0.29999999999999993, 0.4]","[0.4799984800104797, 0.24000043999544013, 0.16000055999656015, 0.12000051999752008]",state_action_local,1,inf,5,0.05
4,265,Similarity-aware,1.0,-1.1842378929335003e-16,5.921189464667501e-16,6.217248937900877e-15,60,E[Agg(Q_xi)] - Agg(E[Q_xi]),True,"[0.10000000000000012, 0.20000000000000004, 0.29999999999999993, 0.4]","[0.4799984800104797, 0.24000043999544013, 0.16000055999656015, 0.12000051999752008]",state_action_local,1,inf,5,0.05
4,270,Similarity-aware,1.0,-2.4424906541753446e-16,5.921189464667501e-16,4.440892098500626e-15,60,E[Agg(Q_xi)] - Agg(E[Q_xi]),True,"[0.10000000000000012, 0.20000000000000004, 0.29999999999999993, 0.4]","[0.4799984800104797, 0.24000043999544013, 0.16000055999656015, 0.12000051999752008]",state_action_local,1,inf,5,0.05
4,275,Similarity-aware,1.0,1.4802973661668754e-17,6.439293542825908e-16,5.329070518200751e-15,60,E[Agg(Q_xi)] - Agg(E[Q_xi]),True,"[0.10000000000000012, 0.20000000000000004, 0.29999999999999993, 0.4]","[0.4799984800104797, 0.24000043999544013, 0.16000055999656015, 0.12000051999752008]",state_action_local,1,inf,5,0.05
4,280,Similarity-aware,1.0,-1.924386576016938e-16,5.995204332975846e-16,6.217248937900877e-15,60,E[Agg(Q_xi)] - Agg(E[Q_xi]),True,"[0.10000000000000012, 0.20000000000000004, 0.29999999999999993, 0.4]","[0.4799984800104797, 0.24000043999544013, 0.16000055999656015, 0.12000051999752008]",state_action_local,1,inf,5,0.05
4,285,Similarity-aware,1.0,2.0724163126336256e-16,9.02981393361794e-16,4.440892098500626e-15,60,E[Agg(Q_xi)] - Agg(E[Q_xi]),True,"[0.10000000000000012, 0.20000000000000004, 0.29999999999999993, 0.4]","[0.4799984800104797, 0.24000043999544013, 0.16000055999656015, 0.12000051999752008]",state_action_local,1,inf,5,0.05
4,290,Similarity-aware,1.0,-1.0362081563168128e-16,6.069219201284189e-16,4.440892098500626e-15,60,E[Agg(Q_xi)] - Agg(E[Q_xi]),True,"[0.10000000000000012, 0.20000000000000004, 0.29999999999999993, 0.4]","[0.4799984800104797, 0.24000043999544013, 0.16000055999656015, 0.12000051999752008]",state_action_local,1,inf,5,0.05
4,295,Similarity-aware,1.0,-7.401486830834377e-18,7.623531435759408e-16,5.329070518200751e-15,60,E[Agg(Q_xi)] - Agg(E[Q_xi]),True,"[0.10000000000000012, 0.20000000000000004, 0.29999999999999993, 0.4]","[0.4799984800104797, 0.24000043999544013, 0.16000055999656015, 0.12000051999752008]",state_action_local,1,inf,5,0.05
4,300,Similarity-aware,1.0,2.2204460492503132e-17,7.549516567451064e-16,5.329070518200751e-15,60,E[Agg(Q_xi)] - Agg(E[Q_xi]),True,"[0.10000000000000012, 0.20000000000000004, 0.29999999999999993, 0.4]","[0.4799984800104797, 0.24000043999544013, 0.16000055999656015, 0.12000051999752008]",state_action_local,1,inf,5,0.05
4,305,Similarity-aware,1.0,1.258252761241844e-16,8.511709855459534e-16,5.329070518200751e-15,60,E[Agg(Q_xi)] - Agg(E[Q_xi]),True,"[0.10000000000000012, 0.20000000000000004, 0.29999999999999993, 0.4]","[0.4799984800104797, 0.24000043999544013, 0.16000055999656015, 0.12000051999752008]",state_action_local,1,inf,5,0.05
4,310,Similarity-aware,1.0,2.7385501274087196e-16,9.177843670234628e-16,5.329070518200751e-15,60,E[Agg(Q_xi)] - Agg(E[Q_xi]),True,"[0.10000000000000012, 0.20000000000000004, 0.29999999999999993, 0.4]","[0.4799984800104797, 0.24000043999544013, 0.16000055999656015, 0.12000051999752008]",state_action_local,1,inf,5,0.05
4,315,Similarity-aware,1.0,2.960594732333751e-17,8.511709855459534e-16,5.329070518200751e-15,60,E[Agg(Q_xi)] - Agg(E[Q_xi]),True,"[0.10000000000000012, 0.20000000000000004, 0.29999999999999993, 0.4]","[0.4799984800104797, 0.24000043999544013, 0.16000055999656015, 0.12000051999752008]",state_action_local,1,inf,5,0.05
4,320,Similarity-aware,1.0,-3.6267285471088446e-16,5.403085386509095e-16,5.329070518200751e-15,60,E[Agg(Q_xi)] - Agg(E[Q_xi]),True,"[0.10000000000000012, 0.20000000000000004, 0.29999999999999993, 0.4]","[0.4799984800104797, 0.24000043999544013, 0.16000055999656015, 0.12000051999752008]",state_action_local,1,inf,5,0.05
4,325,Similarity-aware,1.0,2.960594732333751e-17,7.623531435759408e-16,5.329070518200751e-15,60,E[Agg(Q_xi)] - Agg(E[Q_xi]),True,"[0.10000000000000012, 0.20000000000000004, 0.29999999999999993, 0.4]","[0.4799984800104797, 0.24000043999544013, 0.16000055999656015, 0.12000051999752008]",state_action_local,1,inf,5,0.05
4,330,Similarity-aware,1.0,2.2204460492503132e-17,8.363680118842846e-16,5.329070518200751e-15,60,E[Agg(Q_xi)] - Agg(E[Q_xi]),True,"[0.10000000000000012, 0.20000000000000004, 0.29999999999999993, 0.4]","[0.4799984800104797, 0.24000043999544013, 0.16000055999656015, 0.12000051999752008]",state_action_local,1,inf,5,0.05
4,335,Similarity-aware,1.0,-2.2204460492503132e-17,7.549516567451064e-16,5.329070518200751e-15,60,E[Agg(Q_xi)] - Agg(E[Q_xi]),True,"[0.10000000000000012, 0.20000000000000004, 0.29999999999999993, 0.4]","[0.4799984800104797, 0.24000043999544013, 0.16000055999656015, 0.12000051999752008]",state_action_local,1,inf,5,0.05
4,340,Similarity-aware,1.0,-1.0362081563168128e-16,8.141635513917814e-16,7.105427357601002e-15,60,E[Agg(Q_xi)] - Agg(E[Q_xi]),True,"[0.10000000000000012, 0.20000000000000004, 0.29999999999999993, 0.4]","[0.4799984800104797, 0.24000043999544013, 0.16000055999656015, 0.12000051999752008]",state_action_local,1,inf,5,0.05
4,345,Similarity-aware,1.0,-1.1842378929335003e-16,7.993605777301127e-16,5.329070518200751e-15,60,E[Agg(Q_xi)] - Agg(E[Q_xi]),True,"[0.10000000000000012, 0.20000000000000004, 0.29999999999999993, 0.4]","[0.4799984800104797, 0.24000043999544013, 0.16000055999656015, 0.12000051999752008]",state_action_local,1,inf,5,0.05
4,350,Similarity-aware,1.0,-1.0362081563168128e-16,8.733754460384564e-16,7.105427357601002e-15,60,E[Agg(Q_xi)] - Agg(E[Q_xi]),True,"[0.10000000000000012, 0.20000000000000004, 0.29999999999999993, 0.4]","[0.4799984800104797, 0.24000043999544013, 0.16000055999656015, 0.12000051999752008]",state_action_local,1,inf,5,0.05
4,355,Similarity-aware,1.0,4.2928623618839387e-16,1.1546319456101628e-15,7.105427357601002e-15,60,E[Agg(Q_xi)] - Agg(E[Q_xi]),True,"[0.10000000000000012, 0.20000000000000004, 0.29999999999999993, 0.4]","[0.4799984800104797, 0.24000043999544013, 0.16000055999656015, 0.12000051999752008]",state_action_local,1,inf,5,0.05
4,360,Similarity-aware,1.0,-1.4802973661668753e-16,8.437694987151189e-16,5.329070518200751e-15,60,E[Agg(Q_xi)] - Agg(E[Q_xi]),True,"[0.10000000000000012, 0.20000000000000004, 0.29999999999999993, 0.4]","[0.4799984800104797, 0.24000043999544013, 0.16000055999656015, 0.12000051999752008]",state_action_local,1,inf,5,0.05
4,365,Similarity-aware,1.0,5.921189464667501e-17,8.733754460384564e-16,7.105427357601002e-15,60,E[Agg(Q_xi)] - Agg(E[Q_xi]),True,"[0.10000000000000012, 0.20000000000000004, 0.29999999999999993, 0.4]","[0.4799984800104797, 0.24000043999544013, 0.16000055999656015, 0.12000051999752008]",state_action_local,1,inf,5,0.05
4,370,Similarity-aware,1.0,-2.220446049250313e-16,7.253457094217689e-16,7.105427357601002e-15,60,E[Agg(Q_xi)] - Agg(E[Q_xi]),True,"[0.10000000000000012, 0.20000000000000004, 0.29999999999999993, 0.4]","[0.4799984800104797, 0.24000043999544013, 0.16000055999656015, 0.12000051999752008]",state_action_local,1,inf,5,0.05
4,375,Similarity-aware,1.0,-2.9605947323337506e-16,8.141635513917814e-16,5.329070518200751e-15,60,E[Agg(Q_xi)] - Agg(E[Q_xi]),True,"[0.10000000000000012, 0.20000000000000004, 0.29999999999999993, 0.4]","[0.4799984800104797, 0.24000043999544013, 0.16000055999656015, 0.12000051999752008]",state_action_local,1,inf,5,0.05
4,380,Similarity-aware,1.0,-1.1842378929335003e-16,9.177843670234628e-16,8.881784197001252e-15,60,E[Agg(Q_xi)] - Agg(E[Q_xi]),True,"[0.10000000000000012, 0.20000000000000004, 0.29999999999999993, 0.4]","[0.4799984800104797, 0.24000043999544013, 0.16000055999656015, 0.12000051999752008]",state_action_local,1,inf,5,0.05
4,385,Similarity-aware,1.0,-3.9968028886505636e-16,7.549516567451064e-16,8.881784197001252e-15,60,E[Agg(Q_xi)] - Agg(E[Q_xi]),True,"[0.10000000000000012, 0.20000000000000004, 0.29999999999999993, 0.4]","[0.4799984800104797, 0.24000043999544013, 0.16000055999656015, 0.12000051999752008]",state_action_local,1,inf,5,0.05
4,390,Similarity-aware,1.0,-2.9605947323337506e-16,8.141635513917814e-16,8.881784197001252e-15,60,E[Agg(Q_xi)] - Agg(E[Q_xi]),True,"[0.10000000000000012, 0.20000000000000004, 0.29999999999999993, 0.4]","[0.4799984800104797, 0.24000043999544013, 0.16000055999656015, 0.12000051999752008]",state_action_local,1,inf,5,0.05
4,395,Similarity-aware,1.0,-3.9968028886505636e-16,7.697546304067752e-16,7.105427357601002e-15,60,E[Agg(Q_xi)] - Agg(E[Q_xi]),True,"[0.10000000000000012, 0.20000000000000004, 0.29999999999999993, 0.4]","[0.4799984800104797, 0.24000043999544013, 0.16000055999656015, 0.12000051999752008]",state_action_local,1,inf,5,0.05
4,400,Similarity-aware,1.0,6.513308411134251e-16,1.2138438402568378e-15,5.329070518200751e-15,60,E[Agg(Q_xi)] - Agg(E[Q_xi]),True,"[0.10000000000000012, 0.20000000000000004, 0.29999999999999993, 0.4]","[0.4799984800104797, 0.24000043999544013, 0.16000055999656015, 0.12000051999752008]",state_action_local,1,inf,5,0.05
5,5,Maximum-based,1.0,0.05846568198043991,0.05846568198043991,0.06938744315606421,60,E[Agg(Q_xi)] - Agg(E[Q_xi]),True,"[0.10000000000000012, 0.20000000000000004, 0.29999999999999993, 0.4]","[0.4799984800104797, 0.24000043999544013, 0.16000055999656015, 0.12000051999752008]",state_action_local,1,inf,5,0.05
5,10,Maximum-based,1.0,0.05623436611059805,0.05623436611059805,0.06959002832119662,60,E[Agg(Q_xi)] - Agg(E[Q_xi]),True,"[0.10000000000000012, 0.20000000000000004, 0.29999999999999993, 0.4]","[0.4799984800104797, 0.24000043999544013, 0.16000055999656015, 0.12000051999752008]",state_action_local,1,inf,5,0.05
5,15,Maximum-based,1.0,0.055132793132941595,0.055132793132941595,0.06940939374168853,60,E[Agg(Q_xi)] - Agg(E[Q_xi]),True,"[0.10000000000000012, 0.20000000000000004, 0.29999999999999993, 0.4]","[0.4799984800104797, 0.24000043999544013, 0.16000055999656015, 0.12000051999752008]",state_action_local,1,inf,5,0.05
5,20,Maximum-based,1.0,0.0539690534892944,0.0539690534892944,0.063243118473574,60,E[Agg(Q_xi)] - Agg(E[Q_xi]),True,"[0.10000000000000012, 0.20000000000000004, 0.29999999999999993, 0.4]","[0.4799984800104797, 0.24000043999544013, 0.16000055999656015, 0.12000051999752008]",state_action_local,1,inf,5,0.05
5,25,Maximum-based,1.0,0.054272277987818335,0.054272277987818335,0.06507289018553519,60,E[Agg(Q_xi)] - Agg(E[Q_xi]),True,"[0.10000000000000012, 0.20000000000000004, 0.29999999999999993, 0.4]","[0.4799984800104797, 0.24000043999544013, 0.16000055999656015, 0.12000051999752008]",state_action_local,1,inf,5,0.05
5,30,Maximum-based,1.0,0.05177028364852532,0.05177028364852532,0.06606548569020854,60,E[Agg(Q_xi)] - Agg(E[Q_xi]),True,"[0.10000000000000012, 0.20000000000000004, 0.29999999999999993, 0.4]","[0.4799984800104797, 0.24000043999544013, 0.16000055999656015, 0.12000051999752008]",state_action_local,1,inf,5,0.05
5,35,Maximum-based,1.0,0.053270291737747104,0.053270291737747104,0.06558170971813793,60,E[Agg(Q_xi)] - Agg(E[Q_xi]),True,"[0.10000000000000012, 0.20000000000000004, 0.29999999999999993, 0.4]","[0.4799984800104797, 0.24000043999544013, 0.16000055999656015, 0.12000051999752008]",state_action_local,1,inf,5,0.05
5,40,Maximum-based,1.0,0.05171358079663859,0.05171358079663859,0.0639421171559218,60,E[Agg(Q_xi)] - Agg(E[Q_xi]),True,"[0.10000000000000012, 0.20000000000000004, 0.29999999999999993, 0.4]","[0.4799984800104797, 0.24000043999544013, 0.16000055999656015, 0.12000051999752008]",state_action_local,1,inf,5,0.05
5,45,Maximum-based,1.0,0.05078027963236645,0.05078027963236645,0.06530175350120437,60,E[Agg(Q_xi)] - Agg(E[Q_xi]),True,"[0.10000000000000012, 0.20000000000000004, 0.29999999999999993, 0.4]","[0.4799984800104797, 0.24000043999544013, 0.16000055999656015, 0.12000051999752008]",state_action_local,1,inf,5,0.05
5,50,Maximum-based,1.0,0.05123687131148819,0.05123687131148819,0.06363745799704201,60,E[Agg(Q_xi)] - Agg(E[Q_xi]),True,"[0.10000000000000012, 0.20000000000000004, 0.29999999999999993, 0.4]","[0.4799984800104797, 0.24000043999544013, 0.16000055999656015, 0.12000051999752008]",state_action_local,1,inf,5,0.05
5,55,Maximum-based,1.0,0.05069303179227543,0.05069303179227543,0.06762897687757619,60,E[Agg(Q_xi)] - Agg(E[Q_xi]),True,"[0.10000000000000012, 0.20000000000000004, 0.29999999999999993, 0.4]","[0.4799984800104797, 0.24000043999544013, 0.16000055999656015, 0.12000051999752008]",state_action_local,1,inf,5,0.05
5,60,Maximum-based,1.0,0.04990170259087636,0.04990170259087636,0.06434583526507165,60,E[Agg(Q_xi)] - Agg(E[Q_xi]),True,"[0.10000000000000012, 0.20000000000000004, 0.29999999999999993, 0.4]","[0.4799984800104797, 0.24000043999544013, 0.16000055999656015, 0.12000051999752008]",state_action_local,1,inf,5,0.05
5,65,Maximum-based,1.0,0.050626225993180715,0.050626225993180715,0.06218250197371544,60,E[Agg(Q_xi)] - Agg(E[Q_xi]),True,"[0.10000000000000012, 0.20000000000000004, 0.29999999999999993, 0.4]","[0.4799984800104797, 0.24000043999544013, 0.16000055999656015, 0.12000051999752008]",state_action_local,1,inf,5,0.05
5,70,Maximum-based,1.0,0.05063217986183308,0.05063217986183308,0.0653339219258986,60,E[Agg(Q_xi)] - Agg(E[Q_xi]),True,"[0.10000000000000012, 0.20000000000000004, 0.29999999999999993, 0.4]","[0.4799984800104797, 0.24000043999544013, 0.16000055999656015, 0.12000051999752008]",state_action_local,1,inf,5,0.05
5,75,Maximum-based,1.0,0.050161681456548556,0.050161681456548556,0.06360318126602493,60,E[Agg(Q_xi)] - Agg(E[Q_xi]),True,"[0.10000000000000012, 0.20000000000000004, 0.29999999999999993, 0.4]","[0.4799984800104797, 0.24000043999544013, 0.16000055999656015, 0.12000051999752008]",state_action_local,1,inf,5,0.05
5,80,Maximum-based,1.0,0.05064089309623833,0.05064089309623833,0.0661158464990308,60,E[Agg(Q_xi)] - Agg(E[Q_xi]),True,"[0.10000000000000012, 0.20000000000000004, 0.29999999999999993, 0.4]","[0.4799984800104797, 0.24000043999544013, 0.16000055999656015, 0.12000051999752008]",state_action_local,1,inf,5,0.05
5,85,Maximum-based,1.0,0.04982770159129375,0.04982770159129375,0.06425490832635106,60,E[Agg(Q_xi)] - Agg(E[Q_xi]),True,"[0.10000000000000012, 0.20000000000000004, 0.29999999999999993, 0.4]","[0.4799984800104797, 0.24000043999544013, 0.16000055999656015, 0.12000051999752008]",state_action_local,1,inf,5,0.05
5,90,Maximum-based,1.0,0.05029657705206139,0.05029657705206139,0.06494962884113153,60,E[Agg(Q_xi)] - Agg(E[Q_xi]),True,"[0.10000000000000012, 0.20000000000000004, 0.29999999999999993, 0.4]","[0.4799984800104797, 0.24000043999544013, 0.16000055999656015, 0.12000051999752008]",state_action_local,1,inf,5,0.05
5,95,Maximum-based,1.0,0.0499715251449038,0.0499715251449038,0.0654847094046156,60,E[Agg(Q_xi)] - Agg(E[Q_xi]),True,"[0.10000000000000012, 0.20000000000000004, 0.29999999999999993, 0.4]","[0.4799984800104797, 0.24000043999544013, 0.16000055999656015, 0.12000051999752008]",state_action_local,1,inf,5,0.05
5,100,Maximum-based,1.0,0.04952408262560311,0.04952408262560311,0.06797888936399854,60,E[Agg(Q_xi)] - Agg(E[Q_xi]),True,"[0.10000000000000012, 0.20000000000000004, 0.29999999999999993, 0.4]","[0.4799984800104797, 0.24000043999544013, 0.16000055999656015, 0.12000051999752008]",state_action_local,1,inf,5,0.05
5,105,Maximum-based,1.0,0.050045524883749755,0.050045524883749755,0.06566869395618236,60,E[Agg(Q_xi)] - Agg(E[Q_xi]),True,"[0.10000000000000012, 0.20000000000000004, 0.29999999999999993, 0.4]","[0.4799984800104797, 0.24000043999544013, 0.16000055999656015, 0.12000051999752008]",state_action_local,1,inf,5,0.05
5,110,Maximum-based,1.0,0.049477668745679756,0.049477668745679756,0.06211557753316832,60,E[Agg(Q_xi)] - Agg(E[Q_xi]),True,"[0.10000000000000012, 0.20000000000000004, 0.29999999999999993, 0.4]","[0.4799984800104797, 0.24000043999544013, 0.16000055999656015, 0.12000051999752008]",state_action_local,1,inf,5,0.05
5,115,Maximum-based,1.0,0.04964048597457462,0.04964048597457462,0.059886691500150135,60,E[Agg(Q_xi)] - Agg(E[Q_xi]),True,"[0.10000000000000012, 0.20000000000000004, 0.29999999999999993, 0.4]","[0.4799984800104797, 0.24000043999544013, 0.16000055999656015, 0.12000051999752008]",state_action_local,1,inf,5,0.05
5,120,Maximum-based,1.0,0.049614752101343675,0.049614752101343675,0.06369760382305234,60,E[Agg(Q_xi)] - Agg(E[Q_xi]),True,"[0.10000000000000012, 0.20000000000000004, 0.29999999999999993, 0.4]","[0.4799984800104797, 0.24000043999544013, 0.16000055999656015, 0.12000051999752008]",state_action_local,1,inf,5,0.05
5,125,Maximum-based,1.0,0.04969063699630894,0.04969063699630894,0.06524125218589027,60,E[Agg(Q_xi)] - Agg(E[Q_xi]),True,"[0.10000000000000012, 0.20000000000000004, 0.29999999999999993, 0.4]","[0.4799984800104797, 0.24000043999544013, 0.16000055999656015, 0.12000051999752008]",state_action_local,1,inf,5,0.05
5,130,Maximum-based,1.0,0.04963370443642102,0.04963370443642102,0.0620612569919361,60,E[Agg(Q_xi)] - Agg(E[Q_xi]),True,"[0.10000000000000012, 0.20000000000000004, 0.29999999999999993, 0.4]","[0.4799984800104797, 0.24000043999544013, 0.16000055999656015, 0.12000051999752008]",state_action_local,1,inf,5,0.05
5,135,Maximum-based,1.0,0.04907763194257057,0.04907763194257057,0.060459829375547613,60,E[Agg(Q_xi)] - Agg(E[Q_xi]),True,"[0.10000000000000012, 0.20000000000000004, 0.29999999999999993, 0.4]","[0.4799984800104797, 0.24000043999544013, 0.16000055999656015, 0.12000051999752008]",state_action_local,1,inf,5,0.05
5,140,Maximum-based,1.0,0.04950808748739324,0.04950808748739324,0.061206758940666184,60,E[Agg(Q_xi)] - Agg(E[Q_xi]),True,"[0.10000000000000012, 0.20000000000000004, 0.29999999999999993, 0.4]","[0.4799984800104797, 0.24000043999544013, 0.16000055999656015, 0.12000051999752008]",state_action_local,1,inf,5,0.05
5,145,Maximum-based,1.0,0.04998829742424312,0.04998829742424312,0.0680784195282298,60,E[Agg(Q_xi)] - Agg(E[Q_xi]),True,"[0.10000000000000012, 0.20000000000000004, 0.29999999999999993, 0.4]","[0.4799984800104797, 0.24000043999544013, 0.16000055999656015, 0.12000051999752008]",state_action_local,1,inf,5,0.05
5,150,Maximum-based,1.0,0.049739642713887346,0.049739642713887346,0.06289389450048422,60,E[Agg(Q_xi)] - Agg(E[Q_xi]),True,"[0.10000000000000012, 0.20000000000000004, 0.29999999999999993, 0.4]","[0.4799984800104797, 0.24000043999544013, 0.16000055999656015, 0.12000051999752008]",state_action_local,1,inf,5,0.05
5,155,Maximum-based,1.0,0.05021654013137963,0.05021654013137963,0.06326538958965955,60,E[Agg(Q_xi)] - Agg(E[Q_xi]),True,"[0.10000000000000012, 0.20000000000000004, 0.29999999999999993, 0.4]","[0.4799984800104797, 0.24000043999544013, 0.16000055999656015, 0.12000051999752008]",state_action_local,1,inf,5,0.05
5,160,Maximum-based,1.0,0.051150384970457194,0.051150384970457194,0.06372919159720514,60,E[Agg(Q_xi)] - Agg(E[Q_xi]),True,"[0.10000000000000012, 0.20000000000000004, 0.29999999999999993, 0.4]","[0.4799984800104797, 0.24000043999544013, 0.16000055999656015, 0.12000051999752008]",state_action_local,1,inf,5,0.05
5,165,Maximum-based,1.0,0.04970769093349934,0.04970769093349934,0.06632067082449744,60,E[Agg(Q_xi)] - Agg(E[Q_xi]),True,"[0.10000000000000012, 0.20000000000000004, 0.29999999999999993, 0.4]","[0.4799984800104797, 0.24000043999544013, 0.16000055999656015, 0.12000051999752008]",state_action_local,1,inf,5,0.05
5,170,Maximum-based,1.0,0.04939203378475211,0.04939203378475211,0.06672027936356617,60,E[Agg(Q_xi)] - Agg(E[Q_xi]),True,"[0.10000000000000012, 0.20000000000000004, 0.29999999999999993, 0.4]","[0.4799984800104797, 0.24000043999544013, 0.16000055999656015, 0.12000051999752008]",state_action_local,1,inf,5,0.05
5,175,Maximum-based,1.0,0.04927982459174974,0.04927982459174974,0.06200578231603249,60,E[Agg(Q_xi)] - Agg(E[Q_xi]),True,"[0.10000000000000012, 0.20000000000000004, 0.29999999999999993, 0.4]","[0.4799984800104797, 0.24000043999544013, 0.16000055999656015, 0.12000051999752008]",state_action_local,1,inf,5,0.05
5,180,Maximum-based,1.0,0.049525307429312646,0.049525307429312646,0.06893692111589278,60,E[Agg(Q_xi)] - Agg(E[Q_xi]),True,"[0.10000000000000012, 0.20000000000000004, 0.29999999999999993, 0.4]","[0.4799984800104797, 0.24000043999544013, 0.16000055999656015, 0.12000051999752008]",state_action_local,1,inf,5,0.05
5,185,Maximum-based,1.0,0.05038369414818063,0.05038369414818063,0.06340770664233553,60,E[Agg(Q_xi)] - Agg(E[Q_xi]),True,"[0.10000000000000012, 0.20000000000000004, 0.29999999999999993, 0.4]","[0.4799984800104797, 0.24000043999544013, 0.16000055999656015, 0.12000051999752008]",state_action_local,1,inf,5,0.05
5,190,Maximum-based,1.0,0.04904008783073321,0.04904008783073321,0.060824511364521605,60,E[Agg(Q_xi)] - Agg(E[Q_xi]),True,"[0.10000000000000012, 0.20000000000000004, 0.29999999999999993, 0.4]","[0.4799984800104797, 0.24000043999544013, 0.16000055999656015, 0.12000051999752008]",state_action_local,1,inf,5,0.05
5,195,Maximum-based,1.0,0.049181185613606106,0.049181185613606106,0.06299331672092023,60,E[Agg(Q_xi)] - Agg(E[Q_xi]),True,"[0.10000000000000012, 0.20000000000000004, 0.29999999999999993, 0.4]","[0.4799984800104797, 0.24000043999544013, 0.16000055999656015, 0.12000051999752008]",state_action_local,1,inf,5,0.05
5,200,Maximum-based,1.0,0.049582334076548225,0.049582334076548225,0.0641666353984629,60,E[Agg(Q_xi)] - Agg(E[Q_xi]),True,"[0.10000000000000012, 0.20000000000000004, 0.29999999999999993, 0.4]","[0.4799984800104797, 0.24000043999544013, 0.16000055999656015, 0.12000051999752008]",state_action_local,1,inf,5,0.05
5,205,Maximum-based,1.0,0.050824010504201024,0.050824010504201024,0.064415157281827,60,E[Agg(Q_xi)] - Agg(E[Q_xi]),True,"[0.10000000000000012, 0.20000000000000004, 0.29999999999999993, 0.4]","[0.4799984800104797, 0.24000043999544013, 0.16000055999656015, 0.12000051999752008]",state_action_local,1,inf,5,0.05
5,210,Maximum-based,1.0,0.0497344427028105,0.0497344427028105,0.06461836480883676,60,E[Agg(Q_xi)] - Agg(E[Q_xi]),True,"[0.10000000000000012, 0.20000000000000004, 0.29999999999999993, 0.4]","[0.4799984800104797, 0.24000043999544013, 0.16000055999656015, 0.12000051999752008]",state_action_local,1,inf,5,0.05
5,215,Maximum-based,1.0,0.049664720511714486,0.049664720511714486,0.06539088743227861,60,E[Agg(Q_xi)] - Agg(E[Q_xi]),True,"[0.10000000000000012, 0.20000000000000004, 0.29999999999999993, 0.4]","[0.4799984800104797, 0.24000043999544013, 0.16000055999656015, 0.12000051999752008]",state_action_local,1,inf,5,0.05
5,220,Maximum-based,1.0,0.04915689871739357,0.04915689871739357,0.059807541591411884,60,E[Agg(Q_xi)] - Agg(E[Q_xi]),True,"[0.10000000000000012, 0.20000000000000004, 0.29999999999999993, 0.4]","[0.4799984800104797, 0.24000043999544013, 0.16000055999656015, 0.12000051999752008]",state_action_local,1,inf,5,0.05
5,225,Maximum-based,1.0,0.050351845695433904,0.050351845695433904,0.06405934453405937,60,E[Agg(Q_xi)] - Agg(E[Q_xi]),True,"[0.10000000000000012, 0.20000000000000004, 0.29999999999999993, 0.4]","[0.4799984800104797, 0.24000043999544013, 0.16000055999656015, 0.12000051999752008]",state_action_local,1,inf,5,0.05
5,230,Maximum-based,1.0,0.04931950447190961,0.04931950447190961,0.05982734941833456,60,E[Agg(Q_xi)] - Agg(E[Q_xi]),True,"[0.10000000000000012, 0.20000000000000004, 0.29999999999999993, 0.4]","[0.4799984800104797, 0.24000043999544013, 0.16000055999656015, 0.12000051999752008]",state_action_local,1,inf,5,0.05
5,235,Maximum-based,1.0,0.04983401199573242,0.04983401199573242,0.06055793100825824,60,E[Agg(Q_xi)] - Agg(E[Q_xi]),True,"[0.10000000000000012, 0.20000000000000004, 0.29999999999999993, 0.4]","[0.4799984800104797, 0.24000043999544013, 0.16000055999656015, 0.12000051999752008]",state_action_local,1,inf,5,0.05
5,240,Maximum-based,1.0,0.050070465406166935,0.050070465406166935,0.06352133925978265,60,E[Agg(Q_xi)] - Agg(E[Q_xi]),True,"[0.10000000000000012, 0.20000000000000004, 0.29999999999999993, 0.4]","[0.4799984800104797, 0.24000043999544013, 0.16000055999656015, 0.12000051999752008]",state_action_local,1,inf,5,0.05
5,245,Maximum-based,1.0,0.049697342401417335,0.049697342401417335,0.06564661777367853,60,E[Agg(Q_xi)] - Agg(E[Q_xi]),True,"[0.10000000000000012, 0.20000000000000004, 0.29999999999999993, 0.4]","[0.4799984800104797, 0.24000043999544013, 0.16000055999656015, 0.12000051999752008]",state_action_local,1,inf,5,0.05
5,250,Maximum-based,1.0,0.04939095553787184,0.04939095553787184,0.06655320137870291,60,E[Agg(Q_xi)] - Agg(E[Q_xi]),True,"[0.10000000000000012, 0.20000000000000004, 0.29999999999999993, 0.4]","[0.4799984800104797, 0.24000043999544013, 0.16000055999656015, 0.12000051999752008]",state_action_local,1,inf,5,0.05
5,255,Maximum-based,1.0,0.049215778661908134,0.049215778661908134,0.06189655936066707,60,E[Agg(Q_xi)] - Agg(E[Q_xi]),True,"[0.10000000000000012, 0.20000000000000004, 0.29999999999999993, 0.4]","[0.4799984800104797, 0.24000043999544013, 0.16000055999656015, 0.12000051999752008]",state_action_local,1,inf,5,0.05
5,260,Maximum-based,1.0,0.05015470071213974,0.05015470071213974,0.06461496866255168,60,E[Agg(Q_xi)] - Agg(E[Q_xi]),True,"[0.10000000000000012, 0.20000000000000004, 0.29999999999999993, 0.4]","[0.4799984800104797, 0.24000043999544013, 0.16000055999656015, 0.12000051999752008]",state_action_local,1,inf,5,0.05
5,265,Maximum-based,1.0,0.049786927893996975,0.049786927893996975,0.06676503217147278,60,E[Agg(Q_xi)] - Agg(E[Q_xi]),True,"[0.10000000000000012, 0.20000000000000004, 0.29999999999999993, 0.4]","[0.4799984800104797, 0.24000043999544013, 0.16000055999656015, 0.12000051999752008]",state_action_local,1,inf,5,0.05
5,270,Maximum-based,1.0,0.049494325099807876,0.049494325099807876,0.06430809651840974,60,E[Agg(Q_xi)] - Agg(E[Q_xi]),True,"[0.10000000000000012, 0.20000000000000004, 0.29999999999999993, 0.4]","[0.4799984800104797, 0.24000043999544013, 0.16000055999656015, 0.12000051999752008]",state_action_local,1,inf,5,0.05
5,275,Maximum-based,1.0,0.048884075010075516,0.048884075010075516,0.06156757707834437,60,E[Agg(Q_xi)] - Agg(E[Q_xi]),True,"[0.10000000000000012, 0.20000000000000004, 0.29999999999999993, 0.4]","[0.4799984800104797, 0.24000043999544013, 0.16000055999656015, 0.12000051999752008]",state_action_local,1,inf,5,0.05
5,280,Maximum-based,1.0,0.04901596922317887,0.04901596922317887,0.06538892398389251,60,E[Agg(Q_xi)] - Agg(E[Q_xi]),True,"[0.10000000000000012, 0.20000000000000004, 0.29999999999999993, 0.4]","[0.4799984800104797, 0.24000043999544013, 0.16000055999656015, 0.12000051999752008]",state_action_local,1,inf,5,0.05
5,285,Maximum-based,1.0,0.04926933810034728,0.04926933810034728,0.06762861483961125,60,E[Agg(Q_xi)] - Agg(E[Q_xi]),True,"[0.10000000000000012, 0.20000000000000004, 0.29999999999999993, 0.4]","[0.4799984800104797, 0.24000043999544013, 0.16000055999656015, 0.12000051999752008]",state_action_local,1,inf,5,0.05
5,290,Maximum-based,1.0,0.04985572467849351,0.04985572467849351,0.06387538329078524,60,E[Agg(Q_xi)] - Agg(E[Q_xi]),True,"[0.10000000000000012, 0.20000000000000004, 0.29999999999999993, 0.4]","[0.4799984800104797, 0.24000043999544013, 0.16000055999656015, 0.12000051999752008]",state_action_local,1,inf,5,0.05
5,295,Maximum-based,1.0,0.04958743722235594,0.04958743722235594,0.06439758277121754,60,E[Agg(Q_xi)] - Agg(E[Q_xi]),True,"[0.10000000000000012, 0.20000000000000004, 0.29999999999999993, 0.4]","[0.4799984800104797, 0.24000043999544013, 0.16000055999656015, 0.12000051999752008]",state_action_local,1,inf,5,0.05
5,300,Maximum-based,1.0,0.04945468359352156,0.04945468359352156,0.06302976491538814,60,E[Agg(Q_xi)] - Agg(E[Q_xi]),True,"[0.10000000000000012, 0.20000000000000004, 0.29999999999999993, 0.4]","[0.4799984800104797, 0.24000043999544013, 0.16000055999656015, 0.12000051999752008]",state_action_local,1,inf,5,0.05
5,305,Maximum-based,1.0,0.049480869398710145,0.049480869398710145,0.06321826719277368,60,E[Agg(Q_xi)] - Agg(E[Q_xi]),True,"[0.10000000000000012, 0.20000000000000004, 0.29999999999999993, 0.4]","[0.4799984800104797, 0.24000043999544013, 0.16000055999656015, 0.12000051999752008]",state_action_local,1,inf,5,0.05
5,310,Maximum-based,1.0,0.04892182372665548,0.04892182372665548,0.06147456671114426,60,E[Agg(Q_xi)] - Agg(E[Q_xi]),True,"[0.10000000000000012, 0.20000000000000004, 0.29999999999999993, 0.4]","[0.4799984800104797, 0.24000043999544013, 0.16000055999656015, 0.12000051999752008]",state_action_local,1,inf,5,0.05
5,315,Maximum-based,1.0,0.050440144297543746,0.050440144297543746,0.06420299395582241,60,E[Agg(Q_xi)] - Agg(E[Q_xi]),True,"[0.10000000000000012, 0.20000000000000004, 0.29999999999999993, 0.4]","[0.4799984800104797, 0.24000043999544013, 0.16000055999656015, 0.12000051999752008]",state_action_local,1,inf,5,0.05
5,320,Maximum-based,1.0,0.049556930493141804,0.049556930493141804,0.0632750800831623,60,E[Agg(Q_xi)] - Agg(E[Q_xi]),True,"[0.10000000000000012, 0.20000000000000004, 0.29999999999999993, 0.4]","[0.4799984800104797, 0.24000043999544013, 0.16000055999656015, 0.12000051999752008]",state_action_local,1,inf,5,0.05
5,325,Maximum-based,1.0,0.049052378931017535,0.049052378931017535,0.0617680065804489,60,E[Agg(Q_xi)] - Agg(E[Q_xi]),True,"[0.10000000000000012, 0.20000000000000004, 0.29999999999999993, 0.4]","[0.4799984800104797, 0.24000043999544013, 0.16000055999656015, 0.12000051999752008]",state_action_local,1,inf,5,0.05
5,330,Maximum-based,1.0,0.04962778866356053,0.04962778866356053,0.06077132093567528,60,E[Agg(Q_xi)] - Agg(E[Q_xi]),True,"[0.10000000000000012, 0.20000000000000004, 0.29999999999999993, 0.4]","[0.4799984800104797, 0.24000043999544013, 0.16000055999656015, 0.12000051999752008]",state_action_local,1,inf,5,0.05
5,335,Maximum-based,1.0,0.04995928216836591,0.04995928216836591,0.0641830381392623,60,E[Agg(Q_xi)] - Agg(E[Q_xi]),True,"[0.10000000000000012, 0.20000000000000004, 0.29999999999999993, 0.4]","[0.4799984800104797, 0.24000043999544013, 0.16000055999656015, 0.12000051999752008]",state_action_local,1,inf,5,0.05
5,340,Maximum-based,1.0,0.04958605211339046,0.04958605211339046,0.06472325569515291,60,E[Agg(Q_xi)] - Agg(E[Q_xi]),True,"[0.10000000000000012, 0.20000000000000004, 0.29999999999999993, 0.4]","[0.4799984800104797, 0.24000043999544013, 0.16000055999656015, 0.12000051999752008]",state_action_local,1,inf,5,0.05
5,345,Maximum-based,1.0,0.04927429249280954,0.04927429249280954,0.06570475090177474,60,E[Agg(Q_xi)] - Agg(E[Q_xi]),True,"[0.10000000000000012, 0.20000000000000004, 0.29999999999999993, 0.4]","[0.4799984800104797, 0.24000043999544013, 0.16000055999656015, 0.12000051999752008]",state_action_local,1,inf,5,0.05
5,350,Maximum-based,1.0,0.04966908178144574,0.04966908178144574,0.06482950769678553,60,E[Agg(Q_xi)] - Agg(E[Q_xi]),True,"[0.10000000000000012, 0.20000000000000004, 0.29999999999999993, 0.4]","[0.4799984800104797, 0.24000043999544013, 0.16000055999656015, 0.12000051999752008]",state_action_local,1,inf,5,0.05
5,355,Maximum-based,1.0,0.04994458247056777,0.04994458247056777,0.06240129556166707,60,E[Agg(Q_xi)] - Agg(E[Q_xi]),True,"[0.10000000000000012, 0.20000000000000004, 0.29999999999999993, 0.4]","[0.4799984800104797, 0.24000043999544013, 0.16000055999656015, 0.12000051999752008]",state_action_local,1,inf,5,0.05
5,360,Maximum-based,1.0,0.050579392811630104,0.050579392811630104,0.06671317522563136,60,E[Agg(Q_xi)] - Agg(E[Q_xi]),True,"[0.10000000000000012, 0.20000000000000004, 0.29999999999999993, 0.4]","[0.4799984800104797, 0.24000043999544013, 0.16000055999656015, 0.12000051999752008]",state_action_local,1,inf,5,0.05
5,365,Maximum-based,1.0,0.04932911261935017,0.04932911261935017,0.06376886851305308,60,E[Agg(Q_xi)] - Agg(E[Q_xi]),True,"[0.10000000000000012, 0.20000000000000004, 0.29999999999999993, 0.4]","[0.4799984800104797, 0.24000043999544013, 0.16000055999656015, 0.12000051999752008]",state_action_local,1,inf,5,0.05
5,370,Maximum-based,1.0,0.04939782071518493,0.04939782071518493,0.06392967349350975,60,E[Agg(Q_xi)] - Agg(E[Q_xi]),True,"[0.10000000000000012, 0.20000000000000004, 0.29999999999999993, 0.4]","[0.4799984800104797, 0.24000043999544013, 0.16000055999656015, 0.12000051999752008]",state_action_local,1,inf,5,0.05
5,375,Maximum-based,1.0,0.04964815216385231,0.04964815216385231,0.062447510531404404,60,E[Agg(Q_xi)] - Agg(E[Q_xi]),True,"[0.10000000000000012, 0.20000000000000004, 0.29999999999999993, 0.4]","[0.4799984800104797, 0.24000043999544013, 0.16000055999656015, 0.12000051999752008]",state_action_local,1,inf,5,0.05
5,380,Maximum-based,1.0,0.04978212344959864,0.04978212344959864,0.06566150497977752,60,E[Agg(Q_xi)] - Agg(E[Q_xi]),True,"[0.10000000000000012, 0.20000000000000004, 0.29999999999999993, 0.4]","[0.4799984800104797, 0.24000043999544013, 0.16000055999656015, 0.12000051999752008]",state_action_local,1,inf,5,0.05
5,385,Maximum-based,1.0,0.04987819498042357,0.04987819498042357,0.06257684837112976,60,E[Agg(Q_xi)] - Agg(E[Q_xi]),True,"[0.10000000000000012, 0.20000000000000004, 0.29999999999999993, 0.4]","[0.4799984800104797, 0.24000043999544013, 0.16000055999656015, 0.12000051999752008]",state_action_local,1,inf,5,0.05
5,390,Maximum-based,1.0,0.04951855869321235,0.04951855869321235,0.062214003066277,60,E[Agg(Q_xi)] - Agg(E[Q_xi]),True,"[0.10000000000000012, 0.20000000000000004, 0.29999999999999993, 0.4]","[0.4799984800104797, 0.24000043999544013, 0.16000055999656015, 0.12000051999752008]",state_action_local,1,inf,5,0.05
5,395,Maximum-based,1.0,0.04885749422952031,0.04885749422952031,0.06338296478693373,60,E[Agg(Q_xi)] - Agg(E[Q_xi]),True,"[0.10000000000000012, 0.20000000000000004, 0.29999999999999993, 0.4]","[0.4799984800104797, 0.24000043999544013, 0.16000055999656015, 0.12000051999752008]",state_action_local,1,inf,5,0.05
5,400,Maximum-based,1.0,0.049364005877980247,0.049364005877980247,0.061529873244374755,60,E[Agg(Q_xi)] - Agg(E[Q_xi]),True,"[0.10000000000000012, 0.20000000000000004, 0.29999999999999993, 0.4]","[0.4799984800104797, 0.24000043999544013, 0.16000055999656015, 0.12000051999752008]",state_action_local,1,inf,5,0.05
5,5,Similarity-aware,1.0,3.0068540250264657e-18,1.5352302762394742e-17,1.6653345369377348e-16,60,E[Agg(Q_xi)] - Agg(E[Q_xi]),True,"[0.10000000000000012, 0.20000000000000004, 0.29999999999999993, 0.4]","[0.4799984800104797, 0.24000043999544013, 0.16000055999656015, 0.12000051999752008]",state_action_local,1,inf,5,0.05
5,10,Similarity-aware,1.0,-2.0816681711721684e-18,3.053113317719181e-17,2.7755575615628914e-16,60,E[Agg(Q_xi)] - Agg(E[Q_xi]),True,"[0.10000000000000012, 0.20000000000000004, 0.29999999999999993, 0.4]","[0.4799984800104797, 0.24000043999544013, 0.16000055999656015, 0.12000051999752008]",state_action_local,1,inf,5,0.05
5,15,Similarity-aware,1.0,-1.3415194880887308e-17,3.839521293495333e-17,3.3306690738754696e-16,60,E[Agg(Q_xi)] - Agg(E[Q_xi]),True,"[0.10000000000000012, 0.20000000000000004, 0.29999999999999993, 0.4]","[0.4799984800104797, 0.24000043999544013, 0.16000055999656015, 0.12000051999752008]",state_action_local,1,inf,5,0.05
5,20,Similarity-aware,1.0,-9.251858538542971e-19,5.66676335485757e-17,4.440892098500626e-16,60,E[Agg(Q_xi)] - Agg(E[Q_xi]),True,"[0.10000000000000012, 0.20000000000000004, 0.29999999999999993, 0.4]","[0.4799984800104797, 0.24000043999544013, 0.16000055999656015, 0.12000051999752008]",state_action_local,1,inf,5,0.05
5,25,Similarity-aware,1.0,-1.1102230246251566e-17,6.013708050052931e-17,6.661338147750939e-16,60,E[Agg(Q_xi)] - Agg(E[Q_xi]),True,"[0.10000000000000012, 0.20000000000000004, 0.29999999999999993, 0.4]","[0.4799984800104797, 0.24000043999544013, 0.16000055999656015, 0.12000051999752008]",state_action_local,1,inf,5,0.05
5,30,Similarity-aware,1.0,-4.625929269271486e-19,8.789265611615822e-17,6.661338147750939e-16,60,E[Agg(Q_xi)] - Agg(E[Q_xi]),True,"[0.10000000000000012, 0.20000000000000004, 0.29999999999999993, 0.4]","[0.4799984800104797, 0.24000043999544013, 0.16000055999656015, 0.12000051999752008]",state_action_local,1,inf,5,0.05
5,35,Similarity-aware,1.0,1.9428902930940238e-17,1.1934897514720432e-16,1.1102230246251565e-15,60,E[Agg(Q_xi)] - Agg(E[Q_xi]),True,"[0.10000000000000012, 0.20000000000000004, 0.29999999999999993, 0.4]","[0.4799984800104797, 0.24000043999544013, 0.16000055999656015, 0.12000051999752008]",state_action_local,1,inf,5,0.05
5,40,Similarity-aware,1.0,2.0354088784794535e-17,1.3415194880887307e-16,8.881784197001252e-16,60,E[Agg(Q_xi)] - Agg(E[Q_xi]),True,"[0.10000000000000012, 0.20000000000000004, 0.29999999999999993, 0.4]","[0.4799984800104797, 0.24000043999544013, 0.16000055999656015, 0.12000051999752008]",state_action_local,1,inf,5,0.05
5,45,Similarity-aware,1.0,7.401486830834377e-18,1.4710455076283324e-16,1.1102230246251565e-15,60,E[Agg(Q_xi)] - Agg(E[Q_xi]),True,"[0.10000000000000012, 0.20000000000000004, 0.29999999999999993, 0.4]","[0.4799984800104797, 0.24000043999544013, 0.16000055999656015, 0.12000051999752008]",state_action_local,1,inf,5,0.05
5,50,Similarity-aware,1.0,2.960594732333751e-17,1.7948605564773364e-16,1.5543122344752192e-15,60,E[Agg(Q_xi)] - Agg(E[Q_xi]),True,"[0.10000000000000012, 0.20000000000000004, 0.29999999999999993, 0.4]","[0.4799984800104797, 0.24000043999544013, 0.16000055999656015, 0.12000051999752008]",state_action_local,1,inf,5,0.05
5,55,Similarity-aware,1.0,1.6653345369377347e-17,1.6838382540148207e-16,1.3322676295501878e-15,60,E[Agg(Q_xi)] - Agg(E[Q_xi]),True,"[0.10000000000000012, 0.20000000000000004, 0.29999999999999993, 0.4]","[0.4799984800104797, 0.24000043999544013, 0.16000055999656015, 0.12000051999752008]",state_action_local,1,inf,5,0.05
5,60,Similarity-aware,1.0,5.3660779523549233e-17,2.1464311809419693e-16,1.7763568394002505e-15,60,E[Agg(Q_xi)] - Agg(E[Q_xi]),True,"[0.10000000000000012, 0.20000000000000004, 0.29999999999999993, 0.4]","[0.4799984800104797, 0.24000043999544013, 0.16000055999656015, 0.12000051999752008]",state_action_local,1,inf,5,0.05
5,65,Similarity-aware,1.0,3.3306690738754695e-17,2.4424906541753446e-16,1.3322676295501878e-15,60,E[Agg(Q_xi)] - Agg(E[Q_xi]),True,"[0.10000000000000012, 0.20000000000000004, 0.29999999999999993, 0.4]","[0.4799984800104797, 0.24000043999544013, 0.16000055999656015, 0.12000051999752008]",state_action_local,1,inf,5,0.05
5,70,Similarity-aware,1.0,-8.511709855459534e-17,1.609823385706477e-16,1.3322676295501878e-15,60,E[Agg(Q_xi)] - Agg(E[Q_xi]),True,"[0.10000000000000012, 0.20000000000000004, 0.29999999999999993, 0.4]","[0.4799984800104797, 0.24000043999544013, 0.16000055999656015, 0.12000051999752008]",state_action_local,1,inf,5,0.05
5,75,Similarity-aware,1.0,-3.515706244646329e-17,2.257453483404485e-16,2.220446049250313e-15,60,E[Agg(Q_xi)] - Agg(E[Q_xi]),True,"[0.10000000000000012, 0.20000000000000004, 0.29999999999999993, 0.4]","[0.4799984800104797, 0.24000043999544013, 0.16000055999656015, 0.12000051999752008]",state_action_local,1,inf,5,0.05
5,80,Similarity-aware,1.0,7.401486830834377e-17,2.8495724298712354e-16,2.220446049250313e-15,60,E[Agg(Q_xi)] - Agg(E[Q_xi]),True,"[0.10000000000000012, 0.20000000000000004, 0.29999999999999993, 0.4]","[0.4799984800104797, 0.24000043999544013, 0.16000055999656015, 0.12000051999752008]",state_action_local,1,inf,5,0.05
5,85,Similarity-aware,1.0,1.3692750637043598e-16,3.3306690738754696e-16,1.7763568394002505e-15,60,E[Agg(Q_xi)] - Agg(E[Q_xi]),True,"[0.10000000000000012, 0.20000000000000004, 0.29999999999999993, 0.4]","[0.4799984800104797, 0.24000043999544013, 0.16000055999656015, 0.12000051999752008]",state_action_local,1,inf,5,0.05
5,90,Similarity-aware,1.0,-1.1842378929335003e-16,2.590520390792032e-16,2.6645352591003757e-15,60,E[Agg(Q_xi)] - Agg(E[Q_xi]),True,"[0.10000000000000012, 0.20000000000000004, 0.29999999999999993, 0.4]","[0.4799984800104797, 0.24000043999544013, 0.16000055999656015, 0.12000051999752008]",state_action_local,1,inf,5,0.05
5,95,Similarity-aware,1.0,-1.9613940101711098e-16,2.220446049250313e-16,2.220446049250313e-15,60,E[Agg(Q_xi)] - Agg(E[Q_xi]),True,"[0.10000000000000012, 0.20000000000000004, 0.29999999999999993, 0.4]","[0.4799984800104797, 0.24000043999544013, 0.16000055999656015, 0.12000051999752008]",state_action_local,1,inf,5,0.05
5,100,Similarity-aware,1.0,7.031412489292658e-17,3.589721112954673e-16,2.6645352591003757e-15,60,E[Agg(Q_xi)] - Agg(E[Q_xi]),True,"[0.10000000000000012, 0.20000000000000004, 0.29999999999999993, 0.4]","[0.4799984800104797, 0.24000043999544013, 0.16000055999656015, 0.12000051999752008]",state_action_local,1,inf,5,0.05
5,105,Similarity-aware,1.0,2.2204460492503132e-17,3.0716170347962664e-16,2.220446049250313e-15,60,E[Agg(Q_xi)] - Agg(E[Q_xi]),True,"[0.10000000000000012, 0.20000000000000004, 0.29999999999999993, 0.4]","[0.4799984800104797, 0.24000043999544013, 0.16000055999656015, 0.12000051999752008]",state_action_local,1,inf,5,0.05
5,110,Similarity-aware,1.0,1.887379141862766e-16,4.662936703425658e-16,2.6645352591003757e-15,60,E[Agg(Q_xi)] - Agg(E[Q_xi]),True,"[0.10000000000000012, 0.20000000000000004, 0.29999999999999993, 0.4]","[0.4799984800104797, 0.24000043999544013, 0.16000055999656015, 0.12000051999752008]",state_action_local,1,inf,5,0.05
5,115,Similarity-aware,1.0,-4.070817756958907e-17,2.9605947323337506e-16,2.6645352591003757e-15,60,E[Agg(Q_xi)] - Agg(E[Q_xi]),True,"[0.10000000000000012, 0.20000000000000004, 0.29999999999999993, 0.4]","[0.4799984800104797, 0.24000043999544013, 0.16000055999656015, 0.12000051999752008]",state_action_local,1,inf,5,0.05
5,120,Similarity-aware,1.0,3.7007434154171884e-18,2.9605947323337506e-16,1.7763568394002505e-15,60,E[Agg(Q_xi)] - Agg(E[Q_xi]),True,"[0.10000000000000012, 0.20000000000000004, 0.29999999999999993, 0.4]","[0.4799984800104797, 0.24000043999544013, 0.16000055999656015, 0.12000051999752008]",state_action_local,1,inf,5,0.05
5,125,Similarity-aware,1.0,-1.1102230246251566e-17,3.885780586188048e-16,2.6645352591003757e-15,60,E[Agg(Q_xi)] - Agg(E[Q_xi]),True,"[0.10000000000000012, 0.20000000000000004, 0.29999999999999993, 0.4]","[0.4799984800104797, 0.24000043999544013, 0.16000055999656015, 0.12000051999752008]",state_action_local,1,inf,5,0.05
5,130,Similarity-aware,1.0,-2.2204460492503132e-17,3.293661639721298e-16,2.220446049250313e-15,60,E[Agg(Q_xi)] - Agg(E[Q_xi]),True,"[0.10000000000000012, 0.20000000000000004, 0.29999999999999993, 0.4]","[0.4799984800104797, 0.24000043999544013, 0.16000055999656015, 0.12000051999752008]",state_action_local,1,inf,5,0.05
5,135,Similarity-aware,1.0,7.771561172376095e-17,4.1078251911130794e-16,3.552713678800501e-15,60,E[Agg(Q_xi)] - Agg(E[Q_xi]),True,"[0.10000000000000012, 0.20000000000000004, 0.29999999999999993, 0.4]","[0.4799984800104797, 0.24000043999544013, 0.16000055999656015, 0.12000051999752008]",state_action_local,1,inf,5,0.05
5,140,Similarity-aware,1.0,2.590520390792032e-17,4.847973874196516e-16,2.6645352591003757e-15,60,E[Agg(Q_xi)] - Agg(E[Q_xi]),True,"[0.10000000000000012, 0.20000000000000004, 0.29999999999999993, 0.4]","[0.4799984800104797, 0.24000043999544013, 0.16000055999656015, 0.12000051999752008]",state_action_local,1,inf,5,0.05
5,145,Similarity-aware,1.0,-1.258252761241844e-16,4.2188474935755947e-16,2.6645352591003757e-15,60,E[Agg(Q_xi)] - Agg(E[Q_xi]),True,"[0.10000000000000012, 0.20000000000000004, 0.29999999999999993, 0.4]","[0.4799984800104797, 0.24000043999544013, 0.16000055999656015, 0.12000051999752008]",state_action_local,1,inf,5,0.05
5,150,Similarity-aware,1.0,-9.992007221626409e-17,3.9227880203422196e-16,2.6645352591003757e-15,60,E[Agg(Q_xi)] - Agg(E[Q_xi]),True,"[0.10000000000000012, 0.20000000000000004, 0.29999999999999993, 0.4]","[0.4799984800104797, 0.24000043999544013, 0.16000055999656015, 0.12000051999752008]",state_action_local,1,inf,5,0.05
5,155,Similarity-aware,1.0,3.700743415417188e-17,5.477100254817439e-16,3.552713678800501e-15,60,E[Agg(Q_xi)] - Agg(E[Q_xi]),True,"[0.10000000000000012, 0.20000000000000004, 0.29999999999999993, 0.4]","[0.4799984800104797, 0.24000043999544013, 0.16000055999656015, 0.12000051999752008]",state_action_local,1,inf,5,0.05
5,160,Similarity-aware,1.0,-1.1102230246251565e-16,4.070817756958907e-16,4.440892098500626e-15,60,E[Agg(Q_xi)] - Agg(E[Q_xi]),True,"[0.10000000000000012, 0.20000000000000004, 0.29999999999999993, 0.4]","[0.4799984800104797, 0.24000043999544013, 0.16000055999656015, 0.12000051999752008]",state_action_local,1,inf,5,0.05
5,165,Similarity-aware,1.0,-1.1842378929335003e-16,4.2188474935755947e-16,3.552713678800501e-15,60,E[Agg(Q_xi)] - Agg(E[Q_xi]),True,"[0.10000000000000012, 0.20000000000000004, 0.29999999999999993, 0.4]","[0.4799984800104797, 0.24000043999544013, 0.16000055999656015, 0.12000051999752008]",state_action_local,1,inf,5,0.05
5,170,Similarity-aware,1.0,-1.4802973661668753e-16,4.070817756958907e-16,2.6645352591003757e-15,60,E[Agg(Q_xi)] - Agg(E[Q_xi]),True,"[0.10000000000000012, 0.20000000000000004, 0.29999999999999993, 0.4]","[0.4799984800104797, 0.24000043999544013, 0.16000055999656015, 0.12000051999752008]",state_action_local,1,inf,5,0.05
5,175,Similarity-aware,1.0,-1.7763568394002506e-16,5.10702591327572e-16,4.440892098500626e-15,60,E[Agg(Q_xi)] - Agg(E[Q_xi]),True,"[0.10000000000000012, 0.20000000000000004, 0.29999999999999993, 0.4]","[0.4799984800104797, 0.24000043999544013, 0.16000055999656015, 0.12000051999752008]",state_action_local,1,inf,5,0.05
5,180,Similarity-aware,1.0,6.661338147750939e-17,6.513308411134251e-16,4.440892098500626e-15,60,E[Agg(Q_xi)] - Agg(E[Q_xi]),True,"[0.10000000000000012, 0.20000000000000004, 0.29999999999999993, 0.4]","[0.4799984800104797, 0.24000043999544013, 0.16000055999656015, 0.12000051999752008]",state_action_local,1,inf,5,0.05
5,185,Similarity-aware,1.0,-1.4802973661668754e-17,5.329070518200751e-16,3.552713678800501e-15,60,E[Agg(Q_xi)] - Agg(E[Q_xi]),True,"[0.10000000000000012, 0.20000000000000004, 0.29999999999999993, 0.4]","[0.4799984800104797, 0.24000043999544013, 0.16000055999656015, 0.12000051999752008]",state_action_local,1,inf,5,0.05
5,190,Similarity-aware,1.0,-1.7023419710919068e-16,5.921189464667501e-16,4.440892098500626e-15,60,E[Agg(Q_xi)] - Agg(E[Q_xi]),True,"[0.10000000000000012, 0.20000000000000004, 0.29999999999999993, 0.4]","[0.4799984800104797, 0.24000043999544013, 0.16000055999656015, 0.12000051999752008]",state_action_local,1,inf,5,0.05
5,195,Similarity-aware,1.0,2.960594732333751e-17,7.179442225909346e-16,3.552713678800501e-15,60,E[Agg(Q_xi)] - Agg(E[Q_xi]),True,"[0.10000000000000012, 0.20000000000000004, 0.29999999999999993, 0.4]","[0.4799984800104797, 0.24000043999544013, 0.16000055999656015, 0.12000051999752008]",state_action_local,1,inf,5,0.05
5,200,Similarity-aware,1.0,-7.401486830834377e-18,4.736951571734001e-16,4.440892098500626e-15,60,E[Agg(Q_xi)] - Agg(E[Q_xi]),True,"[0.10000000000000012, 0.20000000000000004, 0.29999999999999993, 0.4]","[0.4799984800104797, 0.24000043999544013, 0.16000055999656015, 0.12000051999752008]",state_action_local,1,inf,5,0.05
5,205,Similarity-aware,1.0,6.661338147750939e-17,7.105427357601002e-16,4.440892098500626e-15,60,E[Agg(Q_xi)] - Agg(E[Q_xi]),True,"[0.10000000000000012, 0.20000000000000004, 0.29999999999999993, 0.4]","[0.4799984800104797, 0.24000043999544013, 0.16000055999656015, 0.12000051999752008]",state_action_local,1,inf,5,0.05
5,210,Similarity-aware,1.0,1.8503717077085943e-16,7.845576040684439e-16,3.552713678800501e-15,60,E[Agg(Q_xi)] - Agg(E[Q_xi]),True,"[0.10000000000000012, 0.20000000000000004, 0.29999999999999993, 0.4]","[0.4799984800104797, 0.24000043999544013, 0.16000055999656015, 0.12000051999752008]",state_action_local,1,inf,5,0.05
5,215,Similarity-aware,1.0,-1.7023419710919068e-16,6.143234069592533e-16,5.329070518200751e-15,60,E[Agg(Q_xi)] - Agg(E[Q_xi]),True,"[0.10000000000000012, 0.20000000000000004, 0.29999999999999993, 0.4]","[0.4799984800104797, 0.24000043999544013, 0.16000055999656015, 0.12000051999752008]",state_action_local,1,inf,5,0.05
5,220,Similarity-aware,1.0,1.1842378929335003e-16,6.735353016059283e-16,3.552713678800501e-15,60,E[Agg(Q_xi)] - Agg(E[Q_xi]),True,"[0.10000000000000012, 0.20000000000000004, 0.29999999999999993, 0.4]","[0.4799984800104797, 0.24000043999544013, 0.16000055999656015, 0.12000051999752008]",state_action_local,1,inf,5,0.05
5,225,Similarity-aware,1.0,1.0362081563168128e-16,6.735353016059283e-16,4.440892098500626e-15,60,E[Agg(Q_xi)] - Agg(E[Q_xi]),True,"[0.10000000000000012, 0.20000000000000004, 0.29999999999999993, 0.4]","[0.4799984800104797, 0.24000043999544013, 0.16000055999656015, 0.12000051999752008]",state_action_local,1,inf,5,0.05
5,230,Similarity-aware,1.0,5.921189464667501e-17,7.105427357601002e-16,4.440892098500626e-15,60,E[Agg(Q_xi)] - Agg(E[Q_xi]),True,"[0.10000000000000012, 0.20000000000000004, 0.29999999999999993, 0.4]","[0.4799984800104797, 0.24000043999544013, 0.16000055999656015, 0.12000051999752008]",state_action_local,1,inf,5,0.05
5,235,Similarity-aware,1.0,-6.661338147750939e-17,6.587323279442596e-16,4.440892098500626e-15,60,E[Agg(Q_xi)] - Agg(E[Q_xi]),True,"[0.10000000000000012, 0.20000000000000004, 0.29999999999999993, 0.4]","[0.4799984800104797, 0.24000043999544013, 0.16000055999656015, 0.12000051999752008]",state_action_local,1,inf,5,0.05
5,240,Similarity-aware,1.0,-3.478698810492157e-16,4.662936703425658e-16,3.552713678800501e-15,60,E[Agg(Q_xi)] - Agg(E[Q_xi]),True,"[0.10000000000000012, 0.20000000000000004, 0.29999999999999993, 0.4]","[0.4799984800104797, 0.24000043999544013, 0.16000055999656015, 0.12000051999752008]",state_action_local,1,inf,5,0.05
5,245,Similarity-aware,1.0,0.0,7.401486830834377e-16,4.440892098500626e-15,60,E[Agg(Q_xi)] - Agg(E[Q_xi]),True,"[0.10000000000000012, 0.20000000000000004, 0.29999999999999993, 0.4]","[0.4799984800104797, 0.24000043999544013, 0.16000055999656015, 0.12000051999752008]",state_action_local,1,inf,5,0.05
5,250,Similarity-aware,1.0,2.960594732333751e-17,7.105427357601002e-16,5.329070518200751e-15,60,E[Agg(Q_xi)] - Agg(E[Q_xi]),True,"[0.10000000000000012, 0.20000000000000004, 0.29999999999999993, 0.4]","[0.4799984800104797, 0.24000043999544013, 0.16000055999656015, 0.12000051999752008]",state_action_local,1,inf,5,0.05
5,255,Similarity-aware,1.0,2.6645352591003756e-16,8.067620645609471e-16,4.440892098500626e-15,60,E[Agg(Q_xi)] - Agg(E[Q_xi]),True,"[0.10000000000000012, 0.20000000000000004, 0.29999999999999993, 0.4]","[0.4799984800104797, 0.24000043999544013, 0.16000055999656015, 0.12000051999752008]",state_action_local,1,inf,5,0.05
5,260,Similarity-aware,1.0,-2.2204460492503132e-17,6.957397620984314e-16,3.552713678800501e-15,60,E[Agg(Q_xi)] - Agg(E[Q_xi]),True,"[0.10000000000000012, 0.20000000000000004, 0.29999999999999993, 0.4]","[0.4799984800104797, 0.24000043999544013, 0.16000055999656015, 0.12000051999752008]",state_action_local,1,inf,5,0.05
5,265,Similarity-aware,1.0,-1.1842378929335003e-16,6.217248937900876e-16,4.440892098500626e-15,60,E[Agg(Q_xi)] - Agg(E[Q_xi]),True,"[0.10000000000000012, 0.20000000000000004, 0.29999999999999993, 0.4]","[0.4799984800104797, 0.24000043999544013, 0.16000055999656015, 0.12000051999752008]",state_action_local,1,inf,5,0.05
5,270,Similarity-aware,1.0,6.661338147750939e-17,7.031412489292658e-16,5.329070518200751e-15,60,E[Agg(Q_xi)] - Agg(E[Q_xi]),True,"[0.10000000000000012, 0.20000000000000004, 0.29999999999999993, 0.4]","[0.4799984800104797, 0.24000043999544013, 0.16000055999656015, 0.12000051999752008]",state_action_local,1,inf,5,0.05
5,275,Similarity-aware,1.0,7.401486830834377e-17,8.363680118842846e-16,5.329070518200751e-15,60,E[Agg(Q_xi)] - Agg(E[Q_xi]),True,"[0.10000000000000012, 0.20000000000000004, 0.29999999999999993, 0.4]","[0.4799984800104797, 0.24000043999544013, 0.16000055999656015, 0.12000051999752008]",state_action_local,1,inf,5,0.05
5,280,Similarity-aware,1.0,1.4802973661668754e-17,7.845576040684439e-16,6.217248937900877e-15,60,E[Agg(Q_xi)] - Agg(E[Q_xi]),True,"[0.10000000000000012, 0.20000000000000004, 0.29999999999999993, 0.4]","[0.4799984800104797, 0.24000043999544013, 0.16000055999656015, 0.12000051999752008]",state_action_local,1,inf,5,0.05
5,285,Similarity-aware,1.0,7.401486830834377e-17,6.661338147750939e-16,4.440892098500626e-15,60,E[Agg(Q_xi)] - Agg(E[Q_xi]),True,"[0.10000000000000012, 0.20000000000000004, 0.29999999999999993, 0.4]","[0.4799984800104797, 0.24000043999544013, 0.16000055999656015, 0.12000051999752008]",state_action_local,1,inf,5,0.05
5,290,Similarity-aware,1.0,3.0346096006420946e-16,8.955799065309596e-16,5.329070518200751e-15,60,E[Agg(Q_xi)] - Agg(E[Q_xi]),True,"[0.10000000000000012, 0.20000000000000004, 0.29999999999999993, 0.4]","[0.4799984800104797, 0.24000043999544013, 0.16000055999656015, 0.12000051999752008]",state_action_local,1,inf,5,0.05
5,295,Similarity-aware,1.0,-3.6267285471088446e-16,4.588921835117314e-16,5.329070518200751e-15,60,E[Agg(Q_xi)] - Agg(E[Q_xi]),True,"[0.10000000000000012, 0.20000000000000004, 0.29999999999999993, 0.4]","[0.4799984800104797, 0.24000043999544013, 0.16000055999656015, 0.12000051999752008]",state_action_local,1,inf,5,0.05
5,300,Similarity-aware,1.0,-2.6645352591003756e-16,5.625129991434126e-16,5.329070518200751e-15,60,E[Agg(Q_xi)] - Agg(E[Q_xi]),True,"[0.10000000000000012, 0.20000000000000004, 0.29999999999999993, 0.4]","[0.4799984800104797, 0.24000043999544013, 0.16000055999656015, 0.12000051999752008]",state_action_local,1,inf,5,0.05
5,305,Similarity-aware,1.0,5.921189464667501e-17,8.141635513917814e-16,6.217248937900877e-15,60,E[Agg(Q_xi)] - Agg(E[Q_xi]),True,"[0.10000000000000012, 0.20000000000000004, 0.29999999999999993, 0.4]","[0.4799984800104797, 0.24000043999544013, 0.16000055999656015, 0.12000051999752008]",state_action_local,1,inf,5,0.05
5,310,Similarity-aware,1.0,-1.258252761241844e-16,6.957397620984314e-16,5.329070518200751e-15,60,E[Agg(Q_xi)] - Agg(E[Q_xi]),True,"[0.10000000000000012, 0.20000000000000004, 0.29999999999999993, 0.4]","[0.4799984800104797, 0.24000043999544013, 0.16000055999656015, 0.12000051999752008]",state_action_local,1,inf,5,0.05
5,315,Similarity-aware,1.0,-3.182639337258782e-16,5.773159728050814e-16,3.552713678800501e-15,60,E[Agg(Q_xi)] - Agg(E[Q_xi]),True,"[0.10000000000000012, 0.20000000000000004, 0.29999999999999993, 0.4]","[0.4799984800104797, 0.24000043999544013, 0.16000055999656015, 0.12000051999752008]",state_action_local,1,inf,5,0.05
5,320,Similarity-aware,1.0,3.2566542055671256e-16,1.021405182655144e-15,5.329070518200751e-15,60,E[Agg(Q_xi)] - Agg(E[Q_xi]),True,"[0.10000000000000012, 0.20000000000000004, 0.29999999999999993, 0.4]","[0.4799984800104797, 0.24000043999544013, 0.16000055999656015, 0.12000051999752008]",state_action_local,1,inf,5,0.05
5,325,Similarity-aware,1.0,4.144832625267251e-16,9.473903143468002e-16,7.105427357601002e-15,60,E[Agg(Q_xi)] - Agg(E[Q_xi]),True,"[0.10000000000000012, 0.20000000000000004, 0.29999999999999993, 0.4]","[0.4799984800104797, 0.24000043999544013, 0.16000055999656015, 0.12000051999752008]",state_action_local,1,inf,5,0.05
5,330,Similarity-aware,1.0,-1.9984014443252818e-16,6.217248937900876e-16,5.329070518200751e-15,60,E[Agg(Q_xi)] - Agg(E[Q_xi]),True,"[0.10000000000000012, 0.20000000000000004, 0.29999999999999993, 0.4]","[0.4799984800104797, 0.24000043999544013, 0.16000055999656015, 0.12000051999752008]",state_action_local,1,inf,5,0.05
5,335,Similarity-aware,1.0,2.590520390792032e-16,1.0066022089934752e-15,5.329070518200751e-15,60,E[Agg(Q_xi)] - Agg(E[Q_xi]),True,"[0.10000000000000012, 0.20000000000000004, 0.29999999999999993, 0.4]","[0.4799984800104797, 0.24000043999544013, 0.16000055999656015, 0.12000051999752008]",state_action_local,1,inf,5,0.05
5,340,Similarity-aware,1.0,1.4062824978585316e-16,8.437694987151189e-16,7.105427357601002e-15,60,E[Agg(Q_xi)] - Agg(E[Q_xi]),True,"[0.10000000000000012, 0.20000000000000004, 0.29999999999999993, 0.4]","[0.4799984800104797, 0.24000043999544013, 0.16000055999656015, 0.12000051999752008]",state_action_local,1,inf,5,0.05
5,345,Similarity-aware,1.0,-7.401486830834377e-17,9.02981393361794e-16,8.881784197001252e-15,60,E[Agg(Q_xi)] - Agg(E[Q_xi]),True,"[0.10000000000000012, 0.20000000000000004, 0.29999999999999993, 0.4]","[0.4799984800104797, 0.24000043999544013, 0.16000055999656015, 0.12000051999752008]",state_action_local,1,inf,5,0.05
5,350,Similarity-aware,1.0,1.3322676295501878e-16,1.0066022089934752e-15,5.329070518200751e-15,60,E[Agg(Q_xi)] - Agg(E[Q_xi]),True,"[0.10000000000000012, 0.20000000000000004, 0.29999999999999993, 0.4]","[0.4799984800104797, 0.24000043999544013, 0.16000055999656015, 0.12000051999752008]",state_action_local,1,inf,5,0.05
5,355,Similarity-aware,1.0,-5.921189464667501e-17,8.141635513917814e-16,5.329070518200751e-15,60,E[Agg(Q_xi)] - Agg(E[Q_xi]),True,"[0.10000000000000012, 0.20000000000000004, 0.29999999999999993, 0.4]","[0.4799984800104797, 0.24000043999544013, 0.16000055999656015, 0.12000051999752008]",state_action_local,1,inf,5,0.05
5,360,Similarity-aware,1.0,-1.4802973661668754e-17,8.289665250534502e-16,5.329070518200751e-15,60,E[Agg(Q_xi)] - Agg(E[Q_xi]),True,"[0.10000000000000012, 0.20000000000000004, 0.29999999999999993, 0.4]","[0.4799984800104797, 0.24000043999544013, 0.16000055999656015, 0.12000051999752008]",state_action_local,1,inf,5,0.05
5,365,Similarity-aware,1.0,-2.220446049250313e-16,7.697546304067752e-16,5.329070518200751e-15,60,E[Agg(Q_xi)] - Agg(E[Q_xi]),True,"[0.10000000000000012, 0.20000000000000004, 0.29999999999999993, 0.4]","[0.4799984800104797, 0.24000043999544013, 0.16000055999656015, 0.12000051999752008]",state_action_local,1,inf,5,0.05
5,370,Similarity-aware,1.0,-5.921189464667501e-17,9.02981393361794e-16,7.105427357601002e-15,60,E[Agg(Q_xi)] - Agg(E[Q_xi]),True,"[0.10000000000000012, 0.20000000000000004, 0.29999999999999993, 0.4]","[0.4799984800104797, 0.24000043999544013, 0.16000055999656015, 0.12000051999752008]",state_action_local,1,inf,5,0.05
5,375,Similarity-aware,1.0,-5.921189464667501e-17,8.733754460384564e-16,7.105427357601002e-15,60,E[Agg(Q_xi)] - Agg(E[Q_xi]),True,"[0.10000000000000012, 0.20000000000000004, 0.29999999999999993, 0.4]","[0.4799984800104797, 0.24000043999544013, 0.16000055999656015, 0.12000051999752008]",state_action_local,1,inf,5,0.05
5,380,Similarity-aware,1.0,-4.440892098500626e-16,6.809367884367627e-16,7.105427357601002e-15,60,E[Agg(Q_xi)] - Agg(E[Q_xi]),True,"[0.10000000000000012, 0.20000000000000004, 0.29999999999999993, 0.4]","[0.4799984800104797, 0.24000043999544013, 0.16000055999656015, 0.12000051999752008]",state_action_local,1,inf,5,0.05
5,385,Similarity-aware,1.0,-3.9968028886505636e-16,8.585724723767877e-16,7.105427357601002e-15,60,E[Agg(Q_xi)] - Agg(E[Q_xi]),True,"[0.10000000000000012, 0.20000000000000004, 0.29999999999999993, 0.4]","[0.4799984800104797, 0.24000043999544013, 0.16000055999656015, 0.12000051999752008]",state_action_local,1,inf,5,0.05
5,390,Similarity-aware,1.0,0.0,9.769962616701378e-16,7.105427357601002e-15,60,E[Agg(Q_xi)] - Agg(E[Q_xi]),True,"[0.10000000000000012, 0.20000000000000004, 0.29999999999999993, 0.4]","[0.4799984800104797, 0.24000043999544013, 0.16000055999656015, 0.12000051999752008]",state_action_local,1,inf,5,0.05
5,395,Similarity-aware,1.0,2.220446049250313e-16,9.917992353318065e-16,7.105427357601002e-15,60,E[Agg(Q_xi)] - Agg(E[Q_xi]),True,"[0.10000000000000012, 0.20000000000000004, 0.29999999999999993, 0.4]","[0.4799984800104797, 0.24000043999544013, 0.16000055999656015, 0.12000051999752008]",state_action_local,1,inf,5,0.05
5,400,Similarity-aware,1.0,-4.884981308350689e-16,6.809367884367627e-16,7.105427357601002e-15,60,E[Agg(Q_xi)] - Agg(E[Q_xi]),True,"[0.10000000000000012, 0.20000000000000004, 0.29999999999999993, 0.4]","[0.4799984800104797, 0.24000043999544013, 0.16000055999656015, 0.12000051999752008]",state_action_local,1,inf,5,0.05
6,5,Maximum-based,1.0,0.057959481926722324,0.057959481926722324,0.07317904152609776,60,E[Agg(Q_xi)] - Agg(E[Q_xi]),True,"[0.1000000000000001, 0.2, 0.29999999999999993, 0.4]","[0.4799984800104797, 0.24000043999544013, 0.16000055999656015, 0.12000051999752008]",state_action_local,1,inf,5,0.05
6,10,Maximum-based,1.0,0.056618703705069086,0.056618703705069086,0.06646949544846781,60,E[Agg(Q_xi)] - Agg(E[Q_xi]),True,"[0.1000000000000001, 0.2, 0.29999999999999993, 0.4]","[0.4799984800104797, 0.24000043999544013, 0.16000055999656015, 0.12000051999752008]",state_action_local,1,inf,5,0.05
6,15,Maximum-based,1.0,0.055474393421828375,0.055474393421828375,0.06692847927735623,60,E[Agg(Q_xi)] - Agg(E[Q_xi]),True,"[0.1000000000000001, 0.2, 0.29999999999999993, 0.4]","[0.4799984800104797, 0.24000043999544013, 0.16000055999656015, 0.12000051999752008]",state_action_local,1,inf,5,0.05
6,20,Maximum-based,1.0,0.053704410560200096,0.053704410560200096,0.0635178000148664,60,E[Agg(Q_xi)] - Agg(E[Q_xi]),True,"[0.1000000000000001, 0.2, 0.29999999999999993, 0.4]","[0.4799984800104797, 0.24000043999544013, 0.16000055999656015, 0.12000051999752008]",state_action_local,1,inf,5,0.05
6,25,Maximum-based,1.0,0.05294667680064856,0.05294667680064856,0.06725390927935704,60,E[Agg(Q_xi)] - Agg(E[Q_xi]),True,"[0.1000000000000001, 0.2, 0.29999999999999993, 0.4]","[0.4799984800104797, 0.24000043999544013, 0.16000055999656015, 0.12000051999752008]",state_action_local,1,inf,5,0.05
6,30,Maximum-based,1.0,0.05199502355693856,0.05199502355693856,0.06643425700079786,60,E[Agg(Q_xi)] - Agg(E[Q_xi]),True,"[0.1000000000000001, 0.2, 0.29999999999999993, 0.4]","[0.4799984800104797, 0.24000043999544013, 0.16000055999656015, 0.12000051999752008]",state_action_local,1,inf,5,0.05
6,35,Maximum-based,1.0,0.05087911141145217,0.05087911141145217,0.06486024231331977,60,E[Agg(Q_xi)] - Agg(E[Q_xi]),True,"[0.1000000000000001, 0.2, 0.29999999999999993, 0.4]","[0.4799984800104797, 0.24000043999544013, 0.16000055999656015, 0.12000051999752008]",state_action_local,1,inf,5,0.05
6,40,Maximum-based,1.0,0.05046611650152055,0.05046611650152055,0.06297297355956322,60,E[Agg(Q_xi)] - Agg(E[Q_xi]),True,"[0.1000000000000001, 0.2, 0.29999999999999993, 0.4]","[0.4799984800104797, 0.24000043999544013, 0.16000055999656015, 0.12000051999752008]",state_action_local,1,inf,5,0.05
6,45,Maximum-based,1.0,0.05010985847757706,0.05010985847757706,0.06363919426934861,60,E[Agg(Q_xi)] - Agg(E[Q_xi]),True,"[0.1000000000000001, 0.2, 0.29999999999999993, 0.4]","[0.4799984800104797, 0.24000043999544013, 0.16000055999656015, 0.12000051999752008]",state_action_local,1,inf,5,0.05
6,50,Maximum-based,1.0,0.049919029676783445,0.049919029676783445,0.06377229933924844,60,E[Agg(Q_xi)] - Agg(E[Q_xi]),True,"[0.1000000000000001, 0.2, 0.29999999999999993, 0.4]","[0.4799984800104797, 0.24000043999544013, 0.16000055999656015, 0.12000051999752008]",state_action_local,1,inf,5,0.05
6,55,Maximum-based,1.0,0.04988944188581114,0.04988944188581114,0.0671530701767673,60,E[Agg(Q_xi)] - Agg(E[Q_xi]),True,"[0.1000000000000001, 0.2, 0.29999999999999993, 0.4]","[0.4799984800104797, 0.24000043999544013, 0.16000055999656015, 0.12000051999752008]",state_action_local,1,inf,5,0.05
6,60,Maximum-based,1.0,0.04880687337060388,0.04880687337060388,0.06854177631276492,60,E[Agg(Q_xi)] - Agg(E[Q_xi]),True,"[0.1000000000000001, 0.2, 0.29999999999999993, 0.4]","[0.4799984800104797, 0.24000043999544013, 0.16000055999656015, 0.12000051999752008]",state_action_local,1,inf,5,0.05
6,65,Maximum-based,1.0,0.04947920151669764,0.04947920151669764,0.06644604971246437,60,E[Agg(Q_xi)] - Agg(E[Q_xi]),True,"[0.1000000000000001, 0.2, 0.29999999999999993, 0.4]","[0.4799984800104797, 0.24000043999544013, 0.16000055999656015, 0.12000051999752008]",state_action_local,1,inf,5,0.05
6,70,Maximum-based,1.0,0.04928467975934399,0.04928467975934399,0.05908213894684433,60,E[Agg(Q_xi)] - Agg(E[Q_xi]),True,"[0.1000000000000001, 0.2, 0.29999999999999993, 0.4]","[0.4799984800104797, 0.24000043999544013, 0.16000055999656015, 0.12000051999752008]",state_action_local,1,inf,5,0.05
6,75,Maximum-based,1.0,0.04828396999762578,0.04828396999762578,0.058863823224693856,60,E[Agg(Q_xi)] - Agg(E[Q_xi]),True,"[0.1000000000000001, 0.2, 0.29999999999999993, 0.4]","[0.4799984800104797, 0.24000043999544013, 0.16000055999656015, 0.12000051999752008]",state_action_local,1,inf,5,0.05
6,80,Maximum-based,1.0,0.04866710307078133,0.04866710307078133,0.06255251841744247,60,E[Agg(Q_xi)] - Agg(E[Q_xi]),True,"[0.1000000000000001, 0.2, 0.29999999999999993, 0.4]","[0.4799984800104797, 0.24000043999544013, 0.16000055999656015, 0.12000051999752008]",state_action_local,1,inf,5,0.05
6,85,Maximum-based,1.0,0.04888907441002157,0.04888907441002157,0.06333823691963136,60,E[Agg(Q_xi)] - Agg(E[Q_xi]),True,"[0.1000000000000001, 0.2, 0.29999999999999993, 0.4]","[0.4799984800104797, 0.24000043999544013, 0.16000055999656015, 0.12000051999752008]",state_action_local,1,inf,5,0.05
6,90,Maximum-based,1.0,0.04872752308454531,0.04872752308454531,0.06660054231205148,60,E[Agg(Q_xi)] - Agg(E[Q_xi]),True,"[0.1000000000000001, 0.2, 0.29999999999999993, 0.4]","[0.4799984800104797, 0.24000043999544013, 0.16000055999656015, 0.12000051999752008]",state_action_local,1,inf,5,0.05
6,95,Maximum-based,1.0,0.048507770548207825,0.048507770548207825,0.06131668613767971,60,E[Agg(Q_xi)] - Agg(E[Q_xi]),True,"[0.1000000000000001, 0.2, 0.29999999999999993, 0.4]","[0.4799984800104797, 0.24000043999544013, 0.16000055999656015, 0.12000051999752008]",state_action_local,1,inf,5,0.05
6,100,Maximum-based,1.0,0.04870080662866312,0.04870080662866312,0.06263561758301872,60,E[Agg(Q_xi)] - Agg(E[Q_xi]),True,"[0.1000000000000001, 0.2, 0.29999999999999993, 0.4]","[0.4799984800104797, 0.24000043999544013, 0.16000055999656015, 0.12000051999752008]",state_action_local,1,inf,5,0.05
6,105,Maximum-based,1.0,0.048835156422543956,0.048835156422543956,0.06164248836131625,60,E[Agg(Q_xi)] - Agg(E[Q_xi]),True,"[0.1000000000000001, 0.2, 0.29999999999999993, 0.4]","[0.4799984800104797, 0.24000043999544013, 0.16000055999656015, 0.12000051999752008]",state_action_local,1,inf,5,0.05
6,110,Maximum-based,1.0,0.048917078079272064,0.048917078079272064,0.06246682087355904,60,E[Agg(Q_xi)] - Agg(E[Q_xi]),True,"[0.1000000000000001, 0.2, 0.29999999999999993, 0.4]","[0.4799984800104797, 0.24000043999544013, 0.16000055999656015, 0.12000051999752008]",state_action_local,1,inf,5,0.05
6,115,Maximum-based,1.0,0.04891662750817981,0.04891662750817981,0.0611618800220981,60,E[Agg(Q_xi)] - Agg(E[Q_xi]),True,"[0.1000000000000001, 0.2, 0.29999999999999993, 0.4]","[0.4799984800104797, 0.24000043999544013, 0.16000055999656015, 0.12000051999752008]",state_action_local,1,inf,5,0.05
6,120,Maximum-based,1.0,0.04937982912127958,0.04937982912127958,0.06768482435102463,60,E[Agg(Q_xi)] - Agg(E[Q_xi]),True,"[0.1000000000000001, 0.2, 0.29999999999999993, 0.4]","[0.4799984800104797, 0.24000043999544013, 0.16000055999656015, 0.12000051999752008]",state_action_local,1,inf,5,0.05
6,125,Maximum-based,1.0,0.04853700890665522,0.04853700890665522,0.06268086214039403,60,E[Agg(Q_xi)] - Agg(E[Q_xi]),True,"[0.1000000000000001, 0.2, 0.29999999999999993, 0.4]","[0.4799984800104797, 0.24000043999544013, 0.16000055999656015, 0.12000051999752008]",state_action_local,1,inf,5,0.05
6,130,Maximum-based,1.0,0.048305512584989205,0.048305512584989205,0.06463429566534629,60,E[Agg(Q_xi)] - Agg(E[Q_xi]),True,"[0.1000000000000001, 0.2, 0.29999999999999993, 0.4]","[0.4799984800104797, 0.24000043999544013, 0.16000055999656015, 0.12000051999752008]",state_action_local,1,inf,5,0.05
6,135,Maximum-based,1.0,0.04804479658406954,0.04804479658406954,0.06561768501559673,60,E[Agg(Q_xi)] - Agg(E[Q_xi]),True,"[0.1000000000000001, 0.2, 0.29999999999999993, 0.4]","[0.4799984800104797, 0.24000043999544013, 0.16000055999656015, 0.12000051999752008]",state_action_local,1,inf,5,0.05
6,140,Maximum-based,1.0,0.04875893468137489,0.04875893468137489,0.06486749889480592,60,E[Agg(Q_xi)] - Agg(E[Q_xi]),True,"[0.1000000000000001, 0.2, 0.29999999999999993, 0.4]","[0.4799984800104797, 0.24000043999544013, 0.16000055999656015, 0.12000051999752008]",state_action_local,1,inf,5,0.05
6,145,Maximum-based,1.0,0.04810069919194169,0.04810069919194169,0.06151235077392858,60,E[Agg(Q_xi)] - Agg(E[Q_xi]),True,"[0.1000000000000001, 0.2, 0.29999999999999993, 0.4]","[0.4799984800104797, 0.24000043999544013, 0.16000055999656015, 0.12000051999752008]",state_action_local,1,inf,5,0.05
6,150,Maximum-based,1.0,0.04754707521649629,0.04754707521649629,0.05988072813895684,60,E[Agg(Q_xi)] - Agg(E[Q_xi]),True,"[0.1000000000000001, 0.2, 0.29999999999999993, 0.4]","[0.4799984800104797, 0.24000043999544013, 0.16000055999656015, 0.12000051999752008]",state_action_local,1,inf,5,0.05
6,155,Maximum-based,1.0,0.04809074611216273,0.04809074611216273,0.05836869842754133,60,E[Agg(Q_xi)] - Agg(E[Q_xi]),True,"[0.1000000000000001, 0.2, 0.29999999999999993, 0.4]","[0.4799984800104797, 0.24000043999544013, 0.16000055999656015, 0.12000051999752008]",state_action_local,1,inf,5,0.05
6,160,Maximum-based,1.0,0.04804876350549743,0.04804876350549743,0.06368651935008174,60,E[Agg(Q_xi)] - Agg(E[Q_xi]),True,"[0.1000000000000001, 0.2, 0.29999999999999993, 0.4]","[0.4799984800104797, 0.24000043999544013, 0.16000055999656015, 0.12000051999752008]",state_action_local,1,inf,5,0.05
6,165,Maximum-based,1.0,0.04833525991433537,0.04833525991433537,0.05805409804231587,60,E[Agg(Q_xi)] - Agg(E[Q_xi]),True,"[0.1000000000000001, 0.2, 0.29999999999999993, 0.4]","[0.4799984800104797, 0.24000043999544013, 0.16000055999656015, 0.12000051999752008]",state_action_local,1,inf,5,0.05
6,170,Maximum-based,1.0,0.04773397314287832,0.04773397314287832,0.05919229970198625,60,E[Agg(Q_xi)] - Agg(E[Q_xi]),True,"[0.1000000000000001, 0.2, 0.29999999999999993, 0.4]","[0.4799984800104797, 0.24000043999544013, 0.16000055999656015, 0.12000051999752008]",state_action_local,1,inf,5,0.05
6,175,Maximum-based,1.0,0.04824621525168564,0.04824621525168564,0.06101832901253346,60,E[Agg(Q_xi)] - Agg(E[Q_xi]),True,"[0.1000000000000001, 0.2, 0.29999999999999993, 0.4]","[0.4799984800104797, 0.24000043999544013, 0.16000055999656015, 0.12000051999752008]",state_action_local,1,inf,5,0.05
6,180,Maximum-based,1.0,0.04901836911286981,0.04901836911286981,0.06791426905409104,60,E[Agg(Q_xi)] - Agg(E[Q_xi]),True,"[0.1000000000000001, 0.2, 0.29999999999999993, 0.4]","[0.4799984800104797, 0.24000043999544013, 0.16000055999656015, 0.12000051999752008]",state_action_local,1,inf,5,0.05
6,185,Maximum-based,1.0,0.04856260238917662,0.04856260238917662,0.06157760888469532,60,E[Agg(Q_xi)] - Agg(E[Q_xi]),True,"[0.1000000000000001, 0.2, 0.29999999999999993, 0.4]","[0.4799984800104797, 0.24000043999544013, 0.16000055999656015, 0.12000051999752008]",state_action_local,1,inf,5,0.05
6,190,Maximum-based,1.0,0.04848282141558868,0.04848282141558868,0.06635830565543177,60,E[Agg(Q_xi)] - Agg(E[Q_xi]),True,"[0.1000000000000001, 0.2, 0.29999999999999993, 0.4]","[0.4799984800104797, 0.24000043999544013, 0.16000055999656015, 0.12000051999752008]",state_action_local,1,inf,5,0.05
6,195,Maximum-based,1.0,0.04867477259486751,0.04867477259486751,0.061615902960181934,60,E[Agg(Q_xi)] - Agg(E[Q_xi]),True,"[0.1000000000000001, 0.2, 0.29999999999999993, 0.4]","[0.4799984800104797, 0.24000043999544013, 0.16000055999656015, 0.12000051999752008]",state_action_local,1,inf,5,0.05
6,200,Maximum-based,1.0,0.04803729095062518,0.04803729095062518,0.06325634051642126,60,E[Agg(Q_xi)] - Agg(E[Q_xi]),True,"[0.1000000000000001, 0.2, 0.29999999999999993, 0.4]","[0.4799984800104797, 0.24000043999544013, 0.16000055999656015, 0.12000051999752008]",state_action_local,1,inf,5,0.05
6,205,Maximum-based,1.0,0.0487357358165457,0.0487357358165457,0.06180118606931728,60,E[Agg(Q_xi)] - Agg(E[Q_xi]),True,"[0.1000000000000001, 0.2, 0.29999999999999993, 0.4]","[0.4799984800104797, 0.24000043999544013, 0.16000055999656015, 0.12000051999752008]",state_action_local,1,inf,5,0.05
6,210,Maximum-based,1.0,0.04863839861232085,0.04863839861232085,0.06153980628490441,60,E[Agg(Q_xi)] - Agg(E[Q_xi]),True,"[0.1000000000000001, 0.2, 0.29999999999999993, 0.4]","[0.4799984800104797, 0.24000043999544013, 0.16000055999656015, 0.12000051999752008]",state_action_local,1,inf,5,0.05
6,215,Maximum-based,1.0,0.048596500568415794,0.048596500568415794,0.06255676922368814,60,E[Agg(Q_xi)] - Agg(E[Q_xi]),True,"[0.1000000000000001, 0.2, 0.29999999999999993, 0.4]","[0.4799984800104797, 0.24000043999544013, 0.16000055999656015, 0.12000051999752008]",state_action_local,1,inf,5,0.05
6,220,Maximum-based,1.0,0.04828724026525481,0.04828724026525481,0.06323923548188848,60,E[Agg(Q_xi)] - Agg(E[Q_xi]),True,"[0.1000000000000001, 0.2, 0.29999999999999993, 0.4]","[0.4799984800104797, 0.24000043999544013, 0.16000055999656015, 0.12000051999752008]",state_action_local,1,inf,5,0.05
6,225,Maximum-based,1.0,0.04867421500476982,0.04867421500476982,0.06404093801549227,60,E[Agg(Q_xi)] - Agg(E[Q_xi]),True,"[0.1000000000000001, 0.2, 0.29999999999999993, 0.4]","[0.4799984800104797, 0.24000043999544013, 0.16000055999656015, 0.12000051999752008]",state_action_local,1,inf,5,0.05
6,230,Maximum-based,1.0,0.04902821387531482,0.04902821387531482,0.06330342498245933,60,E[Agg(Q_xi)] - Agg(E[Q_xi]),True,"[0.1000000000000001, 0.2, 0.29999999999999993, 0.4]","[0.4799984800104797, 0.24000043999544013, 0.16000055999656015, 0.12000051999752008]",state_action_local,1,inf,5,0.05
6,235,Maximum-based,1.0,0.0493039360711009,0.0493039360711009,0.06264237331776457,60,E[Agg(Q_xi)] - Agg(E[Q_xi]),True,"[0.1000000000000001, 0.2, 0.29999999999999993, 0.4]","[0.4799984800104797, 0.24000043999544013, 0.16000055999656015, 0.12000051999752008]",state_action_local,1,inf,5,0.05
6,240,Maximum-based,1.0,0.048878903617582195,0.048878903617582195,0.0637188928834096,60,E[Agg(Q_xi)] - Agg(E[Q_xi]),True,"[0.1000000000000001, 0.2, 0.29999999999999993, 0.4]","[0.4799984800104797, 0.24000043999544013, 0.16000055999656015, 0.12000051999752008]",state_action_local,1,inf,5,0.05
6,245,Maximum-based,1.0,0.048141543191874546,0.048141543191874546,0.06342337907331252,60,E[Agg(Q_xi)] - Agg(E[Q_xi]),True,"[0.1000000000000001, 0.2, 0.29999999999999993, 0.4]","[0.4799984800104797, 0.24000043999544013, 0.16000055999656015, 0.12000051999752008]",state_action_local,1,inf,5,0.05
6,250,Maximum-based,1.0,0.04785481373648617,0.04785481373648617,0.062145855882156376,60,E[Agg(Q_xi)] - Agg(E[Q_xi]),True,"[0.1000000000000001, 0.2, 0.29999999999999993, 0.4]","[0.4799984800104797, 0.24000043999544013, 0.16000055999656015, 0.12000051999752008]",state_action_local,1,inf,5,0.05
6,255,Maximum-based,1.0,0.04846922993472973,0.04846922993472973,0.061071985989531896,60,E[Agg(Q_xi)] - Agg(E[Q_xi]),True,"[0.1000000000000001, 0.2, 0.29999999999999993, 0.4]","[0.4799984800104797, 0.24000043999544013, 0.16000055999656015, 0.12000051999752008]",state_action_local,1,inf,5,0.05
6,260,Maximum-based,1.0,0.04911295087431363,0.04911295087431363,0.06265528806453524,60,E[Agg(Q_xi)] - Agg(E[Q_xi]),True,"[0.1000000000000001, 0.2, 0.29999999999999993, 0.4]","[0.4799984800104797, 0.24000043999544013, 0.16000055999656015, 0.12000051999752008]",state_action_local,1,inf,5,0.05
6,265,Maximum-based,1.0,0.04870061415228643,0.04870061415228643,0.06086009319289687,60,E[Agg(Q_xi)] - Agg(E[Q_xi]),True,"[0.1000000000000001, 0.2, 0.29999999999999993, 0.4]","[0.4799984800104797, 0.24000043999544013, 0.16000055999656015, 0.12000051999752008]",state_action_local,1,inf,5,0.05
6,270,Maximum-based,1.0,0.047220777461598355,0.047220777461598355,0.06436102628165585,60,E[Agg(Q_xi)] - Agg(E[Q_xi]),True,"[0.1000000000000001, 0.2, 0.29999999999999993, 0.4]","[0.4799984800104797, 0.24000043999544013, 0.16000055999656015, 0.12000051999752008]",state_action_local,1,inf,5,0.05
6,275,Maximum-based,1.0,0.04885540778435849,0.04885540778435849,0.0656943319383938,60,E[Agg(Q_xi)] - Agg(E[Q_xi]),True,"[0.1000000000000001, 0.2, 0.29999999999999993, 0.4]","[0.4799984800104797, 0.24000043999544013, 0.16000055999656015, 0.12000051999752008]",state_action_local,1,inf,5,0.05
6,280,Maximum-based,1.0,0.04874061889327943,0.04874061889327943,0.06353293781137381,60,E[Agg(Q_xi)] - Agg(E[Q_xi]),True,"[0.1000000000000001, 0.2, 0.29999999999999993, 0.4]","[0.4799984800104797, 0.24000043999544013, 0.16000055999656015, 0.12000051999752008]",state_action_local,1,inf,5,0.05
6,285,Maximum-based,1.0,0.04846151321530973,0.04846151321530973,0.05990056378094799,60,E[Agg(Q_xi)] - Agg(E[Q_xi]),True,"[0.1000000000000001, 0.2, 0.29999999999999993, 0.4]","[0.4799984800104797, 0.24000043999544013, 0.16000055999656015, 0.12000051999752008]",state_action_local,1,inf,5,0.05
6,290,Maximum-based,1.0,0.04785136777241797,0.04785136777241797,0.060562477136299364,60,E[Agg(Q_xi)] - Agg(E[Q_xi]),True,"[0.1000000000000001, 0.2, 0.29999999999999993, 0.4]","[0.4799984800104797, 0.24000043999544013, 0.16000055999656015, 0.12000051999752008]",state_action_local,1,inf,5,0.05
6,295,Maximum-based,1.0,0.04828533424582916,0.04828533424582916,0.06293866971721229,60,E[Agg(Q_xi)] - Agg(E[Q_xi]),True,"[0.1000000000000001, 0.2, 0.29999999999999993, 0.4]","[0.4799984800104797, 0.24000043999544013, 0.16000055999656015, 0.12000051999752008]",state_action_local,1,inf,5,0.05
6,300,Maximum-based,1.0,0.047740549958650826,0.047740549958650826,0.06028139502184615,60,E[Agg(Q_xi)] - Agg(E[Q_xi]),True,"[0.1000000000000001, 0.2, 0.29999999999999993, 0.4]","[0.4799984800104797, 0.24000043999544013, 0.16000055999656015, 0.12000051999752008]",state_action_local,1,inf,5,0.05
6,305,Maximum-based,1.0,0.04829339929183221,0.04829339929183221,0.06442150672975089,60,E[Agg(Q_xi)] - Agg(E[Q_xi]),True,"[0.1000000000000001, 0.2, 0.29999999999999993, 0.4]","[0.4799984800104797, 0.24000043999544013, 0.16000055999656015, 0.12000051999752008]",state_action_local,1,inf,5,0.05
6,310,Maximum-based,1.0,0.0487277377072445,0.0487277377072445,0.07054258092177257,60,E[Agg(Q_xi)] - Agg(E[Q_xi]),True,"[0.1000000000000001, 0.2, 0.29999999999999993, 0.4]","[0.4799984800104797, 0.24000043999544013, 0.16000055999656015, 0.12000051999752008]",state_action_local,1,inf,5,0.05
6,315,Maximum-based,1.0,0.048632234443477265,0.048632234443477265,0.06177863175402898,60,E[Agg(Q_xi)] - Agg(E[Q_xi]),True,"[0.1000000000000001, 0.2, 0.29999999999999993, 0.4]","[0.4799984800104797, 0.24000043999544013, 0.16000055999656015, 0.12000051999752008]",state_action_local,1,inf,5,0.05
6,320,Maximum-based,1.0,0.04889984452836971,0.04889984452836971,0.06575729535177821,60,E[Agg(Q_xi)] - Agg(E[Q_xi]),True,"[0.1000000000000001, 0.2, 0.29999999999999993, 0.4]","[0.4799984800104797, 0.24000043999544013, 0.16000055999656015, 0.12000051999752008]",state_action_local,1,inf,5,0.05
6,325,Maximum-based,1.0,0.04935610712246394,0.04935610712246394,0.06438229363148018,60,E[Agg(Q_xi)] - Agg(E[Q_xi]),True,"[0.1000000000000001, 0.2, 0.29999999999999993, 0.4]","[0.4799984800104797, 0.24000043999544013, 0.16000055999656015, 0.12000051999752008]",state_action_local,1,inf,5,0.05
6,330,Maximum-based,1.0,0.048509545289771853,0.048509545289771853,0.06411555527646229,60,E[Agg(Q_xi)] - Agg(E[Q_xi]),True,"[0.1000000000000001, 0.2, 0.29999999999999993, 0.4]","[0.4799984800104797, 0.24000043999544013, 0.16000055999656015, 0.12000051999752008]",state_action_local,1,inf,5,0.05
6,335,Maximum-based,1.0,0.04831494322756762,0.04831494322756762,0.06195808506187639,60,E[Agg(Q_xi)] - Agg(E[Q_xi]),True,"[0.1000000000000001, 0.2, 0.29999999999999993, 0.4]","[0.4799984800104797, 0.24000043999544013, 0.16000055999656015, 0.12000051999752008]",state_action_local,1,inf,5,0.05
6,340,Maximum-based,1.0,0.04839369133655708,0.04839369133655708,0.0616351682278129,60,E[Agg(Q_xi)] - Agg(E[Q_xi]),True,"[0.1000000000000001, 0.2, 0.29999999999999993, 0.4]","[0.4799984800104797, 0.24000043999544013, 0.16000055999656015, 0.12000051999752008]",state_action_local,1,inf,5,0.05
6,345,Maximum-based,1.0,0.04828727725315153,0.04828727725315153,0.061940066656712034,60,E[Agg(Q_xi)] - Agg(E[Q_xi]),True,"[0.1000000000000001, 0.2, 0.29999999999999993, 0.4]","[0.4799984800104797, 0.24000043999544013, 0.16000055999656015, 0.12000051999752008]",state_action_local,1,inf,5,0.05
6,350,Maximum-based,1.0,0.04981819184066024,0.04981819184066024,0.06193859794961831,60,E[Agg(Q_xi)] - Agg(E[Q_xi]),True,"[0.1000000000000001, 0.2, 0.29999999999999993, 0.4]","[0.4799984800104797, 0.24000043999544013, 0.16000055999656015, 0.12000051999752008]",state_action_local,1,inf,5,0.05
6,355,Maximum-based,1.0,0.04780497199312993,0.04780497199312993,0.06208754392410576,60,E[Agg(Q_xi)] - Agg(E[Q_xi]),True,"[0.1000000000000001, 0.2, 0.29999999999999993, 0.4]","[0.4799984800104797, 0.24000043999544013, 0.16000055999656015, 0.12000051999752008]",state_action_local,1,inf,5,0.05
6,360,Maximum-based,1.0,0.04839265736173757,0.04839265736173757,0.06620723709586152,60,E[Agg(Q_xi)] - Agg(E[Q_xi]),True,"[0.1000000000000001, 0.2, 0.29999999999999993, 0.4]","[0.4799984800104797, 0.24000043999544013, 0.16000055999656015, 0.12000051999752008]",state_action_local,1,inf,5,0.05
6,365,Maximum-based,1.0,0.04843461587744223,0.04843461587744223,0.06393633282536548,60,E[Agg(Q_xi)] - Agg(E[Q_xi]),True,"[0.1000000000000001, 0.2, 0.29999999999999993, 0.4]","[0.4799984800104797, 0.24000043999544013, 0.16000055999656015, 0.12000051999752008]",state_action_local,1,inf,5,0.05
6,370,Maximum-based,1.0,0.049174448163264314,0.049174448163264314,0.06518353100728902,60,E[Agg(Q_xi)] - Agg(E[Q_xi]),True,"[0.1000000000000001, 0.2, 0.29999999999999993, 0.4]","[0.4799984800104797, 0.24000043999544013, 0.16000055999656015, 0.12000051999752008]",state_action_local,1,inf,5,0.05
6,375,Maximum-based,1.0,0.048083058615810345,0.048083058615810345,0.06448618428614061,60,E[Agg(Q_xi)] - Agg(E[Q_xi]),True,"[0.1000000000000001, 0.2, 0.29999999999999993, 0.4]","[0.4799984800104797, 0.24000043999544013, 0.16000055999656015, 0.12000051999752008]",state_action_local,1,inf,5,0.05
6,380,Maximum-based,1.0,0.04907158560123883,0.04907158560123883,0.06591621113978086,60,E[Agg(Q_xi)] - Agg(E[Q_xi]),True,"[0.1000000000000001, 0.2, 0.29999999999999993, 0.4]","[0.4799984800104797, 0.24000043999544013, 0.16000055999656015, 0.12000051999752008]",state_action_local,1,inf,5,0.05
6,385,Maximum-based,1.0,0.048835625071076076,0.048835625071076076,0.06191610079031484,60,E[Agg(Q_xi)] - Agg(E[Q_xi]),True,"[0.1000000000000001, 0.2, 0.29999999999999993, 0.4]","[0.4799984800104797, 0.24000043999544013, 0.16000055999656015, 0.12000051999752008]",state_action_local,1,inf,5,0.05
6,390,Maximum-based,1.0,0.04855241609371766,0.04855241609371766,0.06191394774637082,60,E[Agg(Q_xi)] - Agg(E[Q_xi]),True,"[0.1000000000000001, 0.2, 0.29999999999999993, 0.4]","[0.4799984800104797, 0.24000043999544013, 0.16000055999656015, 0.12000051999752008]",state_action_local,1,inf,5,0.05
6,395,Maximum-based,1.0,0.04921834196906733,0.04921834196906733,0.06158336854350033,60,E[Agg(Q_xi)] - Agg(E[Q_xi]),True,"[0.1000000000000001, 0.2, 0.29999999999999993, 0.4]","[0.4799984800104797, 0.24000043999544013, 0.16000055999656015, 0.12000051999752008]",state_action_local,1,inf,5,0.05
6,400,Maximum-based,1.0,0.04820055383013737,0.04820055383013737,0.05950787886581743,60,E[Agg(Q_xi)] - Agg(E[Q_xi]),True,"[0.1000000000000001, 0.2, 0.29999999999999993, 0.4]","[0.4799984800104797, 0.24000043999544013, 0.16000055999656015, 0.12000051999752008]",state_action_local,1,inf,5,0.05
6,5,Similarity-aware,1.0,-3.2959746043559333e-18,1.0842021724855044e-17,8.326672684688674e-17,60,E[Agg(Q_xi)] - Agg(E[Q_xi]),True,"[0.1000000000000001, 0.2, 0.29999999999999993, 0.4]","[0.4799984800104797, 0.24000043999544013, 0.16000055999656015, 0.12000051999752008]",state_action_local,1,inf,5,0.05
6,10,Similarity-aware,1.0,3.353798720221827e-18,3.041548494546002e-17,2.220446049250313e-16,60,E[Agg(Q_xi)] - Agg(E[Q_xi]),True,"[0.1000000000000001, 0.2, 0.29999999999999993, 0.4]","[0.4799984800104797, 0.24000043999544013, 0.16000055999656015, 0.12000051999752008]",state_action_local,1,inf,5,0.05
6,15,Similarity-aware,1.0,1.2374360795301225e-17,4.9381794949473106e-17,4.440892098500626e-16,60,E[Agg(Q_xi)] - Agg(E[Q_xi]),True,"[0.1000000000000001, 0.2, 0.29999999999999993, 0.4]","[0.4799984800104797, 0.24000043999544013, 0.16000055999656015, 0.12000051999752008]",state_action_local,1,inf,5,0.05
6,20,Similarity-aware,1.0,-1.9660199394403815e-17,5.342948306008566e-17,4.440892098500626e-16,60,E[Agg(Q_xi)] - Agg(E[Q_xi]),True,"[0.1000000000000001, 0.2, 0.29999999999999993, 0.4]","[0.4799984800104797, 0.24000043999544013, 0.16000055999656015, 0.12000051999752008]",state_action_local,1,inf,5,0.05
6,25,Similarity-aware,1.0,5.551115123125783e-18,7.077671781985372e-17,6.661338147750939e-16,60,E[Agg(Q_xi)] - Agg(E[Q_xi]),True,"[0.1000000000000001, 0.2, 0.29999999999999993, 0.4]","[0.4799984800104797, 0.24000043999544013, 0.16000055999656015, 0.12000051999752008]",state_action_local,1,inf,5,0.05
6,30,Similarity-aware,1.0,-3.932039878880763e-17,6.846375318521799e-17,8.881784197001252e-16,60,E[Agg(Q_xi)] - Agg(E[Q_xi]),True,"[0.1000000000000001, 0.2, 0.29999999999999993, 0.4]","[0.4799984800104797, 0.24000043999544013, 0.16000055999656015, 0.12000051999752008]",state_action_local,1,inf,5,0.05
6,35,Similarity-aware,1.0,1.7578531223231644e-17,1.2212453270876723e-16,8.881784197001252e-16,60,E[Agg(Q_xi)] - Agg(E[Q_xi]),True,"[0.1000000000000001, 0.2, 0.29999999999999993, 0.4]","[0.4799984800104797, 0.24000043999544013, 0.16000055999656015, 0.12000051999752008]",state_action_local,1,inf,5,0.05
6,40,Similarity-aware,1.0,-2.590520390792032e-17,1.0824674490095276e-16,1.3322676295501878e-15,60,E[Agg(Q_xi)] - Agg(E[Q_xi]),True,"[0.1000000000000001, 0.2, 0.29999999999999993, 0.4]","[0.4799984800104797, 0.24000043999544013, 0.16000055999656015, 0.12000051999752008]",state_action_local,1,inf,5,0.05
6,45,Similarity-aware,1.0,3.14563190310461e-17,1.4988010832439614e-16,1.3322676295501878e-15,60,E[Agg(Q_xi)] - Agg(E[Q_xi]),True,"[0.1000000000000001, 0.2, 0.29999999999999993, 0.4]","[0.4799984800104797, 0.24000043999544013, 0.16000055999656015, 0.12000051999752008]",state_action_local,1,inf,5,0.05
6,50,Similarity-aware,1.0,-9.251858538542971e-19,1.3970306393199886e-16,1.1102230246251565e-15,60,E[Agg(Q_xi)] - Agg(E[Q_xi]),True,"[0.1000000000000001, 0.2, 0.29999999999999993, 0.4]","[0.4799984800104797, 0.24000043999544013, 0.16000055999656015, 0.12000051999752008]",state_action_local,1,inf,5,0.05
6,55,Similarity-aware,1.0,-2.590520390792032e-17,1.4802973661668753e-16,1.1102230246251565e-15,60,E[Agg(Q_xi)] - Agg(E[Q_xi]),True,"[0.1000000000000001, 0.2, 0.29999999999999993, 0.4]","[0.4799984800104797, 0.24000043999544013, 0.16000055999656015, 0.12000051999752008]",state_action_local,1,inf,5,0.05
6,60,Similarity-aware,1.0,7.401486830834377e-18,1.6838382540148207e-16,1.3322676295501878e-15,60,E[Agg(Q_xi)] - Agg(E[Q_xi]),True,"[0.1000000000000001, 0.2, 0.29999999999999993, 0.4]","[0.4799984800104797, 0.24000043999544013, 0.16000055999656015, 0.12000051999752008]",state_action_local,1,inf,5,0.05
6,65,Similarity-aware,1.0,1.1102230246251566e-17,1.905882858939852e-16,1.3322676295501878e-15,60,E[Agg(Q_xi)] - Agg(E[Q_xi]),True,"[0.1000000000000001, 0.2, 0.29999999999999993, 0.4]","[0.4799984800104797, 0.24000043999544013, 0.16000055999656015, 0.12000051999752008]",state_action_local,1,inf,5,0.05
6,70,Similarity-aware,1.0,1.0732155904709847e-16,2.7200464103316337e-16,1.7763568394002505e-15,60,E[Agg(Q_xi)] - Agg(E[Q_xi]),True,"[0.1000000000000001, 0.2, 0.29999999999999993, 0.4]","[0.4799984800104797, 0.24000043999544013, 0.16000055999656015, 0.12000051999752008]",state_action_local,1,inf,5,0.05
6,75,Similarity-aware,1.0,5.551115123125783e-18,2.498001805406602e-16,1.7763568394002505e-15,60,E[Agg(Q_xi)] - Agg(E[Q_xi]),True,"[0.1000000000000001, 0.2, 0.29999999999999993, 0.4]","[0.4799984800104797, 0.24000043999544013, 0.16000055999656015, 0.12000051999752008]",state_action_local,1,inf,5,0.05
6,80,Similarity-aware,1.0,9.43689570931383e-17,2.572016673714946e-16,1.7763568394002505e-15,60,E[Agg(Q_xi)] - Agg(E[Q_xi]),True,"[0.1000000000000001, 0.2, 0.29999999999999993, 0.4]","[0.4799984800104797, 0.24000043999544013, 0.16000055999656015, 0.12000051999752008]",state_action_local,1,inf,5,0.05
6,85,Similarity-aware,1.0,-5.3660779523549233e-17,2.3869795029440865e-16,1.7763568394002505e-15,60,E[Agg(Q_xi)] - Agg(E[Q_xi]),True,"[0.1000000000000001, 0.2, 0.29999999999999993, 0.4]","[0.4799984800104797, 0.24000043999544013, 0.16000055999656015, 0.12000051999752008]",state_action_local,1,inf,5,0.05
6,90,Similarity-aware,1.0,6.846375318521799e-17,3.0531133177191805e-16,2.220446049250313e-15,60,E[Agg(Q_xi)] - Agg(E[Q_xi]),True,"[0.1000000000000001, 0.2, 0.29999999999999993, 0.4]","[0.4799984800104797, 0.24000043999544013, 0.16000055999656015, 0.12000051999752008]",state_action_local,1,inf,5,0.05
6,95,Similarity-aware,1.0,-1.7023419710919068e-16,2.1094237467877973e-16,2.220446049250313e-15,60,E[Agg(Q_xi)] - Agg(E[Q_xi]),True,"[0.1000000000000001, 0.2, 0.29999999999999993, 0.4]","[0.4799984800104797, 0.24000043999544013, 0.16000055999656015, 0.12000051999752008]",state_action_local,1,inf,5,0.05
6,100,Similarity-aware,1.0,-1.7023419710919068e-16,2.257453483404485e-16,2.6645352591003757e-15,60,E[Agg(Q_xi)] - Agg(E[Q_xi]),True,"[0.1000000000000001, 0.2, 0.29999999999999993, 0.4]","[0.4799984800104797, 0.24000043999544013, 0.16000055999656015, 0.12000051999752008]",state_action_local,1,inf,5,0.05
6,105,Similarity-aware,1.0,-2.960594732333751e-17,2.923587298179579e-16,2.220446049250313e-15,60,E[Agg(Q_xi)] - Agg(E[Q_xi]),True,"[0.1000000000000001, 0.2, 0.29999999999999993, 0.4]","[0.4799984800104797, 0.24000043999544013, 0.16000055999656015, 0.12000051999752008]",state_action_local,1,inf,5,0.05
6,110,Similarity-aware,1.0,9.62193288008469e-17,3.552713678800501e-16,2.6645352591003757e-15,60,E[Agg(Q_xi)] - Agg(E[Q_xi]),True,"[0.1000000000000001, 0.2, 0.29999999999999993, 0.4]","[0.4799984800104797, 0.24000043999544013, 0.16000055999656015, 0.12000051999752008]",state_action_local,1,inf,5,0.05
6,115,Similarity-aware,1.0,-9.251858538542972e-17,2.7385501274087196e-16,2.220446049250313e-15,60,E[Agg(Q_xi)] - Agg(E[Q_xi]),True,"[0.1000000000000001, 0.2, 0.29999999999999993, 0.4]","[0.4799984800104797, 0.24000043999544013, 0.16000055999656015, 0.12000051999752008]",state_action_local,1,inf,5,0.05
6,120,Similarity-aware,1.0,6.661338147750939e-17,3.7007434154171886e-16,2.220446049250313e-15,60,E[Agg(Q_xi)] - Agg(E[Q_xi]),True,"[0.1000000000000001, 0.2, 0.29999999999999993, 0.4]","[0.4799984800104797, 0.24000043999544013, 0.16000055999656015, 0.12000051999752008]",state_action_local,1,inf,5,0.05
6,125,Similarity-aware,1.0,-4.4408920985006264e-17,3.515706244646329e-16,2.6645352591003757e-15,60,E[Agg(Q_xi)] - Agg(E[Q_xi]),True,"[0.1000000000000001, 0.2, 0.29999999999999993, 0.4]","[0.4799984800104797, 0.24000043999544013, 0.16000055999656015, 0.12000051999752008]",state_action_local,1,inf,5,0.05
6,130,Similarity-aware,1.0,-8.141635513917814e-17,2.923587298179579e-16,2.6645352591003757e-15,60,E[Agg(Q_xi)] - Agg(E[Q_xi]),True,"[0.1000000000000001, 0.2, 0.29999999999999993, 0.4]","[0.4799984800104797, 0.24000043999544013, 0.16000055999656015, 0.12000051999752008]",state_action_local,1,inf,5,0.05
6,135,Similarity-aware,1.0,7.401486830834377e-17,3.7377508495713604e-16,2.6645352591003757e-15,60,E[Agg(Q_xi)] - Agg(E[Q_xi]),True,"[0.1000000000000001, 0.2, 0.29999999999999993, 0.4]","[0.4799984800104797, 0.24000043999544013, 0.16000055999656015, 0.12000051999752008]",state_action_local,1,inf,5,0.05
6,140,Similarity-aware,1.0,8.881784197001253e-17,4.1078251911130794e-16,2.6645352591003757e-15,60,E[Agg(Q_xi)] - Agg(E[Q_xi]),True,"[0.1000000000000001, 0.2, 0.29999999999999993, 0.4]","[0.4799984800104797, 0.24000043999544013, 0.16000055999656015, 0.12000051999752008]",state_action_local,1,inf,5,0.05
6,145,Similarity-aware,1.0,-1.850371707708594e-17,3.811765717879704e-16,3.552713678800501e-15,60,E[Agg(Q_xi)] - Agg(E[Q_xi]),True,"[0.1000000000000001, 0.2, 0.29999999999999993, 0.4]","[0.4799984800104797, 0.24000043999544013, 0.16000055999656015, 0.12000051999752008]",state_action_local,1,inf,5,0.05
6,150,Similarity-aware,1.0,-1.1102230246251565e-16,3.219646771412954e-16,3.552713678800501e-15,60,E[Agg(Q_xi)] - Agg(E[Q_xi]),True,"[0.1000000000000001, 0.2, 0.29999999999999993, 0.4]","[0.4799984800104797, 0.24000043999544013, 0.16000055999656015, 0.12000051999752008]",state_action_local,1,inf,5,0.05
6,155,Similarity-aware,1.0,1.4432899320127036e-16,5.588122557279954e-16,3.552713678800501e-15,60,E[Agg(Q_xi)] - Agg(E[Q_xi]),True,"[0.1000000000000001, 0.2, 0.29999999999999993, 0.4]","[0.4799984800104797, 0.24000043999544013, 0.16000055999656015, 0.12000051999752008]",state_action_local,1,inf,5,0.05
6,160,Similarity-aware,1.0,-1.1842378929335003e-16,3.9968028886505636e-16,2.6645352591003757e-15,60,E[Agg(Q_xi)] - Agg(E[Q_xi]),True,"[0.1000000000000001, 0.2, 0.29999999999999993, 0.4]","[0.4799984800104797, 0.24000043999544013, 0.16000055999656015, 0.12000051999752008]",state_action_local,1,inf,5,0.05
6,165,Similarity-aware,1.0,1.4062824978585316e-16,5.403085386509095e-16,2.6645352591003757e-15,60,E[Agg(Q_xi)] - Agg(E[Q_xi]),True,"[0.1000000000000001, 0.2, 0.29999999999999993, 0.4]","[0.4799984800104797, 0.24000043999544013, 0.16000055999656015, 0.12000051999752008]",state_action_local,1,inf,5,0.05
6,170,Similarity-aware,1.0,-1.7023419710919068e-16,4.2928623618839387e-16,3.552713678800501e-15,60,E[Agg(Q_xi)] - Agg(E[Q_xi]),True,"[0.1000000000000001, 0.2, 0.29999999999999993, 0.4]","[0.4799984800104797, 0.24000043999544013, 0.16000055999656015, 0.12000051999752008]",state_action_local,1,inf,5,0.05
6,175,Similarity-aware,1.0,-2.4424906541753446e-16,4.070817756958907e-16,2.6645352591003757e-15,60,E[Agg(Q_xi)] - Agg(E[Q_xi]),True,"[0.1000000000000001, 0.2, 0.29999999999999993, 0.4]","[0.4799984800104797, 0.24000043999544013, 0.16000055999656015, 0.12000051999752008]",state_action_local,1,inf,5,0.05
6,180,Similarity-aware,1.0,2.812564995717063e-16,6.513308411134251e-16,3.552713678800501e-15,60,E[Agg(Q_xi)] - Agg(E[Q_xi]),True,"[0.1000000000000001, 0.2, 0.29999999999999993, 0.4]","[0.4799984800104797, 0.24000043999544013, 0.16000055999656015, 0.12000051999752008]",state_action_local,1,inf,5,0.05
6,185,Similarity-aware,1.0,1.924386576016938e-16,6.143234069592533e-16,3.552713678800501e-15,60,E[Agg(Q_xi)] - Agg(E[Q_xi]),True,"[0.1000000000000001, 0.2, 0.29999999999999993, 0.4]","[0.4799984800104797, 0.24000043999544013, 0.16000055999656015, 0.12000051999752008]",state_action_local,1,inf,5,0.05
6,190,Similarity-aware,1.0,1.554312234475219e-16,6.069219201284189e-16,4.440892098500626e-15,60,E[Agg(Q_xi)] - Agg(E[Q_xi]),True,"[0.1000000000000001, 0.2, 0.29999999999999993, 0.4]","[0.4799984800104797, 0.24000043999544013, 0.16000055999656015, 0.12000051999752008]",state_action_local,1,inf,5,0.05
6,195,Similarity-aware,1.0,9.62193288008469e-17,6.217248937900876e-16,7.105427357601002e-15,60,E[Agg(Q_xi)] - Agg(E[Q_xi]),True,"[0.1000000000000001, 0.2, 0.29999999999999993, 0.4]","[0.4799984800104797, 0.24000043999544013, 0.16000055999656015, 0.12000051999752008]",state_action_local,1,inf,5,0.05
6,200,Similarity-aware,1.0,-8.141635513917814e-17,6.143234069592533e-16,4.440892098500626e-15,60,E[Agg(Q_xi)] - Agg(E[Q_xi]),True,"[0.1000000000000001, 0.2, 0.29999999999999993, 0.4]","[0.4799984800104797, 0.24000043999544013, 0.16000055999656015, 0.12000051999752008]",state_action_local,1,inf,5,0.05
6,205,Similarity-aware,1.0,2.812564995717063e-16,7.179442225909346e-16,4.440892098500626e-15,60,E[Agg(Q_xi)] - Agg(E[Q_xi]),True,"[0.1000000000000001, 0.2, 0.29999999999999993, 0.4]","[0.4799984800104797, 0.24000043999544013, 0.16000055999656015, 0.12000051999752008]",state_action_local,1,inf,5,0.05
6,210,Similarity-aware,1.0,2.2204460492503132e-17,5.773159728050814e-16,4.440892098500626e-15,60,E[Agg(Q_xi)] - Agg(E[Q_xi]),True,"[0.1000000000000001, 0.2, 0.29999999999999993, 0.4]","[0.4799984800104797, 0.24000043999544013, 0.16000055999656015, 0.12000051999752008]",state_action_local,1,inf,5,0.05
6,215,Similarity-aware,1.0,1.9984014443252818e-16,7.031412489292658e-16,5.329070518200751e-15,60,E[Agg(Q_xi)] - Agg(E[Q_xi]),True,"[0.1000000000000001, 0.2, 0.29999999999999993, 0.4]","[0.4799984800104797, 0.24000043999544013, 0.16000055999656015, 0.12000051999752008]",state_action_local,1,inf,5,0.05
6,220,Similarity-aware,1.0,-7.401486830834377e-18,6.513308411134251e-16,3.552713678800501e-15,60,E[Agg(Q_xi)] - Agg(E[Q_xi]),True,"[0.1000000000000001, 0.2, 0.29999999999999993, 0.4]","[0.4799984800104797, 0.24000043999544013, 0.16000055999656015, 0.12000051999752008]",state_action_local,1,inf,5,0.05
6,225,Similarity-aware,1.0,1.6283271027835628e-16,7.475501699142721e-16,5.329070518200751e-15,60,E[Agg(Q_xi)] - Agg(E[Q_xi]),True,"[0.1000000000000001, 0.2, 0.29999999999999993, 0.4]","[0.4799984800104797, 0.24000043999544013, 0.16000055999656015, 0.12000051999752008]",state_action_local,1,inf,5,0.05
6,230,Similarity-aware,1.0,-2.886579864025407e-16,4.810966440042345e-16,4.440892098500626e-15,60,E[Agg(Q_xi)] - Agg(E[Q_xi]),True,"[0.1000000000000001, 0.2, 0.29999999999999993, 0.4]","[0.4799984800104797, 0.24000043999544013, 0.16000055999656015, 0.12000051999752008]",state_action_local,1,inf,5,0.05
6,235,Similarity-aware,1.0,-3.700743415417188e-17,6.439293542825908e-16,5.329070518200751e-15,60,E[Agg(Q_xi)] - Agg(E[Q_xi]),True,"[0.1000000000000001, 0.2, 0.29999999999999993, 0.4]","[0.4799984800104797, 0.24000043999544013, 0.16000055999656015, 0.12000051999752008]",state_action_local,1,inf,5,0.05
6,240,Similarity-aware,1.0,-1.1842378929335003e-16,6.217248937900876e-16,4.440892098500626e-15,60,E[Agg(Q_xi)] - Agg(E[Q_xi]),True,"[0.1000000000000001, 0.2, 0.29999999999999993, 0.4]","[0.4799984800104797, 0.24000043999544013, 0.16000055999656015, 0.12000051999752008]",state_action_local,1,inf,5,0.05
6,245,Similarity-aware,1.0,0.0,7.179442225909346e-16,5.329070518200751e-15,60,E[Agg(Q_xi)] - Agg(E[Q_xi]),True,"[0.1000000000000001, 0.2, 0.29999999999999993, 0.4]","[0.4799984800104797, 0.24000043999544013, 0.16000055999656015, 0.12000051999752008]",state_action_local,1,inf,5,0.05
6,250,Similarity-aware,1.0,-1.924386576016938e-16,6.069219201284189e-16,4.440892098500626e-15,60,E[Agg(Q_xi)] - Agg(E[Q_xi]),True,"[0.1000000000000001, 0.2, 0.29999999999999993, 0.4]","[0.4799984800104797, 0.24000043999544013, 0.16000055999656015, 0.12000051999752008]",state_action_local,1,inf,5,0.05
6,255,Similarity-aware,1.0,-1.6283271027835628e-16,6.439293542825908e-16,5.329070518200751e-15,60,E[Agg(Q_xi)] - Agg(E[Q_xi]),True,"[0.1000000000000001, 0.2, 0.29999999999999993, 0.4]","[0.4799984800104797, 0.24000043999544013, 0.16000055999656015, 0.12000051999752008]",state_action_local,1,inf,5,0.05
6,260,Similarity-aware,1.0,-4.4408920985006264e-17,5.995204332975846e-16,4.440892098500626e-15,60,E[Agg(Q_xi)] - Agg(E[Q_xi]),True,"[0.1000000000000001, 0.2, 0.29999999999999993, 0.4]","[0.4799984800104797, 0.24000043999544013, 0.16000055999656015, 0.12000051999752008]",state_action_local,1,inf,5,0.05
6,265,Similarity-aware,1.0,2.960594732333751e-17,7.919590908992784e-16,4.440892098500626e-15,60,E[Agg(Q_xi)] - Agg(E[Q_xi]),True,"[0.1000000000000001, 0.2, 0.29999999999999993, 0.4]","[0.4799984800104797, 0.24000043999544013, 0.16000055999656015, 0.12000051999752008]",state_action_local,1,inf,5,0.05
6,270,Similarity-aware,1.0,-3.700743415417188e-17,7.105427357601002e-16,5.329070518200751e-15,60,E[Agg(Q_xi)] - Agg(E[Q_xi]),True,"[0.1000000000000001, 0.2, 0.29999999999999993, 0.4]","[0.4799984800104797, 0.24000043999544013, 0.16000055999656015, 0.12000051999752008]",state_action_local,1,inf,5,0.05
6,275,Similarity-aware,1.0,-1.6283271027835628e-16,7.105427357601002e-16,5.329070518200751e-15,60,E[Agg(Q_xi)] - Agg(E[Q_xi]),True,"[0.1000000000000001, 0.2, 0.29999999999999993, 0.4]","[0.4799984800104797, 0.24000043999544013, 0.16000055999656015, 0.12000051999752008]",state_action_local,1,inf,5,0.05
6,280,Similarity-aware,1.0,5.181040781584064e-17,7.253457094217689e-16,4.440892098500626e-15,60,E[Agg(Q_xi)] - Agg(E[Q_xi]),True,"[0.1000000000000001, 0.2, 0.29999999999999993, 0.4]","[0.4799984800104797, 0.24000043999544013, 0.16000055999656015, 0.12000051999752008]",state_action_local,1,inf,5,0.05
6,285,Similarity-aware,1.0,-3.700743415417188e-17,6.143234069592533e-16,5.329070518200751e-15,60,E[Agg(Q_xi)] - Agg(E[Q_xi]),True,"[0.1000000000000001, 0.2, 0.29999999999999993, 0.4]","[0.4799984800104797, 0.24000043999544013, 0.16000055999656015, 0.12000051999752008]",state_action_local,1,inf,5,0.05
6,290,Similarity-aware,1.0,-5.181040781584064e-17,6.069219201284189e-16,3.552713678800501e-15,60,E[Agg(Q_xi)] - Agg(E[Q_xi]),True,"[0.1000000000000001, 0.2, 0.29999999999999993, 0.4]","[0.4799984800104797, 0.24000043999544013, 0.16000055999656015, 0.12000051999752008]",state_action_local,1,inf,5,0.05
6,295,Similarity-aware,1.0,-2.812564995717063e-16,6.291263806209221e-16,5.329070518200751e-15,60,E[Agg(Q_xi)] - Agg(E[Q_xi]),True,"[0.1000000000000001, 0.2, 0.29999999999999993, 0.4]","[0.4799984800104797, 0.24000043999544013, 0.16000055999656015, 0.12000051999752008]",state_action_local,1,inf,5,0.05
6,300,Similarity-aware,1.0,7.401486830834377e-17,7.771561172376096e-16,4.440892098500626e-15,60,E[Agg(Q_xi)] - Agg(E[Q_xi]),True,"[0.1000000000000001, 0.2, 0.29999999999999993, 0.4]","[0.4799984800104797, 0.24000043999544013, 0.16000055999656015, 0.12000051999752008]",state_action_local,1,inf,5,0.05
6,305,Similarity-aware,1.0,-1.4802973661668754e-17,6.883382752675971e-16,6.217248937900877e-15,60,E[Agg(Q_xi)] - Agg(E[Q_xi]),True,"[0.1000000000000001, 0.2, 0.29999999999999993, 0.4]","[0.4799984800104797, 0.24000043999544013, 0.16000055999656015, 0.12000051999752008]",state_action_local,1,inf,5,0.05
6,310,Similarity-aware,1.0,4.4408920985006264e-17,7.623531435759408e-16,5.329070518200751e-15,60,E[Agg(Q_xi)] - Agg(E[Q_xi]),True,"[0.1000000000000001, 0.2, 0.29999999999999993, 0.4]","[0.4799984800104797, 0.24000043999544013, 0.16000055999656015, 0.12000051999752008]",state_action_local,1,inf,5,0.05
6,315,Similarity-aware,1.0,-2.2204460492503132e-17,6.809367884367627e-16,5.329070518200751e-15,60,E[Agg(Q_xi)] - Agg(E[Q_xi]),True,"[0.1000000000000001, 0.2, 0.29999999999999993, 0.4]","[0.4799984800104797, 0.24000043999544013, 0.16000055999656015, 0.12000051999752008]",state_action_local,1,inf,5,0.05
6,320,Similarity-aware,1.0,1.3322676295501878e-16,8.807769328692909e-16,4.440892098500626e-15,60,E[Agg(Q_xi)] - Agg(E[Q_xi]),True,"[0.1000000000000001, 0.2, 0.29999999999999993, 0.4]","[0.4799984800104797, 0.24000043999544013, 0.16000055999656015, 0.12000051999752008]",state_action_local,1,inf,5,0.05
6,325,Similarity-aware,1.0,-1.1842378929335003e-16,6.143234069592533e-16,5.329070518200751e-15,60,E[Agg(Q_xi)] - Agg(E[Q_xi]),True,"[0.1000000000000001, 0.2, 0.29999999999999993, 0.4]","[0.4799984800104797, 0.24000043999544013, 0.16000055999656015, 0.12000051999752008]",state_action_local,1,inf,5,0.05
6,330,Similarity-aware,1.0,3.182639337258782e-16,9.103828801926283e-16,6.217248937900877e-15,60,E[Agg(Q_xi)] - Agg(E[Q_xi]),True,"[0.1000000000000001, 0.2, 0.29999999999999993, 0.4]","[0.4799984800104797, 0.24000043999544013, 0.16000055999656015, 0.12000051999752008]",state_action_local,1,inf,5,0.05
6,335,Similarity-aware,1.0,1.3322676295501878e-16,7.845576040684439e-16,7.105427357601002e-15,60,E[Agg(Q_xi)] - Agg(E[Q_xi]),True,"[0.1000000000000001, 0.2, 0.29999999999999993, 0.4]","[0.4799984800104797, 0.24000043999544013, 0.16000055999656015, 0.12000051999752008]",state_action_local,1,inf,5,0.05
6,340,Similarity-aware,1.0,-1.7023419710919068e-16,7.031412489292658e-16,6.217248937900877e-15,60,E[Agg(Q_xi)] - Agg(E[Q_xi]),True,"[0.1000000000000001, 0.2, 0.29999999999999993, 0.4]","[0.4799984800104797, 0.24000043999544013, 0.16000055999656015, 0.12000051999752008]",state_action_local,1,inf,5,0.05
6,345,Similarity-aware,1.0,-7.401486830834377e-17,6.735353016059283e-16,5.329070518200751e-15,60,E[Agg(Q_xi)] - Agg(E[Q_xi]),True,"[0.1000000000000001, 0.2, 0.29999999999999993, 0.4]","[0.4799984800104797, 0.24000043999544013, 0.16000055999656015, 0.12000051999752008]",state_action_local,1,inf,5,0.05
6,350,Similarity-aware,1.0,-1.1842378929335003e-16,7.475501699142721e-16,5.329070518200751e-15,60,E[Agg(Q_xi)] - Agg(E[Q_xi]),True,"[0.1000000000000001, 0.2, 0.29999999999999993, 0.4]","[0.4799984800104797, 0.24000043999544013, 0.16000055999656015, 0.12000051999752008]",state_action_local,1,inf,5,0.05
6,355,Similarity-aware,1.0,-3.182639337258782e-16,6.957397620984314e-16,5.329070518200751e-15,60,E[Agg(Q_xi)] - Agg(E[Q_xi]),True,"[0.1000000000000001, 0.2, 0.29999999999999993, 0.4]","[0.4799984800104797, 0.24000043999544013, 0.16000055999656015, 0.12000051999752008]",state_action_local,1,inf,5,0.05
6,360,Similarity-aware,1.0,-1.554312234475219e-16,7.105427357601002e-16,7.105427357601002e-15,60,E[Agg(Q_xi)] - Agg(E[Q_xi]),True,"[0.1000000000000001, 0.2, 0.29999999999999993, 0.4]","[0.4799984800104797, 0.24000043999544013, 0.16000055999656015, 0.12000051999752008]",state_action_local,1,inf,5,0.05
6,365,Similarity-aware,1.0,-2.4424906541753446e-16,7.401486830834377e-16,5.329070518200751e-15,60,E[Agg(Q_xi)] - Agg(E[Q_xi]),True,"[0.1000000000000001, 0.2, 0.29999999999999993, 0.4]","[0.4799984800104797, 0.24000043999544013, 0.16000055999656015, 0.12000051999752008]",state_action_local,1,inf,5,0.05
6,370,Similarity-aware,1.0,-7.401486830834377e-18,5.847174596359158e-16,5.329070518200751e-15,60,E[Agg(Q_xi)] - Agg(E[Q_xi]),True,"[0.1000000000000001, 0.2, 0.29999999999999993, 0.4]","[0.4799984800104797, 0.24000043999544013, 0.16000055999656015, 0.12000051999752008]",state_action_local,1,inf,5,0.05
6,375,Similarity-aware,1.0,2.2204460492503132e-17,8.141635513917814e-16,5.329070518200751e-15,60,E[Agg(Q_xi)] - Agg(E[Q_xi]),True,"[0.1000000000000001, 0.2, 0.29999999999999993, 0.4]","[0.4799984800104797, 0.24000043999544013, 0.16000055999656015, 0.12000051999752008]",state_action_local,1,inf,5,0.05
6,380,Similarity-aware,1.0,-1.4062824978585316e-16,7.327471962526033e-16,5.329070518200751e-15,60,E[Agg(Q_xi)] - Agg(E[Q_xi]),True,"[0.1000000000000001, 0.2, 0.29999999999999993, 0.4]","[0.4799984800104797, 0.24000043999544013, 0.16000055999656015, 0.12000051999752008]",state_action_local,1,inf,5,0.05
6,385,Similarity-aware,1.0,-7.401486830834377e-18,8.881784197001252e-16,5.329070518200751e-15,60,E[Agg(Q_xi)] - Agg(E[Q_xi]),True,"[0.1000000000000001, 0.2, 0.29999999999999993, 0.4]","[0.4799984800104797, 0.24000043999544013, 0.16000055999656015, 0.12000051999752008]",state_action_local,1,inf,5,0.05
6,390,Similarity-aware,1.0,1.0362081563168128e-16,8.733754460384564e-16,7.105427357601002e-15,60,E[Agg(Q_xi)] - Agg(E[Q_xi]),True,"[0.1000000000000001, 0.2, 0.29999999999999993, 0.4]","[0.4799984800104797, 0.24000043999544013, 0.16000055999656015, 0.12000051999752008]",state_action_local,1,inf,5,0.05
6,395,Similarity-aware,1.0,-2.220446049250313e-16,7.845576040684439e-16,5.329070518200751e-15,60,E[Agg(Q_xi)] - Agg(E[Q_xi]),True,"[0.1000000000000001, 0.2, 0.29999999999999993, 0.4]","[0.4799984800104797, 0.24000043999544013, 0.16000055999656015, 0.12000051999752008]",state_action_local,1,inf,5,0.05
6,400,Similarity-aware,1.0,2.3684757858670006e-16,9.325873406851315e-16,3.552713678800501e-15,60,E[Agg(Q_xi)] - Agg(E[Q_xi]),True,"[0.1000000000000001, 0.2, 0.29999999999999993, 0.4]","[0.4799984800104797, 0.24000043999544013, 0.16000055999656015, 0.12000051999752008]",state_action_local,1,inf,5,0.05
7,5,Maximum-based,1.0,0.05840168105676438,0.05840168105676438,0.07261698102713592,60,E[Agg(Q_xi)] - Agg(E[Q_xi]),True,"[0.1000000000000001, 0.20000000000000004, 0.3000000000000001, 0.4]","[0.4799984800104797, 0.24000043999544013, 0.16000055999656007, 0.12000051999752008]",state_action_local,1,inf,5,0.05
7,10,Maximum-based,1.0,0.05591993171191132,0.05591993171191132,0.07375987856547384,60,E[Agg(Q_xi)] - Agg(E[Q_xi]),True,"[0.1000000000000001, 0.20000000000000004, 0.3000000000000001, 0.4]","[0.4799984800104797, 0.24000043999544013, 0.16000055999656007, 0.12000051999752008]",state_action_local,1,inf,5,0.05
7,15,Maximum-based,1.0,0.05517286559180407,0.05517286559180407,0.07034653746079556,60,E[Agg(Q_xi)] - Agg(E[Q_xi]),True,"[0.1000000000000001, 0.20000000000000004, 0.3000000000000001, 0.4]","[0.4799984800104797, 0.24000043999544013, 0.16000055999656007, 0.12000051999752008]",state_action_local,1,inf,5,0.05
7,20,Maximum-based,1.0,0.054129897860906766,0.054129897860906766,0.06699230355131797,60,E[Agg(Q_xi)] - Agg(E[Q_xi]),True,"[0.1000000000000001, 0.20000000000000004, 0.3000000000000001, 0.4]","[0.4799984800104797, 0.24000043999544013, 0.16000055999656007, 0.12000051999752008]",state_action_local,1,inf,5,0.05
7,25,Maximum-based,1.0,0.05350856962846451,0.05350856962846451,0.06673617731304593,60,E[Agg(Q_xi)] - Agg(E[Q_xi]),True,"[0.1000000000000001, 0.20000000000000004, 0.3000000000000001, 0.4]","[0.4799984800104797, 0.24000043999544013, 0.16000055999656007, 0.12000051999752008]",state_action_local,1,inf,5,0.05
7,30,Maximum-based,1.0,0.05306923464737044,0.05306923464737044,0.06270134253666537,60,E[Agg(Q_xi)] - Agg(E[Q_xi]),True,"[0.1000000000000001, 0.20000000000000004, 0.3000000000000001, 0.4]","[0.4799984800104797, 0.24000043999544013, 0.16000055999656007, 0.12000051999752008]",state_action_local,1,inf,5,0.05
7,35,Maximum-based,1.0,0.052654615607485175,0.052654615607485175,0.0641897601676642,60,E[Agg(Q_xi)] - Agg(E[Q_xi]),True,"[0.1000000000000001, 0.20000000000000004, 0.3000000000000001, 0.4]","[0.4799984800104797, 0.24000043999544013, 0.16000055999656007, 0.12000051999752008]",state_action_local,1,inf,5,0.05
7,40,Maximum-based,1.0,0.052486420692336284,0.052486420692336284,0.06551652264461705,60,E[Agg(Q_xi)] - Agg(E[Q_xi]),True,"[0.1000000000000001, 0.20000000000000004, 0.3000000000000001, 0.4]","[0.4799984800104797, 0.24000043999544013, 0.16000055999656007, 0.12000051999752008]",state_action_local,1,inf,5,0.05
7,45,Maximum-based,1.0,0.05126448206362004,0.05126448206362004,0.061826086046143924,60,E[Agg(Q_xi)] - Agg(E[Q_xi]),True,"[0.1000000000000001, 0.20000000000000004, 0.3000000000000001, 0.4]","[0.4799984800104797, 0.24000043999544013, 0.16000055999656007, 0.12000051999752008]",state_action_local,1,inf,5,0.05
7,50,Maximum-based,1.0,0.05174695350263397,0.05174695350263397,0.06398620066695226,60,E[Agg(Q_xi)] - Agg(E[Q_xi]),True,"[0.1000000000000001, 0.20000000000000004, 0.3000000000000001, 0.4]","[0.4799984800104797, 0.24000043999544013, 0.16000055999656007, 0.12000051999752008]",state_action_local,1,inf,5,0.05
7,55,Maximum-based,1.0,0.05145407575398964,0.05145407575398964,0.06418234918816301,60,E[Agg(Q_xi)] - Agg(E[Q_xi]),True,"[0.1000000000000001, 0.20000000000000004, 0.3000000000000001, 0.4]","[0.4799984800104797, 0.24000043999544013, 0.16000055999656007, 0.12000051999752008]",state_action_local,1,inf,5,0.05
7,60,Maximum-based,1.0,0.051750605581450344,0.051750605581450344,0.06146640583519192,60,E[Agg(Q_xi)] - Agg(E[Q_xi]),True,"[0.1000000000000001, 0.20000000000000004, 0.3000000000000001, 0.4]","[0.4799984800104797, 0.24000043999544013, 0.16000055999656007, 0.12000051999752008]",state_action_local,1,inf,5,0.05
7,65,Maximum-based,1.0,0.05119135101538895,0.05119135101538895,0.06463029623675887,60,E[Agg(Q_xi)] - Agg(E[Q_xi]),True,"[0.1000000000000001, 0.20000000000000004, 0.3000000000000001, 0.4]","[0.4799984800104797, 0.24000043999544013, 0.16000055999656007, 0.12000051999752008]",state_action_local,1,inf,5,0.05
7,70,Maximum-based,1.0,0.05180509276089586,0.05180509276089586,0.06461238384136658,60,E[Agg(Q_xi)] - Agg(E[Q_xi]),True,"[0.1000000000000001, 0.20000000000000004, 0.3000000000000001, 0.4]","[0.4799984800104797, 0.24000043999544013, 0.16000055999656007, 0.12000051999752008]",state_action_local,1,inf,5,0.05
7,75,Maximum-based,1.0,0.05223520843946991,0.05223520843946991,0.06385421574914041,60,E[Agg(Q_xi)] - Agg(E[Q_xi]),True,"[0.1000000000000001, 0.20000000000000004, 0.3000000000000001, 0.4]","[0.4799984800104797, 0.24000043999544013, 0.16000055999656007, 0.12000051999752008]",state_action_local,1,inf,5,0.05
7,80,Maximum-based,1.0,0.05129376558388902,0.05129376558388902,0.06331459330320444,60,E[Agg(Q_xi)] - Agg(E[Q_xi]),True,"[0.1000000000000001, 0.20000000000000004, 0.3000000000000001, 0.4]","[0.4799984800104797, 0.24000043999544013, 0.16000055999656007, 0.12000051999752008]",state_action_local,1,inf,5,0.05
7,85,Maximum-based,1.0,0.05128769098141258,0.05128769098141258,0.06361977260157037,60,E[Agg(Q_xi)] - Agg(E[Q_xi]),True,"[0.1000000000000001, 0.20000000000000004, 0.3000000000000001, 0.4]","[0.4799984800104797, 0.24000043999544013, 0.16000055999656007, 0.12000051999752008]",state_action_local,1,inf,5,0.05
7,90,Maximum-based,1.0,0.051311800692325736,0.051311800692325736,0.06484366876412251,60,E[Agg(Q_xi)] - Agg(E[Q_xi]),True,"[0.1000000000000001, 0.20000000000000004, 0.3000000000000001, 0.4]","[0.4799984800104797, 0.24000043999544013, 0.16000055999656007, 0.12000051999752008]",state_action_local,1,inf,5,0.05
7,95,Maximum-based,1.0,0.05117813715381857,0.05117813715381857,0.06496039111753049,60,E[Agg(Q_xi)] - Agg(E[Q_xi]),True,"[0.1000000000000001, 0.20000000000000004, 0.3000000000000001, 0.4]","[0.4799984800104797, 0.24000043999544013, 0.16000055999656007, 0.12000051999752008]",state_action_local,1,inf,5,0.05
7,100,Maximum-based,1.0,0.05117687542634169,0.05117687542634169,0.06450426577558588,60,E[Agg(Q_xi)] - Agg(E[Q_xi]),True,"[0.1000000000000001, 0.20000000000000004, 0.3000000000000001, 0.4]","[0.4799984800104797, 0.24000043999544013, 0.16000055999656007, 0.12000051999752008]",state_action_local,1,inf,5,0.05
7,105,Maximum-based,1.0,0.051044669645690766,0.051044669645690766,0.06618561310505822,60,E[Agg(Q_xi)] - Agg(E[Q_xi]),True,"[0.1000000000000001, 0.20000000000000004, 0.3000000000000001, 0.4]","[0.4799984800104797, 0.24000043999544013, 0.16000055999656007, 0.12000051999752008]",state_action_local,1,inf,5,0.05
7,110,Maximum-based,1.0,0.05092890847876365,0.05092890847876365,0.07002416627070396,60,E[Agg(Q_xi)] - Agg(E[Q_xi]),True,"[0.1000000000000001, 0.20000000000000004, 0.3000000000000001, 0.4]","[0.4799984800104797, 0.24000043999544013, 0.16000055999656007, 0.12000051999752008]",state_action_local,1,inf,5,0.05
7,115,Maximum-based,1.0,0.05100049108180361,0.05100049108180361,0.06984589223331117,60,E[Agg(Q_xi)] - Agg(E[Q_xi]),True,"[0.1000000000000001, 0.20000000000000004, 0.3000000000000001, 0.4]","[0.4799984800104797, 0.24000043999544013, 0.16000055999656007, 0.12000051999752008]",state_action_local,1,inf,5,0.05
7,120,Maximum-based,1.0,0.05125339617076762,0.05125339617076762,0.0620710002311462,60,E[Agg(Q_xi)] - Agg(E[Q_xi]),True,"[0.1000000000000001, 0.20000000000000004, 0.3000000000000001, 0.4]","[0.4799984800104797, 0.24000043999544013, 0.16000055999656007, 0.12000051999752008]",state_action_local,1,inf,5,0.05
7,125,Maximum-based,1.0,0.05097865027591837,0.05097865027591837,0.06383440405117824,60,E[Agg(Q_xi)] - Agg(E[Q_xi]),True,"[0.1000000000000001, 0.20000000000000004, 0.3000000000000001, 0.4]","[0.4799984800104797, 0.24000043999544013, 0.16000055999656007, 0.12000051999752008]",state_action_local,1,inf,5,0.05
7,130,Maximum-based,1.0,0.051169602321379,0.051169602321379,0.06197491972171232,60,E[Agg(Q_xi)] - Agg(E[Q_xi]),True,"[0.1000000000000001, 0.20000000000000004, 0.3000000000000001, 0.4]","[0.4799984800104797, 0.24000043999544013, 0.16000055999656007, 0.12000051999752008]",state_action_local,1,inf,5,0.05
7,135,Maximum-based,1.0,0.051102745566518865,0.051102745566518865,0.06260073264668531,60,E[Agg(Q_xi)] - Agg(E[Q_xi]),True,"[0.1000000000000001, 0.20000000000000004, 0.3000000000000001, 0.4]","[0.4799984800104797, 0.24000043999544013, 0.16000055999656007, 0.12000051999752008]",state_action_local,1,inf,5,0.05
7,140,Maximum-based,1.0,0.05040320481201241,0.05040320481201241,0.06239884115359562,60,E[Agg(Q_xi)] - Agg(E[Q_xi]),True,"[0.1000000000000001, 0.20000000000000004, 0.3000000000000001, 0.4]","[0.4799984800104797, 0.24000043999544013, 0.16000055999656007, 0.12000051999752008]",state_action_local,1,inf,5,0.05
7,145,Maximum-based,1.0,0.05089492084423797,0.05089492084423797,0.060511968891700185,60,E[Agg(Q_xi)] - Agg(E[Q_xi]),True,"[0.1000000000000001, 0.20000000000000004, 0.3000000000000001, 0.4]","[0.4799984800104797, 0.24000043999544013, 0.16000055999656007, 0.12000051999752008]",state_action_local,1,inf,5,0.05
7,150,Maximum-based,1.0,0.050801631462530264,0.050801631462530264,0.06259818514912752,60,E[Agg(Q_xi)] - Agg(E[Q_xi]),True,"[0.1000000000000001, 0.20000000000000004, 0.3000000000000001, 0.4]","[0.4799984800104797, 0.24000043999544013, 0.16000055999656007, 0.12000051999752008]",state_action_local,1,inf,5,0.05
7,155,Maximum-based,1.0,0.051058452862585244,0.051058452862585244,0.06647755463521499,60,E[Agg(Q_xi)] - Agg(E[Q_xi]),True,"[0.1000000000000001, 0.20000000000000004, 0.3000000000000001, 0.4]","[0.4799984800104797, 0.24000043999544013, 0.16000055999656007, 0.12000051999752008]",state_action_local,1,inf,5,0.05
7,160,Maximum-based,1.0,0.050761644256735475,0.050761644256735475,0.0681403368450555,60,E[Agg(Q_xi)] - Agg(E[Q_xi]),True,"[0.1000000000000001, 0.20000000000000004, 0.3000000000000001, 0.4]","[0.4799984800104797, 0.24000043999544013, 0.16000055999656007, 0.12000051999752008]",state_action_local,1,inf,5,0.05
7,165,Maximum-based,1.0,0.05103588430742164,0.05103588430742164,0.06392530732282875,60,E[Agg(Q_xi)] - Agg(E[Q_xi]),True,"[0.1000000000000001, 0.20000000000000004, 0.3000000000000001, 0.4]","[0.4799984800104797, 0.24000043999544013, 0.16000055999656007, 0.12000051999752008]",state_action_local,1,inf,5,0.05
7,170,Maximum-based,1.0,0.051093958246210304,0.051093958246210304,0.061896622646171906,60,E[Agg(Q_xi)] - Agg(E[Q_xi]),True,"[0.1000000000000001, 0.20000000000000004, 0.3000000000000001, 0.4]","[0.4799984800104797, 0.24000043999544013, 0.16000055999656007, 0.12000051999752008]",state_action_local,1,inf,5,0.05
7,175,Maximum-based,1.0,0.05031236374079973,0.05031236374079973,0.060859276087249725,60,E[Agg(Q_xi)] - Agg(E[Q_xi]),True,"[0.1000000000000001, 0.20000000000000004, 0.3000000000000001, 0.4]","[0.4799984800104797, 0.24000043999544013, 0.16000055999656007, 0.12000051999752008]",state_action_local,1,inf,5,0.05
7,180,Maximum-based,1.0,0.05092698815730015,0.05092698815730015,0.059977865934541796,60,E[Agg(Q_xi)] - Agg(E[Q_xi]),True,"[0.1000000000000001, 0.20000000000000004, 0.3000000000000001, 0.4]","[0.4799984800104797, 0.24000043999544013, 0.16000055999656007, 0.12000051999752008]",state_action_local,1,inf,5,0.05
7,185,Maximum-based,1.0,0.05056034105962941,0.05056034105962941,0.06121375852427846,60,E[Agg(Q_xi)] - Agg(E[Q_xi]),True,"[0.1000000000000001, 0.20000000000000004, 0.3000000000000001, 0.4]","[0.4799984800104797, 0.24000043999544013, 0.16000055999656007, 0.12000051999752008]",state_action_local,1,inf,5,0.05
7,190,Maximum-based,1.0,0.05114304997063914,0.05114304997063914,0.06324349981867794,60,E[Agg(Q_xi)] - Agg(E[Q_xi]),True,"[0.1000000000000001, 0.20000000000000004, 0.3000000000000001, 0.4]","[0.4799984800104797, 0.24000043999544013, 0.16000055999656007, 0.12000051999752008]",state_action_local,1,inf,5,0.05
7,195,Maximum-based,1.0,0.050735784615819464,0.050735784615819464,0.06572863237901139,60,E[Agg(Q_xi)] - Agg(E[Q_xi]),True,"[0.1000000000000001, 0.20000000000000004, 0.3000000000000001, 0.4]","[0.4799984800104797, 0.24000043999544013, 0.16000055999656007, 0.12000051999752008]",state_action_local,1,inf,5,0.05
7,200,Maximum-based,1.0,0.051231837555590534,0.051231837555590534,0.0647629567223289,60,E[Agg(Q_xi)] - Agg(E[Q_xi]),True,"[0.1000000000000001, 0.20000000000000004, 0.3000000000000001, 0.4]","[0.4799984800104797, 0.24000043999544013, 0.16000055999656007, 0.12000051999752008]",state_action_local,1,inf,5,0.05
7,205,Maximum-based,1.0,0.05113729413802362,0.05113729413802362,0.06599425660481106,60,E[Agg(Q_xi)] - Agg(E[Q_xi]),True,"[0.1000000000000001, 0.20000000000000004, 0.3000000000000001, 0.4]","[0.4799984800104797, 0.24000043999544013, 0.16000055999656007, 0.12000051999752008]",state_action_local,1,inf,5,0.05
7,210,Maximum-based,1.0,0.051355413502141595,0.051355413502141595,0.06389261046518158,60,E[Agg(Q_xi)] - Agg(E[Q_xi]),True,"[0.1000000000000001, 0.20000000000000004, 0.3000000000000001, 0.4]","[0.4799984800104797, 0.24000043999544013, 0.16000055999656007, 0.12000051999752008]",state_action_local,1,inf,5,0.05
7,215,Maximum-based,1.0,0.050711672905098475,0.050711672905098475,0.06542702597432815,60,E[Agg(Q_xi)] - Agg(E[Q_xi]),True,"[0.1000000000000001, 0.20000000000000004, 0.3000000000000001, 0.4]","[0.4799984800104797, 0.24000043999544013, 0.16000055999656007, 0.12000051999752008]",state_action_local,1,inf,5,0.05
7,220,Maximum-based,1.0,0.0509516353362511,0.0509516353362511,0.06091890624306906,60,E[Agg(Q_xi)] - Agg(E[Q_xi]),True,"[0.1000000000000001, 0.20000000000000004, 0.3000000000000001, 0.4]","[0.4799984800104797, 0.24000043999544013, 0.16000055999656007, 0.12000051999752008]",state_action_local,1,inf,5,0.05
7,225,Maximum-based,1.0,0.0508783990406436,0.0508783990406436,0.0641000580564679,60,E[Agg(Q_xi)] - Agg(E[Q_xi]),True,"[0.1000000000000001, 0.20000000000000004, 0.3000000000000001, 0.4]","[0.4799984800104797, 0.24000043999544013, 0.16000055999656007, 0.12000051999752008]",state_action_local,1,inf,5,0.05
7,230,Maximum-based,1.0,0.05129735296726003,0.05129735296726003,0.06349679872509917,60,E[Agg(Q_xi)] - Agg(E[Q_xi]),True,"[0.1000000000000001, 0.20000000000000004, 0.3000000000000001, 0.4]","[0.4799984800104797, 0.24000043999544013, 0.16000055999656007, 0.12000051999752008]",state_action_local,1,inf,5,0.05
7,235,Maximum-based,1.0,0.05124186641250138,0.05124186641250138,0.0631164641829276,60,E[Agg(Q_xi)] - Agg(E[Q_xi]),True,"[0.1000000000000001, 0.20000000000000004, 0.3000000000000001, 0.4]","[0.4799984800104797, 0.24000043999544013, 0.16000055999656007, 0.12000051999752008]",state_action_local,1,inf,5,0.05
7,240,Maximum-based,1.0,0.05101592900455259,0.05101592900455259,0.060849741617687414,60,E[Agg(Q_xi)] - Agg(E[Q_xi]),True,"[0.1000000000000001, 0.20000000000000004, 0.3000000000000001, 0.4]","[0.4799984800104797, 0.24000043999544013, 0.16000055999656007, 0.12000051999752008]",state_action_local,1,inf,5,0.05
7,245,Maximum-based,1.0,0.050414597828184825,0.050414597828184825,0.0652702240324814,60,E[Agg(Q_xi)] - Agg(E[Q_xi]),True,"[0.1000000000000001, 0.20000000000000004, 0.3000000000000001, 0.4]","[0.4799984800104797, 0.24000043999544013, 0.16000055999656007, 0.12000051999752008]",state_action_local,1,inf,5,0.05
7,250,Maximum-based,1.0,0.051236548897784825,0.051236548897784825,0.06244572762653888,60,E[Agg(Q_xi)] - Agg(E[Q_xi]),True,"[0.1000000000000001, 0.20000000000000004, 0.3000000000000001, 0.4]","[0.4799984800104797, 0.24000043999544013, 0.16000055999656007, 0.12000051999752008]",state_action_local,1,inf,5,0.05
7,255,Maximum-based,1.0,0.050569724634306056,0.050569724634306056,0.060326584609212475,60,E[Agg(Q_xi)] - Agg(E[Q_xi]),True,"[0.1000000000000001, 0.20000000000000004, 0.3000000000000001, 0.4]","[0.4799984800104797, 0.24000043999544013, 0.16000055999656007, 0.12000051999752008]",state_action_local,1,inf,5,0.05
7,260,Maximum-based,1.0,0.05054909989425389,0.05054909989425389,0.06400377141184421,60,E[Agg(Q_xi)] - Agg(E[Q_xi]),True,"[0.1000000000000001, 0.20000000000000004, 0.3000000000000001, 0.4]","[0.4799984800104797, 0.24000043999544013, 0.16000055999656007, 0.12000051999752008]",state_action_local,1,inf,5,0.05
7,265,Maximum-based,1.0,0.05057379952294732,0.05057379952294732,0.06309274088452987,60,E[Agg(Q_xi)] - Agg(E[Q_xi]),True,"[0.1000000000000001, 0.20000000000000004, 0.3000000000000001, 0.4]","[0.4799984800104797, 0.24000043999544013, 0.16000055999656007, 0.12000051999752008]",state_action_local,1,inf,5,0.05
7,270,Maximum-based,1.0,0.051256913070222794,0.051256913070222794,0.062337887831137806,60,E[Agg(Q_xi)] - Agg(E[Q_xi]),True,"[0.1000000000000001, 0.20000000000000004, 0.3000000000000001, 0.4]","[0.4799984800104797, 0.24000043999544013, 0.16000055999656007, 0.12000051999752008]",state_action_local,1,inf,5,0.05
7,275,Maximum-based,1.0,0.05060442877125833,0.05060442877125833,0.06405973440848278,60,E[Agg(Q_xi)] - Agg(E[Q_xi]),True,"[0.1000000000000001, 0.20000000000000004, 0.3000000000000001, 0.4]","[0.4799984800104797, 0.24000043999544013, 0.16000055999656007, 0.12000051999752008]",state_action_local,1,inf,5,0.05
7,280,Maximum-based,1.0,0.05090061571594633,0.05090061571594633,0.06324850697941109,60,E[Agg(Q_xi)] - Agg(E[Q_xi]),True,"[0.1000000000000001, 0.20000000000000004, 0.3000000000000001, 0.4]","[0.4799984800104797, 0.24000043999544013, 0.16000055999656007, 0.12000051999752008]",state_action_local,1,inf,5,0.05
7,285,Maximum-based,1.0,0.050139492182720055,0.050139492182720055,0.06272631140536333,60,E[Agg(Q_xi)] - Agg(E[Q_xi]),True,"[0.1000000000000001, 0.20000000000000004, 0.3000000000000001, 0.4]","[0.4799984800104797, 0.24000043999544013, 0.16000055999656007, 0.12000051999752008]",state_action_local,1,inf,5,0.05
7,290,Maximum-based,1.0,0.05100045904384931,0.05100045904384931,0.0617035447046721,60,E[Agg(Q_xi)] - Agg(E[Q_xi]),True,"[0.1000000000000001, 0.20000000000000004, 0.3000000000000001, 0.4]","[0.4799984800104797, 0.24000043999544013, 0.16000055999656007, 0.12000051999752008]",state_action_local,1,inf,5,0.05
7,295,Maximum-based,1.0,0.05044511361832917,0.05044511361832917,0.06421113846169746,60,E[Agg(Q_xi)] - Agg(E[Q_xi]),True,"[0.1000000000000001, 0.20000000000000004, 0.3000000000000001, 0.4]","[0.4799984800104797, 0.24000043999544013, 0.16000055999656007, 0.12000051999752008]",state_action_local,1,inf,5,0.05
7,300,Maximum-based,1.0,0.050735525310380725,0.050735525310380725,0.06424572192026723,60,E[Agg(Q_xi)] - Agg(E[Q_xi]),True,"[0.1000000000000001, 0.20000000000000004, 0.3000000000000001, 0.4]","[0.4799984800104797, 0.24000043999544013, 0.16000055999656007, 0.12000051999752008]",state_action_local,1,inf,5,0.05
7,305,Maximum-based,1.0,0.05157211752681524,0.05157211752681524,0.0644455070509995,60,E[Agg(Q_xi)] - Agg(E[Q_xi]),True,"[0.1000000000000001, 0.20000000000000004, 0.3000000000000001, 0.4]","[0.4799984800104797, 0.24000043999544013, 0.16000055999656007, 0.12000051999752008]",state_action_local,1,inf,5,0.05
7,310,Maximum-based,1.0,0.05080951431227496,0.05080951431227496,0.06014898852546047,60,E[Agg(Q_xi)] - Agg(E[Q_xi]),True,"[0.1000000000000001, 0.20000000000000004, 0.3000000000000001, 0.4]","[0.4799984800104797, 0.24000043999544013, 0.16000055999656007, 0.12000051999752008]",state_action_local,1,inf,5,0.05
7,315,Maximum-based,1.0,0.05071725705099423,0.05071725705099423,0.06350338447001747,60,E[Agg(Q_xi)] - Agg(E[Q_xi]),True,"[0.1000000000000001, 0.20000000000000004, 0.3000000000000001, 0.4]","[0.4799984800104797, 0.24000043999544013, 0.16000055999656007, 0.12000051999752008]",state_action_local,1,inf,5,0.05
7,320,Maximum-based,1.0,0.05024500114560338,0.05024500114560338,0.059786905549000124,60,E[Agg(Q_xi)] - Agg(E[Q_xi]),True,"[0.1000000000000001, 0.20000000000000004, 0.3000000000000001, 0.4]","[0.4799984800104797, 0.24000043999544013, 0.16000055999656007, 0.12000051999752008]",state_action_local,1,inf,5,0.05
7,325,Maximum-based,1.0,0.05078054036211864,0.05078054036211864,0.06395681866615632,60,E[Agg(Q_xi)] - Agg(E[Q_xi]),True,"[0.1000000000000001, 0.20000000000000004, 0.3000000000000001, 0.4]","[0.4799984800104797, 0.24000043999544013, 0.16000055999656007, 0.12000051999752008]",state_action_local,1,inf,5,0.05
7,330,Maximum-based,1.0,0.050723182896770976,0.050723182896770976,0.06587701791639766,60,E[Agg(Q_xi)] - Agg(E[Q_xi]),True,"[0.1000000000000001, 0.20000000000000004, 0.3000000000000001, 0.4]","[0.4799984800104797, 0.24000043999544013, 0.16000055999656007, 0.12000051999752008]",state_action_local,1,inf,5,0.05
7,335,Maximum-based,1.0,0.05086716274382927,0.05086716274382927,0.06910819278798286,60,E[Agg(Q_xi)] - Agg(E[Q_xi]),True,"[0.1000000000000001, 0.20000000000000004, 0.3000000000000001, 0.4]","[0.4799984800104797, 0.24000043999544013, 0.16000055999656007, 0.12000051999752008]",state_action_local,1,inf,5,0.05
7,340,Maximum-based,1.0,0.05043459685640132,0.05043459685640132,0.062155747938232864,60,E[Agg(Q_xi)] - Agg(E[Q_xi]),True,"[0.1000000000000001, 0.20000000000000004, 0.3000000000000001, 0.4]","[0.4799984800104797, 0.24000043999544013, 0.16000055999656007, 0.12000051999752008]",state_action_local,1,inf,5,0.05
7,345,Maximum-based,1.0,0.05121718179865547,0.05121718179865547,0.062103564955455326,60,E[Agg(Q_xi)] - Agg(E[Q_xi]),True,"[0.1000000000000001, 0.20000000000000004, 0.3000000000000001, 0.4]","[0.4799984800104797, 0.24000043999544013, 0.16000055999656007, 0.12000051999752008]",state_action_local,1,inf,5,0.05
7,350,Maximum-based,1.0,0.05091457665024241,0.05091457665024241,0.06143254264210363,60,E[Agg(Q_xi)] - Agg(E[Q_xi]),True,"[0.1000000000000001, 0.20000000000000004, 0.3000000000000001, 0.4]","[0.4799984800104797, 0.24000043999544013, 0.16000055999656007, 0.12000051999752008]",state_action_local,1,inf,5,0.05
7,355,Maximum-based,1.0,0.05178735593360169,0.05178735593360169,0.06318056345665113,60,E[Agg(Q_xi)] - Agg(E[Q_xi]),True,"[0.1000000000000001, 0.20000000000000004, 0.3000000000000001, 0.4]","[0.4799984800104797, 0.24000043999544013, 0.16000055999656007, 0.12000051999752008]",state_action_local,1,inf,5,0.05
7,360,Maximum-based,1.0,0.05130218063975966,0.05130218063975966,0.06880225839554122,60,E[Agg(Q_xi)] - Agg(E[Q_xi]),True,"[0.1000000000000001, 0.20000000000000004, 0.3000000000000001, 0.4]","[0.4799984800104797, 0.24000043999544013, 0.16000055999656007, 0.12000051999752008]",state_action_local,1,inf,5,0.05
7,365,Maximum-based,1.0,0.05109505420804942,0.05109505420804942,0.06697672013257083,60,E[Agg(Q_xi)] - Agg(E[Q_xi]),True,"[0.1000000000000001, 0.20000000000000004, 0.3000000000000001, 0.4]","[0.4799984800104797, 0.24000043999544013, 0.16000055999656007, 0.12000051999752008]",state_action_local,1,inf,5,0.05
7,370,Maximum-based,1.0,0.051234648910086424,0.051234648910086424,0.0673810942746762,60,E[Agg(Q_xi)] - Agg(E[Q_xi]),True,"[0.1000000000000001, 0.20000000000000004, 0.3000000000000001, 0.4]","[0.4799984800104797, 0.24000043999544013, 0.16000055999656007, 0.12000051999752008]",state_action_local,1,inf,5,0.05
7,375,Maximum-based,1.0,0.051132448207516376,0.051132448207516376,0.060964517531903795,60,E[Agg(Q_xi)] - Agg(E[Q_xi]),True,"[0.1000000000000001, 0.20000000000000004, 0.3000000000000001, 0.4]","[0.4799984800104797, 0.24000043999544013, 0.16000055999656007, 0.12000051999752008]",state_action_local,1,inf,5,0.05
7,380,Maximum-based,1.0,0.05024229627605193,0.05024229627605193,0.06292966550714496,60,E[Agg(Q_xi)] - Agg(E[Q_xi]),True,"[0.1000000000000001, 0.20000000000000004, 0.3000000000000001, 0.4]","[0.4799984800104797, 0.24000043999544013, 0.16000055999656007, 0.12000051999752008]",state_action_local,1,inf,5,0.05
7,385,Maximum-based,1.0,0.05083228673810155,0.05083228673810155,0.063060764660813,60,E[Agg(Q_xi)] - Agg(E[Q_xi]),True,"[0.1000000000000001, 0.20000000000000004, 0.3000000000000001, 0.4]","[0.4799984800104797, 0.24000043999544013, 0.16000055999656007, 0.12000051999752008]",state_action_local,1,inf,5,0.05
7,390,Maximum-based,1.0,0.05092694519357363,0.05092694519357363,0.06419812121628787,60,E[Agg(Q_xi)] - Agg(E[Q_xi]),True,"[0.1000000000000001, 0.20000000000000004, 0.3000000000000001, 0.4]","[0.4799984800104797, 0.24000043999544013, 0.16000055999656007, 0.12000051999752008]",state_action_local,1,inf,5,0.05
7,395,Maximum-based,1.0,0.050815549868361225,0.050815549868361225,0.06356101993218921,60,E[Agg(Q_xi)] - Agg(E[Q_xi]),True,"[0.1000000000000001, 0.20000000000000004, 0.3000000000000001, 0.4]","[0.4799984800104797, 0.24000043999544013, 0.16000055999656007, 0.12000051999752008]",state_action_local,1,inf,5,0.05
7,400,Maximum-based,1.0,0.051297283184617445,0.051297283184617445,0.06387633884016353,60,E[Agg(Q_xi)] - Agg(E[Q_xi]),True,"[0.1000000000000001, 0.20000000000000004, 0.3000000000000001, 0.4]","[0.4799984800104797, 0.24000043999544013, 0.16000055999656007, 0.12000051999752008]",state_action_local,1,inf,5,0.05
7,5,Similarity-aware,1.0,-2.023844055306275e-19,1.2692393432563638e-17,1.3877787807814457e-16,60,E[Agg(Q_xi)] - Agg(E[Q_xi]),True,"[0.1000000000000001, 0.20000000000000004, 0.3000000000000001, 0.4]","[0.4799984800104797, 0.24000043999544013, 0.16000055999656007, 0.12000051999752008]",state_action_local,1,inf,5,0.05
7,10,Similarity-aware,1.0,-4.741577501003273e-18,2.544261098099317e-17,2.220446049250313e-16,60,E[Agg(Q_xi)] - Agg(E[Q_xi]),True,"[0.1000000000000001, 0.20000000000000004, 0.3000000000000001, 0.4]","[0.4799984800104797, 0.24000043999544013, 0.16000055999656007, 0.12000051999752008]",state_action_local,1,inf,5,0.05
7,15,Similarity-aware,1.0,-1.3646491344350882e-17,4.070817756958907e-17,4.440892098500626e-16,60,E[Agg(Q_xi)] - Agg(E[Q_xi]),True,"[0.1000000000000001, 0.20000000000000004, 0.3000000000000001, 0.4]","[0.4799984800104797, 0.24000043999544013, 0.16000055999656007, 0.12000051999752008]",state_action_local,1,inf,5,0.05
7,20,Similarity-aware,1.0,-7.401486830834377e-18,4.9960036108132046e-17,5.551115123125783e-16,60,E[Agg(Q_xi)] - Agg(E[Q_xi]),True,"[0.1000000000000001, 0.20000000000000004, 0.3000000000000001, 0.4]","[0.4799984800104797, 0.24000043999544013, 0.16000055999656007, 0.12000051999752008]",state_action_local,1,inf,5,0.05
7,25,Similarity-aware,1.0,4.0245584642661923e-17,8.789265611615822e-17,6.661338147750939e-16,60,E[Agg(Q_xi)] - Agg(E[Q_xi]),True,"[0.1000000000000001, 0.20000000000000004, 0.3000000000000001, 0.4]","[0.4799984800104797, 0.24000043999544013, 0.16000055999656007, 0.12000051999752008]",state_action_local,1,inf,5,0.05
7,30,Similarity-aware,1.0,-9.25185853854297e-18,8.604228440844963e-17,6.661338147750939e-16,60,E[Agg(Q_xi)] - Agg(E[Q_xi]),True,"[0.1000000000000001, 0.20000000000000004, 0.3000000000000001, 0.4]","[0.4799984800104797, 0.24000043999544013, 0.16000055999656007, 0.12000051999752008]",state_action_local,1,inf,5,0.05
7,35,Similarity-aware,1.0,-3.053113317719181e-17,8.604228440844963e-17,8.881784197001252e-16,60,E[Agg(Q_xi)] - Agg(E[Q_xi]),True,"[0.1000000000000001, 0.20000000000000004, 0.3000000000000001, 0.4]","[0.4799984800104797, 0.24000043999544013, 0.16000055999656007, 0.12000051999752008]",state_action_local,1,inf,5,0.05
7,40,Similarity-aware,1.0,1.572815951552305e-17,1.3322676295501878e-16,1.1102230246251565e-15,60,E[Agg(Q_xi)] - Agg(E[Q_xi]),True,"[0.1000000000000001, 0.20000000000000004, 0.3000000000000001, 0.4]","[0.4799984800104797, 0.24000043999544013, 0.16000055999656007, 0.12000051999752008]",state_action_local,1,inf,5,0.05
7,45,Similarity-aware,1.0,-5.551115123125783e-18,1.2397490441647582e-16,1.1102230246251565e-15,60,E[Agg(Q_xi)] - Agg(E[Q_xi]),True,"[0.1000000000000001, 0.20000000000000004, 0.3000000000000001, 0.4]","[0.4799984800104797, 0.24000043999544013, 0.16000055999656007, 0.12000051999752008]",state_action_local,1,inf,5,0.05
7,50,Similarity-aware,1.0,-2.7755575615628914e-17,1.295260195396016e-16,1.1102230246251565e-15,60,E[Agg(Q_xi)] - Agg(E[Q_xi]),True,"[0.1000000000000001, 0.20000000000000004, 0.3000000000000001, 0.4]","[0.4799984800104797, 0.24000043999544013, 0.16000055999656007, 0.12000051999752008]",state_action_local,1,inf,5,0.05
7,55,Similarity-aware,1.0,-2.960594732333751e-17,1.591319668629391e-16,1.3322676295501878e-15,60,E[Agg(Q_xi)] - Agg(E[Q_xi]),True,"[0.1000000000000001, 0.20000000000000004, 0.3000000000000001, 0.4]","[0.4799984800104797, 0.24000043999544013, 0.16000055999656007, 0.12000051999752008]",state_action_local,1,inf,5,0.05
7,60,Similarity-aware,1.0,-6.846375318521799e-17,1.646830819860649e-16,1.3322676295501878e-15,60,E[Agg(Q_xi)] - Agg(E[Q_xi]),True,"[0.1000000000000001, 0.20000000000000004, 0.3000000000000001, 0.4]","[0.4799984800104797, 0.24000043999544013, 0.16000055999656007, 0.12000051999752008]",state_action_local,1,inf,5,0.05
7,65,Similarity-aware,1.0,-6.106226635438361e-17,1.6653345369377348e-16,1.7763568394002505e-15,60,E[Agg(Q_xi)] - Agg(E[Q_xi]),True,"[0.1000000000000001, 0.20000000000000004, 0.3000000000000001, 0.4]","[0.4799984800104797, 0.24000043999544013, 0.16000055999656007, 0.12000051999752008]",state_action_local,1,inf,5,0.05
7,70,Similarity-aware,1.0,2.960594732333751e-17,2.4054832200211723e-16,1.7763568394002505e-15,60,E[Agg(Q_xi)] - Agg(E[Q_xi]),True,"[0.1000000000000001, 0.20000000000000004, 0.3000000000000001, 0.4]","[0.4799984800104797, 0.24000043999544013, 0.16000055999656007, 0.12000051999752008]",state_action_local,1,inf,5,0.05
7,75,Similarity-aware,1.0,-1.8503717077085942e-18,2.183438615096141e-16,1.7763568394002505e-15,60,E[Agg(Q_xi)] - Agg(E[Q_xi]),True,"[0.1000000000000001, 0.20000000000000004, 0.3000000000000001, 0.4]","[0.4799984800104797, 0.24000043999544013, 0.16000055999656007, 0.12000051999752008]",state_action_local,1,inf,5,0.05
7,80,Similarity-aware,1.0,-1.27675647831893e-16,1.6283271027835628e-16,1.7763568394002505e-15,60,E[Agg(Q_xi)] - Agg(E[Q_xi]),True,"[0.1000000000000001, 0.20000000000000004, 0.3000000000000001, 0.4]","[0.4799984800104797, 0.24000043999544013, 0.16000055999656007, 0.12000051999752008]",state_action_local,1,inf,5,0.05
7,85,Similarity-aware,1.0,-3.7007434154171884e-18,2.9605947323337506e-16,2.220446049250313e-15,60,E[Agg(Q_xi)] - Agg(E[Q_xi]),True,"[0.1000000000000001, 0.20000000000000004, 0.3000000000000001, 0.4]","[0.4799984800104797, 0.24000043999544013, 0.16000055999656007, 0.12000051999752008]",state_action_local,1,inf,5,0.05
7,90,Similarity-aware,1.0,1.1102230246251566e-17,2.812564995717063e-16,2.220446049250313e-15,60,E[Agg(Q_xi)] - Agg(E[Q_xi]),True,"[0.1000000000000001, 0.20000000000000004, 0.3000000000000001, 0.4]","[0.4799984800104797, 0.24000043999544013, 0.16000055999656007, 0.12000051999752008]",state_action_local,1,inf,5,0.05
7,95,Similarity-aware,1.0,5.181040781584064e-17,3.108624468950438e-16,2.220446049250313e-15,60,E[Agg(Q_xi)] - Agg(E[Q_xi]),True,"[0.1000000000000001, 0.20000000000000004, 0.3000000000000001, 0.4]","[0.4799984800104797, 0.24000043999544013, 0.16000055999656007, 0.12000051999752008]",state_action_local,1,inf,5,0.05
7,100,Similarity-aware,1.0,3.3306690738754695e-17,3.219646771412954e-16,2.220446049250313e-15,60,E[Agg(Q_xi)] - Agg(E[Q_xi]),True,"[0.1000000000000001, 0.20000000000000004, 0.3000000000000001, 0.4]","[0.4799984800104797, 0.24000043999544013, 0.16000055999656007, 0.12000051999752008]",state_action_local,1,inf,5,0.05
7,105,Similarity-aware,1.0,1.850371707708594e-17,3.589721112954673e-16,2.220446049250313e-15,60,E[Agg(Q_xi)] - Agg(E[Q_xi]),True,"[0.1000000000000001, 0.20000000000000004, 0.3000000000000001, 0.4]","[0.4799984800104797, 0.24000043999544013, 0.16000055999656007, 0.12000051999752008]",state_action_local,1,inf,5,0.05
7,110,Similarity-aware,1.0,1.850371707708594e-17,3.3676765080296414e-16,2.220446049250313e-15,60,E[Agg(Q_xi)] - Agg(E[Q_xi]),True,"[0.1000000000000001, 0.20000000000000004, 0.3000000000000001, 0.4]","[0.4799984800104797, 0.24000043999544013, 0.16000055999656007, 0.12000051999752008]",state_action_local,1,inf,5,0.05
7,115,Similarity-aware,1.0,-5.921189464667501e-17,3.1456319031046104e-16,1.7763568394002505e-15,60,E[Agg(Q_xi)] - Agg(E[Q_xi]),True,"[0.1000000000000001, 0.20000000000000004, 0.3000000000000001, 0.4]","[0.4799984800104797, 0.24000043999544013, 0.16000055999656007, 0.12000051999752008]",state_action_local,1,inf,5,0.05
7,120,Similarity-aware,1.0,-1.4432899320127036e-16,2.923587298179579e-16,2.6645352591003757e-15,60,E[Agg(Q_xi)] - Agg(E[Q_xi]),True,"[0.1000000000000001, 0.20000000000000004, 0.3000000000000001, 0.4]","[0.4799984800104797, 0.24000043999544013, 0.16000055999656007, 0.12000051999752008]",state_action_local,1,inf,5,0.05
7,125,Similarity-aware,1.0,1.295260195396016e-16,4.921988742504861e-16,2.6645352591003757e-15,60,E[Agg(Q_xi)] - Agg(E[Q_xi]),True,"[0.1000000000000001, 0.20000000000000004, 0.3000000000000001, 0.4]","[0.4799984800104797, 0.24000043999544013, 0.16000055999656007, 0.12000051999752008]",state_action_local,1,inf,5,0.05
7,130,Similarity-aware,1.0,1.0362081563168128e-16,4.144832625267251e-16,1.7763568394002505e-15,60,E[Agg(Q_xi)] - Agg(E[Q_xi]),True,"[0.1000000000000001, 0.20000000000000004, 0.3000000000000001, 0.4]","[0.4799984800104797, 0.24000043999544013, 0.16000055999656007, 0.12000051999752008]",state_action_local,1,inf,5,0.05
7,135,Similarity-aware,1.0,7.031412489292658e-17,3.9968028886505636e-16,2.6645352591003757e-15,60,E[Agg(Q_xi)] - Agg(E[Q_xi]),True,"[0.1000000000000001, 0.20000000000000004, 0.3000000000000001, 0.4]","[0.4799984800104797, 0.24000043999544013, 0.16000055999656007, 0.12000051999752008]",state_action_local,1,inf,5,0.05
7,140,Similarity-aware,1.0,-1.4802973661668754e-17,4.0338103228047354e-16,2.6645352591003757e-15,60,E[Agg(Q_xi)] - Agg(E[Q_xi]),True,"[0.1000000000000001, 0.20000000000000004, 0.3000000000000001, 0.4]","[0.4799984800104797, 0.24000043999544013, 0.16000055999656007, 0.12000051999752008]",state_action_local,1,inf,5,0.05
7,145,Similarity-aware,1.0,1.1842378929335003e-16,4.662936703425658e-16,2.6645352591003757e-15,60,E[Agg(Q_xi)] - Agg(E[Q_xi]),True,"[0.1000000000000001, 0.20000000000000004, 0.3000000000000001, 0.4]","[0.4799984800104797, 0.24000043999544013, 0.16000055999656007, 0.12000051999752008]",state_action_local,1,inf,5,0.05
7,150,Similarity-aware,1.0,-3.7007434154171884e-18,4.440892098500626e-16,2.6645352591003757e-15,60,E[Agg(Q_xi)] - Agg(E[Q_xi]),True,"[0.1000000000000001, 0.20000000000000004, 0.3000000000000001, 0.4]","[0.4799984800104797, 0.24000043999544013, 0.16000055999656007, 0.12000051999752008]",state_action_local,1,inf,5,0.05
7,155,Similarity-aware,1.0,-1.591319668629391e-16,3.3306690738754696e-16,3.1086244689504383e-15,60,E[Agg(Q_xi)] - Agg(E[Q_xi]),True,"[0.1000000000000001, 0.20000000000000004, 0.3000000000000001, 0.4]","[0.4799984800104797, 0.24000043999544013, 0.16000055999656007, 0.12000051999752008]",state_action_local,1,inf,5,0.05
7,160,Similarity-aware,1.0,-2.516505522483688e-16,3.7007434154171886e-16,3.552713678800501e-15,60,E[Agg(Q_xi)] - Agg(E[Q_xi]),True,"[0.1000000000000001, 0.20000000000000004, 0.3000000000000001, 0.4]","[0.4799984800104797, 0.24000043999544013, 0.16000055999656007, 0.12000051999752008]",state_action_local,1,inf,5,0.05
7,165,Similarity-aware,1.0,-2.1464311809419693e-16,3.3306690738754696e-16,3.552713678800501e-15,60,E[Agg(Q_xi)] - Agg(E[Q_xi]),True,"[0.1000000000000001, 0.20000000000000004, 0.3000000000000001, 0.4]","[0.4799984800104797, 0.24000043999544013, 0.16000055999656007, 0.12000051999752008]",state_action_local,1,inf,5,0.05
7,170,Similarity-aware,1.0,-2.9605947323337506e-16,4.070817756958907e-16,4.440892098500626e-15,60,E[Agg(Q_xi)] - Agg(E[Q_xi]),True,"[0.1000000000000001, 0.20000000000000004, 0.3000000000000001, 0.4]","[0.4799984800104797, 0.24000043999544013, 0.16000055999656007, 0.12000051999752008]",state_action_local,1,inf,5,0.05
7,175,Similarity-aware,1.0,1.9984014443252818e-16,6.217248937900876e-16,3.552713678800501e-15,60,E[Agg(Q_xi)] - Agg(E[Q_xi]),True,"[0.1000000000000001, 0.20000000000000004, 0.3000000000000001, 0.4]","[0.4799984800104797, 0.24000043999544013, 0.16000055999656007, 0.12000051999752008]",state_action_local,1,inf,5,0.05
7,180,Similarity-aware,1.0,-8.141635513917814e-17,5.329070518200751e-16,4.440892098500626e-15,60,E[Agg(Q_xi)] - Agg(E[Q_xi]),True,"[0.1000000000000001, 0.20000000000000004, 0.3000000000000001, 0.4]","[0.4799984800104797, 0.24000043999544013, 0.16000055999656007, 0.12000051999752008]",state_action_local,1,inf,5,0.05
7,185,Similarity-aware,1.0,2.2204460492503132e-17,5.699144859742471e-16,3.552713678800501e-15,60,E[Agg(Q_xi)] - Agg(E[Q_xi]),True,"[0.1000000000000001, 0.20000000000000004, 0.3000000000000001, 0.4]","[0.4799984800104797, 0.24000043999544013, 0.16000055999656007, 0.12000051999752008]",state_action_local,1,inf,5,0.05
7,190,Similarity-aware,1.0,2.6645352591003756e-16,7.623531435759408e-16,3.552713678800501e-15,60,E[Agg(Q_xi)] - Agg(E[Q_xi]),True,"[0.1000000000000001, 0.20000000000000004, 0.3000000000000001, 0.4]","[0.4799984800104797, 0.24000043999544013, 0.16000055999656007, 0.12000051999752008]",state_action_local,1,inf,5,0.05
7,195,Similarity-aware,1.0,1.9984014443252818e-16,6.661338147750939e-16,3.552713678800501e-15,60,E[Agg(Q_xi)] - Agg(E[Q_xi]),True,"[0.1000000000000001, 0.20000000000000004, 0.3000000000000001, 0.4]","[0.4799984800104797, 0.24000043999544013, 0.16000055999656007, 0.12000051999752008]",state_action_local,1,inf,5,0.05
7,200,Similarity-aware,1.0,-1.0362081563168128e-16,5.329070518200751e-16,3.552713678800501e-15,60,E[Agg(Q_xi)] - Agg(E[Q_xi]),True,"[0.1000000000000001, 0.20000000000000004, 0.3000000000000001, 0.4]","[0.4799984800104797, 0.24000043999544013, 0.16000055999656007, 0.12000051999752008]",state_action_local,1,inf,5,0.05
7,205,Similarity-aware,1.0,-2.2204460492503132e-17,5.10702591327572e-16,3.552713678800501e-15,60,E[Agg(Q_xi)] - Agg(E[Q_xi]),True,"[0.1000000000000001, 0.20000000000000004, 0.3000000000000001, 0.4]","[0.4799984800104797, 0.24000043999544013, 0.16000055999656007, 0.12000051999752008]",state_action_local,1,inf,5,0.05
7,210,Similarity-aware,1.0,2.2204460492503132e-17,6.957397620984314e-16,4.440892098500626e-15,60,E[Agg(Q_xi)] - Agg(E[Q_xi]),True,"[0.1000000000000001, 0.20000000000000004, 0.3000000000000001, 0.4]","[0.4799984800104797, 0.24000043999544013, 0.16000055999656007, 0.12000051999752008]",state_action_local,1,inf,5,0.05
7,215,Similarity-aware,1.0,2.1464311809419693e-16,8.289665250534502e-16,4.440892098500626e-15,60,E[Agg(Q_xi)] - Agg(E[Q_xi]),True,"[0.1000000000000001, 0.20000000000000004, 0.3000000000000001, 0.4]","[0.4799984800104797, 0.24000043999544013, 0.16000055999656007, 0.12000051999752008]",state_action_local,1,inf,5,0.05
7,220,Similarity-aware,1.0,3.4046839421838136e-16,8.289665250534502e-16,4.440892098500626e-15,60,E[Agg(Q_xi)] - Agg(E[Q_xi]),True,"[0.1000000000000001, 0.20000000000000004, 0.3000000000000001, 0.4]","[0.4799984800104797, 0.24000043999544013, 0.16000055999656007, 0.12000051999752008]",state_action_local,1,inf,5,0.05
7,225,Similarity-aware,1.0,-2.3684757858670006e-16,5.10702591327572e-16,4.440892098500626e-15,60,E[Agg(Q_xi)] - Agg(E[Q_xi]),True,"[0.1000000000000001, 0.20000000000000004, 0.3000000000000001, 0.4]","[0.4799984800104797, 0.24000043999544013, 0.16000055999656007, 0.12000051999752008]",state_action_local,1,inf,5,0.05
7,230,Similarity-aware,1.0,-1.4802973661668753e-16,5.773159728050814e-16,4.440892098500626e-15,60,E[Agg(Q_xi)] - Agg(E[Q_xi]),True,"[0.1000000000000001, 0.20000000000000004, 0.3000000000000001, 0.4]","[0.4799984800104797, 0.24000043999544013, 0.16000055999656007, 0.12000051999752008]",state_action_local,1,inf,5,0.05
7,235,Similarity-aware,1.0,3.2566542055671256e-16,8.881784197001252e-16,5.329070518200751e-15,60,E[Agg(Q_xi)] - Agg(E[Q_xi]),True,"[0.1000000000000001, 0.20000000000000004, 0.3000000000000001, 0.4]","[0.4799984800104797, 0.24000043999544013, 0.16000055999656007, 0.12000051999752008]",state_action_local,1,inf,5,0.05
7,240,Similarity-aware,1.0,1.554312234475219e-16,7.697546304067752e-16,4.440892098500626e-15,60,E[Agg(Q_xi)] - Agg(E[Q_xi]),True,"[0.1000000000000001, 0.20000000000000004, 0.3000000000000001, 0.4]","[0.4799984800104797, 0.24000043999544013, 0.16000055999656007, 0.12000051999752008]",state_action_local,1,inf,5,0.05
7,245,Similarity-aware,1.0,-1.3322676295501878e-16,5.477100254817439e-16,3.552713678800501e-15,60,E[Agg(Q_xi)] - Agg(E[Q_xi]),True,"[0.1000000000000001, 0.20000000000000004, 0.3000000000000001, 0.4]","[0.4799984800104797, 0.24000043999544013, 0.16000055999656007, 0.12000051999752008]",state_action_local,1,inf,5,0.05
7,250,Similarity-aware,1.0,2.1464311809419693e-16,7.845576040684439e-16,5.329070518200751e-15,60,E[Agg(Q_xi)] - Agg(E[Q_xi]),True,"[0.1000000000000001, 0.20000000000000004, 0.3000000000000001, 0.4]","[0.4799984800104797, 0.24000043999544013, 0.16000055999656007, 0.12000051999752008]",state_action_local,1,inf,5,0.05
7,255,Similarity-aware,1.0,0.0,6.809367884367627e-16,5.329070518200751e-15,60,E[Agg(Q_xi)] - Agg(E[Q_xi]),True,"[0.1000000000000001, 0.20000000000000004, 0.3000000000000001, 0.4]","[0.4799984800104797, 0.24000043999544013, 0.16000055999656007, 0.12000051999752008]",state_action_local,1,inf,5,0.05
7,260,Similarity-aware,1.0,-7.401486830834377e-18,7.253457094217689e-16,4.440892098500626e-15,60,E[Agg(Q_xi)] - Agg(E[Q_xi]),True,"[0.1000000000000001, 0.20000000000000004, 0.3000000000000001, 0.4]","[0.4799984800104797, 0.24000043999544013, 0.16000055999656007, 0.12000051999752008]",state_action_local,1,inf,5,0.05
7,265,Similarity-aware,1.0,3.478698810492157e-16,8.659739592076221e-16,5.329070518200751e-15,60,E[Agg(Q_xi)] - Agg(E[Q_xi]),True,"[0.1000000000000001, 0.20000000000000004, 0.3000000000000001, 0.4]","[0.4799984800104797, 0.24000043999544013, 0.16000055999656007, 0.12000051999752008]",state_action_local,1,inf,5,0.05
7,270,Similarity-aware,1.0,1.4802973661668753e-16,8.511709855459534e-16,5.329070518200751e-15,60,E[Agg(Q_xi)] - Agg(E[Q_xi]),True,"[0.1000000000000001, 0.20000000000000004, 0.3000000000000001, 0.4]","[0.4799984800104797, 0.24000043999544013, 0.16000055999656007, 0.12000051999752008]",state_action_local,1,inf,5,0.05
7,275,Similarity-aware,1.0,2.1464311809419693e-16,7.549516567451064e-16,4.440892098500626e-15,60,E[Agg(Q_xi)] - Agg(E[Q_xi]),True,"[0.1000000000000001, 0.20000000000000004, 0.3000000000000001, 0.4]","[0.4799984800104797, 0.24000043999544013, 0.16000055999656007, 0.12000051999752008]",state_action_local,1,inf,5,0.05
7,280,Similarity-aware,1.0,7.401486830834377e-17,8.215650382226159e-16,4.440892098500626e-15,60,E[Agg(Q_xi)] - Agg(E[Q_xi]),True,"[0.1000000000000001, 0.20000000000000004, 0.3000000000000001, 0.4]","[0.4799984800104797, 0.24000043999544013, 0.16000055999656007, 0.12000051999752008]",state_action_local,1,inf,5,0.05
7,285,Similarity-aware,1.0,9.62193288008469e-17,8.881784197001252e-16,6.217248937900877e-15,60,E[Agg(Q_xi)] - Agg(E[Q_xi]),True,"[0.1000000000000001, 0.20000000000000004, 0.3000000000000001, 0.4]","[0.4799984800104797, 0.24000043999544013, 0.16000055999656007, 0.12000051999752008]",state_action_local,1,inf,5,0.05
7,290,Similarity-aware,1.0,2.516505522483688e-16,8.733754460384564e-16,3.552713678800501e-15,60,E[Agg(Q_xi)] - Agg(E[Q_xi]),True,"[0.1000000000000001, 0.20000000000000004, 0.3000000000000001, 0.4]","[0.4799984800104797, 0.24000043999544013, 0.16000055999656007, 0.12000051999752008]",state_action_local,1,inf,5,0.05
7,295,Similarity-aware,1.0,-8.141635513917814e-17,7.253457094217689e-16,4.440892098500626e-15,60,E[Agg(Q_xi)] - Agg(E[Q_xi]),True,"[0.1000000000000001, 0.20000000000000004, 0.3000000000000001, 0.4]","[0.4799984800104797, 0.24000043999544013, 0.16000055999656007, 0.12000051999752008]",state_action_local,1,inf,5,0.05
7,300,Similarity-aware,1.0,6.661338147750939e-17,7.327471962526033e-16,4.440892098500626e-15,60,E[Agg(Q_xi)] - Agg(E[Q_xi]),True,"[0.1000000000000001, 0.20000000000000004, 0.3000000000000001, 0.4]","[0.4799984800104797, 0.24000043999544013, 0.16000055999656007, 0.12000051999752008]",state_action_local,1,inf,5,0.05
7,305,Similarity-aware,1.0,4.4408920985006264e-17,7.771561172376096e-16,3.552713678800501e-15,60,E[Agg(Q_xi)] - Agg(E[Q_xi]),True,"[0.1000000000000001, 0.20000000000000004, 0.3000000000000001, 0.4]","[0.4799984800104797, 0.24000043999544013, 0.16000055999656007, 0.12000051999752008]",state_action_local,1,inf,5,0.05
7,310,Similarity-aware,1.0,-5.921189464667501e-17,7.623531435759408e-16,5.329070518200751e-15,60,E[Agg(Q_xi)] - Agg(E[Q_xi]),True,"[0.1000000000000001, 0.20000000000000004, 0.3000000000000001, 0.4]","[0.4799984800104797, 0.24000043999544013, 0.16000055999656007, 0.12000051999752008]",state_action_local,1,inf,5,0.05
7,315,Similarity-aware,1.0,-9.62193288008469e-17,7.771561172376096e-16,5.329070518200751e-15,60,E[Agg(Q_xi)] - Agg(E[Q_xi]),True,"[0.1000000000000001, 0.20000000000000004, 0.3000000000000001, 0.4]","[0.4799984800104797, 0.24000043999544013, 0.16000055999656007, 0.12000051999752008]",state_action_local,1,inf,5,0.05
7,320,Similarity-aware,1.0,-1.0362081563168128e-16,7.549516567451064e-16,5.329070518200751e-15,60,E[Agg(Q_xi)] - Agg(E[Q_xi]),True,"[0.1000000000000001, 0.20000000000000004, 0.3000000000000001, 0.4]","[0.4799984800104797, 0.24000043999544013, 0.16000055999656007, 0.12000051999752008]",state_action_local,1,inf,5,0.05
7,325,Similarity-aware,1.0,-7.401486830834377e-18,7.697546304067752e-16,5.329070518200751e-15,60,E[Agg(Q_xi)] - Agg(E[Q_xi]),True,"[0.1000000000000001, 0.20000000000000004, 0.3000000000000001, 0.4]","[0.4799984800104797, 0.24000043999544013, 0.16000055999656007, 0.12000051999752008]",state_action_local,1,inf,5,0.05
7,330,Similarity-aware,1.0,-3.774758283725532e-16,5.255055649892408e-16,7.105427357601002e-15,60,E[Agg(Q_xi)] - Agg(E[Q_xi]),True,"[0.1000000000000001, 0.20000000000000004, 0.3000000000000001, 0.4]","[0.4799984800104797, 0.24000043999544013, 0.16000055999656007, 0.12000051999752008]",state_action_local,1,inf,5,0.05
7,335,Similarity-aware,1.0,-1.7763568394002506e-16,7.475501699142721e-16,5.329070518200751e-15,60,E[Agg(Q_xi)] - Agg(E[Q_xi]),True,"[0.1000000000000001, 0.20000000000000004, 0.3000000000000001, 0.4]","[0.4799984800104797, 0.24000043999544013, 0.16000055999656007, 0.12000051999752008]",state_action_local,1,inf,5,0.05
7,340,Similarity-aware,1.0,1.0362081563168128e-16,7.623531435759408e-16,5.329070518200751e-15,60,E[Agg(Q_xi)] - Agg(E[Q_xi]),True,"[0.1000000000000001, 0.20000000000000004, 0.3000000000000001, 0.4]","[0.4799984800104797, 0.24000043999544013, 0.16000055999656007, 0.12000051999752008]",state_action_local,1,inf,5,0.05
7,345,Similarity-aware,1.0,4.4408920985006264e-17,7.771561172376096e-16,5.329070518200751e-15,60,E[Agg(Q_xi)] - Agg(E[Q_xi]),True,"[0.1000000000000001, 0.20000000000000004, 0.3000000000000001, 0.4]","[0.4799984800104797, 0.24000043999544013, 0.16000055999656007, 0.12000051999752008]",state_action_local,1,inf,5,0.05
7,350,Similarity-aware,1.0,-3.700743415417188e-17,8.141635513917814e-16,7.105427357601002e-15,60,E[Agg(Q_xi)] - Agg(E[Q_xi]),True,"[0.1000000000000001, 0.20000000000000004, 0.3000000000000001, 0.4]","[0.4799984800104797, 0.24000043999544013, 0.16000055999656007, 0.12000051999752008]",state_action_local,1,inf,5,0.05
7,355,Similarity-aware,1.0,-3.7007434154171886e-16,6.365278674517564e-16,5.329070518200751e-15,60,E[Agg(Q_xi)] - Agg(E[Q_xi]),True,"[0.1000000000000001, 0.20000000000000004, 0.3000000000000001, 0.4]","[0.4799984800104797, 0.24000043999544013, 0.16000055999656007, 0.12000051999752008]",state_action_local,1,inf,5,0.05
7,360,Similarity-aware,1.0,-8.881784197001253e-17,8.881784197001252e-16,7.105427357601002e-15,60,E[Agg(Q_xi)] - Agg(E[Q_xi]),True,"[0.1000000000000001, 0.20000000000000004, 0.3000000000000001, 0.4]","[0.4799984800104797, 0.24000043999544013, 0.16000055999656007, 0.12000051999752008]",state_action_local,1,inf,5,0.05
7,365,Similarity-aware,1.0,-4.736951571734001e-16,6.217248937900876e-16,5.329070518200751e-15,60,E[Agg(Q_xi)] - Agg(E[Q_xi]),True,"[0.1000000000000001, 0.20000000000000004, 0.3000000000000001, 0.4]","[0.4799984800104797, 0.24000043999544013, 0.16000055999656007, 0.12000051999752008]",state_action_local,1,inf,5,0.05
7,370,Similarity-aware,1.0,-3.108624468950438e-16,6.069219201284189e-16,5.329070518200751e-15,60,E[Agg(Q_xi)] - Agg(E[Q_xi]),True,"[0.1000000000000001, 0.20000000000000004, 0.3000000000000001, 0.4]","[0.4799984800104797, 0.24000043999544013, 0.16000055999656007, 0.12000051999752008]",state_action_local,1,inf,5,0.05
7,375,Similarity-aware,1.0,-2.960594732333751e-17,7.845576040684439e-16,5.329070518200751e-15,60,E[Agg(Q_xi)] - Agg(E[Q_xi]),True,"[0.1000000000000001, 0.20000000000000004, 0.3000000000000001, 0.4]","[0.4799984800104797, 0.24000043999544013, 0.16000055999656007, 0.12000051999752008]",state_action_local,1,inf,5,0.05
7,380,Similarity-aware,1.0,-5.921189464667501e-17,7.845576040684439e-16,7.105427357601002e-15,60,E[Agg(Q_xi)] - Agg(E[Q_xi]),True,"[0.1000000000000001, 0.20000000000000004, 0.3000000000000001, 0.4]","[0.4799984800104797, 0.24000043999544013, 0.16000055999656007, 0.12000051999752008]",state_action_local,1,inf,5,0.05
7,385,Similarity-aware,1.0,2.6645352591003756e-16,1.0954200509634878e-15,7.105427357601002e-15,60,E[Agg(Q_xi)] - Agg(E[Q_xi]),True,"[0.1000000000000001, 0.20000000000000004, 0.3000000000000001, 0.4]","[0.4799984800104797, 0.24000043999544013, 0.16000055999656007, 0.12000051999752008]",state_action_local,1,inf,5,0.05
7,390,Similarity-aware,1.0,-1.3322676295501878e-16,8.733754460384564e-16,5.329070518200751e-15,60,E[Agg(Q_xi)] - Agg(E[Q_xi]),True,"[0.1000000000000001, 0.20000000000000004, 0.3000000000000001, 0.4]","[0.4799984800104797, 0.24000043999544013, 0.16000055999656007, 0.12000051999752008]",state_action_local,1,inf,5,0.05
7,395,Similarity-aware,1.0,4.4408920985006264e-17,1.0954200509634878e-15,5.329070518200751e-15,60,E[Agg(Q_xi)] - Agg(E[Q_xi]),True,"[0.1000000000000001, 0.20000000000000004, 0.3000000000000001, 0.4]","[0.4799984800104797, 0.24000043999544013, 0.16000055999656007, 0.12000051999752008]",state_action_local,1,inf,5,0.05
7,400,Similarity-aware,1.0,1.7763568394002506e-16,1.0954200509634878e-15,7.105427357601002e-15,60,E[Agg(Q_xi)] - Agg(E[Q_xi]),True,"[0.1000000000000001, 0.20000000000000004, 0.3000000000000001, 0.4]","[0.4799984800104797, 0.24000043999544013, 0.16000055999656007, 0.12000051999752008]",state_action_local,1,inf,5,0.05
8,5,Maximum-based,1.0,0.05930177905005101,0.05930177905005101,0.07135076437139425,60,E[Agg(Q_xi)] - Agg(E[Q_xi]),True,"[0.1000000000000001, 0.20000000000000004, 0.3, 0.4]","[0.4799984800104797, 0.24000043999544013, 0.16000055999656013, 0.12000051999752008]",state_action_local,1,inf,5,0.05
8,10,Maximum-based,1.0,0.05670423894386472,0.05670423894386472,0.06643847379231871,60,E[Agg(Q_xi)] - Agg(E[Q_xi]),True,"[0.1000000000000001, 0.20000000000000004, 0.3, 0.4]","[0.4799984800104797, 0.24000043999544013, 0.16000055999656013, 0.12000051999752008]",state_action_local,1,inf,5,0.05
8,15,Maximum-based,1.0,0.055122395071025045,0.055122395071025045,0.06798426886381076,60,E[Agg(Q_xi)] - Agg(E[Q_xi]),True,"[0.1000000000000001, 0.20000000000000004, 0.3, 0.4]","[0.4799984800104797, 0.24000043999544013, 0.16000055999656013, 0.12000051999752008]",state_action_local,1,inf,5,0.05
8,20,Maximum-based,1.0,0.05393815911544717,0.05393815911544717,0.06529514646016882,60,E[Agg(Q_xi)] - Agg(E[Q_xi]),True,"[0.1000000000000001, 0.20000000000000004, 0.3, 0.4]","[0.4799984800104797, 0.24000043999544013, 0.16000055999656013, 0.12000051999752008]",state_action_local,1,inf,5,0.05
8,25,Maximum-based,1.0,0.052524939080176726,0.052524939080176726,0.06552032425060483,60,E[Agg(Q_xi)] - Agg(E[Q_xi]),True,"[0.1000000000000001, 0.20000000000000004, 0.3, 0.4]","[0.4799984800104797, 0.24000043999544013, 0.16000055999656013, 0.12000051999752008]",state_action_local,1,inf,5,0.05
8,30,Maximum-based,1.0,0.051988291744563604,0.051988291744563604,0.06612760420340358,60,E[Agg(Q_xi)] - Agg(E[Q_xi]),True,"[0.1000000000000001, 0.20000000000000004, 0.3, 0.4]","[0.4799984800104797, 0.24000043999544013, 0.16000055999656013, 0.12000051999752008]",state_action_local,1,inf,5,0.05
8,35,Maximum-based,1.0,0.050743013382052574,0.050743013382052574,0.06374035354532492,60,E[Agg(Q_xi)] - Agg(E[Q_xi]),True,"[0.1000000000000001, 0.20000000000000004, 0.3, 0.4]","[0.4799984800104797, 0.24000043999544013, 0.16000055999656013, 0.12000051999752008]",state_action_local,1,inf,5,0.05
8,40,Maximum-based,1.0,0.0502091389817313,0.0502091389817313,0.06041103222168909,60,E[Agg(Q_xi)] - Agg(E[Q_xi]),True,"[0.1000000000000001, 0.20000000000000004, 0.3, 0.4]","[0.4799984800104797, 0.24000043999544013, 0.16000055999656013, 0.12000051999752008]",state_action_local,1,inf,5,0.05
8,45,Maximum-based,1.0,0.049350377979620746,0.049350377979620746,0.06283058018579002,60,E[Agg(Q_xi)] - Agg(E[Q_xi]),True,"[0.1000000000000001, 0.20000000000000004, 0.3, 0.4]","[0.4799984800104797, 0.24000043999544013, 0.16000055999656013, 0.12000051999752008]",state_action_local,1,inf,5,0.05
8,50,Maximum-based,1.0,0.048809488285561864,0.048809488285561864,0.060882702293370006,60,E[Agg(Q_xi)] - Agg(E[Q_xi]),True,"[0.1000000000000001, 0.20000000000000004, 0.3, 0.4]","[0.4799984800104797, 0.24000043999544013, 0.16000055999656013, 0.12000051999752008]",state_action_local,1,inf,5,0.05
8,55,Maximum-based,1.0,0.04725284351262225,0.04725284351262225,0.0604370794593474,60,E[Agg(Q_xi)] - Agg(E[Q_xi]),True,"[0.1000000000000001, 0.20000000000000004, 0.3, 0.4]","[0.4799984800104797, 0.24000043999544013, 0.16000055999656013, 0.12000051999752008]",state_action_local,1,inf,5,0.05
8,60,Maximum-based,1.0,0.048376901412754185,0.048376901412754185,0.06423755993774893,60,E[Agg(Q_xi)] - Agg(E[Q_xi]),True,"[0.1000000000000001, 0.20000000000000004, 0.3, 0.4]","[0.4799984800104797, 0.24000043999544013, 0.16000055999656013, 0.12000051999752008]",state_action_local,1,inf,5,0.05
8,65,Maximum-based,1.0,0.04784211749060933,0.04784211749060933,0.06127504642571058,60,E[Agg(Q_xi)] - Agg(E[Q_xi]),True,"[0.1000000000000001, 0.20000000000000004, 0.3, 0.4]","[0.4799984800104797, 0.24000043999544013, 0.16000055999656013, 0.12000051999752008]",state_action_local,1,inf,5,0.05
8,70,Maximum-based,1.0,0.047445081142487654,0.047445081142487654,0.05917806548240412,60,E[Agg(Q_xi)] - Agg(E[Q_xi]),True,"[0.1000000000000001, 0.20000000000000004, 0.3, 0.4]","[0.4799984800104797, 0.24000043999544013, 0.16000055999656013, 0.12000051999752008]",state_action_local,1,inf,5,0.05
8,75,Maximum-based,1.0,0.047086068463911966,0.047086068463911966,0.05911716713577597,60,E[Agg(Q_xi)] - Agg(E[Q_xi]),True,"[0.1000000000000001, 0.20000000000000004, 0.3, 0.4]","[0.4799984800104797, 0.24000043999544013, 0.16000055999656013, 0.12000051999752008]",state_action_local,1,inf,5,0.05
8,80,Maximum-based,1.0,0.047084996608766735,0.047084996608766735,0.06035522009224703,60,E[Agg(Q_xi)] - Agg(E[Q_xi]),True,"[0.1000000000000001, 0.20000000000000004, 0.3, 0.4]","[0.4799984800104797, 0.24000043999544013, 0.16000055999656013, 0.12000051999752008]",state_action_local,1,inf,5,0.05
8,85,Maximum-based,1.0,0.04714747311634849,0.04714747311634849,0.061464578213909604,60,E[Agg(Q_xi)] - Agg(E[Q_xi]),True,"[0.1000000000000001, 0.20000000000000004, 0.3, 0.4]","[0.4799984800104797, 0.24000043999544013, 0.16000055999656013, 0.12000051999752008]",state_action_local,1,inf,5,0.05
8,90,Maximum-based,1.0,0.04758217813444842,0.04758217813444842,0.060421770563056754,60,E[Agg(Q_xi)] - Agg(E[Q_xi]),True,"[0.1000000000000001, 0.20000000000000004, 0.3, 0.4]","[0.4799984800104797, 0.24000043999544013, 0.16000055999656013, 0.12000051999752008]",state_action_local,1,inf,5,0.05
8,95,Maximum-based,1.0,0.04642255498165714,0.04642255498165714,0.06286059152711232,60,E[Agg(Q_xi)] - Agg(E[Q_xi]),True,"[0.1000000000000001, 0.20000000000000004, 0.3, 0.4]","[0.4799984800104797, 0.24000043999544013, 0.16000055999656013, 0.12000051999752008]",state_action_local,1,inf,5,0.05
8,100,Maximum-based,1.0,0.046670900882178,0.046670900882178,0.06167995463485365,60,E[Agg(Q_xi)] - Agg(E[Q_xi]),True,"[0.1000000000000001, 0.20000000000000004, 0.3, 0.4]","[0.4799984800104797, 0.24000043999544013, 0.16000055999656013, 0.12000051999752008]",state_action_local,1,inf,5,0.05
8,105,Maximum-based,1.0,0.046431723936471166,0.046431723936471166,0.06362101691644284,60,E[Agg(Q_xi)] - Agg(E[Q_xi]),True,"[0.1000000000000001, 0.20000000000000004, 0.3, 0.4]","[0.4799984800104797, 0.24000043999544013, 0.16000055999656013, 0.12000051999752008]",state_action_local,1,inf,5,0.05
8,110,Maximum-based,1.0,0.046517137053066746,0.046517137053066746,0.061231930163482495,60,E[Agg(Q_xi)] - Agg(E[Q_xi]),True,"[0.1000000000000001, 0.20000000000000004, 0.3, 0.4]","[0.4799984800104797, 0.24000043999544013, 0.16000055999656013, 0.12000051999752008]",state_action_local,1,inf,5,0.05
8,115,Maximum-based,1.0,0.04730990593847438,0.04730990593847438,0.061004363140413354,60,E[Agg(Q_xi)] - Agg(E[Q_xi]),True,"[0.1000000000000001, 0.20000000000000004, 0.3, 0.4]","[0.4799984800104797, 0.24000043999544013, 0.16000055999656013, 0.12000051999752008]",state_action_local,1,inf,5,0.05
8,120,Maximum-based,1.0,0.04639062365941412,0.04639062365941412,0.05900966862471968,60,E[Agg(Q_xi)] - Agg(E[Q_xi]),True,"[0.1000000000000001, 0.20000000000000004, 0.3, 0.4]","[0.4799984800104797, 0.24000043999544013, 0.16000055999656013, 0.12000051999752008]",state_action_local,1,inf,5,0.05
8,125,Maximum-based,1.0,0.046652099684598304,0.046652099684598304,0.058825591596332494,60,E[Agg(Q_xi)] - Agg(E[Q_xi]),True,"[0.1000000000000001, 0.20000000000000004, 0.3, 0.4]","[0.4799984800104797, 0.24000043999544013, 0.16000055999656013, 0.12000051999752008]",state_action_local,1,inf,5,0.05
8,130,Maximum-based,1.0,0.04685022492975113,0.04685022492975113,0.06222170327925802,60,E[Agg(Q_xi)] - Agg(E[Q_xi]),True,"[0.1000000000000001, 0.20000000000000004, 0.3, 0.4]","[0.4799984800104797, 0.24000043999544013, 0.16000055999656013, 0.12000051999752008]",state_action_local,1,inf,5,0.05
8,135,Maximum-based,1.0,0.04640486250979954,0.04640486250979954,0.06151709143077966,60,E[Agg(Q_xi)] - Agg(E[Q_xi]),True,"[0.1000000000000001, 0.20000000000000004, 0.3, 0.4]","[0.4799984800104797, 0.24000043999544013, 0.16000055999656013, 0.12000051999752008]",state_action_local,1,inf,5,0.05
8,140,Maximum-based,1.0,0.046870680778433406,0.046870680778433406,0.062054521967773724,60,E[Agg(Q_xi)] - Agg(E[Q_xi]),True,"[0.1000000000000001, 0.20000000000000004, 0.3, 0.4]","[0.4799984800104797, 0.24000043999544013, 0.16000055999656013, 0.12000051999752008]",state_action_local,1,inf,5,0.05
8,145,Maximum-based,1.0,0.04642843915278765,0.04642843915278765,0.06177555291163639,60,E[Agg(Q_xi)] - Agg(E[Q_xi]),True,"[0.1000000000000001, 0.20000000000000004, 0.3, 0.4]","[0.4799984800104797, 0.24000043999544013, 0.16000055999656013, 0.12000051999752008]",state_action_local,1,inf,5,0.05
8,150,Maximum-based,1.0,0.04774748961902398,0.04774748961902398,0.05941160545682145,60,E[Agg(Q_xi)] - Agg(E[Q_xi]),True,"[0.1000000000000001, 0.20000000000000004, 0.3, 0.4]","[0.4799984800104797, 0.24000043999544013, 0.16000055999656013, 0.12000051999752008]",state_action_local,1,inf,5,0.05
8,155,Maximum-based,1.0,0.04691348190959988,0.04691348190959988,0.06485415452707333,60,E[Agg(Q_xi)] - Agg(E[Q_xi]),True,"[0.1000000000000001, 0.20000000000000004, 0.3, 0.4]","[0.4799984800104797, 0.24000043999544013, 0.16000055999656013, 0.12000051999752008]",state_action_local,1,inf,5,0.05
8,160,Maximum-based,1.0,0.04688358518984453,0.04688358518984453,0.06169727618231846,60,E[Agg(Q_xi)] - Agg(E[Q_xi]),True,"[0.1000000000000001, 0.20000000000000004, 0.3, 0.4]","[0.4799984800104797, 0.24000043999544013, 0.16000055999656013, 0.12000051999752008]",state_action_local,1,inf,5,0.05
8,165,Maximum-based,1.0,0.04722723255443182,0.04722723255443182,0.05845366173749422,60,E[Agg(Q_xi)] - Agg(E[Q_xi]),True,"[0.1000000000000001, 0.20000000000000004, 0.3, 0.4]","[0.4799984800104797, 0.24000043999544013, 0.16000055999656013, 0.12000051999752008]",state_action_local,1,inf,5,0.05
8,170,Maximum-based,1.0,0.046415466645682926,0.046415466645682926,0.06245972294859836,60,E[Agg(Q_xi)] - Agg(E[Q_xi]),True,"[0.1000000000000001, 0.20000000000000004, 0.3, 0.4]","[0.4799984800104797, 0.24000043999544013, 0.16000055999656013, 0.12000051999752008]",state_action_local,1,inf,5,0.05
8,175,Maximum-based,1.0,0.04640657801382356,0.04640657801382356,0.05930389681174475,60,E[Agg(Q_xi)] - Agg(E[Q_xi]),True,"[0.1000000000000001, 0.20000000000000004, 0.3, 0.4]","[0.4799984800104797, 0.24000043999544013, 0.16000055999656013, 0.12000051999752008]",state_action_local,1,inf,5,0.05
8,180,Maximum-based,1.0,0.046296157477947984,0.046296157477947984,0.059057078433538024,60,E[Agg(Q_xi)] - Agg(E[Q_xi]),True,"[0.1000000000000001, 0.20000000000000004, 0.3, 0.4]","[0.4799984800104797, 0.24000043999544013, 0.16000055999656013, 0.12000051999752008]",state_action_local,1,inf,5,0.05
8,185,Maximum-based,1.0,0.04699753720112132,0.04699753720112132,0.06242328434486755,60,E[Agg(Q_xi)] - Agg(E[Q_xi]),True,"[0.1000000000000001, 0.20000000000000004, 0.3, 0.4]","[0.4799984800104797, 0.24000043999544013, 0.16000055999656013, 0.12000051999752008]",state_action_local,1,inf,5,0.05
8,190,Maximum-based,1.0,0.046988269235189874,0.046988269235189874,0.05944740904496548,60,E[Agg(Q_xi)] - Agg(E[Q_xi]),True,"[0.1000000000000001, 0.20000000000000004, 0.3, 0.4]","[0.4799984800104797, 0.24000043999544013, 0.16000055999656013, 0.12000051999752008]",state_action_local,1,inf,5,0.05
8,195,Maximum-based,1.0,0.04700750530026356,0.04700750530026356,0.06258735407031502,60,E[Agg(Q_xi)] - Agg(E[Q_xi]),True,"[0.1000000000000001, 0.20000000000000004, 0.3, 0.4]","[0.4799984800104797, 0.24000043999544013, 0.16000055999656013, 0.12000051999752008]",state_action_local,1,inf,5,0.05
8,200,Maximum-based,1.0,0.04711121321884703,0.04711121321884703,0.06378192381565917,60,E[Agg(Q_xi)] - Agg(E[Q_xi]),True,"[0.1000000000000001, 0.20000000000000004, 0.3, 0.4]","[0.4799984800104797, 0.24000043999544013, 0.16000055999656013, 0.12000051999752008]",state_action_local,1,inf,5,0.05
8,205,Maximum-based,1.0,0.046940783757611175,0.046940783757611175,0.06093667414249637,60,E[Agg(Q_xi)] - Agg(E[Q_xi]),True,"[0.1000000000000001, 0.20000000000000004, 0.3, 0.4]","[0.4799984800104797, 0.24000043999544013, 0.16000055999656013, 0.12000051999752008]",state_action_local,1,inf,5,0.05
8,210,Maximum-based,1.0,0.0469975438816581,0.0469975438816581,0.06166353577529193,60,E[Agg(Q_xi)] - Agg(E[Q_xi]),True,"[0.1000000000000001, 0.20000000000000004, 0.3, 0.4]","[0.4799984800104797, 0.24000043999544013, 0.16000055999656013, 0.12000051999752008]",state_action_local,1,inf,5,0.05
8,215,Maximum-based,1.0,0.0471443317102396,0.0471443317102396,0.062240798490933,60,E[Agg(Q_xi)] - Agg(E[Q_xi]),True,"[0.1000000000000001, 0.20000000000000004, 0.3, 0.4]","[0.4799984800104797, 0.24000043999544013, 0.16000055999656013, 0.12000051999752008]",state_action_local,1,inf,5,0.05
8,220,Maximum-based,1.0,0.047507907934693505,0.047507907934693505,0.06179905903029592,60,E[Agg(Q_xi)] - Agg(E[Q_xi]),True,"[0.1000000000000001, 0.20000000000000004, 0.3, 0.4]","[0.4799984800104797, 0.24000043999544013, 0.16000055999656013, 0.12000051999752008]",state_action_local,1,inf,5,0.05
8,225,Maximum-based,1.0,0.046528358057353746,0.046528358057353746,0.05997132128997418,60,E[Agg(Q_xi)] - Agg(E[Q_xi]),True,"[0.1000000000000001, 0.20000000000000004, 0.3, 0.4]","[0.4799984800104797, 0.24000043999544013, 0.16000055999656013, 0.12000051999752008]",state_action_local,1,inf,5,0.05
8,230,Maximum-based,1.0,0.0474079788351325,0.0474079788351325,0.060616061148666134,60,E[Agg(Q_xi)] - Agg(E[Q_xi]),True,"[0.1000000000000001, 0.20000000000000004, 0.3, 0.4]","[0.4799984800104797, 0.24000043999544013, 0.16000055999656013, 0.12000051999752008]",state_action_local,1,inf,5,0.05
8,235,Maximum-based,1.0,0.046677141236412666,0.046677141236412666,0.05956934442324524,60,E[Agg(Q_xi)] - Agg(E[Q_xi]),True,"[0.1000000000000001, 0.20000000000000004, 0.3, 0.4]","[0.4799984800104797, 0.24000043999544013, 0.16000055999656013, 0.12000051999752008]",state_action_local,1,inf,5,0.05
8,240,Maximum-based,1.0,0.04731936813660879,0.04731936813660879,0.06114835153010123,60,E[Agg(Q_xi)] - Agg(E[Q_xi]),True,"[0.1000000000000001, 0.20000000000000004, 0.3, 0.4]","[0.4799984800104797, 0.24000043999544013, 0.16000055999656013, 0.12000051999752008]",state_action_local,1,inf,5,0.05
8,245,Maximum-based,1.0,0.04681850117411283,0.04681850117411283,0.06116436758887289,60,E[Agg(Q_xi)] - Agg(E[Q_xi]),True,"[0.1000000000000001, 0.20000000000000004, 0.3, 0.4]","[0.4799984800104797, 0.24000043999544013, 0.16000055999656013, 0.12000051999752008]",state_action_local,1,inf,5,0.05
8,250,Maximum-based,1.0,0.045987646182421314,0.045987646182421314,0.06134260983766815,60,E[Agg(Q_xi)] - Agg(E[Q_xi]),True,"[0.1000000000000001, 0.20000000000000004, 0.3, 0.4]","[0.4799984800104797, 0.24000043999544013, 0.16000055999656013, 0.12000051999752008]",state_action_local,1,inf,5,0.05
8,255,Maximum-based,1.0,0.046646418007067994,0.046646418007067994,0.05735199299453342,60,E[Agg(Q_xi)] - Agg(E[Q_xi]),True,"[0.1000000000000001, 0.20000000000000004, 0.3, 0.4]","[0.4799984800104797, 0.24000043999544013, 0.16000055999656013, 0.12000051999752008]",state_action_local,1,inf,5,0.05
8,260,Maximum-based,1.0,0.046254205633710674,0.046254205633710674,0.058447046319576756,60,E[Agg(Q_xi)] - Agg(E[Q_xi]),True,"[0.1000000000000001, 0.20000000000000004, 0.3, 0.4]","[0.4799984800104797, 0.24000043999544013, 0.16000055999656013, 0.12000051999752008]",state_action_local,1,inf,5,0.05
8,265,Maximum-based,1.0,0.047384532879924765,0.047384532879924765,0.06428872419876441,60,E[Agg(Q_xi)] - Agg(E[Q_xi]),True,"[0.1000000000000001, 0.20000000000000004, 0.3, 0.4]","[0.4799984800104797, 0.24000043999544013, 0.16000055999656013, 0.12000051999752008]",state_action_local,1,inf,5,0.05
8,270,Maximum-based,1.0,0.04669647697703751,0.04669647697703751,0.06667379215105917,60,E[Agg(Q_xi)] - Agg(E[Q_xi]),True,"[0.1000000000000001, 0.20000000000000004, 0.3, 0.4]","[0.4799984800104797, 0.24000043999544013, 0.16000055999656013, 0.12000051999752008]",state_action_local,1,inf,5,0.05
8,275,Maximum-based,1.0,0.04653982233455178,0.04653982233455178,0.06223743498366474,60,E[Agg(Q_xi)] - Agg(E[Q_xi]),True,"[0.1000000000000001, 0.20000000000000004, 0.3, 0.4]","[0.4799984800104797, 0.24000043999544013, 0.16000055999656013, 0.12000051999752008]",state_action_local,1,inf,5,0.05
8,280,Maximum-based,1.0,0.046853618823610346,0.046853618823610346,0.06016807267931057,60,E[Agg(Q_xi)] - Agg(E[Q_xi]),True,"[0.1000000000000001, 0.20000000000000004, 0.3, 0.4]","[0.4799984800104797, 0.24000043999544013, 0.16000055999656013, 0.12000051999752008]",state_action_local,1,inf,5,0.05
8,285,Maximum-based,1.0,0.046840706056260145,0.046840706056260145,0.06261465054694781,60,E[Agg(Q_xi)] - Agg(E[Q_xi]),True,"[0.1000000000000001, 0.20000000000000004, 0.3, 0.4]","[0.4799984800104797, 0.24000043999544013, 0.16000055999656013, 0.12000051999752008]",state_action_local,1,inf,5,0.05
8,290,Maximum-based,1.0,0.04721022635525245,0.04721022635525245,0.06323318516668408,60,E[Agg(Q_xi)] - Agg(E[Q_xi]),True,"[0.1000000000000001, 0.20000000000000004, 0.3, 0.4]","[0.4799984800104797, 0.24000043999544013, 0.16000055999656013, 0.12000051999752008]",state_action_local,1,inf,5,0.05
8,295,Maximum-based,1.0,0.04704999305758153,0.04704999305758153,0.059209015010891264,60,E[Agg(Q_xi)] - Agg(E[Q_xi]),True,"[0.1000000000000001, 0.20000000000000004, 0.3, 0.4]","[0.4799984800104797, 0.24000043999544013, 0.16000055999656013, 0.12000051999752008]",state_action_local,1,inf,5,0.05
8,300,Maximum-based,1.0,0.047955384558674014,0.047955384558674014,0.06659109965224808,60,E[Agg(Q_xi)] - Agg(E[Q_xi]),True,"[0.1000000000000001, 0.20000000000000004, 0.3, 0.4]","[0.4799984800104797, 0.24000043999544013, 0.16000055999656013, 0.12000051999752008]",state_action_local,1,inf,5,0.05
8,305,Maximum-based,1.0,0.0465252261934025,0.0465252261934025,0.06448605024469956,60,E[Agg(Q_xi)] - Agg(E[Q_xi]),True,"[0.1000000000000001, 0.20000000000000004, 0.3, 0.4]","[0.4799984800104797, 0.24000043999544013, 0.16000055999656013, 0.12000051999752008]",state_action_local,1,inf,5,0.05
8,310,Maximum-based,1.0,0.0472089728724661,0.0472089728724661,0.05957633776476712,60,E[Agg(Q_xi)] - Agg(E[Q_xi]),True,"[0.1000000000000001, 0.20000000000000004, 0.3, 0.4]","[0.4799984800104797, 0.24000043999544013, 0.16000055999656013, 0.12000051999752008]",state_action_local,1,inf,5,0.05
8,315,Maximum-based,1.0,0.04578951048293464,0.04578951048293464,0.05721235451265372,60,E[Agg(Q_xi)] - Agg(E[Q_xi]),True,"[0.1000000000000001, 0.20000000000000004, 0.3, 0.4]","[0.4799984800104797, 0.24000043999544013, 0.16000055999656013, 0.12000051999752008]",state_action_local,1,inf,5,0.05
8,320,Maximum-based,1.0,0.0472296458479515,0.0472296458479515,0.06671520421716437,60,E[Agg(Q_xi)] - Agg(E[Q_xi]),True,"[0.1000000000000001, 0.20000000000000004, 0.3, 0.4]","[0.4799984800104797, 0.24000043999544013, 0.16000055999656013, 0.12000051999752008]",state_action_local,1,inf,5,0.05
8,325,Maximum-based,1.0,0.04644400465874723,0.04644400465874723,0.05895868711960439,60,E[Agg(Q_xi)] - Agg(E[Q_xi]),True,"[0.1000000000000001, 0.20000000000000004, 0.3, 0.4]","[0.4799984800104797, 0.24000043999544013, 0.16000055999656013, 0.12000051999752008]",state_action_local,1,inf,5,0.05
8,330,Maximum-based,1.0,0.04721483679081408,0.04721483679081408,0.06231711539768803,60,E[Agg(Q_xi)] - Agg(E[Q_xi]),True,"[0.1000000000000001, 0.20000000000000004, 0.3, 0.4]","[0.4799984800104797, 0.24000043999544013, 0.16000055999656013, 0.12000051999752008]",state_action_local,1,inf,5,0.05
8,335,Maximum-based,1.0,0.046613362816475025,0.046613362816475025,0.06340051345415887,60,E[Agg(Q_xi)] - Agg(E[Q_xi]),True,"[0.1000000000000001, 0.20000000000000004, 0.3, 0.4]","[0.4799984800104797, 0.24000043999544013, 0.16000055999656013, 0.12000051999752008]",state_action_local,1,inf,5,0.05
8,340,Maximum-based,1.0,0.04688766346051999,0.04688766346051999,0.058509237577281326,60,E[Agg(Q_xi)] - Agg(E[Q_xi]),True,"[0.1000000000000001, 0.20000000000000004, 0.3, 0.4]","[0.4799984800104797, 0.24000043999544013, 0.16000055999656013, 0.12000051999752008]",state_action_local,1,inf,5,0.05
8,345,Maximum-based,1.0,0.04595196488208068,0.04595196488208068,0.05855044730949821,60,E[Agg(Q_xi)] - Agg(E[Q_xi]),True,"[0.1000000000000001, 0.20000000000000004, 0.3, 0.4]","[0.4799984800104797, 0.24000043999544013, 0.16000055999656013, 0.12000051999752008]",state_action_local,1,inf,5,0.05
8,350,Maximum-based,1.0,0.04620080495505022,0.04620080495505022,0.05954945017499291,60,E[Agg(Q_xi)] - Agg(E[Q_xi]),True,"[0.1000000000000001, 0.20000000000000004, 0.3, 0.4]","[0.4799984800104797, 0.24000043999544013, 0.16000055999656013, 0.12000051999752008]",state_action_local,1,inf,5,0.05
8,355,Maximum-based,1.0,0.046069028664773096,0.046069028664773096,0.05873614293784257,60,E[Agg(Q_xi)] - Agg(E[Q_xi]),True,"[0.1000000000000001, 0.20000000000000004, 0.3, 0.4]","[0.4799984800104797, 0.24000043999544013, 0.16000055999656013, 0.12000051999752008]",state_action_local,1,inf,5,0.05
8,360,Maximum-based,1.0,0.046120256110369254,0.046120256110369254,0.060735534237183586,60,E[Agg(Q_xi)] - Agg(E[Q_xi]),True,"[0.1000000000000001, 0.20000000000000004, 0.3, 0.4]","[0.4799984800104797, 0.24000043999544013, 0.16000055999656013, 0.12000051999752008]",state_action_local,1,inf,5,0.05
8,365,Maximum-based,1.0,0.04654179450509456,0.04654179450509456,0.060256714928856425,60,E[Agg(Q_xi)] - Agg(E[Q_xi]),True,"[0.1000000000000001, 0.20000000000000004, 0.3, 0.4]","[0.4799984800104797, 0.24000043999544013, 0.16000055999656013, 0.12000051999752008]",state_action_local,1,inf,5,0.05
8,370,Maximum-based,1.0,0.04650779320856206,0.04650779320856206,0.058524553205975494,60,E[Agg(Q_xi)] - Agg(E[Q_xi]),True,"[0.1000000000000001, 0.20000000000000004, 0.3, 0.4]","[0.4799984800104797, 0.24000043999544013, 0.16000055999656013, 0.12000051999752008]",state_action_local,1,inf,5,0.05
8,375,Maximum-based,1.0,0.04657317211368473,0.04657317211368473,0.0607437724054094,60,E[Agg(Q_xi)] - Agg(E[Q_xi]),True,"[0.1000000000000001, 0.20000000000000004, 0.3, 0.4]","[0.4799984800104797, 0.24000043999544013, 0.16000055999656013, 0.12000051999752008]",state_action_local,1,inf,5,0.05
8,380,Maximum-based,1.0,0.046342642242464205,0.046342642242464205,0.06068031043768407,60,E[Agg(Q_xi)] - Agg(E[Q_xi]),True,"[0.1000000000000001, 0.20000000000000004, 0.3, 0.4]","[0.4799984800104797, 0.24000043999544013, 0.16000055999656013, 0.12000051999752008]",state_action_local,1,inf,5,0.05
8,385,Maximum-based,1.0,0.046598183181787864,0.046598183181787864,0.06232668107166717,60,E[Agg(Q_xi)] - Agg(E[Q_xi]),True,"[0.1000000000000001, 0.20000000000000004, 0.3, 0.4]","[0.4799984800104797, 0.24000043999544013, 0.16000055999656013, 0.12000051999752008]",state_action_local,1,inf,5,0.05
8,390,Maximum-based,1.0,0.04681767802160007,0.04681767802160007,0.06755531199959819,60,E[Agg(Q_xi)] - Agg(E[Q_xi]),True,"[0.1000000000000001, 0.20000000000000004, 0.3, 0.4]","[0.4799984800104797, 0.24000043999544013, 0.16000055999656013, 0.12000051999752008]",state_action_local,1,inf,5,0.05
8,395,Maximum-based,1.0,0.047498313844451724,0.047498313844451724,0.060922622571077056,60,E[Agg(Q_xi)] - Agg(E[Q_xi]),True,"[0.1000000000000001, 0.20000000000000004, 0.3, 0.4]","[0.4799984800104797, 0.24000043999544013, 0.16000055999656013, 0.12000051999752008]",state_action_local,1,inf,5,0.05
8,400,Maximum-based,1.0,0.0470225347920621,0.0470225347920621,0.06197813478321201,60,E[Agg(Q_xi)] - Agg(E[Q_xi]),True,"[0.1000000000000001, 0.20000000000000004, 0.3, 0.4]","[0.4799984800104797, 0.24000043999544013, 0.16000055999656013, 0.12000051999752008]",state_action_local,1,inf,5,0.05
8,5,Similarity-aware,1.0,6.794333614242494e-18,1.9746935568202653e-17,1.3877787807814457e-16,60,E[Agg(Q_xi)] - Agg(E[Q_xi]),True,"[0.1000000000000001, 0.20000000000000004, 0.3, 0.4]","[0.4799984800104797, 0.24000043999544013, 0.16000055999656013, 0.12000051999752008]",state_action_local,1,inf,5,0.05
8,10,Similarity-aware,1.0,1.0408340855860842e-18,3.1687615494509675e-17,2.220446049250313e-16,60,E[Agg(Q_xi)] - Agg(E[Q_xi]),True,"[0.1000000000000001, 0.20000000000000004, 0.3, 0.4]","[0.4799984800104797, 0.24000043999544013, 0.16000055999656013, 0.12000051999752008]",state_action_local,1,inf,5,0.05
8,15,Similarity-aware,1.0,-4.625929269271485e-18,4.5102810375396984e-17,4.440892098500626e-16,60,E[Agg(Q_xi)] - Agg(E[Q_xi]),True,"[0.1000000000000001, 0.20000000000000004, 0.3, 0.4]","[0.4799984800104797, 0.24000043999544013, 0.16000055999656013, 0.12000051999752008]",state_action_local,1,inf,5,0.05
8,20,Similarity-aware,1.0,4.394632805807911e-18,6.430041684287366e-17,7.771561172376096e-16,60,E[Agg(Q_xi)] - Agg(E[Q_xi]),True,"[0.1000000000000001, 0.20000000000000004, 0.3, 0.4]","[0.4799984800104797, 0.24000043999544013, 0.16000055999656013, 0.12000051999752008]",state_action_local,1,inf,5,0.05
8,25,Similarity-aware,1.0,-2.914335439641036e-17,6.245004513516506e-17,8.881784197001252e-16,60,E[Agg(Q_xi)] - Agg(E[Q_xi]),True,"[0.1000000000000001, 0.20000000000000004, 0.3, 0.4]","[0.4799984800104797, 0.24000043999544013, 0.16000055999656013, 0.12000051999752008]",state_action_local,1,inf,5,0.05
8,30,Similarity-aware,1.0,-1.3877787807814457e-17,7.262708952756232e-17,6.661338147750939e-16,60,E[Agg(Q_xi)] - Agg(E[Q_xi]),True,"[0.1000000000000001, 0.20000000000000004, 0.3, 0.4]","[0.4799984800104797, 0.24000043999544013, 0.16000055999656013, 0.12000051999752008]",state_action_local,1,inf,5,0.05
8,35,Similarity-aware,1.0,3.932039878880763e-17,1.3507713466272737e-16,8.881784197001252e-16,60,E[Agg(Q_xi)] - Agg(E[Q_xi]),True,"[0.1000000000000001, 0.20000000000000004, 0.3, 0.4]","[0.4799984800104797, 0.24000043999544013, 0.16000055999656013, 0.12000051999752008]",state_action_local,1,inf,5,0.05
8,40,Similarity-aware,1.0,-2.4054832200211726e-17,8.604228440844963e-17,1.3322676295501878e-15,60,E[Agg(Q_xi)] - Agg(E[Q_xi]),True,"[0.1000000000000001, 0.20000000000000004, 0.3, 0.4]","[0.4799984800104797, 0.24000043999544013, 0.16000055999656013, 0.12000051999752008]",state_action_local,1,inf,5,0.05
8,45,Similarity-aware,1.0,-4.163336342344337e-17,1.1287267417022424e-16,8.881784197001252e-16,60,E[Agg(Q_xi)] - Agg(E[Q_xi]),True,"[0.1000000000000001, 0.20000000000000004, 0.3, 0.4]","[0.4799984800104797, 0.24000043999544013, 0.16000055999656013, 0.12000051999752008]",state_action_local,1,inf,5,0.05
8,50,Similarity-aware,1.0,-2.1279274638648835e-17,1.4340380734741606e-16,1.3322676295501878e-15,60,E[Agg(Q_xi)] - Agg(E[Q_xi]),True,"[0.1000000000000001, 0.20000000000000004, 0.3, 0.4]","[0.4799984800104797, 0.24000043999544013, 0.16000055999656013, 0.12000051999752008]",state_action_local,1,inf,5,0.05
8,55,Similarity-aware,1.0,-1.0177044392397268e-17,1.4340380734741606e-16,1.3322676295501878e-15,60,E[Agg(Q_xi)] - Agg(E[Q_xi]),True,"[0.1000000000000001, 0.20000000000000004, 0.3, 0.4]","[0.4799984800104797, 0.24000043999544013, 0.16000055999656013, 0.12000051999752008]",state_action_local,1,inf,5,0.05
8,60,Similarity-aware,1.0,-2.590520390792032e-17,1.7948605564773364e-16,1.3322676295501878e-15,60,E[Agg(Q_xi)] - Agg(E[Q_xi]),True,"[0.1000000000000001, 0.20000000000000004, 0.3, 0.4]","[0.4799984800104797, 0.24000043999544013, 0.16000055999656013, 0.12000051999752008]",state_action_local,1,inf,5,0.05
8,65,Similarity-aware,1.0,7.771561172376095e-17,2.3499720687899147e-16,1.3322676295501878e-15,60,E[Agg(Q_xi)] - Agg(E[Q_xi]),True,"[0.1000000000000001, 0.20000000000000004, 0.3, 0.4]","[0.4799984800104797, 0.24000043999544013, 0.16000055999656013, 0.12000051999752008]",state_action_local,1,inf,5,0.05
8,70,Similarity-aware,1.0,7.401486830834377e-18,2.0169051614023677e-16,1.7763568394002505e-15,60,E[Agg(Q_xi)] - Agg(E[Q_xi]),True,"[0.1000000000000001, 0.20000000000000004, 0.3, 0.4]","[0.4799984800104797, 0.24000043999544013, 0.16000055999656013, 0.12000051999752008]",state_action_local,1,inf,5,0.05
8,75,Similarity-aware,1.0,5.736152293896643e-17,2.6460315420232897e-16,1.7763568394002505e-15,60,E[Agg(Q_xi)] - Agg(E[Q_xi]),True,"[0.1000000000000001, 0.20000000000000004, 0.3, 0.4]","[0.4799984800104797, 0.24000043999544013, 0.16000055999656013, 0.12000051999752008]",state_action_local,1,inf,5,0.05
8,80,Similarity-aware,1.0,-1.4802973661668754e-17,2.183438615096141e-16,1.7763568394002505e-15,60,E[Agg(Q_xi)] - Agg(E[Q_xi]),True,"[0.1000000000000001, 0.20000000000000004, 0.3, 0.4]","[0.4799984800104797, 0.24000043999544013, 0.16000055999656013, 0.12000051999752008]",state_action_local,1,inf,5,0.05
8,85,Similarity-aware,1.0,1.4802973661668753e-16,3.3306690738754696e-16,2.220446049250313e-15,60,E[Agg(Q_xi)] - Agg(E[Q_xi]),True,"[0.1000000000000001, 0.20000000000000004, 0.3, 0.4]","[0.4799984800104797, 0.24000043999544013, 0.16000055999656013, 0.12000051999752008]",state_action_local,1,inf,5,0.05
8,90,Similarity-aware,1.0,-1.0547118733938987e-16,2.331468351712829e-16,2.220446049250313e-15,60,E[Agg(Q_xi)] - Agg(E[Q_xi]),True,"[0.1000000000000001, 0.20000000000000004, 0.3, 0.4]","[0.4799984800104797, 0.24000043999544013, 0.16000055999656013, 0.12000051999752008]",state_action_local,1,inf,5,0.05
8,95,Similarity-aware,1.0,-1.9984014443252818e-16,1.8503717077085943e-16,1.7763568394002505e-15,60,E[Agg(Q_xi)] - Agg(E[Q_xi]),True,"[0.1000000000000001, 0.20000000000000004, 0.3, 0.4]","[0.4799984800104797, 0.24000043999544013, 0.16000055999656013, 0.12000051999752008]",state_action_local,1,inf,5,0.05
8,100,Similarity-aware,1.0,3.3306690738754695e-17,2.886579864025407e-16,2.220446049250313e-15,60,E[Agg(Q_xi)] - Agg(E[Q_xi]),True,"[0.1000000000000001, 0.20000000000000004, 0.3, 0.4]","[0.4799984800104797, 0.24000043999544013, 0.16000055999656013, 0.12000051999752008]",state_action_local,1,inf,5,0.05
8,105,Similarity-aware,1.0,-1.1102230246251566e-17,3.219646771412954e-16,2.6645352591003757e-15,60,E[Agg(Q_xi)] - Agg(E[Q_xi]),True,"[0.1000000000000001, 0.20000000000000004, 0.3, 0.4]","[0.4799984800104797, 0.24000043999544013, 0.16000055999656013, 0.12000051999752008]",state_action_local,1,inf,5,0.05
8,110,Similarity-aware,1.0,-7.401486830834377e-17,2.6645352591003756e-16,2.6645352591003757e-15,60,E[Agg(Q_xi)] - Agg(E[Q_xi]),True,"[0.1000000000000001, 0.20000000000000004, 0.3, 0.4]","[0.4799984800104797, 0.24000043999544013, 0.16000055999656013, 0.12000051999752008]",state_action_local,1,inf,5,0.05
8,115,Similarity-aware,1.0,1.3692750637043598e-16,4.1078251911130794e-16,2.220446049250313e-15,60,E[Agg(Q_xi)] - Agg(E[Q_xi]),True,"[0.1000000000000001, 0.20000000000000004, 0.3, 0.4]","[0.4799984800104797, 0.24000043999544013, 0.16000055999656013, 0.12000051999752008]",state_action_local,1,inf,5,0.05
8,120,Similarity-aware,1.0,7.401486830834377e-17,3.552713678800501e-16,2.220446049250313e-15,60,E[Agg(Q_xi)] - Agg(E[Q_xi]),True,"[0.1000000000000001, 0.20000000000000004, 0.3, 0.4]","[0.4799984800104797, 0.24000043999544013, 0.16000055999656013, 0.12000051999752008]",state_action_local,1,inf,5,0.05
8,125,Similarity-aware,1.0,3.3306690738754695e-17,3.774758283725532e-16,2.220446049250313e-15,60,E[Agg(Q_xi)] - Agg(E[Q_xi]),True,"[0.1000000000000001, 0.20000000000000004, 0.3, 0.4]","[0.4799984800104797, 0.24000043999544013, 0.16000055999656013, 0.12000051999752008]",state_action_local,1,inf,5,0.05
8,130,Similarity-aware,1.0,-1.5173048003210473e-16,3.0346096006420946e-16,2.220446049250313e-15,60,E[Agg(Q_xi)] - Agg(E[Q_xi]),True,"[0.1000000000000001, 0.20000000000000004, 0.3, 0.4]","[0.4799984800104797, 0.24000043999544013, 0.16000055999656013, 0.12000051999752008]",state_action_local,1,inf,5,0.05
8,135,Similarity-aware,1.0,3.7007434154171884e-18,3.9227880203422196e-16,2.6645352591003757e-15,60,E[Agg(Q_xi)] - Agg(E[Q_xi]),True,"[0.1000000000000001, 0.20000000000000004, 0.3, 0.4]","[0.4799984800104797, 0.24000043999544013, 0.16000055999656013, 0.12000051999752008]",state_action_local,1,inf,5,0.05
8,140,Similarity-aware,1.0,4.4408920985006264e-17,3.1456319031046104e-16,2.6645352591003757e-15,60,E[Agg(Q_xi)] - Agg(E[Q_xi]),True,"[0.1000000000000001, 0.20000000000000004, 0.3, 0.4]","[0.4799984800104797, 0.24000043999544013, 0.16000055999656013, 0.12000051999752008]",state_action_local,1,inf,5,0.05
8,145,Similarity-aware,1.0,2.590520390792032e-17,4.366877230192282e-16,2.6645352591003757e-15,60,E[Agg(Q_xi)] - Agg(E[Q_xi]),True,"[0.1000000000000001, 0.20000000000000004, 0.3, 0.4]","[0.4799984800104797, 0.24000043999544013, 0.16000055999656013, 0.12000051999752008]",state_action_local,1,inf,5,0.05
8,150,Similarity-aware,1.0,5.551115123125783e-17,4.588921835117314e-16,3.552713678800501e-15,60,E[Agg(Q_xi)] - Agg(E[Q_xi]),True,"[0.1000000000000001, 0.20000000000000004, 0.3, 0.4]","[0.4799984800104797, 0.24000043999544013, 0.16000055999656013, 0.12000051999752008]",state_action_local,1,inf,5,0.05
8,155,Similarity-aware,1.0,-1.5173048003210473e-16,3.811765717879704e-16,3.552713678800501e-15,60,E[Agg(Q_xi)] - Agg(E[Q_xi]),True,"[0.1000000000000001, 0.20000000000000004, 0.3, 0.4]","[0.4799984800104797, 0.24000043999544013, 0.16000055999656013, 0.12000051999752008]",state_action_local,1,inf,5,0.05
8,160,Similarity-aware,1.0,-4.810966440042345e-17,4.440892098500626e-16,3.552713678800501e-15,60,E[Agg(Q_xi)] - Agg(E[Q_xi]),True,"[0.1000000000000001, 0.20000000000000004, 0.3, 0.4]","[0.4799984800104797, 0.24000043999544013, 0.16000055999656013, 0.12000051999752008]",state_action_local,1,inf,5,0.05
8,165,Similarity-aware,1.0,7.771561172376095e-17,4.588921835117314e-16,2.6645352591003757e-15,60,E[Agg(Q_xi)] - Agg(E[Q_xi]),True,"[0.1000000000000001, 0.20000000000000004, 0.3, 0.4]","[0.4799984800104797, 0.24000043999544013, 0.16000055999656013, 0.12000051999752008]",state_action_local,1,inf,5,0.05
8,170,Similarity-aware,1.0,-4.4408920985006264e-17,3.848773152033876e-16,4.440892098500626e-15,60,E[Agg(Q_xi)] - Agg(E[Q_xi]),True,"[0.1000000000000001, 0.20000000000000004, 0.3, 0.4]","[0.4799984800104797, 0.24000043999544013, 0.16000055999656013, 0.12000051999752008]",state_action_local,1,inf,5,0.05
8,175,Similarity-aware,1.0,-8.141635513917814e-17,5.033011044967376e-16,4.440892098500626e-15,60,E[Agg(Q_xi)] - Agg(E[Q_xi]),True,"[0.1000000000000001, 0.20000000000000004, 0.3, 0.4]","[0.4799984800104797, 0.24000043999544013, 0.16000055999656013, 0.12000051999752008]",state_action_local,1,inf,5,0.05
8,180,Similarity-aware,1.0,1.554312234475219e-16,5.995204332975846e-16,3.552713678800501e-15,60,E[Agg(Q_xi)] - Agg(E[Q_xi]),True,"[0.1000000000000001, 0.20000000000000004, 0.3, 0.4]","[0.4799984800104797, 0.24000043999544013, 0.16000055999656013, 0.12000051999752008]",state_action_local,1,inf,5,0.05
8,185,Similarity-aware,1.0,2.1464311809419693e-16,6.217248937900876e-16,3.552713678800501e-15,60,E[Agg(Q_xi)] - Agg(E[Q_xi]),True,"[0.1000000000000001, 0.20000000000000004, 0.3, 0.4]","[0.4799984800104797, 0.24000043999544013, 0.16000055999656013, 0.12000051999752008]",state_action_local,1,inf,5,0.05
8,190,Similarity-aware,1.0,-2.960594732333751e-17,5.329070518200751e-16,3.552713678800501e-15,60,E[Agg(Q_xi)] - Agg(E[Q_xi]),True,"[0.1000000000000001, 0.20000000000000004, 0.3, 0.4]","[0.4799984800104797, 0.24000043999544013, 0.16000055999656013, 0.12000051999752008]",state_action_local,1,inf,5,0.05
8,195,Similarity-aware,1.0,-2.3684757858670006e-16,4.810966440042345e-16,3.552713678800501e-15,60,E[Agg(Q_xi)] - Agg(E[Q_xi]),True,"[0.1000000000000001, 0.20000000000000004, 0.3, 0.4]","[0.4799984800104797, 0.24000043999544013, 0.16000055999656013, 0.12000051999752008]",state_action_local,1,inf,5,0.05
8,200,Similarity-aware,1.0,1.0362081563168128e-16,6.291263806209221e-16,3.552713678800501e-15,60,E[Agg(Q_xi)] - Agg(E[Q_xi]),True,"[0.1000000000000001, 0.20000000000000004, 0.3, 0.4]","[0.4799984800104797, 0.24000043999544013, 0.16000055999656013, 0.12000051999752008]",state_action_local,1,inf,5,0.05
8,205,Similarity-aware,1.0,-7.401486830834377e-18,5.773159728050814e-16,4.440892098500626e-15,60,E[Agg(Q_xi)] - Agg(E[Q_xi]),True,"[0.1000000000000001, 0.20000000000000004, 0.3, 0.4]","[0.4799984800104797, 0.24000043999544013, 0.16000055999656013, 0.12000051999752008]",state_action_local,1,inf,5,0.05
8,210,Similarity-aware,1.0,1.4802973661668754e-17,5.699144859742471e-16,3.552713678800501e-15,60,E[Agg(Q_xi)] - Agg(E[Q_xi]),True,"[0.1000000000000001, 0.20000000000000004, 0.3, 0.4]","[0.4799984800104797, 0.24000043999544013, 0.16000055999656013, 0.12000051999752008]",state_action_local,1,inf,5,0.05
8,215,Similarity-aware,1.0,1.7023419710919068e-16,6.809367884367627e-16,3.552713678800501e-15,60,E[Agg(Q_xi)] - Agg(E[Q_xi]),True,"[0.1000000000000001, 0.20000000000000004, 0.3, 0.4]","[0.4799984800104797, 0.24000043999544013, 0.16000055999656013, 0.12000051999752008]",state_action_local,1,inf,5,0.05
8,220,Similarity-aware,1.0,-3.7007434154171886e-16,4.884981308350689e-16,5.329070518200751e-15,60,E[Agg(Q_xi)] - Agg(E[Q_xi]),True,"[0.1000000000000001, 0.20000000000000004, 0.3, 0.4]","[0.4799984800104797, 0.24000043999544013, 0.16000055999656013, 0.12000051999752008]",state_action_local,1,inf,5,0.05
8,225,Similarity-aware,1.0,-2.3684757858670006e-16,4.884981308350689e-16,5.329070518200751e-15,60,E[Agg(Q_xi)] - Agg(E[Q_xi]),True,"[0.1000000000000001, 0.20000000000000004, 0.3, 0.4]","[0.4799984800104797, 0.24000043999544013, 0.16000055999656013, 0.12000051999752008]",state_action_local,1,inf,5,0.05
8,230,Similarity-aware,1.0,-6.661338147750939e-17,5.773159728050814e-16,4.440892098500626e-15,60,E[Agg(Q_xi)] - Agg(E[Q_xi]),True,"[0.1000000000000001, 0.20000000000000004, 0.3, 0.4]","[0.4799984800104797, 0.24000043999544013, 0.16000055999656013, 0.12000051999752008]",state_action_local,1,inf,5,0.05
8,235,Similarity-aware,1.0,5.181040781584064e-17,7.179442225909346e-16,4.440892098500626e-15,60,E[Agg(Q_xi)] - Agg(E[Q_xi]),True,"[0.1000000000000001, 0.20000000000000004, 0.3, 0.4]","[0.4799984800104797, 0.24000043999544013, 0.16000055999656013, 0.12000051999752008]",state_action_local,1,inf,5,0.05
8,240,Similarity-aware,1.0,-1.554312234475219e-16,5.477100254817439e-16,3.552713678800501e-15,60,E[Agg(Q_xi)] - Agg(E[Q_xi]),True,"[0.1000000000000001, 0.20000000000000004, 0.3, 0.4]","[0.4799984800104797, 0.24000043999544013, 0.16000055999656013, 0.12000051999752008]",state_action_local,1,inf,5,0.05
8,245,Similarity-aware,1.0,-5.921189464667501e-17,7.253457094217689e-16,5.329070518200751e-15,60,E[Agg(Q_xi)] - Agg(E[Q_xi]),True,"[0.1000000000000001, 0.20000000000000004, 0.3, 0.4]","[0.4799984800104797, 0.24000043999544013, 0.16000055999656013, 0.12000051999752008]",state_action_local,1,inf,5,0.05
8,250,Similarity-aware,1.0,1.8503717077085943e-16,6.661338147750939e-16,4.440892098500626e-15,60,E[Agg(Q_xi)] - Agg(E[Q_xi]),True,"[0.1000000000000001, 0.20000000000000004, 0.3, 0.4]","[0.4799984800104797, 0.24000043999544013, 0.16000055999656013, 0.12000051999752008]",state_action_local,1,inf,5,0.05
8,255,Similarity-aware,1.0,-7.401486830834377e-18,6.513308411134251e-16,5.329070518200751e-15,60,E[Agg(Q_xi)] - Agg(E[Q_xi]),True,"[0.1000000000000001, 0.20000000000000004, 0.3, 0.4]","[0.4799984800104797, 0.24000043999544013, 0.16000055999656013, 0.12000051999752008]",state_action_local,1,inf,5,0.05
8,260,Similarity-aware,1.0,9.62193288008469e-17,8.067620645609471e-16,6.217248937900877e-15,60,E[Agg(Q_xi)] - Agg(E[Q_xi]),True,"[0.1000000000000001, 0.20000000000000004, 0.3, 0.4]","[0.4799984800104797, 0.24000043999544013, 0.16000055999656013, 0.12000051999752008]",state_action_local,1,inf,5,0.05
8,265,Similarity-aware,1.0,1.1102230246251565e-16,6.883382752675971e-16,6.217248937900877e-15,60,E[Agg(Q_xi)] - Agg(E[Q_xi]),True,"[0.1000000000000001, 0.20000000000000004, 0.3, 0.4]","[0.4799984800104797, 0.24000043999544013, 0.16000055999656013, 0.12000051999752008]",state_action_local,1,inf,5,0.05
8,270,Similarity-aware,1.0,-9.62193288008469e-17,7.549516567451064e-16,5.329070518200751e-15,60,E[Agg(Q_xi)] - Agg(E[Q_xi]),True,"[0.1000000000000001, 0.20000000000000004, 0.3, 0.4]","[0.4799984800104797, 0.24000043999544013, 0.16000055999656013, 0.12000051999752008]",state_action_local,1,inf,5,0.05
8,275,Similarity-aware,1.0,-1.1842378929335003e-16,6.513308411134251e-16,5.329070518200751e-15,60,E[Agg(Q_xi)] - Agg(E[Q_xi]),True,"[0.1000000000000001, 0.20000000000000004, 0.3, 0.4]","[0.4799984800104797, 0.24000043999544013, 0.16000055999656013, 0.12000051999752008]",state_action_local,1,inf,5,0.05
8,280,Similarity-aware,1.0,1.4062824978585316e-16,7.179442225909346e-16,4.440892098500626e-15,60,E[Agg(Q_xi)] - Agg(E[Q_xi]),True,"[0.1000000000000001, 0.20000000000000004, 0.3, 0.4]","[0.4799984800104797, 0.24000043999544013, 0.16000055999656013, 0.12000051999752008]",state_action_local,1,inf,5,0.05
8,285,Similarity-aware,1.0,-2.960594732333751e-17,7.845576040684439e-16,5.329070518200751e-15,60,E[Agg(Q_xi)] - Agg(E[Q_xi]),True,"[0.1000000000000001, 0.20000000000000004, 0.3, 0.4]","[0.4799984800104797, 0.24000043999544013, 0.16000055999656013, 0.12000051999752008]",state_action_local,1,inf,5,0.05
8,290,Similarity-aware,1.0,-2.516505522483688e-16,5.477100254817439e-16,4.440892098500626e-15,60,E[Agg(Q_xi)] - Agg(E[Q_xi]),True,"[0.1000000000000001, 0.20000000000000004, 0.3, 0.4]","[0.4799984800104797, 0.24000043999544013, 0.16000055999656013, 0.12000051999752008]",state_action_local,1,inf,5,0.05
8,295,Similarity-aware,1.0,2.0724163126336256e-16,7.475501699142721e-16,4.440892098500626e-15,60,E[Agg(Q_xi)] - Agg(E[Q_xi]),True,"[0.1000000000000001, 0.20000000000000004, 0.3, 0.4]","[0.4799984800104797, 0.24000043999544013, 0.16000055999656013, 0.12000051999752008]",state_action_local,1,inf,5,0.05
8,300,Similarity-aware,1.0,-6.661338147750939e-17,6.883382752675971e-16,5.329070518200751e-15,60,E[Agg(Q_xi)] - Agg(E[Q_xi]),True,"[0.1000000000000001, 0.20000000000000004, 0.3, 0.4]","[0.4799984800104797, 0.24000043999544013, 0.16000055999656013, 0.12000051999752008]",state_action_local,1,inf,5,0.05
8,305,Similarity-aware,1.0,3.700743415417188e-17,7.105427357601002e-16,3.552713678800501e-15,60,E[Agg(Q_xi)] - Agg(E[Q_xi]),True,"[0.1000000000000001, 0.20000000000000004, 0.3, 0.4]","[0.4799984800104797, 0.24000043999544013, 0.16000055999656013, 0.12000051999752008]",state_action_local,1,inf,5,0.05
8,310,Similarity-aware,1.0,-4.4408920985006264e-17,6.661338147750939e-16,5.329070518200751e-15,60,E[Agg(Q_xi)] - Agg(E[Q_xi]),True,"[0.1000000000000001, 0.20000000000000004, 0.3, 0.4]","[0.4799984800104797, 0.24000043999544013, 0.16000055999656013, 0.12000051999752008]",state_action_local,1,inf,5,0.05
8,315,Similarity-aware,1.0,8.881784197001253e-17,8.437694987151189e-16,5.329070518200751e-15,60,E[Agg(Q_xi)] - Agg(E[Q_xi]),True,"[0.1000000000000001, 0.20000000000000004, 0.3, 0.4]","[0.4799984800104797, 0.24000043999544013, 0.16000055999656013, 0.12000051999752008]",state_action_local,1,inf,5,0.05
8,320,Similarity-aware,1.0,-8.141635513917814e-17,6.809367884367627e-16,6.217248937900877e-15,60,E[Agg(Q_xi)] - Agg(E[Q_xi]),True,"[0.1000000000000001, 0.20000000000000004, 0.3, 0.4]","[0.4799984800104797, 0.24000043999544013, 0.16000055999656013, 0.12000051999752008]",state_action_local,1,inf,5,0.05
8,325,Similarity-aware,1.0,-1.4802973661668754e-17,7.327471962526033e-16,5.329070518200751e-15,60,E[Agg(Q_xi)] - Agg(E[Q_xi]),True,"[0.1000000000000001, 0.20000000000000004, 0.3, 0.4]","[0.4799984800104797, 0.24000043999544013, 0.16000055999656013, 0.12000051999752008]",state_action_local,1,inf,5,0.05
8,330,Similarity-aware,1.0,-1.7023419710919068e-16,5.847174596359158e-16,3.552713678800501e-15,60,E[Agg(Q_xi)] - Agg(E[Q_xi]),True,"[0.1000000000000001, 0.20000000000000004, 0.3, 0.4]","[0.4799984800104797, 0.24000043999544013, 0.16000055999656013, 0.12000051999752008]",state_action_local,1,inf,5,0.05
8,335,Similarity-aware,1.0,-2.294460917558657e-16,5.551115123125783e-16,5.329070518200751e-15,60,E[Agg(Q_xi)] - Agg(E[Q_xi]),True,"[0.1000000000000001, 0.20000000000000004, 0.3, 0.4]","[0.4799984800104797, 0.24000043999544013, 0.16000055999656013, 0.12000051999752008]",state_action_local,1,inf,5,0.05
8,340,Similarity-aware,1.0,3.108624468950438e-16,8.733754460384564e-16,6.217248937900877e-15,60,E[Agg(Q_xi)] - Agg(E[Q_xi]),True,"[0.1000000000000001, 0.20000000000000004, 0.3, 0.4]","[0.4799984800104797, 0.24000043999544013, 0.16000055999656013, 0.12000051999752008]",state_action_local,1,inf,5,0.05
8,345,Similarity-aware,1.0,4.4408920985006264e-17,7.919590908992784e-16,5.329070518200751e-15,60,E[Agg(Q_xi)] - Agg(E[Q_xi]),True,"[0.1000000000000001, 0.20000000000000004, 0.3, 0.4]","[0.4799984800104797, 0.24000043999544013, 0.16000055999656013, 0.12000051999752008]",state_action_local,1,inf,5,0.05
8,350,Similarity-aware,1.0,1.554312234475219e-16,7.401486830834377e-16,4.440892098500626e-15,60,E[Agg(Q_xi)] - Agg(E[Q_xi]),True,"[0.1000000000000001, 0.20000000000000004, 0.3, 0.4]","[0.4799984800104797, 0.24000043999544013, 0.16000055999656013, 0.12000051999752008]",state_action_local,1,inf,5,0.05
8,355,Similarity-aware,1.0,-3.3306690738754696e-16,5.995204332975846e-16,4.440892098500626e-15,60,E[Agg(Q_xi)] - Agg(E[Q_xi]),True,"[0.1000000000000001, 0.20000000000000004, 0.3, 0.4]","[0.4799984800104797, 0.24000043999544013, 0.16000055999656013, 0.12000051999752008]",state_action_local,1,inf,5,0.05
8,360,Similarity-aware,1.0,9.62193288008469e-17,7.475501699142721e-16,5.329070518200751e-15,60,E[Agg(Q_xi)] - Agg(E[Q_xi]),True,"[0.1000000000000001, 0.20000000000000004, 0.3, 0.4]","[0.4799984800104797, 0.24000043999544013, 0.16000055999656013, 0.12000051999752008]",state_action_local,1,inf,5,0.05
8,365,Similarity-aware,1.0,2.9605947323337506e-16,9.325873406851315e-16,7.105427357601002e-15,60,E[Agg(Q_xi)] - Agg(E[Q_xi]),True,"[0.1000000000000001, 0.20000000000000004, 0.3, 0.4]","[0.4799984800104797, 0.24000043999544013, 0.16000055999656013, 0.12000051999752008]",state_action_local,1,inf,5,0.05
8,370,Similarity-aware,1.0,-8.881784197001253e-17,7.253457094217689e-16,4.440892098500626e-15,60,E[Agg(Q_xi)] - Agg(E[Q_xi]),True,"[0.1000000000000001, 0.20000000000000004, 0.3, 0.4]","[0.4799984800104797, 0.24000043999544013, 0.16000055999656013, 0.12000051999752008]",state_action_local,1,inf,5,0.05
8,375,Similarity-aware,1.0,-2.886579864025407e-16,6.587323279442596e-16,5.329070518200751e-15,60,E[Agg(Q_xi)] - Agg(E[Q_xi]),True,"[0.1000000000000001, 0.20000000000000004, 0.3, 0.4]","[0.4799984800104797, 0.24000043999544013, 0.16000055999656013, 0.12000051999752008]",state_action_local,1,inf,5,0.05
8,380,Similarity-aware,1.0,-1.258252761241844e-16,7.253457094217689e-16,5.329070518200751e-15,60,E[Agg(Q_xi)] - Agg(E[Q_xi]),True,"[0.1000000000000001, 0.20000000000000004, 0.3, 0.4]","[0.4799984800104797, 0.24000043999544013, 0.16000055999656013, 0.12000051999752008]",state_action_local,1,inf,5,0.05
8,385,Similarity-aware,1.0,8.141635513917814e-17,7.771561172376096e-16,5.329070518200751e-15,60,E[Agg(Q_xi)] - Agg(E[Q_xi]),True,"[0.1000000000000001, 0.20000000000000004, 0.3, 0.4]","[0.4799984800104797, 0.24000043999544013, 0.16000055999656013, 0.12000051999752008]",state_action_local,1,inf,5,0.05
8,390,Similarity-aware,1.0,-1.258252761241844e-16,7.475501699142721e-16,5.329070518200751e-15,60,E[Agg(Q_xi)] - Agg(E[Q_xi]),True,"[0.1000000000000001, 0.20000000000000004, 0.3, 0.4]","[0.4799984800104797, 0.24000043999544013, 0.16000055999656013, 0.12000051999752008]",state_action_local,1,inf,5,0.05
8,395,Similarity-aware,1.0,6.661338147750939e-17,9.547918011776346e-16,7.105427357601002e-15,60,E[Agg(Q_xi)] - Agg(E[Q_xi]),True,"[0.1000000000000001, 0.20000000000000004, 0.3, 0.4]","[0.4799984800104797, 0.24000043999544013, 0.16000055999656013, 0.12000051999752008]",state_action_local,1,inf,5,0.05
8,400,Similarity-aware,1.0,7.401486830834377e-18,8.141635513917814e-16,5.329070518200751e-15,60,E[Agg(Q_xi)] - Agg(E[Q_xi]),True,"[0.1000000000000001, 0.20000000000000004, 0.3, 0.4]","[0.4799984800104797, 0.24000043999544013, 0.16000055999656013, 0.12000051999752008]",state_action_local,1,inf,5,0.05
9,5,Maximum-based,1.0,0.05880084555791672,0.05880084555791672,0.07043157512648124,60,E[Agg(Q_xi)] - Agg(E[Q_xi]),True,"[0.1000000000000001, 0.2, 0.29999999999999993, 0.4]","[0.4799984800104797, 0.24000043999544013, 0.16000055999656015, 0.12000051999752008]",state_action_local,1,inf,5,0.05
9,10,Maximum-based,1.0,0.05671157350302317,0.05671157350302317,0.0702229414086945,60,E[Agg(Q_xi)] - Agg(E[Q_xi]),True,"[0.1000000000000001, 0.2, 0.29999999999999993, 0.4]","[0.4799984800104797, 0.24000043999544013, 0.16000055999656015, 0.12000051999752008]",state_action_local,1,inf,5,0.05
9,15,Maximum-based,1.0,0.05542998216895339,0.05542998216895339,0.06551198288269161,60,E[Agg(Q_xi)] - Agg(E[Q_xi]),True,"[0.1000000000000001, 0.2, 0.29999999999999993, 0.4]","[0.4799984800104797, 0.24000043999544013, 0.16000055999656015, 0.12000051999752008]",state_action_local,1,inf,5,0.05
9,20,Maximum-based,1.0,0.05441086462101993,0.05441086462101993,0.06431817524992733,60,E[Agg(Q_xi)] - Agg(E[Q_xi]),True,"[0.1000000000000001, 0.2, 0.29999999999999993, 0.4]","[0.4799984800104797, 0.24000043999544013, 0.16000055999656015, 0.12000051999752008]",state_action_local,1,inf,5,0.05
9,25,Maximum-based,1.0,0.05255626248367991,0.05255626248367991,0.06988039112876854,60,E[Agg(Q_xi)] - Agg(E[Q_xi]),True,"[0.1000000000000001, 0.2, 0.29999999999999993, 0.4]","[0.4799984800104797, 0.24000043999544013, 0.16000055999656015, 0.12000051999752008]",state_action_local,1,inf,5,0.05
9,30,Maximum-based,1.0,0.0528805487904922,0.0528805487904922,0.0627513855620232,60,E[Agg(Q_xi)] - Agg(E[Q_xi]),True,"[0.1000000000000001, 0.2, 0.29999999999999993, 0.4]","[0.4799984800104797, 0.24000043999544013, 0.16000055999656015, 0.12000051999752008]",state_action_local,1,inf,5,0.05
9,35,Maximum-based,1.0,0.052144860932065294,0.052144860932065294,0.06801447150000173,60,E[Agg(Q_xi)] - Agg(E[Q_xi]),True,"[0.1000000000000001, 0.2, 0.29999999999999993, 0.4]","[0.4799984800104797, 0.24000043999544013, 0.16000055999656015, 0.12000051999752008]",state_action_local,1,inf,5,0.05
9,40,Maximum-based,1.0,0.05230339854983077,0.05230339854983077,0.06343970648798791,60,E[Agg(Q_xi)] - Agg(E[Q_xi]),True,"[0.1000000000000001, 0.2, 0.29999999999999993, 0.4]","[0.4799984800104797, 0.24000043999544013, 0.16000055999656015, 0.12000051999752008]",state_action_local,1,inf,5,0.05
9,45,Maximum-based,1.0,0.05147342221823836,0.05147342221823836,0.06355633535025662,60,E[Agg(Q_xi)] - Agg(E[Q_xi]),True,"[0.1000000000000001, 0.2, 0.29999999999999993, 0.4]","[0.4799984800104797, 0.24000043999544013, 0.16000055999656015, 0.12000051999752008]",state_action_local,1,inf,5,0.05
9,50,Maximum-based,1.0,0.05141911761264652,0.05141911761264652,0.06423537463425077,60,E[Agg(Q_xi)] - Agg(E[Q_xi]),True,"[0.1000000000000001, 0.2, 0.29999999999999993, 0.4]","[0.4799984800104797, 0.24000043999544013, 0.16000055999656015, 0.12000051999752008]",state_action_local,1,inf,5,0.05
9,55,Maximum-based,1.0,0.051111512749367385,0.051111512749367385,0.0682115130347496,60,E[Agg(Q_xi)] - Agg(E[Q_xi]),True,"[0.1000000000000001, 0.2, 0.29999999999999993, 0.4]","[0.4799984800104797, 0.24000043999544013, 0.16000055999656015, 0.12000051999752008]",state_action_local,1,inf,5,0.05
9,60,Maximum-based,1.0,0.051199453930729624,0.051199453930729624,0.06893356401422723,60,E[Agg(Q_xi)] - Agg(E[Q_xi]),True,"[0.1000000000000001, 0.2, 0.29999999999999993, 0.4]","[0.4799984800104797, 0.24000043999544013, 0.16000055999656015, 0.12000051999752008]",state_action_local,1,inf,5,0.05
9,65,Maximum-based,1.0,0.05066807873048575,0.05066807873048575,0.06771295347142514,60,E[Agg(Q_xi)] - Agg(E[Q_xi]),True,"[0.1000000000000001, 0.2, 0.29999999999999993, 0.4]","[0.4799984800104797, 0.24000043999544013, 0.16000055999656015, 0.12000051999752008]",state_action_local,1,inf,5,0.05
9,70,Maximum-based,1.0,0.050587385565500825,0.050587385565500825,0.06254611285127165,60,E[Agg(Q_xi)] - Agg(E[Q_xi]),True,"[0.1000000000000001, 0.2, 0.29999999999999993, 0.4]","[0.4799984800104797, 0.24000043999544013, 0.16000055999656015, 0.12000051999752008]",state_action_local,1,inf,5,0.05
9,75,Maximum-based,1.0,0.05001752453144017,0.05001752453144017,0.061934352231664214,60,E[Agg(Q_xi)] - Agg(E[Q_xi]),True,"[0.1000000000000001, 0.2, 0.29999999999999993, 0.4]","[0.4799984800104797, 0.24000043999544013, 0.16000055999656015, 0.12000051999752008]",state_action_local,1,inf,5,0.05
9,80,Maximum-based,1.0,0.05035004228624495,0.05035004228624495,0.06411801926893457,60,E[Agg(Q_xi)] - Agg(E[Q_xi]),True,"[0.1000000000000001, 0.2, 0.29999999999999993, 0.4]","[0.4799984800104797, 0.24000043999544013, 0.16000055999656015, 0.12000051999752008]",state_action_local,1,inf,5,0.05
9,85,Maximum-based,1.0,0.04997690343203143,0.04997690343203143,0.06569977283657913,60,E[Agg(Q_xi)] - Agg(E[Q_xi]),True,"[0.1000000000000001, 0.2, 0.29999999999999993, 0.4]","[0.4799984800104797, 0.24000043999544013, 0.16000055999656015, 0.12000051999752008]",state_action_local,1,inf,5,0.05
9,90,Maximum-based,1.0,0.04966347956617359,0.04966347956617359,0.059765452921336504,60,E[Agg(Q_xi)] - Agg(E[Q_xi]),True,"[0.1000000000000001, 0.2, 0.29999999999999993, 0.4]","[0.4799984800104797, 0.24000043999544013, 0.16000055999656015, 0.12000051999752008]",state_action_local,1,inf,5,0.05
9,95,Maximum-based,1.0,0.05086047181327361,0.05086047181327361,0.06671888942097226,60,E[Agg(Q_xi)] - Agg(E[Q_xi]),True,"[0.1000000000000001, 0.2, 0.29999999999999993, 0.4]","[0.4799984800104797, 0.24000043999544013, 0.16000055999656015, 0.12000051999752008]",state_action_local,1,inf,5,0.05
9,100,Maximum-based,1.0,0.0495992667758322,0.0495992667758322,0.06260831060949013,60,E[Agg(Q_xi)] - Agg(E[Q_xi]),True,"[0.1000000000000001, 0.2, 0.29999999999999993, 0.4]","[0.4799984800104797, 0.24000043999544013, 0.16000055999656015, 0.12000051999752008]",state_action_local,1,inf,5,0.05
9,105,Maximum-based,1.0,0.049672187053119925,0.049672187053119925,0.061966153487735376,60,E[Agg(Q_xi)] - Agg(E[Q_xi]),True,"[0.1000000000000001, 0.2, 0.29999999999999993, 0.4]","[0.4799984800104797, 0.24000043999544013, 0.16000055999656015, 0.12000051999752008]",state_action_local,1,inf,5,0.05
9,110,Maximum-based,1.0,0.05027406987416812,0.05027406987416812,0.06317082022343534,60,E[Agg(Q_xi)] - Agg(E[Q_xi]),True,"[0.1000000000000001, 0.2, 0.29999999999999993, 0.4]","[0.4799984800104797, 0.24000043999544013, 0.16000055999656015, 0.12000051999752008]",state_action_local,1,inf,5,0.05
9,115,Maximum-based,1.0,0.049808033310214245,0.049808033310214245,0.06159844279534532,60,E[Agg(Q_xi)] - Agg(E[Q_xi]),True,"[0.1000000000000001, 0.2, 0.29999999999999993, 0.4]","[0.4799984800104797, 0.24000043999544013, 0.16000055999656015, 0.12000051999752008]",state_action_local,1,inf,5,0.05
9,120,Maximum-based,1.0,0.04973984524710439,0.04973984524710439,0.06409771003038855,60,E[Agg(Q_xi)] - Agg(E[Q_xi]),True,"[0.1000000000000001, 0.2, 0.29999999999999993, 0.4]","[0.4799984800104797, 0.24000043999544013, 0.16000055999656015, 0.12000051999752008]",state_action_local,1,inf,5,0.05
9,125,Maximum-based,1.0,0.049810241921501,0.049810241921501,0.0646788019768696,60,E[Agg(Q_xi)] - Agg(E[Q_xi]),True,"[0.1000000000000001, 0.2, 0.29999999999999993, 0.4]","[0.4799984800104797, 0.24000043999544013, 0.16000055999656015, 0.12000051999752008]",state_action_local,1,inf,5,0.05
9,130,Maximum-based,1.0,0.050239597131572174,0.050239597131572174,0.06608095625936006,60,E[Agg(Q_xi)] - Agg(E[Q_xi]),True,"[0.1000000000000001, 0.2, 0.29999999999999993, 0.4]","[0.4799984800104797, 0.24000043999544013, 0.16000055999656015, 0.12000051999752008]",state_action_local,1,inf,5,0.05
9,135,Maximum-based,1.0,0.04978643157090878,0.04978643157090878,0.06354678235028732,60,E[Agg(Q_xi)] - Agg(E[Q_xi]),True,"[0.1000000000000001, 0.2, 0.29999999999999993, 0.4]","[0.4799984800104797, 0.24000043999544013, 0.16000055999656015, 0.12000051999752008]",state_action_local,1,inf,5,0.05
9,140,Maximum-based,1.0,0.04922470685882863,0.04922470685882863,0.06410095493424617,60,E[Agg(Q_xi)] - Agg(E[Q_xi]),True,"[0.1000000000000001, 0.2, 0.29999999999999993, 0.4]","[0.4799984800104797, 0.24000043999544013, 0.16000055999656015, 0.12000051999752008]",state_action_local,1,inf,5,0.05
9,145,Maximum-based,1.0,0.04938804001239102,0.04938804001239102,0.06176114801889998,60,E[Agg(Q_xi)] - Agg(E[Q_xi]),True,"[0.1000000000000001, 0.2, 0.29999999999999993, 0.4]","[0.4799984800104797, 0.24000043999544013, 0.16000055999656015, 0.12000051999752008]",state_action_local,1,inf,5,0.05
9,150,Maximum-based,1.0,0.05015846454377192,0.05015846454377192,0.06345224851569764,60,E[Agg(Q_xi)] - Agg(E[Q_xi]),True,"[0.1000000000000001, 0.2, 0.29999999999999993, 0.4]","[0.4799984800104797, 0.24000043999544013, 0.16000055999656015, 0.12000051999752008]",state_action_local,1,inf,5,0.05
9,155,Maximum-based,1.0,0.049394033269647745,0.049394033269647745,0.0650850016613731,60,E[Agg(Q_xi)] - Agg(E[Q_xi]),True,"[0.1000000000000001, 0.2, 0.29999999999999993, 0.4]","[0.4799984800104797, 0.24000043999544013, 0.16000055999656015, 0.12000051999752008]",state_action_local,1,inf,5,0.05
9,160,Maximum-based,1.0,0.04975636035659355,0.04975636035659355,0.061092267684957235,60,E[Agg(Q_xi)] - Agg(E[Q_xi]),True,"[0.1000000000000001, 0.2, 0.29999999999999993, 0.4]","[0.4799984800104797, 0.24000043999544013, 0.16000055999656015, 0.12000051999752008]",state_action_local,1,inf,5,0.05
9,165,Maximum-based,1.0,0.049571384390148965,0.049571384390148965,0.06261052825675772,60,E[Agg(Q_xi)] - Agg(E[Q_xi]),True,"[0.1000000000000001, 0.2, 0.29999999999999993, 0.4]","[0.4799984800104797, 0.24000043999544013, 0.16000055999656015, 0.12000051999752008]",state_action_local,1,inf,5,0.05
9,170,Maximum-based,1.0,0.050030449863011625,0.050030449863011625,0.06403409875775257,60,E[Agg(Q_xi)] - Agg(E[Q_xi]),True,"[0.1000000000000001, 0.2, 0.29999999999999993, 0.4]","[0.4799984800104797, 0.24000043999544013, 0.16000055999656015, 0.12000051999752008]",state_action_local,1,inf,5,0.05
9,175,Maximum-based,1.0,0.05019082622638979,0.05019082622638979,0.06582491232089271,60,E[Agg(Q_xi)] - Agg(E[Q_xi]),True,"[0.1000000000000001, 0.2, 0.29999999999999993, 0.4]","[0.4799984800104797, 0.24000043999544013, 0.16000055999656015, 0.12000051999752008]",state_action_local,1,inf,5,0.05
9,180,Maximum-based,1.0,0.049610245951711936,0.049610245951711936,0.06488944756331971,60,E[Agg(Q_xi)] - Agg(E[Q_xi]),True,"[0.1000000000000001, 0.2, 0.29999999999999993, 0.4]","[0.4799984800104797, 0.24000043999544013, 0.16000055999656015, 0.12000051999752008]",state_action_local,1,inf,5,0.05
9,185,Maximum-based,1.0,0.05016031810951336,0.05016031810951336,0.062259599852628966,60,E[Agg(Q_xi)] - Agg(E[Q_xi]),True,"[0.1000000000000001, 0.2, 0.29999999999999993, 0.4]","[0.4799984800104797, 0.24000043999544013, 0.16000055999656015, 0.12000051999752008]",state_action_local,1,inf,5,0.05
9,190,Maximum-based,1.0,0.04901527136885606,0.04901527136885606,0.06231813717340007,60,E[Agg(Q_xi)] - Agg(E[Q_xi]),True,"[0.1000000000000001, 0.2, 0.29999999999999993, 0.4]","[0.4799984800104797, 0.24000043999544013, 0.16000055999656015, 0.12000051999752008]",state_action_local,1,inf,5,0.05
9,195,Maximum-based,1.0,0.05037043163580888,0.05037043163580888,0.06244579636923664,60,E[Agg(Q_xi)] - Agg(E[Q_xi]),True,"[0.1000000000000001, 0.2, 0.29999999999999993, 0.4]","[0.4799984800104797, 0.24000043999544013, 0.16000055999656015, 0.12000051999752008]",state_action_local,1,inf,5,0.05
9,200,Maximum-based,1.0,0.04967486519969353,0.04967486519969353,0.06043997617317132,60,E[Agg(Q_xi)] - Agg(E[Q_xi]),True,"[0.1000000000000001, 0.2, 0.29999999999999993, 0.4]","[0.4799984800104797, 0.24000043999544013, 0.16000055999656015, 0.12000051999752008]",state_action_local,1,inf,5,0.05
9,205,Maximum-based,1.0,0.04979279863704179,0.04979279863704179,0.06090154966940364,60,E[Agg(Q_xi)] - Agg(E[Q_xi]),True,"[0.1000000000000001, 0.2, 0.29999999999999993, 0.4]","[0.4799984800104797, 0.24000043999544013, 0.16000055999656015, 0.12000051999752008]",state_action_local,1,inf,5,0.05
9,210,Maximum-based,1.0,0.04971976889146502,0.04971976889146502,0.060590743459127516,60,E[Agg(Q_xi)] - Agg(E[Q_xi]),True,"[0.1000000000000001, 0.2, 0.29999999999999993, 0.4]","[0.4799984800104797, 0.24000043999544013, 0.16000055999656015, 0.12000051999752008]",state_action_local,1,inf,5,0.05
9,215,Maximum-based,1.0,0.049125340157735085,0.049125340157735085,0.06160722581778355,60,E[Agg(Q_xi)] - Agg(E[Q_xi]),True,"[0.1000000000000001, 0.2, 0.29999999999999993, 0.4]","[0.4799984800104797, 0.24000043999544013, 0.16000055999656015, 0.12000051999752008]",state_action_local,1,inf,5,0.05
9,220,Maximum-based,1.0,0.04907919776431564,0.04907919776431564,0.0645131333219151,60,E[Agg(Q_xi)] - Agg(E[Q_xi]),True,"[0.1000000000000001, 0.2, 0.29999999999999993, 0.4]","[0.4799984800104797, 0.24000043999544013, 0.16000055999656015, 0.12000051999752008]",state_action_local,1,inf,5,0.05
9,225,Maximum-based,1.0,0.04975694259491648,0.04975694259491648,0.06602706858019047,60,E[Agg(Q_xi)] - Agg(E[Q_xi]),True,"[0.1000000000000001, 0.2, 0.29999999999999993, 0.4]","[0.4799984800104797, 0.24000043999544013, 0.16000055999656015, 0.12000051999752008]",state_action_local,1,inf,5,0.05
9,230,Maximum-based,1.0,0.048970416644696146,0.048970416644696146,0.0634729725112102,60,E[Agg(Q_xi)] - Agg(E[Q_xi]),True,"[0.1000000000000001, 0.2, 0.29999999999999993, 0.4]","[0.4799984800104797, 0.24000043999544013, 0.16000055999656015, 0.12000051999752008]",state_action_local,1,inf,5,0.05
9,235,Maximum-based,1.0,0.04940415446951339,0.04940415446951339,0.06059554265963918,60,E[Agg(Q_xi)] - Agg(E[Q_xi]),True,"[0.1000000000000001, 0.2, 0.29999999999999993, 0.4]","[0.4799984800104797, 0.24000043999544013, 0.16000055999656015, 0.12000051999752008]",state_action_local,1,inf,5,0.05
9,240,Maximum-based,1.0,0.04966692604331893,0.04966692604331893,0.06421934796898654,60,E[Agg(Q_xi)] - Agg(E[Q_xi]),True,"[0.1000000000000001, 0.2, 0.29999999999999993, 0.4]","[0.4799984800104797, 0.24000043999544013, 0.16000055999656015, 0.12000051999752008]",state_action_local,1,inf,5,0.05
9,245,Maximum-based,1.0,0.049517865230787037,0.049517865230787037,0.06255234796445741,60,E[Agg(Q_xi)] - Agg(E[Q_xi]),True,"[0.1000000000000001, 0.2, 0.29999999999999993, 0.4]","[0.4799984800104797, 0.24000043999544013, 0.16000055999656015, 0.12000051999752008]",state_action_local,1,inf,5,0.05
9,250,Maximum-based,1.0,0.04951860104220188,0.04951860104220188,0.06158071069756055,60,E[Agg(Q_xi)] - Agg(E[Q_xi]),True,"[0.1000000000000001, 0.2, 0.29999999999999993, 0.4]","[0.4799984800104797, 0.24000043999544013, 0.16000055999656015, 0.12000051999752008]",state_action_local,1,inf,5,0.05
9,255,Maximum-based,1.0,0.05047695761986321,0.05047695761986321,0.06191911670785544,60,E[Agg(Q_xi)] - Agg(E[Q_xi]),True,"[0.1000000000000001, 0.2, 0.29999999999999993, 0.4]","[0.4799984800104797, 0.24000043999544013, 0.16000055999656015, 0.12000051999752008]",state_action_local,1,inf,5,0.05
9,260,Maximum-based,1.0,0.04948202272014105,0.04948202272014105,0.05910664574659563,60,E[Agg(Q_xi)] - Agg(E[Q_xi]),True,"[0.1000000000000001, 0.2, 0.29999999999999993, 0.4]","[0.4799984800104797, 0.24000043999544013, 0.16000055999656015, 0.12000051999752008]",state_action_local,1,inf,5,0.05
9,265,Maximum-based,1.0,0.04998146046988379,0.04998146046988379,0.06638540427298878,60,E[Agg(Q_xi)] - Agg(E[Q_xi]),True,"[0.1000000000000001, 0.2, 0.29999999999999993, 0.4]","[0.4799984800104797, 0.24000043999544013, 0.16000055999656015, 0.12000051999752008]",state_action_local,1,inf,5,0.05
9,270,Maximum-based,1.0,0.04922247098360312,0.04922247098360312,0.06566137813198125,60,E[Agg(Q_xi)] - Agg(E[Q_xi]),True,"[0.1000000000000001, 0.2, 0.29999999999999993, 0.4]","[0.4799984800104797, 0.24000043999544013, 0.16000055999656015, 0.12000051999752008]",state_action_local,1,inf,5,0.05
9,275,Maximum-based,1.0,0.049697412316708316,0.049697412316708316,0.06404599995431148,60,E[Agg(Q_xi)] - Agg(E[Q_xi]),True,"[0.1000000000000001, 0.2, 0.29999999999999993, 0.4]","[0.4799984800104797, 0.24000043999544013, 0.16000055999656015, 0.12000051999752008]",state_action_local,1,inf,5,0.05
9,280,Maximum-based,1.0,0.04919908502927717,0.04919908502927717,0.0639490781513441,60,E[Agg(Q_xi)] - Agg(E[Q_xi]),True,"[0.1000000000000001, 0.2, 0.29999999999999993, 0.4]","[0.4799984800104797, 0.24000043999544013, 0.16000055999656015, 0.12000051999752008]",state_action_local,1,inf,5,0.05
9,285,Maximum-based,1.0,0.050102888734760855,0.050102888734760855,0.06285645570185139,60,E[Agg(Q_xi)] - Agg(E[Q_xi]),True,"[0.1000000000000001, 0.2, 0.29999999999999993, 0.4]","[0.4799984800104797, 0.24000043999544013, 0.16000055999656015, 0.12000051999752008]",state_action_local,1,inf,5,0.05
9,290,Maximum-based,1.0,0.048998510861651925,0.048998510861651925,0.06474981736373309,60,E[Agg(Q_xi)] - Agg(E[Q_xi]),True,"[0.1000000000000001, 0.2, 0.29999999999999993, 0.4]","[0.4799984800104797, 0.24000043999544013, 0.16000055999656015, 0.12000051999752008]",state_action_local,1,inf,5,0.05
9,295,Maximum-based,1.0,0.05025879507327753,0.05025879507327753,0.0634812251097987,60,E[Agg(Q_xi)] - Agg(E[Q_xi]),True,"[0.1000000000000001, 0.2, 0.29999999999999993, 0.4]","[0.4799984800104797, 0.24000043999544013, 0.16000055999656015, 0.12000051999752008]",state_action_local,1,inf,5,0.05
9,300,Maximum-based,1.0,0.049398733991445884,0.049398733991445884,0.06232438677661811,60,E[Agg(Q_xi)] - Agg(E[Q_xi]),True,"[0.1000000000000001, 0.2, 0.29999999999999993, 0.4]","[0.4799984800104797, 0.24000043999544013, 0.16000055999656015, 0.12000051999752008]",state_action_local,1,inf,5,0.05
9,305,Maximum-based,1.0,0.04969806611590711,0.04969806611590711,0.06191193606194645,60,E[Agg(Q_xi)] - Agg(E[Q_xi]),True,"[0.1000000000000001, 0.2, 0.29999999999999993, 0.4]","[0.4799984800104797, 0.24000043999544013, 0.16000055999656015, 0.12000051999752008]",state_action_local,1,inf,5,0.05
9,310,Maximum-based,1.0,0.050141582139263674,0.050141582139263674,0.06349772666311715,60,E[Agg(Q_xi)] - Agg(E[Q_xi]),True,"[0.1000000000000001, 0.2, 0.29999999999999993, 0.4]","[0.4799984800104797, 0.24000043999544013, 0.16000055999656015, 0.12000051999752008]",state_action_local,1,inf,5,0.05
9,315,Maximum-based,1.0,0.04925091714644644,0.04925091714644644,0.06297500803522205,60,E[Agg(Q_xi)] - Agg(E[Q_xi]),True,"[0.1000000000000001, 0.2, 0.29999999999999993, 0.4]","[0.4799984800104797, 0.24000043999544013, 0.16000055999656015, 0.12000051999752008]",state_action_local,1,inf,5,0.05
9,320,Maximum-based,1.0,0.049991898655173624,0.049991898655173624,0.06451623202586809,60,E[Agg(Q_xi)] - Agg(E[Q_xi]),True,"[0.1000000000000001, 0.2, 0.29999999999999993, 0.4]","[0.4799984800104797, 0.24000043999544013, 0.16000055999656015, 0.12000051999752008]",state_action_local,1,inf,5,0.05
9,325,Maximum-based,1.0,0.04981176390611768,0.04981176390611768,0.06324624463782591,60,E[Agg(Q_xi)] - Agg(E[Q_xi]),True,"[0.1000000000000001, 0.2, 0.29999999999999993, 0.4]","[0.4799984800104797, 0.24000043999544013, 0.16000055999656015, 0.12000051999752008]",state_action_local,1,inf,5,0.05
9,330,Maximum-based,1.0,0.04964160193263257,0.04964160193263257,0.06331556881047007,60,E[Agg(Q_xi)] - Agg(E[Q_xi]),True,"[0.1000000000000001, 0.2, 0.29999999999999993, 0.4]","[0.4799984800104797, 0.24000043999544013, 0.16000055999656015, 0.12000051999752008]",state_action_local,1,inf,5,0.05
9,335,Maximum-based,1.0,0.049216674612573924,0.049216674612573924,0.06276650509455983,60,E[Agg(Q_xi)] - Agg(E[Q_xi]),True,"[0.1000000000000001, 0.2, 0.29999999999999993, 0.4]","[0.4799984800104797, 0.24000043999544013, 0.16000055999656015, 0.12000051999752008]",state_action_local,1,inf,5,0.05
9,340,Maximum-based,1.0,0.04946275178427807,0.04946275178427807,0.06646175098397045,60,E[Agg(Q_xi)] - Agg(E[Q_xi]),True,"[0.1000000000000001, 0.2, 0.29999999999999993, 0.4]","[0.4799984800104797, 0.24000043999544013, 0.16000055999656015, 0.12000051999752008]",state_action_local,1,inf,5,0.05
9,345,Maximum-based,1.0,0.04874567616600127,0.04874567616600127,0.061062343641697936,60,E[Agg(Q_xi)] - Agg(E[Q_xi]),True,"[0.1000000000000001, 0.2, 0.29999999999999993, 0.4]","[0.4799984800104797, 0.24000043999544013, 0.16000055999656015, 0.12000051999752008]",state_action_local,1,inf,5,0.05
9,350,Maximum-based,1.0,0.048890822593003105,0.048890822593003105,0.061179920683434474,60,E[Agg(Q_xi)] - Agg(E[Q_xi]),True,"[0.1000000000000001, 0.2, 0.29999999999999993, 0.4]","[0.4799984800104797, 0.24000043999544013, 0.16000055999656015, 0.12000051999752008]",state_action_local,1,inf,5,0.05
9,355,Maximum-based,1.0,0.04926327750922994,0.04926327750922994,0.06529686674950774,60,E[Agg(Q_xi)] - Agg(E[Q_xi]),True,"[0.1000000000000001, 0.2, 0.29999999999999993, 0.4]","[0.4799984800104797, 0.24000043999544013, 0.16000055999656015, 0.12000051999752008]",state_action_local,1,inf,5,0.05
9,360,Maximum-based,1.0,0.049635815685238484,0.049635815685238484,0.06616083737100453,60,E[Agg(Q_xi)] - Agg(E[Q_xi]),True,"[0.1000000000000001, 0.2, 0.29999999999999993, 0.4]","[0.4799984800104797, 0.24000043999544013, 0.16000055999656015, 0.12000051999752008]",state_action_local,1,inf,5,0.05
9,365,Maximum-based,1.0,0.04860375261113143,0.04860375261113143,0.059915592636896164,60,E[Agg(Q_xi)] - Agg(E[Q_xi]),True,"[0.1000000000000001, 0.2, 0.29999999999999993, 0.4]","[0.4799984800104797, 0.24000043999544013, 0.16000055999656015, 0.12000051999752008]",state_action_local,1,inf,5,0.05
9,370,Maximum-based,1.0,0.0493569536291731,0.0493569536291731,0.06312626671855526,60,E[Agg(Q_xi)] - Agg(E[Q_xi]),True,"[0.1000000000000001, 0.2, 0.29999999999999993, 0.4]","[0.4799984800104797, 0.24000043999544013, 0.16000055999656015, 0.12000051999752008]",state_action_local,1,inf,5,0.05
9,375,Maximum-based,1.0,0.05003556989233293,0.05003556989233293,0.06476289503208932,60,E[Agg(Q_xi)] - Agg(E[Q_xi]),True,"[0.1000000000000001, 0.2, 0.29999999999999993, 0.4]","[0.4799984800104797, 0.24000043999544013, 0.16000055999656015, 0.12000051999752008]",state_action_local,1,inf,5,0.05
9,380,Maximum-based,1.0,0.04919191150267112,0.04919191150267112,0.06219375259971649,60,E[Agg(Q_xi)] - Agg(E[Q_xi]),True,"[0.1000000000000001, 0.2, 0.29999999999999993, 0.4]","[0.4799984800104797, 0.24000043999544013, 0.16000055999656015, 0.12000051999752008]",state_action_local,1,inf,5,0.05
9,385,Maximum-based,1.0,0.04973684323162491,0.04973684323162491,0.06349528171775631,60,E[Agg(Q_xi)] - Agg(E[Q_xi]),True,"[0.1000000000000001, 0.2, 0.29999999999999993, 0.4]","[0.4799984800104797, 0.24000043999544013, 0.16000055999656015, 0.12000051999752008]",state_action_local,1,inf,5,0.05
9,390,Maximum-based,1.0,0.0502517513003793,0.0502517513003793,0.06306597802884006,60,E[Agg(Q_xi)] - Agg(E[Q_xi]),True,"[0.1000000000000001, 0.2, 0.29999999999999993, 0.4]","[0.4799984800104797, 0.24000043999544013, 0.16000055999656015, 0.12000051999752008]",state_action_local,1,inf,5,0.05
9,395,Maximum-based,1.0,0.04918440170684666,0.04918440170684666,0.06496616056819349,60,E[Agg(Q_xi)] - Agg(E[Q_xi]),True,"[0.1000000000000001, 0.2, 0.29999999999999993, 0.4]","[0.4799984800104797, 0.24000043999544013, 0.16000055999656015, 0.12000051999752008]",state_action_local,1,inf,5,0.05
9,400,Maximum-based,1.0,0.04904365867204894,0.04904365867204894,0.0660891665600083,60,E[Agg(Q_xi)] - Agg(E[Q_xi]),True,"[0.1000000000000001, 0.2, 0.29999999999999993, 0.4]","[0.4799984800104797, 0.24000043999544013, 0.16000055999656015, 0.12000051999752008]",state_action_local,1,inf,5,0.05
9,5,Similarity-aware,1.0,3.989863994746656e-18,1.674008154317619e-17,1.3877787807814457e-16,60,E[Agg(Q_xi)] - Agg(E[Q_xi]),True,"[0.1000000000000001, 0.2, 0.29999999999999993, 0.4]","[0.4799984800104797, 0.24000043999544013, 0.16000055999656015, 0.12000051999752008]",state_action_local,1,inf,5,0.05
9,10,Similarity-aware,1.0,3.585095183685402e-18,2.5558259212724956e-17,2.7755575615628914e-16,60,E[Agg(Q_xi)] - Agg(E[Q_xi]),True,"[0.1000000000000001, 0.2, 0.29999999999999993, 0.4]","[0.4799984800104797, 0.24000043999544013, 0.16000055999656015, 0.12000051999752008]",state_action_local,1,inf,5,0.05
9,15,Similarity-aware,1.0,1.1564823173178713e-18,4.7415775010032725e-17,4.440892098500626e-16,60,E[Agg(Q_xi)] - Agg(E[Q_xi]),True,"[0.1000000000000001, 0.2, 0.29999999999999993, 0.4]","[0.4799984800104797, 0.24000043999544013, 0.16000055999656015, 0.12000051999752008]",state_action_local,1,inf,5,0.05
9,20,Similarity-aware,1.0,1.3415194880887308e-17,5.736152293896643e-17,3.3306690738754696e-16,60,E[Agg(Q_xi)] - Agg(E[Q_xi]),True,"[0.1000000000000001, 0.2, 0.29999999999999993, 0.4]","[0.4799984800104797, 0.24000043999544013, 0.16000055999656015, 0.12000051999752008]",state_action_local,1,inf,5,0.05
9,25,Similarity-aware,1.0,-1.1564823173178714e-17,6.47630097698008e-17,4.440892098500626e-16,60,E[Agg(Q_xi)] - Agg(E[Q_xi]),True,"[0.1000000000000001, 0.2, 0.29999999999999993, 0.4]","[0.4799984800104797, 0.24000043999544013, 0.16000055999656015, 0.12000051999752008]",state_action_local,1,inf,5,0.05
9,30,Similarity-aware,1.0,2.266705341943028e-17,9.760710758162834e-17,6.661338147750939e-16,60,E[Agg(Q_xi)] - Agg(E[Q_xi]),True,"[0.1000000000000001, 0.2, 0.29999999999999993, 0.4]","[0.4799984800104797, 0.24000043999544013, 0.16000055999656015, 0.12000051999752008]",state_action_local,1,inf,5,0.05
9,35,Similarity-aware,1.0,-6.47630097698008e-18,1.0269562977782698e-16,8.881784197001252e-16,60,E[Agg(Q_xi)] - Agg(E[Q_xi]),True,"[0.1000000000000001, 0.2, 0.29999999999999993, 0.4]","[0.4799984800104797, 0.24000043999544013, 0.16000055999656015, 0.12000051999752008]",state_action_local,1,inf,5,0.05
9,40,Similarity-aware,1.0,2.6830389761774617e-17,1.2397490441647582e-16,8.881784197001252e-16,60,E[Agg(Q_xi)] - Agg(E[Q_xi]),True,"[0.1000000000000001, 0.2, 0.29999999999999993, 0.4]","[0.4799984800104797, 0.24000043999544013, 0.16000055999656015, 0.12000051999752008]",state_action_local,1,inf,5,0.05
9,45,Similarity-aware,1.0,2.0354088784794535e-17,1.637578961322106e-16,1.3322676295501878e-15,60,E[Agg(Q_xi)] - Agg(E[Q_xi]),True,"[0.1000000000000001, 0.2, 0.29999999999999993, 0.4]","[0.4799984800104797, 0.24000043999544013, 0.16000055999656015, 0.12000051999752008]",state_action_local,1,inf,5,0.05
9,50,Similarity-aware,1.0,-1.0917193075480705e-16,1.1842378929335003e-16,1.3322676295501878e-15,60,E[Agg(Q_xi)] - Agg(E[Q_xi]),True,"[0.1000000000000001, 0.2, 0.29999999999999993, 0.4]","[0.4799984800104797, 0.24000043999544013, 0.16000055999656015, 0.12000051999752008]",state_action_local,1,inf,5,0.05
9,55,Similarity-aware,1.0,4.810966440042345e-17,1.8318679906315082e-16,1.3322676295501878e-15,60,E[Agg(Q_xi)] - Agg(E[Q_xi]),True,"[0.1000000000000001, 0.2, 0.29999999999999993, 0.4]","[0.4799984800104797, 0.24000043999544013, 0.16000055999656015, 0.12000051999752008]",state_action_local,1,inf,5,0.05
9,60,Similarity-aware,1.0,-5.551115123125783e-17,1.5358085173981332e-16,1.3322676295501878e-15,60,E[Agg(Q_xi)] - Agg(E[Q_xi]),True,"[0.1000000000000001, 0.2, 0.29999999999999993, 0.4]","[0.4799984800104797, 0.24000043999544013, 0.16000055999656015, 0.12000051999752008]",state_action_local,1,inf,5,0.05
9,65,Similarity-aware,1.0,-2.2204460492503132e-17,1.8503717077085943e-16,1.3322676295501878e-15,60,E[Agg(Q_xi)] - Agg(E[Q_xi]),True,"[0.1000000000000001, 0.2, 0.29999999999999993, 0.4]","[0.4799984800104797, 0.24000043999544013, 0.16000055999656015, 0.12000051999752008]",state_action_local,1,inf,5,0.05
9,70,Similarity-aware,1.0,1.8503717077085942e-18,2.1279274638648835e-16,1.3322676295501878e-15,60,E[Agg(Q_xi)] - Agg(E[Q_xi]),True,"[0.1000000000000001, 0.2, 0.29999999999999993, 0.4]","[0.4799984800104797, 0.24000043999544013, 0.16000055999656015, 0.12000051999752008]",state_action_local,1,inf,5,0.05
9,75,Similarity-aware,1.0,-7.401486830834377e-18,2.331468351712829e-16,1.3322676295501878e-15,60,E[Agg(Q_xi)] - Agg(E[Q_xi]),True,"[0.1000000000000001, 0.2, 0.29999999999999993, 0.4]","[0.4799984800104797, 0.24000043999544013, 0.16000055999656015, 0.12000051999752008]",state_action_local,1,inf,5,0.05
9,80,Similarity-aware,1.0,-1.2212453270876723e-16,1.9613940101711098e-16,2.220446049250313e-15,60,E[Agg(Q_xi)] - Agg(E[Q_xi]),True,"[0.1000000000000001, 0.2, 0.29999999999999993, 0.4]","[0.4799984800104797, 0.24000043999544013, 0.16000055999656015, 0.12000051999752008]",state_action_local,1,inf,5,0.05
9,85,Similarity-aware,1.0,9.806970050855549e-17,3.2381504884900397e-16,1.7763568394002505e-15,60,E[Agg(Q_xi)] - Agg(E[Q_xi]),True,"[0.1000000000000001, 0.2, 0.29999999999999993, 0.4]","[0.4799984800104797, 0.24000043999544013, 0.16000055999656015, 0.12000051999752008]",state_action_local,1,inf,5,0.05
9,90,Similarity-aware,1.0,6.29126380620922e-17,3.108624468950438e-16,1.7763568394002505e-15,60,E[Agg(Q_xi)] - Agg(E[Q_xi]),True,"[0.1000000000000001, 0.2, 0.29999999999999993, 0.4]","[0.4799984800104797, 0.24000043999544013, 0.16000055999656015, 0.12000051999752008]",state_action_local,1,inf,5,0.05
9,95,Similarity-aware,1.0,3.7007434154171884e-18,2.8495724298712354e-16,1.7763568394002505e-15,60,E[Agg(Q_xi)] - Agg(E[Q_xi]),True,"[0.1000000000000001, 0.2, 0.29999999999999993, 0.4]","[0.4799984800104797, 0.24000043999544013, 0.16000055999656015, 0.12000051999752008]",state_action_local,1,inf,5,0.05
9,100,Similarity-aware,1.0,3.7007434154171884e-18,2.7385501274087196e-16,2.220446049250313e-15,60,E[Agg(Q_xi)] - Agg(E[Q_xi]),True,"[0.1000000000000001, 0.2, 0.29999999999999993, 0.4]","[0.4799984800104797, 0.24000043999544013, 0.16000055999656015, 0.12000051999752008]",state_action_local,1,inf,5,0.05
9,105,Similarity-aware,1.0,-2.960594732333751e-17,2.997602166487923e-16,2.220446049250313e-15,60,E[Agg(Q_xi)] - Agg(E[Q_xi]),True,"[0.1000000000000001, 0.2, 0.29999999999999993, 0.4]","[0.4799984800104797, 0.24000043999544013, 0.16000055999656015, 0.12000051999752008]",state_action_local,1,inf,5,0.05
9,110,Similarity-aware,1.0,-4.810966440042345e-17,3.3676765080296414e-16,2.220446049250313e-15,60,E[Agg(Q_xi)] - Agg(E[Q_xi]),True,"[0.1000000000000001, 0.2, 0.29999999999999993, 0.4]","[0.4799984800104797, 0.24000043999544013, 0.16000055999656015, 0.12000051999752008]",state_action_local,1,inf,5,0.05
9,115,Similarity-aware,1.0,-1.1102230246251566e-17,3.4046839421838136e-16,3.552713678800501e-15,60,E[Agg(Q_xi)] - Agg(E[Q_xi]),True,"[0.1000000000000001, 0.2, 0.29999999999999993, 0.4]","[0.4799984800104797, 0.24000043999544013, 0.16000055999656015, 0.12000051999752008]",state_action_local,1,inf,5,0.05
9,120,Similarity-aware,1.0,-1.2212453270876723e-16,2.590520390792032e-16,1.7763568394002505e-15,60,E[Agg(Q_xi)] - Agg(E[Q_xi]),True,"[0.1000000000000001, 0.2, 0.29999999999999993, 0.4]","[0.4799984800104797, 0.24000043999544013, 0.16000055999656015, 0.12000051999752008]",state_action_local,1,inf,5,0.05
9,125,Similarity-aware,1.0,1.1102230246251566e-17,3.9227880203422196e-16,3.552713678800501e-15,60,E[Agg(Q_xi)] - Agg(E[Q_xi]),True,"[0.1000000000000001, 0.2, 0.29999999999999993, 0.4]","[0.4799984800104797, 0.24000043999544013, 0.16000055999656015, 0.12000051999752008]",state_action_local,1,inf,5,0.05
9,130,Similarity-aware,1.0,2.294460917558657e-16,5.292063084046579e-16,3.1086244689504383e-15,60,E[Agg(Q_xi)] - Agg(E[Q_xi]),True,"[0.1000000000000001, 0.2, 0.29999999999999993, 0.4]","[0.4799984800104797, 0.24000043999544013, 0.16000055999656015, 0.12000051999752008]",state_action_local,1,inf,5,0.05
9,135,Similarity-aware,1.0,-5.181040781584064e-17,3.589721112954673e-16,2.6645352591003757e-15,60,E[Agg(Q_xi)] - Agg(E[Q_xi]),True,"[0.1000000000000001, 0.2, 0.29999999999999993, 0.4]","[0.4799984800104797, 0.24000043999544013, 0.16000055999656015, 0.12000051999752008]",state_action_local,1,inf,5,0.05
9,140,Similarity-aware,1.0,-7.401486830834377e-18,4.1078251911130794e-16,2.6645352591003757e-15,60,E[Agg(Q_xi)] - Agg(E[Q_xi]),True,"[0.1000000000000001, 0.2, 0.29999999999999993, 0.4]","[0.4799984800104797, 0.24000043999544013, 0.16000055999656015, 0.12000051999752008]",state_action_local,1,inf,5,0.05
9,145,Similarity-aware,1.0,-3.3306690738754695e-17,3.811765717879704e-16,2.6645352591003757e-15,60,E[Agg(Q_xi)] - Agg(E[Q_xi]),True,"[0.1000000000000001, 0.2, 0.29999999999999993, 0.4]","[0.4799984800104797, 0.24000043999544013, 0.16000055999656015, 0.12000051999752008]",state_action_local,1,inf,5,0.05
9,150,Similarity-aware,1.0,0.0,4.810966440042345e-16,2.6645352591003757e-15,60,E[Agg(Q_xi)] - Agg(E[Q_xi]),True,"[0.1000000000000001, 0.2, 0.29999999999999993, 0.4]","[0.4799984800104797, 0.24000043999544013, 0.16000055999656015, 0.12000051999752008]",state_action_local,1,inf,5,0.05
9,155,Similarity-aware,1.0,-1.1842378929335003e-16,4.144832625267251e-16,3.552713678800501e-15,60,E[Agg(Q_xi)] - Agg(E[Q_xi]),True,"[0.1000000000000001, 0.2, 0.29999999999999993, 0.4]","[0.4799984800104797, 0.24000043999544013, 0.16000055999656015, 0.12000051999752008]",state_action_local,1,inf,5,0.05
9,160,Similarity-aware,1.0,-7.401486830834377e-17,3.9227880203422196e-16,3.552713678800501e-15,60,E[Agg(Q_xi)] - Agg(E[Q_xi]),True,"[0.1000000000000001, 0.2, 0.29999999999999993, 0.4]","[0.4799984800104797, 0.24000043999544013, 0.16000055999656015, 0.12000051999752008]",state_action_local,1,inf,5,0.05
9,165,Similarity-aware,1.0,8.141635513917814e-17,5.181040781584064e-16,2.6645352591003757e-15,60,E[Agg(Q_xi)] - Agg(E[Q_xi]),True,"[0.1000000000000001, 0.2, 0.29999999999999993, 0.4]","[0.4799984800104797, 0.24000043999544013, 0.16000055999656015, 0.12000051999752008]",state_action_local,1,inf,5,0.05
9,170,Similarity-aware,1.0,-5.181040781584064e-17,4.440892098500626e-16,2.6645352591003757e-15,60,E[Agg(Q_xi)] - Agg(E[Q_xi]),True,"[0.1000000000000001, 0.2, 0.29999999999999993, 0.4]","[0.4799984800104797, 0.24000043999544013, 0.16000055999656015, 0.12000051999752008]",state_action_local,1,inf,5,0.05
9,175,Similarity-aware,1.0,-2.7385501274087196e-16,3.6267285471088446e-16,2.6645352591003757e-15,60,E[Agg(Q_xi)] - Agg(E[Q_xi]),True,"[0.1000000000000001, 0.2, 0.29999999999999993, 0.4]","[0.4799984800104797, 0.24000043999544013, 0.16000055999656015, 0.12000051999752008]",state_action_local,1,inf,5,0.05
9,180,Similarity-aware,1.0,2.812564995717063e-16,8.067620645609471e-16,4.440892098500626e-15,60,E[Agg(Q_xi)] - Agg(E[Q_xi]),True,"[0.1000000000000001, 0.2, 0.29999999999999993, 0.4]","[0.4799984800104797, 0.24000043999544013, 0.16000055999656015, 0.12000051999752008]",state_action_local,1,inf,5,0.05
9,185,Similarity-aware,1.0,-1.4062824978585316e-16,5.403085386509095e-16,4.440892098500626e-15,60,E[Agg(Q_xi)] - Agg(E[Q_xi]),True,"[0.1000000000000001, 0.2, 0.29999999999999993, 0.4]","[0.4799984800104797, 0.24000043999544013, 0.16000055999656015, 0.12000051999752008]",state_action_local,1,inf,5,0.05
9,190,Similarity-aware,1.0,-1.4802973661668753e-16,4.736951571734001e-16,4.440892098500626e-15,60,E[Agg(Q_xi)] - Agg(E[Q_xi]),True,"[0.1000000000000001, 0.2, 0.29999999999999993, 0.4]","[0.4799984800104797, 0.24000043999544013, 0.16000055999656015, 0.12000051999752008]",state_action_local,1,inf,5,0.05
9,195,Similarity-aware,1.0,1.258252761241844e-16,6.365278674517564e-16,3.552713678800501e-15,60,E[Agg(Q_xi)] - Agg(E[Q_xi]),True,"[0.1000000000000001, 0.2, 0.29999999999999993, 0.4]","[0.4799984800104797, 0.24000043999544013, 0.16000055999656015, 0.12000051999752008]",state_action_local,1,inf,5,0.05
9,200,Similarity-aware,1.0,-1.0362081563168128e-16,5.181040781584064e-16,4.440892098500626e-15,60,E[Agg(Q_xi)] - Agg(E[Q_xi]),True,"[0.1000000000000001, 0.2, 0.29999999999999993, 0.4]","[0.4799984800104797, 0.24000043999544013, 0.16000055999656015, 0.12000051999752008]",state_action_local,1,inf,5,0.05
9,205,Similarity-aware,1.0,-3.0346096006420946e-16,5.329070518200751e-16,4.440892098500626e-15,60,E[Agg(Q_xi)] - Agg(E[Q_xi]),True,"[0.1000000000000001, 0.2, 0.29999999999999993, 0.4]","[0.4799984800104797, 0.24000043999544013, 0.16000055999656015, 0.12000051999752008]",state_action_local,1,inf,5,0.05
9,210,Similarity-aware,1.0,1.4802973661668754e-17,6.883382752675971e-16,4.440892098500626e-15,60,E[Agg(Q_xi)] - Agg(E[Q_xi]),True,"[0.1000000000000001, 0.2, 0.29999999999999993, 0.4]","[0.4799984800104797, 0.24000043999544013, 0.16000055999656015, 0.12000051999752008]",state_action_local,1,inf,5,0.05
9,215,Similarity-aware,1.0,-2.1464311809419693e-16,5.921189464667501e-16,4.440892098500626e-15,60,E[Agg(Q_xi)] - Agg(E[Q_xi]),True,"[0.1000000000000001, 0.2, 0.29999999999999993, 0.4]","[0.4799984800104797, 0.24000043999544013, 0.16000055999656015, 0.12000051999752008]",state_action_local,1,inf,5,0.05
9,220,Similarity-aware,1.0,7.401486830834377e-18,6.957397620984314e-16,4.440892098500626e-15,60,E[Agg(Q_xi)] - Agg(E[Q_xi]),True,"[0.1000000000000001, 0.2, 0.29999999999999993, 0.4]","[0.4799984800104797, 0.24000043999544013, 0.16000055999656015, 0.12000051999752008]",state_action_local,1,inf,5,0.05
9,225,Similarity-aware,1.0,-2.960594732333751e-17,6.661338147750939e-16,4.440892098500626e-15,60,E[Agg(Q_xi)] - Agg(E[Q_xi]),True,"[0.1000000000000001, 0.2, 0.29999999999999993, 0.4]","[0.4799984800104797, 0.24000043999544013, 0.16000055999656015, 0.12000051999752008]",state_action_local,1,inf,5,0.05
9,230,Similarity-aware,1.0,1.7023419710919068e-16,7.993605777301127e-16,4.440892098500626e-15,60,E[Agg(Q_xi)] - Agg(E[Q_xi]),True,"[0.1000000000000001, 0.2, 0.29999999999999993, 0.4]","[0.4799984800104797, 0.24000043999544013, 0.16000055999656015, 0.12000051999752008]",state_action_local,1,inf,5,0.05
9,235,Similarity-aware,1.0,-6.661338147750939e-17,6.957397620984314e-16,5.329070518200751e-15,60,E[Agg(Q_xi)] - Agg(E[Q_xi]),True,"[0.1000000000000001, 0.2, 0.29999999999999993, 0.4]","[0.4799984800104797, 0.24000043999544013, 0.16000055999656015, 0.12000051999752008]",state_action_local,1,inf,5,0.05
9,240,Similarity-aware,1.0,-2.960594732333751e-17,7.105427357601002e-16,4.440892098500626e-15,60,E[Agg(Q_xi)] - Agg(E[Q_xi]),True,"[0.1000000000000001, 0.2, 0.29999999999999993, 0.4]","[0.4799984800104797, 0.24000043999544013, 0.16000055999656015, 0.12000051999752008]",state_action_local,1,inf,5,0.05
9,245,Similarity-aware,1.0,2.590520390792032e-16,8.363680118842846e-16,5.329070518200751e-15,60,E[Agg(Q_xi)] - Agg(E[Q_xi]),True,"[0.1000000000000001, 0.2, 0.29999999999999993, 0.4]","[0.4799984800104797, 0.24000043999544013, 0.16000055999656015, 0.12000051999752008]",state_action_local,1,inf,5,0.05
9,250,Similarity-aware,1.0,8.141635513917814e-17,6.365278674517564e-16,5.329070518200751e-15,60,E[Agg(Q_xi)] - Agg(E[Q_xi]),True,"[0.1000000000000001, 0.2, 0.29999999999999993, 0.4]","[0.4799984800104797, 0.24000043999544013, 0.16000055999656015, 0.12000051999752008]",state_action_local,1,inf,5,0.05
9,255,Similarity-aware,1.0,-2.2204460492503132e-17,7.031412489292658e-16,4.440892098500626e-15,60,E[Agg(Q_xi)] - Agg(E[Q_xi]),True,"[0.1000000000000001, 0.2, 0.29999999999999993, 0.4]","[0.4799984800104797, 0.24000043999544013, 0.16000055999656015, 0.12000051999752008]",state_action_local,1,inf,5,0.05
9,260,Similarity-aware,1.0,-2.960594732333751e-17,7.327471962526033e-16,5.329070518200751e-15,60,E[Agg(Q_xi)] - Agg(E[Q_xi]),True,"[0.1000000000000001, 0.2, 0.29999999999999993, 0.4]","[0.4799984800104797, 0.24000043999544013, 0.16000055999656015, 0.12000051999752008]",state_action_local,1,inf,5,0.05
9,265,Similarity-aware,1.0,2.2204460492503132e-17,8.215650382226159e-16,4.440892098500626e-15,60,E[Agg(Q_xi)] - Agg(E[Q_xi]),True,"[0.1000000000000001, 0.2, 0.29999999999999993, 0.4]","[0.4799984800104797, 0.24000043999544013, 0.16000055999656015, 0.12000051999752008]",state_action_local,1,inf,5,0.05
9,270,Similarity-aware,1.0,-1.7763568394002506e-16,5.995204332975846e-16,4.440892098500626e-15,60,E[Agg(Q_xi)] - Agg(E[Q_xi]),True,"[0.1000000000000001, 0.2, 0.29999999999999993, 0.4]","[0.4799984800104797, 0.24000043999544013, 0.16000055999656015, 0.12000051999752008]",state_action_local,1,inf,5,0.05
9,275,Similarity-aware,1.0,5.181040781584064e-17,7.031412489292658e-16,5.329070518200751e-15,60,E[Agg(Q_xi)] - Agg(E[Q_xi]),True,"[0.1000000000000001, 0.2, 0.29999999999999993, 0.4]","[0.4799984800104797, 0.24000043999544013, 0.16000055999656015, 0.12000051999752008]",state_action_local,1,inf,5,0.05
9,280,Similarity-aware,1.0,-8.141635513917814e-17,7.401486830834377e-16,7.993605777301127e-15,60,E[Agg(Q_xi)] - Agg(E[Q_xi]),True,"[0.1000000000000001, 0.2, 0.29999999999999993, 0.4]","[0.4799984800104797, 0.24000043999544013, 0.16000055999656015, 0.12000051999752008]",state_action_local,1,inf,5,0.05
9,285,Similarity-aware,1.0,0.0,6.883382752675971e-16,4.440892098500626e-15,60,E[Agg(Q_xi)] - Agg(E[Q_xi]),True,"[0.1000000000000001, 0.2, 0.29999999999999993, 0.4]","[0.4799984800104797, 0.24000043999544013, 0.16000055999656015, 0.12000051999752008]",state_action_local,1,inf,5,0.05
9,290,Similarity-aware,1.0,-6.661338147750939e-17,7.031412489292658e-16,5.329070518200751e-15,60,E[Agg(Q_xi)] - Agg(E[Q_xi]),True,"[0.1000000000000001, 0.2, 0.29999999999999993, 0.4]","[0.4799984800104797, 0.24000043999544013, 0.16000055999656015, 0.12000051999752008]",state_action_local,1,inf,5,0.05
9,295,Similarity-aware,1.0,8.141635513917814e-17,7.623531435759408e-16,4.440892098500626e-15,60,E[Agg(Q_xi)] - Agg(E[Q_xi]),True,"[0.1000000000000001, 0.2, 0.29999999999999993, 0.4]","[0.4799984800104797, 0.24000043999544013, 0.16000055999656015, 0.12000051999752008]",state_action_local,1,inf,5,0.05
9,300,Similarity-aware,1.0,-2.4424906541753446e-16,5.699144859742471e-16,4.440892098500626e-15,60,E[Agg(Q_xi)] - Agg(E[Q_xi]),True,"[0.1000000000000001, 0.2, 0.29999999999999993, 0.4]","[0.4799984800104797, 0.24000043999544013, 0.16000055999656015, 0.12000051999752008]",state_action_local,1,inf,5,0.05
9,305,Similarity-aware,1.0,1.1102230246251565e-16,8.141635513917814e-16,5.329070518200751e-15,60,E[Agg(Q_xi)] - Agg(E[Q_xi]),True,"[0.1000000000000001, 0.2, 0.29999999999999993, 0.4]","[0.4799984800104797, 0.24000043999544013, 0.16000055999656015, 0.12000051999752008]",state_action_local,1,inf,5,0.05
9,310,Similarity-aware,1.0,1.1842378929335003e-16,7.031412489292658e-16,5.329070518200751e-15,60,E[Agg(Q_xi)] - Agg(E[Q_xi]),True,"[0.1000000000000001, 0.2, 0.29999999999999993, 0.4]","[0.4799984800104797, 0.24000043999544013, 0.16000055999656015, 0.12000051999752008]",state_action_local,1,inf,5,0.05
9,315,Similarity-aware,1.0,1.0362081563168128e-16,8.215650382226159e-16,5.329070518200751e-15,60,E[Agg(Q_xi)] - Agg(E[Q_xi]),True,"[0.1000000000000001, 0.2, 0.29999999999999993, 0.4]","[0.4799984800104797, 0.24000043999544013, 0.16000055999656015, 0.12000051999752008]",state_action_local,1,inf,5,0.05
9,320,Similarity-aware,1.0,2.516505522483688e-16,8.881784197001252e-16,5.329070518200751e-15,60,E[Agg(Q_xi)] - Agg(E[Q_xi]),True,"[0.1000000000000001, 0.2, 0.29999999999999993, 0.4]","[0.4799984800104797, 0.24000043999544013, 0.16000055999656015, 0.12000051999752008]",state_action_local,1,inf,5,0.05
9,325,Similarity-aware,1.0,1.4062824978585316e-16,7.993605777301127e-16,3.552713678800501e-15,60,E[Agg(Q_xi)] - Agg(E[Q_xi]),True,"[0.1000000000000001, 0.2, 0.29999999999999993, 0.4]","[0.4799984800104797, 0.24000043999544013, 0.16000055999656015, 0.12000051999752008]",state_action_local,1,inf,5,0.05
9,330,Similarity-aware,1.0,-3.0346096006420946e-16,6.143234069592533e-16,5.329070518200751e-15,60,E[Agg(Q_xi)] - Agg(E[Q_xi]),True,"[0.1000000000000001, 0.2, 0.29999999999999993, 0.4]","[0.4799984800104797, 0.24000043999544013, 0.16000055999656015, 0.12000051999752008]",state_action_local,1,inf,5,0.05
9,335,Similarity-aware,1.0,-5.181040781584064e-17,7.771561172376096e-16,3.552713678800501e-15,60,E[Agg(Q_xi)] - Agg(E[Q_xi]),True,"[0.1000000000000001, 0.2, 0.29999999999999993, 0.4]","[0.4799984800104797, 0.24000043999544013, 0.16000055999656015, 0.12000051999752008]",state_action_local,1,inf,5,0.05
9,340,Similarity-aware,1.0,-5.921189464667501e-17,6.957397620984314e-16,5.329070518200751e-15,60,E[Agg(Q_xi)] - Agg(E[Q_xi]),True,"[0.1000000000000001, 0.2, 0.29999999999999993, 0.4]","[0.4799984800104797, 0.24000043999544013, 0.16000055999656015, 0.12000051999752008]",state_action_local,1,inf,5,0.05
9,345,Similarity-aware,1.0,-3.0346096006420946e-16,5.551115123125783e-16,5.329070518200751e-15,60,E[Agg(Q_xi)] - Agg(E[Q_xi]),True,"[0.1000000000000001, 0.2, 0.29999999999999993, 0.4]","[0.4799984800104797, 0.24000043999544013, 0.16000055999656015, 0.12000051999752008]",state_action_local,1,inf,5,0.05
9,350,Similarity-aware,1.0,-1.4062824978585316e-16,8.141635513917814e-16,7.105427357601002e-15,60,E[Agg(Q_xi)] - Agg(E[Q_xi]),True,"[0.1000000000000001, 0.2, 0.29999999999999993, 0.4]","[0.4799984800104797, 0.24000043999544013, 0.16000055999656015, 0.12000051999752008]",state_action_local,1,inf,5,0.05
9,355,Similarity-aware,1.0,-5.181040781584064e-17,7.549516567451064e-16,5.329070518200751e-15,60,E[Agg(Q_xi)] - Agg(E[Q_xi]),True,"[0.1000000000000001, 0.2, 0.29999999999999993, 0.4]","[0.4799984800104797, 0.24000043999544013, 0.16000055999656015, 0.12000051999752008]",state_action_local,1,inf,5,0.05
9,360,Similarity-aware,1.0,-1.1842378929335003e-16,7.845576040684439e-16,5.329070518200751e-15,60,E[Agg(Q_xi)] - Agg(E[Q_xi]),True,"[0.1000000000000001, 0.2, 0.29999999999999993, 0.4]","[0.4799984800104797, 0.24000043999544013, 0.16000055999656015, 0.12000051999752008]",state_action_local,1,inf,5,0.05
9,365,Similarity-aware,1.0,-1.6283271027835628e-16,7.697546304067752e-16,5.329070518200751e-15,60,E[Agg(Q_xi)] - Agg(E[Q_xi]),True,"[0.1000000000000001, 0.2, 0.29999999999999993, 0.4]","[0.4799984800104797, 0.24000043999544013, 0.16000055999656015, 0.12000051999752008]",state_action_local,1,inf,5,0.05
9,370,Similarity-aware,1.0,1.924386576016938e-16,1.0510111299784815e-15,5.329070518200751e-15,60,E[Agg(Q_xi)] - Agg(E[Q_xi]),True,"[0.1000000000000001, 0.2, 0.29999999999999993, 0.4]","[0.4799984800104797, 0.24000043999544013, 0.16000055999656015, 0.12000051999752008]",state_action_local,1,inf,5,0.05
9,375,Similarity-aware,1.0,7.401486830834377e-17,8.437694987151189e-16,7.105427357601002e-15,60,E[Agg(Q_xi)] - Agg(E[Q_xi]),True,"[0.1000000000000001, 0.2, 0.29999999999999993, 0.4]","[0.4799984800104797, 0.24000043999544013, 0.16000055999656015, 0.12000051999752008]",state_action_local,1,inf,5,0.05
9,380,Similarity-aware,1.0,-2.516505522483688e-16,7.993605777301127e-16,7.105427357601002e-15,60,E[Agg(Q_xi)] - Agg(E[Q_xi]),True,"[0.1000000000000001, 0.2, 0.29999999999999993, 0.4]","[0.4799984800104797, 0.24000043999544013, 0.16000055999656015, 0.12000051999752008]",state_action_local,1,inf,5,0.05
9,385,Similarity-aware,1.0,1.924386576016938e-16,1.0510111299784815e-15,5.329070518200751e-15,60,E[Agg(Q_xi)] - Agg(E[Q_xi]),True,"[0.1000000000000001, 0.2, 0.29999999999999993, 0.4]","[0.4799984800104797, 0.24000043999544013, 0.16000055999656015, 0.12000051999752008]",state_action_local,1,inf,5,0.05
9,390,Similarity-aware,1.0,2.3684757858670006e-16,1.0658141036401502e-15,7.105427357601002e-15,60,E[Agg(Q_xi)] - Agg(E[Q_xi]),True,"[0.1000000000000001, 0.2, 0.29999999999999993, 0.4]","[0.4799984800104797, 0.24000043999544013, 0.16000055999656015, 0.12000051999752008]",state_action_local,1,inf,5,0.05
9,395,Similarity-aware,1.0,-1.1842378929335003e-16,7.993605777301127e-16,7.105427357601002e-15,60,E[Agg(Q_xi)] - Agg(E[Q_xi]),True,"[0.1000000000000001, 0.2, 0.29999999999999993, 0.4]","[0.4799984800104797, 0.24000043999544013, 0.16000055999656015, 0.12000051999752008]",state_action_local,1,inf,5,0.05
9,400,Similarity-aware,1.0,-1.6283271027835628e-16,8.437694987151189e-16,7.105427357601002e-15,60,E[Agg(Q_xi)] - Agg(E[Q_xi]),True,"[0.1000000000000001, 0.2, 0.29999999999999993, 0.4]","[0.4799984800104797, 0.24000043999544013, 0.16000055999656015, 0.12000051999752008]",state_action_local,1,inf,5,0.05
10,5,Maximum-based,1.0,0.0592448760797419,0.0592448760797419,0.07182494401178866,60,E[Agg(Q_xi)] - Agg(E[Q_xi]),True,"[0.1000000000000001, 0.20000000000000004, 0.3, 0.4]","[0.4799984800104797, 0.24000043999544013, 0.16000055999656013, 0.12000051999752008]",state_action_local,1,inf,5,0.05
10,10,Maximum-based,1.0,0.057212373920121726,0.057212373920121726,0.06646680207070904,60,E[Agg(Q_xi)] - Agg(E[Q_xi]),True,"[0.1000000000000001, 0.20000000000000004, 0.3, 0.4]","[0.4799984800104797, 0.24000043999544013, 0.16000055999656013, 0.12000051999752008]",state_action_local,1,inf,5,0.05
10,15,Maximum-based,1.0,0.05567545320633109,0.05567545320633109,0.07083239888870779,60,E[Agg(Q_xi)] - Agg(E[Q_xi]),True,"[0.1000000000000001, 0.20000000000000004, 0.3, 0.4]","[0.4799984800104797, 0.24000043999544013, 0.16000055999656013, 0.12000051999752008]",state_action_local,1,inf,5,0.05
10,20,Maximum-based,1.0,0.05370636794305771,0.05370636794305771,0.06635518044147576,60,E[Agg(Q_xi)] - Agg(E[Q_xi]),True,"[0.1000000000000001, 0.20000000000000004, 0.3, 0.4]","[0.4799984800104797, 0.24000043999544013, 0.16000055999656013, 0.12000051999752008]",state_action_local,1,inf,5,0.05
10,25,Maximum-based,1.0,0.05279473049724033,0.05279473049724033,0.0628716658428512,60,E[Agg(Q_xi)] - Agg(E[Q_xi]),True,"[0.1000000000000001, 0.20000000000000004, 0.3, 0.4]","[0.4799984800104797, 0.24000043999544013, 0.16000055999656013, 0.12000051999752008]",state_action_local,1,inf,5,0.05
10,30,Maximum-based,1.0,0.05225635909367572,0.05225635909367572,0.06591960009915265,60,E[Agg(Q_xi)] - Agg(E[Q_xi]),True,"[0.1000000000000001, 0.20000000000000004, 0.3, 0.4]","[0.4799984800104797, 0.24000043999544013, 0.16000055999656013, 0.12000051999752008]",state_action_local,1,inf,5,0.05
10,35,Maximum-based,1.0,0.0529055465159397,0.0529055465159397,0.06444119352834976,60,E[Agg(Q_xi)] - Agg(E[Q_xi]),True,"[0.1000000000000001, 0.20000000000000004, 0.3, 0.4]","[0.4799984800104797, 0.24000043999544013, 0.16000055999656013, 0.12000051999752008]",state_action_local,1,inf,5,0.05
10,40,Maximum-based,1.0,0.0524770539346161,0.0524770539346161,0.06632490646015454,60,E[Agg(Q_xi)] - Agg(E[Q_xi]),True,"[0.1000000000000001, 0.20000000000000004, 0.3, 0.4]","[0.4799984800104797, 0.24000043999544013, 0.16000055999656013, 0.12000051999752008]",state_action_local,1,inf,5,0.05
10,45,Maximum-based,1.0,0.05199019958488987,0.05199019958488987,0.06606603886539753,60,E[Agg(Q_xi)] - Agg(E[Q_xi]),True,"[0.1000000000000001, 0.20000000000000004, 0.3, 0.4]","[0.4799984800104797, 0.24000043999544013, 0.16000055999656013, 0.12000051999752008]",state_action_local,1,inf,5,0.05
10,50,Maximum-based,1.0,0.0520404794004579,0.0520404794004579,0.06665221042148906,60,E[Agg(Q_xi)] - Agg(E[Q_xi]),True,"[0.1000000000000001, 0.20000000000000004, 0.3, 0.4]","[0.4799984800104797, 0.24000043999544013, 0.16000055999656013, 0.12000051999752008]",state_action_local,1,inf,5,0.05
10,55,Maximum-based,1.0,0.051806638855921926,0.051806638855921926,0.06432392600571024,60,E[Agg(Q_xi)] - Agg(E[Q_xi]),True,"[0.1000000000000001, 0.20000000000000004, 0.3, 0.4]","[0.4799984800104797, 0.24000043999544013, 0.16000055999656013, 0.12000051999752008]",state_action_local,1,inf,5,0.05
10,60,Maximum-based,1.0,0.05071872185879607,0.05071872185879607,0.061994715809631895,60,E[Agg(Q_xi)] - Agg(E[Q_xi]),True,"[0.1000000000000001, 0.20000000000000004, 0.3, 0.4]","[0.4799984800104797, 0.24000043999544013, 0.16000055999656013, 0.12000051999752008]",state_action_local,1,inf,5,0.05
10,65,Maximum-based,1.0,0.051046544891990946,0.051046544891990946,0.06450615205810584,60,E[Agg(Q_xi)] - Agg(E[Q_xi]),True,"[0.1000000000000001, 0.20000000000000004, 0.3, 0.4]","[0.4799984800104797, 0.24000043999544013, 0.16000055999656013, 0.12000051999752008]",state_action_local,1,inf,5,0.05
10,70,Maximum-based,1.0,0.05109913581546701,0.05109913581546701,0.06701190961699943,60,E[Agg(Q_xi)] - Agg(E[Q_xi]),True,"[0.1000000000000001, 0.20000000000000004, 0.3, 0.4]","[0.4799984800104797, 0.24000043999544013, 0.16000055999656013, 0.12000051999752008]",state_action_local,1,inf,5,0.05
10,75,Maximum-based,1.0,0.051409248516228793,0.051409248516228793,0.06917017480221643,60,E[Agg(Q_xi)] - Agg(E[Q_xi]),True,"[0.1000000000000001, 0.20000000000000004, 0.3, 0.4]","[0.4799984800104797, 0.24000043999544013, 0.16000055999656013, 0.12000051999752008]",state_action_local,1,inf,5,0.05
10,80,Maximum-based,1.0,0.05120075184983016,0.05120075184983016,0.06383817205293063,60,E[Agg(Q_xi)] - Agg(E[Q_xi]),True,"[0.1000000000000001, 0.20000000000000004, 0.3, 0.4]","[0.4799984800104797, 0.24000043999544013, 0.16000055999656013, 0.12000051999752008]",state_action_local,1,inf,5,0.05
10,85,Maximum-based,1.0,0.051293073375502374,0.051293073375502374,0.06333240369673243,60,E[Agg(Q_xi)] - Agg(E[Q_xi]),True,"[0.1000000000000001, 0.20000000000000004, 0.3, 0.4]","[0.4799984800104797, 0.24000043999544013, 0.16000055999656013, 0.12000051999752008]",state_action_local,1,inf,5,0.05
10,90,Maximum-based,1.0,0.05117426929894666,0.05117426929894666,0.06261423460487547,60,E[Agg(Q_xi)] - Agg(E[Q_xi]),True,"[0.1000000000000001, 0.20000000000000004, 0.3, 0.4]","[0.4799984800104797, 0.24000043999544013, 0.16000055999656013, 0.12000051999752008]",state_action_local,1,inf,5,0.05
10,95,Maximum-based,1.0,0.05021691737553945,0.05021691737553945,0.06318062678745084,60,E[Agg(Q_xi)] - Agg(E[Q_xi]),True,"[0.1000000000000001, 0.20000000000000004, 0.3, 0.4]","[0.4799984800104797, 0.24000043999544013, 0.16000055999656013, 0.12000051999752008]",state_action_local,1,inf,5,0.05
10,100,Maximum-based,1.0,0.05083823161445797,0.05083823161445797,0.06225255989141232,60,E[Agg(Q_xi)] - Agg(E[Q_xi]),True,"[0.1000000000000001, 0.20000000000000004, 0.3, 0.4]","[0.4799984800104797, 0.24000043999544013, 0.16000055999656013, 0.12000051999752008]",state_action_local,1,inf,5,0.05
10,105,Maximum-based,1.0,0.05102471940253824,0.05102471940253824,0.06955627861672387,60,E[Agg(Q_xi)] - Agg(E[Q_xi]),True,"[0.1000000000000001, 0.20000000000000004, 0.3, 0.4]","[0.4799984800104797, 0.24000043999544013, 0.16000055999656013, 0.12000051999752008]",state_action_local,1,inf,5,0.05
10,110,Maximum-based,1.0,0.05093943230549638,0.05093943230549638,0.06325651014351763,60,E[Agg(Q_xi)] - Agg(E[Q_xi]),True,"[0.1000000000000001, 0.20000000000000004, 0.3, 0.4]","[0.4799984800104797, 0.24000043999544013, 0.16000055999656013, 0.12000051999752008]",state_action_local,1,inf,5,0.05
10,115,Maximum-based,1.0,0.05030518946922605,0.05030518946922605,0.06098955257137195,60,E[Agg(Q_xi)] - Agg(E[Q_xi]),True,"[0.1000000000000001, 0.20000000000000004, 0.3, 0.4]","[0.4799984800104797, 0.24000043999544013, 0.16000055999656013, 0.12000051999752008]",state_action_local,1,inf,5,0.05
10,120,Maximum-based,1.0,0.05009839696973862,0.05009839696973862,0.062421455533948844,60,E[Agg(Q_xi)] - Agg(E[Q_xi]),True,"[0.1000000000000001, 0.20000000000000004, 0.3, 0.4]","[0.4799984800104797, 0.24000043999544013, 0.16000055999656013, 0.12000051999752008]",state_action_local,1,inf,5,0.05
10,125,Maximum-based,1.0,0.050912431778082703,0.050912431778082703,0.06027065395234743,60,E[Agg(Q_xi)] - Agg(E[Q_xi]),True,"[0.1000000000000001, 0.20000000000000004, 0.3, 0.4]","[0.4799984800104797, 0.24000043999544013, 0.16000055999656013, 0.12000051999752008]",state_action_local,1,inf,5,0.05
10,130,Maximum-based,1.0,0.050879895927414195,0.050879895927414195,0.06442338564559691,60,E[Agg(Q_xi)] - Agg(E[Q_xi]),True,"[0.1000000000000001, 0.20000000000000004, 0.3, 0.4]","[0.4799984800104797, 0.24000043999544013, 0.16000055999656013, 0.12000051999752008]",state_action_local,1,inf,5,0.05
10,135,Maximum-based,1.0,0.05007869586221315,0.05007869586221315,0.06366979120643101,60,E[Agg(Q_xi)] - Agg(E[Q_xi]),True,"[0.1000000000000001, 0.20000000000000004, 0.3, 0.4]","[0.4799984800104797, 0.24000043999544013, 0.16000055999656013, 0.12000051999752008]",state_action_local,1,inf,5,0.05
10,140,Maximum-based,1.0,0.04994849542893976,0.04994849542893976,0.06131160015555981,60,E[Agg(Q_xi)] - Agg(E[Q_xi]),True,"[0.1000000000000001, 0.20000000000000004, 0.3, 0.4]","[0.4799984800104797, 0.24000043999544013, 0.16000055999656013, 0.12000051999752008]",state_action_local,1,inf,5,0.05
10,145,Maximum-based,1.0,0.050775917009222286,0.050775917009222286,0.06483056852725433,60,E[Agg(Q_xi)] - Agg(E[Q_xi]),True,"[0.1000000000000001, 0.20000000000000004, 0.3, 0.4]","[0.4799984800104797, 0.24000043999544013, 0.16000055999656013, 0.12000051999752008]",state_action_local,1,inf,5,0.05
10,150,Maximum-based,1.0,0.050617012136437815,0.050617012136437815,0.06450991782055482,60,E[Agg(Q_xi)] - Agg(E[Q_xi]),True,"[0.1000000000000001, 0.20000000000000004, 0.3, 0.4]","[0.4799984800104797, 0.24000043999544013, 0.16000055999656013, 0.12000051999752008]",state_action_local,1,inf,5,0.05
10,155,Maximum-based,1.0,0.050949004770397384,0.050949004770397384,0.06227162129381991,60,E[Agg(Q_xi)] - Agg(E[Q_xi]),True,"[0.1000000000000001, 0.20000000000000004, 0.3, 0.4]","[0.4799984800104797, 0.24000043999544013, 0.16000055999656013, 0.12000051999752008]",state_action_local,1,inf,5,0.05
10,160,Maximum-based,1.0,0.05089488045530263,0.05089488045530263,0.0635609293093955,60,E[Agg(Q_xi)] - Agg(E[Q_xi]),True,"[0.1000000000000001, 0.20000000000000004, 0.3, 0.4]","[0.4799984800104797, 0.24000043999544013, 0.16000055999656013, 0.12000051999752008]",state_action_local,1,inf,5,0.05
10,165,Maximum-based,1.0,0.0514650875313238,0.0514650875313238,0.06680784278255647,60,E[Agg(Q_xi)] - Agg(E[Q_xi]),True,"[0.1000000000000001, 0.20000000000000004, 0.3, 0.4]","[0.4799984800104797, 0.24000043999544013, 0.16000055999656013, 0.12000051999752008]",state_action_local,1,inf,5,0.05
10,170,Maximum-based,1.0,0.05108097407178554,0.05108097407178554,0.06466955209039682,60,E[Agg(Q_xi)] - Agg(E[Q_xi]),True,"[0.1000000000000001, 0.20000000000000004, 0.3, 0.4]","[0.4799984800104797, 0.24000043999544013, 0.16000055999656013, 0.12000051999752008]",state_action_local,1,inf,5,0.05
10,175,Maximum-based,1.0,0.0508736080615734,0.0508736080615734,0.06207353672372751,60,E[Agg(Q_xi)] - Agg(E[Q_xi]),True,"[0.1000000000000001, 0.20000000000000004, 0.3, 0.4]","[0.4799984800104797, 0.24000043999544013, 0.16000055999656013, 0.12000051999752008]",state_action_local,1,inf,5,0.05
10,180,Maximum-based,1.0,0.050975886305144776,0.050975886305144776,0.06610113512014859,60,E[Agg(Q_xi)] - Agg(E[Q_xi]),True,"[0.1000000000000001, 0.20000000000000004, 0.3, 0.4]","[0.4799984800104797, 0.24000043999544013, 0.16000055999656013, 0.12000051999752008]",state_action_local,1,inf,5,0.05
10,185,Maximum-based,1.0,0.05037882698633261,0.05037882698633261,0.06776774642973393,60,E[Agg(Q_xi)] - Agg(E[Q_xi]),True,"[0.1000000000000001, 0.20000000000000004, 0.3, 0.4]","[0.4799984800104797, 0.24000043999544013, 0.16000055999656013, 0.12000051999752008]",state_action_local,1,inf,5,0.05
10,190,Maximum-based,1.0,0.050381675417435004,0.050381675417435004,0.0691897275841784,60,E[Agg(Q_xi)] - Agg(E[Q_xi]),True,"[0.1000000000000001, 0.20000000000000004, 0.3, 0.4]","[0.4799984800104797, 0.24000043999544013, 0.16000055999656013, 0.12000051999752008]",state_action_local,1,inf,5,0.05
10,195,Maximum-based,1.0,0.051094191302846384,0.051094191302846384,0.06206764390071928,60,E[Agg(Q_xi)] - Agg(E[Q_xi]),True,"[0.1000000000000001, 0.20000000000000004, 0.3, 0.4]","[0.4799984800104797, 0.24000043999544013, 0.16000055999656013, 0.12000051999752008]",state_action_local,1,inf,5,0.05
10,200,Maximum-based,1.0,0.05011063972709086,0.05011063972709086,0.06335093353929455,60,E[Agg(Q_xi)] - Agg(E[Q_xi]),True,"[0.1000000000000001, 0.20000000000000004, 0.3, 0.4]","[0.4799984800104797, 0.24000043999544013, 0.16000055999656013, 0.12000051999752008]",state_action_local,1,inf,5,0.05
10,205,Maximum-based,1.0,0.05024518917652786,0.05024518917652786,0.06578381876419392,60,E[Agg(Q_xi)] - Agg(E[Q_xi]),True,"[0.1000000000000001, 0.20000000000000004, 0.3, 0.4]","[0.4799984800104797, 0.24000043999544013, 0.16000055999656013, 0.12000051999752008]",state_action_local,1,inf,5,0.05
10,210,Maximum-based,1.0,0.05042459129423687,0.05042459129423687,0.061503160601827034,60,E[Agg(Q_xi)] - Agg(E[Q_xi]),True,"[0.1000000000000001, 0.20000000000000004, 0.3, 0.4]","[0.4799984800104797, 0.24000043999544013, 0.16000055999656013, 0.12000051999752008]",state_action_local,1,inf,5,0.05
10,215,Maximum-based,1.0,0.05109009319150912,0.05109009319150912,0.06504253428196449,60,E[Agg(Q_xi)] - Agg(E[Q_xi]),True,"[0.1000000000000001, 0.20000000000000004, 0.3, 0.4]","[0.4799984800104797, 0.24000043999544013, 0.16000055999656013, 0.12000051999752008]",state_action_local,1,inf,5,0.05
10,220,Maximum-based,1.0,0.05108814744572556,0.05108814744572556,0.06517829540450215,60,E[Agg(Q_xi)] - Agg(E[Q_xi]),True,"[0.1000000000000001, 0.20000000000000004, 0.3, 0.4]","[0.4799984800104797, 0.24000043999544013, 0.16000055999656013, 0.12000051999752008]",state_action_local,1,inf,5,0.05
10,225,Maximum-based,1.0,0.050298962702332174,0.050298962702332174,0.06129283130456464,60,E[Agg(Q_xi)] - Agg(E[Q_xi]),True,"[0.1000000000000001, 0.20000000000000004, 0.3, 0.4]","[0.4799984800104797, 0.24000043999544013, 0.16000055999656013, 0.12000051999752008]",state_action_local,1,inf,5,0.05
10,230,Maximum-based,1.0,0.05119104793216147,0.05119104793216147,0.06286964816487917,60,E[Agg(Q_xi)] - Agg(E[Q_xi]),True,"[0.1000000000000001, 0.20000000000000004, 0.3, 0.4]","[0.4799984800104797, 0.24000043999544013, 0.16000055999656013, 0.12000051999752008]",state_action_local,1,inf,5,0.05
10,235,Maximum-based,1.0,0.051489350925906986,0.051489350925906986,0.0660774818118881,60,E[Agg(Q_xi)] - Agg(E[Q_xi]),True,"[0.1000000000000001, 0.20000000000000004, 0.3, 0.4]","[0.4799984800104797, 0.24000043999544013, 0.16000055999656013, 0.12000051999752008]",state_action_local,1,inf,5,0.05
10,240,Maximum-based,1.0,0.051101122961330306,0.051101122961330306,0.06668431115149609,60,E[Agg(Q_xi)] - Agg(E[Q_xi]),True,"[0.1000000000000001, 0.20000000000000004, 0.3, 0.4]","[0.4799984800104797, 0.24000043999544013, 0.16000055999656013, 0.12000051999752008]",state_action_local,1,inf,5,0.05
10,245,Maximum-based,1.0,0.05130688157352756,0.05130688157352756,0.06169970423340487,60,E[Agg(Q_xi)] - Agg(E[Q_xi]),True,"[0.1000000000000001, 0.20000000000000004, 0.3, 0.4]","[0.4799984800104797, 0.24000043999544013, 0.16000055999656013, 0.12000051999752008]",state_action_local,1,inf,5,0.05
10,250,Maximum-based,1.0,0.05118775955372817,0.05118775955372817,0.062494255651346364,60,E[Agg(Q_xi)] - Agg(E[Q_xi]),True,"[0.1000000000000001, 0.20000000000000004, 0.3, 0.4]","[0.4799984800104797, 0.24000043999544013, 0.16000055999656013, 0.12000051999752008]",state_action_local,1,inf,5,0.05
10,255,Maximum-based,1.0,0.05056834975352413,0.05056834975352413,0.06241547703541528,60,E[Agg(Q_xi)] - Agg(E[Q_xi]),True,"[0.1000000000000001, 0.20000000000000004, 0.3, 0.4]","[0.4799984800104797, 0.24000043999544013, 0.16000055999656013, 0.12000051999752008]",state_action_local,1,inf,5,0.05
10,260,Maximum-based,1.0,0.05139760331459715,0.05139760331459715,0.06341466070160173,60,E[Agg(Q_xi)] - Agg(E[Q_xi]),True,"[0.1000000000000001, 0.20000000000000004, 0.3, 0.4]","[0.4799984800104797, 0.24000043999544013, 0.16000055999656013, 0.12000051999752008]",state_action_local,1,inf,5,0.05
10,265,Maximum-based,1.0,0.04998923869954717,0.04998923869954717,0.06125344446332903,60,E[Agg(Q_xi)] - Agg(E[Q_xi]),True,"[0.1000000000000001, 0.20000000000000004, 0.3, 0.4]","[0.4799984800104797, 0.24000043999544013, 0.16000055999656013, 0.12000051999752008]",state_action_local,1,inf,5,0.05
10,270,Maximum-based,1.0,0.050784069497395175,0.050784069497395175,0.061636294072213715,60,E[Agg(Q_xi)] - Agg(E[Q_xi]),True,"[0.1000000000000001, 0.20000000000000004, 0.3, 0.4]","[0.4799984800104797, 0.24000043999544013, 0.16000055999656013, 0.12000051999752008]",state_action_local,1,inf,5,0.05
10,275,Maximum-based,1.0,0.05046240695310774,0.05046240695310774,0.061713051620932546,60,E[Agg(Q_xi)] - Agg(E[Q_xi]),True,"[0.1000000000000001, 0.20000000000000004, 0.3, 0.4]","[0.4799984800104797, 0.24000043999544013, 0.16000055999656013, 0.12000051999752008]",state_action_local,1,inf,5,0.05
10,280,Maximum-based,1.0,0.05055640150501604,0.05055640150501604,0.06392976575916265,60,E[Agg(Q_xi)] - Agg(E[Q_xi]),True,"[0.1000000000000001, 0.20000000000000004, 0.3, 0.4]","[0.4799984800104797, 0.24000043999544013, 0.16000055999656013, 0.12000051999752008]",state_action_local,1,inf,5,0.05
10,285,Maximum-based,1.0,0.052122267893589445,0.052122267893589445,0.06470345487194962,60,E[Agg(Q_xi)] - Agg(E[Q_xi]),True,"[0.1000000000000001, 0.20000000000000004, 0.3, 0.4]","[0.4799984800104797, 0.24000043999544013, 0.16000055999656013, 0.12000051999752008]",state_action_local,1,inf,5,0.05
10,290,Maximum-based,1.0,0.050454970944715266,0.050454970944715266,0.06221185406441343,60,E[Agg(Q_xi)] - Agg(E[Q_xi]),True,"[0.1000000000000001, 0.20000000000000004, 0.3, 0.4]","[0.4799984800104797, 0.24000043999544013, 0.16000055999656013, 0.12000051999752008]",state_action_local,1,inf,5,0.05
10,295,Maximum-based,1.0,0.05137698963518453,0.05137698963518453,0.06385325259220664,60,E[Agg(Q_xi)] - Agg(E[Q_xi]),True,"[0.1000000000000001, 0.20000000000000004, 0.3, 0.4]","[0.4799984800104797, 0.24000043999544013, 0.16000055999656013, 0.12000051999752008]",state_action_local,1,inf,5,0.05
10,300,Maximum-based,1.0,0.0507279899710911,0.0507279899710911,0.06275891191992322,60,E[Agg(Q_xi)] - Agg(E[Q_xi]),True,"[0.1000000000000001, 0.20000000000000004, 0.3, 0.4]","[0.4799984800104797, 0.24000043999544013, 0.16000055999656013, 0.12000051999752008]",state_action_local,1,inf,5,0.05
10,305,Maximum-based,1.0,0.05052706838552492,0.05052706838552492,0.06356959594019429,60,E[Agg(Q_xi)] - Agg(E[Q_xi]),True,"[0.1000000000000001, 0.20000000000000004, 0.3, 0.4]","[0.4799984800104797, 0.24000043999544013, 0.16000055999656013, 0.12000051999752008]",state_action_local,1,inf,5,0.05
10,310,Maximum-based,1.0,0.05142759453994598,0.05142759453994598,0.06292762402563845,60,E[Agg(Q_xi)] - Agg(E[Q_xi]),True,"[0.1000000000000001, 0.20000000000000004, 0.3, 0.4]","[0.4799984800104797, 0.24000043999544013, 0.16000055999656013, 0.12000051999752008]",state_action_local,1,inf,5,0.05
10,315,Maximum-based,1.0,0.05070125931263623,0.05070125931263623,0.06357729277893398,60,E[Agg(Q_xi)] - Agg(E[Q_xi]),True,"[0.1000000000000001, 0.20000000000000004, 0.3, 0.4]","[0.4799984800104797, 0.24000043999544013, 0.16000055999656013, 0.12000051999752008]",state_action_local,1,inf,5,0.05
10,320,Maximum-based,1.0,0.05063169881952937,0.05063169881952937,0.06334556783834167,60,E[Agg(Q_xi)] - Agg(E[Q_xi]),True,"[0.1000000000000001, 0.20000000000000004, 0.3, 0.4]","[0.4799984800104797, 0.24000043999544013, 0.16000055999656013, 0.12000051999752008]",state_action_local,1,inf,5,0.05
10,325,Maximum-based,1.0,0.050912695628462575,0.050912695628462575,0.0644724576638609,60,E[Agg(Q_xi)] - Agg(E[Q_xi]),True,"[0.1000000000000001, 0.20000000000000004, 0.3, 0.4]","[0.4799984800104797, 0.24000043999544013, 0.16000055999656013, 0.12000051999752008]",state_action_local,1,inf,5,0.05
10,330,Maximum-based,1.0,0.05116868326507619,0.05116868326507619,0.0690495366834245,60,E[Agg(Q_xi)] - Agg(E[Q_xi]),True,"[0.1000000000000001, 0.20000000000000004, 0.3, 0.4]","[0.4799984800104797, 0.24000043999544013, 0.16000055999656013, 0.12000051999752008]",state_action_local,1,inf,5,0.05
10,335,Maximum-based,1.0,0.051240386119186354,0.051240386119186354,0.06415422985809904,60,E[Agg(Q_xi)] - Agg(E[Q_xi]),True,"[0.1000000000000001, 0.20000000000000004, 0.3, 0.4]","[0.4799984800104797, 0.24000043999544013, 0.16000055999656013, 0.12000051999752008]",state_action_local,1,inf,5,0.05
10,340,Maximum-based,1.0,0.05080400217756877,0.05080400217756877,0.06384232185910221,60,E[Agg(Q_xi)] - Agg(E[Q_xi]),True,"[0.1000000000000001, 0.20000000000000004, 0.3, 0.4]","[0.4799984800104797, 0.24000043999544013, 0.16000055999656013, 0.12000051999752008]",state_action_local,1,inf,5,0.05
10,345,Maximum-based,1.0,0.05014599345231353,0.05014599345231353,0.06486213843504096,60,E[Agg(Q_xi)] - Agg(E[Q_xi]),True,"[0.1000000000000001, 0.20000000000000004, 0.3, 0.4]","[0.4799984800104797, 0.24000043999544013, 0.16000055999656013, 0.12000051999752008]",state_action_local,1,inf,5,0.05
10,350,Maximum-based,1.0,0.05049573013672382,0.05049573013672382,0.06546569481459841,60,E[Agg(Q_xi)] - Agg(E[Q_xi]),True,"[0.1000000000000001, 0.20000000000000004, 0.3, 0.4]","[0.4799984800104797, 0.24000043999544013, 0.16000055999656013, 0.12000051999752008]",state_action_local,1,inf,5,0.05
10,355,Maximum-based,1.0,0.05168599132628014,0.05168599132628014,0.06522262392562794,60,E[Agg(Q_xi)] - Agg(E[Q_xi]),True,"[0.1000000000000001, 0.20000000000000004, 0.3, 0.4]","[0.4799984800104797, 0.24000043999544013, 0.16000055999656013, 0.12000051999752008]",state_action_local,1,inf,5,0.05
10,360,Maximum-based,1.0,0.05102525703383399,0.05102525703383399,0.06348001727645247,60,E[Agg(Q_xi)] - Agg(E[Q_xi]),True,"[0.1000000000000001, 0.20000000000000004, 0.3, 0.4]","[0.4799984800104797, 0.24000043999544013, 0.16000055999656013, 0.12000051999752008]",state_action_local,1,inf,5,0.05
10,365,Maximum-based,1.0,0.05155915007991938,0.05155915007991938,0.06422724081755682,60,E[Agg(Q_xi)] - Agg(E[Q_xi]),True,"[0.1000000000000001, 0.20000000000000004, 0.3, 0.4]","[0.4799984800104797, 0.24000043999544013, 0.16000055999656013, 0.12000051999752008]",state_action_local,1,inf,5,0.05
10,370,Maximum-based,1.0,0.05041080119829955,0.05041080119829955,0.06390067812660583,60,E[Agg(Q_xi)] - Agg(E[Q_xi]),True,"[0.1000000000000001, 0.20000000000000004, 0.3, 0.4]","[0.4799984800104797, 0.24000043999544013, 0.16000055999656013, 0.12000051999752008]",state_action_local,1,inf,5,0.05
10,375,Maximum-based,1.0,0.05082918343479837,0.05082918343479837,0.06454539223894606,60,E[Agg(Q_xi)] - Agg(E[Q_xi]),True,"[0.1000000000000001, 0.20000000000000004, 0.3, 0.4]","[0.4799984800104797, 0.24000043999544013, 0.16000055999656013, 0.12000051999752008]",state_action_local,1,inf,5,0.05
10,380,Maximum-based,1.0,0.05066105233208032,0.05066105233208032,0.06232199646606418,60,E[Agg(Q_xi)] - Agg(E[Q_xi]),True,"[0.1000000000000001, 0.20000000000000004, 0.3, 0.4]","[0.4799984800104797, 0.24000043999544013, 0.16000055999656013, 0.12000051999752008]",state_action_local,1,inf,5,0.05
10,385,Maximum-based,1.0,0.05003666787772703,0.05003666787772703,0.06322609008444502,60,E[Agg(Q_xi)] - Agg(E[Q_xi]),True,"[0.1000000000000001, 0.20000000000000004, 0.3, 0.4]","[0.4799984800104797, 0.24000043999544013, 0.16000055999656013, 0.12000051999752008]",state_action_local,1,inf,5,0.05
10,390,Maximum-based,1.0,0.05004214460132541,0.05004214460132541,0.061853475660401,60,E[Agg(Q_xi)] - Agg(E[Q_xi]),True,"[0.1000000000000001, 0.20000000000000004, 0.3, 0.4]","[0.4799984800104797, 0.24000043999544013, 0.16000055999656013, 0.12000051999752008]",state_action_local,1,inf,5,0.05
10,395,Maximum-based,1.0,0.051053696904580205,0.051053696904580205,0.06422521842330298,60,E[Agg(Q_xi)] - Agg(E[Q_xi]),True,"[0.1000000000000001, 0.20000000000000004, 0.3, 0.4]","[0.4799984800104797, 0.24000043999544013, 0.16000055999656013, 0.12000051999752008]",state_action_local,1,inf,5,0.05
10,400,Maximum-based,1.0,0.05096417519405172,0.05096417519405172,0.0671713084228891,60,E[Agg(Q_xi)] - Agg(E[Q_xi]),True,"[0.1000000000000001, 0.20000000000000004, 0.3, 0.4]","[0.4799984800104797, 0.24000043999544013, 0.16000055999656013, 0.12000051999752008]",state_action_local,1,inf,5,0.05
10,5,Similarity-aware,1.0,1.7058114180438602e-18,1.538121482032769e-17,1.3877787807814457e-16,60,E[Agg(Q_xi)] - Agg(E[Q_xi]),True,"[0.1000000000000001, 0.20000000000000004, 0.3, 0.4]","[0.4799984800104797, 0.24000043999544013, 0.16000055999656013, 0.12000051999752008]",state_action_local,1,inf,5,0.05
10,10,Similarity-aware,1.0,-2.1973164029039556e-18,2.78712238473607e-17,2.220446049250313e-16,60,E[Agg(Q_xi)] - Agg(E[Q_xi]),True,"[0.1000000000000001, 0.20000000000000004, 0.3, 0.4]","[0.4799984800104797, 0.24000043999544013, 0.16000055999656013, 0.12000051999752008]",state_action_local,1,inf,5,0.05
10,15,Similarity-aware,1.0,-5.088522196198634e-18,4.001428817919835e-17,3.3306690738754696e-16,60,E[Agg(Q_xi)] - Agg(E[Q_xi]),True,"[0.1000000000000001, 0.20000000000000004, 0.3, 0.4]","[0.4799984800104797, 0.24000043999544013, 0.16000055999656013, 0.12000051999752008]",state_action_local,1,inf,5,0.05
10,20,Similarity-aware,1.0,6.47630097698008e-18,6.245004513516506e-17,4.440892098500626e-16,60,E[Agg(Q_xi)] - Agg(E[Q_xi]),True,"[0.1000000000000001, 0.20000000000000004, 0.3, 0.4]","[0.4799984800104797, 0.24000043999544013, 0.16000055999656013, 0.12000051999752008]",state_action_local,1,inf,5,0.05
10,25,Similarity-aware,1.0,8.326672684688674e-18,8.18789480661053e-17,4.440892098500626e-16,60,E[Agg(Q_xi)] - Agg(E[Q_xi]),True,"[0.1000000000000001, 0.20000000000000004, 0.3, 0.4]","[0.4799984800104797, 0.24000043999544013, 0.16000055999656013, 0.12000051999752008]",state_action_local,1,inf,5,0.05
10,30,Similarity-aware,1.0,8.326672684688674e-18,1.1009711660866136e-16,1.3322676295501878e-15,60,E[Agg(Q_xi)] - Agg(E[Q_xi]),True,"[0.1000000000000001, 0.20000000000000004, 0.3, 0.4]","[0.4799984800104797, 0.24000043999544013, 0.16000055999656013, 0.12000051999752008]",state_action_local,1,inf,5,0.05
10,35,Similarity-aware,1.0,1.3877787807814457e-17,1.211993468549129e-16,1.3322676295501878e-15,60,E[Agg(Q_xi)] - Agg(E[Q_xi]),True,"[0.1000000000000001, 0.20000000000000004, 0.3, 0.4]","[0.4799984800104797, 0.24000043999544013, 0.16000055999656013, 0.12000051999752008]",state_action_local,1,inf,5,0.05
10,40,Similarity-aware,1.0,-4.163336342344337e-17,1.1194748831636995e-16,8.881784197001252e-16,60,E[Agg(Q_xi)] - Agg(E[Q_xi]),True,"[0.1000000000000001, 0.20000000000000004, 0.3, 0.4]","[0.4799984800104797, 0.24000043999544013, 0.16000055999656013, 0.12000051999752008]",state_action_local,1,inf,5,0.05
10,45,Similarity-aware,1.0,-1.1102230246251566e-17,1.3507713466272737e-16,1.1102230246251565e-15,60,E[Agg(Q_xi)] - Agg(E[Q_xi]),True,"[0.1000000000000001, 0.20000000000000004, 0.3, 0.4]","[0.4799984800104797, 0.24000043999544013, 0.16000055999656013, 0.12000051999752008]",state_action_local,1,inf,5,0.05
10,50,Similarity-aware,1.0,-1.850371707708594e-17,1.7023419710919068e-16,8.881784197001252e-16,60,E[Agg(Q_xi)] - Agg(E[Q_xi]),True,"[0.1000000000000001, 0.20000000000000004, 0.3, 0.4]","[0.4799984800104797, 0.24000043999544013, 0.16000055999656013, 0.12000051999752008]",state_action_local,1,inf,5,0.05
10,55,Similarity-aware,1.0,-6.106226635438361e-17,1.591319668629391e-16,1.3322676295501878e-15,60,E[Agg(Q_xi)] - Agg(E[Q_xi]),True,"[0.1000000000000001, 0.20000000000000004, 0.3, 0.4]","[0.4799984800104797, 0.24000043999544013, 0.16000055999656013, 0.12000051999752008]",state_action_local,1,inf,5,0.05
10,60,Similarity-aware,1.0,-2.2204460492503132e-17,1.7578531223231644e-16,1.3322676295501878e-15,60,E[Agg(Q_xi)] - Agg(E[Q_xi]),True,"[0.1000000000000001, 0.20000000000000004, 0.3, 0.4]","[0.4799984800104797, 0.24000043999544013, 0.16000055999656013, 0.12000051999752008]",state_action_local,1,inf,5,0.05
10,65,Similarity-aware,1.0,-1.850371707708594e-17,1.979897727248196e-16,1.3322676295501878e-15,60,E[Agg(Q_xi)] - Agg(E[Q_xi]),True,"[0.1000000000000001, 0.20000000000000004, 0.3, 0.4]","[0.4799984800104797, 0.24000043999544013, 0.16000055999656013, 0.12000051999752008]",state_action_local,1,inf,5,0.05
10,70,Similarity-aware,1.0,-2.4054832200211726e-17,2.1649348980190552e-16,2.220446049250313e-15,60,E[Agg(Q_xi)] - Agg(E[Q_xi]),True,"[0.1000000000000001, 0.20000000000000004, 0.3, 0.4]","[0.4799984800104797, 0.24000043999544013, 0.16000055999656013, 0.12000051999752008]",state_action_local,1,inf,5,0.05
10,75,Similarity-aware,1.0,-3.700743415417188e-17,2.590520390792032e-16,1.7763568394002505e-15,60,E[Agg(Q_xi)] - Agg(E[Q_xi]),True,"[0.1000000000000001, 0.20000000000000004, 0.3, 0.4]","[0.4799984800104797, 0.24000043999544013, 0.16000055999656013, 0.12000051999752008]",state_action_local,1,inf,5,0.05
10,80,Similarity-aware,1.0,7.401486830834377e-17,3.293661639721298e-16,2.220446049250313e-15,60,E[Agg(Q_xi)] - Agg(E[Q_xi]),True,"[0.1000000000000001, 0.20000000000000004, 0.3, 0.4]","[0.4799984800104797, 0.24000043999544013, 0.16000055999656013, 0.12000051999752008]",state_action_local,1,inf,5,0.05
10,85,Similarity-aware,1.0,-8.511709855459534e-17,2.1094237467877973e-16,1.7763568394002505e-15,60,E[Agg(Q_xi)] - Agg(E[Q_xi]),True,"[0.1000000000000001, 0.20000000000000004, 0.3, 0.4]","[0.4799984800104797, 0.24000043999544013, 0.16000055999656013, 0.12000051999752008]",state_action_local,1,inf,5,0.05
10,90,Similarity-aware,1.0,-1.295260195396016e-16,2.220446049250313e-16,2.220446049250313e-15,60,E[Agg(Q_xi)] - Agg(E[Q_xi]),True,"[0.1000000000000001, 0.20000000000000004, 0.3, 0.4]","[0.4799984800104797, 0.24000043999544013, 0.16000055999656013, 0.12000051999752008]",state_action_local,1,inf,5,0.05
10,95,Similarity-aware,1.0,5.181040781584064e-17,3.478698810492157e-16,2.6645352591003757e-15,60,E[Agg(Q_xi)] - Agg(E[Q_xi]),True,"[0.1000000000000001, 0.20000000000000004, 0.3, 0.4]","[0.4799984800104797, 0.24000043999544013, 0.16000055999656013, 0.12000051999752008]",state_action_local,1,inf,5,0.05
10,100,Similarity-aware,1.0,-3.3306690738754695e-17,3.552713678800501e-16,2.6645352591003757e-15,60,E[Agg(Q_xi)] - Agg(E[Q_xi]),True,"[0.1000000000000001, 0.20000000000000004, 0.3, 0.4]","[0.4799984800104797, 0.24000043999544013, 0.16000055999656013, 0.12000051999752008]",state_action_local,1,inf,5,0.05
10,105,Similarity-aware,1.0,3.7007434154171884e-18,3.9227880203422196e-16,2.6645352591003757e-15,60,E[Agg(Q_xi)] - Agg(E[Q_xi]),True,"[0.1000000000000001, 0.20000000000000004, 0.3, 0.4]","[0.4799984800104797, 0.24000043999544013, 0.16000055999656013, 0.12000051999752008]",state_action_local,1,inf,5,0.05
10,110,Similarity-aware,1.0,-6.29126380620922e-17,2.997602166487923e-16,2.6645352591003757e-15,60,E[Agg(Q_xi)] - Agg(E[Q_xi]),True,"[0.1000000000000001, 0.20000000000000004, 0.3, 0.4]","[0.4799984800104797, 0.24000043999544013, 0.16000055999656013, 0.12000051999752008]",state_action_local,1,inf,5,0.05
10,115,Similarity-aware,1.0,-2.3684757858670006e-16,2.923587298179579e-16,2.6645352591003757e-15,60,E[Agg(Q_xi)] - Agg(E[Q_xi]),True,"[0.1000000000000001, 0.20000000000000004, 0.3, 0.4]","[0.4799984800104797, 0.24000043999544013, 0.16000055999656013, 0.12000051999752008]",state_action_local,1,inf,5,0.05
10,120,Similarity-aware,1.0,7.031412489292658e-17,4.070817756958907e-16,2.6645352591003757e-15,60,E[Agg(Q_xi)] - Agg(E[Q_xi]),True,"[0.1000000000000001, 0.20000000000000004, 0.3, 0.4]","[0.4799984800104797, 0.24000043999544013, 0.16000055999656013, 0.12000051999752008]",state_action_local,1,inf,5,0.05
10,125,Similarity-aware,1.0,9.62193288008469e-17,3.811765717879704e-16,2.6645352591003757e-15,60,E[Agg(Q_xi)] - Agg(E[Q_xi]),True,"[0.1000000000000001, 0.20000000000000004, 0.3, 0.4]","[0.4799984800104797, 0.24000043999544013, 0.16000055999656013, 0.12000051999752008]",state_action_local,1,inf,5,0.05
10,130,Similarity-aware,1.0,5.921189464667501e-17,4.2928623618839387e-16,3.552713678800501e-15,60,E[Agg(Q_xi)] - Agg(E[Q_xi]),True,"[0.1000000000000001, 0.20000000000000004, 0.3, 0.4]","[0.4799984800104797, 0.24000043999544013, 0.16000055999656013, 0.12000051999752008]",state_action_local,1,inf,5,0.05
10,135,Similarity-aware,1.0,3.700743415417188e-17,4.551914400963141e-16,3.552713678800501e-15,60,E[Agg(Q_xi)] - Agg(E[Q_xi]),True,"[0.1000000000000001, 0.20000000000000004, 0.3, 0.4]","[0.4799984800104797, 0.24000043999544013, 0.16000055999656013, 0.12000051999752008]",state_action_local,1,inf,5,0.05
10,140,Similarity-aware,1.0,-8.141635513917814e-17,3.552713678800501e-16,2.6645352591003757e-15,60,E[Agg(Q_xi)] - Agg(E[Q_xi]),True,"[0.1000000000000001, 0.20000000000000004, 0.3, 0.4]","[0.4799984800104797, 0.24000043999544013, 0.16000055999656013, 0.12000051999752008]",state_action_local,1,inf,5,0.05
10,145,Similarity-aware,1.0,3.700743415417188e-17,4.662936703425658e-16,2.6645352591003757e-15,60,E[Agg(Q_xi)] - Agg(E[Q_xi]),True,"[0.1000000000000001, 0.20000000000000004, 0.3, 0.4]","[0.4799984800104797, 0.24000043999544013, 0.16000055999656013, 0.12000051999752008]",state_action_local,1,inf,5,0.05
10,150,Similarity-aware,1.0,2.960594732333751e-17,4.2928623618839387e-16,3.552713678800501e-15,60,E[Agg(Q_xi)] - Agg(E[Q_xi]),True,"[0.1000000000000001, 0.20000000000000004, 0.3, 0.4]","[0.4799984800104797, 0.24000043999544013, 0.16000055999656013, 0.12000051999752008]",state_action_local,1,inf,5,0.05
10,155,Similarity-aware,1.0,0.0,5.329070518200751e-16,4.440892098500626e-15,60,E[Agg(Q_xi)] - Agg(E[Q_xi]),True,"[0.1000000000000001, 0.20000000000000004, 0.3, 0.4]","[0.4799984800104797, 0.24000043999544013, 0.16000055999656013, 0.12000051999752008]",state_action_local,1,inf,5,0.05
10,160,Similarity-aware,1.0,-1.0362081563168128e-16,4.810966440042345e-16,3.552713678800501e-15,60,E[Agg(Q_xi)] - Agg(E[Q_xi]),True,"[0.1000000000000001, 0.20000000000000004, 0.3, 0.4]","[0.4799984800104797, 0.24000043999544013, 0.16000055999656013, 0.12000051999752008]",state_action_local,1,inf,5,0.05
10,165,Similarity-aware,1.0,2.4424906541753446e-16,7.845576040684439e-16,3.552713678800501e-15,60,E[Agg(Q_xi)] - Agg(E[Q_xi]),True,"[0.1000000000000001, 0.20000000000000004, 0.3, 0.4]","[0.4799984800104797, 0.24000043999544013, 0.16000055999656013, 0.12000051999752008]",state_action_local,1,inf,5,0.05
10,170,Similarity-aware,1.0,9.62193288008469e-17,6.587323279442596e-16,4.440892098500626e-15,60,E[Agg(Q_xi)] - Agg(E[Q_xi]),True,"[0.1000000000000001, 0.20000000000000004, 0.3, 0.4]","[0.4799984800104797, 0.24000043999544013, 0.16000055999656013, 0.12000051999752008]",state_action_local,1,inf,5,0.05
10,175,Similarity-aware,1.0,-8.881784197001253e-17,5.551115123125783e-16,3.552713678800501e-15,60,E[Agg(Q_xi)] - Agg(E[Q_xi]),True,"[0.1000000000000001, 0.20000000000000004, 0.3, 0.4]","[0.4799984800104797, 0.24000043999544013, 0.16000055999656013, 0.12000051999752008]",state_action_local,1,inf,5,0.05
10,180,Similarity-aware,1.0,-1.3322676295501878e-16,5.181040781584064e-16,4.440892098500626e-15,60,E[Agg(Q_xi)] - Agg(E[Q_xi]),True,"[0.1000000000000001, 0.20000000000000004, 0.3, 0.4]","[0.4799984800104797, 0.24000043999544013, 0.16000055999656013, 0.12000051999752008]",state_action_local,1,inf,5,0.05
10,185,Similarity-aware,1.0,-5.921189464667501e-17,6.291263806209221e-16,4.440892098500626e-15,60,E[Agg(Q_xi)] - Agg(E[Q_xi]),True,"[0.1000000000000001, 0.20000000000000004, 0.3, 0.4]","[0.4799984800104797, 0.24000043999544013, 0.16000055999656013, 0.12000051999752008]",state_action_local,1,inf,5,0.05
10,190,Similarity-aware,1.0,1.3322676295501878e-16,7.401486830834377e-16,3.552713678800501e-15,60,E[Agg(Q_xi)] - Agg(E[Q_xi]),True,"[0.1000000000000001, 0.20000000000000004, 0.3, 0.4]","[0.4799984800104797, 0.24000043999544013, 0.16000055999656013, 0.12000051999752008]",state_action_local,1,inf,5,0.05
10,195,Similarity-aware,1.0,2.590520390792032e-16,8.363680118842846e-16,4.440892098500626e-15,60,E[Agg(Q_xi)] - Agg(E[Q_xi]),True,"[0.1000000000000001, 0.20000000000000004, 0.3, 0.4]","[0.4799984800104797, 0.24000043999544013, 0.16000055999656013, 0.12000051999752008]",state_action_local,1,inf,5,0.05
10,200,Similarity-aware,1.0,-1.6283271027835628e-16,6.217248937900876e-16,4.440892098500626e-15,60,E[Agg(Q_xi)] - Agg(E[Q_xi]),True,"[0.1000000000000001, 0.20000000000000004, 0.3, 0.4]","[0.4799984800104797, 0.24000043999544013, 0.16000055999656013, 0.12000051999752008]",state_action_local,1,inf,5,0.05
10,205,Similarity-aware,1.0,1.1842378929335003e-16,7.031412489292658e-16,3.552713678800501e-15,60,E[Agg(Q_xi)] - Agg(E[Q_xi]),True,"[0.1000000000000001, 0.20000000000000004, 0.3, 0.4]","[0.4799984800104797, 0.24000043999544013, 0.16000055999656013, 0.12000051999752008]",state_action_local,1,inf,5,0.05
10,210,Similarity-aware,1.0,1.1842378929335003e-16,7.253457094217689e-16,5.329070518200751e-15,60,E[Agg(Q_xi)] - Agg(E[Q_xi]),True,"[0.1000000000000001, 0.20000000000000004, 0.3, 0.4]","[0.4799984800104797, 0.24000043999544013, 0.16000055999656013, 0.12000051999752008]",state_action_local,1,inf,5,0.05
10,215,Similarity-aware,1.0,2.2204460492503132e-17,7.475501699142721e-16,4.440892098500626e-15,60,E[Agg(Q_xi)] - Agg(E[Q_xi]),True,"[0.1000000000000001, 0.20000000000000004, 0.3, 0.4]","[0.4799984800104797, 0.24000043999544013, 0.16000055999656013, 0.12000051999752008]",state_action_local,1,inf,5,0.05
10,220,Similarity-aware,1.0,1.3322676295501878e-16,6.957397620984314e-16,4.440892098500626e-15,60,E[Agg(Q_xi)] - Agg(E[Q_xi]),True,"[0.1000000000000001, 0.20000000000000004, 0.3, 0.4]","[0.4799984800104797, 0.24000043999544013, 0.16000055999656013, 0.12000051999752008]",state_action_local,1,inf,5,0.05
10,225,Similarity-aware,1.0,-1.8503717077085943e-16,6.291263806209221e-16,3.552713678800501e-15,60,E[Agg(Q_xi)] - Agg(E[Q_xi]),True,"[0.1000000000000001, 0.20000000000000004, 0.3, 0.4]","[0.4799984800104797, 0.24000043999544013, 0.16000055999656013, 0.12000051999752008]",state_action_local,1,inf,5,0.05
10,230,Similarity-aware,1.0,5.921189464667501e-17,7.031412489292658e-16,4.440892098500626e-15,60,E[Agg(Q_xi)] - Agg(E[Q_xi]),True,"[0.1000000000000001, 0.20000000000000004, 0.3, 0.4]","[0.4799984800104797, 0.24000043999544013, 0.16000055999656013, 0.12000051999752008]",state_action_local,1,inf,5,0.05
10,235,Similarity-aware,1.0,8.881784197001253e-17,5.995204332975846e-16,4.440892098500626e-15,60,E[Agg(Q_xi)] - Agg(E[Q_xi]),True,"[0.1000000000000001, 0.20000000000000004, 0.3, 0.4]","[0.4799984800104797, 0.24000043999544013, 0.16000055999656013, 0.12000051999752008]",state_action_local,1,inf,5,0.05
10,240,Similarity-aware,1.0,1.0362081563168128e-16,8.289665250534502e-16,6.217248937900877e-15,60,E[Agg(Q_xi)] - Agg(E[Q_xi]),True,"[0.1000000000000001, 0.20000000000000004, 0.3, 0.4]","[0.4799984800104797, 0.24000043999544013, 0.16000055999656013, 0.12000051999752008]",state_action_local,1,inf,5,0.05
10,245,Similarity-aware,1.0,-1.9984014443252818e-16,5.921189464667501e-16,3.552713678800501e-15,60,E[Agg(Q_xi)] - Agg(E[Q_xi]),True,"[0.1000000000000001, 0.20000000000000004, 0.3, 0.4]","[0.4799984800104797, 0.24000043999544013, 0.16000055999656013, 0.12000051999752008]",state_action_local,1,inf,5,0.05
10,250,Similarity-aware,1.0,2.7385501274087196e-16,7.993605777301127e-16,4.440892098500626e-15,60,E[Agg(Q_xi)] - Agg(E[Q_xi]),True,"[0.1000000000000001, 0.20000000000000004, 0.3, 0.4]","[0.4799984800104797, 0.24000043999544013, 0.16000055999656013, 0.12000051999752008]",state_action_local,1,inf,5,0.05
10,255,Similarity-aware,1.0,-7.401486830834377e-17,7.549516567451064e-16,4.440892098500626e-15,60,E[Agg(Q_xi)] - Agg(E[Q_xi]),True,"[0.1000000000000001, 0.20000000000000004, 0.3, 0.4]","[0.4799984800104797, 0.24000043999544013, 0.16000055999656013, 0.12000051999752008]",state_action_local,1,inf,5,0.05
10,260,Similarity-aware,1.0,1.1102230246251565e-16,8.141635513917814e-16,5.329070518200751e-15,60,E[Agg(Q_xi)] - Agg(E[Q_xi]),True,"[0.1000000000000001, 0.20000000000000004, 0.3, 0.4]","[0.4799984800104797, 0.24000043999544013, 0.16000055999656013, 0.12000051999752008]",state_action_local,1,inf,5,0.05
10,265,Similarity-aware,1.0,6.661338147750939e-17,7.327471962526033e-16,6.217248937900877e-15,60,E[Agg(Q_xi)] - Agg(E[Q_xi]),True,"[0.1000000000000001, 0.20000000000000004, 0.3, 0.4]","[0.4799984800104797, 0.24000043999544013, 0.16000055999656013, 0.12000051999752008]",state_action_local,1,inf,5,0.05
10,270,Similarity-aware,1.0,-2.4424906541753446e-16,6.143234069592533e-16,4.440892098500626e-15,60,E[Agg(Q_xi)] - Agg(E[Q_xi]),True,"[0.1000000000000001, 0.20000000000000004, 0.3, 0.4]","[0.4799984800104797, 0.24000043999544013, 0.16000055999656013, 0.12000051999752008]",state_action_local,1,inf,5,0.05
10,275,Similarity-aware,1.0,2.4424906541753446e-16,7.919590908992784e-16,5.329070518200751e-15,60,E[Agg(Q_xi)] - Agg(E[Q_xi]),True,"[0.1000000000000001, 0.20000000000000004, 0.3, 0.4]","[0.4799984800104797, 0.24000043999544013, 0.16000055999656013, 0.12000051999752008]",state_action_local,1,inf,5,0.05
10,280,Similarity-aware,1.0,9.62193288008469e-17,7.401486830834377e-16,6.217248937900877e-15,60,E[Agg(Q_xi)] - Agg(E[Q_xi]),True,"[0.1000000000000001, 0.20000000000000004, 0.3, 0.4]","[0.4799984800104797, 0.24000043999544013, 0.16000055999656013, 0.12000051999752008]",state_action_local,1,inf,5,0.05
10,285,Similarity-aware,1.0,-8.881784197001253e-17,6.513308411134251e-16,5.329070518200751e-15,60,E[Agg(Q_xi)] - Agg(E[Q_xi]),True,"[0.1000000000000001, 0.20000000000000004, 0.3, 0.4]","[0.4799984800104797, 0.24000043999544013, 0.16000055999656013, 0.12000051999752008]",state_action_local,1,inf,5,0.05
10,290,Similarity-aware,1.0,-1.0362081563168128e-16,6.661338147750939e-16,5.329070518200751e-15,60,E[Agg(Q_xi)] - Agg(E[Q_xi]),True,"[0.1000000000000001, 0.20000000000000004, 0.3, 0.4]","[0.4799984800104797, 0.24000043999544013, 0.16000055999656013, 0.12000051999752008]",state_action_local,1,inf,5,0.05
10,295,Similarity-aware,1.0,-7.401486830834377e-18,7.623531435759408e-16,5.329070518200751e-15,60,E[Agg(Q_xi)] - Agg(E[Q_xi]),True,"[0.1000000000000001, 0.20000000000000004, 0.3, 0.4]","[0.4799984800104797, 0.24000043999544013, 0.16000055999656013, 0.12000051999752008]",state_action_local,1,inf,5,0.05
10,300,Similarity-aware,1.0,-1.1102230246251565e-16,7.401486830834377e-16,5.329070518200751e-15,60,E[Agg(Q_xi)] - Agg(E[Q_xi]),True,"[0.1000000000000001, 0.20000000000000004, 0.3, 0.4]","[0.4799984800104797, 0.24000043999544013, 0.16000055999656013, 0.12000051999752008]",state_action_local,1,inf,5,0.05
10,305,Similarity-aware,1.0,-3.108624468950438e-16,6.291263806209221e-16,7.105427357601002e-15,60,E[Agg(Q_xi)] - Agg(E[Q_xi]),True,"[0.1000000000000001, 0.20000000000000004, 0.3, 0.4]","[0.4799984800104797, 0.24000043999544013, 0.16000055999656013, 0.12000051999752008]",state_action_local,1,inf,5,0.05
10,310,Similarity-aware,1.0,-2.960594732333751e-17,7.327471962526033e-16,7.105427357601002e-15,60,E[Agg(Q_xi)] - Agg(E[Q_xi]),True,"[0.1000000000000001, 0.20000000000000004, 0.3, 0.4]","[0.4799984800104797, 0.24000043999544013, 0.16000055999656013, 0.12000051999752008]",state_action_local,1,inf,5,0.05
10,315,Similarity-aware,1.0,-2.812564995717063e-16,6.513308411134251e-16,5.329070518200751e-15,60,E[Agg(Q_xi)] - Agg(E[Q_xi]),True,"[0.1000000000000001, 0.20000000000000004, 0.3, 0.4]","[0.4799984800104797, 0.24000043999544013, 0.16000055999656013, 0.12000051999752008]",state_action_local,1,inf,5,0.05
10,320,Similarity-aware,1.0,-5.921189464667501e-17,7.697546304067752e-16,5.329070518200751e-15,60,E[Agg(Q_xi)] - Agg(E[Q_xi]),True,"[0.1000000000000001, 0.20000000000000004, 0.3, 0.4]","[0.4799984800104797, 0.24000043999544013, 0.16000055999656013, 0.12000051999752008]",state_action_local,1,inf,5,0.05
10,325,Similarity-aware,1.0,1.0362081563168128e-16,9.177843670234628e-16,5.329070518200751e-15,60,E[Agg(Q_xi)] - Agg(E[Q_xi]),True,"[0.1000000000000001, 0.20000000000000004, 0.3, 0.4]","[0.4799984800104797, 0.24000043999544013, 0.16000055999656013, 0.12000051999752008]",state_action_local,1,inf,5,0.05
10,330,Similarity-aware,1.0,1.3322676295501878e-16,9.769962616701378e-16,5.329070518200751e-15,60,E[Agg(Q_xi)] - Agg(E[Q_xi]),True,"[0.1000000000000001, 0.20000000000000004, 0.3, 0.4]","[0.4799984800104797, 0.24000043999544013, 0.16000055999656013, 0.12000051999752008]",state_action_local,1,inf,5,0.05
10,335,Similarity-aware,1.0,-1.4802973661668754e-17,8.437694987151189e-16,5.329070518200751e-15,60,E[Agg(Q_xi)] - Agg(E[Q_xi]),True,"[0.1000000000000001, 0.20000000000000004, 0.3, 0.4]","[0.4799984800104797, 0.24000043999544013, 0.16000055999656013, 0.12000051999752008]",state_action_local,1,inf,5,0.05
10,340,Similarity-aware,1.0,1.4802973661668754e-17,9.177843670234628e-16,7.105427357601002e-15,60,E[Agg(Q_xi)] - Agg(E[Q_xi]),True,"[0.1000000000000001, 0.20000000000000004, 0.3, 0.4]","[0.4799984800104797, 0.24000043999544013, 0.16000055999656013, 0.12000051999752008]",state_action_local,1,inf,5,0.05
10,345,Similarity-aware,1.0,-1.4802973661668753e-16,9.473903143468002e-16,7.105427357601002e-15,60,E[Agg(Q_xi)] - Agg(E[Q_xi]),True,"[0.1000000000000001, 0.20000000000000004, 0.3, 0.4]","[0.4799984800104797, 0.24000043999544013, 0.16000055999656013, 0.12000051999752008]",state_action_local,1,inf,5,0.05
10,350,Similarity-aware,1.0,2.960594732333751e-17,9.917992353318065e-16,7.105427357601002e-15,60,E[Agg(Q_xi)] - Agg(E[Q_xi]),True,"[0.1000000000000001, 0.20000000000000004, 0.3, 0.4]","[0.4799984800104797, 0.24000043999544013, 0.16000055999656013, 0.12000051999752008]",state_action_local,1,inf,5,0.05
10,355,Similarity-aware,1.0,-4.4408920985006264e-17,8.141635513917814e-16,7.105427357601002e-15,60,E[Agg(Q_xi)] - Agg(E[Q_xi]),True,"[0.1000000000000001, 0.20000000000000004, 0.3, 0.4]","[0.4799984800104797, 0.24000043999544013, 0.16000055999656013, 0.12000051999752008]",state_action_local,1,inf,5,0.05
10,360,Similarity-aware,1.0,4.884981308350689e-16,1.2434497875801752e-15,7.105427357601002e-15,60,E[Agg(Q_xi)] - Agg(E[Q_xi]),True,"[0.1000000000000001, 0.20000000000000004, 0.3, 0.4]","[0.4799984800104797, 0.24000043999544013, 0.16000055999656013, 0.12000051999752008]",state_action_local,1,inf,5,0.05
10,365,Similarity-aware,1.0,2.0724163126336256e-16,1.1546319456101628e-15,7.105427357601002e-15,60,E[Agg(Q_xi)] - Agg(E[Q_xi]),True,"[0.1000000000000001, 0.20000000000000004, 0.3, 0.4]","[0.4799984800104797, 0.24000043999544013, 0.16000055999656013, 0.12000051999752008]",state_action_local,1,inf,5,0.05
10,370,Similarity-aware,1.0,-3.4046839421838136e-16,8.585724723767877e-16,8.881784197001252e-15,60,E[Agg(Q_xi)] - Agg(E[Q_xi]),True,"[0.1000000000000001, 0.20000000000000004, 0.3, 0.4]","[0.4799984800104797, 0.24000043999544013, 0.16000055999656013, 0.12000051999752008]",state_action_local,1,inf,5,0.05
10,375,Similarity-aware,1.0,-4.2928623618839387e-16,9.177843670234628e-16,8.881784197001252e-15,60,E[Agg(Q_xi)] - Agg(E[Q_xi]),True,"[0.1000000000000001, 0.20000000000000004, 0.3, 0.4]","[0.4799984800104797, 0.24000043999544013, 0.16000055999656013, 0.12000051999752008]",state_action_local,1,inf,5,0.05
10,380,Similarity-aware,1.0,6.809367884367627e-16,1.3026616822268502e-15,7.105427357601002e-15,60,E[Agg(Q_xi)] - Agg(E[Q_xi]),True,"[0.1000000000000001, 0.20000000000000004, 0.3, 0.4]","[0.4799984800104797, 0.24000043999544013, 0.16000055999656013, 0.12000051999752008]",state_action_local,1,inf,5,0.05
10,385,Similarity-aware,1.0,1.4802973661668754e-17,1.0510111299784815e-15,7.105427357601002e-15,60,E[Agg(Q_xi)] - Agg(E[Q_xi]),True,"[0.1000000000000001, 0.20000000000000004, 0.3, 0.4]","[0.4799984800104797, 0.24000043999544013, 0.16000055999656013, 0.12000051999752008]",state_action_local,1,inf,5,0.05
10,390,Similarity-aware,1.0,2.516505522483688e-16,1.1694349192718315e-15,8.881784197001252e-15,60,E[Agg(Q_xi)] - Agg(E[Q_xi]),True,"[0.1000000000000001, 0.20000000000000004, 0.3, 0.4]","[0.4799984800104797, 0.24000043999544013, 0.16000055999656013, 0.12000051999752008]",state_action_local,1,inf,5,0.05
10,395,Similarity-aware,1.0,1.0362081563168128e-16,1.1250259982868252e-15,7.105427357601002e-15,60,E[Agg(Q_xi)] - Agg(E[Q_xi]),True,"[0.1000000000000001, 0.20000000000000004, 0.3, 0.4]","[0.4799984800104797, 0.24000043999544013, 0.16000055999656013, 0.12000051999752008]",state_action_local,1,inf,5,0.05
10,400,Similarity-aware,1.0,-1.0362081563168128e-16,9.917992353318065e-16,7.105427357601002e-15,60,E[Agg(Q_xi)] - Agg(E[Q_xi]),True,"[0.1000000000000001, 0.20000000000000004, 0.3, 0.4]","[0.4799984800104797, 0.24000043999544013, 0.16000055999656013, 0.12000051999752008]",state_action_local,1,inf,5,0.05
11,5,Maximum-based,1.0,0.05909128601473601,0.05909128601473601,0.07121473041385298,60,E[Agg(Q_xi)] - Agg(E[Q_xi]),True,"[0.1000000000000001, 0.20000000000000004, 0.3, 0.4000000000000001]","[0.47999848001047973, 0.24000043999544018, 0.16000055999656015, 0.12000051999752008]",state_action_local,1,inf,5,0.05
11,10,Maximum-based,1.0,0.05608346712767019,0.05608346712767019,0.06814045429619561,60,E[Agg(Q_xi)] - Agg(E[Q_xi]),True,"[0.1000000000000001, 0.20000000000000004, 0.3, 0.4000000000000001]","[0.47999848001047973, 0.24000043999544018, 0.16000055999656015, 0.12000051999752008]",state_action_local,1,inf,5,0.05
11,15,Maximum-based,1.0,0.05495052758301888,0.05495052758301888,0.07115608595830125,60,E[Agg(Q_xi)] - Agg(E[Q_xi]),True,"[0.1000000000000001, 0.20000000000000004, 0.3, 0.4000000000000001]","[0.47999848001047973, 0.24000043999544018, 0.16000055999656015, 0.12000051999752008]",state_action_local,1,inf,5,0.05
11,20,Maximum-based,1.0,0.053738755574577496,0.053738755574577496,0.06634917221829706,60,E[Agg(Q_xi)] - Agg(E[Q_xi]),True,"[0.1000000000000001, 0.20000000000000004, 0.3, 0.4000000000000001]","[0.47999848001047973, 0.24000043999544018, 0.16000055999656015, 0.12000051999752008]",state_action_local,1,inf,5,0.05
11,25,Maximum-based,1.0,0.052559964807054764,0.052559964807054764,0.06299170195178894,60,E[Agg(Q_xi)] - Agg(E[Q_xi]),True,"[0.1000000000000001, 0.20000000000000004, 0.3, 0.4000000000000001]","[0.47999848001047973, 0.24000043999544018, 0.16000055999656015, 0.12000051999752008]",state_action_local,1,inf,5,0.05
11,30,Maximum-based,1.0,0.05286031175538379,0.05286031175538379,0.06834415794236093,60,E[Agg(Q_xi)] - Agg(E[Q_xi]),True,"[0.1000000000000001, 0.20000000000000004, 0.3, 0.4000000000000001]","[0.47999848001047973, 0.24000043999544018, 0.16000055999656015, 0.12000051999752008]",state_action_local,1,inf,5,0.05
11,35,Maximum-based,1.0,0.051175332543990495,0.051175332543990495,0.07141549573463579,60,E[Agg(Q_xi)] - Agg(E[Q_xi]),True,"[0.1000000000000001, 0.20000000000000004, 0.3, 0.4000000000000001]","[0.47999848001047973, 0.24000043999544018, 0.16000055999656015, 0.12000051999752008]",state_action_local,1,inf,5,0.05
11,40,Maximum-based,1.0,0.05181852910494123,0.05181852910494123,0.06382858698828597,60,E[Agg(Q_xi)] - Agg(E[Q_xi]),True,"[0.1000000000000001, 0.20000000000000004, 0.3, 0.4000000000000001]","[0.47999848001047973, 0.24000043999544018, 0.16000055999656015, 0.12000051999752008]",state_action_local,1,inf,5,0.05
11,45,Maximum-based,1.0,0.05085543740246583,0.05085543740246583,0.0636933604157397,60,E[Agg(Q_xi)] - Agg(E[Q_xi]),True,"[0.1000000000000001, 0.20000000000000004, 0.3, 0.4000000000000001]","[0.47999848001047973, 0.24000043999544018, 0.16000055999656015, 0.12000051999752008]",state_action_local,1,inf,5,0.05
11,50,Maximum-based,1.0,0.05092221197333033,0.05092221197333033,0.06792589811325289,60,E[Agg(Q_xi)] - Agg(E[Q_xi]),True,"[0.1000000000000001, 0.20000000000000004, 0.3, 0.4000000000000001]","[0.47999848001047973, 0.24000043999544018, 0.16000055999656015, 0.12000051999752008]",state_action_local,1,inf,5,0.05
11,55,Maximum-based,1.0,0.050554828957411896,0.050554828957411896,0.06660033783690933,60,E[Agg(Q_xi)] - Agg(E[Q_xi]),True,"[0.1000000000000001, 0.20000000000000004, 0.3, 0.4000000000000001]","[0.47999848001047973, 0.24000043999544018, 0.16000055999656015, 0.12000051999752008]",state_action_local,1,inf,5,0.05
11,60,Maximum-based,1.0,0.05051901728796907,0.05051901728796907,0.06617369125350292,60,E[Agg(Q_xi)] - Agg(E[Q_xi]),True,"[0.1000000000000001, 0.20000000000000004, 0.3, 0.4000000000000001]","[0.47999848001047973, 0.24000043999544018, 0.16000055999656015, 0.12000051999752008]",state_action_local,1,inf,5,0.05
11,65,Maximum-based,1.0,0.051259896213095464,0.051259896213095464,0.06512684781552824,60,E[Agg(Q_xi)] - Agg(E[Q_xi]),True,"[0.1000000000000001, 0.20000000000000004, 0.3, 0.4000000000000001]","[0.47999848001047973, 0.24000043999544018, 0.16000055999656015, 0.12000051999752008]",state_action_local,1,inf,5,0.05
11,70,Maximum-based,1.0,0.05048540142476007,0.05048540142476007,0.06461700468299103,60,E[Agg(Q_xi)] - Agg(E[Q_xi]),True,"[0.1000000000000001, 0.20000000000000004, 0.3, 0.4000000000000001]","[0.47999848001047973, 0.24000043999544018, 0.16000055999656015, 0.12000051999752008]",state_action_local,1,inf,5,0.05
11,75,Maximum-based,1.0,0.049868185250359534,0.049868185250359534,0.06422955750986681,60,E[Agg(Q_xi)] - Agg(E[Q_xi]),True,"[0.1000000000000001, 0.20000000000000004, 0.3, 0.4000000000000001]","[0.47999848001047973, 0.24000043999544018, 0.16000055999656015, 0.12000051999752008]",state_action_local,1,inf,5,0.05
11,80,Maximum-based,1.0,0.04990419491555475,0.04990419491555475,0.0628387275072897,60,E[Agg(Q_xi)] - Agg(E[Q_xi]),True,"[0.1000000000000001, 0.20000000000000004, 0.3, 0.4000000000000001]","[0.47999848001047973, 0.24000043999544018, 0.16000055999656015, 0.12000051999752008]",state_action_local,1,inf,5,0.05
11,85,Maximum-based,1.0,0.05053226490498931,0.05053226490498931,0.06633628359938948,60,E[Agg(Q_xi)] - Agg(E[Q_xi]),True,"[0.1000000000000001, 0.20000000000000004, 0.3, 0.4000000000000001]","[0.47999848001047973, 0.24000043999544018, 0.16000055999656015, 0.12000051999752008]",state_action_local,1,inf,5,0.05
11,90,Maximum-based,1.0,0.04978682023821091,0.04978682023821091,0.06418288490618185,60,E[Agg(Q_xi)] - Agg(E[Q_xi]),True,"[0.1000000000000001, 0.20000000000000004, 0.3, 0.4000000000000001]","[0.47999848001047973, 0.24000043999544018, 0.16000055999656015, 0.12000051999752008]",state_action_local,1,inf,5,0.05
11,95,Maximum-based,1.0,0.05049462700702989,0.05049462700702989,0.06200510531663772,60,E[Agg(Q_xi)] - Agg(E[Q_xi]),True,"[0.1000000000000001, 0.20000000000000004, 0.3, 0.4000000000000001]","[0.47999848001047973, 0.24000043999544018, 0.16000055999656015, 0.12000051999752008]",state_action_local,1,inf,5,0.05
11,100,Maximum-based,1.0,0.05001440214265583,0.05001440214265583,0.06256935095293992,60,E[Agg(Q_xi)] - Agg(E[Q_xi]),True,"[0.1000000000000001, 0.20000000000000004, 0.3, 0.4000000000000001]","[0.47999848001047973, 0.24000043999544018, 0.16000055999656015, 0.12000051999752008]",state_action_local,1,inf,5,0.05
11,105,Maximum-based,1.0,0.049600535592121096,0.049600535592121096,0.07017318907277303,60,E[Agg(Q_xi)] - Agg(E[Q_xi]),True,"[0.1000000000000001, 0.20000000000000004, 0.3, 0.4000000000000001]","[0.47999848001047973, 0.24000043999544018, 0.16000055999656015, 0.12000051999752008]",state_action_local,1,inf,5,0.05
11,110,Maximum-based,1.0,0.04942198586727689,0.04942198586727689,0.0654223588108378,60,E[Agg(Q_xi)] - Agg(E[Q_xi]),True,"[0.1000000000000001, 0.20000000000000004, 0.3, 0.4000000000000001]","[0.47999848001047973, 0.24000043999544018, 0.16000055999656015, 0.12000051999752008]",state_action_local,1,inf,5,0.05
11,115,Maximum-based,1.0,0.04972601445497247,0.04972601445497247,0.06210397723793282,60,E[Agg(Q_xi)] - Agg(E[Q_xi]),True,"[0.1000000000000001, 0.20000000000000004, 0.3, 0.4000000000000001]","[0.47999848001047973, 0.24000043999544018, 0.16000055999656015, 0.12000051999752008]",state_action_local,1,inf,5,0.05
11,120,Maximum-based,1.0,0.04944954707977249,0.04944954707977249,0.06546676073193325,60,E[Agg(Q_xi)] - Agg(E[Q_xi]),True,"[0.1000000000000001, 0.20000000000000004, 0.3, 0.4000000000000001]","[0.47999848001047973, 0.24000043999544018, 0.16000055999656015, 0.12000051999752008]",state_action_local,1,inf,5,0.05
11,125,Maximum-based,1.0,0.04996176738650416,0.04996176738650416,0.064814249289455,60,E[Agg(Q_xi)] - Agg(E[Q_xi]),True,"[0.1000000000000001, 0.20000000000000004, 0.3, 0.4000000000000001]","[0.47999848001047973, 0.24000043999544018, 0.16000055999656015, 0.12000051999752008]",state_action_local,1,inf,5,0.05
11,130,Maximum-based,1.0,0.04944668684467946,0.04944668684467946,0.06307765730015724,60,E[Agg(Q_xi)] - Agg(E[Q_xi]),True,"[0.1000000000000001, 0.20000000000000004, 0.3, 0.4000000000000001]","[0.47999848001047973, 0.24000043999544018, 0.16000055999656015, 0.12000051999752008]",state_action_local,1,inf,5,0.05
11,135,Maximum-based,1.0,0.04878018420759291,0.04878018420759291,0.06836916768511259,60,E[Agg(Q_xi)] - Agg(E[Q_xi]),True,"[0.1000000000000001, 0.20000000000000004, 0.3, 0.4000000000000001]","[0.47999848001047973, 0.24000043999544018, 0.16000055999656015, 0.12000051999752008]",state_action_local,1,inf,5,0.05
11,140,Maximum-based,1.0,0.04976456177075505,0.04976456177075505,0.06530882897761625,60,E[Agg(Q_xi)] - Agg(E[Q_xi]),True,"[0.1000000000000001, 0.20000000000000004, 0.3, 0.4000000000000001]","[0.47999848001047973, 0.24000043999544018, 0.16000055999656015, 0.12000051999752008]",state_action_local,1,inf,5,0.05
11,145,Maximum-based,1.0,0.04951427700190112,0.04951427700190112,0.06308492893122608,60,E[Agg(Q_xi)] - Agg(E[Q_xi]),True,"[0.1000000000000001, 0.20000000000000004, 0.3, 0.4000000000000001]","[0.47999848001047973, 0.24000043999544018, 0.16000055999656015, 0.12000051999752008]",state_action_local,1,inf,5,0.05
11,150,Maximum-based,1.0,0.05005330334066604,0.05005330334066604,0.061261735664607464,60,E[Agg(Q_xi)] - Agg(E[Q_xi]),True,"[0.1000000000000001, 0.20000000000000004, 0.3, 0.4000000000000001]","[0.47999848001047973, 0.24000043999544018, 0.16000055999656015, 0.12000051999752008]",state_action_local,1,inf,5,0.05
11,155,Maximum-based,1.0,0.04984076280617274,0.04984076280617274,0.06335882244309232,60,E[Agg(Q_xi)] - Agg(E[Q_xi]),True,"[0.1000000000000001, 0.20000000000000004, 0.3, 0.4000000000000001]","[0.47999848001047973, 0.24000043999544018, 0.16000055999656015, 0.12000051999752008]",state_action_local,1,inf,5,0.05
11,160,Maximum-based,1.0,0.049255938236328095,0.049255938236328095,0.06355115928318344,60,E[Agg(Q_xi)] - Agg(E[Q_xi]),True,"[0.1000000000000001, 0.20000000000000004, 0.3, 0.4000000000000001]","[0.47999848001047973, 0.24000043999544018, 0.16000055999656015, 0.12000051999752008]",state_action_local,1,inf,5,0.05
11,165,Maximum-based,1.0,0.04930303735514604,0.04930303735514604,0.06598471281402407,60,E[Agg(Q_xi)] - Agg(E[Q_xi]),True,"[0.1000000000000001, 0.20000000000000004, 0.3, 0.4000000000000001]","[0.47999848001047973, 0.24000043999544018, 0.16000055999656015, 0.12000051999752008]",state_action_local,1,inf,5,0.05
11,170,Maximum-based,1.0,0.04968596404631921,0.04968596404631921,0.0659035718223171,60,E[Agg(Q_xi)] - Agg(E[Q_xi]),True,"[0.1000000000000001, 0.20000000000000004, 0.3, 0.4000000000000001]","[0.47999848001047973, 0.24000043999544018, 0.16000055999656015, 0.12000051999752008]",state_action_local,1,inf,5,0.05
11,175,Maximum-based,1.0,0.04978271375309205,0.04978271375309205,0.06637445027121913,60,E[Agg(Q_xi)] - Agg(E[Q_xi]),True,"[0.1000000000000001, 0.20000000000000004, 0.3, 0.4000000000000001]","[0.47999848001047973, 0.24000043999544018, 0.16000055999656015, 0.12000051999752008]",state_action_local,1,inf,5,0.05
11,180,Maximum-based,1.0,0.04994336666465888,0.04994336666465888,0.0627141745682156,60,E[Agg(Q_xi)] - Agg(E[Q_xi]),True,"[0.1000000000000001, 0.20000000000000004, 0.3, 0.4000000000000001]","[0.47999848001047973, 0.24000043999544018, 0.16000055999656015, 0.12000051999752008]",state_action_local,1,inf,5,0.05
11,185,Maximum-based,1.0,0.050073543819623506,0.050073543819623506,0.06670322589262057,60,E[Agg(Q_xi)] - Agg(E[Q_xi]),True,"[0.1000000000000001, 0.20000000000000004, 0.3, 0.4000000000000001]","[0.47999848001047973, 0.24000043999544018, 0.16000055999656015, 0.12000051999752008]",state_action_local,1,inf,5,0.05
11,190,Maximum-based,1.0,0.0496637465700874,0.0496637465700874,0.0604654942042,60,E[Agg(Q_xi)] - Agg(E[Q_xi]),True,"[0.1000000000000001, 0.20000000000000004, 0.3, 0.4000000000000001]","[0.47999848001047973, 0.24000043999544018, 0.16000055999656015, 0.12000051999752008]",state_action_local,1,inf,5,0.05
11,195,Maximum-based,1.0,0.049882765994012944,0.049882765994012944,0.06258243716204248,60,E[Agg(Q_xi)] - Agg(E[Q_xi]),True,"[0.1000000000000001, 0.20000000000000004, 0.3, 0.4000000000000001]","[0.47999848001047973, 0.24000043999544018, 0.16000055999656015, 0.12000051999752008]",state_action_local,1,inf,5,0.05
11,200,Maximum-based,1.0,0.04959200386906829,0.04959200386906829,0.06109298047725442,60,E[Agg(Q_xi)] - Agg(E[Q_xi]),True,"[0.1000000000000001, 0.20000000000000004, 0.3, 0.4000000000000001]","[0.47999848001047973, 0.24000043999544018, 0.16000055999656015, 0.12000051999752008]",state_action_local,1,inf,5,0.05
11,205,Maximum-based,1.0,0.05007174063211648,0.05007174063211648,0.06657463887906268,60,E[Agg(Q_xi)] - Agg(E[Q_xi]),True,"[0.1000000000000001, 0.20000000000000004, 0.3, 0.4000000000000001]","[0.47999848001047973, 0.24000043999544018, 0.16000055999656015, 0.12000051999752008]",state_action_local,1,inf,5,0.05
11,210,Maximum-based,1.0,0.04931399457181914,0.04931399457181914,0.06367492053605339,60,E[Agg(Q_xi)] - Agg(E[Q_xi]),True,"[0.1000000000000001, 0.20000000000000004, 0.3, 0.4000000000000001]","[0.47999848001047973, 0.24000043999544018, 0.16000055999656015, 0.12000051999752008]",state_action_local,1,inf,5,0.05
11,215,Maximum-based,1.0,0.04967790985902458,0.04967790985902458,0.06106617174173845,60,E[Agg(Q_xi)] - Agg(E[Q_xi]),True,"[0.1000000000000001, 0.20000000000000004, 0.3, 0.4000000000000001]","[0.47999848001047973, 0.24000043999544018, 0.16000055999656015, 0.12000051999752008]",state_action_local,1,inf,5,0.05
11,220,Maximum-based,1.0,0.05091070624433143,0.05091070624433143,0.06603525424140244,60,E[Agg(Q_xi)] - Agg(E[Q_xi]),True,"[0.1000000000000001, 0.20000000000000004, 0.3, 0.4000000000000001]","[0.47999848001047973, 0.24000043999544018, 0.16000055999656015, 0.12000051999752008]",state_action_local,1,inf,5,0.05
11,225,Maximum-based,1.0,0.05029228454498843,0.05029228454498843,0.06236771576242184,60,E[Agg(Q_xi)] - Agg(E[Q_xi]),True,"[0.1000000000000001, 0.20000000000000004, 0.3, 0.4000000000000001]","[0.47999848001047973, 0.24000043999544018, 0.16000055999656015, 0.12000051999752008]",state_action_local,1,inf,5,0.05
11,230,Maximum-based,1.0,0.049376442798387855,0.049376442798387855,0.06131144426176327,60,E[Agg(Q_xi)] - Agg(E[Q_xi]),True,"[0.1000000000000001, 0.20000000000000004, 0.3, 0.4000000000000001]","[0.47999848001047973, 0.24000043999544018, 0.16000055999656015, 0.12000051999752008]",state_action_local,1,inf,5,0.05
11,235,Maximum-based,1.0,0.05020339153742404,0.05020339153742404,0.06636285808733966,60,E[Agg(Q_xi)] - Agg(E[Q_xi]),True,"[0.1000000000000001, 0.20000000000000004, 0.3, 0.4000000000000001]","[0.47999848001047973, 0.24000043999544018, 0.16000055999656015, 0.12000051999752008]",state_action_local,1,inf,5,0.05
11,240,Maximum-based,1.0,0.049893491407310885,0.049893491407310885,0.06749146026144537,60,E[Agg(Q_xi)] - Agg(E[Q_xi]),True,"[0.1000000000000001, 0.20000000000000004, 0.3, 0.4000000000000001]","[0.47999848001047973, 0.24000043999544018, 0.16000055999656015, 0.12000051999752008]",state_action_local,1,inf,5,0.05
11,245,Maximum-based,1.0,0.04967313380677664,0.04967313380677664,0.06550283694665815,60,E[Agg(Q_xi)] - Agg(E[Q_xi]),True,"[0.1000000000000001, 0.20000000000000004, 0.3, 0.4000000000000001]","[0.47999848001047973, 0.24000043999544018, 0.16000055999656015, 0.12000051999752008]",state_action_local,1,inf,5,0.05
11,250,Maximum-based,1.0,0.05005289328424383,0.05005289328424383,0.06479099398147525,60,E[Agg(Q_xi)] - Agg(E[Q_xi]),True,"[0.1000000000000001, 0.20000000000000004, 0.3, 0.4000000000000001]","[0.47999848001047973, 0.24000043999544018, 0.16000055999656015, 0.12000051999752008]",state_action_local,1,inf,5,0.05
11,255,Maximum-based,1.0,0.05032578454074414,0.05032578454074414,0.06608013913130328,60,E[Agg(Q_xi)] - Agg(E[Q_xi]),True,"[0.1000000000000001, 0.20000000000000004, 0.3, 0.4000000000000001]","[0.47999848001047973, 0.24000043999544018, 0.16000055999656015, 0.12000051999752008]",state_action_local,1,inf,5,0.05
11,260,Maximum-based,1.0,0.04974417379047769,0.04974417379047769,0.0617982405857731,60,E[Agg(Q_xi)] - Agg(E[Q_xi]),True,"[0.1000000000000001, 0.20000000000000004, 0.3, 0.4000000000000001]","[0.47999848001047973, 0.24000043999544018, 0.16000055999656015, 0.12000051999752008]",state_action_local,1,inf,5,0.05
11,265,Maximum-based,1.0,0.04983455778109211,0.04983455778109211,0.06398502344046975,60,E[Agg(Q_xi)] - Agg(E[Q_xi]),True,"[0.1000000000000001, 0.20000000000000004, 0.3, 0.4000000000000001]","[0.47999848001047973, 0.24000043999544018, 0.16000055999656015, 0.12000051999752008]",state_action_local,1,inf,5,0.05
11,270,Maximum-based,1.0,0.049939081708500706,0.049939081708500706,0.06437731736574115,60,E[Agg(Q_xi)] - Agg(E[Q_xi]),True,"[0.1000000000000001, 0.20000000000000004, 0.3, 0.4000000000000001]","[0.47999848001047973, 0.24000043999544018, 0.16000055999656015, 0.12000051999752008]",state_action_local,1,inf,5,0.05
11,275,Maximum-based,1.0,0.04988898508725293,0.04988898508725293,0.06505576322011919,60,E[Agg(Q_xi)] - Agg(E[Q_xi]),True,"[0.1000000000000001, 0.20000000000000004, 0.3, 0.4000000000000001]","[0.47999848001047973, 0.24000043999544018, 0.16000055999656015, 0.12000051999752008]",state_action_local,1,inf,5,0.05
11,280,Maximum-based,1.0,0.050022275231580454,0.050022275231580454,0.06300254778735237,60,E[Agg(Q_xi)] - Agg(E[Q_xi]),True,"[0.1000000000000001, 0.20000000000000004, 0.3, 0.4000000000000001]","[0.47999848001047973, 0.24000043999544018, 0.16000055999656015, 0.12000051999752008]",state_action_local,1,inf,5,0.05
11,285,Maximum-based,1.0,0.04909883038924418,0.04909883038924418,0.06388154237573573,60,E[Agg(Q_xi)] - Agg(E[Q_xi]),True,"[0.1000000000000001, 0.20000000000000004, 0.3, 0.4000000000000001]","[0.47999848001047973, 0.24000043999544018, 0.16000055999656015, 0.12000051999752008]",state_action_local,1,inf,5,0.05
11,290,Maximum-based,1.0,0.04925681220765323,0.04925681220765323,0.062241707589047124,60,E[Agg(Q_xi)] - Agg(E[Q_xi]),True,"[0.1000000000000001, 0.20000000000000004, 0.3, 0.4000000000000001]","[0.47999848001047973, 0.24000043999544018, 0.16000055999656015, 0.12000051999752008]",state_action_local,1,inf,5,0.05
11,295,Maximum-based,1.0,0.04966124225540615,0.04966124225540615,0.06335949656468642,60,E[Agg(Q_xi)] - Agg(E[Q_xi]),True,"[0.1000000000000001, 0.20000000000000004, 0.3, 0.4000000000000001]","[0.47999848001047973, 0.24000043999544018, 0.16000055999656015, 0.12000051999752008]",state_action_local,1,inf,5,0.05
11,300,Maximum-based,1.0,0.04983952350386066,0.04983952350386066,0.06503730215437464,60,E[Agg(Q_xi)] - Agg(E[Q_xi]),True,"[0.1000000000000001, 0.20000000000000004, 0.3, 0.4000000000000001]","[0.47999848001047973, 0.24000043999544018, 0.16000055999656015, 0.12000051999752008]",state_action_local,1,inf,5,0.05
11,305,Maximum-based,1.0,0.049014149022853504,0.049014149022853504,0.06048981377784024,60,E[Agg(Q_xi)] - Agg(E[Q_xi]),True,"[0.1000000000000001, 0.20000000000000004, 0.3, 0.4000000000000001]","[0.47999848001047973, 0.24000043999544018, 0.16000055999656015, 0.12000051999752008]",state_action_local,1,inf,5,0.05
11,310,Maximum-based,1.0,0.04942555018940538,0.04942555018940538,0.06122785484182636,60,E[Agg(Q_xi)] - Agg(E[Q_xi]),True,"[0.1000000000000001, 0.20000000000000004, 0.3, 0.4000000000000001]","[0.47999848001047973, 0.24000043999544018, 0.16000055999656015, 0.12000051999752008]",state_action_local,1,inf,5,0.05
11,315,Maximum-based,1.0,0.04996355633329704,0.04996355633329704,0.06838318268306942,60,E[Agg(Q_xi)] - Agg(E[Q_xi]),True,"[0.1000000000000001, 0.20000000000000004, 0.3, 0.4000000000000001]","[0.47999848001047973, 0.24000043999544018, 0.16000055999656015, 0.12000051999752008]",state_action_local,1,inf,5,0.05
11,320,Maximum-based,1.0,0.048953721509357395,0.048953721509357395,0.06455211880704503,60,E[Agg(Q_xi)] - Agg(E[Q_xi]),True,"[0.1000000000000001, 0.20000000000000004, 0.3, 0.4000000000000001]","[0.47999848001047973, 0.24000043999544018, 0.16000055999656015, 0.12000051999752008]",state_action_local,1,inf,5,0.05
11,325,Maximum-based,1.0,0.04948132906856252,0.04948132906856252,0.06413445847070243,60,E[Agg(Q_xi)] - Agg(E[Q_xi]),True,"[0.1000000000000001, 0.20000000000000004, 0.3, 0.4000000000000001]","[0.47999848001047973, 0.24000043999544018, 0.16000055999656015, 0.12000051999752008]",state_action_local,1,inf,5,0.05
11,330,Maximum-based,1.0,0.04942980093523523,0.04942980093523523,0.06312299250399356,60,E[Agg(Q_xi)] - Agg(E[Q_xi]),True,"[0.1000000000000001, 0.20000000000000004, 0.3, 0.4000000000000001]","[0.47999848001047973, 0.24000043999544018, 0.16000055999656015, 0.12000051999752008]",state_action_local,1,inf,5,0.05
11,335,Maximum-based,1.0,0.048795593942304684,0.048795593942304684,0.06572559987843896,60,E[Agg(Q_xi)] - Agg(E[Q_xi]),True,"[0.1000000000000001, 0.20000000000000004, 0.3, 0.4000000000000001]","[0.47999848001047973, 0.24000043999544018, 0.16000055999656015, 0.12000051999752008]",state_action_local,1,inf,5,0.05
11,340,Maximum-based,1.0,0.0493990245211275,0.0493990245211275,0.06771933531701357,60,E[Agg(Q_xi)] - Agg(E[Q_xi]),True,"[0.1000000000000001, 0.20000000000000004, 0.3, 0.4000000000000001]","[0.47999848001047973, 0.24000043999544018, 0.16000055999656015, 0.12000051999752008]",state_action_local,1,inf,5,0.05
11,345,Maximum-based,1.0,0.048932196055849204,0.048932196055849204,0.06075882559166068,60,E[Agg(Q_xi)] - Agg(E[Q_xi]),True,"[0.1000000000000001, 0.20000000000000004, 0.3, 0.4000000000000001]","[0.47999848001047973, 0.24000043999544018, 0.16000055999656015, 0.12000051999752008]",state_action_local,1,inf,5,0.05
11,350,Maximum-based,1.0,0.04978482247373671,0.04978482247373671,0.06459685807769233,60,E[Agg(Q_xi)] - Agg(E[Q_xi]),True,"[0.1000000000000001, 0.20000000000000004, 0.3, 0.4000000000000001]","[0.47999848001047973, 0.24000043999544018, 0.16000055999656015, 0.12000051999752008]",state_action_local,1,inf,5,0.05
11,355,Maximum-based,1.0,0.0496916477281739,0.0496916477281739,0.0646770755295325,60,E[Agg(Q_xi)] - Agg(E[Q_xi]),True,"[0.1000000000000001, 0.20000000000000004, 0.3, 0.4000000000000001]","[0.47999848001047973, 0.24000043999544018, 0.16000055999656015, 0.12000051999752008]",state_action_local,1,inf,5,0.05
11,360,Maximum-based,1.0,0.04963725231645344,0.04963725231645344,0.06176899740878383,60,E[Agg(Q_xi)] - Agg(E[Q_xi]),True,"[0.1000000000000001, 0.20000000000000004, 0.3, 0.4000000000000001]","[0.47999848001047973, 0.24000043999544018, 0.16000055999656015, 0.12000051999752008]",state_action_local,1,inf,5,0.05
11,365,Maximum-based,1.0,0.04902833791316415,0.04902833791316415,0.0608023431013649,60,E[Agg(Q_xi)] - Agg(E[Q_xi]),True,"[0.1000000000000001, 0.20000000000000004, 0.3, 0.4000000000000001]","[0.47999848001047973, 0.24000043999544018, 0.16000055999656015, 0.12000051999752008]",state_action_local,1,inf,5,0.05
11,370,Maximum-based,1.0,0.04908652512403836,0.04908652512403836,0.0620728631965477,60,E[Agg(Q_xi)] - Agg(E[Q_xi]),True,"[0.1000000000000001, 0.20000000000000004, 0.3, 0.4000000000000001]","[0.47999848001047973, 0.24000043999544018, 0.16000055999656015, 0.12000051999752008]",state_action_local,1,inf,5,0.05
11,375,Maximum-based,1.0,0.04926418473639063,0.04926418473639063,0.06865610787273901,60,E[Agg(Q_xi)] - Agg(E[Q_xi]),True,"[0.1000000000000001, 0.20000000000000004, 0.3, 0.4000000000000001]","[0.47999848001047973, 0.24000043999544018, 0.16000055999656015, 0.12000051999752008]",state_action_local,1,inf,5,0.05
11,380,Maximum-based,1.0,0.04973860883981086,0.04973860883981086,0.07282758704347891,60,E[Agg(Q_xi)] - Agg(E[Q_xi]),True,"[0.1000000000000001, 0.20000000000000004, 0.3, 0.4000000000000001]","[0.47999848001047973, 0.24000043999544018, 0.16000055999656015, 0.12000051999752008]",state_action_local,1,inf,5,0.05
11,385,Maximum-based,1.0,0.04903794352187856,0.04903794352187856,0.06581193154292464,60,E[Agg(Q_xi)] - Agg(E[Q_xi]),True,"[0.1000000000000001, 0.20000000000000004, 0.3, 0.4000000000000001]","[0.47999848001047973, 0.24000043999544018, 0.16000055999656015, 0.12000051999752008]",state_action_local,1,inf,5,0.05
11,390,Maximum-based,1.0,0.049805150155982296,0.049805150155982296,0.06132399711026437,60,E[Agg(Q_xi)] - Agg(E[Q_xi]),True,"[0.1000000000000001, 0.20000000000000004, 0.3, 0.4000000000000001]","[0.47999848001047973, 0.24000043999544018, 0.16000055999656015, 0.12000051999752008]",state_action_local,1,inf,5,0.05
11,395,Maximum-based,1.0,0.04914601071910325,0.04914601071910325,0.060502217428132,60,E[Agg(Q_xi)] - Agg(E[Q_xi]),True,"[0.1000000000000001, 0.20000000000000004, 0.3, 0.4000000000000001]","[0.47999848001047973, 0.24000043999544018, 0.16000055999656015, 0.12000051999752008]",state_action_local,1,inf,5,0.05
11,400,Maximum-based,1.0,0.049379627858080255,0.049379627858080255,0.06224726826106419,60,E[Agg(Q_xi)] - Agg(E[Q_xi]),True,"[0.1000000000000001, 0.20000000000000004, 0.3, 0.4000000000000001]","[0.47999848001047973, 0.24000043999544018, 0.16000055999656015, 0.12000051999752008]",state_action_local,1,inf,5,0.05
11,5,Similarity-aware,1.0,-2.3418766925686897e-18,1.1535911115245768e-17,1.6653345369377348e-16,60,E[Agg(Q_xi)] - Agg(E[Q_xi]),True,"[0.1000000000000001, 0.20000000000000004, 0.3, 0.4000000000000001]","[0.47999848001047973, 0.24000043999544018, 0.16000055999656015, 0.12000051999752008]",state_action_local,1,inf,5,0.05
11,10,Similarity-aware,1.0,4.5102810375396986e-18,2.914335439641036e-17,2.220446049250313e-16,60,E[Agg(Q_xi)] - Agg(E[Q_xi]),True,"[0.1000000000000001, 0.20000000000000004, 0.3, 0.4000000000000001]","[0.47999848001047973, 0.24000043999544018, 0.16000055999656015, 0.12000051999752008]",state_action_local,1,inf,5,0.05
11,15,Similarity-aware,1.0,1.6422048905913774e-17,6.152485928131076e-17,4.440892098500626e-16,60,E[Agg(Q_xi)] - Agg(E[Q_xi]),True,"[0.1000000000000001, 0.20000000000000004, 0.3, 0.4000000000000001]","[0.47999848001047973, 0.24000043999544018, 0.16000055999656015, 0.12000051999752008]",state_action_local,1,inf,5,0.05
11,20,Similarity-aware,1.0,3.23815048849004e-18,6.29126380620922e-17,6.661338147750939e-16,60,E[Agg(Q_xi)] - Agg(E[Q_xi]),True,"[0.1000000000000001, 0.20000000000000004, 0.3, 0.4000000000000001]","[0.47999848001047973, 0.24000043999544018, 0.16000055999656015, 0.12000051999752008]",state_action_local,1,inf,5,0.05
11,25,Similarity-aware,1.0,-1.7578531223231644e-17,5.921189464667501e-17,6.661338147750939e-16,60,E[Agg(Q_xi)] - Agg(E[Q_xi]),True,"[0.1000000000000001, 0.20000000000000004, 0.3, 0.4000000000000001]","[0.47999848001047973, 0.24000043999544018, 0.16000055999656015, 0.12000051999752008]",state_action_local,1,inf,5,0.05
11,30,Similarity-aware,1.0,1.850371707708594e-17,8.881784197001253e-17,8.881784197001252e-16,60,E[Agg(Q_xi)] - Agg(E[Q_xi]),True,"[0.1000000000000001, 0.20000000000000004, 0.3, 0.4000000000000001]","[0.47999848001047973, 0.24000043999544018, 0.16000055999656015, 0.12000051999752008]",state_action_local,1,inf,5,0.05
11,35,Similarity-aware,1.0,-2.7755575615628915e-18,1.1842378929335003e-16,1.1102230246251565e-15,60,E[Agg(Q_xi)] - Agg(E[Q_xi]),True,"[0.1000000000000001, 0.20000000000000004, 0.3, 0.4000000000000001]","[0.47999848001047973, 0.24000043999544018, 0.16000055999656015, 0.12000051999752008]",state_action_local,1,inf,5,0.05
11,40,Similarity-aware,1.0,3.9782991715734776e-17,1.27675647831893e-16,1.1102230246251565e-15,60,E[Agg(Q_xi)] - Agg(E[Q_xi]),True,"[0.1000000000000001, 0.20000000000000004, 0.3, 0.4000000000000001]","[0.47999848001047973, 0.24000043999544018, 0.16000055999656015, 0.12000051999752008]",state_action_local,1,inf,5,0.05
11,45,Similarity-aware,1.0,-4.3483735131151964e-17,9.89948863624098e-17,8.881784197001252e-16,60,E[Agg(Q_xi)] - Agg(E[Q_xi]),True,"[0.1000000000000001, 0.20000000000000004, 0.3, 0.4000000000000001]","[0.47999848001047973, 0.24000043999544018, 0.16000055999656015, 0.12000051999752008]",state_action_local,1,inf,5,0.05
11,50,Similarity-aware,1.0,2.960594732333751e-17,1.646830819860649e-16,1.3322676295501878e-15,60,E[Agg(Q_xi)] - Agg(E[Q_xi]),True,"[0.1000000000000001, 0.20000000000000004, 0.3, 0.4000000000000001]","[0.47999848001047973, 0.24000043999544018, 0.16000055999656015, 0.12000051999752008]",state_action_local,1,inf,5,0.05
11,55,Similarity-aware,1.0,-4.810966440042345e-17,1.6283271027835628e-16,1.1102230246251565e-15,60,E[Agg(Q_xi)] - Agg(E[Q_xi]),True,"[0.1000000000000001, 0.20000000000000004, 0.3, 0.4000000000000001]","[0.47999848001047973, 0.24000043999544018, 0.16000055999656015, 0.12000051999752008]",state_action_local,1,inf,5,0.05
11,60,Similarity-aware,1.0,-1.1102230246251566e-17,1.8318679906315082e-16,1.3322676295501878e-15,60,E[Agg(Q_xi)] - Agg(E[Q_xi]),True,"[0.1000000000000001, 0.20000000000000004, 0.3, 0.4000000000000001]","[0.47999848001047973, 0.24000043999544018, 0.16000055999656015, 0.12000051999752008]",state_action_local,1,inf,5,0.05
11,65,Similarity-aware,1.0,1.4802973661668754e-17,2.0909200297107115e-16,1.3322676295501878e-15,60,E[Agg(Q_xi)] - Agg(E[Q_xi]),True,"[0.1000000000000001, 0.20000000000000004, 0.3, 0.4000000000000001]","[0.47999848001047973, 0.24000043999544018, 0.16000055999656015, 0.12000051999752008]",state_action_local,1,inf,5,0.05
11,70,Similarity-aware,1.0,1.0917193075480705e-16,2.7755575615628914e-16,1.3322676295501878e-15,60,E[Agg(Q_xi)] - Agg(E[Q_xi]),True,"[0.1000000000000001, 0.20000000000000004, 0.3, 0.4000000000000001]","[0.47999848001047973, 0.24000043999544018, 0.16000055999656015, 0.12000051999752008]",state_action_local,1,inf,5,0.05
11,75,Similarity-aware,1.0,1.295260195396016e-17,2.590520390792032e-16,1.3322676295501878e-15,60,E[Agg(Q_xi)] - Agg(E[Q_xi]),True,"[0.1000000000000001, 0.20000000000000004, 0.3, 0.4000000000000001]","[0.47999848001047973, 0.24000043999544018, 0.16000055999656015, 0.12000051999752008]",state_action_local,1,inf,5,0.05
11,80,Similarity-aware,1.0,-7.401486830834377e-18,2.4054832200211723e-16,2.220446049250313e-15,60,E[Agg(Q_xi)] - Agg(E[Q_xi]),True,"[0.1000000000000001, 0.20000000000000004, 0.3, 0.4000000000000001]","[0.47999848001047973, 0.24000043999544018, 0.16000055999656015, 0.12000051999752008]",state_action_local,1,inf,5,0.05
11,85,Similarity-aware,1.0,4.070817756958907e-17,2.590520390792032e-16,1.7763568394002505e-15,60,E[Agg(Q_xi)] - Agg(E[Q_xi]),True,"[0.1000000000000001, 0.20000000000000004, 0.3, 0.4000000000000001]","[0.47999848001047973, 0.24000043999544018, 0.16000055999656015, 0.12000051999752008]",state_action_local,1,inf,5,0.05
11,90,Similarity-aware,1.0,-4.810966440042345e-17,2.257453483404485e-16,2.6645352591003757e-15,60,E[Agg(Q_xi)] - Agg(E[Q_xi]),True,"[0.1000000000000001, 0.20000000000000004, 0.3, 0.4000000000000001]","[0.47999848001047973, 0.24000043999544018, 0.16000055999656015, 0.12000051999752008]",state_action_local,1,inf,5,0.05
11,95,Similarity-aware,1.0,-1.591319668629391e-16,2.257453483404485e-16,2.6645352591003757e-15,60,E[Agg(Q_xi)] - Agg(E[Q_xi]),True,"[0.1000000000000001, 0.20000000000000004, 0.3, 0.4000000000000001]","[0.47999848001047973, 0.24000043999544018, 0.16000055999656015, 0.12000051999752008]",state_action_local,1,inf,5,0.05
11,100,Similarity-aware,1.0,-1.3322676295501878e-16,2.3684757858670006e-16,2.220446049250313e-15,60,E[Agg(Q_xi)] - Agg(E[Q_xi]),True,"[0.1000000000000001, 0.20000000000000004, 0.3, 0.4000000000000001]","[0.47999848001047973, 0.24000043999544018, 0.16000055999656015, 0.12000051999752008]",state_action_local,1,inf,5,0.05
11,105,Similarity-aware,1.0,-1.5173048003210473e-16,2.4054832200211723e-16,2.220446049250313e-15,60,E[Agg(Q_xi)] - Agg(E[Q_xi]),True,"[0.1000000000000001, 0.20000000000000004, 0.3, 0.4000000000000001]","[0.47999848001047973, 0.24000043999544018, 0.16000055999656015, 0.12000051999752008]",state_action_local,1,inf,5,0.05
11,110,Similarity-aware,1.0,1.4062824978585316e-16,3.9227880203422196e-16,2.220446049250313e-15,60,E[Agg(Q_xi)] - Agg(E[Q_xi]),True,"[0.1000000000000001, 0.20000000000000004, 0.3, 0.4000000000000001]","[0.47999848001047973, 0.24000043999544018, 0.16000055999656015, 0.12000051999752008]",state_action_local,1,inf,5,0.05
11,115,Similarity-aware,1.0,-5.551115123125783e-17,3.3676765080296414e-16,3.552713678800501e-15,60,E[Agg(Q_xi)] - Agg(E[Q_xi]),True,"[0.1000000000000001, 0.20000000000000004, 0.3, 0.4000000000000001]","[0.47999848001047973, 0.24000043999544018, 0.16000055999656015, 0.12000051999752008]",state_action_local,1,inf,5,0.05
11,120,Similarity-aware,1.0,4.810966440042345e-17,3.6267285471088446e-16,2.220446049250313e-15,60,E[Agg(Q_xi)] - Agg(E[Q_xi]),True,"[0.1000000000000001, 0.20000000000000004, 0.3, 0.4000000000000001]","[0.47999848001047973, 0.24000043999544018, 0.16000055999656015, 0.12000051999752008]",state_action_local,1,inf,5,0.05
11,125,Similarity-aware,1.0,6.29126380620922e-17,3.811765717879704e-16,2.220446049250313e-15,60,E[Agg(Q_xi)] - Agg(E[Q_xi]),True,"[0.1000000000000001, 0.20000000000000004, 0.3, 0.4000000000000001]","[0.47999848001047973, 0.24000043999544018, 0.16000055999656015, 0.12000051999752008]",state_action_local,1,inf,5,0.05
11,130,Similarity-aware,1.0,8.511709855459534e-17,3.7007434154171886e-16,2.6645352591003757e-15,60,E[Agg(Q_xi)] - Agg(E[Q_xi]),True,"[0.1000000000000001, 0.20000000000000004, 0.3, 0.4000000000000001]","[0.47999848001047973, 0.24000043999544018, 0.16000055999656015, 0.12000051999752008]",state_action_local,1,inf,5,0.05
11,135,Similarity-aware,1.0,1.4802973661668753e-16,4.736951571734001e-16,2.6645352591003757e-15,60,E[Agg(Q_xi)] - Agg(E[Q_xi]),True,"[0.1000000000000001, 0.20000000000000004, 0.3, 0.4000000000000001]","[0.47999848001047973, 0.24000043999544018, 0.16000055999656015, 0.12000051999752008]",state_action_local,1,inf,5,0.05
11,140,Similarity-aware,1.0,5.181040781584064e-17,3.478698810492157e-16,2.6645352591003757e-15,60,E[Agg(Q_xi)] - Agg(E[Q_xi]),True,"[0.1000000000000001, 0.20000000000000004, 0.3, 0.4000000000000001]","[0.47999848001047973, 0.24000043999544018, 0.16000055999656015, 0.12000051999752008]",state_action_local,1,inf,5,0.05
11,145,Similarity-aware,1.0,-1.2212453270876723e-16,3.515706244646329e-16,5.329070518200751e-15,60,E[Agg(Q_xi)] - Agg(E[Q_xi]),True,"[0.1000000000000001, 0.20000000000000004, 0.3, 0.4000000000000001]","[0.47999848001047973, 0.24000043999544018, 0.16000055999656015, 0.12000051999752008]",state_action_local,1,inf,5,0.05
11,150,Similarity-aware,1.0,6.661338147750939e-17,4.2188474935755947e-16,3.552713678800501e-15,60,E[Agg(Q_xi)] - Agg(E[Q_xi]),True,"[0.1000000000000001, 0.20000000000000004, 0.3, 0.4000000000000001]","[0.47999848001047973, 0.24000043999544018, 0.16000055999656015, 0.12000051999752008]",state_action_local,1,inf,5,0.05
11,155,Similarity-aware,1.0,1.7763568394002506e-16,5.551115123125783e-16,4.440892098500626e-15,60,E[Agg(Q_xi)] - Agg(E[Q_xi]),True,"[0.1000000000000001, 0.20000000000000004, 0.3, 0.4000000000000001]","[0.47999848001047973, 0.24000043999544018, 0.16000055999656015, 0.12000051999752008]",state_action_local,1,inf,5,0.05
11,160,Similarity-aware,1.0,1.1102230246251565e-16,6.069219201284189e-16,3.552713678800501e-15,60,E[Agg(Q_xi)] - Agg(E[Q_xi]),True,"[0.1000000000000001, 0.20000000000000004, 0.3, 0.4000000000000001]","[0.47999848001047973, 0.24000043999544018, 0.16000055999656015, 0.12000051999752008]",state_action_local,1,inf,5,0.05
11,165,Similarity-aware,1.0,1.924386576016938e-16,5.921189464667501e-16,2.6645352591003757e-15,60,E[Agg(Q_xi)] - Agg(E[Q_xi]),True,"[0.1000000000000001, 0.20000000000000004, 0.3, 0.4000000000000001]","[0.47999848001047973, 0.24000043999544018, 0.16000055999656015, 0.12000051999752008]",state_action_local,1,inf,5,0.05
11,170,Similarity-aware,1.0,1.4802973661668754e-17,5.477100254817439e-16,3.552713678800501e-15,60,E[Agg(Q_xi)] - Agg(E[Q_xi]),True,"[0.1000000000000001, 0.20000000000000004, 0.3, 0.4000000000000001]","[0.47999848001047973, 0.24000043999544018, 0.16000055999656015, 0.12000051999752008]",state_action_local,1,inf,5,0.05
11,175,Similarity-aware,1.0,1.9984014443252818e-16,6.217248937900876e-16,5.329070518200751e-15,60,E[Agg(Q_xi)] - Agg(E[Q_xi]),True,"[0.1000000000000001, 0.20000000000000004, 0.3, 0.4000000000000001]","[0.47999848001047973, 0.24000043999544018, 0.16000055999656015, 0.12000051999752008]",state_action_local,1,inf,5,0.05
11,180,Similarity-aware,1.0,5.181040781584064e-17,5.995204332975846e-16,4.440892098500626e-15,60,E[Agg(Q_xi)] - Agg(E[Q_xi]),True,"[0.1000000000000001, 0.20000000000000004, 0.3, 0.4000000000000001]","[0.47999848001047973, 0.24000043999544018, 0.16000055999656015, 0.12000051999752008]",state_action_local,1,inf,5,0.05
11,185,Similarity-aware,1.0,-1.3322676295501878e-16,5.033011044967376e-16,4.440892098500626e-15,60,E[Agg(Q_xi)] - Agg(E[Q_xi]),True,"[0.1000000000000001, 0.20000000000000004, 0.3, 0.4000000000000001]","[0.47999848001047973, 0.24000043999544018, 0.16000055999656015, 0.12000051999752008]",state_action_local,1,inf,5,0.05
11,190,Similarity-aware,1.0,7.401486830834377e-18,5.847174596359158e-16,3.552713678800501e-15,60,E[Agg(Q_xi)] - Agg(E[Q_xi]),True,"[0.1000000000000001, 0.20000000000000004, 0.3, 0.4000000000000001]","[0.47999848001047973, 0.24000043999544018, 0.16000055999656015, 0.12000051999752008]",state_action_local,1,inf,5,0.05
11,195,Similarity-aware,1.0,-1.4802973661668754e-17,5.329070518200751e-16,4.440892098500626e-15,60,E[Agg(Q_xi)] - Agg(E[Q_xi]),True,"[0.1000000000000001, 0.20000000000000004, 0.3, 0.4000000000000001]","[0.47999848001047973, 0.24000043999544018, 0.16000055999656015, 0.12000051999752008]",state_action_local,1,inf,5,0.05
11,200,Similarity-aware,1.0,-3.3306690738754696e-16,4.2928623618839387e-16,4.440892098500626e-15,60,E[Agg(Q_xi)] - Agg(E[Q_xi]),True,"[0.1000000000000001, 0.20000000000000004, 0.3, 0.4000000000000001]","[0.47999848001047973, 0.24000043999544018, 0.16000055999656015, 0.12000051999752008]",state_action_local,1,inf,5,0.05
11,205,Similarity-aware,1.0,-1.4062824978585316e-16,5.847174596359158e-16,4.440892098500626e-15,60,E[Agg(Q_xi)] - Agg(E[Q_xi]),True,"[0.1000000000000001, 0.20000000000000004, 0.3, 0.4000000000000001]","[0.47999848001047973, 0.24000043999544018, 0.16000055999656015, 0.12000051999752008]",state_action_local,1,inf,5,0.05
11,210,Similarity-aware,1.0,-4.4408920985006264e-17,6.439293542825908e-16,4.440892098500626e-15,60,E[Agg(Q_xi)] - Agg(E[Q_xi]),True,"[0.1000000000000001, 0.20000000000000004, 0.3, 0.4000000000000001]","[0.47999848001047973, 0.24000043999544018, 0.16000055999656015, 0.12000051999752008]",state_action_local,1,inf,5,0.05
11,215,Similarity-aware,1.0,1.924386576016938e-16,7.697546304067752e-16,5.329070518200751e-15,60,E[Agg(Q_xi)] - Agg(E[Q_xi]),True,"[0.1000000000000001, 0.20000000000000004, 0.3, 0.4000000000000001]","[0.47999848001047973, 0.24000043999544018, 0.16000055999656015, 0.12000051999752008]",state_action_local,1,inf,5,0.05
11,220,Similarity-aware,1.0,-2.2204460492503132e-17,6.069219201284189e-16,3.552713678800501e-15,60,E[Agg(Q_xi)] - Agg(E[Q_xi]),True,"[0.1000000000000001, 0.20000000000000004, 0.3, 0.4000000000000001]","[0.47999848001047973, 0.24000043999544018, 0.16000055999656015, 0.12000051999752008]",state_action_local,1,inf,5,0.05
11,225,Similarity-aware,1.0,5.921189464667501e-17,6.069219201284189e-16,5.329070518200751e-15,60,E[Agg(Q_xi)] - Agg(E[Q_xi]),True,"[0.1000000000000001, 0.20000000000000004, 0.3, 0.4000000000000001]","[0.47999848001047973, 0.24000043999544018, 0.16000055999656015, 0.12000051999752008]",state_action_local,1,inf,5,0.05
11,230,Similarity-aware,1.0,-1.4062824978585316e-16,5.995204332975846e-16,4.440892098500626e-15,60,E[Agg(Q_xi)] - Agg(E[Q_xi]),True,"[0.1000000000000001, 0.20000000000000004, 0.3, 0.4000000000000001]","[0.47999848001047973, 0.24000043999544018, 0.16000055999656015, 0.12000051999752008]",state_action_local,1,inf,5,0.05
11,235,Similarity-aware,1.0,-2.7385501274087196e-16,5.181040781584064e-16,4.440892098500626e-15,60,E[Agg(Q_xi)] - Agg(E[Q_xi]),True,"[0.1000000000000001, 0.20000000000000004, 0.3, 0.4000000000000001]","[0.47999848001047973, 0.24000043999544018, 0.16000055999656015, 0.12000051999752008]",state_action_local,1,inf,5,0.05
11,240,Similarity-aware,1.0,8.141635513917814e-17,7.623531435759408e-16,4.440892098500626e-15,60,E[Agg(Q_xi)] - Agg(E[Q_xi]),True,"[0.1000000000000001, 0.20000000000000004, 0.3, 0.4000000000000001]","[0.47999848001047973, 0.24000043999544018, 0.16000055999656015, 0.12000051999752008]",state_action_local,1,inf,5,0.05
11,245,Similarity-aware,1.0,4.4408920985006264e-17,6.735353016059283e-16,5.329070518200751e-15,60,E[Agg(Q_xi)] - Agg(E[Q_xi]),True,"[0.1000000000000001, 0.20000000000000004, 0.3, 0.4000000000000001]","[0.47999848001047973, 0.24000043999544018, 0.16000055999656015, 0.12000051999752008]",state_action_local,1,inf,5,0.05
11,250,Similarity-aware,1.0,1.0362081563168128e-16,7.771561172376096e-16,5.329070518200751e-15,60,E[Agg(Q_xi)] - Agg(E[Q_xi]),True,"[0.1000000000000001, 0.20000000000000004, 0.3, 0.4000000000000001]","[0.47999848001047973, 0.24000043999544018, 0.16000055999656015, 0.12000051999752008]",state_action_local,1,inf,5,0.05
11,255,Similarity-aware,1.0,5.181040781584064e-17,7.919590908992784e-16,5.329070518200751e-15,60,E[Agg(Q_xi)] - Agg(E[Q_xi]),True,"[0.1000000000000001, 0.20000000000000004, 0.3, 0.4000000000000001]","[0.47999848001047973, 0.24000043999544018, 0.16000055999656015, 0.12000051999752008]",state_action_local,1,inf,5,0.05
11,260,Similarity-aware,1.0,5.181040781584064e-17,6.883382752675971e-16,4.440892098500626e-15,60,E[Agg(Q_xi)] - Agg(E[Q_xi]),True,"[0.1000000000000001, 0.20000000000000004, 0.3, 0.4000000000000001]","[0.47999848001047973, 0.24000043999544018, 0.16000055999656015, 0.12000051999752008]",state_action_local,1,inf,5,0.05
11,265,Similarity-aware,1.0,1.554312234475219e-16,7.031412489292658e-16,4.440892098500626e-15,60,E[Agg(Q_xi)] - Agg(E[Q_xi]),True,"[0.1000000000000001, 0.20000000000000004, 0.3, 0.4000000000000001]","[0.47999848001047973, 0.24000043999544018, 0.16000055999656015, 0.12000051999752008]",state_action_local,1,inf,5,0.05
11,270,Similarity-aware,1.0,1.3322676295501878e-16,7.401486830834377e-16,5.329070518200751e-15,60,E[Agg(Q_xi)] - Agg(E[Q_xi]),True,"[0.1000000000000001, 0.20000000000000004, 0.3, 0.4000000000000001]","[0.47999848001047973, 0.24000043999544018, 0.16000055999656015, 0.12000051999752008]",state_action_local,1,inf,5,0.05
11,275,Similarity-aware,1.0,-1.4802973661668754e-17,7.105427357601002e-16,5.329070518200751e-15,60,E[Agg(Q_xi)] - Agg(E[Q_xi]),True,"[0.1000000000000001, 0.20000000000000004, 0.3, 0.4000000000000001]","[0.47999848001047973, 0.24000043999544018, 0.16000055999656015, 0.12000051999752008]",state_action_local,1,inf,5,0.05
11,280,Similarity-aware,1.0,1.7023419710919068e-16,8.289665250534502e-16,5.329070518200751e-15,60,E[Agg(Q_xi)] - Agg(E[Q_xi]),True,"[0.1000000000000001, 0.20000000000000004, 0.3, 0.4000000000000001]","[0.47999848001047973, 0.24000043999544018, 0.16000055999656015, 0.12000051999752008]",state_action_local,1,inf,5,0.05
11,285,Similarity-aware,1.0,-2.960594732333751e-17,6.957397620984314e-16,4.440892098500626e-15,60,E[Agg(Q_xi)] - Agg(E[Q_xi]),True,"[0.1000000000000001, 0.20000000000000004, 0.3, 0.4000000000000001]","[0.47999848001047973, 0.24000043999544018, 0.16000055999656015, 0.12000051999752008]",state_action_local,1,inf,5,0.05
11,290,Similarity-aware,1.0,2.7385501274087196e-16,9.769962616701378e-16,5.329070518200751e-15,60,E[Agg(Q_xi)] - Agg(E[Q_xi]),True,"[0.1000000000000001, 0.20000000000000004, 0.3, 0.4000000000000001]","[0.47999848001047973, 0.24000043999544018, 0.16000055999656015, 0.12000051999752008]",state_action_local,1,inf,5,0.05
11,295,Similarity-aware,1.0,-4.4408920985006264e-17,6.883382752675971e-16,5.329070518200751e-15,60,E[Agg(Q_xi)] - Agg(E[Q_xi]),True,"[0.1000000000000001, 0.20000000000000004, 0.3, 0.4000000000000001]","[0.47999848001047973, 0.24000043999544018, 0.16000055999656015, 0.12000051999752008]",state_action_local,1,inf,5,0.05
11,300,Similarity-aware,1.0,-5.181040781584064e-17,6.439293542825908e-16,3.552713678800501e-15,60,E[Agg(Q_xi)] - Agg(E[Q_xi]),True,"[0.1000000000000001, 0.20000000000000004, 0.3, 0.4000000000000001]","[0.47999848001047973, 0.24000043999544018, 0.16000055999656015, 0.12000051999752008]",state_action_local,1,inf,5,0.05
11,305,Similarity-aware,1.0,-2.3684757858670006e-16,5.403085386509095e-16,5.329070518200751e-15,60,E[Agg(Q_xi)] - Agg(E[Q_xi]),True,"[0.1000000000000001, 0.20000000000000004, 0.3, 0.4000000000000001]","[0.47999848001047973, 0.24000043999544018, 0.16000055999656015, 0.12000051999752008]",state_action_local,1,inf,5,0.05
11,310,Similarity-aware,1.0,1.6283271027835628e-16,7.919590908992784e-16,4.440892098500626e-15,60,E[Agg(Q_xi)] - Agg(E[Q_xi]),True,"[0.1000000000000001, 0.20000000000000004, 0.3, 0.4000000000000001]","[0.47999848001047973, 0.24000043999544018, 0.16000055999656015, 0.12000051999752008]",state_action_local,1,inf,5,0.05
11,315,Similarity-aware,1.0,5.181040781584064e-17,7.697546304067752e-16,6.217248937900877e-15,60,E[Agg(Q_xi)] - Agg(E[Q_xi]),True,"[0.1000000000000001, 0.20000000000000004, 0.3, 0.4000000000000001]","[0.47999848001047973, 0.24000043999544018, 0.16000055999656015, 0.12000051999752008]",state_action_local,1,inf,5,0.05
11,320,Similarity-aware,1.0,-2.2204460492503132e-17,7.327471962526033e-16,5.329070518200751e-15,60,E[Agg(Q_xi)] - Agg(E[Q_xi]),True,"[0.1000000000000001, 0.20000000000000004, 0.3, 0.4000000000000001]","[0.47999848001047973, 0.24000043999544018, 0.16000055999656015, 0.12000051999752008]",state_action_local,1,inf,5,0.05
11,325,Similarity-aware,1.0,9.62193288008469e-17,8.141635513917814e-16,5.329070518200751e-15,60,E[Agg(Q_xi)] - Agg(E[Q_xi]),True,"[0.1000000000000001, 0.20000000000000004, 0.3, 0.4000000000000001]","[0.47999848001047973, 0.24000043999544018, 0.16000055999656015, 0.12000051999752008]",state_action_local,1,inf,5,0.05
11,330,Similarity-aware,1.0,3.4046839421838136e-16,9.02981393361794e-16,5.329070518200751e-15,60,E[Agg(Q_xi)] - Agg(E[Q_xi]),True,"[0.1000000000000001, 0.20000000000000004, 0.3, 0.4000000000000001]","[0.47999848001047973, 0.24000043999544018, 0.16000055999656015, 0.12000051999752008]",state_action_local,1,inf,5,0.05
11,335,Similarity-aware,1.0,5.921189464667501e-17,8.807769328692909e-16,5.329070518200751e-15,60,E[Agg(Q_xi)] - Agg(E[Q_xi]),True,"[0.1000000000000001, 0.20000000000000004, 0.3, 0.4000000000000001]","[0.47999848001047973, 0.24000043999544018, 0.16000055999656015, 0.12000051999752008]",state_action_local,1,inf,5,0.05
11,340,Similarity-aware,1.0,3.7007434154171886e-16,1.0288066694859785e-15,7.105427357601002e-15,60,E[Agg(Q_xi)] - Agg(E[Q_xi]),True,"[0.1000000000000001, 0.20000000000000004, 0.3, 0.4000000000000001]","[0.47999848001047973, 0.24000043999544018, 0.16000055999656015, 0.12000051999752008]",state_action_local,1,inf,5,0.05
11,345,Similarity-aware,1.0,2.294460917558657e-16,9.177843670234628e-16,5.329070518200751e-15,60,E[Agg(Q_xi)] - Agg(E[Q_xi]),True,"[0.1000000000000001, 0.20000000000000004, 0.3, 0.4000000000000001]","[0.47999848001047973, 0.24000043999544018, 0.16000055999656015, 0.12000051999752008]",state_action_local,1,inf,5,0.05
11,350,Similarity-aware,1.0,-1.4802973661668754e-17,7.697546304067752e-16,7.105427357601002e-15,60,E[Agg(Q_xi)] - Agg(E[Q_xi]),True,"[0.1000000000000001, 0.20000000000000004, 0.3, 0.4000000000000001]","[0.47999848001047973, 0.24000043999544018, 0.16000055999656015, 0.12000051999752008]",state_action_local,1,inf,5,0.05
11,355,Similarity-aware,1.0,1.1842378929335003e-16,7.697546304067752e-16,8.881784197001252e-15,60,E[Agg(Q_xi)] - Agg(E[Q_xi]),True,"[0.1000000000000001, 0.20000000000000004, 0.3, 0.4000000000000001]","[0.47999848001047973, 0.24000043999544018, 0.16000055999656015, 0.12000051999752008]",state_action_local,1,inf,5,0.05
11,360,Similarity-aware,1.0,-2.3684757858670006e-16,6.365278674517564e-16,5.329070518200751e-15,60,E[Agg(Q_xi)] - Agg(E[Q_xi]),True,"[0.1000000000000001, 0.20000000000000004, 0.3, 0.4000000000000001]","[0.47999848001047973, 0.24000043999544018, 0.16000055999656015, 0.12000051999752008]",state_action_local,1,inf,5,0.05
11,365,Similarity-aware,1.0,0.0,7.401486830834377e-16,7.105427357601002e-15,60,E[Agg(Q_xi)] - Agg(E[Q_xi]),True,"[0.1000000000000001, 0.20000000000000004, 0.3, 0.4000000000000001]","[0.47999848001047973, 0.24000043999544018, 0.16000055999656015, 0.12000051999752008]",state_action_local,1,inf,5,0.05
11,370,Similarity-aware,1.0,-2.0724163126336256e-16,8.141635513917814e-16,8.881784197001252e-15,60,E[Agg(Q_xi)] - Agg(E[Q_xi]),True,"[0.1000000000000001, 0.20000000000000004, 0.3, 0.4000000000000001]","[0.47999848001047973, 0.24000043999544018, 0.16000055999656015, 0.12000051999752008]",state_action_local,1,inf,5,0.05
11,375,Similarity-aware,1.0,4.4408920985006264e-17,8.733754460384564e-16,7.105427357601002e-15,60,E[Agg(Q_xi)] - Agg(E[Q_xi]),True,"[0.1000000000000001, 0.20000000000000004, 0.3, 0.4000000000000001]","[0.47999848001047973, 0.24000043999544018, 0.16000055999656015, 0.12000051999752008]",state_action_local,1,inf,5,0.05
11,380,Similarity-aware,1.0,4.4408920985006264e-17,9.325873406851315e-16,5.329070518200751e-15,60,E[Agg(Q_xi)] - Agg(E[Q_xi]),True,"[0.1000000000000001, 0.20000000000000004, 0.3, 0.4000000000000001]","[0.47999848001047973, 0.24000043999544018, 0.16000055999656015, 0.12000051999752008]",state_action_local,1,inf,5,0.05
11,385,Similarity-aware,1.0,3.848773152033876e-16,1.1694349192718315e-15,5.329070518200751e-15,60,E[Agg(Q_xi)] - Agg(E[Q_xi]),True,"[0.1000000000000001, 0.20000000000000004, 0.3, 0.4000000000000001]","[0.47999848001047973, 0.24000043999544018, 0.16000055999656015, 0.12000051999752008]",state_action_local,1,inf,5,0.05
11,390,Similarity-aware,1.0,3.2566542055671256e-16,1.0510111299784815e-15,5.329070518200751e-15,60,E[Agg(Q_xi)] - Agg(E[Q_xi]),True,"[0.1000000000000001, 0.20000000000000004, 0.3, 0.4000000000000001]","[0.47999848001047973, 0.24000043999544018, 0.16000055999656015, 0.12000051999752008]",state_action_local,1,inf,5,0.05
11,395,Similarity-aware,1.0,1.6283271027835628e-16,1.1694349192718315e-15,7.105427357601002e-15,60,E[Agg(Q_xi)] - Agg(E[Q_xi]),True,"[0.1000000000000001, 0.20000000000000004, 0.3, 0.4000000000000001]","[0.47999848001047973, 0.24000043999544018, 0.16000055999656015, 0.12000051999752008]",state_action_local,1,inf,5,0.05
11,400,Similarity-aware,1.0,5.921189464667501e-17,1.021405182655144e-15,8.881784197001252e-15,60,E[Agg(Q_xi)] - Agg(E[Q_xi]),True,"[0.1000000000000001, 0.20000000000000004, 0.3, 0.4000000000000001]","[0.47999848001047973, 0.24000043999544018, 0.16000055999656015, 0.12000051999752008]",state_action_local,1,inf,5,0.05
12,5,Maximum-based,1.0,0.05841272310814733,0.05841272310814733,0.07101680971698301,60,E[Agg(Q_xi)] - Agg(E[Q_xi]),True,"[0.10000000000000012, 0.2, 0.29999999999999993, 0.4]","[0.4799984800104797, 0.24000043999544013, 0.16000055999656015, 0.12000051999752008]",state_action_local,1,inf,5,0.05
12,10,Maximum-based,1.0,0.05699960340869822,0.05699960340869822,0.070668031604942,60,E[Agg(Q_xi)] - Agg(E[Q_xi]),True,"[0.10000000000000012, 0.2, 0.29999999999999993, 0.4]","[0.4799984800104797, 0.24000043999544013, 0.16000055999656015, 0.12000051999752008]",state_action_local,1,inf,5,0.05
12,15,Maximum-based,1.0,0.055575649413357804,0.055575649413357804,0.06529643360304671,60,E[Agg(Q_xi)] - Agg(E[Q_xi]),True,"[0.10000000000000012, 0.2, 0.29999999999999993, 0.4]","[0.4799984800104797, 0.24000043999544013, 0.16000055999656015, 0.12000051999752008]",state_action_local,1,inf,5,0.05
12,20,Maximum-based,1.0,0.05474183466610697,0.05474183466610697,0.06807597569896007,60,E[Agg(Q_xi)] - Agg(E[Q_xi]),True,"[0.10000000000000012, 0.2, 0.29999999999999993, 0.4]","[0.4799984800104797, 0.24000043999544013, 0.16000055999656015, 0.12000051999752008]",state_action_local,1,inf,5,0.05
12,25,Maximum-based,1.0,0.05409587342836315,0.05409587342836315,0.0653886641783219,60,E[Agg(Q_xi)] - Agg(E[Q_xi]),True,"[0.10000000000000012, 0.2, 0.29999999999999993, 0.4]","[0.4799984800104797, 0.24000043999544013, 0.16000055999656015, 0.12000051999752008]",state_action_local,1,inf,5,0.05
12,30,Maximum-based,1.0,0.05328462196912153,0.05328462196912153,0.06546928950765851,60,E[Agg(Q_xi)] - Agg(E[Q_xi]),True,"[0.10000000000000012, 0.2, 0.29999999999999993, 0.4]","[0.4799984800104797, 0.24000043999544013, 0.16000055999656015, 0.12000051999752008]",state_action_local,1,inf,5,0.05
12,35,Maximum-based,1.0,0.052454354542284774,0.052454354542284774,0.06759698828019056,60,E[Agg(Q_xi)] - Agg(E[Q_xi]),True,"[0.10000000000000012, 0.2, 0.29999999999999993, 0.4]","[0.4799984800104797, 0.24000043999544013, 0.16000055999656015, 0.12000051999752008]",state_action_local,1,inf,5,0.05
12,40,Maximum-based,1.0,0.05240760589460238,0.05240760589460238,0.06455676862588322,60,E[Agg(Q_xi)] - Agg(E[Q_xi]),True,"[0.10000000000000012, 0.2, 0.29999999999999993, 0.4]","[0.4799984800104797, 0.24000043999544013, 0.16000055999656015, 0.12000051999752008]",state_action_local,1,inf,5,0.05
12,45,Maximum-based,1.0,0.05205443970257398,0.05205443970257398,0.06992799081545265,60,E[Agg(Q_xi)] - Agg(E[Q_xi]),True,"[0.10000000000000012, 0.2, 0.29999999999999993, 0.4]","[0.4799984800104797, 0.24000043999544013, 0.16000055999656015, 0.12000051999752008]",state_action_local,1,inf,5,0.05
12,50,Maximum-based,1.0,0.051571313949756684,0.051571313949756684,0.0638726020053566,60,E[Agg(Q_xi)] - Agg(E[Q_xi]),True,"[0.10000000000000012, 0.2, 0.29999999999999993, 0.4]","[0.4799984800104797, 0.24000043999544013, 0.16000055999656015, 0.12000051999752008]",state_action_local,1,inf,5,0.05
12,55,Maximum-based,1.0,0.05151318907078637,0.05151318907078637,0.0613764120570397,60,E[Agg(Q_xi)] - Agg(E[Q_xi]),True,"[0.10000000000000012, 0.2, 0.29999999999999993, 0.4]","[0.4799984800104797, 0.24000043999544013, 0.16000055999656015, 0.12000051999752008]",state_action_local,1,inf,5,0.05
12,60,Maximum-based,1.0,0.05140930650629224,0.05140930650629224,0.06509002703426603,60,E[Agg(Q_xi)] - Agg(E[Q_xi]),True,"[0.10000000000000012, 0.2, 0.29999999999999993, 0.4]","[0.4799984800104797, 0.24000043999544013, 0.16000055999656015, 0.12000051999752008]",state_action_local,1,inf,5,0.05
12,65,Maximum-based,1.0,0.0508164509106187,0.0508164509106187,0.06417356169995259,60,E[Agg(Q_xi)] - Agg(E[Q_xi]),True,"[0.10000000000000012, 0.2, 0.29999999999999993, 0.4]","[0.4799984800104797, 0.24000043999544013, 0.16000055999656015, 0.12000051999752008]",state_action_local,1,inf,5,0.05
12,70,Maximum-based,1.0,0.050923313165635656,0.050923313165635656,0.06439072425824266,60,E[Agg(Q_xi)] - Agg(E[Q_xi]),True,"[0.10000000000000012, 0.2, 0.29999999999999993, 0.4]","[0.4799984800104797, 0.24000043999544013, 0.16000055999656015, 0.12000051999752008]",state_action_local,1,inf,5,0.05
12,75,Maximum-based,1.0,0.05103697599243816,0.05103697599243816,0.07054349960898243,60,E[Agg(Q_xi)] - Agg(E[Q_xi]),True,"[0.10000000000000012, 0.2, 0.29999999999999993, 0.4]","[0.4799984800104797, 0.24000043999544013, 0.16000055999656015, 0.12000051999752008]",state_action_local,1,inf,5,0.05
12,80,Maximum-based,1.0,0.05065432799002703,0.05065432799002703,0.06483665276259831,60,E[Agg(Q_xi)] - Agg(E[Q_xi]),True,"[0.10000000000000012, 0.2, 0.29999999999999993, 0.4]","[0.4799984800104797, 0.24000043999544013, 0.16000055999656015, 0.12000051999752008]",state_action_local,1,inf,5,0.05
12,85,Maximum-based,1.0,0.05097251123560246,0.05097251123560246,0.06527237231307437,60,E[Agg(Q_xi)] - Agg(E[Q_xi]),True,"[0.10000000000000012, 0.2, 0.29999999999999993, 0.4]","[0.4799984800104797, 0.24000043999544013, 0.16000055999656015, 0.12000051999752008]",state_action_local,1,inf,5,0.05
12,90,Maximum-based,1.0,0.05113162387379897,0.05113162387379897,0.06193794601110847,60,E[Agg(Q_xi)] - Agg(E[Q_xi]),True,"[0.10000000000000012, 0.2, 0.29999999999999993, 0.4]","[0.4799984800104797, 0.24000043999544013, 0.16000055999656015, 0.12000051999752008]",state_action_local,1,inf,5,0.05
12,95,Maximum-based,1.0,0.05090849368726899,0.05090849368726899,0.06828603044480719,60,E[Agg(Q_xi)] - Agg(E[Q_xi]),True,"[0.10000000000000012, 0.2, 0.29999999999999993, 0.4]","[0.4799984800104797, 0.24000043999544013, 0.16000055999656015, 0.12000051999752008]",state_action_local,1,inf,5,0.05
12,100,Maximum-based,1.0,0.050336439843870526,0.050336439843870526,0.062224095667513524,60,E[Agg(Q_xi)] - Agg(E[Q_xi]),True,"[0.10000000000000012, 0.2, 0.29999999999999993, 0.4]","[0.4799984800104797, 0.24000043999544013, 0.16000055999656015, 0.12000051999752008]",state_action_local,1,inf,5,0.05
12,105,Maximum-based,1.0,0.050906844007559265,0.050906844007559265,0.06555173672806625,60,E[Agg(Q_xi)] - Agg(E[Q_xi]),True,"[0.10000000000000012, 0.2, 0.29999999999999993, 0.4]","[0.4799984800104797, 0.24000043999544013, 0.16000055999656015, 0.12000051999752008]",state_action_local,1,inf,5,0.05
12,110,Maximum-based,1.0,0.050639016237620044,0.050639016237620044,0.06478243085772695,60,E[Agg(Q_xi)] - Agg(E[Q_xi]),True,"[0.10000000000000012, 0.2, 0.29999999999999993, 0.4]","[0.4799984800104797, 0.24000043999544013, 0.16000055999656015, 0.12000051999752008]",state_action_local,1,inf,5,0.05
12,115,Maximum-based,1.0,0.05062391883357828,0.05062391883357828,0.061207192508105024,60,E[Agg(Q_xi)] - Agg(E[Q_xi]),True,"[0.10000000000000012, 0.2, 0.29999999999999993, 0.4]","[0.4799984800104797, 0.24000043999544013, 0.16000055999656015, 0.12000051999752008]",state_action_local,1,inf,5,0.05
12,120,Maximum-based,1.0,0.05002930914857197,0.05002930914857197,0.06420676423986027,60,E[Agg(Q_xi)] - Agg(E[Q_xi]),True,"[0.10000000000000012, 0.2, 0.29999999999999993, 0.4]","[0.4799984800104797, 0.24000043999544013, 0.16000055999656015, 0.12000051999752008]",state_action_local,1,inf,5,0.05
12,125,Maximum-based,1.0,0.0504880574729354,0.0504880574729354,0.06605389117424565,60,E[Agg(Q_xi)] - Agg(E[Q_xi]),True,"[0.10000000000000012, 0.2, 0.29999999999999993, 0.4]","[0.4799984800104797, 0.24000043999544013, 0.16000055999656015, 0.12000051999752008]",state_action_local,1,inf,5,0.05
12,130,Maximum-based,1.0,0.050775755993319883,0.050775755993319883,0.06392173231704046,60,E[Agg(Q_xi)] - Agg(E[Q_xi]),True,"[0.10000000000000012, 0.2, 0.29999999999999993, 0.4]","[0.4799984800104797, 0.24000043999544013, 0.16000055999656015, 0.12000051999752008]",state_action_local,1,inf,5,0.05
12,135,Maximum-based,1.0,0.05103042967192845,0.05103042967192845,0.061739138706848884,60,E[Agg(Q_xi)] - Agg(E[Q_xi]),True,"[0.10000000000000012, 0.2, 0.29999999999999993, 0.4]","[0.4799984800104797, 0.24000043999544013, 0.16000055999656015, 0.12000051999752008]",state_action_local,1,inf,5,0.05
12,140,Maximum-based,1.0,0.05049353973591874,0.05049353973591874,0.06491057844425185,60,E[Agg(Q_xi)] - Agg(E[Q_xi]),True,"[0.10000000000000012, 0.2, 0.29999999999999993, 0.4]","[0.4799984800104797, 0.24000043999544013, 0.16000055999656015, 0.12000051999752008]",state_action_local,1,inf,5,0.05
12,145,Maximum-based,1.0,0.050730344084362056,0.050730344084362056,0.06371313031040327,60,E[Agg(Q_xi)] - Agg(E[Q_xi]),True,"[0.10000000000000012, 0.2, 0.29999999999999993, 0.4]","[0.4799984800104797, 0.24000043999544013, 0.16000055999656015, 0.12000051999752008]",state_action_local,1,inf,5,0.05
12,150,Maximum-based,1.0,0.05125046763288846,0.05125046763288846,0.06366222335690885,60,E[Agg(Q_xi)] - Agg(E[Q_xi]),True,"[0.10000000000000012, 0.2, 0.29999999999999993, 0.4]","[0.4799984800104797, 0.24000043999544013, 0.16000055999656015, 0.12000051999752008]",state_action_local,1,inf,5,0.05
12,155,Maximum-based,1.0,0.050849542365865016,0.050849542365865016,0.06422499606171073,60,E[Agg(Q_xi)] - Agg(E[Q_xi]),True,"[0.10000000000000012, 0.2, 0.29999999999999993, 0.4]","[0.4799984800104797, 0.24000043999544013, 0.16000055999656015, 0.12000051999752008]",state_action_local,1,inf,5,0.05
12,160,Maximum-based,1.0,0.05090448073019202,0.05090448073019202,0.06493311627294496,60,E[Agg(Q_xi)] - Agg(E[Q_xi]),True,"[0.10000000000000012, 0.2, 0.29999999999999993, 0.4]","[0.4799984800104797, 0.24000043999544013, 0.16000055999656015, 0.12000051999752008]",state_action_local,1,inf,5,0.05
12,165,Maximum-based,1.0,0.05043532125378458,0.05043532125378458,0.061575193645364124,60,E[Agg(Q_xi)] - Agg(E[Q_xi]),True,"[0.10000000000000012, 0.2, 0.29999999999999993, 0.4]","[0.4799984800104797, 0.24000043999544013, 0.16000055999656015, 0.12000051999752008]",state_action_local,1,inf,5,0.05
12,170,Maximum-based,1.0,0.05094006873516476,0.05094006873516476,0.06353441156626438,60,E[Agg(Q_xi)] - Agg(E[Q_xi]),True,"[0.10000000000000012, 0.2, 0.29999999999999993, 0.4]","[0.4799984800104797, 0.24000043999544013, 0.16000055999656015, 0.12000051999752008]",state_action_local,1,inf,5,0.05
12,175,Maximum-based,1.0,0.05021126962306477,0.05021126962306477,0.06321354317096972,60,E[Agg(Q_xi)] - Agg(E[Q_xi]),True,"[0.10000000000000012, 0.2, 0.29999999999999993, 0.4]","[0.4799984800104797, 0.24000043999544013, 0.16000055999656015, 0.12000051999752008]",state_action_local,1,inf,5,0.05
12,180,Maximum-based,1.0,0.05040945442941425,0.05040945442941425,0.06585321643879372,60,E[Agg(Q_xi)] - Agg(E[Q_xi]),True,"[0.10000000000000012, 0.2, 0.29999999999999993, 0.4]","[0.4799984800104797, 0.24000043999544013, 0.16000055999656015, 0.12000051999752008]",state_action_local,1,inf,5,0.05
12,185,Maximum-based,1.0,0.05053716792599343,0.05053716792599343,0.06080144730053583,60,E[Agg(Q_xi)] - Agg(E[Q_xi]),True,"[0.10000000000000012, 0.2, 0.29999999999999993, 0.4]","[0.4799984800104797, 0.24000043999544013, 0.16000055999656015, 0.12000051999752008]",state_action_local,1,inf,5,0.05
12,190,Maximum-based,1.0,0.05095746463243791,0.05095746463243791,0.06250132718856705,60,E[Agg(Q_xi)] - Agg(E[Q_xi]),True,"[0.10000000000000012, 0.2, 0.29999999999999993, 0.4]","[0.4799984800104797, 0.24000043999544013, 0.16000055999656015, 0.12000051999752008]",state_action_local,1,inf,5,0.05
12,195,Maximum-based,1.0,0.050523332638027,0.050523332638027,0.06677508031762969,60,E[Agg(Q_xi)] - Agg(E[Q_xi]),True,"[0.10000000000000012, 0.2, 0.29999999999999993, 0.4]","[0.4799984800104797, 0.24000043999544013, 0.16000055999656015, 0.12000051999752008]",state_action_local,1,inf,5,0.05
12,200,Maximum-based,1.0,0.051092820653935674,0.051092820653935674,0.06390659008576893,60,E[Agg(Q_xi)] - Agg(E[Q_xi]),True,"[0.10000000000000012, 0.2, 0.29999999999999993, 0.4]","[0.4799984800104797, 0.24000043999544013, 0.16000055999656015, 0.12000051999752008]",state_action_local,1,inf,5,0.05
12,205,Maximum-based,1.0,0.050165049303402744,0.050165049303402744,0.06352532207753736,60,E[Agg(Q_xi)] - Agg(E[Q_xi]),True,"[0.10000000000000012, 0.2, 0.29999999999999993, 0.4]","[0.4799984800104797, 0.24000043999544013, 0.16000055999656015, 0.12000051999752008]",state_action_local,1,inf,5,0.05
12,210,Maximum-based,1.0,0.05104020703266896,0.05104020703266896,0.06204728089467615,60,E[Agg(Q_xi)] - Agg(E[Q_xi]),True,"[0.10000000000000012, 0.2, 0.29999999999999993, 0.4]","[0.4799984800104797, 0.24000043999544013, 0.16000055999656015, 0.12000051999752008]",state_action_local,1,inf,5,0.05
12,215,Maximum-based,1.0,0.05062315417517904,0.05062315417517904,0.06082970620318573,60,E[Agg(Q_xi)] - Agg(E[Q_xi]),True,"[0.10000000000000012, 0.2, 0.29999999999999993, 0.4]","[0.4799984800104797, 0.24000043999544013, 0.16000055999656015, 0.12000051999752008]",state_action_local,1,inf,5,0.05
12,220,Maximum-based,1.0,0.05080661764226259,0.05080661764226259,0.06640673205205605,60,E[Agg(Q_xi)] - Agg(E[Q_xi]),True,"[0.10000000000000012, 0.2, 0.29999999999999993, 0.4]","[0.4799984800104797, 0.24000043999544013, 0.16000055999656015, 0.12000051999752008]",state_action_local,1,inf,5,0.05
12,225,Maximum-based,1.0,0.05123527219224273,0.05123527219224273,0.06420142832692477,60,E[Agg(Q_xi)] - Agg(E[Q_xi]),True,"[0.10000000000000012, 0.2, 0.29999999999999993, 0.4]","[0.4799984800104797, 0.24000043999544013, 0.16000055999656015, 0.12000051999752008]",state_action_local,1,inf,5,0.05
12,230,Maximum-based,1.0,0.05159730164177558,0.05159730164177558,0.06662686502421344,60,E[Agg(Q_xi)] - Agg(E[Q_xi]),True,"[0.10000000000000012, 0.2, 0.29999999999999993, 0.4]","[0.4799984800104797, 0.24000043999544013, 0.16000055999656015, 0.12000051999752008]",state_action_local,1,inf,5,0.05
12,235,Maximum-based,1.0,0.05100294288130698,0.05100294288130698,0.06874973462729095,60,E[Agg(Q_xi)] - Agg(E[Q_xi]),True,"[0.10000000000000012, 0.2, 0.29999999999999993, 0.4]","[0.4799984800104797, 0.24000043999544013, 0.16000055999656015, 0.12000051999752008]",state_action_local,1,inf,5,0.05
12,240,Maximum-based,1.0,0.050462939498297894,0.050462939498297894,0.061984421841255966,60,E[Agg(Q_xi)] - Agg(E[Q_xi]),True,"[0.10000000000000012, 0.2, 0.29999999999999993, 0.4]","[0.4799984800104797, 0.24000043999544013, 0.16000055999656015, 0.12000051999752008]",state_action_local,1,inf,5,0.05
12,245,Maximum-based,1.0,0.0507321656659689,0.0507321656659689,0.06175731216381308,60,E[Agg(Q_xi)] - Agg(E[Q_xi]),True,"[0.10000000000000012, 0.2, 0.29999999999999993, 0.4]","[0.4799984800104797, 0.24000043999544013, 0.16000055999656015, 0.12000051999752008]",state_action_local,1,inf,5,0.05
12,250,Maximum-based,1.0,0.05050710182450577,0.05050710182450577,0.06322262988931904,60,E[Agg(Q_xi)] - Agg(E[Q_xi]),True,"[0.10000000000000012, 0.2, 0.29999999999999993, 0.4]","[0.4799984800104797, 0.24000043999544013, 0.16000055999656015, 0.12000051999752008]",state_action_local,1,inf,5,0.05
12,255,Maximum-based,1.0,0.050178426732592755,0.050178426732592755,0.06483686247370102,60,E[Agg(Q_xi)] - Agg(E[Q_xi]),True,"[0.10000000000000012, 0.2, 0.29999999999999993, 0.4]","[0.4799984800104797, 0.24000043999544013, 0.16000055999656015, 0.12000051999752008]",state_action_local,1,inf,5,0.05
12,260,Maximum-based,1.0,0.050613231457226175,0.050613231457226175,0.0627510956016124,60,E[Agg(Q_xi)] - Agg(E[Q_xi]),True,"[0.10000000000000012, 0.2, 0.29999999999999993, 0.4]","[0.4799984800104797, 0.24000043999544013, 0.16000055999656015, 0.12000051999752008]",state_action_local,1,inf,5,0.05
12,265,Maximum-based,1.0,0.05070641863733273,0.05070641863733273,0.06018654408215518,60,E[Agg(Q_xi)] - Agg(E[Q_xi]),True,"[0.10000000000000012, 0.2, 0.29999999999999993, 0.4]","[0.4799984800104797, 0.24000043999544013, 0.16000055999656015, 0.12000051999752008]",state_action_local,1,inf,5,0.05
12,270,Maximum-based,1.0,0.05129931371844198,0.05129931371844198,0.06293899091487276,60,E[Agg(Q_xi)] - Agg(E[Q_xi]),True,"[0.10000000000000012, 0.2, 0.29999999999999993, 0.4]","[0.4799984800104797, 0.24000043999544013, 0.16000055999656015, 0.12000051999752008]",state_action_local,1,inf,5,0.05
12,275,Maximum-based,1.0,0.05051782485317875,0.05051782485317875,0.060999749206370524,60,E[Agg(Q_xi)] - Agg(E[Q_xi]),True,"[0.10000000000000012, 0.2, 0.29999999999999993, 0.4]","[0.4799984800104797, 0.24000043999544013, 0.16000055999656015, 0.12000051999752008]",state_action_local,1,inf,5,0.05
12,280,Maximum-based,1.0,0.05033974820783683,0.05033974820783683,0.06053524772314134,60,E[Agg(Q_xi)] - Agg(E[Q_xi]),True,"[0.10000000000000012, 0.2, 0.29999999999999993, 0.4]","[0.4799984800104797, 0.24000043999544013, 0.16000055999656015, 0.12000051999752008]",state_action_local,1,inf,5,0.05
12,285,Maximum-based,1.0,0.051172012442126956,0.051172012442126956,0.06167082367908172,60,E[Agg(Q_xi)] - Agg(E[Q_xi]),True,"[0.10000000000000012, 0.2, 0.29999999999999993, 0.4]","[0.4799984800104797, 0.24000043999544013, 0.16000055999656015, 0.12000051999752008]",state_action_local,1,inf,5,0.05
12,290,Maximum-based,1.0,0.05093711377027761,0.05093711377027761,0.06686041161520961,60,E[Agg(Q_xi)] - Agg(E[Q_xi]),True,"[0.10000000000000012, 0.2, 0.29999999999999993, 0.4]","[0.4799984800104797, 0.24000043999544013, 0.16000055999656015, 0.12000051999752008]",state_action_local,1,inf,5,0.05
12,295,Maximum-based,1.0,0.05121645696777041,0.05121645696777041,0.06410263606091249,60,E[Agg(Q_xi)] - Agg(E[Q_xi]),True,"[0.10000000000000012, 0.2, 0.29999999999999993, 0.4]","[0.4799984800104797, 0.24000043999544013, 0.16000055999656015, 0.12000051999752008]",state_action_local,1,inf,5,0.05
12,300,Maximum-based,1.0,0.050478145270076616,0.050478145270076616,0.06585278170121889,60,E[Agg(Q_xi)] - Agg(E[Q_xi]),True,"[0.10000000000000012, 0.2, 0.29999999999999993, 0.4]","[0.4799984800104797, 0.24000043999544013, 0.16000055999656015, 0.12000051999752008]",state_action_local,1,inf,5,0.05
12,305,Maximum-based,1.0,0.05017876634956071,0.05017876634956071,0.060915818227616825,60,E[Agg(Q_xi)] - Agg(E[Q_xi]),True,"[0.10000000000000012, 0.2, 0.29999999999999993, 0.4]","[0.4799984800104797, 0.24000043999544013, 0.16000055999656015, 0.12000051999752008]",state_action_local,1,inf,5,0.05
12,310,Maximum-based,1.0,0.050788945302025795,0.050788945302025795,0.06244251956420932,60,E[Agg(Q_xi)] - Agg(E[Q_xi]),True,"[0.10000000000000012, 0.2, 0.29999999999999993, 0.4]","[0.4799984800104797, 0.24000043999544013, 0.16000055999656015, 0.12000051999752008]",state_action_local,1,inf,5,0.05
12,315,Maximum-based,1.0,0.050829365984780744,0.050829365984780744,0.06448397863115574,60,E[Agg(Q_xi)] - Agg(E[Q_xi]),True,"[0.10000000000000012, 0.2, 0.29999999999999993, 0.4]","[0.4799984800104797, 0.24000043999544013, 0.16000055999656015, 0.12000051999752008]",state_action_local,1,inf,5,0.05
12,320,Maximum-based,1.0,0.050660274121635186,0.050660274121635186,0.06562174011882504,60,E[Agg(Q_xi)] - Agg(E[Q_xi]),True,"[0.10000000000000012, 0.2, 0.29999999999999993, 0.4]","[0.4799984800104797, 0.24000043999544013, 0.16000055999656015, 0.12000051999752008]",state_action_local,1,inf,5,0.05
12,325,Maximum-based,1.0,0.050890266125810574,0.050890266125810574,0.06383423156467494,60,E[Agg(Q_xi)] - Agg(E[Q_xi]),True,"[0.10000000000000012, 0.2, 0.29999999999999993, 0.4]","[0.4799984800104797, 0.24000043999544013, 0.16000055999656015, 0.12000051999752008]",state_action_local,1,inf,5,0.05
12,330,Maximum-based,1.0,0.05121797891469518,0.05121797891469518,0.0674262727263244,60,E[Agg(Q_xi)] - Agg(E[Q_xi]),True,"[0.10000000000000012, 0.2, 0.29999999999999993, 0.4]","[0.4799984800104797, 0.24000043999544013, 0.16000055999656015, 0.12000051999752008]",state_action_local,1,inf,5,0.05
12,335,Maximum-based,1.0,0.05062368461064438,0.05062368461064438,0.061719028516005636,60,E[Agg(Q_xi)] - Agg(E[Q_xi]),True,"[0.10000000000000012, 0.2, 0.29999999999999993, 0.4]","[0.4799984800104797, 0.24000043999544013, 0.16000055999656015, 0.12000051999752008]",state_action_local,1,inf,5,0.05
12,340,Maximum-based,1.0,0.05096740952445399,0.05096740952445399,0.06454271569411851,60,E[Agg(Q_xi)] - Agg(E[Q_xi]),True,"[0.10000000000000012, 0.2, 0.29999999999999993, 0.4]","[0.4799984800104797, 0.24000043999544013, 0.16000055999656015, 0.12000051999752008]",state_action_local,1,inf,5,0.05
12,345,Maximum-based,1.0,0.05075646950898694,0.05075646950898694,0.06543152145057185,60,E[Agg(Q_xi)] - Agg(E[Q_xi]),True,"[0.10000000000000012, 0.2, 0.29999999999999993, 0.4]","[0.4799984800104797, 0.24000043999544013, 0.16000055999656015, 0.12000051999752008]",state_action_local,1,inf,5,0.05
12,350,Maximum-based,1.0,0.05082066917854256,0.05082066917854256,0.06669508521978074,60,E[Agg(Q_xi)] - Agg(E[Q_xi]),True,"[0.10000000000000012, 0.2, 0.29999999999999993, 0.4]","[0.4799984800104797, 0.24000043999544013, 0.16000055999656015, 0.12000051999752008]",state_action_local,1,inf,5,0.05
12,355,Maximum-based,1.0,0.05115584642153614,0.05115584642153614,0.06519812765434274,60,E[Agg(Q_xi)] - Agg(E[Q_xi]),True,"[0.10000000000000012, 0.2, 0.29999999999999993, 0.4]","[0.4799984800104797, 0.24000043999544013, 0.16000055999656015, 0.12000051999752008]",state_action_local,1,inf,5,0.05
12,360,Maximum-based,1.0,0.050464428604346065,0.050464428604346065,0.06545475221735053,60,E[Agg(Q_xi)] - Agg(E[Q_xi]),True,"[0.10000000000000012, 0.2, 0.29999999999999993, 0.4]","[0.4799984800104797, 0.24000043999544013, 0.16000055999656015, 0.12000051999752008]",state_action_local,1,inf,5,0.05
12,365,Maximum-based,1.0,0.05044885234501203,0.05044885234501203,0.06616464252643084,60,E[Agg(Q_xi)] - Agg(E[Q_xi]),True,"[0.10000000000000012, 0.2, 0.29999999999999993, 0.4]","[0.4799984800104797, 0.24000043999544013, 0.16000055999656015, 0.12000051999752008]",state_action_local,1,inf,5,0.05
12,370,Maximum-based,1.0,0.050716906320157754,0.050716906320157754,0.06314725571376201,60,E[Agg(Q_xi)] - Agg(E[Q_xi]),True,"[0.10000000000000012, 0.2, 0.29999999999999993, 0.4]","[0.4799984800104797, 0.24000043999544013, 0.16000055999656015, 0.12000051999752008]",state_action_local,1,inf,5,0.05
12,375,Maximum-based,1.0,0.05132828179841843,0.05132828179841843,0.06222208437881349,60,E[Agg(Q_xi)] - Agg(E[Q_xi]),True,"[0.10000000000000012, 0.2, 0.29999999999999993, 0.4]","[0.4799984800104797, 0.24000043999544013, 0.16000055999656015, 0.12000051999752008]",state_action_local,1,inf,5,0.05
12,380,Maximum-based,1.0,0.0511877322461429,0.0511877322461429,0.06772109392890968,60,E[Agg(Q_xi)] - Agg(E[Q_xi]),True,"[0.10000000000000012, 0.2, 0.29999999999999993, 0.4]","[0.4799984800104797, 0.24000043999544013, 0.16000055999656015, 0.12000051999752008]",state_action_local,1,inf,5,0.05
12,385,Maximum-based,1.0,0.05098642161277153,0.05098642161277153,0.06428826921140995,60,E[Agg(Q_xi)] - Agg(E[Q_xi]),True,"[0.10000000000000012, 0.2, 0.29999999999999993, 0.4]","[0.4799984800104797, 0.24000043999544013, 0.16000055999656015, 0.12000051999752008]",state_action_local,1,inf,5,0.05
12,390,Maximum-based,1.0,0.05058317991563747,0.05058317991563747,0.06219758537574904,60,E[Agg(Q_xi)] - Agg(E[Q_xi]),True,"[0.10000000000000012, 0.2, 0.29999999999999993, 0.4]","[0.4799984800104797, 0.24000043999544013, 0.16000055999656015, 0.12000051999752008]",state_action_local,1,inf,5,0.05
12,395,Maximum-based,1.0,0.051544910098854625,0.051544910098854625,0.06184398744877129,60,E[Agg(Q_xi)] - Agg(E[Q_xi]),True,"[0.10000000000000012, 0.2, 0.29999999999999993, 0.4]","[0.4799984800104797, 0.24000043999544013, 0.16000055999656015, 0.12000051999752008]",state_action_local,1,inf,5,0.05
12,400,Maximum-based,1.0,0.05086888824504583,0.05086888824504583,0.06209268628692399,60,E[Agg(Q_xi)] - Agg(E[Q_xi]),True,"[0.10000000000000012, 0.2, 0.29999999999999993, 0.4]","[0.4799984800104797, 0.24000043999544013, 0.16000055999656015, 0.12000051999752008]",state_action_local,1,inf,5,0.05
12,5,Similarity-aware,1.0,-2.9201178512276253e-18,1.1362438767648086e-17,1.1102230246251565e-16,60,E[Agg(Q_xi)] - Agg(E[Q_xi]),True,"[0.10000000000000012, 0.2, 0.29999999999999993, 0.4]","[0.4799984800104797, 0.24000043999544013, 0.16000055999656015, 0.12000051999752008]",state_action_local,1,inf,5,0.05
12,10,Similarity-aware,1.0,-3.4694469519536144e-19,2.590520390792032e-17,2.7755575615628914e-16,60,E[Agg(Q_xi)] - Agg(E[Q_xi]),True,"[0.10000000000000012, 0.2, 0.29999999999999993, 0.4]","[0.4799984800104797, 0.24000043999544013, 0.16000055999656015, 0.12000051999752008]",state_action_local,1,inf,5,0.05
12,15,Similarity-aware,1.0,-1.3183898417423733e-17,3.191891195797325e-17,3.3306690738754696e-16,60,E[Agg(Q_xi)] - Agg(E[Q_xi]),True,"[0.10000000000000012, 0.2, 0.29999999999999993, 0.4]","[0.4799984800104797, 0.24000043999544013, 0.16000055999656015, 0.12000051999752008]",state_action_local,1,inf,5,0.05
12,20,Similarity-aware,1.0,-1.5265566588595904e-17,5.3198186596622086e-17,4.440892098500626e-16,60,E[Agg(Q_xi)] - Agg(E[Q_xi]),True,"[0.10000000000000012, 0.2, 0.29999999999999993, 0.4]","[0.4799984800104797, 0.24000043999544013, 0.16000055999656015, 0.12000051999752008]",state_action_local,1,inf,5,0.05
12,25,Similarity-aware,1.0,8.789265611615822e-18,6.892634611214514e-17,4.440892098500626e-16,60,E[Agg(Q_xi)] - Agg(E[Q_xi]),True,"[0.10000000000000012, 0.2, 0.29999999999999993, 0.4]","[0.4799984800104797, 0.24000043999544013, 0.16000055999656015, 0.12000051999752008]",state_action_local,1,inf,5,0.05
12,30,Similarity-aware,1.0,-4.9034850254277746e-17,5.551115123125783e-17,6.661338147750939e-16,60,E[Agg(Q_xi)] - Agg(E[Q_xi]),True,"[0.10000000000000012, 0.2, 0.29999999999999993, 0.4]","[0.4799984800104797, 0.24000043999544013, 0.16000055999656015, 0.12000051999752008]",state_action_local,1,inf,5,0.05
12,35,Similarity-aware,1.0,4.810966440042345e-17,1.3322676295501878e-16,7.771561172376096e-16,60,E[Agg(Q_xi)] - Agg(E[Q_xi]),True,"[0.10000000000000012, 0.2, 0.29999999999999993, 0.4]","[0.4799984800104797, 0.24000043999544013, 0.16000055999656015, 0.12000051999752008]",state_action_local,1,inf,5,0.05
12,40,Similarity-aware,1.0,-9.251858538542971e-19,1.3785269222429027e-16,8.881784197001252e-16,60,E[Agg(Q_xi)] - Agg(E[Q_xi]),True,"[0.10000000000000012, 0.2, 0.29999999999999993, 0.4]","[0.4799984800104797, 0.24000043999544013, 0.16000055999656015, 0.12000051999752008]",state_action_local,1,inf,5,0.05
12,45,Similarity-aware,1.0,-3.14563190310461e-17,1.3600232051658169e-16,1.3322676295501878e-15,60,E[Agg(Q_xi)] - Agg(E[Q_xi]),True,"[0.10000000000000012, 0.2, 0.29999999999999993, 0.4]","[0.4799984800104797, 0.24000043999544013, 0.16000055999656015, 0.12000051999752008]",state_action_local,1,inf,5,0.05
12,50,Similarity-aware,1.0,1.295260195396016e-17,1.5728159515523052e-16,1.1102230246251565e-15,60,E[Agg(Q_xi)] - Agg(E[Q_xi]),True,"[0.10000000000000012, 0.2, 0.29999999999999993, 0.4]","[0.4799984800104797, 0.24000043999544013, 0.16000055999656015, 0.12000051999752008]",state_action_local,1,inf,5,0.05
12,55,Similarity-aware,1.0,4.9960036108132046e-17,2.0724163126336256e-16,1.3322676295501878e-15,60,E[Agg(Q_xi)] - Agg(E[Q_xi]),True,"[0.10000000000000012, 0.2, 0.29999999999999993, 0.4]","[0.4799984800104797, 0.24000043999544013, 0.16000055999656015, 0.12000051999752008]",state_action_local,1,inf,5,0.05
12,60,Similarity-aware,1.0,1.1102230246251566e-17,1.887379141862766e-16,1.3322676295501878e-15,60,E[Agg(Q_xi)] - Agg(E[Q_xi]),True,"[0.10000000000000012, 0.2, 0.29999999999999993, 0.4]","[0.4799984800104797, 0.24000043999544013, 0.16000055999656015, 0.12000051999752008]",state_action_local,1,inf,5,0.05
12,65,Similarity-aware,1.0,-2.4054832200211726e-17,1.7393494052460786e-16,1.5543122344752192e-15,60,E[Agg(Q_xi)] - Agg(E[Q_xi]),True,"[0.10000000000000012, 0.2, 0.29999999999999993, 0.4]","[0.4799984800104797, 0.24000043999544013, 0.16000055999656015, 0.12000051999752008]",state_action_local,1,inf,5,0.05
12,70,Similarity-aware,1.0,-4.255854927729767e-17,1.905882858939852e-16,1.7763568394002505e-15,60,E[Agg(Q_xi)] - Agg(E[Q_xi]),True,"[0.10000000000000012, 0.2, 0.29999999999999993, 0.4]","[0.4799984800104797, 0.24000043999544013, 0.16000055999656015, 0.12000051999752008]",state_action_local,1,inf,5,0.05
12,75,Similarity-aware,1.0,5.181040781584064e-17,2.9790984494108365e-16,2.220446049250313e-15,60,E[Agg(Q_xi)] - Agg(E[Q_xi]),True,"[0.10000000000000012, 0.2, 0.29999999999999993, 0.4]","[0.4799984800104797, 0.24000043999544013, 0.16000055999656015, 0.12000051999752008]",state_action_local,1,inf,5,0.05
12,80,Similarity-aware,1.0,-3.14563190310461e-17,2.294460917558657e-16,1.7763568394002505e-15,60,E[Agg(Q_xi)] - Agg(E[Q_xi]),True,"[0.10000000000000012, 0.2, 0.29999999999999993, 0.4]","[0.4799984800104797, 0.24000043999544013, 0.16000055999656015, 0.12000051999752008]",state_action_local,1,inf,5,0.05
12,85,Similarity-aware,1.0,1.1102230246251565e-16,3.4046839421838136e-16,2.220446049250313e-15,60,E[Agg(Q_xi)] - Agg(E[Q_xi]),True,"[0.10000000000000012, 0.2, 0.29999999999999993, 0.4]","[0.4799984800104797, 0.24000043999544013, 0.16000055999656015, 0.12000051999752008]",state_action_local,1,inf,5,0.05
12,90,Similarity-aware,1.0,-8.511709855459534e-17,2.812564995717063e-16,1.7763568394002505e-15,60,E[Agg(Q_xi)] - Agg(E[Q_xi]),True,"[0.10000000000000012, 0.2, 0.29999999999999993, 0.4]","[0.4799984800104797, 0.24000043999544013, 0.16000055999656015, 0.12000051999752008]",state_action_local,1,inf,5,0.05
12,95,Similarity-aware,1.0,-1.1102230246251566e-17,3.3676765080296414e-16,1.7763568394002505e-15,60,E[Agg(Q_xi)] - Agg(E[Q_xi]),True,"[0.10000000000000012, 0.2, 0.29999999999999993, 0.4]","[0.4799984800104797, 0.24000043999544013, 0.16000055999656015, 0.12000051999752008]",state_action_local,1,inf,5,0.05
12,100,Similarity-aware,1.0,3.3306690738754695e-17,3.4416913763379854e-16,2.220446049250313e-15,60,E[Agg(Q_xi)] - Agg(E[Q_xi]),True,"[0.10000000000000012, 0.2, 0.29999999999999993, 0.4]","[0.4799984800104797, 0.24000043999544013, 0.16000055999656015, 0.12000051999752008]",state_action_local,1,inf,5,0.05
12,105,Similarity-aware,1.0,-4.070817756958907e-17,2.9605947323337506e-16,1.7763568394002505e-15,60,E[Agg(Q_xi)] - Agg(E[Q_xi]),True,"[0.10000000000000012, 0.2, 0.29999999999999993, 0.4]","[0.4799984800104797, 0.24000043999544013, 0.16000055999656015, 0.12000051999752008]",state_action_local,1,inf,5,0.05
12,110,Similarity-aware,1.0,4.070817756958907e-17,3.589721112954673e-16,2.220446049250313e-15,60,E[Agg(Q_xi)] - Agg(E[Q_xi]),True,"[0.10000000000000012, 0.2, 0.29999999999999993, 0.4]","[0.4799984800104797, 0.24000043999544013, 0.16000055999656015, 0.12000051999752008]",state_action_local,1,inf,5,0.05
12,115,Similarity-aware,1.0,3.3306690738754695e-17,4.070817756958907e-16,2.6645352591003757e-15,60,E[Agg(Q_xi)] - Agg(E[Q_xi]),True,"[0.10000000000000012, 0.2, 0.29999999999999993, 0.4]","[0.4799984800104797, 0.24000043999544013, 0.16000055999656015, 0.12000051999752008]",state_action_local,1,inf,5,0.05
12,120,Similarity-aware,1.0,7.401486830834377e-18,3.848773152033876e-16,3.552713678800501e-15,60,E[Agg(Q_xi)] - Agg(E[Q_xi]),True,"[0.10000000000000012, 0.2, 0.29999999999999993, 0.4]","[0.4799984800104797, 0.24000043999544013, 0.16000055999656015, 0.12000051999752008]",state_action_local,1,inf,5,0.05
12,125,Similarity-aware,1.0,9.251858538542972e-17,4.1078251911130794e-16,2.6645352591003757e-15,60,E[Agg(Q_xi)] - Agg(E[Q_xi]),True,"[0.10000000000000012, 0.2, 0.29999999999999993, 0.4]","[0.4799984800104797, 0.24000043999544013, 0.16000055999656015, 0.12000051999752008]",state_action_local,1,inf,5,0.05
12,130,Similarity-aware,1.0,4.810966440042345e-17,3.478698810492157e-16,2.220446049250313e-15,60,E[Agg(Q_xi)] - Agg(E[Q_xi]),True,"[0.10000000000000012, 0.2, 0.29999999999999993, 0.4]","[0.4799984800104797, 0.24000043999544013, 0.16000055999656015, 0.12000051999752008]",state_action_local,1,inf,5,0.05
12,135,Similarity-aware,1.0,-5.551115123125783e-17,3.848773152033876e-16,3.552713678800501e-15,60,E[Agg(Q_xi)] - Agg(E[Q_xi]),True,"[0.10000000000000012, 0.2, 0.29999999999999993, 0.4]","[0.4799984800104797, 0.24000043999544013, 0.16000055999656015, 0.12000051999752008]",state_action_local,1,inf,5,0.05
12,140,Similarity-aware,1.0,-1.1472304587793285e-16,3.3676765080296414e-16,3.552713678800501e-15,60,E[Agg(Q_xi)] - Agg(E[Q_xi]),True,"[0.10000000000000012, 0.2, 0.29999999999999993, 0.4]","[0.4799984800104797, 0.24000043999544013, 0.16000055999656015, 0.12000051999752008]",state_action_local,1,inf,5,0.05
12,145,Similarity-aware,1.0,2.2204460492503132e-17,4.51490696680897e-16,3.552713678800501e-15,60,E[Agg(Q_xi)] - Agg(E[Q_xi]),True,"[0.10000000000000012, 0.2, 0.29999999999999993, 0.4]","[0.4799984800104797, 0.24000043999544013, 0.16000055999656015, 0.12000051999752008]",state_action_local,1,inf,5,0.05
12,150,Similarity-aware,1.0,0.0,4.662936703425658e-16,3.552713678800501e-15,60,E[Agg(Q_xi)] - Agg(E[Q_xi]),True,"[0.10000000000000012, 0.2, 0.29999999999999993, 0.4]","[0.4799984800104797, 0.24000043999544013, 0.16000055999656015, 0.12000051999752008]",state_action_local,1,inf,5,0.05
12,155,Similarity-aware,1.0,-3.700743415417188e-17,4.070817756958907e-16,2.6645352591003757e-15,60,E[Agg(Q_xi)] - Agg(E[Q_xi]),True,"[0.10000000000000012, 0.2, 0.29999999999999993, 0.4]","[0.4799984800104797, 0.24000043999544013, 0.16000055999656015, 0.12000051999752008]",state_action_local,1,inf,5,0.05
12,160,Similarity-aware,1.0,5.181040781584064e-17,5.699144859742471e-16,4.440892098500626e-15,60,E[Agg(Q_xi)] - Agg(E[Q_xi]),True,"[0.10000000000000012, 0.2, 0.29999999999999993, 0.4]","[0.4799984800104797, 0.24000043999544013, 0.16000055999656015, 0.12000051999752008]",state_action_local,1,inf,5,0.05
12,165,Similarity-aware,1.0,-4.4408920985006264e-17,5.551115123125783e-16,4.440892098500626e-15,60,E[Agg(Q_xi)] - Agg(E[Q_xi]),True,"[0.10000000000000012, 0.2, 0.29999999999999993, 0.4]","[0.4799984800104797, 0.24000043999544013, 0.16000055999656015, 0.12000051999752008]",state_action_local,1,inf,5,0.05
12,170,Similarity-aware,1.0,5.921189464667501e-17,5.847174596359158e-16,3.552713678800501e-15,60,E[Agg(Q_xi)] - Agg(E[Q_xi]),True,"[0.10000000000000012, 0.2, 0.29999999999999993, 0.4]","[0.4799984800104797, 0.24000043999544013, 0.16000055999656015, 0.12000051999752008]",state_action_local,1,inf,5,0.05
12,175,Similarity-aware,1.0,-9.62193288008469e-17,5.10702591327572e-16,3.552713678800501e-15,60,E[Agg(Q_xi)] - Agg(E[Q_xi]),True,"[0.10000000000000012, 0.2, 0.29999999999999993, 0.4]","[0.4799984800104797, 0.24000043999544013, 0.16000055999656015, 0.12000051999752008]",state_action_local,1,inf,5,0.05
12,180,Similarity-aware,1.0,7.401486830834377e-18,5.847174596359158e-16,4.440892098500626e-15,60,E[Agg(Q_xi)] - Agg(E[Q_xi]),True,"[0.10000000000000012, 0.2, 0.29999999999999993, 0.4]","[0.4799984800104797, 0.24000043999544013, 0.16000055999656015, 0.12000051999752008]",state_action_local,1,inf,5,0.05
12,185,Similarity-aware,1.0,-1.7763568394002506e-16,5.625129991434126e-16,4.440892098500626e-15,60,E[Agg(Q_xi)] - Agg(E[Q_xi]),True,"[0.10000000000000012, 0.2, 0.29999999999999993, 0.4]","[0.4799984800104797, 0.24000043999544013, 0.16000055999656015, 0.12000051999752008]",state_action_local,1,inf,5,0.05
12,190,Similarity-aware,1.0,-3.0346096006420946e-16,5.625129991434126e-16,5.329070518200751e-15,60,E[Agg(Q_xi)] - Agg(E[Q_xi]),True,"[0.10000000000000012, 0.2, 0.29999999999999993, 0.4]","[0.4799984800104797, 0.24000043999544013, 0.16000055999656015, 0.12000051999752008]",state_action_local,1,inf,5,0.05
12,195,Similarity-aware,1.0,-1.258252761241844e-16,5.329070518200751e-16,4.440892098500626e-15,60,E[Agg(Q_xi)] - Agg(E[Q_xi]),True,"[0.10000000000000012, 0.2, 0.29999999999999993, 0.4]","[0.4799984800104797, 0.24000043999544013, 0.16000055999656015, 0.12000051999752008]",state_action_local,1,inf,5,0.05
12,200,Similarity-aware,1.0,-1.0362081563168128e-16,5.625129991434126e-16,3.552713678800501e-15,60,E[Agg(Q_xi)] - Agg(E[Q_xi]),True,"[0.10000000000000012, 0.2, 0.29999999999999993, 0.4]","[0.4799984800104797, 0.24000043999544013, 0.16000055999656015, 0.12000051999752008]",state_action_local,1,inf,5,0.05
12,205,Similarity-aware,1.0,-1.3322676295501878e-16,4.958996176659033e-16,3.552713678800501e-15,60,E[Agg(Q_xi)] - Agg(E[Q_xi]),True,"[0.10000000000000012, 0.2, 0.29999999999999993, 0.4]","[0.4799984800104797, 0.24000043999544013, 0.16000055999656015, 0.12000051999752008]",state_action_local,1,inf,5,0.05
12,210,Similarity-aware,1.0,0.0,6.587323279442596e-16,4.440892098500626e-15,60,E[Agg(Q_xi)] - Agg(E[Q_xi]),True,"[0.10000000000000012, 0.2, 0.29999999999999993, 0.4]","[0.4799984800104797, 0.24000043999544013, 0.16000055999656015, 0.12000051999752008]",state_action_local,1,inf,5,0.05
12,215,Similarity-aware,1.0,-5.921189464667501e-17,6.513308411134251e-16,5.329070518200751e-15,60,E[Agg(Q_xi)] - Agg(E[Q_xi]),True,"[0.10000000000000012, 0.2, 0.29999999999999993, 0.4]","[0.4799984800104797, 0.24000043999544013, 0.16000055999656015, 0.12000051999752008]",state_action_local,1,inf,5,0.05
12,220,Similarity-aware,1.0,9.62193288008469e-17,6.513308411134251e-16,4.440892098500626e-15,60,E[Agg(Q_xi)] - Agg(E[Q_xi]),True,"[0.10000000000000012, 0.2, 0.29999999999999993, 0.4]","[0.4799984800104797, 0.24000043999544013, 0.16000055999656015, 0.12000051999752008]",state_action_local,1,inf,5,0.05
12,225,Similarity-aware,1.0,4.4408920985006264e-17,5.995204332975846e-16,3.552713678800501e-15,60,E[Agg(Q_xi)] - Agg(E[Q_xi]),True,"[0.10000000000000012, 0.2, 0.29999999999999993, 0.4]","[0.4799984800104797, 0.24000043999544013, 0.16000055999656015, 0.12000051999752008]",state_action_local,1,inf,5,0.05
12,230,Similarity-aware,1.0,-1.1102230246251565e-16,6.439293542825908e-16,5.329070518200751e-15,60,E[Agg(Q_xi)] - Agg(E[Q_xi]),True,"[0.10000000000000012, 0.2, 0.29999999999999993, 0.4]","[0.4799984800104797, 0.24000043999544013, 0.16000055999656015, 0.12000051999752008]",state_action_local,1,inf,5,0.05
12,235,Similarity-aware,1.0,-1.1102230246251565e-16,6.217248937900876e-16,4.440892098500626e-15,60,E[Agg(Q_xi)] - Agg(E[Q_xi]),True,"[0.10000000000000012, 0.2, 0.29999999999999993, 0.4]","[0.4799984800104797, 0.24000043999544013, 0.16000055999656015, 0.12000051999752008]",state_action_local,1,inf,5,0.05
12,240,Similarity-aware,1.0,2.590520390792032e-16,8.215650382226159e-16,5.329070518200751e-15,60,E[Agg(Q_xi)] - Agg(E[Q_xi]),True,"[0.10000000000000012, 0.2, 0.29999999999999993, 0.4]","[0.4799984800104797, 0.24000043999544013, 0.16000055999656015, 0.12000051999752008]",state_action_local,1,inf,5,0.05
12,245,Similarity-aware,1.0,-1.554312234475219e-16,6.217248937900876e-16,6.217248937900877e-15,60,E[Agg(Q_xi)] - Agg(E[Q_xi]),True,"[0.10000000000000012, 0.2, 0.29999999999999993, 0.4]","[0.4799984800104797, 0.24000043999544013, 0.16000055999656015, 0.12000051999752008]",state_action_local,1,inf,5,0.05
12,250,Similarity-aware,1.0,-8.881784197001253e-17,6.513308411134251e-16,5.329070518200751e-15,60,E[Agg(Q_xi)] - Agg(E[Q_xi]),True,"[0.10000000000000012, 0.2, 0.29999999999999993, 0.4]","[0.4799984800104797, 0.24000043999544013, 0.16000055999656015, 0.12000051999752008]",state_action_local,1,inf,5,0.05
12,255,Similarity-aware,1.0,-2.7385501274087196e-16,6.439293542825908e-16,5.329070518200751e-15,60,E[Agg(Q_xi)] - Agg(E[Q_xi]),True,"[0.10000000000000012, 0.2, 0.29999999999999993, 0.4]","[0.4799984800104797, 0.24000043999544013, 0.16000055999656015, 0.12000051999752008]",state_action_local,1,inf,5,0.05
12,260,Similarity-aware,1.0,-1.7763568394002506e-16,6.587323279442596e-16,4.440892098500626e-15,60,E[Agg(Q_xi)] - Agg(E[Q_xi]),True,"[0.10000000000000012, 0.2, 0.29999999999999993, 0.4]","[0.4799984800104797, 0.24000043999544013, 0.16000055999656015, 0.12000051999752008]",state_action_local,1,inf,5,0.05
12,265,Similarity-aware,1.0,1.3322676295501878e-16,6.957397620984314e-16,3.552713678800501e-15,60,E[Agg(Q_xi)] - Agg(E[Q_xi]),True,"[0.10000000000000012, 0.2, 0.29999999999999993, 0.4]","[0.4799984800104797, 0.24000043999544013, 0.16000055999656015, 0.12000051999752008]",state_action_local,1,inf,5,0.05
12,270,Similarity-aware,1.0,1.8503717077085943e-16,8.363680118842846e-16,5.329070518200751e-15,60,E[Agg(Q_xi)] - Agg(E[Q_xi]),True,"[0.10000000000000012, 0.2, 0.29999999999999993, 0.4]","[0.4799984800104797, 0.24000043999544013, 0.16000055999656015, 0.12000051999752008]",state_action_local,1,inf,5,0.05
12,275,Similarity-aware,1.0,-2.2204460492503132e-17,7.327471962526033e-16,4.440892098500626e-15,60,E[Agg(Q_xi)] - Agg(E[Q_xi]),True,"[0.10000000000000012, 0.2, 0.29999999999999993, 0.4]","[0.4799984800104797, 0.24000043999544013, 0.16000055999656015, 0.12000051999752008]",state_action_local,1,inf,5,0.05
12,280,Similarity-aware,1.0,-8.881784197001253e-17,6.883382752675971e-16,5.329070518200751e-15,60,E[Agg(Q_xi)] - Agg(E[Q_xi]),True,"[0.10000000000000012, 0.2, 0.29999999999999993, 0.4]","[0.4799984800104797, 0.24000043999544013, 0.16000055999656015, 0.12000051999752008]",state_action_local,1,inf,5,0.05
12,285,Similarity-aware,1.0,5.921189464667501e-17,8.289665250534502e-16,6.217248937900877e-15,60,E[Agg(Q_xi)] - Agg(E[Q_xi]),True,"[0.10000000000000012, 0.2, 0.29999999999999993, 0.4]","[0.4799984800104797, 0.24000043999544013, 0.16000055999656015, 0.12000051999752008]",state_action_local,1,inf,5,0.05
12,290,Similarity-aware,1.0,-4.662936703425658e-16,4.884981308350689e-16,5.329070518200751e-15,60,E[Agg(Q_xi)] - Agg(E[Q_xi]),True,"[0.10000000000000012, 0.2, 0.29999999999999993, 0.4]","[0.4799984800104797, 0.24000043999544013, 0.16000055999656015, 0.12000051999752008]",state_action_local,1,inf,5,0.05
12,295,Similarity-aware,1.0,-2.2204460492503132e-17,7.549516567451064e-16,7.105427357601002e-15,60,E[Agg(Q_xi)] - Agg(E[Q_xi]),True,"[0.10000000000000012, 0.2, 0.29999999999999993, 0.4]","[0.4799984800104797, 0.24000043999544013, 0.16000055999656015, 0.12000051999752008]",state_action_local,1,inf,5,0.05
12,300,Similarity-aware,1.0,-9.62193288008469e-17,7.105427357601002e-16,5.329070518200751e-15,60,E[Agg(Q_xi)] - Agg(E[Q_xi]),True,"[0.10000000000000012, 0.2, 0.29999999999999993, 0.4]","[0.4799984800104797, 0.24000043999544013, 0.16000055999656015, 0.12000051999752008]",state_action_local,1,inf,5,0.05
12,305,Similarity-aware,1.0,9.62193288008469e-17,6.809367884367627e-16,5.329070518200751e-15,60,E[Agg(Q_xi)] - Agg(E[Q_xi]),True,"[0.10000000000000012, 0.2, 0.29999999999999993, 0.4]","[0.4799984800104797, 0.24000043999544013, 0.16000055999656015, 0.12000051999752008]",state_action_local,1,inf,5,0.05
12,310,Similarity-aware,1.0,1.7763568394002506e-16,9.547918011776346e-16,5.329070518200751e-15,60,E[Agg(Q_xi)] - Agg(E[Q_xi]),True,"[0.10000000000000012, 0.2, 0.29999999999999993, 0.4]","[0.4799984800104797, 0.24000043999544013, 0.16000055999656015, 0.12000051999752008]",state_action_local,1,inf,5,0.05
12,315,Similarity-aware,1.0,1.554312234475219e-16,8.363680118842846e-16,5.329070518200751e-15,60,E[Agg(Q_xi)] - Agg(E[Q_xi]),True,"[0.10000000000000012, 0.2, 0.29999999999999993, 0.4]","[0.4799984800104797, 0.24000043999544013, 0.16000055999656015, 0.12000051999752008]",state_action_local,1,inf,5,0.05
12,320,Similarity-aware,1.0,-1.6283271027835628e-16,6.513308411134251e-16,7.105427357601002e-15,60,E[Agg(Q_xi)] - Agg(E[Q_xi]),True,"[0.10000000000000012, 0.2, 0.29999999999999993, 0.4]","[0.4799984800104797, 0.24000043999544013, 0.16000055999656015, 0.12000051999752008]",state_action_local,1,inf,5,0.05
12,325,Similarity-aware,1.0,2.1464311809419693e-16,8.067620645609471e-16,5.329070518200751e-15,60,E[Agg(Q_xi)] - Agg(E[Q_xi]),True,"[0.10000000000000012, 0.2, 0.29999999999999993, 0.4]","[0.4799984800104797, 0.24000043999544013, 0.16000055999656015, 0.12000051999752008]",state_action_local,1,inf,5,0.05
12,330,Similarity-aware,1.0,2.4424906541753446e-16,9.251858538542972e-16,7.105427357601002e-15,60,E[Agg(Q_xi)] - Agg(E[Q_xi]),True,"[0.10000000000000012, 0.2, 0.29999999999999993, 0.4]","[0.4799984800104797, 0.24000043999544013, 0.16000055999656015, 0.12000051999752008]",state_action_local,1,inf,5,0.05
12,335,Similarity-aware,1.0,-1.924386576016938e-16,7.401486830834377e-16,7.105427357601002e-15,60,E[Agg(Q_xi)] - Agg(E[Q_xi]),True,"[0.10000000000000012, 0.2, 0.29999999999999993, 0.4]","[0.4799984800104797, 0.24000043999544013, 0.16000055999656015, 0.12000051999752008]",state_action_local,1,inf,5,0.05
12,340,Similarity-aware,1.0,7.401486830834377e-17,7.697546304067752e-16,5.329070518200751e-15,60,E[Agg(Q_xi)] - Agg(E[Q_xi]),True,"[0.10000000000000012, 0.2, 0.29999999999999993, 0.4]","[0.4799984800104797, 0.24000043999544013, 0.16000055999656015, 0.12000051999752008]",state_action_local,1,inf,5,0.05
12,345,Similarity-aware,1.0,6.661338147750939e-17,9.62193288008469e-16,7.105427357601002e-15,60,E[Agg(Q_xi)] - Agg(E[Q_xi]),True,"[0.10000000000000012, 0.2, 0.29999999999999993, 0.4]","[0.4799984800104797, 0.24000043999544013, 0.16000055999656015, 0.12000051999752008]",state_action_local,1,inf,5,0.05
12,350,Similarity-aware,1.0,-1.4802973661668754e-17,8.289665250534502e-16,7.105427357601002e-15,60,E[Agg(Q_xi)] - Agg(E[Q_xi]),True,"[0.10000000000000012, 0.2, 0.29999999999999993, 0.4]","[0.4799984800104797, 0.24000043999544013, 0.16000055999656015, 0.12000051999752008]",state_action_local,1,inf,5,0.05
12,355,Similarity-aware,1.0,-2.812564995717063e-16,6.217248937900876e-16,5.329070518200751e-15,60,E[Agg(Q_xi)] - Agg(E[Q_xi]),True,"[0.10000000000000012, 0.2, 0.29999999999999993, 0.4]","[0.4799984800104797, 0.24000043999544013, 0.16000055999656015, 0.12000051999752008]",state_action_local,1,inf,5,0.05
12,360,Similarity-aware,1.0,-1.3322676295501878e-16,7.105427357601002e-16,5.329070518200751e-15,60,E[Agg(Q_xi)] - Agg(E[Q_xi]),True,"[0.10000000000000012, 0.2, 0.29999999999999993, 0.4]","[0.4799984800104797, 0.24000043999544013, 0.16000055999656015, 0.12000051999752008]",state_action_local,1,inf,5,0.05
12,365,Similarity-aware,1.0,-1.4802973661668754e-17,9.473903143468002e-16,7.105427357601002e-15,60,E[Agg(Q_xi)] - Agg(E[Q_xi]),True,"[0.10000000000000012, 0.2, 0.29999999999999993, 0.4]","[0.4799984800104797, 0.24000043999544013, 0.16000055999656015, 0.12000051999752008]",state_action_local,1,inf,5,0.05
12,370,Similarity-aware,1.0,1.0362081563168128e-16,9.325873406851315e-16,5.329070518200751e-15,60,E[Agg(Q_xi)] - Agg(E[Q_xi]),True,"[0.10000000000000012, 0.2, 0.29999999999999993, 0.4]","[0.4799984800104797, 0.24000043999544013, 0.16000055999656015, 0.12000051999752008]",state_action_local,1,inf,5,0.05
12,375,Similarity-aware,1.0,1.924386576016938e-16,1.0362081563168128e-15,7.105427357601002e-15,60,E[Agg(Q_xi)] - Agg(E[Q_xi]),True,"[0.10000000000000012, 0.2, 0.29999999999999993, 0.4]","[0.4799984800104797, 0.24000043999544013, 0.16000055999656015, 0.12000051999752008]",state_action_local,1,inf,5,0.05
12,380,Similarity-aware,1.0,-1.4802973661668754e-17,9.473903143468002e-16,7.105427357601002e-15,60,E[Agg(Q_xi)] - Agg(E[Q_xi]),True,"[0.10000000000000012, 0.2, 0.29999999999999993, 0.4]","[0.4799984800104797, 0.24000043999544013, 0.16000055999656015, 0.12000051999752008]",state_action_local,1,inf,5,0.05
12,385,Similarity-aware,1.0,-4.440892098500626e-16,6.513308411134251e-16,7.105427357601002e-15,60,E[Agg(Q_xi)] - Agg(E[Q_xi]),True,"[0.10000000000000012, 0.2, 0.29999999999999993, 0.4]","[0.4799984800104797, 0.24000043999544013, 0.16000055999656015, 0.12000051999752008]",state_action_local,1,inf,5,0.05
12,390,Similarity-aware,1.0,-3.9968028886505636e-16,7.549516567451064e-16,7.105427357601002e-15,60,E[Agg(Q_xi)] - Agg(E[Q_xi]),True,"[0.10000000000000012, 0.2, 0.29999999999999993, 0.4]","[0.4799984800104797, 0.24000043999544013, 0.16000055999656015, 0.12000051999752008]",state_action_local,1,inf,5,0.05
12,395,Similarity-aware,1.0,1.4802973661668754e-17,9.62193288008469e-16,5.329070518200751e-15,60,E[Agg(Q_xi)] - Agg(E[Q_xi]),True,"[0.10000000000000012, 0.2, 0.29999999999999993, 0.4]","[0.4799984800104797, 0.24000043999544013, 0.16000055999656015, 0.12000051999752008]",state_action_local,1,inf,5,0.05
12,400,Similarity-aware,1.0,3.7007434154171886e-16,1.1546319456101628e-15,5.329070518200751e-15,60,E[Agg(Q_xi)] - Agg(E[Q_xi]),True,"[0.10000000000000012, 0.2, 0.29999999999999993, 0.4]","[0.4799984800104797, 0.24000043999544013, 0.16000055999656015, 0.12000051999752008]",state_action_local,1,inf,5,0.05
13,5,Maximum-based,1.0,0.05916703545238359,0.05916703545238359,0.06955023311142261,60,E[Agg(Q_xi)] - Agg(E[Q_xi]),True,"[0.1000000000000001, 0.2, 0.3000000000000001, 0.4]","[0.4799984800104797, 0.24000043999544013, 0.16000055999656007, 0.12000051999752008]",state_action_local,1,inf,5,0.05
13,10,Maximum-based,1.0,0.0568416314782346,0.0568416314782346,0.07160998820084358,60,E[Agg(Q_xi)] - Agg(E[Q_xi]),True,"[0.1000000000000001, 0.2, 0.3000000000000001, 0.4]","[0.4799984800104797, 0.24000043999544013, 0.16000055999656007, 0.12000051999752008]",state_action_local,1,inf,5,0.05
13,15,Maximum-based,1.0,0.055437384266583796,0.055437384266583796,0.06657956125380449,60,E[Agg(Q_xi)] - Agg(E[Q_xi]),True,"[0.1000000000000001, 0.2, 0.3000000000000001, 0.4]","[0.4799984800104797, 0.24000043999544013, 0.16000055999656007, 0.12000051999752008]",state_action_local,1,inf,5,0.05
13,20,Maximum-based,1.0,0.053644515229893545,0.053644515229893545,0.06717389537044072,60,E[Agg(Q_xi)] - Agg(E[Q_xi]),True,"[0.1000000000000001, 0.2, 0.3000000000000001, 0.4]","[0.4799984800104797, 0.24000043999544013, 0.16000055999656007, 0.12000051999752008]",state_action_local,1,inf,5,0.05
13,25,Maximum-based,1.0,0.0543946523536207,0.0543946523536207,0.06575838024929936,60,E[Agg(Q_xi)] - Agg(E[Q_xi]),True,"[0.1000000000000001, 0.2, 0.3000000000000001, 0.4]","[0.4799984800104797, 0.24000043999544013, 0.16000055999656007, 0.12000051999752008]",state_action_local,1,inf,5,0.05
13,30,Maximum-based,1.0,0.05332604476579895,0.05332604476579895,0.06608368283286492,60,E[Agg(Q_xi)] - Agg(E[Q_xi]),True,"[0.1000000000000001, 0.2, 0.3000000000000001, 0.4]","[0.4799984800104797, 0.24000043999544013, 0.16000055999656007, 0.12000051999752008]",state_action_local,1,inf,5,0.05
13,35,Maximum-based,1.0,0.05183829679195143,0.05183829679195143,0.06814988295674751,60,E[Agg(Q_xi)] - Agg(E[Q_xi]),True,"[0.1000000000000001, 0.2, 0.3000000000000001, 0.4]","[0.4799984800104797, 0.24000043999544013, 0.16000055999656007, 0.12000051999752008]",state_action_local,1,inf,5,0.05
13,40,Maximum-based,1.0,0.05155082137286696,0.05155082137286696,0.06718176950608057,60,E[Agg(Q_xi)] - Agg(E[Q_xi]),True,"[0.1000000000000001, 0.2, 0.3000000000000001, 0.4]","[0.4799984800104797, 0.24000043999544013, 0.16000055999656007, 0.12000051999752008]",state_action_local,1,inf,5,0.05
13,45,Maximum-based,1.0,0.05059946173897857,0.05059946173897857,0.06033220141708462,60,E[Agg(Q_xi)] - Agg(E[Q_xi]),True,"[0.1000000000000001, 0.2, 0.3000000000000001, 0.4]","[0.4799984800104797, 0.24000043999544013, 0.16000055999656007, 0.12000051999752008]",state_action_local,1,inf,5,0.05
13,50,Maximum-based,1.0,0.05137358698855928,0.05137358698855928,0.06456153581992985,60,E[Agg(Q_xi)] - Agg(E[Q_xi]),True,"[0.1000000000000001, 0.2, 0.3000000000000001, 0.4]","[0.4799984800104797, 0.24000043999544013, 0.16000055999656007, 0.12000051999752008]",state_action_local,1,inf,5,0.05
13,55,Maximum-based,1.0,0.0514085176610811,0.0514085176610811,0.06457919585661243,60,E[Agg(Q_xi)] - Agg(E[Q_xi]),True,"[0.1000000000000001, 0.2, 0.3000000000000001, 0.4]","[0.4799984800104797, 0.24000043999544013, 0.16000055999656007, 0.12000051999752008]",state_action_local,1,inf,5,0.05
13,60,Maximum-based,1.0,0.050256350330351564,0.050256350330351564,0.06159278866825657,60,E[Agg(Q_xi)] - Agg(E[Q_xi]),True,"[0.1000000000000001, 0.2, 0.3000000000000001, 0.4]","[0.4799984800104797, 0.24000043999544013, 0.16000055999656007, 0.12000051999752008]",state_action_local,1,inf,5,0.05
13,65,Maximum-based,1.0,0.05052390970534545,0.05052390970534545,0.06517387954420562,60,E[Agg(Q_xi)] - Agg(E[Q_xi]),True,"[0.1000000000000001, 0.2, 0.3000000000000001, 0.4]","[0.4799984800104797, 0.24000043999544013, 0.16000055999656007, 0.12000051999752008]",state_action_local,1,inf,5,0.05
13,70,Maximum-based,1.0,0.04992921370777492,0.04992921370777492,0.06179329352236662,60,E[Agg(Q_xi)] - Agg(E[Q_xi]),True,"[0.1000000000000001, 0.2, 0.3000000000000001, 0.4]","[0.4799984800104797, 0.24000043999544013, 0.16000055999656007, 0.12000051999752008]",state_action_local,1,inf,5,0.05
13,75,Maximum-based,1.0,0.04967806014946296,0.04967806014946296,0.06739940848475667,60,E[Agg(Q_xi)] - Agg(E[Q_xi]),True,"[0.1000000000000001, 0.2, 0.3000000000000001, 0.4]","[0.4799984800104797, 0.24000043999544013, 0.16000055999656007, 0.12000051999752008]",state_action_local,1,inf,5,0.05
13,80,Maximum-based,1.0,0.050066452239229974,0.050066452239229974,0.06444674577710163,60,E[Agg(Q_xi)] - Agg(E[Q_xi]),True,"[0.1000000000000001, 0.2, 0.3000000000000001, 0.4]","[0.4799984800104797, 0.24000043999544013, 0.16000055999656007, 0.12000051999752008]",state_action_local,1,inf,5,0.05
13,85,Maximum-based,1.0,0.04980163328285024,0.04980163328285024,0.06377108901313377,60,E[Agg(Q_xi)] - Agg(E[Q_xi]),True,"[0.1000000000000001, 0.2, 0.3000000000000001, 0.4]","[0.4799984800104797, 0.24000043999544013, 0.16000055999656007, 0.12000051999752008]",state_action_local,1,inf,5,0.05
13,90,Maximum-based,1.0,0.04934721828000536,0.04934721828000536,0.06440008207294357,60,E[Agg(Q_xi)] - Agg(E[Q_xi]),True,"[0.1000000000000001, 0.2, 0.3000000000000001, 0.4]","[0.4799984800104797, 0.24000043999544013, 0.16000055999656007, 0.12000051999752008]",state_action_local,1,inf,5,0.05
13,95,Maximum-based,1.0,0.0502655107224506,0.0502655107224506,0.061780843536777486,60,E[Agg(Q_xi)] - Agg(E[Q_xi]),True,"[0.1000000000000001, 0.2, 0.3000000000000001, 0.4]","[0.4799984800104797, 0.24000043999544013, 0.16000055999656007, 0.12000051999752008]",state_action_local,1,inf,5,0.05
13,100,Maximum-based,1.0,0.049440992510554234,0.049440992510554234,0.0638371059692906,60,E[Agg(Q_xi)] - Agg(E[Q_xi]),True,"[0.1000000000000001, 0.2, 0.3000000000000001, 0.4]","[0.4799984800104797, 0.24000043999544013, 0.16000055999656007, 0.12000051999752008]",state_action_local,1,inf,5,0.05
13,105,Maximum-based,1.0,0.04949731753750812,0.04949731753750812,0.06370985513069627,60,E[Agg(Q_xi)] - Agg(E[Q_xi]),True,"[0.1000000000000001, 0.2, 0.3000000000000001, 0.4]","[0.4799984800104797, 0.24000043999544013, 0.16000055999656007, 0.12000051999752008]",state_action_local,1,inf,5,0.05
13,110,Maximum-based,1.0,0.049260596902065634,0.049260596902065634,0.061711159630286616,60,E[Agg(Q_xi)] - Agg(E[Q_xi]),True,"[0.1000000000000001, 0.2, 0.3000000000000001, 0.4]","[0.4799984800104797, 0.24000043999544013, 0.16000055999656007, 0.12000051999752008]",state_action_local,1,inf,5,0.05
13,115,Maximum-based,1.0,0.04936698346591125,0.04936698346591125,0.06060010737225863,60,E[Agg(Q_xi)] - Agg(E[Q_xi]),True,"[0.1000000000000001, 0.2, 0.3000000000000001, 0.4]","[0.4799984800104797, 0.24000043999544013, 0.16000055999656007, 0.12000051999752008]",state_action_local,1,inf,5,0.05
13,120,Maximum-based,1.0,0.05001708950909442,0.05001708950909442,0.06358558190647923,60,E[Agg(Q_xi)] - Agg(E[Q_xi]),True,"[0.1000000000000001, 0.2, 0.3000000000000001, 0.4]","[0.4799984800104797, 0.24000043999544013, 0.16000055999656007, 0.12000051999752008]",state_action_local,1,inf,5,0.05
13,125,Maximum-based,1.0,0.04943743117542263,0.04943743117542263,0.06169101584834191,60,E[Agg(Q_xi)] - Agg(E[Q_xi]),True,"[0.1000000000000001, 0.2, 0.3000000000000001, 0.4]","[0.4799984800104797, 0.24000043999544013, 0.16000055999656007, 0.12000051999752008]",state_action_local,1,inf,5,0.05
13,130,Maximum-based,1.0,0.04873895168779173,0.04873895168779173,0.0655178814180406,60,E[Agg(Q_xi)] - Agg(E[Q_xi]),True,"[0.1000000000000001, 0.2, 0.3000000000000001, 0.4]","[0.4799984800104797, 0.24000043999544013, 0.16000055999656007, 0.12000051999752008]",state_action_local,1,inf,5,0.05
13,135,Maximum-based,1.0,0.04919801284366987,0.04919801284366987,0.0626650335634018,60,E[Agg(Q_xi)] - Agg(E[Q_xi]),True,"[0.1000000000000001, 0.2, 0.3000000000000001, 0.4]","[0.4799984800104797, 0.24000043999544013, 0.16000055999656007, 0.12000051999752008]",state_action_local,1,inf,5,0.05
13,140,Maximum-based,1.0,0.04898065015614234,0.04898065015614234,0.06149266629287631,60,E[Agg(Q_xi)] - Agg(E[Q_xi]),True,"[0.1000000000000001, 0.2, 0.3000000000000001, 0.4]","[0.4799984800104797, 0.24000043999544013, 0.16000055999656007, 0.12000051999752008]",state_action_local,1,inf,5,0.05
13,145,Maximum-based,1.0,0.049281158034935414,0.049281158034935414,0.06682659916805633,60,E[Agg(Q_xi)] - Agg(E[Q_xi]),True,"[0.1000000000000001, 0.2, 0.3000000000000001, 0.4]","[0.4799984800104797, 0.24000043999544013, 0.16000055999656007, 0.12000051999752008]",state_action_local,1,inf,5,0.05
13,150,Maximum-based,1.0,0.04926352395869127,0.04926352395869127,0.06042207075854744,60,E[Agg(Q_xi)] - Agg(E[Q_xi]),True,"[0.1000000000000001, 0.2, 0.3000000000000001, 0.4]","[0.4799984800104797, 0.24000043999544013, 0.16000055999656007, 0.12000051999752008]",state_action_local,1,inf,5,0.05
13,155,Maximum-based,1.0,0.049295234212015634,0.049295234212015634,0.06375496909717437,60,E[Agg(Q_xi)] - Agg(E[Q_xi]),True,"[0.1000000000000001, 0.2, 0.3000000000000001, 0.4]","[0.4799984800104797, 0.24000043999544013, 0.16000055999656007, 0.12000051999752008]",state_action_local,1,inf,5,0.05
13,160,Maximum-based,1.0,0.049461257448737854,0.049461257448737854,0.06659599326468157,60,E[Agg(Q_xi)] - Agg(E[Q_xi]),True,"[0.1000000000000001, 0.2, 0.3000000000000001, 0.4]","[0.4799984800104797, 0.24000043999544013, 0.16000055999656007, 0.12000051999752008]",state_action_local,1,inf,5,0.05
13,165,Maximum-based,1.0,0.04931352527504117,0.04931352527504117,0.06293449081254021,60,E[Agg(Q_xi)] - Agg(E[Q_xi]),True,"[0.1000000000000001, 0.2, 0.3000000000000001, 0.4]","[0.4799984800104797, 0.24000043999544013, 0.16000055999656007, 0.12000051999752008]",state_action_local,1,inf,5,0.05
13,170,Maximum-based,1.0,0.04947438175570529,0.04947438175570529,0.06561493298225152,60,E[Agg(Q_xi)] - Agg(E[Q_xi]),True,"[0.1000000000000001, 0.2, 0.3000000000000001, 0.4]","[0.4799984800104797, 0.24000043999544013, 0.16000055999656007, 0.12000051999752008]",state_action_local,1,inf,5,0.05
13,175,Maximum-based,1.0,0.04902633750994065,0.04902633750994065,0.06099696312113423,60,E[Agg(Q_xi)] - Agg(E[Q_xi]),True,"[0.1000000000000001, 0.2, 0.3000000000000001, 0.4]","[0.4799984800104797, 0.24000043999544013, 0.16000055999656007, 0.12000051999752008]",state_action_local,1,inf,5,0.05
13,180,Maximum-based,1.0,0.049723781376318374,0.049723781376318374,0.06193542766551552,60,E[Agg(Q_xi)] - Agg(E[Q_xi]),True,"[0.1000000000000001, 0.2, 0.3000000000000001, 0.4]","[0.4799984800104797, 0.24000043999544013, 0.16000055999656007, 0.12000051999752008]",state_action_local,1,inf,5,0.05
13,185,Maximum-based,1.0,0.04936560526149382,0.04936560526149382,0.0657225991835606,60,E[Agg(Q_xi)] - Agg(E[Q_xi]),True,"[0.1000000000000001, 0.2, 0.3000000000000001, 0.4]","[0.4799984800104797, 0.24000043999544013, 0.16000055999656007, 0.12000051999752008]",state_action_local,1,inf,5,0.05
13,190,Maximum-based,1.0,0.04901592461560254,0.04901592461560254,0.06265707448005031,60,E[Agg(Q_xi)] - Agg(E[Q_xi]),True,"[0.1000000000000001, 0.2, 0.3000000000000001, 0.4]","[0.4799984800104797, 0.24000043999544013, 0.16000055999656007, 0.12000051999752008]",state_action_local,1,inf,5,0.05
13,195,Maximum-based,1.0,0.049773784470381846,0.049773784470381846,0.06268567869510022,60,E[Agg(Q_xi)] - Agg(E[Q_xi]),True,"[0.1000000000000001, 0.2, 0.3000000000000001, 0.4]","[0.4799984800104797, 0.24000043999544013, 0.16000055999656007, 0.12000051999752008]",state_action_local,1,inf,5,0.05
13,200,Maximum-based,1.0,0.049805640501971976,0.049805640501971976,0.06332849878545765,60,E[Agg(Q_xi)] - Agg(E[Q_xi]),True,"[0.1000000000000001, 0.2, 0.3000000000000001, 0.4]","[0.4799984800104797, 0.24000043999544013, 0.16000055999656007, 0.12000051999752008]",state_action_local,1,inf,5,0.05
13,205,Maximum-based,1.0,0.04969968841223243,0.04969968841223243,0.06404877232652062,60,E[Agg(Q_xi)] - Agg(E[Q_xi]),True,"[0.1000000000000001, 0.2, 0.3000000000000001, 0.4]","[0.4799984800104797, 0.24000043999544013, 0.16000055999656007, 0.12000051999752008]",state_action_local,1,inf,5,0.05
13,210,Maximum-based,1.0,0.049645956104404185,0.049645956104404185,0.06136973193490114,60,E[Agg(Q_xi)] - Agg(E[Q_xi]),True,"[0.1000000000000001, 0.2, 0.3000000000000001, 0.4]","[0.4799984800104797, 0.24000043999544013, 0.16000055999656007, 0.12000051999752008]",state_action_local,1,inf,5,0.05
13,215,Maximum-based,1.0,0.04899082549948811,0.04899082549948811,0.06632968584727195,60,E[Agg(Q_xi)] - Agg(E[Q_xi]),True,"[0.1000000000000001, 0.2, 0.3000000000000001, 0.4]","[0.4799984800104797, 0.24000043999544013, 0.16000055999656007, 0.12000051999752008]",state_action_local,1,inf,5,0.05
13,220,Maximum-based,1.0,0.048706285442442925,0.048706285442442925,0.06755449245746448,60,E[Agg(Q_xi)] - Agg(E[Q_xi]),True,"[0.1000000000000001, 0.2, 0.3000000000000001, 0.4]","[0.4799984800104797, 0.24000043999544013, 0.16000055999656007, 0.12000051999752008]",state_action_local,1,inf,5,0.05
13,225,Maximum-based,1.0,0.049184444933677005,0.049184444933677005,0.0677988608516662,60,E[Agg(Q_xi)] - Agg(E[Q_xi]),True,"[0.1000000000000001, 0.2, 0.3000000000000001, 0.4]","[0.4799984800104797, 0.24000043999544013, 0.16000055999656007, 0.12000051999752008]",state_action_local,1,inf,5,0.05
13,230,Maximum-based,1.0,0.05017906809009091,0.05017906809009091,0.06388064161452611,60,E[Agg(Q_xi)] - Agg(E[Q_xi]),True,"[0.1000000000000001, 0.2, 0.3000000000000001, 0.4]","[0.4799984800104797, 0.24000043999544013, 0.16000055999656007, 0.12000051999752008]",state_action_local,1,inf,5,0.05
13,235,Maximum-based,1.0,0.04935085676399077,0.04935085676399077,0.06552322804961896,60,E[Agg(Q_xi)] - Agg(E[Q_xi]),True,"[0.1000000000000001, 0.2, 0.3000000000000001, 0.4]","[0.4799984800104797, 0.24000043999544013, 0.16000055999656007, 0.12000051999752008]",state_action_local,1,inf,5,0.05
13,240,Maximum-based,1.0,0.04920606759741188,0.04920606759741188,0.06479293690615684,60,E[Agg(Q_xi)] - Agg(E[Q_xi]),True,"[0.1000000000000001, 0.2, 0.3000000000000001, 0.4]","[0.4799984800104797, 0.24000043999544013, 0.16000055999656007, 0.12000051999752008]",state_action_local,1,inf,5,0.05
13,245,Maximum-based,1.0,0.04967434054696264,0.04967434054696264,0.06437856601677439,60,E[Agg(Q_xi)] - Agg(E[Q_xi]),True,"[0.1000000000000001, 0.2, 0.3000000000000001, 0.4]","[0.4799984800104797, 0.24000043999544013, 0.16000055999656007, 0.12000051999752008]",state_action_local,1,inf,5,0.05
13,250,Maximum-based,1.0,0.05034531021830901,0.05034531021830901,0.06261171970284707,60,E[Agg(Q_xi)] - Agg(E[Q_xi]),True,"[0.1000000000000001, 0.2, 0.3000000000000001, 0.4]","[0.4799984800104797, 0.24000043999544013, 0.16000055999656007, 0.12000051999752008]",state_action_local,1,inf,5,0.05
13,255,Maximum-based,1.0,0.050609220486083475,0.050609220486083475,0.06490680451826591,60,E[Agg(Q_xi)] - Agg(E[Q_xi]),True,"[0.1000000000000001, 0.2, 0.3000000000000001, 0.4]","[0.4799984800104797, 0.24000043999544013, 0.16000055999656007, 0.12000051999752008]",state_action_local,1,inf,5,0.05
13,260,Maximum-based,1.0,0.04939745771636352,0.04939745771636352,0.0616930995028202,60,E[Agg(Q_xi)] - Agg(E[Q_xi]),True,"[0.1000000000000001, 0.2, 0.3000000000000001, 0.4]","[0.4799984800104797, 0.24000043999544013, 0.16000055999656007, 0.12000051999752008]",state_action_local,1,inf,5,0.05
13,265,Maximum-based,1.0,0.049316873452029286,0.049316873452029286,0.0628882956177641,60,E[Agg(Q_xi)] - Agg(E[Q_xi]),True,"[0.1000000000000001, 0.2, 0.3000000000000001, 0.4]","[0.4799984800104797, 0.24000043999544013, 0.16000055999656007, 0.12000051999752008]",state_action_local,1,inf,5,0.05
13,270,Maximum-based,1.0,0.05015619808560217,0.05015619808560217,0.06251780660934259,60,E[Agg(Q_xi)] - Agg(E[Q_xi]),True,"[0.1000000000000001, 0.2, 0.3000000000000001, 0.4]","[0.4799984800104797, 0.24000043999544013, 0.16000055999656007, 0.12000051999752008]",state_action_local,1,inf,5,0.05
13,275,Maximum-based,1.0,0.048988372190266166,0.048988372190266166,0.06618482962726091,60,E[Agg(Q_xi)] - Agg(E[Q_xi]),True,"[0.1000000000000001, 0.2, 0.3000000000000001, 0.4]","[0.4799984800104797, 0.24000043999544013, 0.16000055999656007, 0.12000051999752008]",state_action_local,1,inf,5,0.05
13,280,Maximum-based,1.0,0.049144615465087665,0.049144615465087665,0.06678713938547531,60,E[Agg(Q_xi)] - Agg(E[Q_xi]),True,"[0.1000000000000001, 0.2, 0.3000000000000001, 0.4]","[0.4799984800104797, 0.24000043999544013, 0.16000055999656007, 0.12000051999752008]",state_action_local,1,inf,5,0.05
13,285,Maximum-based,1.0,0.049203617468075014,0.049203617468075014,0.06248864742046045,60,E[Agg(Q_xi)] - Agg(E[Q_xi]),True,"[0.1000000000000001, 0.2, 0.3000000000000001, 0.4]","[0.4799984800104797, 0.24000043999544013, 0.16000055999656007, 0.12000051999752008]",state_action_local,1,inf,5,0.05
13,290,Maximum-based,1.0,0.04880771092549551,0.04880771092549551,0.05834904545782216,60,E[Agg(Q_xi)] - Agg(E[Q_xi]),True,"[0.1000000000000001, 0.2, 0.3000000000000001, 0.4]","[0.4799984800104797, 0.24000043999544013, 0.16000055999656007, 0.12000051999752008]",state_action_local,1,inf,5,0.05
13,295,Maximum-based,1.0,0.0497973515903792,0.0497973515903792,0.06479033839213777,60,E[Agg(Q_xi)] - Agg(E[Q_xi]),True,"[0.1000000000000001, 0.2, 0.3000000000000001, 0.4]","[0.4799984800104797, 0.24000043999544013, 0.16000055999656007, 0.12000051999752008]",state_action_local,1,inf,5,0.05
13,300,Maximum-based,1.0,0.04915194285795891,0.04915194285795891,0.06524365564772694,60,E[Agg(Q_xi)] - Agg(E[Q_xi]),True,"[0.1000000000000001, 0.2, 0.3000000000000001, 0.4]","[0.4799984800104797, 0.24000043999544013, 0.16000055999656007, 0.12000051999752008]",state_action_local,1,inf,5,0.05
13,305,Maximum-based,1.0,0.0496635785235971,0.0496635785235971,0.06160490515639161,60,E[Agg(Q_xi)] - Agg(E[Q_xi]),True,"[0.1000000000000001, 0.2, 0.3000000000000001, 0.4]","[0.4799984800104797, 0.24000043999544013, 0.16000055999656007, 0.12000051999752008]",state_action_local,1,inf,5,0.05
13,310,Maximum-based,1.0,0.04904513010701723,0.04904513010701723,0.061043011183905094,60,E[Agg(Q_xi)] - Agg(E[Q_xi]),True,"[0.1000000000000001, 0.2, 0.3000000000000001, 0.4]","[0.4799984800104797, 0.24000043999544013, 0.16000055999656007, 0.12000051999752008]",state_action_local,1,inf,5,0.05
13,315,Maximum-based,1.0,0.04921431585220417,0.04921431585220417,0.06379477200123951,60,E[Agg(Q_xi)] - Agg(E[Q_xi]),True,"[0.1000000000000001, 0.2, 0.3000000000000001, 0.4]","[0.4799984800104797, 0.24000043999544013, 0.16000055999656007, 0.12000051999752008]",state_action_local,1,inf,5,0.05
13,320,Maximum-based,1.0,0.04909457549544616,0.04909457549544616,0.06348510093596005,60,E[Agg(Q_xi)] - Agg(E[Q_xi]),True,"[0.1000000000000001, 0.2, 0.3000000000000001, 0.4]","[0.4799984800104797, 0.24000043999544013, 0.16000055999656007, 0.12000051999752008]",state_action_local,1,inf,5,0.05
13,325,Maximum-based,1.0,0.04892054462651971,0.04892054462651971,0.06229638163527618,60,E[Agg(Q_xi)] - Agg(E[Q_xi]),True,"[0.1000000000000001, 0.2, 0.3000000000000001, 0.4]","[0.4799984800104797, 0.24000043999544013, 0.16000055999656007, 0.12000051999752008]",state_action_local,1,inf,5,0.05
13,330,Maximum-based,1.0,0.049875735630170594,0.049875735630170594,0.06332483462466243,60,E[Agg(Q_xi)] - Agg(E[Q_xi]),True,"[0.1000000000000001, 0.2, 0.3000000000000001, 0.4]","[0.4799984800104797, 0.24000043999544013, 0.16000055999656007, 0.12000051999752008]",state_action_local,1,inf,5,0.05
13,335,Maximum-based,1.0,0.05004173594348712,0.05004173594348712,0.0650618365447233,60,E[Agg(Q_xi)] - Agg(E[Q_xi]),True,"[0.1000000000000001, 0.2, 0.3000000000000001, 0.4]","[0.4799984800104797, 0.24000043999544013, 0.16000055999656007, 0.12000051999752008]",state_action_local,1,inf,5,0.05
13,340,Maximum-based,1.0,0.04856581955524839,0.04856581955524839,0.061446637709019925,60,E[Agg(Q_xi)] - Agg(E[Q_xi]),True,"[0.1000000000000001, 0.2, 0.3000000000000001, 0.4]","[0.4799984800104797, 0.24000043999544013, 0.16000055999656007, 0.12000051999752008]",state_action_local,1,inf,5,0.05
13,345,Maximum-based,1.0,0.0488720080201633,0.0488720080201633,0.06169460544827565,60,E[Agg(Q_xi)] - Agg(E[Q_xi]),True,"[0.1000000000000001, 0.2, 0.3000000000000001, 0.4]","[0.4799984800104797, 0.24000043999544013, 0.16000055999656007, 0.12000051999752008]",state_action_local,1,inf,5,0.05
13,350,Maximum-based,1.0,0.049069894913667096,0.049069894913667096,0.06341590996746937,60,E[Agg(Q_xi)] - Agg(E[Q_xi]),True,"[0.1000000000000001, 0.2, 0.3000000000000001, 0.4]","[0.4799984800104797, 0.24000043999544013, 0.16000055999656007, 0.12000051999752008]",state_action_local,1,inf,5,0.05
13,355,Maximum-based,1.0,0.05015432260064371,0.05015432260064371,0.06591731276057722,60,E[Agg(Q_xi)] - Agg(E[Q_xi]),True,"[0.1000000000000001, 0.2, 0.3000000000000001, 0.4]","[0.4799984800104797, 0.24000043999544013, 0.16000055999656007, 0.12000051999752008]",state_action_local,1,inf,5,0.05
13,360,Maximum-based,1.0,0.04966274536741806,0.04966274536741806,0.06401311186668046,60,E[Agg(Q_xi)] - Agg(E[Q_xi]),True,"[0.1000000000000001, 0.2, 0.3000000000000001, 0.4]","[0.4799984800104797, 0.24000043999544013, 0.16000055999656007, 0.12000051999752008]",state_action_local,1,inf,5,0.05
13,365,Maximum-based,1.0,0.05007991232219341,0.05007991232219341,0.06576179454378739,60,E[Agg(Q_xi)] - Agg(E[Q_xi]),True,"[0.1000000000000001, 0.2, 0.3000000000000001, 0.4]","[0.4799984800104797, 0.24000043999544013, 0.16000055999656007, 0.12000051999752008]",state_action_local,1,inf,5,0.05
13,370,Maximum-based,1.0,0.049556616029541325,0.049556616029541325,0.06617553384837471,60,E[Agg(Q_xi)] - Agg(E[Q_xi]),True,"[0.1000000000000001, 0.2, 0.3000000000000001, 0.4]","[0.4799984800104797, 0.24000043999544013, 0.16000055999656007, 0.12000051999752008]",state_action_local,1,inf,5,0.05
13,375,Maximum-based,1.0,0.050261300580846074,0.050261300580846074,0.06263716971350775,60,E[Agg(Q_xi)] - Agg(E[Q_xi]),True,"[0.1000000000000001, 0.2, 0.3000000000000001, 0.4]","[0.4799984800104797, 0.24000043999544013, 0.16000055999656007, 0.12000051999752008]",state_action_local,1,inf,5,0.05
13,380,Maximum-based,1.0,0.049122765082529926,0.049122765082529926,0.0625358745579323,60,E[Agg(Q_xi)] - Agg(E[Q_xi]),True,"[0.1000000000000001, 0.2, 0.3000000000000001, 0.4]","[0.4799984800104797, 0.24000043999544013, 0.16000055999656007, 0.12000051999752008]",state_action_local,1,inf,5,0.05
13,385,Maximum-based,1.0,0.04969746241089924,0.04969746241089924,0.060934151880816856,60,E[Agg(Q_xi)] - Agg(E[Q_xi]),True,"[0.1000000000000001, 0.2, 0.3000000000000001, 0.4]","[0.4799984800104797, 0.24000043999544013, 0.16000055999656007, 0.12000051999752008]",state_action_local,1,inf,5,0.05
13,390,Maximum-based,1.0,0.04918335361195085,0.04918335361195085,0.06708604487156222,60,E[Agg(Q_xi)] - Agg(E[Q_xi]),True,"[0.1000000000000001, 0.2, 0.3000000000000001, 0.4]","[0.4799984800104797, 0.24000043999544013, 0.16000055999656007, 0.12000051999752008]",state_action_local,1,inf,5,0.05
13,395,Maximum-based,1.0,0.04991616424997307,0.04991616424997307,0.06245344376210937,60,E[Agg(Q_xi)] - Agg(E[Q_xi]),True,"[0.1000000000000001, 0.2, 0.3000000000000001, 0.4]","[0.4799984800104797, 0.24000043999544013, 0.16000055999656007, 0.12000051999752008]",state_action_local,1,inf,5,0.05
13,400,Maximum-based,1.0,0.04950724166004964,0.04950724166004964,0.06476206047040556,60,E[Agg(Q_xi)] - Agg(E[Q_xi]),True,"[0.1000000000000001, 0.2, 0.3000000000000001, 0.4]","[0.4799984800104797, 0.24000043999544013, 0.16000055999656007, 0.12000051999752008]",state_action_local,1,inf,5,0.05
13,5,Similarity-aware,1.0,5.4354668913939955e-18,1.5670335399657157e-17,1.1102230246251565e-16,60,E[Agg(Q_xi)] - Agg(E[Q_xi]),True,"[0.1000000000000001, 0.2, 0.3000000000000001, 0.4]","[0.4799984800104797, 0.24000043999544013, 0.16000055999656007, 0.12000051999752008]",state_action_local,1,inf,5,0.05
13,10,Similarity-aware,1.0,6.0137080500529315e-18,2.509566628579781e-17,2.220446049250313e-16,60,E[Agg(Q_xi)] - Agg(E[Q_xi]),True,"[0.1000000000000001, 0.2, 0.3000000000000001, 0.4]","[0.4799984800104797, 0.24000043999544013, 0.16000055999656007, 0.12000051999752008]",state_action_local,1,inf,5,0.05
13,15,Similarity-aware,1.0,7.864079757761525e-18,4.649058915617843e-17,3.3306690738754696e-16,60,E[Agg(Q_xi)] - Agg(E[Q_xi]),True,"[0.1000000000000001, 0.2, 0.3000000000000001, 0.4]","[0.4799984800104797, 0.24000043999544013, 0.16000055999656007, 0.12000051999752008]",state_action_local,1,inf,5,0.05
13,20,Similarity-aware,1.0,-8.0953762212251e-18,5.1579111352377066e-17,4.440892098500626e-16,60,E[Agg(Q_xi)] - Agg(E[Q_xi]),True,"[0.1000000000000001, 0.2, 0.3000000000000001, 0.4]","[0.4799984800104797, 0.24000043999544013, 0.16000055999656007, 0.12000051999752008]",state_action_local,1,inf,5,0.05
13,25,Similarity-aware,1.0,-6.47630097698008e-18,6.106226635438361e-17,4.440892098500626e-16,60,E[Agg(Q_xi)] - Agg(E[Q_xi]),True,"[0.1000000000000001, 0.2, 0.3000000000000001, 0.4]","[0.4799984800104797, 0.24000043999544013, 0.16000055999656007, 0.12000051999752008]",state_action_local,1,inf,5,0.05
13,30,Similarity-aware,1.0,-1.3877787807814458e-18,8.696747026230393e-17,6.661338147750939e-16,60,E[Agg(Q_xi)] - Agg(E[Q_xi]),True,"[0.1000000000000001, 0.2, 0.3000000000000001, 0.4]","[0.4799984800104797, 0.24000043999544013, 0.16000055999656007, 0.12000051999752008]",state_action_local,1,inf,5,0.05
13,35,Similarity-aware,1.0,7.401486830834377e-18,1.1102230246251565e-16,1.1102230246251565e-15,60,E[Agg(Q_xi)] - Agg(E[Q_xi]),True,"[0.1000000000000001, 0.2, 0.3000000000000001, 0.4]","[0.4799984800104797, 0.24000043999544013, 0.16000055999656007, 0.12000051999752008]",state_action_local,1,inf,5,0.05
13,40,Similarity-aware,1.0,1.8503717077085942e-18,1.249000902703301e-16,1.3322676295501878e-15,60,E[Agg(Q_xi)] - Agg(E[Q_xi]),True,"[0.1000000000000001, 0.2, 0.3000000000000001, 0.4]","[0.4799984800104797, 0.24000043999544013, 0.16000055999656007, 0.12000051999752008]",state_action_local,1,inf,5,0.05
13,45,Similarity-aware,1.0,-4.4408920985006264e-17,1.1842378929335003e-16,1.1102230246251565e-15,60,E[Agg(Q_xi)] - Agg(E[Q_xi]),True,"[0.1000000000000001, 0.2, 0.3000000000000001, 0.4]","[0.4799984800104797, 0.24000043999544013, 0.16000055999656007, 0.12000051999752008]",state_action_local,1,inf,5,0.05
13,50,Similarity-aware,1.0,-1.4802973661668754e-17,1.4617936490897894e-16,1.1102230246251565e-15,60,E[Agg(Q_xi)] - Agg(E[Q_xi]),True,"[0.1000000000000001, 0.2, 0.3000000000000001, 0.4]","[0.4799984800104797, 0.24000043999544013, 0.16000055999656007, 0.12000051999752008]",state_action_local,1,inf,5,0.05
13,55,Similarity-aware,1.0,-2.4054832200211726e-17,1.7023419710919068e-16,1.3322676295501878e-15,60,E[Agg(Q_xi)] - Agg(E[Q_xi]),True,"[0.1000000000000001, 0.2, 0.3000000000000001, 0.4]","[0.4799984800104797, 0.24000043999544013, 0.16000055999656007, 0.12000051999752008]",state_action_local,1,inf,5,0.05
13,60,Similarity-aware,1.0,-4.4408920985006264e-17,1.591319668629391e-16,1.3322676295501878e-15,60,E[Agg(Q_xi)] - Agg(E[Q_xi]),True,"[0.1000000000000001, 0.2, 0.3000000000000001, 0.4]","[0.4799984800104797, 0.24000043999544013, 0.16000055999656007, 0.12000051999752008]",state_action_local,1,inf,5,0.05
13,65,Similarity-aware,1.0,1.4802973661668754e-17,2.0169051614023677e-16,1.3322676295501878e-15,60,E[Agg(Q_xi)] - Agg(E[Q_xi]),True,"[0.1000000000000001, 0.2, 0.3000000000000001, 0.4]","[0.4799984800104797, 0.24000043999544013, 0.16000055999656007, 0.12000051999752008]",state_action_local,1,inf,5,0.05
13,70,Similarity-aware,1.0,-2.2204460492503132e-17,2.0539125955565397e-16,1.3322676295501878e-15,60,E[Agg(Q_xi)] - Agg(E[Q_xi]),True,"[0.1000000000000001, 0.2, 0.3000000000000001, 0.4]","[0.4799984800104797, 0.24000043999544013, 0.16000055999656007, 0.12000051999752008]",state_action_local,1,inf,5,0.05
13,75,Similarity-aware,1.0,-3.515706244646329e-17,1.942890293094024e-16,1.3322676295501878e-15,60,E[Agg(Q_xi)] - Agg(E[Q_xi]),True,"[0.1000000000000001, 0.2, 0.3000000000000001, 0.4]","[0.4799984800104797, 0.24000043999544013, 0.16000055999656007, 0.12000051999752008]",state_action_local,1,inf,5,0.05
13,80,Similarity-aware,1.0,6.29126380620922e-17,2.9420910152566647e-16,1.7763568394002505e-15,60,E[Agg(Q_xi)] - Agg(E[Q_xi]),True,"[0.1000000000000001, 0.2, 0.3000000000000001, 0.4]","[0.4799984800104797, 0.24000043999544013, 0.16000055999656007, 0.12000051999752008]",state_action_local,1,inf,5,0.05
13,85,Similarity-aware,1.0,3.700743415417188e-17,2.923587298179579e-16,1.7763568394002505e-15,60,E[Agg(Q_xi)] - Agg(E[Q_xi]),True,"[0.1000000000000001, 0.2, 0.3000000000000001, 0.4]","[0.4799984800104797, 0.24000043999544013, 0.16000055999656007, 0.12000051999752008]",state_action_local,1,inf,5,0.05
13,90,Similarity-aware,1.0,-7.401486830834377e-18,3.0716170347962664e-16,3.1086244689504383e-15,60,E[Agg(Q_xi)] - Agg(E[Q_xi]),True,"[0.1000000000000001, 0.2, 0.3000000000000001, 0.4]","[0.4799984800104797, 0.24000043999544013, 0.16000055999656007, 0.12000051999752008]",state_action_local,1,inf,5,0.05
13,95,Similarity-aware,1.0,1.0732155904709847e-16,3.108624468950438e-16,1.7763568394002505e-15,60,E[Agg(Q_xi)] - Agg(E[Q_xi]),True,"[0.1000000000000001, 0.2, 0.3000000000000001, 0.4]","[0.4799984800104797, 0.24000043999544013, 0.16000055999656007, 0.12000051999752008]",state_action_local,1,inf,5,0.05
13,100,Similarity-aware,1.0,9.62193288008469e-17,3.589721112954673e-16,2.220446049250313e-15,60,E[Agg(Q_xi)] - Agg(E[Q_xi]),True,"[0.1000000000000001, 0.2, 0.3000000000000001, 0.4]","[0.4799984800104797, 0.24000043999544013, 0.16000055999656007, 0.12000051999752008]",state_action_local,1,inf,5,0.05
13,105,Similarity-aware,1.0,9.251858538542972e-17,3.811765717879704e-16,2.220446049250313e-15,60,E[Agg(Q_xi)] - Agg(E[Q_xi]),True,"[0.1000000000000001, 0.2, 0.3000000000000001, 0.4]","[0.4799984800104797, 0.24000043999544013, 0.16000055999656007, 0.12000051999752008]",state_action_local,1,inf,5,0.05
13,110,Similarity-aware,1.0,5.921189464667501e-17,3.4046839421838136e-16,2.220446049250313e-15,60,E[Agg(Q_xi)] - Agg(E[Q_xi]),True,"[0.1000000000000001, 0.2, 0.3000000000000001, 0.4]","[0.4799984800104797, 0.24000043999544013, 0.16000055999656007, 0.12000051999752008]",state_action_local,1,inf,5,0.05
13,115,Similarity-aware,1.0,0.0,3.1456319031046104e-16,2.6645352591003757e-15,60,E[Agg(Q_xi)] - Agg(E[Q_xi]),True,"[0.1000000000000001, 0.2, 0.3000000000000001, 0.4]","[0.4799984800104797, 0.24000043999544013, 0.16000055999656007, 0.12000051999752008]",state_action_local,1,inf,5,0.05
13,120,Similarity-aware,1.0,-5.181040781584064e-17,3.3306690738754696e-16,3.1086244689504383e-15,60,E[Agg(Q_xi)] - Agg(E[Q_xi]),True,"[0.1000000000000001, 0.2, 0.3000000000000001, 0.4]","[0.4799984800104797, 0.24000043999544013, 0.16000055999656007, 0.12000051999752008]",state_action_local,1,inf,5,0.05
13,125,Similarity-aware,1.0,5.921189464667501e-17,4.2928623618839387e-16,3.1086244689504383e-15,60,E[Agg(Q_xi)] - Agg(E[Q_xi]),True,"[0.1000000000000001, 0.2, 0.3000000000000001, 0.4]","[0.4799984800104797, 0.24000043999544013, 0.16000055999656007, 0.12000051999752008]",state_action_local,1,inf,5,0.05
13,130,Similarity-aware,1.0,-9.62193288008469e-17,3.589721112954673e-16,2.6645352591003757e-15,60,E[Agg(Q_xi)] - Agg(E[Q_xi]),True,"[0.1000000000000001, 0.2, 0.3000000000000001, 0.4]","[0.4799984800104797, 0.24000043999544013, 0.16000055999656007, 0.12000051999752008]",state_action_local,1,inf,5,0.05
13,135,Similarity-aware,1.0,1.1842378929335003e-16,4.51490696680897e-16,2.6645352591003757e-15,60,E[Agg(Q_xi)] - Agg(E[Q_xi]),True,"[0.1000000000000001, 0.2, 0.3000000000000001, 0.4]","[0.4799984800104797, 0.24000043999544013, 0.16000055999656007, 0.12000051999752008]",state_action_local,1,inf,5,0.05
13,140,Similarity-aware,1.0,-9.992007221626409e-17,4.181840059421423e-16,3.552713678800501e-15,60,E[Agg(Q_xi)] - Agg(E[Q_xi]),True,"[0.1000000000000001, 0.2, 0.3000000000000001, 0.4]","[0.4799984800104797, 0.24000043999544013, 0.16000055999656007, 0.12000051999752008]",state_action_local,1,inf,5,0.05
13,145,Similarity-aware,1.0,0.0,4.366877230192282e-16,3.552713678800501e-15,60,E[Agg(Q_xi)] - Agg(E[Q_xi]),True,"[0.1000000000000001, 0.2, 0.3000000000000001, 0.4]","[0.4799984800104797, 0.24000043999544013, 0.16000055999656007, 0.12000051999752008]",state_action_local,1,inf,5,0.05
13,150,Similarity-aware,1.0,-1.4802973661668753e-16,3.4046839421838136e-16,2.6645352591003757e-15,60,E[Agg(Q_xi)] - Agg(E[Q_xi]),True,"[0.1000000000000001, 0.2, 0.3000000000000001, 0.4]","[0.4799984800104797, 0.24000043999544013, 0.16000055999656007, 0.12000051999752008]",state_action_local,1,inf,5,0.05
13,155,Similarity-aware,1.0,-1.1102230246251566e-17,4.4038846643464544e-16,3.552713678800501e-15,60,E[Agg(Q_xi)] - Agg(E[Q_xi]),True,"[0.1000000000000001, 0.2, 0.3000000000000001, 0.4]","[0.4799984800104797, 0.24000043999544013, 0.16000055999656007, 0.12000051999752008]",state_action_local,1,inf,5,0.05
13,160,Similarity-aware,1.0,-3.700743415417188e-17,4.662936703425658e-16,3.552713678800501e-15,60,E[Agg(Q_xi)] - Agg(E[Q_xi]),True,"[0.1000000000000001, 0.2, 0.3000000000000001, 0.4]","[0.4799984800104797, 0.24000043999544013, 0.16000055999656007, 0.12000051999752008]",state_action_local,1,inf,5,0.05
13,165,Similarity-aware,1.0,1.258252761241844e-16,5.033011044967376e-16,2.6645352591003757e-15,60,E[Agg(Q_xi)] - Agg(E[Q_xi]),True,"[0.1000000000000001, 0.2, 0.3000000000000001, 0.4]","[0.4799984800104797, 0.24000043999544013, 0.16000055999656007, 0.12000051999752008]",state_action_local,1,inf,5,0.05
13,170,Similarity-aware,1.0,-2.2204460492503132e-17,4.884981308350689e-16,3.552713678800501e-15,60,E[Agg(Q_xi)] - Agg(E[Q_xi]),True,"[0.1000000000000001, 0.2, 0.3000000000000001, 0.4]","[0.4799984800104797, 0.24000043999544013, 0.16000055999656007, 0.12000051999752008]",state_action_local,1,inf,5,0.05
13,175,Similarity-aware,1.0,-1.6283271027835628e-16,4.440892098500626e-16,3.552713678800501e-15,60,E[Agg(Q_xi)] - Agg(E[Q_xi]),True,"[0.1000000000000001, 0.2, 0.3000000000000001, 0.4]","[0.4799984800104797, 0.24000043999544013, 0.16000055999656007, 0.12000051999752008]",state_action_local,1,inf,5,0.05
13,180,Similarity-aware,1.0,7.401486830834377e-18,5.403085386509095e-16,4.440892098500626e-15,60,E[Agg(Q_xi)] - Agg(E[Q_xi]),True,"[0.1000000000000001, 0.2, 0.3000000000000001, 0.4]","[0.4799984800104797, 0.24000043999544013, 0.16000055999656007, 0.12000051999752008]",state_action_local,1,inf,5,0.05
13,185,Similarity-aware,1.0,7.401486830834377e-17,6.217248937900876e-16,4.440892098500626e-15,60,E[Agg(Q_xi)] - Agg(E[Q_xi]),True,"[0.1000000000000001, 0.2, 0.3000000000000001, 0.4]","[0.4799984800104797, 0.24000043999544013, 0.16000055999656007, 0.12000051999752008]",state_action_local,1,inf,5,0.05
13,190,Similarity-aware,1.0,7.401486830834377e-18,5.699144859742471e-16,4.440892098500626e-15,60,E[Agg(Q_xi)] - Agg(E[Q_xi]),True,"[0.1000000000000001, 0.2, 0.3000000000000001, 0.4]","[0.4799984800104797, 0.24000043999544013, 0.16000055999656007, 0.12000051999752008]",state_action_local,1,inf,5,0.05
13,195,Similarity-aware,1.0,-5.921189464667501e-17,5.699144859742471e-16,3.552713678800501e-15,60,E[Agg(Q_xi)] - Agg(E[Q_xi]),True,"[0.1000000000000001, 0.2, 0.3000000000000001, 0.4]","[0.4799984800104797, 0.24000043999544013, 0.16000055999656007, 0.12000051999752008]",state_action_local,1,inf,5,0.05
13,200,Similarity-aware,1.0,-8.881784197001253e-17,5.255055649892408e-16,3.552713678800501e-15,60,E[Agg(Q_xi)] - Agg(E[Q_xi]),True,"[0.1000000000000001, 0.2, 0.3000000000000001, 0.4]","[0.4799984800104797, 0.24000043999544013, 0.16000055999656007, 0.12000051999752008]",state_action_local,1,inf,5,0.05
13,205,Similarity-aware,1.0,-1.4802973661668754e-17,6.809367884367627e-16,4.440892098500626e-15,60,E[Agg(Q_xi)] - Agg(E[Q_xi]),True,"[0.1000000000000001, 0.2, 0.3000000000000001, 0.4]","[0.4799984800104797, 0.24000043999544013, 0.16000055999656007, 0.12000051999752008]",state_action_local,1,inf,5,0.05
13,210,Similarity-aware,1.0,-1.3322676295501878e-16,5.403085386509095e-16,3.552713678800501e-15,60,E[Agg(Q_xi)] - Agg(E[Q_xi]),True,"[0.1000000000000001, 0.2, 0.3000000000000001, 0.4]","[0.4799984800104797, 0.24000043999544013, 0.16000055999656007, 0.12000051999752008]",state_action_local,1,inf,5,0.05
13,215,Similarity-aware,1.0,-1.6283271027835628e-16,5.847174596359158e-16,5.329070518200751e-15,60,E[Agg(Q_xi)] - Agg(E[Q_xi]),True,"[0.1000000000000001, 0.2, 0.3000000000000001, 0.4]","[0.4799984800104797, 0.24000043999544013, 0.16000055999656007, 0.12000051999752008]",state_action_local,1,inf,5,0.05
13,220,Similarity-aware,1.0,-3.7007434154171886e-16,4.144832625267251e-16,3.552713678800501e-15,60,E[Agg(Q_xi)] - Agg(E[Q_xi]),True,"[0.1000000000000001, 0.2, 0.3000000000000001, 0.4]","[0.4799984800104797, 0.24000043999544013, 0.16000055999656007, 0.12000051999752008]",state_action_local,1,inf,5,0.05
13,225,Similarity-aware,1.0,3.700743415417188e-17,7.771561172376096e-16,5.329070518200751e-15,60,E[Agg(Q_xi)] - Agg(E[Q_xi]),True,"[0.1000000000000001, 0.2, 0.3000000000000001, 0.4]","[0.4799984800104797, 0.24000043999544013, 0.16000055999656007, 0.12000051999752008]",state_action_local,1,inf,5,0.05
13,230,Similarity-aware,1.0,-1.3322676295501878e-16,5.551115123125783e-16,4.440892098500626e-15,60,E[Agg(Q_xi)] - Agg(E[Q_xi]),True,"[0.1000000000000001, 0.2, 0.3000000000000001, 0.4]","[0.4799984800104797, 0.24000043999544013, 0.16000055999656007, 0.12000051999752008]",state_action_local,1,inf,5,0.05
13,235,Similarity-aware,1.0,-4.4408920985006264e-17,5.551115123125783e-16,3.552713678800501e-15,60,E[Agg(Q_xi)] - Agg(E[Q_xi]),True,"[0.1000000000000001, 0.2, 0.3000000000000001, 0.4]","[0.4799984800104797, 0.24000043999544013, 0.16000055999656007, 0.12000051999752008]",state_action_local,1,inf,5,0.05
13,240,Similarity-aware,1.0,7.401486830834377e-17,6.143234069592533e-16,4.440892098500626e-15,60,E[Agg(Q_xi)] - Agg(E[Q_xi]),True,"[0.1000000000000001, 0.2, 0.3000000000000001, 0.4]","[0.4799984800104797, 0.24000043999544013, 0.16000055999656007, 0.12000051999752008]",state_action_local,1,inf,5,0.05
13,245,Similarity-aware,1.0,-2.1464311809419693e-16,5.329070518200751e-16,4.440892098500626e-15,60,E[Agg(Q_xi)] - Agg(E[Q_xi]),True,"[0.1000000000000001, 0.2, 0.3000000000000001, 0.4]","[0.4799984800104797, 0.24000043999544013, 0.16000055999656007, 0.12000051999752008]",state_action_local,1,inf,5,0.05
13,250,Similarity-aware,1.0,2.1464311809419693e-16,8.659739592076221e-16,4.440892098500626e-15,60,E[Agg(Q_xi)] - Agg(E[Q_xi]),True,"[0.1000000000000001, 0.2, 0.3000000000000001, 0.4]","[0.4799984800104797, 0.24000043999544013, 0.16000055999656007, 0.12000051999752008]",state_action_local,1,inf,5,0.05
13,255,Similarity-aware,1.0,1.1842378929335003e-16,6.957397620984314e-16,3.552713678800501e-15,60,E[Agg(Q_xi)] - Agg(E[Q_xi]),True,"[0.1000000000000001, 0.2, 0.3000000000000001, 0.4]","[0.4799984800104797, 0.24000043999544013, 0.16000055999656007, 0.12000051999752008]",state_action_local,1,inf,5,0.05
13,260,Similarity-aware,1.0,1.1102230246251565e-16,6.957397620984314e-16,5.329070518200751e-15,60,E[Agg(Q_xi)] - Agg(E[Q_xi]),True,"[0.1000000000000001, 0.2, 0.3000000000000001, 0.4]","[0.4799984800104797, 0.24000043999544013, 0.16000055999656007, 0.12000051999752008]",state_action_local,1,inf,5,0.05
13,265,Similarity-aware,1.0,8.141635513917814e-17,7.475501699142721e-16,5.329070518200751e-15,60,E[Agg(Q_xi)] - Agg(E[Q_xi]),True,"[0.1000000000000001, 0.2, 0.3000000000000001, 0.4]","[0.4799984800104797, 0.24000043999544013, 0.16000055999656007, 0.12000051999752008]",state_action_local,1,inf,5,0.05
13,270,Similarity-aware,1.0,2.2204460492503132e-17,7.623531435759408e-16,4.440892098500626e-15,60,E[Agg(Q_xi)] - Agg(E[Q_xi]),True,"[0.1000000000000001, 0.2, 0.3000000000000001, 0.4]","[0.4799984800104797, 0.24000043999544013, 0.16000055999656007, 0.12000051999752008]",state_action_local,1,inf,5,0.05
13,275,Similarity-aware,1.0,-2.2204460492503132e-17,7.401486830834377e-16,5.329070518200751e-15,60,E[Agg(Q_xi)] - Agg(E[Q_xi]),True,"[0.1000000000000001, 0.2, 0.3000000000000001, 0.4]","[0.4799984800104797, 0.24000043999544013, 0.16000055999656007, 0.12000051999752008]",state_action_local,1,inf,5,0.05
13,280,Similarity-aware,1.0,5.181040781584064e-17,7.179442225909346e-16,5.329070518200751e-15,60,E[Agg(Q_xi)] - Agg(E[Q_xi]),True,"[0.1000000000000001, 0.2, 0.3000000000000001, 0.4]","[0.4799984800104797, 0.24000043999544013, 0.16000055999656007, 0.12000051999752008]",state_action_local,1,inf,5,0.05
13,285,Similarity-aware,1.0,-9.62193288008469e-17,6.217248937900876e-16,4.440892098500626e-15,60,E[Agg(Q_xi)] - Agg(E[Q_xi]),True,"[0.1000000000000001, 0.2, 0.3000000000000001, 0.4]","[0.4799984800104797, 0.24000043999544013, 0.16000055999656007, 0.12000051999752008]",state_action_local,1,inf,5,0.05
13,290,Similarity-aware,1.0,-5.921189464667501e-17,6.069219201284189e-16,5.329070518200751e-15,60,E[Agg(Q_xi)] - Agg(E[Q_xi]),True,"[0.1000000000000001, 0.2, 0.3000000000000001, 0.4]","[0.4799984800104797, 0.24000043999544013, 0.16000055999656007, 0.12000051999752008]",state_action_local,1,inf,5,0.05
13,295,Similarity-aware,1.0,-2.1464311809419693e-16,5.625129991434126e-16,5.329070518200751e-15,60,E[Agg(Q_xi)] - Agg(E[Q_xi]),True,"[0.1000000000000001, 0.2, 0.3000000000000001, 0.4]","[0.4799984800104797, 0.24000043999544013, 0.16000055999656007, 0.12000051999752008]",state_action_local,1,inf,5,0.05
13,300,Similarity-aware,1.0,3.774758283725532e-16,9.399888275159659e-16,5.329070518200751e-15,60,E[Agg(Q_xi)] - Agg(E[Q_xi]),True,"[0.1000000000000001, 0.2, 0.3000000000000001, 0.4]","[0.4799984800104797, 0.24000043999544013, 0.16000055999656007, 0.12000051999752008]",state_action_local,1,inf,5,0.05
13,305,Similarity-aware,1.0,-6.661338147750939e-17,7.031412489292658e-16,5.329070518200751e-15,60,E[Agg(Q_xi)] - Agg(E[Q_xi]),True,"[0.1000000000000001, 0.2, 0.3000000000000001, 0.4]","[0.4799984800104797, 0.24000043999544013, 0.16000055999656007, 0.12000051999752008]",state_action_local,1,inf,5,0.05
13,310,Similarity-aware,1.0,-2.2204460492503132e-17,7.179442225909346e-16,4.440892098500626e-15,60,E[Agg(Q_xi)] - Agg(E[Q_xi]),True,"[0.1000000000000001, 0.2, 0.3000000000000001, 0.4]","[0.4799984800104797, 0.24000043999544013, 0.16000055999656007, 0.12000051999752008]",state_action_local,1,inf,5,0.05
13,315,Similarity-aware,1.0,-1.4802973661668754e-17,7.105427357601002e-16,7.105427357601002e-15,60,E[Agg(Q_xi)] - Agg(E[Q_xi]),True,"[0.1000000000000001, 0.2, 0.3000000000000001, 0.4]","[0.4799984800104797, 0.24000043999544013, 0.16000055999656007, 0.12000051999752008]",state_action_local,1,inf,5,0.05
13,320,Similarity-aware,1.0,0.0,7.401486830834377e-16,5.329070518200751e-15,60,E[Agg(Q_xi)] - Agg(E[Q_xi]),True,"[0.1000000000000001, 0.2, 0.3000000000000001, 0.4]","[0.4799984800104797, 0.24000043999544013, 0.16000055999656007, 0.12000051999752008]",state_action_local,1,inf,5,0.05
13,325,Similarity-aware,1.0,7.401486830834377e-17,7.623531435759408e-16,5.329070518200751e-15,60,E[Agg(Q_xi)] - Agg(E[Q_xi]),True,"[0.1000000000000001, 0.2, 0.3000000000000001, 0.4]","[0.4799984800104797, 0.24000043999544013, 0.16000055999656007, 0.12000051999752008]",state_action_local,1,inf,5,0.05
13,330,Similarity-aware,1.0,-1.4802973661668754e-17,7.327471962526033e-16,5.329070518200751e-15,60,E[Agg(Q_xi)] - Agg(E[Q_xi]),True,"[0.1000000000000001, 0.2, 0.3000000000000001, 0.4]","[0.4799984800104797, 0.24000043999544013, 0.16000055999656007, 0.12000051999752008]",state_action_local,1,inf,5,0.05
13,335,Similarity-aware,1.0,-2.590520390792032e-16,6.217248937900876e-16,5.329070518200751e-15,60,E[Agg(Q_xi)] - Agg(E[Q_xi]),True,"[0.1000000000000001, 0.2, 0.3000000000000001, 0.4]","[0.4799984800104797, 0.24000043999544013, 0.16000055999656007, 0.12000051999752008]",state_action_local,1,inf,5,0.05
13,340,Similarity-aware,1.0,7.401486830834377e-18,6.957397620984314e-16,3.552713678800501e-15,60,E[Agg(Q_xi)] - Agg(E[Q_xi]),True,"[0.1000000000000001, 0.2, 0.3000000000000001, 0.4]","[0.4799984800104797, 0.24000043999544013, 0.16000055999656007, 0.12000051999752008]",state_action_local,1,inf,5,0.05
13,345,Similarity-aware,1.0,9.62193288008469e-17,7.845576040684439e-16,5.329070518200751e-15,60,E[Agg(Q_xi)] - Agg(E[Q_xi]),True,"[0.1000000000000001, 0.2, 0.3000000000000001, 0.4]","[0.4799984800104797, 0.24000043999544013, 0.16000055999656007, 0.12000051999752008]",state_action_local,1,inf,5,0.05
13,350,Similarity-aware,1.0,-2.886579864025407e-16,6.365278674517564e-16,5.329070518200751e-15,60,E[Agg(Q_xi)] - Agg(E[Q_xi]),True,"[0.1000000000000001, 0.2, 0.3000000000000001, 0.4]","[0.4799984800104797, 0.24000043999544013, 0.16000055999656007, 0.12000051999752008]",state_action_local,1,inf,5,0.05
13,355,Similarity-aware,1.0,0.0,8.141635513917814e-16,7.105427357601002e-15,60,E[Agg(Q_xi)] - Agg(E[Q_xi]),True,"[0.1000000000000001, 0.2, 0.3000000000000001, 0.4]","[0.4799984800104797, 0.24000043999544013, 0.16000055999656007, 0.12000051999752008]",state_action_local,1,inf,5,0.05
13,360,Similarity-aware,1.0,-2.1464311809419693e-16,7.253457094217689e-16,7.105427357601002e-15,60,E[Agg(Q_xi)] - Agg(E[Q_xi]),True,"[0.1000000000000001, 0.2, 0.3000000000000001, 0.4]","[0.4799984800104797, 0.24000043999544013, 0.16000055999656007, 0.12000051999752008]",state_action_local,1,inf,5,0.05
13,365,Similarity-aware,1.0,4.2928623618839387e-16,1.0362081563168128e-15,7.105427357601002e-15,60,E[Agg(Q_xi)] - Agg(E[Q_xi]),True,"[0.1000000000000001, 0.2, 0.3000000000000001, 0.4]","[0.4799984800104797, 0.24000043999544013, 0.16000055999656007, 0.12000051999752008]",state_action_local,1,inf,5,0.05
13,370,Similarity-aware,1.0,-1.4802973661668753e-16,8.141635513917814e-16,5.329070518200751e-15,60,E[Agg(Q_xi)] - Agg(E[Q_xi]),True,"[0.1000000000000001, 0.2, 0.3000000000000001, 0.4]","[0.4799984800104797, 0.24000043999544013, 0.16000055999656007, 0.12000051999752008]",state_action_local,1,inf,5,0.05
13,375,Similarity-aware,1.0,-3.4046839421838136e-16,5.921189464667501e-16,7.105427357601002e-15,60,E[Agg(Q_xi)] - Agg(E[Q_xi]),True,"[0.1000000000000001, 0.2, 0.3000000000000001, 0.4]","[0.4799984800104797, 0.24000043999544013, 0.16000055999656007, 0.12000051999752008]",state_action_local,1,inf,5,0.05
13,380,Similarity-aware,1.0,2.9605947323337506e-16,9.62193288008469e-16,7.105427357601002e-15,60,E[Agg(Q_xi)] - Agg(E[Q_xi]),True,"[0.1000000000000001, 0.2, 0.3000000000000001, 0.4]","[0.4799984800104797, 0.24000043999544013, 0.16000055999656007, 0.12000051999752008]",state_action_local,1,inf,5,0.05
13,385,Similarity-aware,1.0,1.4802973661668754e-17,9.02981393361794e-16,5.329070518200751e-15,60,E[Agg(Q_xi)] - Agg(E[Q_xi]),True,"[0.1000000000000001, 0.2, 0.3000000000000001, 0.4]","[0.4799984800104797, 0.24000043999544013, 0.16000055999656007, 0.12000051999752008]",state_action_local,1,inf,5,0.05
13,390,Similarity-aware,1.0,2.6645352591003756e-16,1.1398289719484941e-15,5.329070518200751e-15,60,E[Agg(Q_xi)] - Agg(E[Q_xi]),True,"[0.1000000000000001, 0.2, 0.3000000000000001, 0.4]","[0.4799984800104797, 0.24000043999544013, 0.16000055999656007, 0.12000051999752008]",state_action_local,1,inf,5,0.05
13,395,Similarity-aware,1.0,5.921189464667501e-17,8.585724723767877e-16,7.105427357601002e-15,60,E[Agg(Q_xi)] - Agg(E[Q_xi]),True,"[0.1000000000000001, 0.2, 0.3000000000000001, 0.4]","[0.4799984800104797, 0.24000043999544013, 0.16000055999656007, 0.12000051999752008]",state_action_local,1,inf,5,0.05
13,400,Similarity-aware,1.0,1.4802973661668753e-16,9.769962616701378e-16,5.329070518200751e-15,60,E[Agg(Q_xi)] - Agg(E[Q_xi]),True,"[0.1000000000000001, 0.2, 0.3000000000000001, 0.4]","[0.4799984800104797, 0.24000043999544013, 0.16000055999656007, 0.12000051999752008]",state_action_local,1,inf,5,0.05
14,5,Maximum-based,1.0,0.058935435438463066,0.058935435438463066,0.0699229148308893,60,E[Agg(Q_xi)] - Agg(E[Q_xi]),True,"[0.1000000000000001, 0.20000000000000007, 0.29999999999999993, 0.4]","[0.4799984800104797, 0.2400004399954401, 0.16000055999656015, 0.12000051999752008]",state_action_local,1,inf,5,0.05
14,10,Maximum-based,1.0,0.05643833470150143,0.05643833470150143,0.06961993498448033,60,E[Agg(Q_xi)] - Agg(E[Q_xi]),True,"[0.1000000000000001, 0.20000000000000007, 0.29999999999999993, 0.4]","[0.4799984800104797, 0.2400004399954401, 0.16000055999656015, 0.12000051999752008]",state_action_local,1,inf,5,0.05
14,15,Maximum-based,1.0,0.05538002162433344,0.05538002162433344,0.06851727950164799,60,E[Agg(Q_xi)] - Agg(E[Q_xi]),True,"[0.1000000000000001, 0.20000000000000007, 0.29999999999999993, 0.4]","[0.4799984800104797, 0.2400004399954401, 0.16000055999656015, 0.12000051999752008]",state_action_local,1,inf,5,0.05
14,20,Maximum-based,1.0,0.054224889784143304,0.054224889784143304,0.07339524152404875,60,E[Agg(Q_xi)] - Agg(E[Q_xi]),True,"[0.1000000000000001, 0.20000000000000007, 0.29999999999999993, 0.4]","[0.4799984800104797, 0.2400004399954401, 0.16000055999656015, 0.12000051999752008]",state_action_local,1,inf,5,0.05
14,25,Maximum-based,1.0,0.053885648246819955,0.053885648246819955,0.0655022084282405,60,E[Agg(Q_xi)] - Agg(E[Q_xi]),True,"[0.1000000000000001, 0.20000000000000007, 0.29999999999999993, 0.4]","[0.4799984800104797, 0.2400004399954401, 0.16000055999656015, 0.12000051999752008]",state_action_local,1,inf,5,0.05
14,30,Maximum-based,1.0,0.053576259398750464,0.053576259398750464,0.0661666077000993,60,E[Agg(Q_xi)] - Agg(E[Q_xi]),True,"[0.1000000000000001, 0.20000000000000007, 0.29999999999999993, 0.4]","[0.4799984800104797, 0.2400004399954401, 0.16000055999656015, 0.12000051999752008]",state_action_local,1,inf,5,0.05
14,35,Maximum-based,1.0,0.05183544934559429,0.05183544934559429,0.06490226414845823,60,E[Agg(Q_xi)] - Agg(E[Q_xi]),True,"[0.1000000000000001, 0.20000000000000007, 0.29999999999999993, 0.4]","[0.4799984800104797, 0.2400004399954401, 0.16000055999656015, 0.12000051999752008]",state_action_local,1,inf,5,0.05
14,40,Maximum-based,1.0,0.0520431889378651,0.0520431889378651,0.06737510357076415,60,E[Agg(Q_xi)] - Agg(E[Q_xi]),True,"[0.1000000000000001, 0.20000000000000007, 0.29999999999999993, 0.4]","[0.4799984800104797, 0.2400004399954401, 0.16000055999656015, 0.12000051999752008]",state_action_local,1,inf,5,0.05
14,45,Maximum-based,1.0,0.05140978705390113,0.05140978705390113,0.0643104069404874,60,E[Agg(Q_xi)] - Agg(E[Q_xi]),True,"[0.1000000000000001, 0.20000000000000007, 0.29999999999999993, 0.4]","[0.4799984800104797, 0.2400004399954401, 0.16000055999656015, 0.12000051999752008]",state_action_local,1,inf,5,0.05
14,50,Maximum-based,1.0,0.05140639573080715,0.05140639573080715,0.06458902466697758,60,E[Agg(Q_xi)] - Agg(E[Q_xi]),True,"[0.1000000000000001, 0.20000000000000007, 0.29999999999999993, 0.4]","[0.4799984800104797, 0.2400004399954401, 0.16000055999656015, 0.12000051999752008]",state_action_local,1,inf,5,0.05
14,55,Maximum-based,1.0,0.050453779185488615,0.050453779185488615,0.06348461517422299,60,E[Agg(Q_xi)] - Agg(E[Q_xi]),True,"[0.1000000000000001, 0.20000000000000007, 0.29999999999999993, 0.4]","[0.4799984800104797, 0.2400004399954401, 0.16000055999656015, 0.12000051999752008]",state_action_local,1,inf,5,0.05
14,60,Maximum-based,1.0,0.05053556424680264,0.05053556424680264,0.06225825546572272,60,E[Agg(Q_xi)] - Agg(E[Q_xi]),True,"[0.1000000000000001, 0.20000000000000007, 0.29999999999999993, 0.4]","[0.4799984800104797, 0.2400004399954401, 0.16000055999656015, 0.12000051999752008]",state_action_local,1,inf,5,0.05
14,65,Maximum-based,1.0,0.050567334979620675,0.050567334979620675,0.061375877978535165,60,E[Agg(Q_xi)] - Agg(E[Q_xi]),True,"[0.1000000000000001, 0.20000000000000007, 0.29999999999999993, 0.4]","[0.4799984800104797, 0.2400004399954401, 0.16000055999656015, 0.12000051999752008]",state_action_local,1,inf,5,0.05
14,70,Maximum-based,1.0,0.05157329597834324,0.05157329597834324,0.06473812699277426,60,E[Agg(Q_xi)] - Agg(E[Q_xi]),True,"[0.1000000000000001, 0.20000000000000007, 0.29999999999999993, 0.4]","[0.4799984800104797, 0.2400004399954401, 0.16000055999656015, 0.12000051999752008]",state_action_local,1,inf,5,0.05
14,75,Maximum-based,1.0,0.05000378470697645,0.05000378470697645,0.06538061180352317,60,E[Agg(Q_xi)] - Agg(E[Q_xi]),True,"[0.1000000000000001, 0.20000000000000007, 0.29999999999999993, 0.4]","[0.4799984800104797, 0.2400004399954401, 0.16000055999656015, 0.12000051999752008]",state_action_local,1,inf,5,0.05
14,80,Maximum-based,1.0,0.05019359692619168,0.05019359692619168,0.0643179480057241,60,E[Agg(Q_xi)] - Agg(E[Q_xi]),True,"[0.1000000000000001, 0.20000000000000007, 0.29999999999999993, 0.4]","[0.4799984800104797, 0.2400004399954401, 0.16000055999656015, 0.12000051999752008]",state_action_local,1,inf,5,0.05
14,85,Maximum-based,1.0,0.05079713313806458,0.05079713313806458,0.06560524213697772,60,E[Agg(Q_xi)] - Agg(E[Q_xi]),True,"[0.1000000000000001, 0.20000000000000007, 0.29999999999999993, 0.4]","[0.4799984800104797, 0.2400004399954401, 0.16000055999656015, 0.12000051999752008]",state_action_local,1,inf,5,0.05
14,90,Maximum-based,1.0,0.04981895868313382,0.04981895868313382,0.06315915767934399,60,E[Agg(Q_xi)] - Agg(E[Q_xi]),True,"[0.1000000000000001, 0.20000000000000007, 0.29999999999999993, 0.4]","[0.4799984800104797, 0.2400004399954401, 0.16000055999656015, 0.12000051999752008]",state_action_local,1,inf,5,0.05
14,95,Maximum-based,1.0,0.050280229103929715,0.050280229103929715,0.06245768901682869,60,E[Agg(Q_xi)] - Agg(E[Q_xi]),True,"[0.1000000000000001, 0.20000000000000007, 0.29999999999999993, 0.4]","[0.4799984800104797, 0.2400004399954401, 0.16000055999656015, 0.12000051999752008]",state_action_local,1,inf,5,0.05
14,100,Maximum-based,1.0,0.05062601625538134,0.05062601625538134,0.06578229661467283,60,E[Agg(Q_xi)] - Agg(E[Q_xi]),True,"[0.1000000000000001, 0.20000000000000007, 0.29999999999999993, 0.4]","[0.4799984800104797, 0.2400004399954401, 0.16000055999656015, 0.12000051999752008]",state_action_local,1,inf,5,0.05
14,105,Maximum-based,1.0,0.05045740911338316,0.05045740911338316,0.06086640807075394,60,E[Agg(Q_xi)] - Agg(E[Q_xi]),True,"[0.1000000000000001, 0.20000000000000007, 0.29999999999999993, 0.4]","[0.4799984800104797, 0.2400004399954401, 0.16000055999656015, 0.12000051999752008]",state_action_local,1,inf,5,0.05
14,110,Maximum-based,1.0,0.050882612010474615,0.050882612010474615,0.07168305012280207,60,E[Agg(Q_xi)] - Agg(E[Q_xi]),True,"[0.1000000000000001, 0.20000000000000007, 0.29999999999999993, 0.4]","[0.4799984800104797, 0.2400004399954401, 0.16000055999656015, 0.12000051999752008]",state_action_local,1,inf,5,0.05
14,115,Maximum-based,1.0,0.04910014207509444,0.04910014207509444,0.06181488466808194,60,E[Agg(Q_xi)] - Agg(E[Q_xi]),True,"[0.1000000000000001, 0.20000000000000007, 0.29999999999999993, 0.4]","[0.4799984800104797, 0.2400004399954401, 0.16000055999656015, 0.12000051999752008]",state_action_local,1,inf,5,0.05
14,120,Maximum-based,1.0,0.04955310456805355,0.04955310456805355,0.07029774777794273,60,E[Agg(Q_xi)] - Agg(E[Q_xi]),True,"[0.1000000000000001, 0.20000000000000007, 0.29999999999999993, 0.4]","[0.4799984800104797, 0.2400004399954401, 0.16000055999656015, 0.12000051999752008]",state_action_local,1,inf,5,0.05
14,125,Maximum-based,1.0,0.04966534338836699,0.04966534338836699,0.06224785490509266,60,E[Agg(Q_xi)] - Agg(E[Q_xi]),True,"[0.1000000000000001, 0.20000000000000007, 0.29999999999999993, 0.4]","[0.4799984800104797, 0.2400004399954401, 0.16000055999656015, 0.12000051999752008]",state_action_local,1,inf,5,0.05
14,130,Maximum-based,1.0,0.050465365922443446,0.050465365922443446,0.06766472505938115,60,E[Agg(Q_xi)] - Agg(E[Q_xi]),True,"[0.1000000000000001, 0.20000000000000007, 0.29999999999999993, 0.4]","[0.4799984800104797, 0.2400004399954401, 0.16000055999656015, 0.12000051999752008]",state_action_local,1,inf,5,0.05
14,135,Maximum-based,1.0,0.049319558462767726,0.049319558462767726,0.06407471002046972,60,E[Agg(Q_xi)] - Agg(E[Q_xi]),True,"[0.1000000000000001, 0.20000000000000007, 0.29999999999999993, 0.4]","[0.4799984800104797, 0.2400004399954401, 0.16000055999656015, 0.12000051999752008]",state_action_local,1,inf,5,0.05
14,140,Maximum-based,1.0,0.04953678332108888,0.04953678332108888,0.061652644082253794,60,E[Agg(Q_xi)] - Agg(E[Q_xi]),True,"[0.1000000000000001, 0.20000000000000007, 0.29999999999999993, 0.4]","[0.4799984800104797, 0.2400004399954401, 0.16000055999656015, 0.12000051999752008]",state_action_local,1,inf,5,0.05
14,145,Maximum-based,1.0,0.049009127749588724,0.049009127749588724,0.06177676519855435,60,E[Agg(Q_xi)] - Agg(E[Q_xi]),True,"[0.1000000000000001, 0.20000000000000007, 0.29999999999999993, 0.4]","[0.4799984800104797, 0.2400004399954401, 0.16000055999656015, 0.12000051999752008]",state_action_local,1,inf,5,0.05
14,150,Maximum-based,1.0,0.04970844695251373,0.04970844695251373,0.06339301559005683,60,E[Agg(Q_xi)] - Agg(E[Q_xi]),True,"[0.1000000000000001, 0.20000000000000007, 0.29999999999999993, 0.4]","[0.4799984800104797, 0.2400004399954401, 0.16000055999656015, 0.12000051999752008]",state_action_local,1,inf,5,0.05
14,155,Maximum-based,1.0,0.049776923395893756,0.049776923395893756,0.06402466304785648,60,E[Agg(Q_xi)] - Agg(E[Q_xi]),True,"[0.1000000000000001, 0.20000000000000007, 0.29999999999999993, 0.4]","[0.4799984800104797, 0.2400004399954401, 0.16000055999656015, 0.12000051999752008]",state_action_local,1,inf,5,0.05
14,160,Maximum-based,1.0,0.049247596807522505,0.049247596807522505,0.06033892006431607,60,E[Agg(Q_xi)] - Agg(E[Q_xi]),True,"[0.1000000000000001, 0.20000000000000007, 0.29999999999999993, 0.4]","[0.4799984800104797, 0.2400004399954401, 0.16000055999656015, 0.12000051999752008]",state_action_local,1,inf,5,0.05
14,165,Maximum-based,1.0,0.05039124569644442,0.05039124569644442,0.06422345987222577,60,E[Agg(Q_xi)] - Agg(E[Q_xi]),True,"[0.1000000000000001, 0.20000000000000007, 0.29999999999999993, 0.4]","[0.4799984800104797, 0.2400004399954401, 0.16000055999656015, 0.12000051999752008]",state_action_local,1,inf,5,0.05
14,170,Maximum-based,1.0,0.049430991456605906,0.049430991456605906,0.05828739477342282,60,E[Agg(Q_xi)] - Agg(E[Q_xi]),True,"[0.1000000000000001, 0.20000000000000007, 0.29999999999999993, 0.4]","[0.4799984800104797, 0.2400004399954401, 0.16000055999656015, 0.12000051999752008]",state_action_local,1,inf,5,0.05
14,175,Maximum-based,1.0,0.04994041488951864,0.04994041488951864,0.06434892226439448,60,E[Agg(Q_xi)] - Agg(E[Q_xi]),True,"[0.1000000000000001, 0.20000000000000007, 0.29999999999999993, 0.4]","[0.4799984800104797, 0.2400004399954401, 0.16000055999656015, 0.12000051999752008]",state_action_local,1,inf,5,0.05
14,180,Maximum-based,1.0,0.04999666270321586,0.04999666270321586,0.060208939114792415,60,E[Agg(Q_xi)] - Agg(E[Q_xi]),True,"[0.1000000000000001, 0.20000000000000007, 0.29999999999999993, 0.4]","[0.4799984800104797, 0.2400004399954401, 0.16000055999656015, 0.12000051999752008]",state_action_local,1,inf,5,0.05
14,185,Maximum-based,1.0,0.05024238921980484,0.05024238921980484,0.06437811155446305,60,E[Agg(Q_xi)] - Agg(E[Q_xi]),True,"[0.1000000000000001, 0.20000000000000007, 0.29999999999999993, 0.4]","[0.4799984800104797, 0.2400004399954401, 0.16000055999656015, 0.12000051999752008]",state_action_local,1,inf,5,0.05
14,190,Maximum-based,1.0,0.04924610708403503,0.04924610708403503,0.061862054894936236,60,E[Agg(Q_xi)] - Agg(E[Q_xi]),True,"[0.1000000000000001, 0.20000000000000007, 0.29999999999999993, 0.4]","[0.4799984800104797, 0.2400004399954401, 0.16000055999656015, 0.12000051999752008]",state_action_local,1,inf,5,0.05
14,195,Maximum-based,1.0,0.04971572621186658,0.04971572621186658,0.07075687301543443,60,E[Agg(Q_xi)] - Agg(E[Q_xi]),True,"[0.1000000000000001, 0.20000000000000007, 0.29999999999999993, 0.4]","[0.4799984800104797, 0.2400004399954401, 0.16000055999656015, 0.12000051999752008]",state_action_local,1,inf,5,0.05
14,200,Maximum-based,1.0,0.04876340837863942,0.04876340837863942,0.058759622744502416,60,E[Agg(Q_xi)] - Agg(E[Q_xi]),True,"[0.1000000000000001, 0.20000000000000007, 0.29999999999999993, 0.4]","[0.4799984800104797, 0.2400004399954401, 0.16000055999656015, 0.12000051999752008]",state_action_local,1,inf,5,0.05
14,205,Maximum-based,1.0,0.04904127603788018,0.04904127603788018,0.062008698088206415,60,E[Agg(Q_xi)] - Agg(E[Q_xi]),True,"[0.1000000000000001, 0.20000000000000007, 0.29999999999999993, 0.4]","[0.4799984800104797, 0.2400004399954401, 0.16000055999656015, 0.12000051999752008]",state_action_local,1,inf,5,0.05
14,210,Maximum-based,1.0,0.049247946956308165,0.049247946956308165,0.06148379415091565,60,E[Agg(Q_xi)] - Agg(E[Q_xi]),True,"[0.1000000000000001, 0.20000000000000007, 0.29999999999999993, 0.4]","[0.4799984800104797, 0.2400004399954401, 0.16000055999656015, 0.12000051999752008]",state_action_local,1,inf,5,0.05
14,215,Maximum-based,1.0,0.04984330597236398,0.04984330597236398,0.06253310606846618,60,E[Agg(Q_xi)] - Agg(E[Q_xi]),True,"[0.1000000000000001, 0.20000000000000007, 0.29999999999999993, 0.4]","[0.4799984800104797, 0.2400004399954401, 0.16000055999656015, 0.12000051999752008]",state_action_local,1,inf,5,0.05
14,220,Maximum-based,1.0,0.04917933721283029,0.04917933721283029,0.07046825958009606,60,E[Agg(Q_xi)] - Agg(E[Q_xi]),True,"[0.1000000000000001, 0.20000000000000007, 0.29999999999999993, 0.4]","[0.4799984800104797, 0.2400004399954401, 0.16000055999656015, 0.12000051999752008]",state_action_local,1,inf,5,0.05
14,225,Maximum-based,1.0,0.049635884534614726,0.049635884534614726,0.06292330436406601,60,E[Agg(Q_xi)] - Agg(E[Q_xi]),True,"[0.1000000000000001, 0.20000000000000007, 0.29999999999999993, 0.4]","[0.4799984800104797, 0.2400004399954401, 0.16000055999656015, 0.12000051999752008]",state_action_local,1,inf,5,0.05
14,230,Maximum-based,1.0,0.04969030843727537,0.04969030843727537,0.0622369083214398,60,E[Agg(Q_xi)] - Agg(E[Q_xi]),True,"[0.1000000000000001, 0.20000000000000007, 0.29999999999999993, 0.4]","[0.4799984800104797, 0.2400004399954401, 0.16000055999656015, 0.12000051999752008]",state_action_local,1,inf,5,0.05
14,235,Maximum-based,1.0,0.049051400079876545,0.049051400079876545,0.06480552829198238,60,E[Agg(Q_xi)] - Agg(E[Q_xi]),True,"[0.1000000000000001, 0.20000000000000007, 0.29999999999999993, 0.4]","[0.4799984800104797, 0.2400004399954401, 0.16000055999656015, 0.12000051999752008]",state_action_local,1,inf,5,0.05
14,240,Maximum-based,1.0,0.04884688700729883,0.04884688700729883,0.060298371170782517,60,E[Agg(Q_xi)] - Agg(E[Q_xi]),True,"[0.1000000000000001, 0.20000000000000007, 0.29999999999999993, 0.4]","[0.4799984800104797, 0.2400004399954401, 0.16000055999656015, 0.12000051999752008]",state_action_local,1,inf,5,0.05
14,245,Maximum-based,1.0,0.04910196082984695,0.04910196082984695,0.06730305038792928,60,E[Agg(Q_xi)] - Agg(E[Q_xi]),True,"[0.1000000000000001, 0.20000000000000007, 0.29999999999999993, 0.4]","[0.4799984800104797, 0.2400004399954401, 0.16000055999656015, 0.12000051999752008]",state_action_local,1,inf,5,0.05
14,250,Maximum-based,1.0,0.04924689735281359,0.04924689735281359,0.06512861504769418,60,E[Agg(Q_xi)] - Agg(E[Q_xi]),True,"[0.1000000000000001, 0.20000000000000007, 0.29999999999999993, 0.4]","[0.4799984800104797, 0.2400004399954401, 0.16000055999656015, 0.12000051999752008]",state_action_local,1,inf,5,0.05
14,255,Maximum-based,1.0,0.04875630922255903,0.04875630922255903,0.06621225430827415,60,E[Agg(Q_xi)] - Agg(E[Q_xi]),True,"[0.1000000000000001, 0.20000000000000007, 0.29999999999999993, 0.4]","[0.4799984800104797, 0.2400004399954401, 0.16000055999656015, 0.12000051999752008]",state_action_local,1,inf,5,0.05
14,260,Maximum-based,1.0,0.048980538894737365,0.048980538894737365,0.06352206066747002,60,E[Agg(Q_xi)] - Agg(E[Q_xi]),True,"[0.1000000000000001, 0.20000000000000007, 0.29999999999999993, 0.4]","[0.4799984800104797, 0.2400004399954401, 0.16000055999656015, 0.12000051999752008]",state_action_local,1,inf,5,0.05
14,265,Maximum-based,1.0,0.05037016155437358,0.05037016155437358,0.06570601341753779,60,E[Agg(Q_xi)] - Agg(E[Q_xi]),True,"[0.1000000000000001, 0.20000000000000007, 0.29999999999999993, 0.4]","[0.4799984800104797, 0.2400004399954401, 0.16000055999656015, 0.12000051999752008]",state_action_local,1,inf,5,0.05
14,270,Maximum-based,1.0,0.0500077216785169,0.0500077216785169,0.06839212899359381,60,E[Agg(Q_xi)] - Agg(E[Q_xi]),True,"[0.1000000000000001, 0.20000000000000007, 0.29999999999999993, 0.4]","[0.4799984800104797, 0.2400004399954401, 0.16000055999656015, 0.12000051999752008]",state_action_local,1,inf,5,0.05
14,275,Maximum-based,1.0,0.049156438458093324,0.049156438458093324,0.0637717708987946,60,E[Agg(Q_xi)] - Agg(E[Q_xi]),True,"[0.1000000000000001, 0.20000000000000007, 0.29999999999999993, 0.4]","[0.4799984800104797, 0.2400004399954401, 0.16000055999656015, 0.12000051999752008]",state_action_local,1,inf,5,0.05
14,280,Maximum-based,1.0,0.04894260214969062,0.04894260214969062,0.06384137409650137,60,E[Agg(Q_xi)] - Agg(E[Q_xi]),True,"[0.1000000000000001, 0.20000000000000007, 0.29999999999999993, 0.4]","[0.4799984800104797, 0.2400004399954401, 0.16000055999656015, 0.12000051999752008]",state_action_local,1,inf,5,0.05
14,285,Maximum-based,1.0,0.050246303506605444,0.050246303506605444,0.06493274322009768,60,E[Agg(Q_xi)] - Agg(E[Q_xi]),True,"[0.1000000000000001, 0.20000000000000007, 0.29999999999999993, 0.4]","[0.4799984800104797, 0.2400004399954401, 0.16000055999656015, 0.12000051999752008]",state_action_local,1,inf,5,0.05
14,290,Maximum-based,1.0,0.049744885909214574,0.049744885909214574,0.062232938435291985,60,E[Agg(Q_xi)] - Agg(E[Q_xi]),True,"[0.1000000000000001, 0.20000000000000007, 0.29999999999999993, 0.4]","[0.4799984800104797, 0.2400004399954401, 0.16000055999656015, 0.12000051999752008]",state_action_local,1,inf,5,0.05
14,295,Maximum-based,1.0,0.049925121215180036,0.049925121215180036,0.06524167156911531,60,E[Agg(Q_xi)] - Agg(E[Q_xi]),True,"[0.1000000000000001, 0.20000000000000007, 0.29999999999999993, 0.4]","[0.4799984800104797, 0.2400004399954401, 0.16000055999656015, 0.12000051999752008]",state_action_local,1,inf,5,0.05
14,300,Maximum-based,1.0,0.04943222737982471,0.04943222737982471,0.06468699876941386,60,E[Agg(Q_xi)] - Agg(E[Q_xi]),True,"[0.1000000000000001, 0.20000000000000007, 0.29999999999999993, 0.4]","[0.4799984800104797, 0.2400004399954401, 0.16000055999656015, 0.12000051999752008]",state_action_local,1,inf,5,0.05
14,305,Maximum-based,1.0,0.04880223540944897,0.04880223540944897,0.06280951707995364,60,E[Agg(Q_xi)] - Agg(E[Q_xi]),True,"[0.1000000000000001, 0.20000000000000007, 0.29999999999999993, 0.4]","[0.4799984800104797, 0.2400004399954401, 0.16000055999656015, 0.12000051999752008]",state_action_local,1,inf,5,0.05
14,310,Maximum-based,1.0,0.048920100555330435,0.048920100555330435,0.059666769535994035,60,E[Agg(Q_xi)] - Agg(E[Q_xi]),True,"[0.1000000000000001, 0.20000000000000007, 0.29999999999999993, 0.4]","[0.4799984800104797, 0.2400004399954401, 0.16000055999656015, 0.12000051999752008]",state_action_local,1,inf,5,0.05
14,315,Maximum-based,1.0,0.04931127896371768,0.04931127896371768,0.06388292795281103,60,E[Agg(Q_xi)] - Agg(E[Q_xi]),True,"[0.1000000000000001, 0.20000000000000007, 0.29999999999999993, 0.4]","[0.4799984800104797, 0.2400004399954401, 0.16000055999656015, 0.12000051999752008]",state_action_local,1,inf,5,0.05
14,320,Maximum-based,1.0,0.04931851995813178,0.04931851995813178,0.06305864246001747,60,E[Agg(Q_xi)] - Agg(E[Q_xi]),True,"[0.1000000000000001, 0.20000000000000007, 0.29999999999999993, 0.4]","[0.4799984800104797, 0.2400004399954401, 0.16000055999656015, 0.12000051999752008]",state_action_local,1,inf,5,0.05
14,325,Maximum-based,1.0,0.04939107664194666,0.04939107664194666,0.06465587401282136,60,E[Agg(Q_xi)] - Agg(E[Q_xi]),True,"[0.1000000000000001, 0.20000000000000007, 0.29999999999999993, 0.4]","[0.4799984800104797, 0.2400004399954401, 0.16000055999656015, 0.12000051999752008]",state_action_local,1,inf,5,0.05
14,330,Maximum-based,1.0,0.04884976792972065,0.04884976792972065,0.0658653166133476,60,E[Agg(Q_xi)] - Agg(E[Q_xi]),True,"[0.1000000000000001, 0.20000000000000007, 0.29999999999999993, 0.4]","[0.4799984800104797, 0.2400004399954401, 0.16000055999656015, 0.12000051999752008]",state_action_local,1,inf,5,0.05
14,335,Maximum-based,1.0,0.04919019730815459,0.04919019730815459,0.06065607492466718,60,E[Agg(Q_xi)] - Agg(E[Q_xi]),True,"[0.1000000000000001, 0.20000000000000007, 0.29999999999999993, 0.4]","[0.4799984800104797, 0.2400004399954401, 0.16000055999656015, 0.12000051999752008]",state_action_local,1,inf,5,0.05
14,340,Maximum-based,1.0,0.050056724984413256,0.050056724984413256,0.06513991269782338,60,E[Agg(Q_xi)] - Agg(E[Q_xi]),True,"[0.1000000000000001, 0.20000000000000007, 0.29999999999999993, 0.4]","[0.4799984800104797, 0.2400004399954401, 0.16000055999656015, 0.12000051999752008]",state_action_local,1,inf,5,0.05
14,345,Maximum-based,1.0,0.049581463058249176,0.049581463058249176,0.0634633090983101,60,E[Agg(Q_xi)] - Agg(E[Q_xi]),True,"[0.1000000000000001, 0.20000000000000007, 0.29999999999999993, 0.4]","[0.4799984800104797, 0.2400004399954401, 0.16000055999656015, 0.12000051999752008]",state_action_local,1,inf,5,0.05
14,350,Maximum-based,1.0,0.049161748881151573,0.049161748881151573,0.06667944033376294,60,E[Agg(Q_xi)] - Agg(E[Q_xi]),True,"[0.1000000000000001, 0.20000000000000007, 0.29999999999999993, 0.4]","[0.4799984800104797, 0.2400004399954401, 0.16000055999656015, 0.12000051999752008]",state_action_local,1,inf,5,0.05
14,355,Maximum-based,1.0,0.04843261833122773,0.04843261833122773,0.06112705444839506,60,E[Agg(Q_xi)] - Agg(E[Q_xi]),True,"[0.1000000000000001, 0.20000000000000007, 0.29999999999999993, 0.4]","[0.4799984800104797, 0.2400004399954401, 0.16000055999656015, 0.12000051999752008]",state_action_local,1,inf,5,0.05
14,360,Maximum-based,1.0,0.049195508734853975,0.049195508734853975,0.0599010966934177,60,E[Agg(Q_xi)] - Agg(E[Q_xi]),True,"[0.1000000000000001, 0.20000000000000007, 0.29999999999999993, 0.4]","[0.4799984800104797, 0.2400004399954401, 0.16000055999656015, 0.12000051999752008]",state_action_local,1,inf,5,0.05
14,365,Maximum-based,1.0,0.048777970798803326,0.048777970798803326,0.06313733112136077,60,E[Agg(Q_xi)] - Agg(E[Q_xi]),True,"[0.1000000000000001, 0.20000000000000007, 0.29999999999999993, 0.4]","[0.4799984800104797, 0.2400004399954401, 0.16000055999656015, 0.12000051999752008]",state_action_local,1,inf,5,0.05
14,370,Maximum-based,1.0,0.04887069880862905,0.04887069880862905,0.06169550826201586,60,E[Agg(Q_xi)] - Agg(E[Q_xi]),True,"[0.1000000000000001, 0.20000000000000007, 0.29999999999999993, 0.4]","[0.4799984800104797, 0.2400004399954401, 0.16000055999656015, 0.12000051999752008]",state_action_local,1,inf,5,0.05
14,375,Maximum-based,1.0,0.049066071076609985,0.049066071076609985,0.06171368828789525,60,E[Agg(Q_xi)] - Agg(E[Q_xi]),True,"[0.1000000000000001, 0.20000000000000007, 0.29999999999999993, 0.4]","[0.4799984800104797, 0.2400004399954401, 0.16000055999656015, 0.12000051999752008]",state_action_local,1,inf,5,0.05
14,380,Maximum-based,1.0,0.0490879176147389,0.0490879176147389,0.06347052998803804,60,E[Agg(Q_xi)] - Agg(E[Q_xi]),True,"[0.1000000000000001, 0.20000000000000007, 0.29999999999999993, 0.4]","[0.4799984800104797, 0.2400004399954401, 0.16000055999656015, 0.12000051999752008]",state_action_local,1,inf,5,0.05
14,385,Maximum-based,1.0,0.04918894818239495,0.04918894818239495,0.06057223416732249,60,E[Agg(Q_xi)] - Agg(E[Q_xi]),True,"[0.1000000000000001, 0.20000000000000007, 0.29999999999999993, 0.4]","[0.4799984800104797, 0.2400004399954401, 0.16000055999656015, 0.12000051999752008]",state_action_local,1,inf,5,0.05
14,390,Maximum-based,1.0,0.05026023968374362,0.05026023968374362,0.061770001701267674,60,E[Agg(Q_xi)] - Agg(E[Q_xi]),True,"[0.1000000000000001, 0.20000000000000007, 0.29999999999999993, 0.4]","[0.4799984800104797, 0.2400004399954401, 0.16000055999656015, 0.12000051999752008]",state_action_local,1,inf,5,0.05
14,395,Maximum-based,1.0,0.048678884737455234,0.048678884737455234,0.062451197421955484,60,E[Agg(Q_xi)] - Agg(E[Q_xi]),True,"[0.1000000000000001, 0.20000000000000007, 0.29999999999999993, 0.4]","[0.4799984800104797, 0.2400004399954401, 0.16000055999656015, 0.12000051999752008]",state_action_local,1,inf,5,0.05
14,400,Maximum-based,1.0,0.04924840669788999,0.04924840669788999,0.06588155876921853,60,E[Agg(Q_xi)] - Agg(E[Q_xi]),True,"[0.1000000000000001, 0.20000000000000007, 0.29999999999999993, 0.4]","[0.4799984800104797, 0.2400004399954401, 0.16000055999656015, 0.12000051999752008]",state_action_local,1,inf,5,0.05
14,5,Similarity-aware,1.0,3.3827107781547738e-18,1.6017280094852517e-17,1.1102230246251565e-16,60,E[Agg(Q_xi)] - Agg(E[Q_xi]),True,"[0.1000000000000001, 0.20000000000000007, 0.29999999999999993, 0.4]","[0.4799984800104797, 0.2400004399954401, 0.16000055999656015, 0.12000051999752008]",state_action_local,1,inf,5,0.05
14,10,Similarity-aware,1.0,-3.7007434154171884e-18,2.6599093298311043e-17,2.7755575615628914e-16,60,E[Agg(Q_xi)] - Agg(E[Q_xi]),True,"[0.1000000000000001, 0.20000000000000007, 0.29999999999999993, 0.4]","[0.4799984800104797, 0.2400004399954401, 0.16000055999656015, 0.12000051999752008]",state_action_local,1,inf,5,0.05
14,15,Similarity-aware,1.0,2.544261098099317e-18,4.533410683886056e-17,3.3306690738754696e-16,60,E[Agg(Q_xi)] - Agg(E[Q_xi]),True,"[0.1000000000000001, 0.20000000000000007, 0.29999999999999993, 0.4]","[0.4799984800104797, 0.2400004399954401, 0.16000055999656015, 0.12000051999752008]",state_action_local,1,inf,5,0.05
14,20,Similarity-aware,1.0,-1.2027416100105863e-17,5.551115123125783e-17,6.661338147750939e-16,60,E[Agg(Q_xi)] - Agg(E[Q_xi]),True,"[0.1000000000000001, 0.20000000000000007, 0.29999999999999993, 0.4]","[0.4799984800104797, 0.2400004399954401, 0.16000055999656015, 0.12000051999752008]",state_action_local,1,inf,5,0.05
14,25,Similarity-aware,1.0,3.7007434154171884e-18,9.066821367772112e-17,4.440892098500626e-16,60,E[Agg(Q_xi)] - Agg(E[Q_xi]),True,"[0.1000000000000001, 0.20000000000000007, 0.29999999999999993, 0.4]","[0.4799984800104797, 0.2400004399954401, 0.16000055999656015, 0.12000051999752008]",state_action_local,1,inf,5,0.05
14,30,Similarity-aware,1.0,-1.295260195396016e-17,7.586524001605237e-17,6.661338147750939e-16,60,E[Agg(Q_xi)] - Agg(E[Q_xi]),True,"[0.1000000000000001, 0.20000000000000007, 0.29999999999999993, 0.4]","[0.4799984800104797, 0.2400004399954401, 0.16000055999656015, 0.12000051999752008]",state_action_local,1,inf,5,0.05
14,35,Similarity-aware,1.0,-2.312964634635743e-17,9.344377123928401e-17,8.881784197001252e-16,60,E[Agg(Q_xi)] - Agg(E[Q_xi]),True,"[0.1000000000000001, 0.20000000000000007, 0.29999999999999993, 0.4]","[0.4799984800104797, 0.2400004399954401, 0.16000055999656015, 0.12000051999752008]",state_action_local,1,inf,5,0.05
14,40,Similarity-aware,1.0,-9.25185853854297e-18,1.267504619780387e-16,1.5543122344752192e-15,60,E[Agg(Q_xi)] - Agg(E[Q_xi]),True,"[0.1000000000000001, 0.20000000000000007, 0.29999999999999993, 0.4]","[0.4799984800104797, 0.2400004399954401, 0.16000055999656015, 0.12000051999752008]",state_action_local,1,inf,5,0.05
14,45,Similarity-aware,1.0,-3.700743415417188e-17,1.4062824978585316e-16,1.3322676295501878e-15,60,E[Agg(Q_xi)] - Agg(E[Q_xi]),True,"[0.1000000000000001, 0.20000000000000007, 0.29999999999999993, 0.4]","[0.4799984800104797, 0.2400004399954401, 0.16000055999656015, 0.12000051999752008]",state_action_local,1,inf,5,0.05
14,50,Similarity-aware,1.0,-2.7755575615628914e-17,1.609823385706477e-16,1.3322676295501878e-15,60,E[Agg(Q_xi)] - Agg(E[Q_xi]),True,"[0.1000000000000001, 0.20000000000000007, 0.29999999999999993, 0.4]","[0.4799984800104797, 0.2400004399954401, 0.16000055999656015, 0.12000051999752008]",state_action_local,1,inf,5,0.05
14,55,Similarity-aware,1.0,-6.661338147750939e-17,1.4617936490897894e-16,1.3322676295501878e-15,60,E[Agg(Q_xi)] - Agg(E[Q_xi]),True,"[0.1000000000000001, 0.20000000000000007, 0.29999999999999993, 0.4]","[0.4799984800104797, 0.2400004399954401, 0.16000055999656015, 0.12000051999752008]",state_action_local,1,inf,5,0.05
14,60,Similarity-aware,1.0,-2.2204460492503132e-17,1.6653345369377348e-16,1.3322676295501878e-15,60,E[Agg(Q_xi)] - Agg(E[Q_xi]),True,"[0.1000000000000001, 0.20000000000000007, 0.29999999999999993, 0.4]","[0.4799984800104797, 0.2400004399954401, 0.16000055999656015, 0.12000051999752008]",state_action_local,1,inf,5,0.05
14,65,Similarity-aware,1.0,-1.295260195396016e-17,2.238949766327399e-16,1.7763568394002505e-15,60,E[Agg(Q_xi)] - Agg(E[Q_xi]),True,"[0.1000000000000001, 0.20000000000000007, 0.29999999999999993, 0.4]","[0.4799984800104797, 0.2400004399954401, 0.16000055999656015, 0.12000051999752008]",state_action_local,1,inf,5,0.05
14,70,Similarity-aware,1.0,1.850371707708594e-17,2.498001805406602e-16,1.7763568394002505e-15,60,E[Agg(Q_xi)] - Agg(E[Q_xi]),True,"[0.1000000000000001, 0.20000000000000007, 0.29999999999999993, 0.4]","[0.4799984800104797, 0.2400004399954401, 0.16000055999656015, 0.12000051999752008]",state_action_local,1,inf,5,0.05
14,75,Similarity-aware,1.0,-1.3692750637043598e-16,1.887379141862766e-16,2.220446049250313e-15,60,E[Agg(Q_xi)] - Agg(E[Q_xi]),True,"[0.1000000000000001, 0.20000000000000007, 0.29999999999999993, 0.4]","[0.4799984800104797, 0.2400004399954401, 0.16000055999656015, 0.12000051999752008]",state_action_local,1,inf,5,0.05
14,80,Similarity-aware,1.0,9.992007221626409e-17,3.219646771412954e-16,2.220446049250313e-15,60,E[Agg(Q_xi)] - Agg(E[Q_xi]),True,"[0.1000000000000001, 0.20000000000000007, 0.29999999999999993, 0.4]","[0.4799984800104797, 0.2400004399954401, 0.16000055999656015, 0.12000051999752008]",state_action_local,1,inf,5,0.05
14,85,Similarity-aware,1.0,-7.771561172376095e-17,2.516505522483688e-16,1.7763568394002505e-15,60,E[Agg(Q_xi)] - Agg(E[Q_xi]),True,"[0.1000000000000001, 0.20000000000000007, 0.29999999999999993, 0.4]","[0.4799984800104797, 0.2400004399954401, 0.16000055999656015, 0.12000051999752008]",state_action_local,1,inf,5,0.05
14,90,Similarity-aware,1.0,-1.2212453270876723e-16,2.220446049250313e-16,2.220446049250313e-15,60,E[Agg(Q_xi)] - Agg(E[Q_xi]),True,"[0.1000000000000001, 0.20000000000000007, 0.29999999999999993, 0.4]","[0.4799984800104797, 0.2400004399954401, 0.16000055999656015, 0.12000051999752008]",state_action_local,1,inf,5,0.05
14,95,Similarity-aware,1.0,-1.3692750637043598e-16,2.590520390792032e-16,2.220446049250313e-15,60,E[Agg(Q_xi)] - Agg(E[Q_xi]),True,"[0.1000000000000001, 0.20000000000000007, 0.29999999999999993, 0.4]","[0.4799984800104797, 0.2400004399954401, 0.16000055999656015, 0.12000051999752008]",state_action_local,1,inf,5,0.05
14,100,Similarity-aware,1.0,-8.511709855459534e-17,2.997602166487923e-16,2.220446049250313e-15,60,E[Agg(Q_xi)] - Agg(E[Q_xi]),True,"[0.1000000000000001, 0.20000000000000007, 0.29999999999999993, 0.4]","[0.4799984800104797, 0.2400004399954401, 0.16000055999656015, 0.12000051999752008]",state_action_local,1,inf,5,0.05
14,105,Similarity-aware,1.0,-1.258252761241844e-16,2.331468351712829e-16,1.7763568394002505e-15,60,E[Agg(Q_xi)] - Agg(E[Q_xi]),True,"[0.1000000000000001, 0.20000000000000007, 0.29999999999999993, 0.4]","[0.4799984800104797, 0.2400004399954401, 0.16000055999656015, 0.12000051999752008]",state_action_local,1,inf,5,0.05
14,110,Similarity-aware,1.0,1.1102230246251566e-17,3.4416913763379854e-16,2.6645352591003757e-15,60,E[Agg(Q_xi)] - Agg(E[Q_xi]),True,"[0.1000000000000001, 0.20000000000000007, 0.29999999999999993, 0.4]","[0.4799984800104797, 0.2400004399954401, 0.16000055999656015, 0.12000051999752008]",state_action_local,1,inf,5,0.05
14,115,Similarity-aware,1.0,-4.4408920985006264e-17,3.293661639721298e-16,2.6645352591003757e-15,60,E[Agg(Q_xi)] - Agg(E[Q_xi]),True,"[0.1000000000000001, 0.20000000000000007, 0.29999999999999993, 0.4]","[0.4799984800104797, 0.2400004399954401, 0.16000055999656015, 0.12000051999752008]",state_action_local,1,inf,5,0.05
14,120,Similarity-aware,1.0,-7.401486830834377e-18,3.9968028886505636e-16,2.6645352591003757e-15,60,E[Agg(Q_xi)] - Agg(E[Q_xi]),True,"[0.1000000000000001, 0.20000000000000007, 0.29999999999999993, 0.4]","[0.4799984800104797, 0.2400004399954401, 0.16000055999656015, 0.12000051999752008]",state_action_local,1,inf,5,0.05
14,125,Similarity-aware,1.0,-1.295260195396016e-16,3.3676765080296414e-16,3.552713678800501e-15,60,E[Agg(Q_xi)] - Agg(E[Q_xi]),True,"[0.1000000000000001, 0.20000000000000007, 0.29999999999999993, 0.4]","[0.4799984800104797, 0.2400004399954401, 0.16000055999656015, 0.12000051999752008]",state_action_local,1,inf,5,0.05
14,130,Similarity-aware,1.0,-1.1102230246251566e-17,3.848773152033876e-16,2.6645352591003757e-15,60,E[Agg(Q_xi)] - Agg(E[Q_xi]),True,"[0.1000000000000001, 0.20000000000000007, 0.29999999999999993, 0.4]","[0.4799984800104797, 0.2400004399954401, 0.16000055999656015, 0.12000051999752008]",state_action_local,1,inf,5,0.05
14,135,Similarity-aware,1.0,-3.7007434154171884e-18,3.774758283725532e-16,2.6645352591003757e-15,60,E[Agg(Q_xi)] - Agg(E[Q_xi]),True,"[0.1000000000000001, 0.20000000000000007, 0.29999999999999993, 0.4]","[0.4799984800104797, 0.2400004399954401, 0.16000055999656015, 0.12000051999752008]",state_action_local,1,inf,5,0.05
14,140,Similarity-aware,1.0,4.4408920985006264e-17,4.699944137579829e-16,2.6645352591003757e-15,60,E[Agg(Q_xi)] - Agg(E[Q_xi]),True,"[0.1000000000000001, 0.20000000000000007, 0.29999999999999993, 0.4]","[0.4799984800104797, 0.2400004399954401, 0.16000055999656015, 0.12000051999752008]",state_action_local,1,inf,5,0.05
14,145,Similarity-aware,1.0,-5.551115123125783e-17,3.959795454496392e-16,2.6645352591003757e-15,60,E[Agg(Q_xi)] - Agg(E[Q_xi]),True,"[0.1000000000000001, 0.20000000000000007, 0.29999999999999993, 0.4]","[0.4799984800104797, 0.2400004399954401, 0.16000055999656015, 0.12000051999752008]",state_action_local,1,inf,5,0.05
14,150,Similarity-aware,1.0,1.4802973661668753e-16,5.551115123125783e-16,2.6645352591003757e-15,60,E[Agg(Q_xi)] - Agg(E[Q_xi]),True,"[0.1000000000000001, 0.20000000000000007, 0.29999999999999993, 0.4]","[0.4799984800104797, 0.2400004399954401, 0.16000055999656015, 0.12000051999752008]",state_action_local,1,inf,5,0.05
14,155,Similarity-aware,1.0,2.4424906541753446e-16,6.661338147750939e-16,3.552713678800501e-15,60,E[Agg(Q_xi)] - Agg(E[Q_xi]),True,"[0.1000000000000001, 0.20000000000000007, 0.29999999999999993, 0.4]","[0.4799984800104797, 0.2400004399954401, 0.16000055999656015, 0.12000051999752008]",state_action_local,1,inf,5,0.05
14,160,Similarity-aware,1.0,1.7763568394002506e-16,5.477100254817439e-16,4.440892098500626e-15,60,E[Agg(Q_xi)] - Agg(E[Q_xi]),True,"[0.1000000000000001, 0.20000000000000007, 0.29999999999999993, 0.4]","[0.4799984800104797, 0.2400004399954401, 0.16000055999656015, 0.12000051999752008]",state_action_local,1,inf,5,0.05
14,165,Similarity-aware,1.0,-5.181040781584064e-17,5.625129991434126e-16,4.440892098500626e-15,60,E[Agg(Q_xi)] - Agg(E[Q_xi]),True,"[0.1000000000000001, 0.20000000000000007, 0.29999999999999993, 0.4]","[0.4799984800104797, 0.2400004399954401, 0.16000055999656015, 0.12000051999752008]",state_action_local,1,inf,5,0.05
14,170,Similarity-aware,1.0,4.4408920985006264e-17,4.810966440042345e-16,3.552713678800501e-15,60,E[Agg(Q_xi)] - Agg(E[Q_xi]),True,"[0.1000000000000001, 0.20000000000000007, 0.29999999999999993, 0.4]","[0.4799984800104797, 0.2400004399954401, 0.16000055999656015, 0.12000051999752008]",state_action_local,1,inf,5,0.05
14,175,Similarity-aware,1.0,-2.1464311809419693e-16,4.440892098500626e-16,3.552713678800501e-15,60,E[Agg(Q_xi)] - Agg(E[Q_xi]),True,"[0.1000000000000001, 0.20000000000000007, 0.29999999999999993, 0.4]","[0.4799984800104797, 0.2400004399954401, 0.16000055999656015, 0.12000051999752008]",state_action_local,1,inf,5,0.05
14,180,Similarity-aware,1.0,-3.700743415417188e-17,5.403085386509095e-16,3.552713678800501e-15,60,E[Agg(Q_xi)] - Agg(E[Q_xi]),True,"[0.1000000000000001, 0.20000000000000007, 0.29999999999999993, 0.4]","[0.4799984800104797, 0.2400004399954401, 0.16000055999656015, 0.12000051999752008]",state_action_local,1,inf,5,0.05
14,185,Similarity-aware,1.0,-1.6283271027835628e-16,6.439293542825908e-16,4.440892098500626e-15,60,E[Agg(Q_xi)] - Agg(E[Q_xi]),True,"[0.1000000000000001, 0.20000000000000007, 0.29999999999999993, 0.4]","[0.4799984800104797, 0.2400004399954401, 0.16000055999656015, 0.12000051999752008]",state_action_local,1,inf,5,0.05
14,190,Similarity-aware,1.0,-2.0724163126336256e-16,4.662936703425658e-16,3.552713678800501e-15,60,E[Agg(Q_xi)] - Agg(E[Q_xi]),True,"[0.1000000000000001, 0.20000000000000007, 0.29999999999999993, 0.4]","[0.4799984800104797, 0.2400004399954401, 0.16000055999656015, 0.12000051999752008]",state_action_local,1,inf,5,0.05
14,195,Similarity-aware,1.0,2.0724163126336256e-16,7.031412489292658e-16,4.440892098500626e-15,60,E[Agg(Q_xi)] - Agg(E[Q_xi]),True,"[0.1000000000000001, 0.20000000000000007, 0.29999999999999993, 0.4]","[0.4799984800104797, 0.2400004399954401, 0.16000055999656015, 0.12000051999752008]",state_action_local,1,inf,5,0.05
14,200,Similarity-aware,1.0,-2.2204460492503132e-17,7.105427357601002e-16,4.440892098500626e-15,60,E[Agg(Q_xi)] - Agg(E[Q_xi]),True,"[0.1000000000000001, 0.20000000000000007, 0.29999999999999993, 0.4]","[0.4799984800104797, 0.2400004399954401, 0.16000055999656015, 0.12000051999752008]",state_action_local,1,inf,5,0.05
14,205,Similarity-aware,1.0,1.258252761241844e-16,7.031412489292658e-16,3.552713678800501e-15,60,E[Agg(Q_xi)] - Agg(E[Q_xi]),True,"[0.1000000000000001, 0.20000000000000007, 0.29999999999999993, 0.4]","[0.4799984800104797, 0.2400004399954401, 0.16000055999656015, 0.12000051999752008]",state_action_local,1,inf,5,0.05
14,210,Similarity-aware,1.0,-1.4802973661668753e-16,6.513308411134251e-16,5.329070518200751e-15,60,E[Agg(Q_xi)] - Agg(E[Q_xi]),True,"[0.1000000000000001, 0.20000000000000007, 0.29999999999999993, 0.4]","[0.4799984800104797, 0.2400004399954401, 0.16000055999656015, 0.12000051999752008]",state_action_local,1,inf,5,0.05
14,215,Similarity-aware,1.0,0.0,6.365278674517564e-16,5.329070518200751e-15,60,E[Agg(Q_xi)] - Agg(E[Q_xi]),True,"[0.1000000000000001, 0.20000000000000007, 0.29999999999999993, 0.4]","[0.4799984800104797, 0.2400004399954401, 0.16000055999656015, 0.12000051999752008]",state_action_local,1,inf,5,0.05
14,220,Similarity-aware,1.0,-1.6283271027835628e-16,5.995204332975846e-16,5.329070518200751e-15,60,E[Agg(Q_xi)] - Agg(E[Q_xi]),True,"[0.1000000000000001, 0.20000000000000007, 0.29999999999999993, 0.4]","[0.4799984800104797, 0.2400004399954401, 0.16000055999656015, 0.12000051999752008]",state_action_local,1,inf,5,0.05
14,225,Similarity-aware,1.0,7.401486830834377e-18,6.957397620984314e-16,4.440892098500626e-15,60,E[Agg(Q_xi)] - Agg(E[Q_xi]),True,"[0.1000000000000001, 0.20000000000000007, 0.29999999999999993, 0.4]","[0.4799984800104797, 0.2400004399954401, 0.16000055999656015, 0.12000051999752008]",state_action_local,1,inf,5,0.05
14,230,Similarity-aware,1.0,-2.4424906541753446e-16,4.736951571734001e-16,4.440892098500626e-15,60,E[Agg(Q_xi)] - Agg(E[Q_xi]),True,"[0.1000000000000001, 0.20000000000000007, 0.29999999999999993, 0.4]","[0.4799984800104797, 0.2400004399954401, 0.16000055999656015, 0.12000051999752008]",state_action_local,1,inf,5,0.05
14,235,Similarity-aware,1.0,2.886579864025407e-16,9.177843670234628e-16,5.329070518200751e-15,60,E[Agg(Q_xi)] - Agg(E[Q_xi]),True,"[0.1000000000000001, 0.20000000000000007, 0.29999999999999993, 0.4]","[0.4799984800104797, 0.2400004399954401, 0.16000055999656015, 0.12000051999752008]",state_action_local,1,inf,5,0.05
14,240,Similarity-aware,1.0,-1.258252761241844e-16,6.217248937900876e-16,4.440892098500626e-15,60,E[Agg(Q_xi)] - Agg(E[Q_xi]),True,"[0.1000000000000001, 0.20000000000000007, 0.29999999999999993, 0.4]","[0.4799984800104797, 0.2400004399954401, 0.16000055999656015, 0.12000051999752008]",state_action_local,1,inf,5,0.05
14,245,Similarity-aware,1.0,-1.7023419710919068e-16,6.439293542825908e-16,6.217248937900877e-15,60,E[Agg(Q_xi)] - Agg(E[Q_xi]),True,"[0.1000000000000001, 0.20000000000000007, 0.29999999999999993, 0.4]","[0.4799984800104797, 0.2400004399954401, 0.16000055999656015, 0.12000051999752008]",state_action_local,1,inf,5,0.05
14,250,Similarity-aware,1.0,-7.401486830834377e-18,6.809367884367627e-16,7.105427357601002e-15,60,E[Agg(Q_xi)] - Agg(E[Q_xi]),True,"[0.1000000000000001, 0.20000000000000007, 0.29999999999999993, 0.4]","[0.4799984800104797, 0.2400004399954401, 0.16000055999656015, 0.12000051999752008]",state_action_local,1,inf,5,0.05
14,255,Similarity-aware,1.0,-1.6283271027835628e-16,6.217248937900876e-16,5.329070518200751e-15,60,E[Agg(Q_xi)] - Agg(E[Q_xi]),True,"[0.1000000000000001, 0.20000000000000007, 0.29999999999999993, 0.4]","[0.4799984800104797, 0.2400004399954401, 0.16000055999656015, 0.12000051999752008]",state_action_local,1,inf,5,0.05
14,260,Similarity-aware,1.0,2.2204460492503132e-17,7.623531435759408e-16,4.440892098500626e-15,60,E[Agg(Q_xi)] - Agg(E[Q_xi]),True,"[0.1000000000000001, 0.20000000000000007, 0.29999999999999993, 0.4]","[0.4799984800104797, 0.2400004399954401, 0.16000055999656015, 0.12000051999752008]",state_action_local,1,inf,5,0.05
14,265,Similarity-aware,1.0,8.141635513917814e-17,8.215650382226159e-16,4.440892098500626e-15,60,E[Agg(Q_xi)] - Agg(E[Q_xi]),True,"[0.1000000000000001, 0.20000000000000007, 0.29999999999999993, 0.4]","[0.4799984800104797, 0.2400004399954401, 0.16000055999656015, 0.12000051999752008]",state_action_local,1,inf,5,0.05
14,270,Similarity-aware,1.0,1.1102230246251565e-16,7.697546304067752e-16,5.329070518200751e-15,60,E[Agg(Q_xi)] - Agg(E[Q_xi]),True,"[0.1000000000000001, 0.20000000000000007, 0.29999999999999993, 0.4]","[0.4799984800104797, 0.2400004399954401, 0.16000055999656015, 0.12000051999752008]",state_action_local,1,inf,5,0.05
14,275,Similarity-aware,1.0,-7.401486830834377e-17,6.735353016059283e-16,5.329070518200751e-15,60,E[Agg(Q_xi)] - Agg(E[Q_xi]),True,"[0.1000000000000001, 0.20000000000000007, 0.29999999999999993, 0.4]","[0.4799984800104797, 0.2400004399954401, 0.16000055999656015, 0.12000051999752008]",state_action_local,1,inf,5,0.05
14,280,Similarity-aware,1.0,8.881784197001253e-17,7.623531435759408e-16,5.329070518200751e-15,60,E[Agg(Q_xi)] - Agg(E[Q_xi]),True,"[0.1000000000000001, 0.20000000000000007, 0.29999999999999993, 0.4]","[0.4799984800104797, 0.2400004399954401, 0.16000055999656015, 0.12000051999752008]",state_action_local,1,inf,5,0.05
14,285,Similarity-aware,1.0,-8.141635513917814e-17,6.883382752675971e-16,5.329070518200751e-15,60,E[Agg(Q_xi)] - Agg(E[Q_xi]),True,"[0.1000000000000001, 0.20000000000000007, 0.29999999999999993, 0.4]","[0.4799984800104797, 0.2400004399954401, 0.16000055999656015, 0.12000051999752008]",state_action_local,1,inf,5,0.05
14,290,Similarity-aware,1.0,-5.181040781584064e-17,6.809367884367627e-16,6.217248937900877e-15,60,E[Agg(Q_xi)] - Agg(E[Q_xi]),True,"[0.1000000000000001, 0.20000000000000007, 0.29999999999999993, 0.4]","[0.4799984800104797, 0.2400004399954401, 0.16000055999656015, 0.12000051999752008]",state_action_local,1,inf,5,0.05
14,295,Similarity-aware,1.0,-1.4802973661668754e-17,6.809367884367627e-16,5.329070518200751e-15,60,E[Agg(Q_xi)] - Agg(E[Q_xi]),True,"[0.1000000000000001, 0.20000000000000007, 0.29999999999999993, 0.4]","[0.4799984800104797, 0.2400004399954401, 0.16000055999656015, 0.12000051999752008]",state_action_local,1,inf,5,0.05
14,300,Similarity-aware,1.0,3.700743415417188e-17,6.883382752675971e-16,7.105427357601002e-15,60,E[Agg(Q_xi)] - Agg(E[Q_xi]),True,"[0.1000000000000001, 0.20000000000000007, 0.29999999999999993, 0.4]","[0.4799984800104797, 0.2400004399954401, 0.16000055999656015, 0.12000051999752008]",state_action_local,1,inf,5,0.05
14,305,Similarity-aware,1.0,8.881784197001253e-17,7.401486830834377e-16,5.329070518200751e-15,60,E[Agg(Q_xi)] - Agg(E[Q_xi]),True,"[0.1000000000000001, 0.20000000000000007, 0.29999999999999993, 0.4]","[0.4799984800104797, 0.2400004399954401, 0.16000055999656015, 0.12000051999752008]",state_action_local,1,inf,5,0.05
14,310,Similarity-aware,1.0,-7.401486830834377e-17,6.957397620984314e-16,5.329070518200751e-15,60,E[Agg(Q_xi)] - Agg(E[Q_xi]),True,"[0.1000000000000001, 0.20000000000000007, 0.29999999999999993, 0.4]","[0.4799984800104797, 0.2400004399954401, 0.16000055999656015, 0.12000051999752008]",state_action_local,1,inf,5,0.05
14,315,Similarity-aware,1.0,1.1842378929335003e-16,8.437694987151189e-16,7.105427357601002e-15,60,E[Agg(Q_xi)] - Agg(E[Q_xi]),True,"[0.1000000000000001, 0.20000000000000007, 0.29999999999999993, 0.4]","[0.4799984800104797, 0.2400004399954401, 0.16000055999656015, 0.12000051999752008]",state_action_local,1,inf,5,0.05
14,320,Similarity-aware,1.0,-5.921189464667501e-17,8.363680118842846e-16,5.329070518200751e-15,60,E[Agg(Q_xi)] - Agg(E[Q_xi]),True,"[0.1000000000000001, 0.20000000000000007, 0.29999999999999993, 0.4]","[0.4799984800104797, 0.2400004399954401, 0.16000055999656015, 0.12000051999752008]",state_action_local,1,inf,5,0.05
14,325,Similarity-aware,1.0,1.258252761241844e-16,9.02981393361794e-16,7.105427357601002e-15,60,E[Agg(Q_xi)] - Agg(E[Q_xi]),True,"[0.1000000000000001, 0.20000000000000007, 0.29999999999999993, 0.4]","[0.4799984800104797, 0.2400004399954401, 0.16000055999656015, 0.12000051999752008]",state_action_local,1,inf,5,0.05
14,330,Similarity-aware,1.0,-1.8503717077085943e-16,7.105427357601002e-16,5.329070518200751e-15,60,E[Agg(Q_xi)] - Agg(E[Q_xi]),True,"[0.1000000000000001, 0.20000000000000007, 0.29999999999999993, 0.4]","[0.4799984800104797, 0.2400004399954401, 0.16000055999656015, 0.12000051999752008]",state_action_local,1,inf,5,0.05
14,335,Similarity-aware,1.0,-9.62193288008469e-17,7.993605777301127e-16,7.105427357601002e-15,60,E[Agg(Q_xi)] - Agg(E[Q_xi]),True,"[0.1000000000000001, 0.20000000000000007, 0.29999999999999993, 0.4]","[0.4799984800104797, 0.2400004399954401, 0.16000055999656015, 0.12000051999752008]",state_action_local,1,inf,5,0.05
14,340,Similarity-aware,1.0,1.4802973661668754e-17,8.437694987151189e-16,5.329070518200751e-15,60,E[Agg(Q_xi)] - Agg(E[Q_xi]),True,"[0.1000000000000001, 0.20000000000000007, 0.29999999999999993, 0.4]","[0.4799984800104797, 0.2400004399954401, 0.16000055999656015, 0.12000051999752008]",state_action_local,1,inf,5,0.05
14,345,Similarity-aware,1.0,-4.4408920985006264e-17,7.845576040684439e-16,5.329070518200751e-15,60,E[Agg(Q_xi)] - Agg(E[Q_xi]),True,"[0.1000000000000001, 0.20000000000000007, 0.29999999999999993, 0.4]","[0.4799984800104797, 0.2400004399954401, 0.16000055999656015, 0.12000051999752008]",state_action_local,1,inf,5,0.05
14,350,Similarity-aware,1.0,-3.7007434154171886e-16,5.921189464667501e-16,7.105427357601002e-15,60,E[Agg(Q_xi)] - Agg(E[Q_xi]),True,"[0.1000000000000001, 0.20000000000000007, 0.29999999999999993, 0.4]","[0.4799984800104797, 0.2400004399954401, 0.16000055999656015, 0.12000051999752008]",state_action_local,1,inf,5,0.05
14,355,Similarity-aware,1.0,-1.1842378929335003e-16,8.881784197001252e-16,7.105427357601002e-15,60,E[Agg(Q_xi)] - Agg(E[Q_xi]),True,"[0.1000000000000001, 0.20000000000000007, 0.29999999999999993, 0.4]","[0.4799984800104797, 0.2400004399954401, 0.16000055999656015, 0.12000051999752008]",state_action_local,1,inf,5,0.05
14,360,Similarity-aware,1.0,-5.921189464667501e-17,7.549516567451064e-16,5.329070518200751e-15,60,E[Agg(Q_xi)] - Agg(E[Q_xi]),True,"[0.1000000000000001, 0.20000000000000007, 0.29999999999999993, 0.4]","[0.4799984800104797, 0.2400004399954401, 0.16000055999656015, 0.12000051999752008]",state_action_local,1,inf,5,0.05
14,365,Similarity-aware,1.0,-1.6283271027835628e-16,7.401486830834377e-16,5.329070518200751e-15,60,E[Agg(Q_xi)] - Agg(E[Q_xi]),True,"[0.1000000000000001, 0.20000000000000007, 0.29999999999999993, 0.4]","[0.4799984800104797, 0.2400004399954401, 0.16000055999656015, 0.12000051999752008]",state_action_local,1,inf,5,0.05
14,370,Similarity-aware,1.0,2.6645352591003756e-16,1.1694349192718315e-15,7.105427357601002e-15,60,E[Agg(Q_xi)] - Agg(E[Q_xi]),True,"[0.1000000000000001, 0.20000000000000007, 0.29999999999999993, 0.4]","[0.4799984800104797, 0.2400004399954401, 0.16000055999656015, 0.12000051999752008]",state_action_local,1,inf,5,0.05
14,375,Similarity-aware,1.0,2.220446049250313e-16,1.080617077301819e-15,5.329070518200751e-15,60,E[Agg(Q_xi)] - Agg(E[Q_xi]),True,"[0.1000000000000001, 0.20000000000000007, 0.29999999999999993, 0.4]","[0.4799984800104797, 0.2400004399954401, 0.16000055999656015, 0.12000051999752008]",state_action_local,1,inf,5,0.05
14,380,Similarity-aware,1.0,5.921189464667501e-17,9.325873406851315e-16,7.105427357601002e-15,60,E[Agg(Q_xi)] - Agg(E[Q_xi]),True,"[0.1000000000000001, 0.20000000000000007, 0.29999999999999993, 0.4]","[0.4799984800104797, 0.2400004399954401, 0.16000055999656015, 0.12000051999752008]",state_action_local,1,inf,5,0.05
14,385,Similarity-aware,1.0,8.881784197001253e-17,8.733754460384564e-16,7.105427357601002e-15,60,E[Agg(Q_xi)] - Agg(E[Q_xi]),True,"[0.1000000000000001, 0.20000000000000007, 0.29999999999999993, 0.4]","[0.4799984800104797, 0.2400004399954401, 0.16000055999656015, 0.12000051999752008]",state_action_local,1,inf,5,0.05
14,390,Similarity-aware,1.0,2.516505522483688e-16,1.1398289719484941e-15,7.105427357601002e-15,60,E[Agg(Q_xi)] - Agg(E[Q_xi]),True,"[0.1000000000000001, 0.20000000000000007, 0.29999999999999993, 0.4]","[0.4799984800104797, 0.2400004399954401, 0.16000055999656015, 0.12000051999752008]",state_action_local,1,inf,5,0.05
14,395,Similarity-aware,1.0,-8.289665250534502e-16,6.069219201284189e-16,7.105427357601002e-15,60,E[Agg(Q_xi)] - Agg(E[Q_xi]),True,"[0.1000000000000001, 0.20000000000000007, 0.29999999999999993, 0.4]","[0.4799984800104797, 0.2400004399954401, 0.16000055999656015, 0.12000051999752008]",state_action_local,1,inf,5,0.05
14,400,Similarity-aware,1.0,2.516505522483688e-16,1.0510111299784815e-15,7.105427357601002e-15,60,E[Agg(Q_xi)] - Agg(E[Q_xi]),True,"[0.1000000000000001, 0.20000000000000007, 0.29999999999999993, 0.4]","[0.4799984800104797, 0.2400004399954401, 0.16000055999656015, 0.12000051999752008]",state_action_local,1,inf,5,0.05
15,5,Maximum-based,1.0,0.058594182554529084,0.058594182554529084,0.0689206609225727,60,E[Agg(Q_xi)] - Agg(E[Q_xi]),True,"[0.1000000000000001, 0.20000000000000004, 0.29999999999999993, 0.4]","[0.4799984800104797, 0.24000043999544013, 0.16000055999656015, 0.12000051999752008]",state_action_local,1,inf,5,0.05
15,10,Maximum-based,1.0,0.05579116536321896,0.05579116536321896,0.06831703858256061,60,E[Agg(Q_xi)] - Agg(E[Q_xi]),True,"[0.1000000000000001, 0.20000000000000004, 0.29999999999999993, 0.4]","[0.4799984800104797, 0.24000043999544013, 0.16000055999656015, 0.12000051999752008]",state_action_local,1,inf,5,0.05
15,15,Maximum-based,1.0,0.05396406341713592,0.05396406341713592,0.06741844085059567,60,E[Agg(Q_xi)] - Agg(E[Q_xi]),True,"[0.1000000000000001, 0.20000000000000004, 0.29999999999999993, 0.4]","[0.4799984800104797, 0.24000043999544013, 0.16000055999656015, 0.12000051999752008]",state_action_local,1,inf,5,0.05
15,20,Maximum-based,1.0,0.053407655388742106,0.053407655388742106,0.06264088388611344,60,E[Agg(Q_xi)] - Agg(E[Q_xi]),True,"[0.1000000000000001, 0.20000000000000004, 0.29999999999999993, 0.4]","[0.4799984800104797, 0.24000043999544013, 0.16000055999656015, 0.12000051999752008]",state_action_local,1,inf,5,0.05
15,25,Maximum-based,1.0,0.05242321288912661,0.05242321288912661,0.06741610281451693,60,E[Agg(Q_xi)] - Agg(E[Q_xi]),True,"[0.1000000000000001, 0.20000000000000004, 0.29999999999999993, 0.4]","[0.4799984800104797, 0.24000043999544013, 0.16000055999656015, 0.12000051999752008]",state_action_local,1,inf,5,0.05
15,30,Maximum-based,1.0,0.05131549716183303,0.05131549716183303,0.06546522875707783,60,E[Agg(Q_xi)] - Agg(E[Q_xi]),True,"[0.1000000000000001, 0.20000000000000004, 0.29999999999999993, 0.4]","[0.4799984800104797, 0.24000043999544013, 0.16000055999656015, 0.12000051999752008]",state_action_local,1,inf,5,0.05
15,35,Maximum-based,1.0,0.05018062813060544,0.05018062813060544,0.06075264253890733,60,E[Agg(Q_xi)] - Agg(E[Q_xi]),True,"[0.1000000000000001, 0.20000000000000004, 0.29999999999999993, 0.4]","[0.4799984800104797, 0.24000043999544013, 0.16000055999656015, 0.12000051999752008]",state_action_local,1,inf,5,0.05
15,40,Maximum-based,1.0,0.050411882741655416,0.050411882741655416,0.06367411762323671,60,E[Agg(Q_xi)] - Agg(E[Q_xi]),True,"[0.1000000000000001, 0.20000000000000004, 0.29999999999999993, 0.4]","[0.4799984800104797, 0.24000043999544013, 0.16000055999656015, 0.12000051999752008]",state_action_local,1,inf,5,0.05
15,45,Maximum-based,1.0,0.04968432602904243,0.04968432602904243,0.06533343590054486,60,E[Agg(Q_xi)] - Agg(E[Q_xi]),True,"[0.1000000000000001, 0.20000000000000004, 0.29999999999999993, 0.4]","[0.4799984800104797, 0.24000043999544013, 0.16000055999656015, 0.12000051999752008]",state_action_local,1,inf,5,0.05
15,50,Maximum-based,1.0,0.04890656051607298,0.04890656051607298,0.05917346692940262,60,E[Agg(Q_xi)] - Agg(E[Q_xi]),True,"[0.1000000000000001, 0.20000000000000004, 0.29999999999999993, 0.4]","[0.4799984800104797, 0.24000043999544013, 0.16000055999656015, 0.12000051999752008]",state_action_local,1,inf,5,0.05
15,55,Maximum-based,1.0,0.049642619633251686,0.049642619633251686,0.05998964860242317,60,E[Agg(Q_xi)] - Agg(E[Q_xi]),True,"[0.1000000000000001, 0.20000000000000004, 0.29999999999999993, 0.4]","[0.4799984800104797, 0.24000043999544013, 0.16000055999656015, 0.12000051999752008]",state_action_local,1,inf,5,0.05
15,60,Maximum-based,1.0,0.049585631551907115,0.049585631551907115,0.06310076072762483,60,E[Agg(Q_xi)] - Agg(E[Q_xi]),True,"[0.1000000000000001, 0.20000000000000004, 0.29999999999999993, 0.4]","[0.4799984800104797, 0.24000043999544013, 0.16000055999656015, 0.12000051999752008]",state_action_local,1,inf,5,0.05
15,65,Maximum-based,1.0,0.04865915544964987,0.04865915544964987,0.06098770151932564,60,E[Agg(Q_xi)] - Agg(E[Q_xi]),True,"[0.1000000000000001, 0.20000000000000004, 0.29999999999999993, 0.4]","[0.4799984800104797, 0.24000043999544013, 0.16000055999656015, 0.12000051999752008]",state_action_local,1,inf,5,0.05
15,70,Maximum-based,1.0,0.049123644867927155,0.049123644867927155,0.06143792945663229,60,E[Agg(Q_xi)] - Agg(E[Q_xi]),True,"[0.1000000000000001, 0.20000000000000004, 0.29999999999999993, 0.4]","[0.4799984800104797, 0.24000043999544013, 0.16000055999656015, 0.12000051999752008]",state_action_local,1,inf,5,0.05
15,75,Maximum-based,1.0,0.048688060054259026,0.048688060054259026,0.060033893153911944,60,E[Agg(Q_xi)] - Agg(E[Q_xi]),True,"[0.1000000000000001, 0.20000000000000004, 0.29999999999999993, 0.4]","[0.4799984800104797, 0.24000043999544013, 0.16000055999656015, 0.12000051999752008]",state_action_local,1,inf,5,0.05
15,80,Maximum-based,1.0,0.048048808542629606,0.048048808542629606,0.06387849634970344,60,E[Agg(Q_xi)] - Agg(E[Q_xi]),True,"[0.1000000000000001, 0.20000000000000004, 0.29999999999999993, 0.4]","[0.4799984800104797, 0.24000043999544013, 0.16000055999656015, 0.12000051999752008]",state_action_local,1,inf,5,0.05
15,85,Maximum-based,1.0,0.04811109274063853,0.04811109274063853,0.06305909413565214,60,E[Agg(Q_xi)] - Agg(E[Q_xi]),True,"[0.1000000000000001, 0.20000000000000004, 0.29999999999999993, 0.4]","[0.4799984800104797, 0.24000043999544013, 0.16000055999656015, 0.12000051999752008]",state_action_local,1,inf,5,0.05
15,90,Maximum-based,1.0,0.04814224083731529,0.04814224083731529,0.06103843101788886,60,E[Agg(Q_xi)] - Agg(E[Q_xi]),True,"[0.1000000000000001, 0.20000000000000004, 0.29999999999999993, 0.4]","[0.4799984800104797, 0.24000043999544013, 0.16000055999656015, 0.12000051999752008]",state_action_local,1,inf,5,0.05
15,95,Maximum-based,1.0,0.04846232553205403,0.04846232553205403,0.060023538287544476,60,E[Agg(Q_xi)] - Agg(E[Q_xi]),True,"[0.1000000000000001, 0.20000000000000004, 0.29999999999999993, 0.4]","[0.4799984800104797, 0.24000043999544013, 0.16000055999656015, 0.12000051999752008]",state_action_local,1,inf,5,0.05
15,100,Maximum-based,1.0,0.047781351907180726,0.047781351907180726,0.06511185749473114,60,E[Agg(Q_xi)] - Agg(E[Q_xi]),True,"[0.1000000000000001, 0.20000000000000004, 0.29999999999999993, 0.4]","[0.4799984800104797, 0.24000043999544013, 0.16000055999656015, 0.12000051999752008]",state_action_local,1,inf,5,0.05
15,105,Maximum-based,1.0,0.04755431608392678,0.04755431608392678,0.060967904327585476,60,E[Agg(Q_xi)] - Agg(E[Q_xi]),True,"[0.1000000000000001, 0.20000000000000004, 0.29999999999999993, 0.4]","[0.4799984800104797, 0.24000043999544013, 0.16000055999656015, 0.12000051999752008]",state_action_local,1,inf,5,0.05
15,110,Maximum-based,1.0,0.04901659877766737,0.04901659877766737,0.061516476274105614,60,E[Agg(Q_xi)] - Agg(E[Q_xi]),True,"[0.1000000000000001, 0.20000000000000004, 0.29999999999999993, 0.4]","[0.4799984800104797, 0.24000043999544013, 0.16000055999656015, 0.12000051999752008]",state_action_local,1,inf,5,0.05
15,115,Maximum-based,1.0,0.04752429190150783,0.04752429190150783,0.06097916768675926,60,E[Agg(Q_xi)] - Agg(E[Q_xi]),True,"[0.1000000000000001, 0.20000000000000004, 0.29999999999999993, 0.4]","[0.4799984800104797, 0.24000043999544013, 0.16000055999656015, 0.12000051999752008]",state_action_local,1,inf,5,0.05
15,120,Maximum-based,1.0,0.04811237864282625,0.04811237864282625,0.061212344985452916,60,E[Agg(Q_xi)] - Agg(E[Q_xi]),True,"[0.1000000000000001, 0.20000000000000004, 0.29999999999999993, 0.4]","[0.4799984800104797, 0.24000043999544013, 0.16000055999656015, 0.12000051999752008]",state_action_local,1,inf,5,0.05
15,125,Maximum-based,1.0,0.04836510482557674,0.04836510482557674,0.060791561035665076,60,E[Agg(Q_xi)] - Agg(E[Q_xi]),True,"[0.1000000000000001, 0.20000000000000004, 0.29999999999999993, 0.4]","[0.4799984800104797, 0.24000043999544013, 0.16000055999656015, 0.12000051999752008]",state_action_local,1,inf,5,0.05
15,130,Maximum-based,1.0,0.047888544048235365,0.047888544048235365,0.06611284175666743,60,E[Agg(Q_xi)] - Agg(E[Q_xi]),True,"[0.1000000000000001, 0.20000000000000004, 0.29999999999999993, 0.4]","[0.4799984800104797, 0.24000043999544013, 0.16000055999656015, 0.12000051999752008]",state_action_local,1,inf,5,0.05
15,135,Maximum-based,1.0,0.0483324467262822,0.0483324467262822,0.06689506947711887,60,E[Agg(Q_xi)] - Agg(E[Q_xi]),True,"[0.1000000000000001, 0.20000000000000004, 0.29999999999999993, 0.4]","[0.4799984800104797, 0.24000043999544013, 0.16000055999656015, 0.12000051999752008]",state_action_local,1,inf,5,0.05
15,140,Maximum-based,1.0,0.04803796706015586,0.04803796706015586,0.06336854661878988,60,E[Agg(Q_xi)] - Agg(E[Q_xi]),True,"[0.1000000000000001, 0.20000000000000004, 0.29999999999999993, 0.4]","[0.4799984800104797, 0.24000043999544013, 0.16000055999656015, 0.12000051999752008]",state_action_local,1,inf,5,0.05
15,145,Maximum-based,1.0,0.04784176350576852,0.04784176350576852,0.060888840502270725,60,E[Agg(Q_xi)] - Agg(E[Q_xi]),True,"[0.1000000000000001, 0.20000000000000004, 0.29999999999999993, 0.4]","[0.4799984800104797, 0.24000043999544013, 0.16000055999656015, 0.12000051999752008]",state_action_local,1,inf,5,0.05
15,150,Maximum-based,1.0,0.048266718631017586,0.048266718631017586,0.06275525265596205,60,E[Agg(Q_xi)] - Agg(E[Q_xi]),True,"[0.1000000000000001, 0.20000000000000004, 0.29999999999999993, 0.4]","[0.4799984800104797, 0.24000043999544013, 0.16000055999656015, 0.12000051999752008]",state_action_local,1,inf,5,0.05
15,155,Maximum-based,1.0,0.04779194610250567,0.04779194610250567,0.06071288646877182,60,E[Agg(Q_xi)] - Agg(E[Q_xi]),True,"[0.1000000000000001, 0.20000000000000004, 0.29999999999999993, 0.4]","[0.4799984800104797, 0.24000043999544013, 0.16000055999656015, 0.12000051999752008]",state_action_local,1,inf,5,0.05
15,160,Maximum-based,1.0,0.04822482467351827,0.04822482467351827,0.060540549192818816,60,E[Agg(Q_xi)] - Agg(E[Q_xi]),True,"[0.1000000000000001, 0.20000000000000004, 0.29999999999999993, 0.4]","[0.4799984800104797, 0.24000043999544013, 0.16000055999656015, 0.12000051999752008]",state_action_local,1,inf,5,0.05
15,165,Maximum-based,1.0,0.04767556873311317,0.04767556873311317,0.0646878755233562,60,E[Agg(Q_xi)] - Agg(E[Q_xi]),True,"[0.1000000000000001, 0.20000000000000004, 0.29999999999999993, 0.4]","[0.4799984800104797, 0.24000043999544013, 0.16000055999656015, 0.12000051999752008]",state_action_local,1,inf,5,0.05
15,170,Maximum-based,1.0,0.04884043931371231,0.04884043931371231,0.06175896644376522,60,E[Agg(Q_xi)] - Agg(E[Q_xi]),True,"[0.1000000000000001, 0.20000000000000004, 0.29999999999999993, 0.4]","[0.4799984800104797, 0.24000043999544013, 0.16000055999656015, 0.12000051999752008]",state_action_local,1,inf,5,0.05
15,175,Maximum-based,1.0,0.04833377503572237,0.04833377503572237,0.062080786609642225,60,E[Agg(Q_xi)] - Agg(E[Q_xi]),True,"[0.1000000000000001, 0.20000000000000004, 0.29999999999999993, 0.4]","[0.4799984800104797, 0.24000043999544013, 0.16000055999656015, 0.12000051999752008]",state_action_local,1,inf,5,0.05
15,180,Maximum-based,1.0,0.04752812117362874,0.04752812117362874,0.06012317027648706,60,E[Agg(Q_xi)] - Agg(E[Q_xi]),True,"[0.1000000000000001, 0.20000000000000004, 0.29999999999999993, 0.4]","[0.4799984800104797, 0.24000043999544013, 0.16000055999656015, 0.12000051999752008]",state_action_local,1,inf,5,0.05
15,185,Maximum-based,1.0,0.048198301458851546,0.048198301458851546,0.06537538939154874,60,E[Agg(Q_xi)] - Agg(E[Q_xi]),True,"[0.1000000000000001, 0.20000000000000004, 0.29999999999999993, 0.4]","[0.4799984800104797, 0.24000043999544013, 0.16000055999656015, 0.12000051999752008]",state_action_local,1,inf,5,0.05
15,190,Maximum-based,1.0,0.04835722877317043,0.04835722877317043,0.06407086709837717,60,E[Agg(Q_xi)] - Agg(E[Q_xi]),True,"[0.1000000000000001, 0.20000000000000004, 0.29999999999999993, 0.4]","[0.4799984800104797, 0.24000043999544013, 0.16000055999656015, 0.12000051999752008]",state_action_local,1,inf,5,0.05
15,195,Maximum-based,1.0,0.047319082775992595,0.047319082775992595,0.058767067200612644,60,E[Agg(Q_xi)] - Agg(E[Q_xi]),True,"[0.1000000000000001, 0.20000000000000004, 0.29999999999999993, 0.4]","[0.4799984800104797, 0.24000043999544013, 0.16000055999656015, 0.12000051999752008]",state_action_local,1,inf,5,0.05
15,200,Maximum-based,1.0,0.04766609349025256,0.04766609349025256,0.06199888015387511,60,E[Agg(Q_xi)] - Agg(E[Q_xi]),True,"[0.1000000000000001, 0.20000000000000004, 0.29999999999999993, 0.4]","[0.4799984800104797, 0.24000043999544013, 0.16000055999656015, 0.12000051999752008]",state_action_local,1,inf,5,0.05
15,205,Maximum-based,1.0,0.04753685005840809,0.04753685005840809,0.05919822664200858,60,E[Agg(Q_xi)] - Agg(E[Q_xi]),True,"[0.1000000000000001, 0.20000000000000004, 0.29999999999999993, 0.4]","[0.4799984800104797, 0.24000043999544013, 0.16000055999656015, 0.12000051999752008]",state_action_local,1,inf,5,0.05
15,210,Maximum-based,1.0,0.04712124017880408,0.04712124017880408,0.06592933360792586,60,E[Agg(Q_xi)] - Agg(E[Q_xi]),True,"[0.1000000000000001, 0.20000000000000004, 0.29999999999999993, 0.4]","[0.4799984800104797, 0.24000043999544013, 0.16000055999656015, 0.12000051999752008]",state_action_local,1,inf,5,0.05
15,215,Maximum-based,1.0,0.04876351391453134,0.04876351391453134,0.061146363151948435,60,E[Agg(Q_xi)] - Agg(E[Q_xi]),True,"[0.1000000000000001, 0.20000000000000004, 0.29999999999999993, 0.4]","[0.4799984800104797, 0.24000043999544013, 0.16000055999656015, 0.12000051999752008]",state_action_local,1,inf,5,0.05
15,220,Maximum-based,1.0,0.04812628760527241,0.04812628760527241,0.06407299395641886,60,E[Agg(Q_xi)] - Agg(E[Q_xi]),True,"[0.1000000000000001, 0.20000000000000004, 0.29999999999999993, 0.4]","[0.4799984800104797, 0.24000043999544013, 0.16000055999656015, 0.12000051999752008]",state_action_local,1,inf,5,0.05
15,225,Maximum-based,1.0,0.048395475870147725,0.048395475870147725,0.06289172027951206,60,E[Agg(Q_xi)] - Agg(E[Q_xi]),True,"[0.1000000000000001, 0.20000000000000004, 0.29999999999999993, 0.4]","[0.4799984800104797, 0.24000043999544013, 0.16000055999656015, 0.12000051999752008]",state_action_local,1,inf,5,0.05
15,230,Maximum-based,1.0,0.04831463272040971,0.04831463272040971,0.06548818201813855,60,E[Agg(Q_xi)] - Agg(E[Q_xi]),True,"[0.1000000000000001, 0.20000000000000004, 0.29999999999999993, 0.4]","[0.4799984800104797, 0.24000043999544013, 0.16000055999656015, 0.12000051999752008]",state_action_local,1,inf,5,0.05
15,235,Maximum-based,1.0,0.048242119373641854,0.048242119373641854,0.06228312679331083,60,E[Agg(Q_xi)] - Agg(E[Q_xi]),True,"[0.1000000000000001, 0.20000000000000004, 0.29999999999999993, 0.4]","[0.4799984800104797, 0.24000043999544013, 0.16000055999656015, 0.12000051999752008]",state_action_local,1,inf,5,0.05
15,240,Maximum-based,1.0,0.04749928908597681,0.04749928908597681,0.05965267251478501,60,E[Agg(Q_xi)] - Agg(E[Q_xi]),True,"[0.1000000000000001, 0.20000000000000004, 0.29999999999999993, 0.4]","[0.4799984800104797, 0.24000043999544013, 0.16000055999656015, 0.12000051999752008]",state_action_local,1,inf,5,0.05
15,245,Maximum-based,1.0,0.04800228236047068,0.04800228236047068,0.060562495725928756,60,E[Agg(Q_xi)] - Agg(E[Q_xi]),True,"[0.1000000000000001, 0.20000000000000004, 0.29999999999999993, 0.4]","[0.4799984800104797, 0.24000043999544013, 0.16000055999656015, 0.12000051999752008]",state_action_local,1,inf,5,0.05
15,250,Maximum-based,1.0,0.04844388589804754,0.04844388589804754,0.07226266356821576,60,E[Agg(Q_xi)] - Agg(E[Q_xi]),True,"[0.1000000000000001, 0.20000000000000004, 0.29999999999999993, 0.4]","[0.4799984800104797, 0.24000043999544013, 0.16000055999656015, 0.12000051999752008]",state_action_local,1,inf,5,0.05
15,255,Maximum-based,1.0,0.04845613560881183,0.04845613560881183,0.0627772552271999,60,E[Agg(Q_xi)] - Agg(E[Q_xi]),True,"[0.1000000000000001, 0.20000000000000004, 0.29999999999999993, 0.4]","[0.4799984800104797, 0.24000043999544013, 0.16000055999656015, 0.12000051999752008]",state_action_local,1,inf,5,0.05
15,260,Maximum-based,1.0,0.04775617864439,0.04775617864439,0.06348473686848166,60,E[Agg(Q_xi)] - Agg(E[Q_xi]),True,"[0.1000000000000001, 0.20000000000000004, 0.29999999999999993, 0.4]","[0.4799984800104797, 0.24000043999544013, 0.16000055999656015, 0.12000051999752008]",state_action_local,1,inf,5,0.05
15,265,Maximum-based,1.0,0.048288488011923335,0.048288488011923335,0.061876297340511144,60,E[Agg(Q_xi)] - Agg(E[Q_xi]),True,"[0.1000000000000001, 0.20000000000000004, 0.29999999999999993, 0.4]","[0.4799984800104797, 0.24000043999544013, 0.16000055999656015, 0.12000051999752008]",state_action_local,1,inf,5,0.05
15,270,Maximum-based,1.0,0.048318939637859055,0.048318939637859055,0.06209201777484097,60,E[Agg(Q_xi)] - Agg(E[Q_xi]),True,"[0.1000000000000001, 0.20000000000000004, 0.29999999999999993, 0.4]","[0.4799984800104797, 0.24000043999544013, 0.16000055999656015, 0.12000051999752008]",state_action_local,1,inf,5,0.05
15,275,Maximum-based,1.0,0.047371548796144046,0.047371548796144046,0.06901320281926537,60,E[Agg(Q_xi)] - Agg(E[Q_xi]),True,"[0.1000000000000001, 0.20000000000000004, 0.29999999999999993, 0.4]","[0.4799984800104797, 0.24000043999544013, 0.16000055999656015, 0.12000051999752008]",state_action_local,1,inf,5,0.05
15,280,Maximum-based,1.0,0.04793297183455136,0.04793297183455136,0.06352599697299866,60,E[Agg(Q_xi)] - Agg(E[Q_xi]),True,"[0.1000000000000001, 0.20000000000000004, 0.29999999999999993, 0.4]","[0.4799984800104797, 0.24000043999544013, 0.16000055999656015, 0.12000051999752008]",state_action_local,1,inf,5,0.05
15,285,Maximum-based,1.0,0.0474604025424077,0.0474604025424077,0.06098490648500032,60,E[Agg(Q_xi)] - Agg(E[Q_xi]),True,"[0.1000000000000001, 0.20000000000000004, 0.29999999999999993, 0.4]","[0.4799984800104797, 0.24000043999544013, 0.16000055999656015, 0.12000051999752008]",state_action_local,1,inf,5,0.05
15,290,Maximum-based,1.0,0.047642041589477095,0.047642041589477095,0.06325113889543132,60,E[Agg(Q_xi)] - Agg(E[Q_xi]),True,"[0.1000000000000001, 0.20000000000000004, 0.29999999999999993, 0.4]","[0.4799984800104797, 0.24000043999544013, 0.16000055999656015, 0.12000051999752008]",state_action_local,1,inf,5,0.05
15,295,Maximum-based,1.0,0.0484524543235788,0.0484524543235788,0.06457289291571833,60,E[Agg(Q_xi)] - Agg(E[Q_xi]),True,"[0.1000000000000001, 0.20000000000000004, 0.29999999999999993, 0.4]","[0.4799984800104797, 0.24000043999544013, 0.16000055999656015, 0.12000051999752008]",state_action_local,1,inf,5,0.05
15,300,Maximum-based,1.0,0.048109777900120394,0.048109777900120394,0.0624240875741382,60,E[Agg(Q_xi)] - Agg(E[Q_xi]),True,"[0.1000000000000001, 0.20000000000000004, 0.29999999999999993, 0.4]","[0.4799984800104797, 0.24000043999544013, 0.16000055999656015, 0.12000051999752008]",state_action_local,1,inf,5,0.05
15,305,Maximum-based,1.0,0.04735368266792238,0.04735368266792238,0.05886617147839068,60,E[Agg(Q_xi)] - Agg(E[Q_xi]),True,"[0.1000000000000001, 0.20000000000000004, 0.29999999999999993, 0.4]","[0.4799984800104797, 0.24000043999544013, 0.16000055999656015, 0.12000051999752008]",state_action_local,1,inf,5,0.05
15,310,Maximum-based,1.0,0.0480731354077791,0.0480731354077791,0.06073476636423081,60,E[Agg(Q_xi)] - Agg(E[Q_xi]),True,"[0.1000000000000001, 0.20000000000000004, 0.29999999999999993, 0.4]","[0.4799984800104797, 0.24000043999544013, 0.16000055999656015, 0.12000051999752008]",state_action_local,1,inf,5,0.05
15,315,Maximum-based,1.0,0.048457127876725625,0.048457127876725625,0.06578389398659823,60,E[Agg(Q_xi)] - Agg(E[Q_xi]),True,"[0.1000000000000001, 0.20000000000000004, 0.29999999999999993, 0.4]","[0.4799984800104797, 0.24000043999544013, 0.16000055999656015, 0.12000051999752008]",state_action_local,1,inf,5,0.05
15,320,Maximum-based,1.0,0.04831371169623559,0.04831371169623559,0.061090340714569535,60,E[Agg(Q_xi)] - Agg(E[Q_xi]),True,"[0.1000000000000001, 0.20000000000000004, 0.29999999999999993, 0.4]","[0.4799984800104797, 0.24000043999544013, 0.16000055999656015, 0.12000051999752008]",state_action_local,1,inf,5,0.05
15,325,Maximum-based,1.0,0.04815532636668361,0.04815532636668361,0.059465946279095405,60,E[Agg(Q_xi)] - Agg(E[Q_xi]),True,"[0.1000000000000001, 0.20000000000000004, 0.29999999999999993, 0.4]","[0.4799984800104797, 0.24000043999544013, 0.16000055999656015, 0.12000051999752008]",state_action_local,1,inf,5,0.05
15,330,Maximum-based,1.0,0.04740579869109697,0.04740579869109697,0.07402290006370116,60,E[Agg(Q_xi)] - Agg(E[Q_xi]),True,"[0.1000000000000001, 0.20000000000000004, 0.29999999999999993, 0.4]","[0.4799984800104797, 0.24000043999544013, 0.16000055999656015, 0.12000051999752008]",state_action_local,1,inf,5,0.05
15,335,Maximum-based,1.0,0.04722480872222764,0.04722480872222764,0.06313049614959354,60,E[Agg(Q_xi)] - Agg(E[Q_xi]),True,"[0.1000000000000001, 0.20000000000000004, 0.29999999999999993, 0.4]","[0.4799984800104797, 0.24000043999544013, 0.16000055999656015, 0.12000051999752008]",state_action_local,1,inf,5,0.05
15,340,Maximum-based,1.0,0.04730294230544317,0.04730294230544317,0.06314907412834891,60,E[Agg(Q_xi)] - Agg(E[Q_xi]),True,"[0.1000000000000001, 0.20000000000000004, 0.29999999999999993, 0.4]","[0.4799984800104797, 0.24000043999544013, 0.16000055999656015, 0.12000051999752008]",state_action_local,1,inf,5,0.05
15,345,Maximum-based,1.0,0.04811633124861367,0.04811633124861367,0.06030158160117871,60,E[Agg(Q_xi)] - Agg(E[Q_xi]),True,"[0.1000000000000001, 0.20000000000000004, 0.29999999999999993, 0.4]","[0.4799984800104797, 0.24000043999544013, 0.16000055999656015, 0.12000051999752008]",state_action_local,1,inf,5,0.05
15,350,Maximum-based,1.0,0.04741126654189027,0.04741126654189027,0.05983865155750223,60,E[Agg(Q_xi)] - Agg(E[Q_xi]),True,"[0.1000000000000001, 0.20000000000000004, 0.29999999999999993, 0.4]","[0.4799984800104797, 0.24000043999544013, 0.16000055999656015, 0.12000051999752008]",state_action_local,1,inf,5,0.05
15,355,Maximum-based,1.0,0.04774496721774823,0.04774496721774823,0.06041539685099906,60,E[Agg(Q_xi)] - Agg(E[Q_xi]),True,"[0.1000000000000001, 0.20000000000000004, 0.29999999999999993, 0.4]","[0.4799984800104797, 0.24000043999544013, 0.16000055999656015, 0.12000051999752008]",state_action_local,1,inf,5,0.05
15,360,Maximum-based,1.0,0.047364639777820176,0.047364639777820176,0.06701675685697239,60,E[Agg(Q_xi)] - Agg(E[Q_xi]),True,"[0.1000000000000001, 0.20000000000000004, 0.29999999999999993, 0.4]","[0.4799984800104797, 0.24000043999544013, 0.16000055999656015, 0.12000051999752008]",state_action_local,1,inf,5,0.05
15,365,Maximum-based,1.0,0.048400479257275954,0.048400479257275954,0.06533511554330396,60,E[Agg(Q_xi)] - Agg(E[Q_xi]),True,"[0.1000000000000001, 0.20000000000000004, 0.29999999999999993, 0.4]","[0.4799984800104797, 0.24000043999544013, 0.16000055999656015, 0.12000051999752008]",state_action_local,1,inf,5,0.05
15,370,Maximum-based,1.0,0.047936358864264374,0.047936358864264374,0.0636548702629316,60,E[Agg(Q_xi)] - Agg(E[Q_xi]),True,"[0.1000000000000001, 0.20000000000000004, 0.29999999999999993, 0.4]","[0.4799984800104797, 0.24000043999544013, 0.16000055999656015, 0.12000051999752008]",state_action_local,1,inf,5,0.05
15,375,Maximum-based,1.0,0.04759026703017624,0.04759026703017624,0.064456646711605,60,E[Agg(Q_xi)] - Agg(E[Q_xi]),True,"[0.1000000000000001, 0.20000000000000004, 0.29999999999999993, 0.4]","[0.4799984800104797, 0.24000043999544013, 0.16000055999656015, 0.12000051999752008]",state_action_local,1,inf,5,0.05
15,380,Maximum-based,1.0,0.04846092734136203,0.04846092734136203,0.07248245716973933,60,E[Agg(Q_xi)] - Agg(E[Q_xi]),True,"[0.1000000000000001, 0.20000000000000004, 0.29999999999999993, 0.4]","[0.4799984800104797, 0.24000043999544013, 0.16000055999656015, 0.12000051999752008]",state_action_local,1,inf,5,0.05
15,385,Maximum-based,1.0,0.04790953135203228,0.04790953135203228,0.060546655370938396,60,E[Agg(Q_xi)] - Agg(E[Q_xi]),True,"[0.1000000000000001, 0.20000000000000004, 0.29999999999999993, 0.4]","[0.4799984800104797, 0.24000043999544013, 0.16000055999656015, 0.12000051999752008]",state_action_local,1,inf,5,0.05
15,390,Maximum-based,1.0,0.04747740869739384,0.04747740869739384,0.06484307930659128,60,E[Agg(Q_xi)] - Agg(E[Q_xi]),True,"[0.1000000000000001, 0.20000000000000004, 0.29999999999999993, 0.4]","[0.4799984800104797, 0.24000043999544013, 0.16000055999656015, 0.12000051999752008]",state_action_local,1,inf,5,0.05
15,395,Maximum-based,1.0,0.04781928919324779,0.04781928919324779,0.06588738224520085,60,E[Agg(Q_xi)] - Agg(E[Q_xi]),True,"[0.1000000000000001, 0.20000000000000004, 0.29999999999999993, 0.4]","[0.4799984800104797, 0.24000043999544013, 0.16000055999656015, 0.12000051999752008]",state_action_local,1,inf,5,0.05
15,400,Maximum-based,1.0,0.047588957930612207,0.047588957930612207,0.06100588568396503,60,E[Agg(Q_xi)] - Agg(E[Q_xi]),True,"[0.1000000000000001, 0.20000000000000004, 0.29999999999999993, 0.4]","[0.4799984800104797, 0.24000043999544013, 0.16000055999656015, 0.12000051999752008]",state_action_local,1,inf,5,0.05
15,5,Similarity-aware,1.0,2.7466455036299444e-18,1.4976446009266434e-17,1.1102230246251565e-16,60,E[Agg(Q_xi)] - Agg(E[Q_xi]),True,"[0.1000000000000001, 0.20000000000000004, 0.29999999999999993, 0.4]","[0.4799984800104797, 0.24000043999544013, 0.16000055999656015, 0.12000051999752008]",state_action_local,1,inf,5,0.05
15,10,Similarity-aware,1.0,7.28583859910259e-18,2.983724378680108e-17,2.7755575615628914e-16,60,E[Agg(Q_xi)] - Agg(E[Q_xi]),True,"[0.1000000000000001, 0.20000000000000004, 0.29999999999999993, 0.4]","[0.4799984800104797, 0.24000043999544013, 0.16000055999656015, 0.12000051999752008]",state_action_local,1,inf,5,0.05
15,15,Similarity-aware,1.0,4.394632805807911e-18,4.0476881106125497e-17,3.3306690738754696e-16,60,E[Agg(Q_xi)] - Agg(E[Q_xi]),True,"[0.1000000000000001, 0.20000000000000004, 0.29999999999999993, 0.4]","[0.4799984800104797, 0.24000043999544013, 0.16000055999656015, 0.12000051999752008]",state_action_local,1,inf,5,0.05
15,20,Similarity-aware,1.0,4.625929269271486e-19,5.0653925498522766e-17,4.440892098500626e-16,60,E[Agg(Q_xi)] - Agg(E[Q_xi]),True,"[0.1000000000000001, 0.20000000000000004, 0.29999999999999993, 0.4]","[0.4799984800104797, 0.24000043999544013, 0.16000055999656015, 0.12000051999752008]",state_action_local,1,inf,5,0.05
15,25,Similarity-aware,1.0,-1.7115938296304497e-17,5.967448757360216e-17,5.551115123125783e-16,60,E[Agg(Q_xi)] - Agg(E[Q_xi]),True,"[0.1000000000000001, 0.20000000000000004, 0.29999999999999993, 0.4]","[0.4799984800104797, 0.24000043999544013, 0.16000055999656015, 0.12000051999752008]",state_action_local,1,inf,5,0.05
15,30,Similarity-aware,1.0,-6.47630097698008e-18,7.864079757761526e-17,8.881784197001252e-16,60,E[Agg(Q_xi)] - Agg(E[Q_xi]),True,"[0.1000000000000001, 0.20000000000000004, 0.29999999999999993, 0.4]","[0.4799984800104797, 0.24000043999544013, 0.16000055999656015, 0.12000051999752008]",state_action_local,1,inf,5,0.05
15,35,Similarity-aware,1.0,5.551115123125783e-18,1.0454600148553557e-16,1.1102230246251565e-15,60,E[Agg(Q_xi)] - Agg(E[Q_xi]),True,"[0.1000000000000001, 0.20000000000000004, 0.29999999999999993, 0.4]","[0.4799984800104797, 0.24000043999544013, 0.16000055999656015, 0.12000051999752008]",state_action_local,1,inf,5,0.05
15,40,Similarity-aware,1.0,-5.551115123125783e-18,1.3507713466272737e-16,1.3322676295501878e-15,60,E[Agg(Q_xi)] - Agg(E[Q_xi]),True,"[0.1000000000000001, 0.20000000000000004, 0.29999999999999993, 0.4]","[0.4799984800104797, 0.24000043999544013, 0.16000055999656015, 0.12000051999752008]",state_action_local,1,inf,5,0.05
15,45,Similarity-aware,1.0,-6.47630097698008e-17,1.0177044392397268e-16,1.3322676295501878e-15,60,E[Agg(Q_xi)] - Agg(E[Q_xi]),True,"[0.1000000000000001, 0.20000000000000004, 0.29999999999999993, 0.4]","[0.4799984800104797, 0.24000043999544013, 0.16000055999656015, 0.12000051999752008]",state_action_local,1,inf,5,0.05
15,50,Similarity-aware,1.0,-5.551115123125783e-18,1.4525417905512465e-16,1.1102230246251565e-15,60,E[Agg(Q_xi)] - Agg(E[Q_xi]),True,"[0.1000000000000001, 0.20000000000000004, 0.29999999999999993, 0.4]","[0.4799984800104797, 0.24000043999544013, 0.16000055999656015, 0.12000051999752008]",state_action_local,1,inf,5,0.05
15,55,Similarity-aware,1.0,-1.6653345369377347e-17,1.646830819860649e-16,1.3322676295501878e-15,60,E[Agg(Q_xi)] - Agg(E[Q_xi]),True,"[0.1000000000000001, 0.20000000000000004, 0.29999999999999993, 0.4]","[0.4799984800104797, 0.24000043999544013, 0.16000055999656015, 0.12000051999752008]",state_action_local,1,inf,5,0.05
15,60,Similarity-aware,1.0,-7.401486830834377e-18,1.6283271027835628e-16,1.1102230246251565e-15,60,E[Agg(Q_xi)] - Agg(E[Q_xi]),True,"[0.1000000000000001, 0.20000000000000004, 0.29999999999999993, 0.4]","[0.4799984800104797, 0.24000043999544013, 0.16000055999656015, 0.12000051999752008]",state_action_local,1,inf,5,0.05
15,65,Similarity-aware,1.0,5.921189464667501e-17,2.0169051614023677e-16,1.3322676295501878e-15,60,E[Agg(Q_xi)] - Agg(E[Q_xi]),True,"[0.1000000000000001, 0.20000000000000004, 0.29999999999999993, 0.4]","[0.4799984800104797, 0.24000043999544013, 0.16000055999656015, 0.12000051999752008]",state_action_local,1,inf,5,0.05
15,70,Similarity-aware,1.0,-5.736152293896643e-17,1.942890293094024e-16,1.7763568394002505e-15,60,E[Agg(Q_xi)] - Agg(E[Q_xi]),True,"[0.1000000000000001, 0.20000000000000004, 0.29999999999999993, 0.4]","[0.4799984800104797, 0.24000043999544013, 0.16000055999656015, 0.12000051999752008]",state_action_local,1,inf,5,0.05
15,75,Similarity-aware,1.0,-2.590520390792032e-17,1.7763568394002506e-16,1.7763568394002505e-15,60,E[Agg(Q_xi)] - Agg(E[Q_xi]),True,"[0.1000000000000001, 0.20000000000000004, 0.29999999999999993, 0.4]","[0.4799984800104797, 0.24000043999544013, 0.16000055999656015, 0.12000051999752008]",state_action_local,1,inf,5,0.05
15,80,Similarity-aware,1.0,-9.806970050855549e-17,1.887379141862766e-16,1.7763568394002505e-15,60,E[Agg(Q_xi)] - Agg(E[Q_xi]),True,"[0.1000000000000001, 0.20000000000000004, 0.29999999999999993, 0.4]","[0.4799984800104797, 0.24000043999544013, 0.16000055999656015, 0.12000051999752008]",state_action_local,1,inf,5,0.05
15,85,Similarity-aware,1.0,-8.141635513917814e-17,2.3684757858670006e-16,1.7763568394002505e-15,60,E[Agg(Q_xi)] - Agg(E[Q_xi]),True,"[0.1000000000000001, 0.20000000000000004, 0.29999999999999993, 0.4]","[0.4799984800104797, 0.24000043999544013, 0.16000055999656015, 0.12000051999752008]",state_action_local,1,inf,5,0.05
15,90,Similarity-aware,1.0,5.921189464667501e-17,3.3306690738754696e-16,2.220446049250313e-15,60,E[Agg(Q_xi)] - Agg(E[Q_xi]),True,"[0.1000000000000001, 0.20000000000000004, 0.29999999999999993, 0.4]","[0.4799984800104797, 0.24000043999544013, 0.16000055999656015, 0.12000051999752008]",state_action_local,1,inf,5,0.05
15,95,Similarity-aware,1.0,2.960594732333751e-17,3.108624468950438e-16,2.6645352591003757e-15,60,E[Agg(Q_xi)] - Agg(E[Q_xi]),True,"[0.1000000000000001, 0.20000000000000004, 0.29999999999999993, 0.4]","[0.4799984800104797, 0.24000043999544013, 0.16000055999656015, 0.12000051999752008]",state_action_local,1,inf,5,0.05
15,100,Similarity-aware,1.0,1.4802973661668754e-17,3.1456319031046104e-16,1.7763568394002505e-15,60,E[Agg(Q_xi)] - Agg(E[Q_xi]),True,"[0.1000000000000001, 0.20000000000000004, 0.29999999999999993, 0.4]","[0.4799984800104797, 0.24000043999544013, 0.16000055999656015, 0.12000051999752008]",state_action_local,1,inf,5,0.05
15,105,Similarity-aware,1.0,-4.4408920985006264e-17,3.219646771412954e-16,2.220446049250313e-15,60,E[Agg(Q_xi)] - Agg(E[Q_xi]),True,"[0.1000000000000001, 0.20000000000000004, 0.29999999999999993, 0.4]","[0.4799984800104797, 0.24000043999544013, 0.16000055999656015, 0.12000051999752008]",state_action_local,1,inf,5,0.05
15,110,Similarity-aware,1.0,1.5173048003210473e-16,4.1078251911130794e-16,2.6645352591003757e-15,60,E[Agg(Q_xi)] - Agg(E[Q_xi]),True,"[0.1000000000000001, 0.20000000000000004, 0.29999999999999993, 0.4]","[0.4799984800104797, 0.24000043999544013, 0.16000055999656015, 0.12000051999752008]",state_action_local,1,inf,5,0.05
15,115,Similarity-aware,1.0,-3.7007434154171884e-18,3.6267285471088446e-16,2.6645352591003757e-15,60,E[Agg(Q_xi)] - Agg(E[Q_xi]),True,"[0.1000000000000001, 0.20000000000000004, 0.29999999999999993, 0.4]","[0.4799984800104797, 0.24000043999544013, 0.16000055999656015, 0.12000051999752008]",state_action_local,1,inf,5,0.05
15,120,Similarity-aware,1.0,7.401486830834377e-18,3.515706244646329e-16,2.6645352591003757e-15,60,E[Agg(Q_xi)] - Agg(E[Q_xi]),True,"[0.1000000000000001, 0.20000000000000004, 0.29999999999999993, 0.4]","[0.4799984800104797, 0.24000043999544013, 0.16000055999656015, 0.12000051999752008]",state_action_local,1,inf,5,0.05
15,125,Similarity-aware,1.0,-1.295260195396016e-16,3.182639337258782e-16,2.6645352591003757e-15,60,E[Agg(Q_xi)] - Agg(E[Q_xi]),True,"[0.1000000000000001, 0.20000000000000004, 0.29999999999999993, 0.4]","[0.4799984800104797, 0.24000043999544013, 0.16000055999656015, 0.12000051999752008]",state_action_local,1,inf,5,0.05
15,130,Similarity-aware,1.0,5.181040781584064e-17,4.588921835117314e-16,3.552713678800501e-15,60,E[Agg(Q_xi)] - Agg(E[Q_xi]),True,"[0.1000000000000001, 0.20000000000000004, 0.29999999999999993, 0.4]","[0.4799984800104797, 0.24000043999544013, 0.16000055999656015, 0.12000051999752008]",state_action_local,1,inf,5,0.05
15,135,Similarity-aware,1.0,-1.1472304587793285e-16,2.997602166487923e-16,3.1086244689504383e-15,60,E[Agg(Q_xi)] - Agg(E[Q_xi]),True,"[0.1000000000000001, 0.20000000000000004, 0.29999999999999993, 0.4]","[0.4799984800104797, 0.24000043999544013, 0.16000055999656015, 0.12000051999752008]",state_action_local,1,inf,5,0.05
15,140,Similarity-aware,1.0,-9.251858538542972e-17,3.478698810492157e-16,2.6645352591003757e-15,60,E[Agg(Q_xi)] - Agg(E[Q_xi]),True,"[0.1000000000000001, 0.20000000000000004, 0.29999999999999993, 0.4]","[0.4799984800104797, 0.24000043999544013, 0.16000055999656015, 0.12000051999752008]",state_action_local,1,inf,5,0.05
15,145,Similarity-aware,1.0,9.992007221626409e-17,3.9968028886505636e-16,3.552713678800501e-15,60,E[Agg(Q_xi)] - Agg(E[Q_xi]),True,"[0.1000000000000001, 0.20000000000000004, 0.29999999999999993, 0.4]","[0.4799984800104797, 0.24000043999544013, 0.16000055999656015, 0.12000051999752008]",state_action_local,1,inf,5,0.05
15,150,Similarity-aware,1.0,-4.070817756958907e-17,4.0338103228047354e-16,2.6645352591003757e-15,60,E[Agg(Q_xi)] - Agg(E[Q_xi]),True,"[0.1000000000000001, 0.20000000000000004, 0.29999999999999993, 0.4]","[0.4799984800104797, 0.24000043999544013, 0.16000055999656015, 0.12000051999752008]",state_action_local,1,inf,5,0.05
15,155,Similarity-aware,1.0,3.3306690738754695e-17,4.662936703425658e-16,3.552713678800501e-15,60,E[Agg(Q_xi)] - Agg(E[Q_xi]),True,"[0.1000000000000001, 0.20000000000000004, 0.29999999999999993, 0.4]","[0.4799984800104797, 0.24000043999544013, 0.16000055999656015, 0.12000051999752008]",state_action_local,1,inf,5,0.05
15,160,Similarity-aware,1.0,4.810966440042345e-17,3.9968028886505636e-16,3.552713678800501e-15,60,E[Agg(Q_xi)] - Agg(E[Q_xi]),True,"[0.1000000000000001, 0.20000000000000004, 0.29999999999999993, 0.4]","[0.4799984800104797, 0.24000043999544013, 0.16000055999656015, 0.12000051999752008]",state_action_local,1,inf,5,0.05
15,165,Similarity-aware,1.0,1.4802973661668754e-17,5.625129991434126e-16,3.552713678800501e-15,60,E[Agg(Q_xi)] - Agg(E[Q_xi]),True,"[0.1000000000000001, 0.20000000000000004, 0.29999999999999993, 0.4]","[0.4799984800104797, 0.24000043999544013, 0.16000055999656015, 0.12000051999752008]",state_action_local,1,inf,5,0.05
15,170,Similarity-aware,1.0,-3.700743415417188e-17,4.810966440042345e-16,4.440892098500626e-15,60,E[Agg(Q_xi)] - Agg(E[Q_xi]),True,"[0.1000000000000001, 0.20000000000000004, 0.29999999999999993, 0.4]","[0.4799984800104797, 0.24000043999544013, 0.16000055999656015, 0.12000051999752008]",state_action_local,1,inf,5,0.05
15,175,Similarity-aware,1.0,-1.554312234475219e-16,4.736951571734001e-16,3.552713678800501e-15,60,E[Agg(Q_xi)] - Agg(E[Q_xi]),True,"[0.1000000000000001, 0.20000000000000004, 0.29999999999999993, 0.4]","[0.4799984800104797, 0.24000043999544013, 0.16000055999656015, 0.12000051999752008]",state_action_local,1,inf,5,0.05
15,180,Similarity-aware,1.0,-2.0724163126336256e-16,4.440892098500626e-16,4.440892098500626e-15,60,E[Agg(Q_xi)] - Agg(E[Q_xi]),True,"[0.1000000000000001, 0.20000000000000004, 0.29999999999999993, 0.4]","[0.4799984800104797, 0.24000043999544013, 0.16000055999656015, 0.12000051999752008]",state_action_local,1,inf,5,0.05
15,185,Similarity-aware,1.0,-7.401486830834377e-18,5.403085386509095e-16,3.552713678800501e-15,60,E[Agg(Q_xi)] - Agg(E[Q_xi]),True,"[0.1000000000000001, 0.20000000000000004, 0.29999999999999993, 0.4]","[0.4799984800104797, 0.24000043999544013, 0.16000055999656015, 0.12000051999752008]",state_action_local,1,inf,5,0.05
15,190,Similarity-aware,1.0,-6.661338147750939e-17,5.181040781584064e-16,4.440892098500626e-15,60,E[Agg(Q_xi)] - Agg(E[Q_xi]),True,"[0.1000000000000001, 0.20000000000000004, 0.29999999999999993, 0.4]","[0.4799984800104797, 0.24000043999544013, 0.16000055999656015, 0.12000051999752008]",state_action_local,1,inf,5,0.05
15,195,Similarity-aware,1.0,1.0362081563168128e-16,6.661338147750939e-16,3.552713678800501e-15,60,E[Agg(Q_xi)] - Agg(E[Q_xi]),True,"[0.1000000000000001, 0.20000000000000004, 0.29999999999999993, 0.4]","[0.4799984800104797, 0.24000043999544013, 0.16000055999656015, 0.12000051999752008]",state_action_local,1,inf,5,0.05
15,200,Similarity-aware,1.0,1.1842378929335003e-16,6.365278674517564e-16,4.440892098500626e-15,60,E[Agg(Q_xi)] - Agg(E[Q_xi]),True,"[0.1000000000000001, 0.20000000000000004, 0.29999999999999993, 0.4]","[0.4799984800104797, 0.24000043999544013, 0.16000055999656015, 0.12000051999752008]",state_action_local,1,inf,5,0.05
15,205,Similarity-aware,1.0,1.1102230246251565e-16,7.031412489292658e-16,4.440892098500626e-15,60,E[Agg(Q_xi)] - Agg(E[Q_xi]),True,"[0.1000000000000001, 0.20000000000000004, 0.29999999999999993, 0.4]","[0.4799984800104797, 0.24000043999544013, 0.16000055999656015, 0.12000051999752008]",state_action_local,1,inf,5,0.05
15,210,Similarity-aware,1.0,5.181040781584064e-17,6.439293542825908e-16,4.440892098500626e-15,60,E[Agg(Q_xi)] - Agg(E[Q_xi]),True,"[0.1000000000000001, 0.20000000000000004, 0.29999999999999993, 0.4]","[0.4799984800104797, 0.24000043999544013, 0.16000055999656015, 0.12000051999752008]",state_action_local,1,inf,5,0.05
15,215,Similarity-aware,1.0,5.921189464667501e-17,5.847174596359158e-16,4.440892098500626e-15,60,E[Agg(Q_xi)] - Agg(E[Q_xi]),True,"[0.1000000000000001, 0.20000000000000004, 0.29999999999999993, 0.4]","[0.4799984800104797, 0.24000043999544013, 0.16000055999656015, 0.12000051999752008]",state_action_local,1,inf,5,0.05
15,220,Similarity-aware,1.0,-9.62193288008469e-17,5.773159728050814e-16,3.552713678800501e-15,60,E[Agg(Q_xi)] - Agg(E[Q_xi]),True,"[0.1000000000000001, 0.20000000000000004, 0.29999999999999993, 0.4]","[0.4799984800104797, 0.24000043999544013, 0.16000055999656015, 0.12000051999752008]",state_action_local,1,inf,5,0.05
15,225,Similarity-aware,1.0,-7.401486830834377e-18,6.365278674517564e-16,5.329070518200751e-15,60,E[Agg(Q_xi)] - Agg(E[Q_xi]),True,"[0.1000000000000001, 0.20000000000000004, 0.29999999999999993, 0.4]","[0.4799984800104797, 0.24000043999544013, 0.16000055999656015, 0.12000051999752008]",state_action_local,1,inf,5,0.05
15,230,Similarity-aware,1.0,-2.0724163126336256e-16,5.329070518200751e-16,5.329070518200751e-15,60,E[Agg(Q_xi)] - Agg(E[Q_xi]),True,"[0.1000000000000001, 0.20000000000000004, 0.29999999999999993, 0.4]","[0.4799984800104797, 0.24000043999544013, 0.16000055999656015, 0.12000051999752008]",state_action_local,1,inf,5,0.05
15,235,Similarity-aware,1.0,-1.6283271027835628e-16,5.625129991434126e-16,4.440892098500626e-15,60,E[Agg(Q_xi)] - Agg(E[Q_xi]),True,"[0.1000000000000001, 0.20000000000000004, 0.29999999999999993, 0.4]","[0.4799984800104797, 0.24000043999544013, 0.16000055999656015, 0.12000051999752008]",state_action_local,1,inf,5,0.05
15,240,Similarity-aware,1.0,7.401486830834377e-17,6.735353016059283e-16,5.329070518200751e-15,60,E[Agg(Q_xi)] - Agg(E[Q_xi]),True,"[0.1000000000000001, 0.20000000000000004, 0.29999999999999993, 0.4]","[0.4799984800104797, 0.24000043999544013, 0.16000055999656015, 0.12000051999752008]",state_action_local,1,inf,5,0.05
15,245,Similarity-aware,1.0,4.4408920985006264e-17,6.957397620984314e-16,5.329070518200751e-15,60,E[Agg(Q_xi)] - Agg(E[Q_xi]),True,"[0.1000000000000001, 0.20000000000000004, 0.29999999999999993, 0.4]","[0.4799984800104797, 0.24000043999544013, 0.16000055999656015, 0.12000051999752008]",state_action_local,1,inf,5,0.05
15,250,Similarity-aware,1.0,-1.4062824978585316e-16,5.921189464667501e-16,6.217248937900877e-15,60,E[Agg(Q_xi)] - Agg(E[Q_xi]),True,"[0.1000000000000001, 0.20000000000000004, 0.29999999999999993, 0.4]","[0.4799984800104797, 0.24000043999544013, 0.16000055999656015, 0.12000051999752008]",state_action_local,1,inf,5,0.05
15,255,Similarity-aware,1.0,2.812564995717063e-16,7.993605777301127e-16,4.440892098500626e-15,60,E[Agg(Q_xi)] - Agg(E[Q_xi]),True,"[0.1000000000000001, 0.20000000000000004, 0.29999999999999993, 0.4]","[0.4799984800104797, 0.24000043999544013, 0.16000055999656015, 0.12000051999752008]",state_action_local,1,inf,5,0.05
15,260,Similarity-aware,1.0,-2.2204460492503132e-17,6.439293542825908e-16,5.329070518200751e-15,60,E[Agg(Q_xi)] - Agg(E[Q_xi]),True,"[0.1000000000000001, 0.20000000000000004, 0.29999999999999993, 0.4]","[0.4799984800104797, 0.24000043999544013, 0.16000055999656015, 0.12000051999752008]",state_action_local,1,inf,5,0.05
15,265,Similarity-aware,1.0,-1.6283271027835628e-16,5.847174596359158e-16,5.329070518200751e-15,60,E[Agg(Q_xi)] - Agg(E[Q_xi]),True,"[0.1000000000000001, 0.20000000000000004, 0.29999999999999993, 0.4]","[0.4799984800104797, 0.24000043999544013, 0.16000055999656015, 0.12000051999752008]",state_action_local,1,inf,5,0.05
15,270,Similarity-aware,1.0,-1.4062824978585316e-16,6.957397620984314e-16,5.329070518200751e-15,60,E[Agg(Q_xi)] - Agg(E[Q_xi]),True,"[0.1000000000000001, 0.20000000000000004, 0.29999999999999993, 0.4]","[0.4799984800104797, 0.24000043999544013, 0.16000055999656015, 0.12000051999752008]",state_action_local,1,inf,5,0.05
15,275,Similarity-aware,1.0,1.4802973661668753e-16,7.623531435759408e-16,3.552713678800501e-15,60,E[Agg(Q_xi)] - Agg(E[Q_xi]),True,"[0.1000000000000001, 0.20000000000000004, 0.29999999999999993, 0.4]","[0.4799984800104797, 0.24000043999544013, 0.16000055999656015, 0.12000051999752008]",state_action_local,1,inf,5,0.05
15,280,Similarity-aware,1.0,1.0362081563168128e-16,7.771561172376096e-16,5.329070518200751e-15,60,E[Agg(Q_xi)] - Agg(E[Q_xi]),True,"[0.1000000000000001, 0.20000000000000004, 0.29999999999999993, 0.4]","[0.4799984800104797, 0.24000043999544013, 0.16000055999656015, 0.12000051999752008]",state_action_local,1,inf,5,0.05
15,285,Similarity-aware,1.0,-1.9984014443252818e-16,5.995204332975846e-16,5.329070518200751e-15,60,E[Agg(Q_xi)] - Agg(E[Q_xi]),True,"[0.1000000000000001, 0.20000000000000004, 0.29999999999999993, 0.4]","[0.4799984800104797, 0.24000043999544013, 0.16000055999656015, 0.12000051999752008]",state_action_local,1,inf,5,0.05
15,290,Similarity-aware,1.0,-2.2204460492503132e-17,6.365278674517564e-16,4.440892098500626e-15,60,E[Agg(Q_xi)] - Agg(E[Q_xi]),True,"[0.1000000000000001, 0.20000000000000004, 0.29999999999999993, 0.4]","[0.4799984800104797, 0.24000043999544013, 0.16000055999656015, 0.12000051999752008]",state_action_local,1,inf,5,0.05
15,295,Similarity-aware,1.0,1.8503717077085943e-16,8.437694987151189e-16,8.881784197001252e-15,60,E[Agg(Q_xi)] - Agg(E[Q_xi]),True,"[0.1000000000000001, 0.20000000000000004, 0.29999999999999993, 0.4]","[0.4799984800104797, 0.24000043999544013, 0.16000055999656015, 0.12000051999752008]",state_action_local,1,inf,5,0.05
15,300,Similarity-aware,1.0,-2.812564995717063e-16,5.403085386509095e-16,4.440892098500626e-15,60,E[Agg(Q_xi)] - Agg(E[Q_xi]),True,"[0.1000000000000001, 0.20000000000000004, 0.29999999999999993, 0.4]","[0.4799984800104797, 0.24000043999544013, 0.16000055999656015, 0.12000051999752008]",state_action_local,1,inf,5,0.05
15,305,Similarity-aware,1.0,-3.700743415417188e-17,6.365278674517564e-16,4.440892098500626e-15,60,E[Agg(Q_xi)] - Agg(E[Q_xi]),True,"[0.1000000000000001, 0.20000000000000004, 0.29999999999999993, 0.4]","[0.4799984800104797, 0.24000043999544013, 0.16000055999656015, 0.12000051999752008]",state_action_local,1,inf,5,0.05
15,310,Similarity-aware,1.0,-1.4802973661668753e-16,6.217248937900876e-16,5.329070518200751e-15,60,E[Agg(Q_xi)] - Agg(E[Q_xi]),True,"[0.1000000000000001, 0.20000000000000004, 0.29999999999999993, 0.4]","[0.4799984800104797, 0.24000043999544013, 0.16000055999656015, 0.12000051999752008]",state_action_local,1,inf,5,0.05
15,315,Similarity-aware,1.0,-1.1842378929335003e-16,6.217248937900876e-16,5.329070518200751e-15,60,E[Agg(Q_xi)] - Agg(E[Q_xi]),True,"[0.1000000000000001, 0.20000000000000004, 0.29999999999999993, 0.4]","[0.4799984800104797, 0.24000043999544013, 0.16000055999656015, 0.12000051999752008]",state_action_local,1,inf,5,0.05
15,320,Similarity-aware,1.0,1.554312234475219e-16,7.919590908992784e-16,5.329070518200751e-15,60,E[Agg(Q_xi)] - Agg(E[Q_xi]),True,"[0.1000000000000001, 0.20000000000000004, 0.29999999999999993, 0.4]","[0.4799984800104797, 0.24000043999544013, 0.16000055999656015, 0.12000051999752008]",state_action_local,1,inf,5,0.05
15,325,Similarity-aware,1.0,2.812564995717063e-16,8.807769328692909e-16,5.329070518200751e-15,60,E[Agg(Q_xi)] - Agg(E[Q_xi]),True,"[0.1000000000000001, 0.20000000000000004, 0.29999999999999993, 0.4]","[0.4799984800104797, 0.24000043999544013, 0.16000055999656015, 0.12000051999752008]",state_action_local,1,inf,5,0.05
15,330,Similarity-aware,1.0,1.554312234475219e-16,8.141635513917814e-16,5.329070518200751e-15,60,E[Agg(Q_xi)] - Agg(E[Q_xi]),True,"[0.1000000000000001, 0.20000000000000004, 0.29999999999999993, 0.4]","[0.4799984800104797, 0.24000043999544013, 0.16000055999656015, 0.12000051999752008]",state_action_local,1,inf,5,0.05
15,335,Similarity-aware,1.0,9.62193288008469e-17,8.659739592076221e-16,5.329070518200751e-15,60,E[Agg(Q_xi)] - Agg(E[Q_xi]),True,"[0.1000000000000001, 0.20000000000000004, 0.29999999999999993, 0.4]","[0.4799984800104797, 0.24000043999544013, 0.16000055999656015, 0.12000051999752008]",state_action_local,1,inf,5,0.05
15,340,Similarity-aware,1.0,-7.401486830834377e-18,7.105427357601002e-16,4.440892098500626e-15,60,E[Agg(Q_xi)] - Agg(E[Q_xi]),True,"[0.1000000000000001, 0.20000000000000004, 0.29999999999999993, 0.4]","[0.4799984800104797, 0.24000043999544013, 0.16000055999656015, 0.12000051999752008]",state_action_local,1,inf,5,0.05
15,345,Similarity-aware,1.0,2.2204460492503132e-17,7.549516567451064e-16,5.329070518200751e-15,60,E[Agg(Q_xi)] - Agg(E[Q_xi]),True,"[0.1000000000000001, 0.20000000000000004, 0.29999999999999993, 0.4]","[0.4799984800104797, 0.24000043999544013, 0.16000055999656015, 0.12000051999752008]",state_action_local,1,inf,5,0.05
15,350,Similarity-aware,1.0,6.661338147750939e-17,7.845576040684439e-16,5.329070518200751e-15,60,E[Agg(Q_xi)] - Agg(E[Q_xi]),True,"[0.1000000000000001, 0.20000000000000004, 0.29999999999999993, 0.4]","[0.4799984800104797, 0.24000043999544013, 0.16000055999656015, 0.12000051999752008]",state_action_local,1,inf,5,0.05
15,355,Similarity-aware,1.0,7.401486830834377e-17,9.02981393361794e-16,5.329070518200751e-15,60,E[Agg(Q_xi)] - Agg(E[Q_xi]),True,"[0.1000000000000001, 0.20000000000000004, 0.29999999999999993, 0.4]","[0.4799984800104797, 0.24000043999544013, 0.16000055999656015, 0.12000051999752008]",state_action_local,1,inf,5,0.05
15,360,Similarity-aware,1.0,-8.881784197001253e-17,7.105427357601002e-16,5.329070518200751e-15,60,E[Agg(Q_xi)] - Agg(E[Q_xi]),True,"[0.1000000000000001, 0.20000000000000004, 0.29999999999999993, 0.4]","[0.4799984800104797, 0.24000043999544013, 0.16000055999656015, 0.12000051999752008]",state_action_local,1,inf,5,0.05
15,365,Similarity-aware,1.0,-2.2204460492503132e-17,8.141635513917814e-16,5.329070518200751e-15,60,E[Agg(Q_xi)] - Agg(E[Q_xi]),True,"[0.1000000000000001, 0.20000000000000004, 0.29999999999999993, 0.4]","[0.4799984800104797, 0.24000043999544013, 0.16000055999656015, 0.12000051999752008]",state_action_local,1,inf,5,0.05
15,370,Similarity-aware,1.0,1.1102230246251565e-16,8.733754460384564e-16,5.329070518200751e-15,60,E[Agg(Q_xi)] - Agg(E[Q_xi]),True,"[0.1000000000000001, 0.20000000000000004, 0.29999999999999993, 0.4]","[0.4799984800104797, 0.24000043999544013, 0.16000055999656015, 0.12000051999752008]",state_action_local,1,inf,5,0.05
15,375,Similarity-aware,1.0,1.3322676295501878e-16,8.585724723767877e-16,7.105427357601002e-15,60,E[Agg(Q_xi)] - Agg(E[Q_xi]),True,"[0.1000000000000001, 0.20000000000000004, 0.29999999999999993, 0.4]","[0.4799984800104797, 0.24000043999544013, 0.16000055999656015, 0.12000051999752008]",state_action_local,1,inf,5,0.05
15,380,Similarity-aware,1.0,1.4802973661668754e-17,8.733754460384564e-16,5.329070518200751e-15,60,E[Agg(Q_xi)] - Agg(E[Q_xi]),True,"[0.1000000000000001, 0.20000000000000004, 0.29999999999999993, 0.4]","[0.4799984800104797, 0.24000043999544013, 0.16000055999656015, 0.12000051999752008]",state_action_local,1,inf,5,0.05
15,385,Similarity-aware,1.0,-1.0362081563168128e-16,8.585724723767877e-16,7.105427357601002e-15,60,E[Agg(Q_xi)] - Agg(E[Q_xi]),True,"[0.1000000000000001, 0.20000000000000004, 0.29999999999999993, 0.4]","[0.4799984800104797, 0.24000043999544013, 0.16000055999656015, 0.12000051999752008]",state_action_local,1,inf,5,0.05
15,390,Similarity-aware,1.0,4.4408920985006264e-17,7.845576040684439e-16,5.329070518200751e-15,60,E[Agg(Q_xi)] - Agg(E[Q_xi]),True,"[0.1000000000000001, 0.20000000000000004, 0.29999999999999993, 0.4]","[0.4799984800104797, 0.24000043999544013, 0.16000055999656015, 0.12000051999752008]",state_action_local,1,inf,5,0.05
15,395,Similarity-aware,1.0,-1.6283271027835628e-16,7.993605777301127e-16,7.105427357601002e-15,60,E[Agg(Q_xi)] - Agg(E[Q_xi]),True,"[0.1000000000000001, 0.20000000000000004, 0.29999999999999993, 0.4]","[0.4799984800104797, 0.24000043999544013, 0.16000055999656015, 0.12000051999752008]",state_action_local,1,inf,5,0.05
15,400,Similarity-aware,1.0,3.7007434154171886e-16,1.1842378929335002e-15,7.105427357601002e-15,60,E[Agg(Q_xi)] - Agg(E[Q_xi]),True,"[0.1000000000000001, 0.20000000000000004, 0.29999999999999993, 0.4]","[0.4799984800104797, 0.24000043999544013, 0.16000055999656015, 0.12000051999752008]",state_action_local,1,inf,5,0.05
16,5,Maximum-based,1.0,0.05877675772490495,0.05877675772490495,0.0698544402336734,60,E[Agg(Q_xi)] - Agg(E[Q_xi]),True,"[0.10000000000000012, 0.2, 0.3, 0.4]","[0.4799984800104797, 0.24000043999544013, 0.16000055999656013, 0.12000051999752008]",state_action_local,1,inf,5,0.05
16,10,Maximum-based,1.0,0.05630172555679224,0.05630172555679224,0.06564163247693294,60,E[Agg(Q_xi)] - Agg(E[Q_xi]),True,"[0.10000000000000012, 0.2, 0.3, 0.4]","[0.4799984800104797, 0.24000043999544013, 0.16000055999656013, 0.12000051999752008]",state_action_local,1,inf,5,0.05
16,15,Maximum-based,1.0,0.05481906953434866,0.05481906953434866,0.0683973895644252,60,E[Agg(Q_xi)] - Agg(E[Q_xi]),True,"[0.10000000000000012, 0.2, 0.3, 0.4]","[0.4799984800104797, 0.24000043999544013, 0.16000055999656013, 0.12000051999752008]",state_action_local,1,inf,5,0.05
16,20,Maximum-based,1.0,0.053036329157024366,0.053036329157024366,0.06602364042996545,60,E[Agg(Q_xi)] - Agg(E[Q_xi]),True,"[0.10000000000000012, 0.2, 0.3, 0.4]","[0.4799984800104797, 0.24000043999544013, 0.16000055999656013, 0.12000051999752008]",state_action_local,1,inf,5,0.05
16,25,Maximum-based,1.0,0.05379850582465256,0.05379850582465256,0.06589527698646891,60,E[Agg(Q_xi)] - Agg(E[Q_xi]),True,"[0.10000000000000012, 0.2, 0.3, 0.4]","[0.4799984800104797, 0.24000043999544013, 0.16000055999656013, 0.12000051999752008]",state_action_local,1,inf,5,0.05
16,30,Maximum-based,1.0,0.05201171938811106,0.05201171938811106,0.06246923852210862,60,E[Agg(Q_xi)] - Agg(E[Q_xi]),True,"[0.10000000000000012, 0.2, 0.3, 0.4]","[0.4799984800104797, 0.24000043999544013, 0.16000055999656013, 0.12000051999752008]",state_action_local,1,inf,5,0.05
16,35,Maximum-based,1.0,0.051165031209633303,0.051165031209633303,0.06417286632641561,60,E[Agg(Q_xi)] - Agg(E[Q_xi]),True,"[0.10000000000000012, 0.2, 0.3, 0.4]","[0.4799984800104797, 0.24000043999544013, 0.16000055999656013, 0.12000051999752008]",state_action_local,1,inf,5,0.05
16,40,Maximum-based,1.0,0.05158576558113031,0.05158576558113031,0.06388196081425956,60,E[Agg(Q_xi)] - Agg(E[Q_xi]),True,"[0.10000000000000012, 0.2, 0.3, 0.4]","[0.4799984800104797, 0.24000043999544013, 0.16000055999656013, 0.12000051999752008]",state_action_local,1,inf,5,0.05
16,45,Maximum-based,1.0,0.05094268800355959,0.05094268800355959,0.06428633245624216,60,E[Agg(Q_xi)] - Agg(E[Q_xi]),True,"[0.10000000000000012, 0.2, 0.3, 0.4]","[0.4799984800104797, 0.24000043999544013, 0.16000055999656013, 0.12000051999752008]",state_action_local,1,inf,5,0.05
16,50,Maximum-based,1.0,0.05088673766635372,0.05088673766635372,0.06764008205016347,60,E[Agg(Q_xi)] - Agg(E[Q_xi]),True,"[0.10000000000000012, 0.2, 0.3, 0.4]","[0.4799984800104797, 0.24000043999544013, 0.16000055999656013, 0.12000051999752008]",state_action_local,1,inf,5,0.05
16,55,Maximum-based,1.0,0.05012820649335492,0.05012820649335492,0.06175500866781114,60,E[Agg(Q_xi)] - Agg(E[Q_xi]),True,"[0.10000000000000012, 0.2, 0.3, 0.4]","[0.4799984800104797, 0.24000043999544013, 0.16000055999656013, 0.12000051999752008]",state_action_local,1,inf,5,0.05
16,60,Maximum-based,1.0,0.050634789839521646,0.050634789839521646,0.06472691797290997,60,E[Agg(Q_xi)] - Agg(E[Q_xi]),True,"[0.10000000000000012, 0.2, 0.3, 0.4]","[0.4799984800104797, 0.24000043999544013, 0.16000055999656013, 0.12000051999752008]",state_action_local,1,inf,5,0.05
16,65,Maximum-based,1.0,0.05062464175293265,0.05062464175293265,0.06750403165492935,60,E[Agg(Q_xi)] - Agg(E[Q_xi]),True,"[0.10000000000000012, 0.2, 0.3, 0.4]","[0.4799984800104797, 0.24000043999544013, 0.16000055999656013, 0.12000051999752008]",state_action_local,1,inf,5,0.05
16,70,Maximum-based,1.0,0.0500405642976753,0.0500405642976753,0.06370423424796368,60,E[Agg(Q_xi)] - Agg(E[Q_xi]),True,"[0.10000000000000012, 0.2, 0.3, 0.4]","[0.4799984800104797, 0.24000043999544013, 0.16000055999656013, 0.12000051999752008]",state_action_local,1,inf,5,0.05
16,75,Maximum-based,1.0,0.04964453324134288,0.04964453324134288,0.06002128774115567,60,E[Agg(Q_xi)] - Agg(E[Q_xi]),True,"[0.10000000000000012, 0.2, 0.3, 0.4]","[0.4799984800104797, 0.24000043999544013, 0.16000055999656013, 0.12000051999752008]",state_action_local,1,inf,5,0.05
16,80,Maximum-based,1.0,0.0502411400865312,0.0502411400865312,0.06418252409542147,60,E[Agg(Q_xi)] - Agg(E[Q_xi]),True,"[0.10000000000000012, 0.2, 0.3, 0.4]","[0.4799984800104797, 0.24000043999544013, 0.16000055999656013, 0.12000051999752008]",state_action_local,1,inf,5,0.05
16,85,Maximum-based,1.0,0.049950052209422724,0.049950052209422724,0.0627054795522688,60,E[Agg(Q_xi)] - Agg(E[Q_xi]),True,"[0.10000000000000012, 0.2, 0.3, 0.4]","[0.4799984800104797, 0.24000043999544013, 0.16000055999656013, 0.12000051999752008]",state_action_local,1,inf,5,0.05
16,90,Maximum-based,1.0,0.04972557253203596,0.04972557253203596,0.06233923591693369,60,E[Agg(Q_xi)] - Agg(E[Q_xi]),True,"[0.10000000000000012, 0.2, 0.3, 0.4]","[0.4799984800104797, 0.24000043999544013, 0.16000055999656013, 0.12000051999752008]",state_action_local,1,inf,5,0.05
16,95,Maximum-based,1.0,0.04965957890597656,0.04965957890597656,0.06306788095232552,60,E[Agg(Q_xi)] - Agg(E[Q_xi]),True,"[0.10000000000000012, 0.2, 0.3, 0.4]","[0.4799984800104797, 0.24000043999544013, 0.16000055999656013, 0.12000051999752008]",state_action_local,1,inf,5,0.05
16,100,Maximum-based,1.0,0.049151811855672446,0.049151811855672446,0.0660459002846654,60,E[Agg(Q_xi)] - Agg(E[Q_xi]),True,"[0.10000000000000012, 0.2, 0.3, 0.4]","[0.4799984800104797, 0.24000043999544013, 0.16000055999656013, 0.12000051999752008]",state_action_local,1,inf,5,0.05
16,105,Maximum-based,1.0,0.050175614331933405,0.050175614331933405,0.06535709088079589,60,E[Agg(Q_xi)] - Agg(E[Q_xi]),True,"[0.10000000000000012, 0.2, 0.3, 0.4]","[0.4799984800104797, 0.24000043999544013, 0.16000055999656013, 0.12000051999752008]",state_action_local,1,inf,5,0.05
16,110,Maximum-based,1.0,0.04898779103760514,0.04898779103760514,0.06329148473467416,60,E[Agg(Q_xi)] - Agg(E[Q_xi]),True,"[0.10000000000000012, 0.2, 0.3, 0.4]","[0.4799984800104797, 0.24000043999544013, 0.16000055999656013, 0.12000051999752008]",state_action_local,1,inf,5,0.05
16,115,Maximum-based,1.0,0.05005909434964943,0.05005909434964943,0.06502543967753915,60,E[Agg(Q_xi)] - Agg(E[Q_xi]),True,"[0.10000000000000012, 0.2, 0.3, 0.4]","[0.4799984800104797, 0.24000043999544013, 0.16000055999656013, 0.12000051999752008]",state_action_local,1,inf,5,0.05
16,120,Maximum-based,1.0,0.04934225115157999,0.04934225115157999,0.06328024656593723,60,E[Agg(Q_xi)] - Agg(E[Q_xi]),True,"[0.10000000000000012, 0.2, 0.3, 0.4]","[0.4799984800104797, 0.24000043999544013, 0.16000055999656013, 0.12000051999752008]",state_action_local,1,inf,5,0.05
16,125,Maximum-based,1.0,0.049912007216463244,0.049912007216463244,0.06339613423414203,60,E[Agg(Q_xi)] - Agg(E[Q_xi]),True,"[0.10000000000000012, 0.2, 0.3, 0.4]","[0.4799984800104797, 0.24000043999544013, 0.16000055999656013, 0.12000051999752008]",state_action_local,1,inf,5,0.05
16,130,Maximum-based,1.0,0.04951728900592412,0.04951728900592412,0.06226680962567954,60,E[Agg(Q_xi)] - Agg(E[Q_xi]),True,"[0.10000000000000012, 0.2, 0.3, 0.4]","[0.4799984800104797, 0.24000043999544013, 0.16000055999656013, 0.12000051999752008]",state_action_local,1,inf,5,0.05
16,135,Maximum-based,1.0,0.050262842619678345,0.050262842619678345,0.0733306616062217,60,E[Agg(Q_xi)] - Agg(E[Q_xi]),True,"[0.10000000000000012, 0.2, 0.3, 0.4]","[0.4799984800104797, 0.24000043999544013, 0.16000055999656013, 0.12000051999752008]",state_action_local,1,inf,5,0.05
16,140,Maximum-based,1.0,0.05057359927675857,0.05057359927675857,0.06432038847393162,60,E[Agg(Q_xi)] - Agg(E[Q_xi]),True,"[0.10000000000000012, 0.2, 0.3, 0.4]","[0.4799984800104797, 0.24000043999544013, 0.16000055999656013, 0.12000051999752008]",state_action_local,1,inf,5,0.05
16,145,Maximum-based,1.0,0.049995687175044365,0.049995687175044365,0.06508186258506399,60,E[Agg(Q_xi)] - Agg(E[Q_xi]),True,"[0.10000000000000012, 0.2, 0.3, 0.4]","[0.4799984800104797, 0.24000043999544013, 0.16000055999656013, 0.12000051999752008]",state_action_local,1,inf,5,0.05
16,150,Maximum-based,1.0,0.04994627697005876,0.04994627697005876,0.06644871224314208,60,E[Agg(Q_xi)] - Agg(E[Q_xi]),True,"[0.10000000000000012, 0.2, 0.3, 0.4]","[0.4799984800104797, 0.24000043999544013, 0.16000055999656013, 0.12000051999752008]",state_action_local,1,inf,5,0.05
16,155,Maximum-based,1.0,0.050205579610516714,0.050205579610516714,0.06161187876693752,60,E[Agg(Q_xi)] - Agg(E[Q_xi]),True,"[0.10000000000000012, 0.2, 0.3, 0.4]","[0.4799984800104797, 0.24000043999544013, 0.16000055999656013, 0.12000051999752008]",state_action_local,1,inf,5,0.05
16,160,Maximum-based,1.0,0.050483542593852536,0.050483542593852536,0.06470454333033349,60,E[Agg(Q_xi)] - Agg(E[Q_xi]),True,"[0.10000000000000012, 0.2, 0.3, 0.4]","[0.4799984800104797, 0.24000043999544013, 0.16000055999656013, 0.12000051999752008]",state_action_local,1,inf,5,0.05
16,165,Maximum-based,1.0,0.05039359363315369,0.05039359363315369,0.06454768561808422,60,E[Agg(Q_xi)] - Agg(E[Q_xi]),True,"[0.10000000000000012, 0.2, 0.3, 0.4]","[0.4799984800104797, 0.24000043999544013, 0.16000055999656013, 0.12000051999752008]",state_action_local,1,inf,5,0.05
16,170,Maximum-based,1.0,0.04930745755559783,0.04930745755559783,0.06431910695750265,60,E[Agg(Q_xi)] - Agg(E[Q_xi]),True,"[0.10000000000000012, 0.2, 0.3, 0.4]","[0.4799984800104797, 0.24000043999544013, 0.16000055999656013, 0.12000051999752008]",state_action_local,1,inf,5,0.05
16,175,Maximum-based,1.0,0.04911049232803426,0.04911049232803426,0.06419675317123374,60,E[Agg(Q_xi)] - Agg(E[Q_xi]),True,"[0.10000000000000012, 0.2, 0.3, 0.4]","[0.4799984800104797, 0.24000043999544013, 0.16000055999656013, 0.12000051999752008]",state_action_local,1,inf,5,0.05
16,180,Maximum-based,1.0,0.0495040970542106,0.0495040970542106,0.06031072481929822,60,E[Agg(Q_xi)] - Agg(E[Q_xi]),True,"[0.10000000000000012, 0.2, 0.3, 0.4]","[0.4799984800104797, 0.24000043999544013, 0.16000055999656013, 0.12000051999752008]",state_action_local,1,inf,5,0.05
16,185,Maximum-based,1.0,0.05041844740848087,0.05041844740848087,0.06383034534054222,60,E[Agg(Q_xi)] - Agg(E[Q_xi]),True,"[0.10000000000000012, 0.2, 0.3, 0.4]","[0.4799984800104797, 0.24000043999544013, 0.16000055999656013, 0.12000051999752008]",state_action_local,1,inf,5,0.05
16,190,Maximum-based,1.0,0.049976477215223844,0.049976477215223844,0.06274443970550347,60,E[Agg(Q_xi)] - Agg(E[Q_xi]),True,"[0.10000000000000012, 0.2, 0.3, 0.4]","[0.4799984800104797, 0.24000043999544013, 0.16000055999656013, 0.12000051999752008]",state_action_local,1,inf,5,0.05
16,195,Maximum-based,1.0,0.049685751952990846,0.049685751952990846,0.06331273281830274,60,E[Agg(Q_xi)] - Agg(E[Q_xi]),True,"[0.10000000000000012, 0.2, 0.3, 0.4]","[0.4799984800104797, 0.24000043999544013, 0.16000055999656013, 0.12000051999752008]",state_action_local,1,inf,5,0.05
16,200,Maximum-based,1.0,0.04986544827032671,0.04986544827032671,0.06192880939563583,60,E[Agg(Q_xi)] - Agg(E[Q_xi]),True,"[0.10000000000000012, 0.2, 0.3, 0.4]","[0.4799984800104797, 0.24000043999544013, 0.16000055999656013, 0.12000051999752008]",state_action_local,1,inf,5,0.05
16,205,Maximum-based,1.0,0.04969555587612943,0.04969555587612943,0.059220288582881864,60,E[Agg(Q_xi)] - Agg(E[Q_xi]),True,"[0.10000000000000012, 0.2, 0.3, 0.4]","[0.4799984800104797, 0.24000043999544013, 0.16000055999656013, 0.12000051999752008]",state_action_local,1,inf,5,0.05
16,210,Maximum-based,1.0,0.04953018739795255,0.04953018739795255,0.05912682142472381,60,E[Agg(Q_xi)] - Agg(E[Q_xi]),True,"[0.10000000000000012, 0.2, 0.3, 0.4]","[0.4799984800104797, 0.24000043999544013, 0.16000055999656013, 0.12000051999752008]",state_action_local,1,inf,5,0.05
16,215,Maximum-based,1.0,0.04969426657012268,0.04969426657012268,0.06416520439143092,60,E[Agg(Q_xi)] - Agg(E[Q_xi]),True,"[0.10000000000000012, 0.2, 0.3, 0.4]","[0.4799984800104797, 0.24000043999544013, 0.16000055999656013, 0.12000051999752008]",state_action_local,1,inf,5,0.05
16,220,Maximum-based,1.0,0.04913955954322878,0.04913955954322878,0.06432760876962718,60,E[Agg(Q_xi)] - Agg(E[Q_xi]),True,"[0.10000000000000012, 0.2, 0.3, 0.4]","[0.4799984800104797, 0.24000043999544013, 0.16000055999656013, 0.12000051999752008]",state_action_local,1,inf,5,0.05
16,225,Maximum-based,1.0,0.04997374990065288,0.04997374990065288,0.06502719223958131,60,E[Agg(Q_xi)] - Agg(E[Q_xi]),True,"[0.10000000000000012, 0.2, 0.3, 0.4]","[0.4799984800104797, 0.24000043999544013, 0.16000055999656013, 0.12000051999752008]",state_action_local,1,inf,5,0.05
16,230,Maximum-based,1.0,0.04973485486608415,0.04973485486608415,0.061912451078653064,60,E[Agg(Q_xi)] - Agg(E[Q_xi]),True,"[0.10000000000000012, 0.2, 0.3, 0.4]","[0.4799984800104797, 0.24000043999544013, 0.16000055999656013, 0.12000051999752008]",state_action_local,1,inf,5,0.05
16,235,Maximum-based,1.0,0.04964036411168825,0.04964036411168825,0.060640788426896464,60,E[Agg(Q_xi)] - Agg(E[Q_xi]),True,"[0.10000000000000012, 0.2, 0.3, 0.4]","[0.4799984800104797, 0.24000043999544013, 0.16000055999656013, 0.12000051999752008]",state_action_local,1,inf,5,0.05
16,240,Maximum-based,1.0,0.049860083943358564,0.049860083943358564,0.061567890642422185,60,E[Agg(Q_xi)] - Agg(E[Q_xi]),True,"[0.10000000000000012, 0.2, 0.3, 0.4]","[0.4799984800104797, 0.24000043999544013, 0.16000055999656013, 0.12000051999752008]",state_action_local,1,inf,5,0.05
16,245,Maximum-based,1.0,0.05003840292950776,0.05003840292950776,0.06255901717180379,60,E[Agg(Q_xi)] - Agg(E[Q_xi]),True,"[0.10000000000000012, 0.2, 0.3, 0.4]","[0.4799984800104797, 0.24000043999544013, 0.16000055999656013, 0.12000051999752008]",state_action_local,1,inf,5,0.05
16,250,Maximum-based,1.0,0.049348167047824555,0.049348167047824555,0.062061604216744115,60,E[Agg(Q_xi)] - Agg(E[Q_xi]),True,"[0.10000000000000012, 0.2, 0.3, 0.4]","[0.4799984800104797, 0.24000043999544013, 0.16000055999656013, 0.12000051999752008]",state_action_local,1,inf,5,0.05
16,255,Maximum-based,1.0,0.04939977436662981,0.04939977436662981,0.06419078572464798,60,E[Agg(Q_xi)] - Agg(E[Q_xi]),True,"[0.10000000000000012, 0.2, 0.3, 0.4]","[0.4799984800104797, 0.24000043999544013, 0.16000055999656013, 0.12000051999752008]",state_action_local,1,inf,5,0.05
16,260,Maximum-based,1.0,0.05068208448227818,0.05068208448227818,0.06433478944168236,60,E[Agg(Q_xi)] - Agg(E[Q_xi]),True,"[0.10000000000000012, 0.2, 0.3, 0.4]","[0.4799984800104797, 0.24000043999544013, 0.16000055999656013, 0.12000051999752008]",state_action_local,1,inf,5,0.05
16,265,Maximum-based,1.0,0.04913423654491411,0.04913423654491411,0.06263882205746896,60,E[Agg(Q_xi)] - Agg(E[Q_xi]),True,"[0.10000000000000012, 0.2, 0.3, 0.4]","[0.4799984800104797, 0.24000043999544013, 0.16000055999656013, 0.12000051999752008]",state_action_local,1,inf,5,0.05
16,270,Maximum-based,1.0,0.05022707992470405,0.05022707992470405,0.06624689697652997,60,E[Agg(Q_xi)] - Agg(E[Q_xi]),True,"[0.10000000000000012, 0.2, 0.3, 0.4]","[0.4799984800104797, 0.24000043999544013, 0.16000055999656013, 0.12000051999752008]",state_action_local,1,inf,5,0.05
16,275,Maximum-based,1.0,0.04862521656179379,0.04862521656179379,0.06303277771509208,60,E[Agg(Q_xi)] - Agg(E[Q_xi]),True,"[0.10000000000000012, 0.2, 0.3, 0.4]","[0.4799984800104797, 0.24000043999544013, 0.16000055999656013, 0.12000051999752008]",state_action_local,1,inf,5,0.05
16,280,Maximum-based,1.0,0.05007656207855725,0.05007656207855725,0.060841677184740206,60,E[Agg(Q_xi)] - Agg(E[Q_xi]),True,"[0.10000000000000012, 0.2, 0.3, 0.4]","[0.4799984800104797, 0.24000043999544013, 0.16000055999656013, 0.12000051999752008]",state_action_local,1,inf,5,0.05
16,285,Maximum-based,1.0,0.050852210135690926,0.050852210135690926,0.06796339117419414,60,E[Agg(Q_xi)] - Agg(E[Q_xi]),True,"[0.10000000000000012, 0.2, 0.3, 0.4]","[0.4799984800104797, 0.24000043999544013, 0.16000055999656013, 0.12000051999752008]",state_action_local,1,inf,5,0.05
16,290,Maximum-based,1.0,0.04951496277591983,0.04951496277591983,0.06231701613855556,60,E[Agg(Q_xi)] - Agg(E[Q_xi]),True,"[0.10000000000000012, 0.2, 0.3, 0.4]","[0.4799984800104797, 0.24000043999544013, 0.16000055999656013, 0.12000051999752008]",state_action_local,1,inf,5,0.05
16,295,Maximum-based,1.0,0.04910599377358206,0.04910599377358206,0.06381731509521416,60,E[Agg(Q_xi)] - Agg(E[Q_xi]),True,"[0.10000000000000012, 0.2, 0.3, 0.4]","[0.4799984800104797, 0.24000043999544013, 0.16000055999656013, 0.12000051999752008]",state_action_local,1,inf,5,0.05
16,300,Maximum-based,1.0,0.050038734774468616,0.050038734774468616,0.06292152872794787,60,E[Agg(Q_xi)] - Agg(E[Q_xi]),True,"[0.10000000000000012, 0.2, 0.3, 0.4]","[0.4799984800104797, 0.24000043999544013, 0.16000055999656013, 0.12000051999752008]",state_action_local,1,inf,5,0.05
16,305,Maximum-based,1.0,0.05034064876560325,0.05034064876560325,0.061798306120463664,60,E[Agg(Q_xi)] - Agg(E[Q_xi]),True,"[0.10000000000000012, 0.2, 0.3, 0.4]","[0.4799984800104797, 0.24000043999544013, 0.16000055999656013, 0.12000051999752008]",state_action_local,1,inf,5,0.05
16,310,Maximum-based,1.0,0.049660838870199224,0.049660838870199224,0.0629976493826625,60,E[Agg(Q_xi)] - Agg(E[Q_xi]),True,"[0.10000000000000012, 0.2, 0.3, 0.4]","[0.4799984800104797, 0.24000043999544013, 0.16000055999656013, 0.12000051999752008]",state_action_local,1,inf,5,0.05
16,315,Maximum-based,1.0,0.05007642166966459,0.05007642166966459,0.06789578334920954,60,E[Agg(Q_xi)] - Agg(E[Q_xi]),True,"[0.10000000000000012, 0.2, 0.3, 0.4]","[0.4799984800104797, 0.24000043999544013, 0.16000055999656013, 0.12000051999752008]",state_action_local,1,inf,5,0.05
16,320,Maximum-based,1.0,0.04994680997596846,0.04994680997596846,0.06152288940615591,60,E[Agg(Q_xi)] - Agg(E[Q_xi]),True,"[0.10000000000000012, 0.2, 0.3, 0.4]","[0.4799984800104797, 0.24000043999544013, 0.16000055999656013, 0.12000051999752008]",state_action_local,1,inf,5,0.05
16,325,Maximum-based,1.0,0.04970013306935142,0.04970013306935142,0.06549711909898548,60,E[Agg(Q_xi)] - Agg(E[Q_xi]),True,"[0.10000000000000012, 0.2, 0.3, 0.4]","[0.4799984800104797, 0.24000043999544013, 0.16000055999656013, 0.12000051999752008]",state_action_local,1,inf,5,0.05
16,330,Maximum-based,1.0,0.04961720076078599,0.04961720076078599,0.06177083826523955,60,E[Agg(Q_xi)] - Agg(E[Q_xi]),True,"[0.10000000000000012, 0.2, 0.3, 0.4]","[0.4799984800104797, 0.24000043999544013, 0.16000055999656013, 0.12000051999752008]",state_action_local,1,inf,5,0.05
16,335,Maximum-based,1.0,0.05025908061100653,0.05025908061100653,0.06172106498366681,60,E[Agg(Q_xi)] - Agg(E[Q_xi]),True,"[0.10000000000000012, 0.2, 0.3, 0.4]","[0.4799984800104797, 0.24000043999544013, 0.16000055999656013, 0.12000051999752008]",state_action_local,1,inf,5,0.05
16,340,Maximum-based,1.0,0.04945071842708832,0.04945071842708832,0.06452603655997713,60,E[Agg(Q_xi)] - Agg(E[Q_xi]),True,"[0.10000000000000012, 0.2, 0.3, 0.4]","[0.4799984800104797, 0.24000043999544013, 0.16000055999656013, 0.12000051999752008]",state_action_local,1,inf,5,0.05
16,345,Maximum-based,1.0,0.04979434228184864,0.04979434228184864,0.06639448168358086,60,E[Agg(Q_xi)] - Agg(E[Q_xi]),True,"[0.10000000000000012, 0.2, 0.3, 0.4]","[0.4799984800104797, 0.24000043999544013, 0.16000055999656013, 0.12000051999752008]",state_action_local,1,inf,5,0.05
16,350,Maximum-based,1.0,0.05024823433926575,0.05024823433926575,0.06220309229896692,60,E[Agg(Q_xi)] - Agg(E[Q_xi]),True,"[0.10000000000000012, 0.2, 0.3, 0.4]","[0.4799984800104797, 0.24000043999544013, 0.16000055999656013, 0.12000051999752008]",state_action_local,1,inf,5,0.05
16,355,Maximum-based,1.0,0.049317588634078646,0.049317588634078646,0.06182732610639263,60,E[Agg(Q_xi)] - Agg(E[Q_xi]),True,"[0.10000000000000012, 0.2, 0.3, 0.4]","[0.4799984800104797, 0.24000043999544013, 0.16000055999656013, 0.12000051999752008]",state_action_local,1,inf,5,0.05
16,360,Maximum-based,1.0,0.05007351247062129,0.05007351247062129,0.061410997186364114,60,E[Agg(Q_xi)] - Agg(E[Q_xi]),True,"[0.10000000000000012, 0.2, 0.3, 0.4]","[0.4799984800104797, 0.24000043999544013, 0.16000055999656013, 0.12000051999752008]",state_action_local,1,inf,5,0.05
16,365,Maximum-based,1.0,0.050025890061709065,0.050025890061709065,0.06215364283962366,60,E[Agg(Q_xi)] - Agg(E[Q_xi]),True,"[0.10000000000000012, 0.2, 0.3, 0.4]","[0.4799984800104797, 0.24000043999544013, 0.16000055999656013, 0.12000051999752008]",state_action_local,1,inf,5,0.05
16,370,Maximum-based,1.0,0.04957104920811406,0.04957104920811406,0.06090699713559822,60,E[Agg(Q_xi)] - Agg(E[Q_xi]),True,"[0.10000000000000012, 0.2, 0.3, 0.4]","[0.4799984800104797, 0.24000043999544013, 0.16000055999656013, 0.12000051999752008]",state_action_local,1,inf,5,0.05
16,375,Maximum-based,1.0,0.048611076274268104,0.048611076274268104,0.061902421054746526,60,E[Agg(Q_xi)] - Agg(E[Q_xi]),True,"[0.10000000000000012, 0.2, 0.3, 0.4]","[0.4799984800104797, 0.24000043999544013, 0.16000055999656013, 0.12000051999752008]",state_action_local,1,inf,5,0.05
16,380,Maximum-based,1.0,0.04909058377708666,0.04909058377708666,0.06514022409068154,60,E[Agg(Q_xi)] - Agg(E[Q_xi]),True,"[0.10000000000000012, 0.2, 0.3, 0.4]","[0.4799984800104797, 0.24000043999544013, 0.16000055999656013, 0.12000051999752008]",state_action_local,1,inf,5,0.05
16,385,Maximum-based,1.0,0.049957221177483926,0.049957221177483926,0.06390095044853084,60,E[Agg(Q_xi)] - Agg(E[Q_xi]),True,"[0.10000000000000012, 0.2, 0.3, 0.4]","[0.4799984800104797, 0.24000043999544013, 0.16000055999656013, 0.12000051999752008]",state_action_local,1,inf,5,0.05
16,390,Maximum-based,1.0,0.049772489318420626,0.049772489318420626,0.06411219515477207,60,E[Agg(Q_xi)] - Agg(E[Q_xi]),True,"[0.10000000000000012, 0.2, 0.3, 0.4]","[0.4799984800104797, 0.24000043999544013, 0.16000055999656013, 0.12000051999752008]",state_action_local,1,inf,5,0.05
16,395,Maximum-based,1.0,0.04958381714556904,0.04958381714556904,0.06302312744726102,60,E[Agg(Q_xi)] - Agg(E[Q_xi]),True,"[0.10000000000000012, 0.2, 0.3, 0.4]","[0.4799984800104797, 0.24000043999544013, 0.16000055999656013, 0.12000051999752008]",state_action_local,1,inf,5,0.05
16,400,Maximum-based,1.0,0.05058444876428457,0.05058444876428457,0.06108862894007494,60,E[Agg(Q_xi)] - Agg(E[Q_xi]),True,"[0.10000000000000012, 0.2, 0.3, 0.4]","[0.4799984800104797, 0.24000043999544013, 0.16000055999656013, 0.12000051999752008]",state_action_local,1,inf,5,0.05
16,5,Similarity-aware,1.0,6.649773324577761e-19,1.2981514011893107e-17,1.1102230246251565e-16,60,E[Agg(Q_xi)] - Agg(E[Q_xi]),True,"[0.10000000000000012, 0.2, 0.3, 0.4]","[0.4799984800104797, 0.24000043999544013, 0.16000055999656013, 0.12000051999752008]",state_action_local,1,inf,5,0.05
16,10,Similarity-aware,1.0,3.7007434154171884e-18,3.550400714165865e-17,3.885780586188048e-16,60,E[Agg(Q_xi)] - Agg(E[Q_xi]),True,"[0.10000000000000012, 0.2, 0.3, 0.4]","[0.4799984800104797, 0.24000043999544013, 0.16000055999656013, 0.12000051999752008]",state_action_local,1,inf,5,0.05
16,15,Similarity-aware,1.0,-7.632783294297952e-18,4.325243866768839e-17,4.440892098500626e-16,60,E[Agg(Q_xi)] - Agg(E[Q_xi]),True,"[0.10000000000000012, 0.2, 0.3, 0.4]","[0.4799984800104797, 0.24000043999544013, 0.16000055999656013, 0.12000051999752008]",state_action_local,1,inf,5,0.05
16,20,Similarity-aware,1.0,1.2490009027033011e-17,5.921189464667501e-17,5.551115123125783e-16,60,E[Agg(Q_xi)] - Agg(E[Q_xi]),True,"[0.10000000000000012, 0.2, 0.3, 0.4]","[0.4799984800104797, 0.24000043999544013, 0.16000055999656013, 0.12000051999752008]",state_action_local,1,inf,5,0.05
16,25,Similarity-aware,1.0,-7.401486830834377e-18,6.38378239159465e-17,5.551115123125783e-16,60,E[Agg(Q_xi)] - Agg(E[Q_xi]),True,"[0.10000000000000012, 0.2, 0.3, 0.4]","[0.4799984800104797, 0.24000043999544013, 0.16000055999656013, 0.12000051999752008]",state_action_local,1,inf,5,0.05
16,30,Similarity-aware,1.0,1.0177044392397268e-17,1.0454600148553557e-16,8.881784197001252e-16,60,E[Agg(Q_xi)] - Agg(E[Q_xi]),True,"[0.10000000000000012, 0.2, 0.3, 0.4]","[0.4799984800104797, 0.24000043999544013, 0.16000055999656013, 0.12000051999752008]",state_action_local,1,inf,5,0.05
16,35,Similarity-aware,1.0,-2.8680761469483214e-17,1.0269562977782698e-16,7.771561172376096e-16,60,E[Agg(Q_xi)] - Agg(E[Q_xi]),True,"[0.10000000000000012, 0.2, 0.3, 0.4]","[0.4799984800104797, 0.24000043999544013, 0.16000055999656013, 0.12000051999752008]",state_action_local,1,inf,5,0.05
16,40,Similarity-aware,1.0,2.7755575615628915e-18,1.304512053934559e-16,1.1102230246251565e-15,60,E[Agg(Q_xi)] - Agg(E[Q_xi]),True,"[0.10000000000000012, 0.2, 0.3, 0.4]","[0.4799984800104797, 0.24000043999544013, 0.16000055999656013, 0.12000051999752008]",state_action_local,1,inf,5,0.05
16,45,Similarity-aware,1.0,-3.7007434154171884e-18,1.258252761241844e-16,8.881784197001252e-16,60,E[Agg(Q_xi)] - Agg(E[Q_xi]),True,"[0.10000000000000012, 0.2, 0.3, 0.4]","[0.4799984800104797, 0.24000043999544013, 0.16000055999656013, 0.12000051999752008]",state_action_local,1,inf,5,0.05
16,50,Similarity-aware,1.0,-9.25185853854297e-18,1.7578531223231644e-16,1.1102230246251565e-15,60,E[Agg(Q_xi)] - Agg(E[Q_xi]),True,"[0.10000000000000012, 0.2, 0.3, 0.4]","[0.4799984800104797, 0.24000043999544013, 0.16000055999656013, 0.12000051999752008]",state_action_local,1,inf,5,0.05
16,55,Similarity-aware,1.0,-6.661338147750939e-17,1.4432899320127036e-16,1.5543122344752192e-15,60,E[Agg(Q_xi)] - Agg(E[Q_xi]),True,"[0.10000000000000012, 0.2, 0.3, 0.4]","[0.4799984800104797, 0.24000043999544013, 0.16000055999656013, 0.12000051999752008]",state_action_local,1,inf,5,0.05
16,60,Similarity-aware,1.0,-2.7755575615628914e-17,1.609823385706477e-16,1.3322676295501878e-15,60,E[Agg(Q_xi)] - Agg(E[Q_xi]),True,"[0.10000000000000012, 0.2, 0.3, 0.4]","[0.4799984800104797, 0.24000043999544013, 0.16000055999656013, 0.12000051999752008]",state_action_local,1,inf,5,0.05
16,65,Similarity-aware,1.0,-3.14563190310461e-17,1.646830819860649e-16,1.7763568394002505e-15,60,E[Agg(Q_xi)] - Agg(E[Q_xi]),True,"[0.10000000000000012, 0.2, 0.3, 0.4]","[0.4799984800104797, 0.24000043999544013, 0.16000055999656013, 0.12000051999752008]",state_action_local,1,inf,5,0.05
16,70,Similarity-aware,1.0,4.070817756958907e-17,2.312964634635743e-16,1.7763568394002505e-15,60,E[Agg(Q_xi)] - Agg(E[Q_xi]),True,"[0.10000000000000012, 0.2, 0.3, 0.4]","[0.4799984800104797, 0.24000043999544013, 0.16000055999656013, 0.12000051999752008]",state_action_local,1,inf,5,0.05
16,75,Similarity-aware,1.0,-1.1102230246251565e-16,2.294460917558657e-16,2.220446049250313e-15,60,E[Agg(Q_xi)] - Agg(E[Q_xi]),True,"[0.10000000000000012, 0.2, 0.3, 0.4]","[0.4799984800104797, 0.24000043999544013, 0.16000055999656013, 0.12000051999752008]",state_action_local,1,inf,5,0.05
16,80,Similarity-aware,1.0,-8.141635513917814e-17,2.183438615096141e-16,1.7763568394002505e-15,60,E[Agg(Q_xi)] - Agg(E[Q_xi]),True,"[0.10000000000000012, 0.2, 0.3, 0.4]","[0.4799984800104797, 0.24000043999544013, 0.16000055999656013, 0.12000051999752008]",state_action_local,1,inf,5,0.05
16,85,Similarity-aware,1.0,-3.3306690738754695e-17,2.331468351712829e-16,1.7763568394002505e-15,60,E[Agg(Q_xi)] - Agg(E[Q_xi]),True,"[0.10000000000000012, 0.2, 0.3, 0.4]","[0.4799984800104797, 0.24000043999544013, 0.16000055999656013, 0.12000051999752008]",state_action_local,1,inf,5,0.05
16,90,Similarity-aware,1.0,1.850371707708594e-17,3.182639337258782e-16,1.7763568394002505e-15,60,E[Agg(Q_xi)] - Agg(E[Q_xi]),True,"[0.10000000000000012, 0.2, 0.3, 0.4]","[0.4799984800104797, 0.24000043999544013, 0.16000055999656013, 0.12000051999752008]",state_action_local,1,inf,5,0.05
16,95,Similarity-aware,1.0,-3.3306690738754695e-17,2.7015426932545474e-16,2.220446049250313e-15,60,E[Agg(Q_xi)] - Agg(E[Q_xi]),True,"[0.10000000000000012, 0.2, 0.3, 0.4]","[0.4799984800104797, 0.24000043999544013, 0.16000055999656013, 0.12000051999752008]",state_action_local,1,inf,5,0.05
16,100,Similarity-aware,1.0,-2.590520390792032e-17,2.8495724298712354e-16,2.220446049250313e-15,60,E[Agg(Q_xi)] - Agg(E[Q_xi]),True,"[0.10000000000000012, 0.2, 0.3, 0.4]","[0.4799984800104797, 0.24000043999544013, 0.16000055999656013, 0.12000051999752008]",state_action_local,1,inf,5,0.05
16,105,Similarity-aware,1.0,1.4062824978585316e-16,4.070817756958907e-16,2.6645352591003757e-15,60,E[Agg(Q_xi)] - Agg(E[Q_xi]),True,"[0.10000000000000012, 0.2, 0.3, 0.4]","[0.4799984800104797, 0.24000043999544013, 0.16000055999656013, 0.12000051999752008]",state_action_local,1,inf,5,0.05
16,110,Similarity-aware,1.0,7.401486830834377e-18,3.6637359812630164e-16,2.6645352591003757e-15,60,E[Agg(Q_xi)] - Agg(E[Q_xi]),True,"[0.10000000000000012, 0.2, 0.3, 0.4]","[0.4799984800104797, 0.24000043999544013, 0.16000055999656013, 0.12000051999752008]",state_action_local,1,inf,5,0.05
16,115,Similarity-aware,1.0,-8.881784197001253e-17,2.7755575615628914e-16,2.6645352591003757e-15,60,E[Agg(Q_xi)] - Agg(E[Q_xi]),True,"[0.10000000000000012, 0.2, 0.3, 0.4]","[0.4799984800104797, 0.24000043999544013, 0.16000055999656013, 0.12000051999752008]",state_action_local,1,inf,5,0.05
16,120,Similarity-aware,1.0,8.141635513917814e-17,3.9227880203422196e-16,2.220446049250313e-15,60,E[Agg(Q_xi)] - Agg(E[Q_xi]),True,"[0.10000000000000012, 0.2, 0.3, 0.4]","[0.4799984800104797, 0.24000043999544013, 0.16000055999656013, 0.12000051999752008]",state_action_local,1,inf,5,0.05
16,125,Similarity-aware,1.0,1.6653345369377348e-16,4.144832625267251e-16,1.7763568394002505e-15,60,E[Agg(Q_xi)] - Agg(E[Q_xi]),True,"[0.10000000000000012, 0.2, 0.3, 0.4]","[0.4799984800104797, 0.24000043999544013, 0.16000055999656013, 0.12000051999752008]",state_action_local,1,inf,5,0.05
16,130,Similarity-aware,1.0,0.0,3.885780586188048e-16,2.6645352591003757e-15,60,E[Agg(Q_xi)] - Agg(E[Q_xi]),True,"[0.10000000000000012, 0.2, 0.3, 0.4]","[0.4799984800104797, 0.24000043999544013, 0.16000055999656013, 0.12000051999752008]",state_action_local,1,inf,5,0.05
16,135,Similarity-aware,1.0,-7.401486830834377e-17,3.3676765080296414e-16,2.6645352591003757e-15,60,E[Agg(Q_xi)] - Agg(E[Q_xi]),True,"[0.10000000000000012, 0.2, 0.3, 0.4]","[0.4799984800104797, 0.24000043999544013, 0.16000055999656013, 0.12000051999752008]",state_action_local,1,inf,5,0.05
16,140,Similarity-aware,1.0,2.960594732333751e-17,4.884981308350689e-16,3.552713678800501e-15,60,E[Agg(Q_xi)] - Agg(E[Q_xi]),True,"[0.10000000000000012, 0.2, 0.3, 0.4]","[0.4799984800104797, 0.24000043999544013, 0.16000055999656013, 0.12000051999752008]",state_action_local,1,inf,5,0.05
16,145,Similarity-aware,1.0,1.554312234475219e-16,4.996003610813204e-16,3.552713678800501e-15,60,E[Agg(Q_xi)] - Agg(E[Q_xi]),True,"[0.10000000000000012, 0.2, 0.3, 0.4]","[0.4799984800104797, 0.24000043999544013, 0.16000055999656013, 0.12000051999752008]",state_action_local,1,inf,5,0.05
16,150,Similarity-aware,1.0,-1.3322676295501878e-16,3.9227880203422196e-16,3.552713678800501e-15,60,E[Agg(Q_xi)] - Agg(E[Q_xi]),True,"[0.10000000000000012, 0.2, 0.3, 0.4]","[0.4799984800104797, 0.24000043999544013, 0.16000055999656013, 0.12000051999752008]",state_action_local,1,inf,5,0.05
16,155,Similarity-aware,1.0,7.401486830834377e-17,5.181040781584064e-16,3.552713678800501e-15,60,E[Agg(Q_xi)] - Agg(E[Q_xi]),True,"[0.10000000000000012, 0.2, 0.3, 0.4]","[0.4799984800104797, 0.24000043999544013, 0.16000055999656013, 0.12000051999752008]",state_action_local,1,inf,5,0.05
16,160,Similarity-aware,1.0,3.700743415417188e-17,5.403085386509095e-16,3.552713678800501e-15,60,E[Agg(Q_xi)] - Agg(E[Q_xi]),True,"[0.10000000000000012, 0.2, 0.3, 0.4]","[0.4799984800104797, 0.24000043999544013, 0.16000055999656013, 0.12000051999752008]",state_action_local,1,inf,5,0.05
16,165,Similarity-aware,1.0,1.258252761241844e-16,6.069219201284189e-16,3.552713678800501e-15,60,E[Agg(Q_xi)] - Agg(E[Q_xi]),True,"[0.10000000000000012, 0.2, 0.3, 0.4]","[0.4799984800104797, 0.24000043999544013, 0.16000055999656013, 0.12000051999752008]",state_action_local,1,inf,5,0.05
16,170,Similarity-aware,1.0,8.141635513917814e-17,6.069219201284189e-16,5.329070518200751e-15,60,E[Agg(Q_xi)] - Agg(E[Q_xi]),True,"[0.10000000000000012, 0.2, 0.3, 0.4]","[0.4799984800104797, 0.24000043999544013, 0.16000055999656013, 0.12000051999752008]",state_action_local,1,inf,5,0.05
16,175,Similarity-aware,1.0,-1.4802973661668754e-17,5.10702591327572e-16,4.440892098500626e-15,60,E[Agg(Q_xi)] - Agg(E[Q_xi]),True,"[0.10000000000000012, 0.2, 0.3, 0.4]","[0.4799984800104797, 0.24000043999544013, 0.16000055999656013, 0.12000051999752008]",state_action_local,1,inf,5,0.05
16,180,Similarity-aware,1.0,-2.2204460492503132e-17,5.551115123125783e-16,3.552713678800501e-15,60,E[Agg(Q_xi)] - Agg(E[Q_xi]),True,"[0.10000000000000012, 0.2, 0.3, 0.4]","[0.4799984800104797, 0.24000043999544013, 0.16000055999656013, 0.12000051999752008]",state_action_local,1,inf,5,0.05
16,185,Similarity-aware,1.0,-3.700743415417188e-17,5.847174596359158e-16,3.552713678800501e-15,60,E[Agg(Q_xi)] - Agg(E[Q_xi]),True,"[0.10000000000000012, 0.2, 0.3, 0.4]","[0.4799984800104797, 0.24000043999544013, 0.16000055999656013, 0.12000051999752008]",state_action_local,1,inf,5,0.05
16,190,Similarity-aware,1.0,-1.9984014443252818e-16,4.810966440042345e-16,4.440892098500626e-15,60,E[Agg(Q_xi)] - Agg(E[Q_xi]),True,"[0.10000000000000012, 0.2, 0.3, 0.4]","[0.4799984800104797, 0.24000043999544013, 0.16000055999656013, 0.12000051999752008]",state_action_local,1,inf,5,0.05
16,195,Similarity-aware,1.0,-2.2204460492503132e-17,5.033011044967376e-16,4.440892098500626e-15,60,E[Agg(Q_xi)] - Agg(E[Q_xi]),True,"[0.10000000000000012, 0.2, 0.3, 0.4]","[0.4799984800104797, 0.24000043999544013, 0.16000055999656013, 0.12000051999752008]",state_action_local,1,inf,5,0.05
16,200,Similarity-aware,1.0,2.960594732333751e-17,6.217248937900876e-16,5.329070518200751e-15,60,E[Agg(Q_xi)] - Agg(E[Q_xi]),True,"[0.10000000000000012, 0.2, 0.3, 0.4]","[0.4799984800104797, 0.24000043999544013, 0.16000055999656013, 0.12000051999752008]",state_action_local,1,inf,5,0.05
16,205,Similarity-aware,1.0,-5.921189464667501e-17,5.181040781584064e-16,4.440892098500626e-15,60,E[Agg(Q_xi)] - Agg(E[Q_xi]),True,"[0.10000000000000012, 0.2, 0.3, 0.4]","[0.4799984800104797, 0.24000043999544013, 0.16000055999656013, 0.12000051999752008]",state_action_local,1,inf,5,0.05
16,210,Similarity-aware,1.0,1.0362081563168128e-16,7.401486830834377e-16,4.440892098500626e-15,60,E[Agg(Q_xi)] - Agg(E[Q_xi]),True,"[0.10000000000000012, 0.2, 0.3, 0.4]","[0.4799984800104797, 0.24000043999544013, 0.16000055999656013, 0.12000051999752008]",state_action_local,1,inf,5,0.05
16,215,Similarity-aware,1.0,3.774758283725532e-16,7.401486830834377e-16,4.440892098500626e-15,60,E[Agg(Q_xi)] - Agg(E[Q_xi]),True,"[0.10000000000000012, 0.2, 0.3, 0.4]","[0.4799984800104797, 0.24000043999544013, 0.16000055999656013, 0.12000051999752008]",state_action_local,1,inf,5,0.05
16,220,Similarity-aware,1.0,-2.4424906541753446e-16,6.735353016059283e-16,4.440892098500626e-15,60,E[Agg(Q_xi)] - Agg(E[Q_xi]),True,"[0.10000000000000012, 0.2, 0.3, 0.4]","[0.4799984800104797, 0.24000043999544013, 0.16000055999656013, 0.12000051999752008]",state_action_local,1,inf,5,0.05
16,225,Similarity-aware,1.0,-4.4408920985006264e-17,7.179442225909346e-16,4.440892098500626e-15,60,E[Agg(Q_xi)] - Agg(E[Q_xi]),True,"[0.10000000000000012, 0.2, 0.3, 0.4]","[0.4799984800104797, 0.24000043999544013, 0.16000055999656013, 0.12000051999752008]",state_action_local,1,inf,5,0.05
16,230,Similarity-aware,1.0,3.552713678800501e-16,8.141635513917814e-16,4.440892098500626e-15,60,E[Agg(Q_xi)] - Agg(E[Q_xi]),True,"[0.10000000000000012, 0.2, 0.3, 0.4]","[0.4799984800104797, 0.24000043999544013, 0.16000055999656013, 0.12000051999752008]",state_action_local,1,inf,5,0.05
16,235,Similarity-aware,1.0,0.0,7.105427357601002e-16,6.217248937900877e-15,60,E[Agg(Q_xi)] - Agg(E[Q_xi]),True,"[0.10000000000000012, 0.2, 0.3, 0.4]","[0.4799984800104797, 0.24000043999544013, 0.16000055999656013, 0.12000051999752008]",state_action_local,1,inf,5,0.05
16,240,Similarity-aware,1.0,-2.960594732333751e-17,5.847174596359158e-16,4.440892098500626e-15,60,E[Agg(Q_xi)] - Agg(E[Q_xi]),True,"[0.10000000000000012, 0.2, 0.3, 0.4]","[0.4799984800104797, 0.24000043999544013, 0.16000055999656013, 0.12000051999752008]",state_action_local,1,inf,5,0.05
16,245,Similarity-aware,1.0,-1.924386576016938e-16,4.958996176659033e-16,4.440892098500626e-15,60,E[Agg(Q_xi)] - Agg(E[Q_xi]),True,"[0.10000000000000012, 0.2, 0.3, 0.4]","[0.4799984800104797, 0.24000043999544013, 0.16000055999656013, 0.12000051999752008]",state_action_local,1,inf,5,0.05
16,250,Similarity-aware,1.0,-1.6283271027835628e-16,6.883382752675971e-16,5.329070518200751e-15,60,E[Agg(Q_xi)] - Agg(E[Q_xi]),True,"[0.10000000000000012, 0.2, 0.3, 0.4]","[0.4799984800104797, 0.24000043999544013, 0.16000055999656013, 0.12000051999752008]",state_action_local,1,inf,5,0.05
16,255,Similarity-aware,1.0,1.1842378929335003e-16,7.401486830834377e-16,4.440892098500626e-15,60,E[Agg(Q_xi)] - Agg(E[Q_xi]),True,"[0.10000000000000012, 0.2, 0.3, 0.4]","[0.4799984800104797, 0.24000043999544013, 0.16000055999656013, 0.12000051999752008]",state_action_local,1,inf,5,0.05
16,260,Similarity-aware,1.0,6.661338147750939e-17,7.475501699142721e-16,4.440892098500626e-15,60,E[Agg(Q_xi)] - Agg(E[Q_xi]),True,"[0.10000000000000012, 0.2, 0.3, 0.4]","[0.4799984800104797, 0.24000043999544013, 0.16000055999656013, 0.12000051999752008]",state_action_local,1,inf,5,0.05
16,265,Similarity-aware,1.0,3.848773152033876e-16,9.843977485009722e-16,6.217248937900877e-15,60,E[Agg(Q_xi)] - Agg(E[Q_xi]),True,"[0.10000000000000012, 0.2, 0.3, 0.4]","[0.4799984800104797, 0.24000043999544013, 0.16000055999656013, 0.12000051999752008]",state_action_local,1,inf,5,0.05
16,270,Similarity-aware,1.0,9.62193288008469e-17,7.845576040684439e-16,4.440892098500626e-15,60,E[Agg(Q_xi)] - Agg(E[Q_xi]),True,"[0.10000000000000012, 0.2, 0.3, 0.4]","[0.4799984800104797, 0.24000043999544013, 0.16000055999656013, 0.12000051999752008]",state_action_local,1,inf,5,0.05
16,275,Similarity-aware,1.0,-2.294460917558657e-16,6.957397620984314e-16,4.440892098500626e-15,60,E[Agg(Q_xi)] - Agg(E[Q_xi]),True,"[0.10000000000000012, 0.2, 0.3, 0.4]","[0.4799984800104797, 0.24000043999544013, 0.16000055999656013, 0.12000051999752008]",state_action_local,1,inf,5,0.05
16,280,Similarity-aware,1.0,-1.924386576016938e-16,6.365278674517564e-16,4.440892098500626e-15,60,E[Agg(Q_xi)] - Agg(E[Q_xi]),True,"[0.10000000000000012, 0.2, 0.3, 0.4]","[0.4799984800104797, 0.24000043999544013, 0.16000055999656013, 0.12000051999752008]",state_action_local,1,inf,5,0.05
16,285,Similarity-aware,1.0,-2.960594732333751e-17,6.883382752675971e-16,5.329070518200751e-15,60,E[Agg(Q_xi)] - Agg(E[Q_xi]),True,"[0.10000000000000012, 0.2, 0.3, 0.4]","[0.4799984800104797, 0.24000043999544013, 0.16000055999656013, 0.12000051999752008]",state_action_local,1,inf,5,0.05
16,290,Similarity-aware,1.0,1.0362081563168128e-16,7.623531435759408e-16,4.440892098500626e-15,60,E[Agg(Q_xi)] - Agg(E[Q_xi]),True,"[0.10000000000000012, 0.2, 0.3, 0.4]","[0.4799984800104797, 0.24000043999544013, 0.16000055999656013, 0.12000051999752008]",state_action_local,1,inf,5,0.05
16,295,Similarity-aware,1.0,-2.4424906541753446e-16,5.773159728050814e-16,5.329070518200751e-15,60,E[Agg(Q_xi)] - Agg(E[Q_xi]),True,"[0.10000000000000012, 0.2, 0.3, 0.4]","[0.4799984800104797, 0.24000043999544013, 0.16000055999656013, 0.12000051999752008]",state_action_local,1,inf,5,0.05
16,300,Similarity-aware,1.0,3.108624468950438e-16,9.177843670234628e-16,5.329070518200751e-15,60,E[Agg(Q_xi)] - Agg(E[Q_xi]),True,"[0.10000000000000012, 0.2, 0.3, 0.4]","[0.4799984800104797, 0.24000043999544013, 0.16000055999656013, 0.12000051999752008]",state_action_local,1,inf,5,0.05
16,305,Similarity-aware,1.0,2.590520390792032e-16,9.02981393361794e-16,4.440892098500626e-15,60,E[Agg(Q_xi)] - Agg(E[Q_xi]),True,"[0.10000000000000012, 0.2, 0.3, 0.4]","[0.4799984800104797, 0.24000043999544013, 0.16000055999656013, 0.12000051999752008]",state_action_local,1,inf,5,0.05
16,310,Similarity-aware,1.0,-1.4802973661668754e-17,6.661338147750939e-16,5.329070518200751e-15,60,E[Agg(Q_xi)] - Agg(E[Q_xi]),True,"[0.10000000000000012, 0.2, 0.3, 0.4]","[0.4799984800104797, 0.24000043999544013, 0.16000055999656013, 0.12000051999752008]",state_action_local,1,inf,5,0.05
16,315,Similarity-aware,1.0,1.0362081563168128e-16,7.031412489292658e-16,3.552713678800501e-15,60,E[Agg(Q_xi)] - Agg(E[Q_xi]),True,"[0.10000000000000012, 0.2, 0.3, 0.4]","[0.4799984800104797, 0.24000043999544013, 0.16000055999656013, 0.12000051999752008]",state_action_local,1,inf,5,0.05
16,320,Similarity-aware,1.0,-1.258252761241844e-16,6.735353016059283e-16,5.329070518200751e-15,60,E[Agg(Q_xi)] - Agg(E[Q_xi]),True,"[0.10000000000000012, 0.2, 0.3, 0.4]","[0.4799984800104797, 0.24000043999544013, 0.16000055999656013, 0.12000051999752008]",state_action_local,1,inf,5,0.05
16,325,Similarity-aware,1.0,8.141635513917814e-17,8.733754460384564e-16,7.105427357601002e-15,60,E[Agg(Q_xi)] - Agg(E[Q_xi]),True,"[0.10000000000000012, 0.2, 0.3, 0.4]","[0.4799984800104797, 0.24000043999544013, 0.16000055999656013, 0.12000051999752008]",state_action_local,1,inf,5,0.05
16,330,Similarity-aware,1.0,-3.700743415417188e-17,8.141635513917814e-16,5.329070518200751e-15,60,E[Agg(Q_xi)] - Agg(E[Q_xi]),True,"[0.10000000000000012, 0.2, 0.3, 0.4]","[0.4799984800104797, 0.24000043999544013, 0.16000055999656013, 0.12000051999752008]",state_action_local,1,inf,5,0.05
16,335,Similarity-aware,1.0,1.3322676295501878e-16,1.0066022089934752e-15,7.105427357601002e-15,60,E[Agg(Q_xi)] - Agg(E[Q_xi]),True,"[0.10000000000000012, 0.2, 0.3, 0.4]","[0.4799984800104797, 0.24000043999544013, 0.16000055999656013, 0.12000051999752008]",state_action_local,1,inf,5,0.05
16,340,Similarity-aware,1.0,2.960594732333751e-17,9.177843670234628e-16,5.329070518200751e-15,60,E[Agg(Q_xi)] - Agg(E[Q_xi]),True,"[0.10000000000000012, 0.2, 0.3, 0.4]","[0.4799984800104797, 0.24000043999544013, 0.16000055999656013, 0.12000051999752008]",state_action_local,1,inf,5,0.05
16,345,Similarity-aware,1.0,0.0,8.289665250534502e-16,7.105427357601002e-15,60,E[Agg(Q_xi)] - Agg(E[Q_xi]),True,"[0.10000000000000012, 0.2, 0.3, 0.4]","[0.4799984800104797, 0.24000043999544013, 0.16000055999656013, 0.12000051999752008]",state_action_local,1,inf,5,0.05
16,350,Similarity-aware,1.0,-1.3322676295501878e-16,7.697546304067752e-16,5.329070518200751e-15,60,E[Agg(Q_xi)] - Agg(E[Q_xi]),True,"[0.10000000000000012, 0.2, 0.3, 0.4]","[0.4799984800104797, 0.24000043999544013, 0.16000055999656013, 0.12000051999752008]",state_action_local,1,inf,5,0.05
16,355,Similarity-aware,1.0,-8.881784197001253e-17,8.141635513917814e-16,5.329070518200751e-15,60,E[Agg(Q_xi)] - Agg(E[Q_xi]),True,"[0.10000000000000012, 0.2, 0.3, 0.4]","[0.4799984800104797, 0.24000043999544013, 0.16000055999656013, 0.12000051999752008]",state_action_local,1,inf,5,0.05
16,360,Similarity-aware,1.0,-2.960594732333751e-17,8.585724723767877e-16,7.105427357601002e-15,60,E[Agg(Q_xi)] - Agg(E[Q_xi]),True,"[0.10000000000000012, 0.2, 0.3, 0.4]","[0.4799984800104797, 0.24000043999544013, 0.16000055999656013, 0.12000051999752008]",state_action_local,1,inf,5,0.05
16,365,Similarity-aware,1.0,1.7763568394002506e-16,9.769962616701378e-16,5.329070518200751e-15,60,E[Agg(Q_xi)] - Agg(E[Q_xi]),True,"[0.10000000000000012, 0.2, 0.3, 0.4]","[0.4799984800104797, 0.24000043999544013, 0.16000055999656013, 0.12000051999752008]",state_action_local,1,inf,5,0.05
16,370,Similarity-aware,1.0,-4.884981308350689e-16,6.513308411134251e-16,5.329070518200751e-15,60,E[Agg(Q_xi)] - Agg(E[Q_xi]),True,"[0.10000000000000012, 0.2, 0.3, 0.4]","[0.4799984800104797, 0.24000043999544013, 0.16000055999656013, 0.12000051999752008]",state_action_local,1,inf,5,0.05
16,375,Similarity-aware,1.0,-1.3322676295501878e-16,9.917992353318065e-16,7.105427357601002e-15,60,E[Agg(Q_xi)] - Agg(E[Q_xi]),True,"[0.10000000000000012, 0.2, 0.3, 0.4]","[0.4799984800104797, 0.24000043999544013, 0.16000055999656013, 0.12000051999752008]",state_action_local,1,inf,5,0.05
16,380,Similarity-aware,1.0,3.7007434154171886e-16,9.917992353318065e-16,7.105427357601002e-15,60,E[Agg(Q_xi)] - Agg(E[Q_xi]),True,"[0.10000000000000012, 0.2, 0.3, 0.4]","[0.4799984800104797, 0.24000043999544013, 0.16000055999656013, 0.12000051999752008]",state_action_local,1,inf,5,0.05
16,385,Similarity-aware,1.0,-1.0362081563168128e-16,9.62193288008469e-16,7.105427357601002e-15,60,E[Agg(Q_xi)] - Agg(E[Q_xi]),True,"[0.10000000000000012, 0.2, 0.3, 0.4]","[0.4799984800104797, 0.24000043999544013, 0.16000055999656013, 0.12000051999752008]",state_action_local,1,inf,5,0.05
16,390,Similarity-aware,1.0,-2.812564995717063e-16,8.733754460384564e-16,7.105427357601002e-15,60,E[Agg(Q_xi)] - Agg(E[Q_xi]),True,"[0.10000000000000012, 0.2, 0.3, 0.4]","[0.4799984800104797, 0.24000043999544013, 0.16000055999656013, 0.12000051999752008]",state_action_local,1,inf,5,0.05
16,395,Similarity-aware,1.0,-1.1842378929335003e-16,1.021405182655144e-15,8.881784197001252e-15,60,E[Agg(Q_xi)] - Agg(E[Q_xi]),True,"[0.10000000000000012, 0.2, 0.3, 0.4]","[0.4799984800104797, 0.24000043999544013, 0.16000055999656013, 0.12000051999752008]",state_action_local,1,inf,5,0.05
16,400,Similarity-aware,1.0,-7.401486830834377e-17,9.325873406851315e-16,7.105427357601002e-15,60,E[Agg(Q_xi)] - Agg(E[Q_xi]),True,"[0.10000000000000012, 0.2, 0.3, 0.4]","[0.4799984800104797, 0.24000043999544013, 0.16000055999656013, 0.12000051999752008]",state_action_local,1,inf,5,0.05
17,5,Maximum-based,1.0,0.058815071258026846,0.058815071258026846,0.06856467188331306,60,E[Agg(Q_xi)] - Agg(E[Q_xi]),True,"[0.10000000000000013, 0.2, 0.29999999999999993, 0.4]","[0.47999848001047957, 0.24000043999544013, 0.16000055999656015, 0.12000051999752008]",state_action_local,1,inf,5,0.05
17,10,Maximum-based,1.0,0.056813277420101796,0.056813277420101796,0.0714642115613921,60,E[Agg(Q_xi)] - Agg(E[Q_xi]),True,"[0.10000000000000013, 0.2, 0.29999999999999993, 0.4]","[0.47999848001047957, 0.24000043999544013, 0.16000055999656015, 0.12000051999752008]",state_action_local,1,inf,5,0.05
17,15,Maximum-based,1.0,0.055201499514749744,0.055201499514749744,0.06682935699241838,60,E[Agg(Q_xi)] - Agg(E[Q_xi]),True,"[0.10000000000000013, 0.2, 0.29999999999999993, 0.4]","[0.47999848001047957, 0.24000043999544013, 0.16000055999656015, 0.12000051999752008]",state_action_local,1,inf,5,0.05
17,20,Maximum-based,1.0,0.054896592455037946,0.054896592455037946,0.0669719480041151,60,E[Agg(Q_xi)] - Agg(E[Q_xi]),True,"[0.10000000000000013, 0.2, 0.29999999999999993, 0.4]","[0.47999848001047957, 0.24000043999544013, 0.16000055999656015, 0.12000051999752008]",state_action_local,1,inf,5,0.05
17,25,Maximum-based,1.0,0.053643185622924174,0.053643185622924174,0.06670558728620568,60,E[Agg(Q_xi)] - Agg(E[Q_xi]),True,"[0.10000000000000013, 0.2, 0.29999999999999993, 0.4]","[0.47999848001047957, 0.24000043999544013, 0.16000055999656015, 0.12000051999752008]",state_action_local,1,inf,5,0.05
17,30,Maximum-based,1.0,0.05358130034852858,0.05358130034852858,0.06684367349315112,60,E[Agg(Q_xi)] - Agg(E[Q_xi]),True,"[0.10000000000000013, 0.2, 0.29999999999999993, 0.4]","[0.47999848001047957, 0.24000043999544013, 0.16000055999656015, 0.12000051999752008]",state_action_local,1,inf,5,0.05
17,35,Maximum-based,1.0,0.052706837363756594,0.052706837363756594,0.06882612461183824,60,E[Agg(Q_xi)] - Agg(E[Q_xi]),True,"[0.10000000000000013, 0.2, 0.29999999999999993, 0.4]","[0.47999848001047957, 0.24000043999544013, 0.16000055999656015, 0.12000051999752008]",state_action_local,1,inf,5,0.05
17,40,Maximum-based,1.0,0.05192553473672431,0.05192553473672431,0.06448910002817021,60,E[Agg(Q_xi)] - Agg(E[Q_xi]),True,"[0.10000000000000013, 0.2, 0.29999999999999993, 0.4]","[0.47999848001047957, 0.24000043999544013, 0.16000055999656015, 0.12000051999752008]",state_action_local,1,inf,5,0.05
17,45,Maximum-based,1.0,0.05214152531109729,0.05214152531109729,0.06623228706251272,60,E[Agg(Q_xi)] - Agg(E[Q_xi]),True,"[0.10000000000000013, 0.2, 0.29999999999999993, 0.4]","[0.47999848001047957, 0.24000043999544013, 0.16000055999656015, 0.12000051999752008]",state_action_local,1,inf,5,0.05
17,50,Maximum-based,1.0,0.05190189576628452,0.05190189576628452,0.06859487772766726,60,E[Agg(Q_xi)] - Agg(E[Q_xi]),True,"[0.10000000000000013, 0.2, 0.29999999999999993, 0.4]","[0.47999848001047957, 0.24000043999544013, 0.16000055999656015, 0.12000051999752008]",state_action_local,1,inf,5,0.05
17,55,Maximum-based,1.0,0.05197006566045075,0.05197006566045075,0.07104889987517837,60,E[Agg(Q_xi)] - Agg(E[Q_xi]),True,"[0.10000000000000013, 0.2, 0.29999999999999993, 0.4]","[0.47999848001047957, 0.24000043999544013, 0.16000055999656015, 0.12000051999752008]",state_action_local,1,inf,5,0.05
17,60,Maximum-based,1.0,0.05199507321796961,0.05199507321796961,0.06381542779277627,60,E[Agg(Q_xi)] - Agg(E[Q_xi]),True,"[0.10000000000000013, 0.2, 0.29999999999999993, 0.4]","[0.47999848001047957, 0.24000043999544013, 0.16000055999656015, 0.12000051999752008]",state_action_local,1,inf,5,0.05
17,65,Maximum-based,1.0,0.05125855123728495,0.05125855123728495,0.06499675917631587,60,E[Agg(Q_xi)] - Agg(E[Q_xi]),True,"[0.10000000000000013, 0.2, 0.29999999999999993, 0.4]","[0.47999848001047957, 0.24000043999544013, 0.16000055999656015, 0.12000051999752008]",state_action_local,1,inf,5,0.05
17,70,Maximum-based,1.0,0.05155266894120137,0.05155266894120137,0.062382044883170895,60,E[Agg(Q_xi)] - Agg(E[Q_xi]),True,"[0.10000000000000013, 0.2, 0.29999999999999993, 0.4]","[0.47999848001047957, 0.24000043999544013, 0.16000055999656015, 0.12000051999752008]",state_action_local,1,inf,5,0.05
17,75,Maximum-based,1.0,0.050339524903147144,0.050339524903147144,0.06233661725710915,60,E[Agg(Q_xi)] - Agg(E[Q_xi]),True,"[0.10000000000000013, 0.2, 0.29999999999999993, 0.4]","[0.47999848001047957, 0.24000043999544013, 0.16000055999656015, 0.12000051999752008]",state_action_local,1,inf,5,0.05
17,80,Maximum-based,1.0,0.05154870911643778,0.05154870911643778,0.06600333943354642,60,E[Agg(Q_xi)] - Agg(E[Q_xi]),True,"[0.10000000000000013, 0.2, 0.29999999999999993, 0.4]","[0.47999848001047957, 0.24000043999544013, 0.16000055999656015, 0.12000051999752008]",state_action_local,1,inf,5,0.05
17,85,Maximum-based,1.0,0.05104350122903199,0.05104350122903199,0.060431949152152775,60,E[Agg(Q_xi)] - Agg(E[Q_xi]),True,"[0.10000000000000013, 0.2, 0.29999999999999993, 0.4]","[0.47999848001047957, 0.24000043999544013, 0.16000055999656015, 0.12000051999752008]",state_action_local,1,inf,5,0.05
17,90,Maximum-based,1.0,0.05124719244189901,0.05124719244189901,0.06994074332222056,60,E[Agg(Q_xi)] - Agg(E[Q_xi]),True,"[0.10000000000000013, 0.2, 0.29999999999999993, 0.4]","[0.47999848001047957, 0.24000043999544013, 0.16000055999656015, 0.12000051999752008]",state_action_local,1,inf,5,0.05
17,95,Maximum-based,1.0,0.05154518750586312,0.05154518750586312,0.06418891429851792,60,E[Agg(Q_xi)] - Agg(E[Q_xi]),True,"[0.10000000000000013, 0.2, 0.29999999999999993, 0.4]","[0.47999848001047957, 0.24000043999544013, 0.16000055999656015, 0.12000051999752008]",state_action_local,1,inf,5,0.05
17,100,Maximum-based,1.0,0.05165325488511787,0.05165325488511787,0.06252295060524338,60,E[Agg(Q_xi)] - Agg(E[Q_xi]),True,"[0.10000000000000013, 0.2, 0.29999999999999993, 0.4]","[0.47999848001047957, 0.24000043999544013, 0.16000055999656015, 0.12000051999752008]",state_action_local,1,inf,5,0.05
17,105,Maximum-based,1.0,0.05072970913379419,0.05072970913379419,0.0632246532863574,60,E[Agg(Q_xi)] - Agg(E[Q_xi]),True,"[0.10000000000000013, 0.2, 0.29999999999999993, 0.4]","[0.47999848001047957, 0.24000043999544013, 0.16000055999656015, 0.12000051999752008]",state_action_local,1,inf,5,0.05
17,110,Maximum-based,1.0,0.05067391100239349,0.05067391100239349,0.06721153736243668,60,E[Agg(Q_xi)] - Agg(E[Q_xi]),True,"[0.10000000000000013, 0.2, 0.29999999999999993, 0.4]","[0.47999848001047957, 0.24000043999544013, 0.16000055999656015, 0.12000051999752008]",state_action_local,1,inf,5,0.05
17,115,Maximum-based,1.0,0.05104368383660443,0.05104368383660443,0.060840373395522285,60,E[Agg(Q_xi)] - Agg(E[Q_xi]),True,"[0.10000000000000013, 0.2, 0.29999999999999993, 0.4]","[0.47999848001047957, 0.24000043999544013, 0.16000055999656015, 0.12000051999752008]",state_action_local,1,inf,5,0.05
17,120,Maximum-based,1.0,0.05107760476463847,0.05107760476463847,0.06325006897253527,60,E[Agg(Q_xi)] - Agg(E[Q_xi]),True,"[0.10000000000000013, 0.2, 0.29999999999999993, 0.4]","[0.47999848001047957, 0.24000043999544013, 0.16000055999656015, 0.12000051999752008]",state_action_local,1,inf,5,0.05
17,125,Maximum-based,1.0,0.05096030488618744,0.05096030488618744,0.06600349462654442,60,E[Agg(Q_xi)] - Agg(E[Q_xi]),True,"[0.10000000000000013, 0.2, 0.29999999999999993, 0.4]","[0.47999848001047957, 0.24000043999544013, 0.16000055999656015, 0.12000051999752008]",state_action_local,1,inf,5,0.05
17,130,Maximum-based,1.0,0.0513547538867274,0.0513547538867274,0.06377054651230196,60,E[Agg(Q_xi)] - Agg(E[Q_xi]),True,"[0.10000000000000013, 0.2, 0.29999999999999993, 0.4]","[0.47999848001047957, 0.24000043999544013, 0.16000055999656015, 0.12000051999752008]",state_action_local,1,inf,5,0.05
17,135,Maximum-based,1.0,0.05123394463993399,0.05123394463993399,0.06443716882091977,60,E[Agg(Q_xi)] - Agg(E[Q_xi]),True,"[0.10000000000000013, 0.2, 0.29999999999999993, 0.4]","[0.47999848001047957, 0.24000043999544013, 0.16000055999656015, 0.12000051999752008]",state_action_local,1,inf,5,0.05
17,140,Maximum-based,1.0,0.05020998670399732,0.05020998670399732,0.06183778033075704,60,E[Agg(Q_xi)] - Agg(E[Q_xi]),True,"[0.10000000000000013, 0.2, 0.29999999999999993, 0.4]","[0.47999848001047957, 0.24000043999544013, 0.16000055999656015, 0.12000051999752008]",state_action_local,1,inf,5,0.05
17,145,Maximum-based,1.0,0.0511721764179803,0.0511721764179803,0.06432115302143515,60,E[Agg(Q_xi)] - Agg(E[Q_xi]),True,"[0.10000000000000013, 0.2, 0.29999999999999993, 0.4]","[0.47999848001047957, 0.24000043999544013, 0.16000055999656015, 0.12000051999752008]",state_action_local,1,inf,5,0.05
17,150,Maximum-based,1.0,0.051011658088202336,0.051011658088202336,0.06442258775902676,60,E[Agg(Q_xi)] - Agg(E[Q_xi]),True,"[0.10000000000000013, 0.2, 0.29999999999999993, 0.4]","[0.47999848001047957, 0.24000043999544013, 0.16000055999656015, 0.12000051999752008]",state_action_local,1,inf,5,0.05
17,155,Maximum-based,1.0,0.0509040429807282,0.0509040429807282,0.06329426472914346,60,E[Agg(Q_xi)] - Agg(E[Q_xi]),True,"[0.10000000000000013, 0.2, 0.29999999999999993, 0.4]","[0.47999848001047957, 0.24000043999544013, 0.16000055999656015, 0.12000051999752008]",state_action_local,1,inf,5,0.05
17,160,Maximum-based,1.0,0.05137544161247034,0.05137544161247034,0.06526958871384636,60,E[Agg(Q_xi)] - Agg(E[Q_xi]),True,"[0.10000000000000013, 0.2, 0.29999999999999993, 0.4]","[0.47999848001047957, 0.24000043999544013, 0.16000055999656015, 0.12000051999752008]",state_action_local,1,inf,5,0.05
17,165,Maximum-based,1.0,0.05121341161828471,0.05121341161828471,0.06138339483453592,60,E[Agg(Q_xi)] - Agg(E[Q_xi]),True,"[0.10000000000000013, 0.2, 0.29999999999999993, 0.4]","[0.47999848001047957, 0.24000043999544013, 0.16000055999656015, 0.12000051999752008]",state_action_local,1,inf,5,0.05
17,170,Maximum-based,1.0,0.05107560053194985,0.05107560053194985,0.06222815490541311,60,E[Agg(Q_xi)] - Agg(E[Q_xi]),True,"[0.10000000000000013, 0.2, 0.29999999999999993, 0.4]","[0.47999848001047957, 0.24000043999544013, 0.16000055999656015, 0.12000051999752008]",state_action_local,1,inf,5,0.05
17,175,Maximum-based,1.0,0.05158783726227375,0.05158783726227375,0.062028110084852095,60,E[Agg(Q_xi)] - Agg(E[Q_xi]),True,"[0.10000000000000013, 0.2, 0.29999999999999993, 0.4]","[0.47999848001047957, 0.24000043999544013, 0.16000055999656015, 0.12000051999752008]",state_action_local,1,inf,5,0.05
17,180,Maximum-based,1.0,0.051729871990061425,0.051729871990061425,0.06364891319250088,60,E[Agg(Q_xi)] - Agg(E[Q_xi]),True,"[0.10000000000000013, 0.2, 0.29999999999999993, 0.4]","[0.47999848001047957, 0.24000043999544013, 0.16000055999656015, 0.12000051999752008]",state_action_local,1,inf,5,0.05
17,185,Maximum-based,1.0,0.051170975725663585,0.051170975725663585,0.06425153053733457,60,E[Agg(Q_xi)] - Agg(E[Q_xi]),True,"[0.10000000000000013, 0.2, 0.29999999999999993, 0.4]","[0.47999848001047957, 0.24000043999544013, 0.16000055999656015, 0.12000051999752008]",state_action_local,1,inf,5,0.05
17,190,Maximum-based,1.0,0.0512212769222728,0.0512212769222728,0.06197348697191263,60,E[Agg(Q_xi)] - Agg(E[Q_xi]),True,"[0.10000000000000013, 0.2, 0.29999999999999993, 0.4]","[0.47999848001047957, 0.24000043999544013, 0.16000055999656015, 0.12000051999752008]",state_action_local,1,inf,5,0.05
17,195,Maximum-based,1.0,0.05156610715322889,0.05156610715322889,0.06782072940887485,60,E[Agg(Q_xi)] - Agg(E[Q_xi]),True,"[0.10000000000000013, 0.2, 0.29999999999999993, 0.4]","[0.47999848001047957, 0.24000043999544013, 0.16000055999656015, 0.12000051999752008]",state_action_local,1,inf,5,0.05
17,200,Maximum-based,1.0,0.051282788083063933,0.051282788083063933,0.06199794775378109,60,E[Agg(Q_xi)] - Agg(E[Q_xi]),True,"[0.10000000000000013, 0.2, 0.29999999999999993, 0.4]","[0.47999848001047957, 0.24000043999544013, 0.16000055999656015, 0.12000051999752008]",state_action_local,1,inf,5,0.05
17,205,Maximum-based,1.0,0.051584354832593736,0.051584354832593736,0.06948898559781647,60,E[Agg(Q_xi)] - Agg(E[Q_xi]),True,"[0.10000000000000013, 0.2, 0.29999999999999993, 0.4]","[0.47999848001047957, 0.24000043999544013, 0.16000055999656015, 0.12000051999752008]",state_action_local,1,inf,5,0.05
17,210,Maximum-based,1.0,0.05127352244350531,0.05127352244350531,0.06516203696202005,60,E[Agg(Q_xi)] - Agg(E[Q_xi]),True,"[0.10000000000000013, 0.2, 0.29999999999999993, 0.4]","[0.47999848001047957, 0.24000043999544013, 0.16000055999656015, 0.12000051999752008]",state_action_local,1,inf,5,0.05
17,215,Maximum-based,1.0,0.0509263441367129,0.0509263441367129,0.0646911336540743,60,E[Agg(Q_xi)] - Agg(E[Q_xi]),True,"[0.10000000000000013, 0.2, 0.29999999999999993, 0.4]","[0.47999848001047957, 0.24000043999544013, 0.16000055999656015, 0.12000051999752008]",state_action_local,1,inf,5,0.05
17,220,Maximum-based,1.0,0.0509606417863306,0.0509606417863306,0.06450137312464399,60,E[Agg(Q_xi)] - Agg(E[Q_xi]),True,"[0.10000000000000013, 0.2, 0.29999999999999993, 0.4]","[0.47999848001047957, 0.24000043999544013, 0.16000055999656015, 0.12000051999752008]",state_action_local,1,inf,5,0.05
17,225,Maximum-based,1.0,0.051885193066867924,0.051885193066867924,0.06460693010306517,60,E[Agg(Q_xi)] - Agg(E[Q_xi]),True,"[0.10000000000000013, 0.2, 0.29999999999999993, 0.4]","[0.47999848001047957, 0.24000043999544013, 0.16000055999656015, 0.12000051999752008]",state_action_local,1,inf,5,0.05
17,230,Maximum-based,1.0,0.051442204343669674,0.051442204343669674,0.06288156346505858,60,E[Agg(Q_xi)] - Agg(E[Q_xi]),True,"[0.10000000000000013, 0.2, 0.29999999999999993, 0.4]","[0.47999848001047957, 0.24000043999544013, 0.16000055999656015, 0.12000051999752008]",state_action_local,1,inf,5,0.05
17,235,Maximum-based,1.0,0.05119809129038635,0.05119809129038635,0.06211938029506214,60,E[Agg(Q_xi)] - Agg(E[Q_xi]),True,"[0.10000000000000013, 0.2, 0.29999999999999993, 0.4]","[0.47999848001047957, 0.24000043999544013, 0.16000055999656015, 0.12000051999752008]",state_action_local,1,inf,5,0.05
17,240,Maximum-based,1.0,0.05141531719209837,0.05141531719209837,0.06128444847093917,60,E[Agg(Q_xi)] - Agg(E[Q_xi]),True,"[0.10000000000000013, 0.2, 0.29999999999999993, 0.4]","[0.47999848001047957, 0.24000043999544013, 0.16000055999656015, 0.12000051999752008]",state_action_local,1,inf,5,0.05
17,245,Maximum-based,1.0,0.05128037430043551,0.05128037430043551,0.0671642705405553,60,E[Agg(Q_xi)] - Agg(E[Q_xi]),True,"[0.10000000000000013, 0.2, 0.29999999999999993, 0.4]","[0.47999848001047957, 0.24000043999544013, 0.16000055999656015, 0.12000051999752008]",state_action_local,1,inf,5,0.05
17,250,Maximum-based,1.0,0.05105281286201017,0.05105281286201017,0.06635874246536844,60,E[Agg(Q_xi)] - Agg(E[Q_xi]),True,"[0.10000000000000013, 0.2, 0.29999999999999993, 0.4]","[0.47999848001047957, 0.24000043999544013, 0.16000055999656015, 0.12000051999752008]",state_action_local,1,inf,5,0.05
17,255,Maximum-based,1.0,0.05058000044189795,0.05058000044189795,0.06459503187467952,60,E[Agg(Q_xi)] - Agg(E[Q_xi]),True,"[0.10000000000000013, 0.2, 0.29999999999999993, 0.4]","[0.47999848001047957, 0.24000043999544013, 0.16000055999656015, 0.12000051999752008]",state_action_local,1,inf,5,0.05
17,260,Maximum-based,1.0,0.05102329360602709,0.05102329360602709,0.06407984799930233,60,E[Agg(Q_xi)] - Agg(E[Q_xi]),True,"[0.10000000000000013, 0.2, 0.29999999999999993, 0.4]","[0.47999848001047957, 0.24000043999544013, 0.16000055999656015, 0.12000051999752008]",state_action_local,1,inf,5,0.05
17,265,Maximum-based,1.0,0.0509111996952391,0.0509111996952391,0.06422616382958779,60,E[Agg(Q_xi)] - Agg(E[Q_xi]),True,"[0.10000000000000013, 0.2, 0.29999999999999993, 0.4]","[0.47999848001047957, 0.24000043999544013, 0.16000055999656015, 0.12000051999752008]",state_action_local,1,inf,5,0.05
17,270,Maximum-based,1.0,0.05145280805940171,0.05145280805940171,0.06485750820519698,60,E[Agg(Q_xi)] - Agg(E[Q_xi]),True,"[0.10000000000000013, 0.2, 0.29999999999999993, 0.4]","[0.47999848001047957, 0.24000043999544013, 0.16000055999656015, 0.12000051999752008]",state_action_local,1,inf,5,0.05
17,275,Maximum-based,1.0,0.05055012492217649,0.05055012492217649,0.067077570520512,60,E[Agg(Q_xi)] - Agg(E[Q_xi]),True,"[0.10000000000000013, 0.2, 0.29999999999999993, 0.4]","[0.47999848001047957, 0.24000043999544013, 0.16000055999656015, 0.12000051999752008]",state_action_local,1,inf,5,0.05
17,280,Maximum-based,1.0,0.050322808378108416,0.050322808378108416,0.062172876331516136,60,E[Agg(Q_xi)] - Agg(E[Q_xi]),True,"[0.10000000000000013, 0.2, 0.29999999999999993, 0.4]","[0.47999848001047957, 0.24000043999544013, 0.16000055999656015, 0.12000051999752008]",state_action_local,1,inf,5,0.05
17,285,Maximum-based,1.0,0.050798952698112965,0.050798952698112965,0.06506928927467648,60,E[Agg(Q_xi)] - Agg(E[Q_xi]),True,"[0.10000000000000013, 0.2, 0.29999999999999993, 0.4]","[0.47999848001047957, 0.24000043999544013, 0.16000055999656015, 0.12000051999752008]",state_action_local,1,inf,5,0.05
17,290,Maximum-based,1.0,0.05072623008540855,0.05072623008540855,0.06546005990733761,60,E[Agg(Q_xi)] - Agg(E[Q_xi]),True,"[0.10000000000000013, 0.2, 0.29999999999999993, 0.4]","[0.47999848001047957, 0.24000043999544013, 0.16000055999656015, 0.12000051999752008]",state_action_local,1,inf,5,0.05
17,295,Maximum-based,1.0,0.05144599212252257,0.05144599212252257,0.06183642670135647,60,E[Agg(Q_xi)] - Agg(E[Q_xi]),True,"[0.10000000000000013, 0.2, 0.29999999999999993, 0.4]","[0.47999848001047957, 0.24000043999544013, 0.16000055999656015, 0.12000051999752008]",state_action_local,1,inf,5,0.05
17,300,Maximum-based,1.0,0.051123894339014875,0.051123894339014875,0.06140330515657766,60,E[Agg(Q_xi)] - Agg(E[Q_xi]),True,"[0.10000000000000013, 0.2, 0.29999999999999993, 0.4]","[0.47999848001047957, 0.24000043999544013, 0.16000055999656015, 0.12000051999752008]",state_action_local,1,inf,5,0.05
17,305,Maximum-based,1.0,0.05095038687494348,0.05095038687494348,0.06623805111265568,60,E[Agg(Q_xi)] - Agg(E[Q_xi]),True,"[0.10000000000000013, 0.2, 0.29999999999999993, 0.4]","[0.47999848001047957, 0.24000043999544013, 0.16000055999656015, 0.12000051999752008]",state_action_local,1,inf,5,0.05
17,310,Maximum-based,1.0,0.05115305020230571,0.05115305020230571,0.061145312461517776,60,E[Agg(Q_xi)] - Agg(E[Q_xi]),True,"[0.10000000000000013, 0.2, 0.29999999999999993, 0.4]","[0.47999848001047957, 0.24000043999544013, 0.16000055999656015, 0.12000051999752008]",state_action_local,1,inf,5,0.05
17,315,Maximum-based,1.0,0.0510538457710685,0.0510538457710685,0.06451509055832894,60,E[Agg(Q_xi)] - Agg(E[Q_xi]),True,"[0.10000000000000013, 0.2, 0.29999999999999993, 0.4]","[0.47999848001047957, 0.24000043999544013, 0.16000055999656015, 0.12000051999752008]",state_action_local,1,inf,5,0.05
17,320,Maximum-based,1.0,0.05108111114897505,0.05108111114897505,0.06705356936281426,60,E[Agg(Q_xi)] - Agg(E[Q_xi]),True,"[0.10000000000000013, 0.2, 0.29999999999999993, 0.4]","[0.47999848001047957, 0.24000043999544013, 0.16000055999656015, 0.12000051999752008]",state_action_local,1,inf,5,0.05
17,325,Maximum-based,1.0,0.05129772582609971,0.05129772582609971,0.07127688961333511,60,E[Agg(Q_xi)] - Agg(E[Q_xi]),True,"[0.10000000000000013, 0.2, 0.29999999999999993, 0.4]","[0.47999848001047957, 0.24000043999544013, 0.16000055999656015, 0.12000051999752008]",state_action_local,1,inf,5,0.05
17,330,Maximum-based,1.0,0.0505568613709847,0.0505568613709847,0.06458933625985175,60,E[Agg(Q_xi)] - Agg(E[Q_xi]),True,"[0.10000000000000013, 0.2, 0.29999999999999993, 0.4]","[0.47999848001047957, 0.24000043999544013, 0.16000055999656015, 0.12000051999752008]",state_action_local,1,inf,5,0.05
17,335,Maximum-based,1.0,0.0510301167389401,0.0510301167389401,0.06426682820889162,60,E[Agg(Q_xi)] - Agg(E[Q_xi]),True,"[0.10000000000000013, 0.2, 0.29999999999999993, 0.4]","[0.47999848001047957, 0.24000043999544013, 0.16000055999656015, 0.12000051999752008]",state_action_local,1,inf,5,0.05
17,340,Maximum-based,1.0,0.05097119841080556,0.05097119841080556,0.06666455631728851,60,E[Agg(Q_xi)] - Agg(E[Q_xi]),True,"[0.10000000000000013, 0.2, 0.29999999999999993, 0.4]","[0.47999848001047957, 0.24000043999544013, 0.16000055999656015, 0.12000051999752008]",state_action_local,1,inf,5,0.05
17,345,Maximum-based,1.0,0.05161997860619774,0.05161997860619774,0.061241294721344985,60,E[Agg(Q_xi)] - Agg(E[Q_xi]),True,"[0.10000000000000013, 0.2, 0.29999999999999993, 0.4]","[0.47999848001047957, 0.24000043999544013, 0.16000055999656015, 0.12000051999752008]",state_action_local,1,inf,5,0.05
17,350,Maximum-based,1.0,0.05104367527945113,0.05104367527945113,0.06817806656654213,60,E[Agg(Q_xi)] - Agg(E[Q_xi]),True,"[0.10000000000000013, 0.2, 0.29999999999999993, 0.4]","[0.47999848001047957, 0.24000043999544013, 0.16000055999656015, 0.12000051999752008]",state_action_local,1,inf,5,0.05
17,355,Maximum-based,1.0,0.05146576947050936,0.05146576947050936,0.07059277397256736,60,E[Agg(Q_xi)] - Agg(E[Q_xi]),True,"[0.10000000000000013, 0.2, 0.29999999999999993, 0.4]","[0.47999848001047957, 0.24000043999544013, 0.16000055999656015, 0.12000051999752008]",state_action_local,1,inf,5,0.05
17,360,Maximum-based,1.0,0.05125720401502778,0.05125720401502778,0.06514902734330974,60,E[Agg(Q_xi)] - Agg(E[Q_xi]),True,"[0.10000000000000013, 0.2, 0.29999999999999993, 0.4]","[0.47999848001047957, 0.24000043999544013, 0.16000055999656015, 0.12000051999752008]",state_action_local,1,inf,5,0.05
17,365,Maximum-based,1.0,0.05022545517366083,0.05022545517366083,0.06276713887598184,60,E[Agg(Q_xi)] - Agg(E[Q_xi]),True,"[0.10000000000000013, 0.2, 0.29999999999999993, 0.4]","[0.47999848001047957, 0.24000043999544013, 0.16000055999656015, 0.12000051999752008]",state_action_local,1,inf,5,0.05
17,370,Maximum-based,1.0,0.050443006132772146,0.050443006132772146,0.06188994825097183,60,E[Agg(Q_xi)] - Agg(E[Q_xi]),True,"[0.10000000000000013, 0.2, 0.29999999999999993, 0.4]","[0.47999848001047957, 0.24000043999544013, 0.16000055999656015, 0.12000051999752008]",state_action_local,1,inf,5,0.05
17,375,Maximum-based,1.0,0.05117511529313717,0.05117511529313717,0.06706397265239517,60,E[Agg(Q_xi)] - Agg(E[Q_xi]),True,"[0.10000000000000013, 0.2, 0.29999999999999993, 0.4]","[0.47999848001047957, 0.24000043999544013, 0.16000055999656015, 0.12000051999752008]",state_action_local,1,inf,5,0.05
17,380,Maximum-based,1.0,0.05101835722500508,0.05101835722500508,0.06331337149076433,60,E[Agg(Q_xi)] - Agg(E[Q_xi]),True,"[0.10000000000000013, 0.2, 0.29999999999999993, 0.4]","[0.47999848001047957, 0.24000043999544013, 0.16000055999656015, 0.12000051999752008]",state_action_local,1,inf,5,0.05
17,385,Maximum-based,1.0,0.050312842389952074,0.050312842389952074,0.06436245784028571,60,E[Agg(Q_xi)] - Agg(E[Q_xi]),True,"[0.10000000000000013, 0.2, 0.29999999999999993, 0.4]","[0.47999848001047957, 0.24000043999544013, 0.16000055999656015, 0.12000051999752008]",state_action_local,1,inf,5,0.05
17,390,Maximum-based,1.0,0.051160971928805164,0.051160971928805164,0.06589969227181314,60,E[Agg(Q_xi)] - Agg(E[Q_xi]),True,"[0.10000000000000013, 0.2, 0.29999999999999993, 0.4]","[0.47999848001047957, 0.24000043999544013, 0.16000055999656015, 0.12000051999752008]",state_action_local,1,inf,5,0.05
17,395,Maximum-based,1.0,0.051233665806990306,0.051233665806990306,0.0631236440399725,60,E[Agg(Q_xi)] - Agg(E[Q_xi]),True,"[0.10000000000000013, 0.2, 0.29999999999999993, 0.4]","[0.47999848001047957, 0.24000043999544013, 0.16000055999656015, 0.12000051999752008]",state_action_local,1,inf,5,0.05
17,400,Maximum-based,1.0,0.05043161063837999,0.05043161063837999,0.059669317175284675,60,E[Agg(Q_xi)] - Agg(E[Q_xi]),True,"[0.10000000000000013, 0.2, 0.29999999999999993, 0.4]","[0.47999848001047957, 0.24000043999544013, 0.16000055999656015, 0.12000051999752008]",state_action_local,1,inf,5,0.05
17,5,Similarity-aware,1.0,8.211024452956887e-18,1.6768993601109134e-17,1.1102230246251565e-16,60,E[Agg(Q_xi)] - Agg(E[Q_xi]),True,"[0.10000000000000013, 0.2, 0.29999999999999993, 0.4]","[0.47999848001047957, 0.24000043999544013, 0.16000055999656015, 0.12000051999752008]",state_action_local,1,inf,5,0.05
17,10,Similarity-aware,1.0,-1.2721305490496584e-18,2.7639927383897127e-17,2.220446049250313e-16,60,E[Agg(Q_xi)] - Agg(E[Q_xi]),True,"[0.10000000000000013, 0.2, 0.29999999999999993, 0.4]","[0.47999848001047957, 0.24000043999544013, 0.16000055999656015, 0.12000051999752008]",state_action_local,1,inf,5,0.05
17,15,Similarity-aware,1.0,-3.7007434154171884e-18,4.0245584642661923e-17,3.3306690738754696e-16,60,E[Agg(Q_xi)] - Agg(E[Q_xi]),True,"[0.10000000000000013, 0.2, 0.29999999999999993, 0.4]","[0.47999848001047957, 0.24000043999544013, 0.16000055999656015, 0.12000051999752008]",state_action_local,1,inf,5,0.05
17,20,Similarity-aware,1.0,9.714451465470119e-18,6.106226635438361e-17,6.661338147750939e-16,60,E[Agg(Q_xi)] - Agg(E[Q_xi]),True,"[0.10000000000000013, 0.2, 0.29999999999999993, 0.4]","[0.47999848001047957, 0.24000043999544013, 0.16000055999656015, 0.12000051999752008]",state_action_local,1,inf,5,0.05
17,25,Similarity-aware,1.0,-5.551115123125783e-18,6.430041684287366e-17,4.440892098500626e-16,60,E[Agg(Q_xi)] - Agg(E[Q_xi]),True,"[0.10000000000000013, 0.2, 0.29999999999999993, 0.4]","[0.47999848001047957, 0.24000043999544013, 0.16000055999656015, 0.12000051999752008]",state_action_local,1,inf,5,0.05
17,30,Similarity-aware,1.0,3.7470027081099036e-17,1.0917193075480705e-16,6.661338147750939e-16,60,E[Agg(Q_xi)] - Agg(E[Q_xi]),True,"[0.10000000000000013, 0.2, 0.29999999999999993, 0.4]","[0.47999848001047957, 0.24000043999544013, 0.16000055999656015, 0.12000051999752008]",state_action_local,1,inf,5,0.05
17,35,Similarity-aware,1.0,-5.551115123125783e-18,1.0454600148553557e-16,6.661338147750939e-16,60,E[Agg(Q_xi)] - Agg(E[Q_xi]),True,"[0.10000000000000013, 0.2, 0.29999999999999993, 0.4]","[0.47999848001047957, 0.24000043999544013, 0.16000055999656015, 0.12000051999752008]",state_action_local,1,inf,5,0.05
17,40,Similarity-aware,1.0,4.9960036108132046e-17,1.5635640930137622e-16,1.1102230246251565e-15,60,E[Agg(Q_xi)] - Agg(E[Q_xi]),True,"[0.10000000000000013, 0.2, 0.29999999999999993, 0.4]","[0.47999848001047957, 0.24000043999544013, 0.16000055999656015, 0.12000051999752008]",state_action_local,1,inf,5,0.05
17,45,Similarity-aware,1.0,8.326672684688674e-18,1.5080529417825044e-16,1.3322676295501878e-15,60,E[Agg(Q_xi)] - Agg(E[Q_xi]),True,"[0.10000000000000013, 0.2, 0.29999999999999993, 0.4]","[0.47999848001047957, 0.24000043999544013, 0.16000055999656015, 0.12000051999752008]",state_action_local,1,inf,5,0.05
17,50,Similarity-aware,1.0,1.6653345369377347e-17,1.5173048003210473e-16,1.1102230246251565e-15,60,E[Agg(Q_xi)] - Agg(E[Q_xi]),True,"[0.10000000000000013, 0.2, 0.29999999999999993, 0.4]","[0.47999848001047957, 0.24000043999544013, 0.16000055999656015, 0.12000051999752008]",state_action_local,1,inf,5,0.05
17,55,Similarity-aware,1.0,-2.4054832200211726e-17,1.7763568394002506e-16,1.3322676295501878e-15,60,E[Agg(Q_xi)] - Agg(E[Q_xi]),True,"[0.10000000000000013, 0.2, 0.29999999999999993, 0.4]","[0.47999848001047957, 0.24000043999544013, 0.16000055999656015, 0.12000051999752008]",state_action_local,1,inf,5,0.05
17,60,Similarity-aware,1.0,-1.295260195396016e-17,1.4617936490897894e-16,1.3322676295501878e-15,60,E[Agg(Q_xi)] - Agg(E[Q_xi]),True,"[0.10000000000000013, 0.2, 0.29999999999999993, 0.4]","[0.47999848001047957, 0.24000043999544013, 0.16000055999656015, 0.12000051999752008]",state_action_local,1,inf,5,0.05
17,65,Similarity-aware,1.0,-3.8857805861880476e-17,1.6283271027835628e-16,1.7763568394002505e-15,60,E[Agg(Q_xi)] - Agg(E[Q_xi]),True,"[0.10000000000000013, 0.2, 0.29999999999999993, 0.4]","[0.47999848001047957, 0.24000043999544013, 0.16000055999656015, 0.12000051999752008]",state_action_local,1,inf,5,0.05
17,70,Similarity-aware,1.0,-1.6653345369377347e-17,1.905882858939852e-16,1.3322676295501878e-15,60,E[Agg(Q_xi)] - Agg(E[Q_xi]),True,"[0.10000000000000013, 0.2, 0.29999999999999993, 0.4]","[0.47999848001047957, 0.24000043999544013, 0.16000055999656015, 0.12000051999752008]",state_action_local,1,inf,5,0.05
17,75,Similarity-aware,1.0,5.551115123125783e-17,2.7015426932545474e-16,2.220446049250313e-15,60,E[Agg(Q_xi)] - Agg(E[Q_xi]),True,"[0.10000000000000013, 0.2, 0.29999999999999993, 0.4]","[0.47999848001047957, 0.24000043999544013, 0.16000055999656015, 0.12000051999752008]",state_action_local,1,inf,5,0.05
17,80,Similarity-aware,1.0,9.992007221626409e-17,3.219646771412954e-16,2.220446049250313e-15,60,E[Agg(Q_xi)] - Agg(E[Q_xi]),True,"[0.10000000000000013, 0.2, 0.29999999999999993, 0.4]","[0.47999848001047957, 0.24000043999544013, 0.16000055999656015, 0.12000051999752008]",state_action_local,1,inf,5,0.05
17,85,Similarity-aware,1.0,-1.4802973661668754e-17,2.8495724298712354e-16,3.1086244689504383e-15,60,E[Agg(Q_xi)] - Agg(E[Q_xi]),True,"[0.10000000000000013, 0.2, 0.29999999999999993, 0.4]","[0.47999848001047957, 0.24000043999544013, 0.16000055999656015, 0.12000051999752008]",state_action_local,1,inf,5,0.05
17,90,Similarity-aware,1.0,5.551115123125783e-17,3.0346096006420946e-16,2.220446049250313e-15,60,E[Agg(Q_xi)] - Agg(E[Q_xi]),True,"[0.10000000000000013, 0.2, 0.29999999999999993, 0.4]","[0.47999848001047957, 0.24000043999544013, 0.16000055999656015, 0.12000051999752008]",state_action_local,1,inf,5,0.05
17,95,Similarity-aware,1.0,1.0362081563168128e-16,3.959795454496392e-16,2.220446049250313e-15,60,E[Agg(Q_xi)] - Agg(E[Q_xi]),True,"[0.10000000000000013, 0.2, 0.29999999999999993, 0.4]","[0.47999848001047957, 0.24000043999544013, 0.16000055999656015, 0.12000051999752008]",state_action_local,1,inf,5,0.05
17,100,Similarity-aware,1.0,7.401486830834377e-17,3.885780586188048e-16,2.6645352591003757e-15,60,E[Agg(Q_xi)] - Agg(E[Q_xi]),True,"[0.10000000000000013, 0.2, 0.29999999999999993, 0.4]","[0.47999848001047957, 0.24000043999544013, 0.16000055999656015, 0.12000051999752008]",state_action_local,1,inf,5,0.05
17,105,Similarity-aware,1.0,1.850371707708594e-17,2.9605947323337506e-16,2.6645352591003757e-15,60,E[Agg(Q_xi)] - Agg(E[Q_xi]),True,"[0.10000000000000013, 0.2, 0.29999999999999993, 0.4]","[0.47999848001047957, 0.24000043999544013, 0.16000055999656015, 0.12000051999752008]",state_action_local,1,inf,5,0.05
17,110,Similarity-aware,1.0,1.0362081563168128e-16,3.9968028886505636e-16,2.6645352591003757e-15,60,E[Agg(Q_xi)] - Agg(E[Q_xi]),True,"[0.10000000000000013, 0.2, 0.29999999999999993, 0.4]","[0.47999848001047957, 0.24000043999544013, 0.16000055999656015, 0.12000051999752008]",state_action_local,1,inf,5,0.05
17,115,Similarity-aware,1.0,-1.4802973661668754e-17,3.293661639721298e-16,2.220446049250313e-15,60,E[Agg(Q_xi)] - Agg(E[Q_xi]),True,"[0.10000000000000013, 0.2, 0.29999999999999993, 0.4]","[0.47999848001047957, 0.24000043999544013, 0.16000055999656015, 0.12000051999752008]",state_action_local,1,inf,5,0.05
17,120,Similarity-aware,1.0,6.661338147750939e-17,3.885780586188048e-16,2.6645352591003757e-15,60,E[Agg(Q_xi)] - Agg(E[Q_xi]),True,"[0.10000000000000013, 0.2, 0.29999999999999993, 0.4]","[0.47999848001047957, 0.24000043999544013, 0.16000055999656015, 0.12000051999752008]",state_action_local,1,inf,5,0.05
17,125,Similarity-aware,1.0,-1.850371707708594e-17,3.7007434154171886e-16,2.6645352591003757e-15,60,E[Agg(Q_xi)] - Agg(E[Q_xi]),True,"[0.10000000000000013, 0.2, 0.29999999999999993, 0.4]","[0.47999848001047957, 0.24000043999544013, 0.16000055999656015, 0.12000051999752008]",state_action_local,1,inf,5,0.05
17,130,Similarity-aware,1.0,1.1102230246251566e-17,3.3306690738754696e-16,2.220446049250313e-15,60,E[Agg(Q_xi)] - Agg(E[Q_xi]),True,"[0.10000000000000013, 0.2, 0.29999999999999993, 0.4]","[0.47999848001047957, 0.24000043999544013, 0.16000055999656015, 0.12000051999752008]",state_action_local,1,inf,5,0.05
17,135,Similarity-aware,1.0,-8.141635513917814e-17,3.219646771412954e-16,2.6645352591003757e-15,60,E[Agg(Q_xi)] - Agg(E[Q_xi]),True,"[0.10000000000000013, 0.2, 0.29999999999999993, 0.4]","[0.47999848001047957, 0.24000043999544013, 0.16000055999656015, 0.12000051999752008]",state_action_local,1,inf,5,0.05
17,140,Similarity-aware,1.0,4.070817756958907e-17,3.9968028886505636e-16,2.6645352591003757e-15,60,E[Agg(Q_xi)] - Agg(E[Q_xi]),True,"[0.10000000000000013, 0.2, 0.29999999999999993, 0.4]","[0.47999848001047957, 0.24000043999544013, 0.16000055999656015, 0.12000051999752008]",state_action_local,1,inf,5,0.05
17,145,Similarity-aware,1.0,-1.2212453270876723e-16,3.0716170347962664e-16,2.6645352591003757e-15,60,E[Agg(Q_xi)] - Agg(E[Q_xi]),True,"[0.10000000000000013, 0.2, 0.29999999999999993, 0.4]","[0.47999848001047957, 0.24000043999544013, 0.16000055999656015, 0.12000051999752008]",state_action_local,1,inf,5,0.05
17,150,Similarity-aware,1.0,-5.921189464667501e-17,4.255854927729767e-16,3.552713678800501e-15,60,E[Agg(Q_xi)] - Agg(E[Q_xi]),True,"[0.10000000000000013, 0.2, 0.29999999999999993, 0.4]","[0.47999848001047957, 0.24000043999544013, 0.16000055999656015, 0.12000051999752008]",state_action_local,1,inf,5,0.05
17,155,Similarity-aware,1.0,2.7755575615628914e-16,5.810167162204986e-16,3.552713678800501e-15,60,E[Agg(Q_xi)] - Agg(E[Q_xi]),True,"[0.10000000000000013, 0.2, 0.29999999999999993, 0.4]","[0.47999848001047957, 0.24000043999544013, 0.16000055999656015, 0.12000051999752008]",state_action_local,1,inf,5,0.05
17,160,Similarity-aware,1.0,-5.921189464667501e-17,4.736951571734001e-16,3.552713678800501e-15,60,E[Agg(Q_xi)] - Agg(E[Q_xi]),True,"[0.10000000000000013, 0.2, 0.29999999999999993, 0.4]","[0.47999848001047957, 0.24000043999544013, 0.16000055999656015, 0.12000051999752008]",state_action_local,1,inf,5,0.05
17,165,Similarity-aware,1.0,5.921189464667501e-17,5.551115123125783e-16,3.552713678800501e-15,60,E[Agg(Q_xi)] - Agg(E[Q_xi]),True,"[0.10000000000000013, 0.2, 0.29999999999999993, 0.4]","[0.47999848001047957, 0.24000043999544013, 0.16000055999656015, 0.12000051999752008]",state_action_local,1,inf,5,0.05
17,170,Similarity-aware,1.0,7.401486830834377e-18,5.10702591327572e-16,4.440892098500626e-15,60,E[Agg(Q_xi)] - Agg(E[Q_xi]),True,"[0.10000000000000013, 0.2, 0.29999999999999993, 0.4]","[0.47999848001047957, 0.24000043999544013, 0.16000055999656015, 0.12000051999752008]",state_action_local,1,inf,5,0.05
17,175,Similarity-aware,1.0,3.774758283725532e-16,7.327471962526033e-16,3.552713678800501e-15,60,E[Agg(Q_xi)] - Agg(E[Q_xi]),True,"[0.10000000000000013, 0.2, 0.29999999999999993, 0.4]","[0.47999848001047957, 0.24000043999544013, 0.16000055999656015, 0.12000051999752008]",state_action_local,1,inf,5,0.05
17,180,Similarity-aware,1.0,1.4802973661668754e-17,5.033011044967376e-16,3.552713678800501e-15,60,E[Agg(Q_xi)] - Agg(E[Q_xi]),True,"[0.10000000000000013, 0.2, 0.29999999999999993, 0.4]","[0.47999848001047957, 0.24000043999544013, 0.16000055999656015, 0.12000051999752008]",state_action_local,1,inf,5,0.05
17,185,Similarity-aware,1.0,1.554312234475219e-16,5.329070518200751e-16,3.552713678800501e-15,60,E[Agg(Q_xi)] - Agg(E[Q_xi]),True,"[0.10000000000000013, 0.2, 0.29999999999999993, 0.4]","[0.47999848001047957, 0.24000043999544013, 0.16000055999656015, 0.12000051999752008]",state_action_local,1,inf,5,0.05
17,190,Similarity-aware,1.0,-1.554312234475219e-16,4.736951571734001e-16,4.440892098500626e-15,60,E[Agg(Q_xi)] - Agg(E[Q_xi]),True,"[0.10000000000000013, 0.2, 0.29999999999999993, 0.4]","[0.47999848001047957, 0.24000043999544013, 0.16000055999656015, 0.12000051999752008]",state_action_local,1,inf,5,0.05
17,195,Similarity-aware,1.0,1.258252761241844e-16,6.883382752675971e-16,5.329070518200751e-15,60,E[Agg(Q_xi)] - Agg(E[Q_xi]),True,"[0.10000000000000013, 0.2, 0.29999999999999993, 0.4]","[0.47999848001047957, 0.24000043999544013, 0.16000055999656015, 0.12000051999752008]",state_action_local,1,inf,5,0.05
17,200,Similarity-aware,1.0,-7.401486830834377e-18,5.921189464667501e-16,4.440892098500626e-15,60,E[Agg(Q_xi)] - Agg(E[Q_xi]),True,"[0.10000000000000013, 0.2, 0.29999999999999993, 0.4]","[0.47999848001047957, 0.24000043999544013, 0.16000055999656015, 0.12000051999752008]",state_action_local,1,inf,5,0.05
17,205,Similarity-aware,1.0,5.921189464667501e-17,5.847174596359158e-16,3.552713678800501e-15,60,E[Agg(Q_xi)] - Agg(E[Q_xi]),True,"[0.10000000000000013, 0.2, 0.29999999999999993, 0.4]","[0.47999848001047957, 0.24000043999544013, 0.16000055999656015, 0.12000051999752008]",state_action_local,1,inf,5,0.05
17,210,Similarity-aware,1.0,-2.220446049250313e-16,4.662936703425658e-16,4.440892098500626e-15,60,E[Agg(Q_xi)] - Agg(E[Q_xi]),True,"[0.10000000000000013, 0.2, 0.29999999999999993, 0.4]","[0.47999848001047957, 0.24000043999544013, 0.16000055999656015, 0.12000051999752008]",state_action_local,1,inf,5,0.05
17,215,Similarity-aware,1.0,-1.3322676295501878e-16,5.329070518200751e-16,4.440892098500626e-15,60,E[Agg(Q_xi)] - Agg(E[Q_xi]),True,"[0.10000000000000013, 0.2, 0.29999999999999993, 0.4]","[0.47999848001047957, 0.24000043999544013, 0.16000055999656015, 0.12000051999752008]",state_action_local,1,inf,5,0.05
17,220,Similarity-aware,1.0,2.886579864025407e-16,7.105427357601002e-16,4.440892098500626e-15,60,E[Agg(Q_xi)] - Agg(E[Q_xi]),True,"[0.10000000000000013, 0.2, 0.29999999999999993, 0.4]","[0.47999848001047957, 0.24000043999544013, 0.16000055999656015, 0.12000051999752008]",state_action_local,1,inf,5,0.05
17,225,Similarity-aware,1.0,-3.108624468950438e-16,5.329070518200751e-16,4.440892098500626e-15,60,E[Agg(Q_xi)] - Agg(E[Q_xi]),True,"[0.10000000000000013, 0.2, 0.29999999999999993, 0.4]","[0.47999848001047957, 0.24000043999544013, 0.16000055999656015, 0.12000051999752008]",state_action_local,1,inf,5,0.05
17,230,Similarity-aware,1.0,5.181040781584064e-17,7.475501699142721e-16,3.552713678800501e-15,60,E[Agg(Q_xi)] - Agg(E[Q_xi]),True,"[0.10000000000000013, 0.2, 0.29999999999999993, 0.4]","[0.47999848001047957, 0.24000043999544013, 0.16000055999656015, 0.12000051999752008]",state_action_local,1,inf,5,0.05
17,235,Similarity-aware,1.0,6.661338147750939e-17,6.661338147750939e-16,5.329070518200751e-15,60,E[Agg(Q_xi)] - Agg(E[Q_xi]),True,"[0.10000000000000013, 0.2, 0.29999999999999993, 0.4]","[0.47999848001047957, 0.24000043999544013, 0.16000055999656015, 0.12000051999752008]",state_action_local,1,inf,5,0.05
17,240,Similarity-aware,1.0,-2.4424906541753446e-16,4.958996176659033e-16,4.440892098500626e-15,60,E[Agg(Q_xi)] - Agg(E[Q_xi]),True,"[0.10000000000000013, 0.2, 0.29999999999999993, 0.4]","[0.47999848001047957, 0.24000043999544013, 0.16000055999656015, 0.12000051999752008]",state_action_local,1,inf,5,0.05
17,245,Similarity-aware,1.0,-2.0724163126336256e-16,6.365278674517564e-16,4.440892098500626e-15,60,E[Agg(Q_xi)] - Agg(E[Q_xi]),True,"[0.10000000000000013, 0.2, 0.29999999999999993, 0.4]","[0.47999848001047957, 0.24000043999544013, 0.16000055999656015, 0.12000051999752008]",state_action_local,1,inf,5,0.05
17,250,Similarity-aware,1.0,-1.7763568394002506e-16,5.995204332975846e-16,6.217248937900877e-15,60,E[Agg(Q_xi)] - Agg(E[Q_xi]),True,"[0.10000000000000013, 0.2, 0.29999999999999993, 0.4]","[0.47999848001047957, 0.24000043999544013, 0.16000055999656015, 0.12000051999752008]",state_action_local,1,inf,5,0.05
17,255,Similarity-aware,1.0,0.0,6.735353016059283e-16,5.329070518200751e-15,60,E[Agg(Q_xi)] - Agg(E[Q_xi]),True,"[0.10000000000000013, 0.2, 0.29999999999999993, 0.4]","[0.47999848001047957, 0.24000043999544013, 0.16000055999656015, 0.12000051999752008]",state_action_local,1,inf,5,0.05
17,260,Similarity-aware,1.0,-1.0362081563168128e-16,6.291263806209221e-16,4.440892098500626e-15,60,E[Agg(Q_xi)] - Agg(E[Q_xi]),True,"[0.10000000000000013, 0.2, 0.29999999999999993, 0.4]","[0.47999848001047957, 0.24000043999544013, 0.16000055999656015, 0.12000051999752008]",state_action_local,1,inf,5,0.05
17,265,Similarity-aware,1.0,1.1842378929335003e-16,7.031412489292658e-16,4.440892098500626e-15,60,E[Agg(Q_xi)] - Agg(E[Q_xi]),True,"[0.10000000000000013, 0.2, 0.29999999999999993, 0.4]","[0.47999848001047957, 0.24000043999544013, 0.16000055999656015, 0.12000051999752008]",state_action_local,1,inf,5,0.05
17,270,Similarity-aware,1.0,1.7763568394002506e-16,7.697546304067752e-16,5.329070518200751e-15,60,E[Agg(Q_xi)] - Agg(E[Q_xi]),True,"[0.10000000000000013, 0.2, 0.29999999999999993, 0.4]","[0.47999848001047957, 0.24000043999544013, 0.16000055999656015, 0.12000051999752008]",state_action_local,1,inf,5,0.05
17,275,Similarity-aware,1.0,-1.258252761241844e-16,7.105427357601002e-16,5.329070518200751e-15,60,E[Agg(Q_xi)] - Agg(E[Q_xi]),True,"[0.10000000000000013, 0.2, 0.29999999999999993, 0.4]","[0.47999848001047957, 0.24000043999544013, 0.16000055999656015, 0.12000051999752008]",state_action_local,1,inf,5,0.05
17,280,Similarity-aware,1.0,9.62193288008469e-17,7.771561172376096e-16,6.217248937900877e-15,60,E[Agg(Q_xi)] - Agg(E[Q_xi]),True,"[0.10000000000000013, 0.2, 0.29999999999999993, 0.4]","[0.47999848001047957, 0.24000043999544013, 0.16000055999656015, 0.12000051999752008]",state_action_local,1,inf,5,0.05
17,285,Similarity-aware,1.0,-3.700743415417188e-17,6.883382752675971e-16,4.440892098500626e-15,60,E[Agg(Q_xi)] - Agg(E[Q_xi]),True,"[0.10000000000000013, 0.2, 0.29999999999999993, 0.4]","[0.47999848001047957, 0.24000043999544013, 0.16000055999656015, 0.12000051999752008]",state_action_local,1,inf,5,0.05
17,290,Similarity-aware,1.0,-1.3322676295501878e-16,6.661338147750939e-16,5.329070518200751e-15,60,E[Agg(Q_xi)] - Agg(E[Q_xi]),True,"[0.10000000000000013, 0.2, 0.29999999999999993, 0.4]","[0.47999848001047957, 0.24000043999544013, 0.16000055999656015, 0.12000051999752008]",state_action_local,1,inf,5,0.05
17,295,Similarity-aware,1.0,-1.3322676295501878e-16,6.735353016059283e-16,7.105427357601002e-15,60,E[Agg(Q_xi)] - Agg(E[Q_xi]),True,"[0.10000000000000013, 0.2, 0.29999999999999993, 0.4]","[0.47999848001047957, 0.24000043999544013, 0.16000055999656015, 0.12000051999752008]",state_action_local,1,inf,5,0.05
17,300,Similarity-aware,1.0,1.924386576016938e-16,8.067620645609471e-16,6.217248937900877e-15,60,E[Agg(Q_xi)] - Agg(E[Q_xi]),True,"[0.10000000000000013, 0.2, 0.29999999999999993, 0.4]","[0.47999848001047957, 0.24000043999544013, 0.16000055999656015, 0.12000051999752008]",state_action_local,1,inf,5,0.05
17,305,Similarity-aware,1.0,2.886579864025407e-16,9.769962616701378e-16,7.105427357601002e-15,60,E[Agg(Q_xi)] - Agg(E[Q_xi]),True,"[0.10000000000000013, 0.2, 0.29999999999999993, 0.4]","[0.47999848001047957, 0.24000043999544013, 0.16000055999656015, 0.12000051999752008]",state_action_local,1,inf,5,0.05
17,310,Similarity-aware,1.0,0.0,7.031412489292658e-16,5.329070518200751e-15,60,E[Agg(Q_xi)] - Agg(E[Q_xi]),True,"[0.10000000000000013, 0.2, 0.29999999999999993, 0.4]","[0.47999848001047957, 0.24000043999544013, 0.16000055999656015, 0.12000051999752008]",state_action_local,1,inf,5,0.05
17,315,Similarity-aware,1.0,-1.554312234475219e-16,7.253457094217689e-16,6.217248937900877e-15,60,E[Agg(Q_xi)] - Agg(E[Q_xi]),True,"[0.10000000000000013, 0.2, 0.29999999999999993, 0.4]","[0.47999848001047957, 0.24000043999544013, 0.16000055999656015, 0.12000051999752008]",state_action_local,1,inf,5,0.05
17,320,Similarity-aware,1.0,7.401486830834377e-17,7.327471962526033e-16,4.440892098500626e-15,60,E[Agg(Q_xi)] - Agg(E[Q_xi]),True,"[0.10000000000000013, 0.2, 0.29999999999999993, 0.4]","[0.47999848001047957, 0.24000043999544013, 0.16000055999656015, 0.12000051999752008]",state_action_local,1,inf,5,0.05
17,325,Similarity-aware,1.0,-2.2204460492503132e-17,7.993605777301127e-16,5.329070518200751e-15,60,E[Agg(Q_xi)] - Agg(E[Q_xi]),True,"[0.10000000000000013, 0.2, 0.29999999999999993, 0.4]","[0.47999848001047957, 0.24000043999544013, 0.16000055999656015, 0.12000051999752008]",state_action_local,1,inf,5,0.05
17,330,Similarity-aware,1.0,-1.4802973661668754e-17,7.401486830834377e-16,5.329070518200751e-15,60,E[Agg(Q_xi)] - Agg(E[Q_xi]),True,"[0.10000000000000013, 0.2, 0.29999999999999993, 0.4]","[0.47999848001047957, 0.24000043999544013, 0.16000055999656015, 0.12000051999752008]",state_action_local,1,inf,5,0.05
17,335,Similarity-aware,1.0,3.848773152033876e-16,9.62193288008469e-16,5.329070518200751e-15,60,E[Agg(Q_xi)] - Agg(E[Q_xi]),True,"[0.10000000000000013, 0.2, 0.29999999999999993, 0.4]","[0.47999848001047957, 0.24000043999544013, 0.16000055999656015, 0.12000051999752008]",state_action_local,1,inf,5,0.05
17,340,Similarity-aware,1.0,2.0724163126336256e-16,9.62193288008469e-16,5.329070518200751e-15,60,E[Agg(Q_xi)] - Agg(E[Q_xi]),True,"[0.10000000000000013, 0.2, 0.29999999999999993, 0.4]","[0.47999848001047957, 0.24000043999544013, 0.16000055999656015, 0.12000051999752008]",state_action_local,1,inf,5,0.05
17,345,Similarity-aware,1.0,7.401486830834377e-17,7.845576040684439e-16,5.329070518200751e-15,60,E[Agg(Q_xi)] - Agg(E[Q_xi]),True,"[0.10000000000000013, 0.2, 0.29999999999999993, 0.4]","[0.47999848001047957, 0.24000043999544013, 0.16000055999656015, 0.12000051999752008]",state_action_local,1,inf,5,0.05
17,350,Similarity-aware,1.0,9.62193288008469e-17,8.511709855459534e-16,5.329070518200751e-15,60,E[Agg(Q_xi)] - Agg(E[Q_xi]),True,"[0.10000000000000013, 0.2, 0.29999999999999993, 0.4]","[0.47999848001047957, 0.24000043999544013, 0.16000055999656015, 0.12000051999752008]",state_action_local,1,inf,5,0.05
17,355,Similarity-aware,1.0,3.700743415417188e-17,7.549516567451064e-16,5.329070518200751e-15,60,E[Agg(Q_xi)] - Agg(E[Q_xi]),True,"[0.10000000000000013, 0.2, 0.29999999999999993, 0.4]","[0.47999848001047957, 0.24000043999544013, 0.16000055999656015, 0.12000051999752008]",state_action_local,1,inf,5,0.05
17,360,Similarity-aware,1.0,-1.924386576016938e-16,6.513308411134251e-16,7.105427357601002e-15,60,E[Agg(Q_xi)] - Agg(E[Q_xi]),True,"[0.10000000000000013, 0.2, 0.29999999999999993, 0.4]","[0.47999848001047957, 0.24000043999544013, 0.16000055999656015, 0.12000051999752008]",state_action_local,1,inf,5,0.05
17,365,Similarity-aware,1.0,2.0724163126336256e-16,8.585724723767877e-16,5.329070518200751e-15,60,E[Agg(Q_xi)] - Agg(E[Q_xi]),True,"[0.10000000000000013, 0.2, 0.29999999999999993, 0.4]","[0.47999848001047957, 0.24000043999544013, 0.16000055999656015, 0.12000051999752008]",state_action_local,1,inf,5,0.05
17,370,Similarity-aware,1.0,1.7763568394002506e-16,8.585724723767877e-16,5.329070518200751e-15,60,E[Agg(Q_xi)] - Agg(E[Q_xi]),True,"[0.10000000000000013, 0.2, 0.29999999999999993, 0.4]","[0.47999848001047957, 0.24000043999544013, 0.16000055999656015, 0.12000051999752008]",state_action_local,1,inf,5,0.05
17,375,Similarity-aware,1.0,2.6645352591003756e-16,1.0510111299784815e-15,7.105427357601002e-15,60,E[Agg(Q_xi)] - Agg(E[Q_xi]),True,"[0.10000000000000013, 0.2, 0.29999999999999993, 0.4]","[0.47999848001047957, 0.24000043999544013, 0.16000055999656015, 0.12000051999752008]",state_action_local,1,inf,5,0.05
17,380,Similarity-aware,1.0,-2.3684757858670006e-16,7.845576040684439e-16,7.105427357601002e-15,60,E[Agg(Q_xi)] - Agg(E[Q_xi]),True,"[0.10000000000000013, 0.2, 0.29999999999999993, 0.4]","[0.47999848001047957, 0.24000043999544013, 0.16000055999656015, 0.12000051999752008]",state_action_local,1,inf,5,0.05
17,385,Similarity-aware,1.0,-4.736951571734001e-16,6.957397620984314e-16,7.105427357601002e-15,60,E[Agg(Q_xi)] - Agg(E[Q_xi]),True,"[0.10000000000000013, 0.2, 0.29999999999999993, 0.4]","[0.47999848001047957, 0.24000043999544013, 0.16000055999656015, 0.12000051999752008]",state_action_local,1,inf,5,0.05
17,390,Similarity-aware,1.0,1.924386576016938e-16,1.0510111299784815e-15,7.105427357601002e-15,60,E[Agg(Q_xi)] - Agg(E[Q_xi]),True,"[0.10000000000000013, 0.2, 0.29999999999999993, 0.4]","[0.47999848001047957, 0.24000043999544013, 0.16000055999656015, 0.12000051999752008]",state_action_local,1,inf,5,0.05
17,395,Similarity-aware,1.0,-1.3322676295501878e-16,7.845576040684439e-16,7.105427357601002e-15,60,E[Agg(Q_xi)] - Agg(E[Q_xi]),True,"[0.10000000000000013, 0.2, 0.29999999999999993, 0.4]","[0.47999848001047957, 0.24000043999544013, 0.16000055999656015, 0.12000051999752008]",state_action_local,1,inf,5,0.05
17,400,Similarity-aware,1.0,-1.6283271027835628e-16,8.881784197001252e-16,7.105427357601002e-15,60,E[Agg(Q_xi)] - Agg(E[Q_xi]),True,"[0.10000000000000013, 0.2, 0.29999999999999993, 0.4]","[0.47999848001047957, 0.24000043999544013, 0.16000055999656015, 0.12000051999752008]",state_action_local,1,inf,5,0.05
18,5,Maximum-based,1.0,0.05835944774070025,0.05835944774070025,0.06940900665995921,60,E[Agg(Q_xi)] - Agg(E[Q_xi]),True,"[0.10000000000000012, 0.20000000000000004, 0.3, 0.4]","[0.4799984800104797, 0.24000043999544013, 0.16000055999656013, 0.12000051999752008]",state_action_local,1,inf,5,0.05
18,10,Maximum-based,1.0,0.05666810848905974,0.05666810848905974,0.06666252950352783,60,E[Agg(Q_xi)] - Agg(E[Q_xi]),True,"[0.10000000000000012, 0.20000000000000004, 0.3, 0.4]","[0.4799984800104797, 0.24000043999544013, 0.16000055999656013, 0.12000051999752008]",state_action_local,1,inf,5,0.05
18,15,Maximum-based,1.0,0.0547852561476314,0.0547852561476314,0.06764332456296596,60,E[Agg(Q_xi)] - Agg(E[Q_xi]),True,"[0.10000000000000012, 0.20000000000000004, 0.3, 0.4]","[0.4799984800104797, 0.24000043999544013, 0.16000055999656013, 0.12000051999752008]",state_action_local,1,inf,5,0.05
18,20,Maximum-based,1.0,0.05435825634101142,0.05435825634101142,0.0684410361047938,60,E[Agg(Q_xi)] - Agg(E[Q_xi]),True,"[0.10000000000000012, 0.20000000000000004, 0.3, 0.4]","[0.4799984800104797, 0.24000043999544013, 0.16000055999656013, 0.12000051999752008]",state_action_local,1,inf,5,0.05
18,25,Maximum-based,1.0,0.05354442397611825,0.05354442397611825,0.07044912920898305,60,E[Agg(Q_xi)] - Agg(E[Q_xi]),True,"[0.10000000000000012, 0.20000000000000004, 0.3, 0.4]","[0.4799984800104797, 0.24000043999544013, 0.16000055999656013, 0.12000051999752008]",state_action_local,1,inf,5,0.05
18,30,Maximum-based,1.0,0.0521054753840985,0.0521054753840985,0.06687814671246639,60,E[Agg(Q_xi)] - Agg(E[Q_xi]),True,"[0.10000000000000012, 0.20000000000000004, 0.3, 0.4]","[0.4799984800104797, 0.24000043999544013, 0.16000055999656013, 0.12000051999752008]",state_action_local,1,inf,5,0.05
18,35,Maximum-based,1.0,0.051102433532570164,0.051102433532570164,0.06641788681305094,60,E[Agg(Q_xi)] - Agg(E[Q_xi]),True,"[0.10000000000000012, 0.20000000000000004, 0.3, 0.4]","[0.4799984800104797, 0.24000043999544013, 0.16000055999656013, 0.12000051999752008]",state_action_local,1,inf,5,0.05
18,40,Maximum-based,1.0,0.051639911424797943,0.051639911424797943,0.06297790620706167,60,E[Agg(Q_xi)] - Agg(E[Q_xi]),True,"[0.10000000000000012, 0.20000000000000004, 0.3, 0.4]","[0.4799984800104797, 0.24000043999544013, 0.16000055999656013, 0.12000051999752008]",state_action_local,1,inf,5,0.05
18,45,Maximum-based,1.0,0.05117875978077136,0.05117875978077136,0.07158614882433811,60,E[Agg(Q_xi)] - Agg(E[Q_xi]),True,"[0.10000000000000012, 0.20000000000000004, 0.3, 0.4]","[0.4799984800104797, 0.24000043999544013, 0.16000055999656013, 0.12000051999752008]",state_action_local,1,inf,5,0.05
18,50,Maximum-based,1.0,0.05101624960289368,0.05101624960289368,0.06572086521113807,60,E[Agg(Q_xi)] - Agg(E[Q_xi]),True,"[0.10000000000000012, 0.20000000000000004, 0.3, 0.4]","[0.4799984800104797, 0.24000043999544013, 0.16000055999656013, 0.12000051999752008]",state_action_local,1,inf,5,0.05
18,55,Maximum-based,1.0,0.050584271274220556,0.050584271274220556,0.062424118844857546,60,E[Agg(Q_xi)] - Agg(E[Q_xi]),True,"[0.10000000000000012, 0.20000000000000004, 0.3, 0.4]","[0.4799984800104797, 0.24000043999544013, 0.16000055999656013, 0.12000051999752008]",state_action_local,1,inf,5,0.05
18,60,Maximum-based,1.0,0.04976004104628149,0.04976004104628149,0.06504072647932091,60,E[Agg(Q_xi)] - Agg(E[Q_xi]),True,"[0.10000000000000012, 0.20000000000000004, 0.3, 0.4]","[0.4799984800104797, 0.24000043999544013, 0.16000055999656013, 0.12000051999752008]",state_action_local,1,inf,5,0.05
18,65,Maximum-based,1.0,0.05001034043306431,0.05001034043306431,0.06830381174171185,60,E[Agg(Q_xi)] - Agg(E[Q_xi]),True,"[0.10000000000000012, 0.20000000000000004, 0.3, 0.4]","[0.4799984800104797, 0.24000043999544013, 0.16000055999656013, 0.12000051999752008]",state_action_local,1,inf,5,0.05
18,70,Maximum-based,1.0,0.04962644101482168,0.04962644101482168,0.06596354015193873,60,E[Agg(Q_xi)] - Agg(E[Q_xi]),True,"[0.10000000000000012, 0.20000000000000004, 0.3, 0.4]","[0.4799984800104797, 0.24000043999544013, 0.16000055999656013, 0.12000051999752008]",state_action_local,1,inf,5,0.05
18,75,Maximum-based,1.0,0.04933109942639015,0.04933109942639015,0.06246213282016866,60,E[Agg(Q_xi)] - Agg(E[Q_xi]),True,"[0.10000000000000012, 0.20000000000000004, 0.3, 0.4]","[0.4799984800104797, 0.24000043999544013, 0.16000055999656013, 0.12000051999752008]",state_action_local,1,inf,5,0.05
18,80,Maximum-based,1.0,0.04977042297392119,0.04977042297392119,0.06226124064832961,60,E[Agg(Q_xi)] - Agg(E[Q_xi]),True,"[0.10000000000000012, 0.20000000000000004, 0.3, 0.4]","[0.4799984800104797, 0.24000043999544013, 0.16000055999656013, 0.12000051999752008]",state_action_local,1,inf,5,0.05
18,85,Maximum-based,1.0,0.049245925093201276,0.049245925093201276,0.06296923775787766,60,E[Agg(Q_xi)] - Agg(E[Q_xi]),True,"[0.10000000000000012, 0.20000000000000004, 0.3, 0.4]","[0.4799984800104797, 0.24000043999544013, 0.16000055999656013, 0.12000051999752008]",state_action_local,1,inf,5,0.05
18,90,Maximum-based,1.0,0.04920119704107548,0.04920119704107548,0.0642482814063845,60,E[Agg(Q_xi)] - Agg(E[Q_xi]),True,"[0.10000000000000012, 0.20000000000000004, 0.3, 0.4]","[0.4799984800104797, 0.24000043999544013, 0.16000055999656013, 0.12000051999752008]",state_action_local,1,inf,5,0.05
18,95,Maximum-based,1.0,0.049261873353522216,0.049261873353522216,0.06446705953661791,60,E[Agg(Q_xi)] - Agg(E[Q_xi]),True,"[0.10000000000000012, 0.20000000000000004, 0.3, 0.4]","[0.4799984800104797, 0.24000043999544013, 0.16000055999656013, 0.12000051999752008]",state_action_local,1,inf,5,0.05
18,100,Maximum-based,1.0,0.04925973785810998,0.04925973785810998,0.06866482322694001,60,E[Agg(Q_xi)] - Agg(E[Q_xi]),True,"[0.10000000000000012, 0.20000000000000004, 0.3, 0.4]","[0.4799984800104797, 0.24000043999544013, 0.16000055999656013, 0.12000051999752008]",state_action_local,1,inf,5,0.05
18,105,Maximum-based,1.0,0.04886892945555763,0.04886892945555763,0.06407079106070679,60,E[Agg(Q_xi)] - Agg(E[Q_xi]),True,"[0.10000000000000012, 0.20000000000000004, 0.3, 0.4]","[0.4799984800104797, 0.24000043999544013, 0.16000055999656013, 0.12000051999752008]",state_action_local,1,inf,5,0.05
18,110,Maximum-based,1.0,0.04905771846747943,0.04905771846747943,0.06103573717471944,60,E[Agg(Q_xi)] - Agg(E[Q_xi]),True,"[0.10000000000000012, 0.20000000000000004, 0.3, 0.4]","[0.4799984800104797, 0.24000043999544013, 0.16000055999656013, 0.12000051999752008]",state_action_local,1,inf,5,0.05
18,115,Maximum-based,1.0,0.0491532704759067,0.0491532704759067,0.06408214418854996,60,E[Agg(Q_xi)] - Agg(E[Q_xi]),True,"[0.10000000000000012, 0.20000000000000004, 0.3, 0.4]","[0.4799984800104797, 0.24000043999544013, 0.16000055999656013, 0.12000051999752008]",state_action_local,1,inf,5,0.05
18,120,Maximum-based,1.0,0.04936085332858529,0.04936085332858529,0.06261093543565632,60,E[Agg(Q_xi)] - Agg(E[Q_xi]),True,"[0.10000000000000012, 0.20000000000000004, 0.3, 0.4]","[0.4799984800104797, 0.24000043999544013, 0.16000055999656013, 0.12000051999752008]",state_action_local,1,inf,5,0.05
18,125,Maximum-based,1.0,0.04943893181185789,0.04943893181185789,0.06392566466022309,60,E[Agg(Q_xi)] - Agg(E[Q_xi]),True,"[0.10000000000000012, 0.20000000000000004, 0.3, 0.4]","[0.4799984800104797, 0.24000043999544013, 0.16000055999656013, 0.12000051999752008]",state_action_local,1,inf,5,0.05
18,130,Maximum-based,1.0,0.04970594384784714,0.04970594384784714,0.06235645289946845,60,E[Agg(Q_xi)] - Agg(E[Q_xi]),True,"[0.10000000000000012, 0.20000000000000004, 0.3, 0.4]","[0.4799984800104797, 0.24000043999544013, 0.16000055999656013, 0.12000051999752008]",state_action_local,1,inf,5,0.05
18,135,Maximum-based,1.0,0.04877746098274656,0.04877746098274656,0.062278121224134786,60,E[Agg(Q_xi)] - Agg(E[Q_xi]),True,"[0.10000000000000012, 0.20000000000000004, 0.3, 0.4]","[0.4799984800104797, 0.24000043999544013, 0.16000055999656013, 0.12000051999752008]",state_action_local,1,inf,5,0.05
18,140,Maximum-based,1.0,0.04912024661302912,0.04912024661302912,0.06026183139515595,60,E[Agg(Q_xi)] - Agg(E[Q_xi]),True,"[0.10000000000000012, 0.20000000000000004, 0.3, 0.4]","[0.4799984800104797, 0.24000043999544013, 0.16000055999656013, 0.12000051999752008]",state_action_local,1,inf,5,0.05
18,145,Maximum-based,1.0,0.04903609135545818,0.04903609135545818,0.060841740106884146,60,E[Agg(Q_xi)] - Agg(E[Q_xi]),True,"[0.10000000000000012, 0.20000000000000004, 0.3, 0.4]","[0.4799984800104797, 0.24000043999544013, 0.16000055999656013, 0.12000051999752008]",state_action_local,1,inf,5,0.05
18,150,Maximum-based,1.0,0.04896546333475629,0.04896546333475629,0.06418514943796438,60,E[Agg(Q_xi)] - Agg(E[Q_xi]),True,"[0.10000000000000012, 0.20000000000000004, 0.3, 0.4]","[0.4799984800104797, 0.24000043999544013, 0.16000055999656013, 0.12000051999752008]",state_action_local,1,inf,5,0.05
18,155,Maximum-based,1.0,0.04784845622555443,0.04784845622555443,0.06516484180904847,60,E[Agg(Q_xi)] - Agg(E[Q_xi]),True,"[0.10000000000000012, 0.20000000000000004, 0.3, 0.4]","[0.4799984800104797, 0.24000043999544013, 0.16000055999656013, 0.12000051999752008]",state_action_local,1,inf,5,0.05
18,160,Maximum-based,1.0,0.04908478120611771,0.04908478120611771,0.06577773027930345,60,E[Agg(Q_xi)] - Agg(E[Q_xi]),True,"[0.10000000000000012, 0.20000000000000004, 0.3, 0.4]","[0.4799984800104797, 0.24000043999544013, 0.16000055999656013, 0.12000051999752008]",state_action_local,1,inf,5,0.05
18,165,Maximum-based,1.0,0.048519609369860474,0.048519609369860474,0.06238053471769778,60,E[Agg(Q_xi)] - Agg(E[Q_xi]),True,"[0.10000000000000012, 0.20000000000000004, 0.3, 0.4]","[0.4799984800104797, 0.24000043999544013, 0.16000055999656013, 0.12000051999752008]",state_action_local,1,inf,5,0.05
18,170,Maximum-based,1.0,0.04815512908010458,0.04815512908010458,0.06163412702033355,60,E[Agg(Q_xi)] - Agg(E[Q_xi]),True,"[0.10000000000000012, 0.20000000000000004, 0.3, 0.4]","[0.4799984800104797, 0.24000043999544013, 0.16000055999656013, 0.12000051999752008]",state_action_local,1,inf,5,0.05
18,175,Maximum-based,1.0,0.048848881037396014,0.048848881037396014,0.06183264721389925,60,E[Agg(Q_xi)] - Agg(E[Q_xi]),True,"[0.10000000000000012, 0.20000000000000004, 0.3, 0.4]","[0.4799984800104797, 0.24000043999544013, 0.16000055999656013, 0.12000051999752008]",state_action_local,1,inf,5,0.05
18,180,Maximum-based,1.0,0.04831820096173926,0.04831820096173926,0.062083379119201254,60,E[Agg(Q_xi)] - Agg(E[Q_xi]),True,"[0.10000000000000012, 0.20000000000000004, 0.3, 0.4]","[0.4799984800104797, 0.24000043999544013, 0.16000055999656013, 0.12000051999752008]",state_action_local,1,inf,5,0.05
18,185,Maximum-based,1.0,0.0482955229410072,0.0482955229410072,0.06223667848781034,60,E[Agg(Q_xi)] - Agg(E[Q_xi]),True,"[0.10000000000000012, 0.20000000000000004, 0.3, 0.4]","[0.4799984800104797, 0.24000043999544013, 0.16000055999656013, 0.12000051999752008]",state_action_local,1,inf,5,0.05
18,190,Maximum-based,1.0,0.04808427297997998,0.04808427297997998,0.06555643186042648,60,E[Agg(Q_xi)] - Agg(E[Q_xi]),True,"[0.10000000000000012, 0.20000000000000004, 0.3, 0.4]","[0.4799984800104797, 0.24000043999544013, 0.16000055999656013, 0.12000051999752008]",state_action_local,1,inf,5,0.05
18,195,Maximum-based,1.0,0.04914173815308152,0.04914173815308152,0.0630558493379576,60,E[Agg(Q_xi)] - Agg(E[Q_xi]),True,"[0.10000000000000012, 0.20000000000000004, 0.3, 0.4]","[0.4799984800104797, 0.24000043999544013, 0.16000055999656013, 0.12000051999752008]",state_action_local,1,inf,5,0.05
18,200,Maximum-based,1.0,0.04771616740279168,0.04771616740279168,0.06099209835916053,60,E[Agg(Q_xi)] - Agg(E[Q_xi]),True,"[0.10000000000000012, 0.20000000000000004, 0.3, 0.4]","[0.4799984800104797, 0.24000043999544013, 0.16000055999656013, 0.12000051999752008]",state_action_local,1,inf,5,0.05
18,205,Maximum-based,1.0,0.04885384166122692,0.04885384166122692,0.06231773604742852,60,E[Agg(Q_xi)] - Agg(E[Q_xi]),True,"[0.10000000000000012, 0.20000000000000004, 0.3, 0.4]","[0.4799984800104797, 0.24000043999544013, 0.16000055999656013, 0.12000051999752008]",state_action_local,1,inf,5,0.05
18,210,Maximum-based,1.0,0.049084093518247794,0.049084093518247794,0.062423802182168586,60,E[Agg(Q_xi)] - Agg(E[Q_xi]),True,"[0.10000000000000012, 0.20000000000000004, 0.3, 0.4]","[0.4799984800104797, 0.24000043999544013, 0.16000055999656013, 0.12000051999752008]",state_action_local,1,inf,5,0.05
18,215,Maximum-based,1.0,0.04843558884816999,0.04843558884816999,0.06172938270994521,60,E[Agg(Q_xi)] - Agg(E[Q_xi]),True,"[0.10000000000000012, 0.20000000000000004, 0.3, 0.4]","[0.4799984800104797, 0.24000043999544013, 0.16000055999656013, 0.12000051999752008]",state_action_local,1,inf,5,0.05
18,220,Maximum-based,1.0,0.04807288294653926,0.04807288294653926,0.06026103572652808,60,E[Agg(Q_xi)] - Agg(E[Q_xi]),True,"[0.10000000000000012, 0.20000000000000004, 0.3, 0.4]","[0.4799984800104797, 0.24000043999544013, 0.16000055999656013, 0.12000051999752008]",state_action_local,1,inf,5,0.05
18,225,Maximum-based,1.0,0.04874473882748711,0.04874473882748711,0.06404916143935946,60,E[Agg(Q_xi)] - Agg(E[Q_xi]),True,"[0.10000000000000012, 0.20000000000000004, 0.3, 0.4]","[0.4799984800104797, 0.24000043999544013, 0.16000055999656013, 0.12000051999752008]",state_action_local,1,inf,5,0.05
18,230,Maximum-based,1.0,0.048604375245990254,0.048604375245990254,0.06353657441150595,60,E[Agg(Q_xi)] - Agg(E[Q_xi]),True,"[0.10000000000000012, 0.20000000000000004, 0.3, 0.4]","[0.4799984800104797, 0.24000043999544013, 0.16000055999656013, 0.12000051999752008]",state_action_local,1,inf,5,0.05
18,235,Maximum-based,1.0,0.04922712567619301,0.04922712567619301,0.0635971342481021,60,E[Agg(Q_xi)] - Agg(E[Q_xi]),True,"[0.10000000000000012, 0.20000000000000004, 0.3, 0.4]","[0.4799984800104797, 0.24000043999544013, 0.16000055999656013, 0.12000051999752008]",state_action_local,1,inf,5,0.05
18,240,Maximum-based,1.0,0.048946760552260375,0.048946760552260375,0.06095650878967085,60,E[Agg(Q_xi)] - Agg(E[Q_xi]),True,"[0.10000000000000012, 0.20000000000000004, 0.3, 0.4]","[0.4799984800104797, 0.24000043999544013, 0.16000055999656013, 0.12000051999752008]",state_action_local,1,inf,5,0.05
18,245,Maximum-based,1.0,0.048586577319674425,0.048586577319674425,0.06104941733624614,60,E[Agg(Q_xi)] - Agg(E[Q_xi]),True,"[0.10000000000000012, 0.20000000000000004, 0.3, 0.4]","[0.4799984800104797, 0.24000043999544013, 0.16000055999656013, 0.12000051999752008]",state_action_local,1,inf,5,0.05
18,250,Maximum-based,1.0,0.04932185648466311,0.04932185648466311,0.06405731414949933,60,E[Agg(Q_xi)] - Agg(E[Q_xi]),True,"[0.10000000000000012, 0.20000000000000004, 0.3, 0.4]","[0.4799984800104797, 0.24000043999544013, 0.16000055999656013, 0.12000051999752008]",state_action_local,1,inf,5,0.05
18,255,Maximum-based,1.0,0.04908158806561073,0.04908158806561073,0.06161551966444634,60,E[Agg(Q_xi)] - Agg(E[Q_xi]),True,"[0.10000000000000012, 0.20000000000000004, 0.3, 0.4]","[0.4799984800104797, 0.24000043999544013, 0.16000055999656013, 0.12000051999752008]",state_action_local,1,inf,5,0.05
18,260,Maximum-based,1.0,0.04877950889293404,0.04877950889293404,0.065201647260551,60,E[Agg(Q_xi)] - Agg(E[Q_xi]),True,"[0.10000000000000012, 0.20000000000000004, 0.3, 0.4]","[0.4799984800104797, 0.24000043999544013, 0.16000055999656013, 0.12000051999752008]",state_action_local,1,inf,5,0.05
18,265,Maximum-based,1.0,0.04879161656931925,0.04879161656931925,0.0627496883527705,60,E[Agg(Q_xi)] - Agg(E[Q_xi]),True,"[0.10000000000000012, 0.20000000000000004, 0.3, 0.4]","[0.4799984800104797, 0.24000043999544013, 0.16000055999656013, 0.12000051999752008]",state_action_local,1,inf,5,0.05
18,270,Maximum-based,1.0,0.04875095367759871,0.04875095367759871,0.061058547985537004,60,E[Agg(Q_xi)] - Agg(E[Q_xi]),True,"[0.10000000000000012, 0.20000000000000004, 0.3, 0.4]","[0.4799984800104797, 0.24000043999544013, 0.16000055999656013, 0.12000051999752008]",state_action_local,1,inf,5,0.05
18,275,Maximum-based,1.0,0.048300172335315555,0.048300172335315555,0.060703423420099156,60,E[Agg(Q_xi)] - Agg(E[Q_xi]),True,"[0.10000000000000012, 0.20000000000000004, 0.3, 0.4]","[0.4799984800104797, 0.24000043999544013, 0.16000055999656013, 0.12000051999752008]",state_action_local,1,inf,5,0.05
18,280,Maximum-based,1.0,0.048829595476851013,0.048829595476851013,0.06474008152989974,60,E[Agg(Q_xi)] - Agg(E[Q_xi]),True,"[0.10000000000000012, 0.20000000000000004, 0.3, 0.4]","[0.4799984800104797, 0.24000043999544013, 0.16000055999656013, 0.12000051999752008]",state_action_local,1,inf,5,0.05
18,285,Maximum-based,1.0,0.04843841713281081,0.04843841713281081,0.06424660084849165,60,E[Agg(Q_xi)] - Agg(E[Q_xi]),True,"[0.10000000000000012, 0.20000000000000004, 0.3, 0.4]","[0.4799984800104797, 0.24000043999544013, 0.16000055999656013, 0.12000051999752008]",state_action_local,1,inf,5,0.05
18,290,Maximum-based,1.0,0.049049780194680155,0.049049780194680155,0.063089592862557,60,E[Agg(Q_xi)] - Agg(E[Q_xi]),True,"[0.10000000000000012, 0.20000000000000004, 0.3, 0.4]","[0.4799984800104797, 0.24000043999544013, 0.16000055999656013, 0.12000051999752008]",state_action_local,1,inf,5,0.05
18,295,Maximum-based,1.0,0.048351395978453185,0.048351395978453185,0.061073587050104905,60,E[Agg(Q_xi)] - Agg(E[Q_xi]),True,"[0.10000000000000012, 0.20000000000000004, 0.3, 0.4]","[0.4799984800104797, 0.24000043999544013, 0.16000055999656013, 0.12000051999752008]",state_action_local,1,inf,5,0.05
18,300,Maximum-based,1.0,0.04844393972804184,0.04844393972804184,0.061038486482415166,60,E[Agg(Q_xi)] - Agg(E[Q_xi]),True,"[0.10000000000000012, 0.20000000000000004, 0.3, 0.4]","[0.4799984800104797, 0.24000043999544013, 0.16000055999656013, 0.12000051999752008]",state_action_local,1,inf,5,0.05
18,305,Maximum-based,1.0,0.04853156694007432,0.04853156694007432,0.06354400969147456,60,E[Agg(Q_xi)] - Agg(E[Q_xi]),True,"[0.10000000000000012, 0.20000000000000004, 0.3, 0.4]","[0.4799984800104797, 0.24000043999544013, 0.16000055999656013, 0.12000051999752008]",state_action_local,1,inf,5,0.05
18,310,Maximum-based,1.0,0.04847533170347836,0.04847533170347836,0.05915638437296877,60,E[Agg(Q_xi)] - Agg(E[Q_xi]),True,"[0.10000000000000012, 0.20000000000000004, 0.3, 0.4]","[0.4799984800104797, 0.24000043999544013, 0.16000055999656013, 0.12000051999752008]",state_action_local,1,inf,5,0.05
18,315,Maximum-based,1.0,0.04901307914356604,0.04901307914356604,0.06414112979662434,60,E[Agg(Q_xi)] - Agg(E[Q_xi]),True,"[0.10000000000000012, 0.20000000000000004, 0.3, 0.4]","[0.4799984800104797, 0.24000043999544013, 0.16000055999656013, 0.12000051999752008]",state_action_local,1,inf,5,0.05
18,320,Maximum-based,1.0,0.04786394872055637,0.04786394872055637,0.06355812642355652,60,E[Agg(Q_xi)] - Agg(E[Q_xi]),True,"[0.10000000000000012, 0.20000000000000004, 0.3, 0.4]","[0.4799984800104797, 0.24000043999544013, 0.16000055999656013, 0.12000051999752008]",state_action_local,1,inf,5,0.05
18,325,Maximum-based,1.0,0.04965843330134093,0.04965843330134093,0.06654137039253705,60,E[Agg(Q_xi)] - Agg(E[Q_xi]),True,"[0.10000000000000012, 0.20000000000000004, 0.3, 0.4]","[0.4799984800104797, 0.24000043999544013, 0.16000055999656013, 0.12000051999752008]",state_action_local,1,inf,5,0.05
18,330,Maximum-based,1.0,0.04942051117835035,0.04942051117835035,0.06377995947211446,60,E[Agg(Q_xi)] - Agg(E[Q_xi]),True,"[0.10000000000000012, 0.20000000000000004, 0.3, 0.4]","[0.4799984800104797, 0.24000043999544013, 0.16000055999656013, 0.12000051999752008]",state_action_local,1,inf,5,0.05
18,335,Maximum-based,1.0,0.04860516405192567,0.04860516405192567,0.06584588483135256,60,E[Agg(Q_xi)] - Agg(E[Q_xi]),True,"[0.10000000000000012, 0.20000000000000004, 0.3, 0.4]","[0.4799984800104797, 0.24000043999544013, 0.16000055999656013, 0.12000051999752008]",state_action_local,1,inf,5,0.05
18,340,Maximum-based,1.0,0.04839946445968209,0.04839946445968209,0.06112458903838913,60,E[Agg(Q_xi)] - Agg(E[Q_xi]),True,"[0.10000000000000012, 0.20000000000000004, 0.3, 0.4]","[0.4799984800104797, 0.24000043999544013, 0.16000055999656013, 0.12000051999752008]",state_action_local,1,inf,5,0.05
18,345,Maximum-based,1.0,0.049097171823874186,0.049097171823874186,0.06331020408811305,60,E[Agg(Q_xi)] - Agg(E[Q_xi]),True,"[0.10000000000000012, 0.20000000000000004, 0.3, 0.4]","[0.4799984800104797, 0.24000043999544013, 0.16000055999656013, 0.12000051999752008]",state_action_local,1,inf,5,0.05
18,350,Maximum-based,1.0,0.04833865204006232,0.04833865204006232,0.06251326046224648,60,E[Agg(Q_xi)] - Agg(E[Q_xi]),True,"[0.10000000000000012, 0.20000000000000004, 0.3, 0.4]","[0.4799984800104797, 0.24000043999544013, 0.16000055999656013, 0.12000051999752008]",state_action_local,1,inf,5,0.05
18,355,Maximum-based,1.0,0.0486323045629334,0.0486323045629334,0.06853156121193216,60,E[Agg(Q_xi)] - Agg(E[Q_xi]),True,"[0.10000000000000012, 0.20000000000000004, 0.3, 0.4]","[0.4799984800104797, 0.24000043999544013, 0.16000055999656013, 0.12000051999752008]",state_action_local,1,inf,5,0.05
18,360,Maximum-based,1.0,0.04876904243577621,0.04876904243577621,0.0586799093612953,60,E[Agg(Q_xi)] - Agg(E[Q_xi]),True,"[0.10000000000000012, 0.20000000000000004, 0.3, 0.4]","[0.4799984800104797, 0.24000043999544013, 0.16000055999656013, 0.12000051999752008]",state_action_local,1,inf,5,0.05
18,365,Maximum-based,1.0,0.0485709762688626,0.0485709762688626,0.06140848165232171,60,E[Agg(Q_xi)] - Agg(E[Q_xi]),True,"[0.10000000000000012, 0.20000000000000004, 0.3, 0.4]","[0.4799984800104797, 0.24000043999544013, 0.16000055999656013, 0.12000051999752008]",state_action_local,1,inf,5,0.05
18,370,Maximum-based,1.0,0.048798306831985834,0.048798306831985834,0.0630716924467567,60,E[Agg(Q_xi)] - Agg(E[Q_xi]),True,"[0.10000000000000012, 0.20000000000000004, 0.3, 0.4]","[0.4799984800104797, 0.24000043999544013, 0.16000055999656013, 0.12000051999752008]",state_action_local,1,inf,5,0.05
18,375,Maximum-based,1.0,0.049280115991614484,0.049280115991614484,0.06629918536600599,60,E[Agg(Q_xi)] - Agg(E[Q_xi]),True,"[0.10000000000000012, 0.20000000000000004, 0.3, 0.4]","[0.4799984800104797, 0.24000043999544013, 0.16000055999656013, 0.12000051999752008]",state_action_local,1,inf,5,0.05
18,380,Maximum-based,1.0,0.048971388223202114,0.048971388223202114,0.06222467156021949,60,E[Agg(Q_xi)] - Agg(E[Q_xi]),True,"[0.10000000000000012, 0.20000000000000004, 0.3, 0.4]","[0.4799984800104797, 0.24000043999544013, 0.16000055999656013, 0.12000051999752008]",state_action_local,1,inf,5,0.05
18,385,Maximum-based,1.0,0.04952299782005973,0.04952299782005973,0.06380503702767193,60,E[Agg(Q_xi)] - Agg(E[Q_xi]),True,"[0.10000000000000012, 0.20000000000000004, 0.3, 0.4]","[0.4799984800104797, 0.24000043999544013, 0.16000055999656013, 0.12000051999752008]",state_action_local,1,inf,5,0.05
18,390,Maximum-based,1.0,0.04873047022960493,0.04873047022960493,0.06838508371108887,60,E[Agg(Q_xi)] - Agg(E[Q_xi]),True,"[0.10000000000000012, 0.20000000000000004, 0.3, 0.4]","[0.4799984800104797, 0.24000043999544013, 0.16000055999656013, 0.12000051999752008]",state_action_local,1,inf,5,0.05
18,395,Maximum-based,1.0,0.04821875056649287,0.04821875056649287,0.0626781632110216,60,E[Agg(Q_xi)] - Agg(E[Q_xi]),True,"[0.10000000000000012, 0.20000000000000004, 0.3, 0.4]","[0.4799984800104797, 0.24000043999544013, 0.16000055999656013, 0.12000051999752008]",state_action_local,1,inf,5,0.05
18,400,Maximum-based,1.0,0.04893595014372121,0.04893595014372121,0.06752532185454996,60,E[Agg(Q_xi)] - Agg(E[Q_xi]),True,"[0.10000000000000012, 0.20000000000000004, 0.3, 0.4]","[0.4799984800104797, 0.24000043999544013, 0.16000055999656013, 0.12000051999752008]",state_action_local,1,inf,5,0.05
18,5,Similarity-aware,1.0,-3.122502256758253e-18,1.3444106938820255e-17,1.1102230246251565e-16,60,E[Agg(Q_xi)] - Agg(E[Q_xi]),True,"[0.10000000000000012, 0.20000000000000004, 0.3, 0.4]","[0.4799984800104797, 0.24000043999544013, 0.16000055999656013, 0.12000051999752008]",state_action_local,1,inf,5,0.05
18,10,Similarity-aware,1.0,-2.544261098099317e-18,2.7292982688701764e-17,2.220446049250313e-16,60,E[Agg(Q_xi)] - Agg(E[Q_xi]),True,"[0.10000000000000012, 0.20000000000000004, 0.3, 0.4]","[0.4799984800104797, 0.24000043999544013, 0.16000055999656013, 0.12000051999752008]",state_action_local,1,inf,5,0.05
18,15,Similarity-aware,1.0,4.163336342344337e-18,4.255854927729767e-17,3.3306690738754696e-16,60,E[Agg(Q_xi)] - Agg(E[Q_xi]),True,"[0.10000000000000012, 0.20000000000000004, 0.3, 0.4]","[0.4799984800104797, 0.24000043999544013, 0.16000055999656013, 0.12000051999752008]",state_action_local,1,inf,5,0.05
18,20,Similarity-aware,1.0,6.47630097698008e-18,6.337523098901935e-17,6.661338147750939e-16,60,E[Agg(Q_xi)] - Agg(E[Q_xi]),True,"[0.10000000000000012, 0.20000000000000004, 0.3, 0.4]","[0.4799984800104797, 0.24000043999544013, 0.16000055999656013, 0.12000051999752008]",state_action_local,1,inf,5,0.05
18,25,Similarity-aware,1.0,-8.789265611615822e-18,7.679042586990666e-17,4.440892098500626e-16,60,E[Agg(Q_xi)] - Agg(E[Q_xi]),True,"[0.10000000000000012, 0.20000000000000004, 0.3, 0.4]","[0.4799984800104797, 0.24000043999544013, 0.16000055999656013, 0.12000051999752008]",state_action_local,1,inf,5,0.05
18,30,Similarity-aware,1.0,-1.8503717077085942e-18,8.789265611615822e-17,6.661338147750939e-16,60,E[Agg(Q_xi)] - Agg(E[Q_xi]),True,"[0.10000000000000012, 0.20000000000000004, 0.3, 0.4]","[0.4799984800104797, 0.24000043999544013, 0.16000055999656013, 0.12000051999752008]",state_action_local,1,inf,5,0.05
18,35,Similarity-aware,1.0,2.2204460492503132e-17,1.267504619780387e-16,8.881784197001252e-16,60,E[Agg(Q_xi)] - Agg(E[Q_xi]),True,"[0.10000000000000012, 0.20000000000000004, 0.3, 0.4]","[0.4799984800104797, 0.24000043999544013, 0.16000055999656013, 0.12000051999752008]",state_action_local,1,inf,5,0.05
18,40,Similarity-aware,1.0,9.251858538542971e-19,1.267504619780387e-16,8.881784197001252e-16,60,E[Agg(Q_xi)] - Agg(E[Q_xi]),True,"[0.10000000000000012, 0.20000000000000004, 0.3, 0.4]","[0.4799984800104797, 0.24000043999544013, 0.16000055999656013, 0.12000051999752008]",state_action_local,1,inf,5,0.05
18,45,Similarity-aware,1.0,-6.47630097698008e-18,1.4155343563970745e-16,1.1102230246251565e-15,60,E[Agg(Q_xi)] - Agg(E[Q_xi]),True,"[0.10000000000000012, 0.20000000000000004, 0.3, 0.4]","[0.4799984800104797, 0.24000043999544013, 0.16000055999656013, 0.12000051999752008]",state_action_local,1,inf,5,0.05
18,50,Similarity-aware,1.0,2.7755575615628914e-17,1.7948605564773364e-16,1.3322676295501878e-15,60,E[Agg(Q_xi)] - Agg(E[Q_xi]),True,"[0.10000000000000012, 0.20000000000000004, 0.3, 0.4]","[0.4799984800104797, 0.24000043999544013, 0.16000055999656013, 0.12000051999752008]",state_action_local,1,inf,5,0.05
18,55,Similarity-aware,1.0,-1.8503717077085942e-18,1.7393494052460786e-16,1.3322676295501878e-15,60,E[Agg(Q_xi)] - Agg(E[Q_xi]),True,"[0.10000000000000012, 0.20000000000000004, 0.3, 0.4]","[0.4799984800104797, 0.24000043999544013, 0.16000055999656013, 0.12000051999752008]",state_action_local,1,inf,5,0.05
18,60,Similarity-aware,1.0,4.255854927729767e-17,2.0909200297107115e-16,1.3322676295501878e-15,60,E[Agg(Q_xi)] - Agg(E[Q_xi]),True,"[0.10000000000000012, 0.20000000000000004, 0.3, 0.4]","[0.4799984800104797, 0.24000043999544013, 0.16000055999656013, 0.12000051999752008]",state_action_local,1,inf,5,0.05
18,65,Similarity-aware,1.0,2.4054832200211726e-17,2.4054832200211723e-16,1.5543122344752192e-15,60,E[Agg(Q_xi)] - Agg(E[Q_xi]),True,"[0.10000000000000012, 0.20000000000000004, 0.3, 0.4]","[0.4799984800104797, 0.24000043999544013, 0.16000055999656013, 0.12000051999752008]",state_action_local,1,inf,5,0.05
18,70,Similarity-aware,1.0,1.4802973661668754e-17,2.423986937098258e-16,2.220446049250313e-15,60,E[Agg(Q_xi)] - Agg(E[Q_xi]),True,"[0.10000000000000012, 0.20000000000000004, 0.3, 0.4]","[0.4799984800104797, 0.24000043999544013, 0.16000055999656013, 0.12000051999752008]",state_action_local,1,inf,5,0.05
18,75,Similarity-aware,1.0,5.551115123125783e-18,2.4054832200211723e-16,2.220446049250313e-15,60,E[Agg(Q_xi)] - Agg(E[Q_xi]),True,"[0.10000000000000012, 0.20000000000000004, 0.3, 0.4]","[0.4799984800104797, 0.24000043999544013, 0.16000055999656013, 0.12000051999752008]",state_action_local,1,inf,5,0.05
18,80,Similarity-aware,1.0,9.25185853854297e-18,2.7755575615628914e-16,2.220446049250313e-15,60,E[Agg(Q_xi)] - Agg(E[Q_xi]),True,"[0.10000000000000012, 0.20000000000000004, 0.3, 0.4]","[0.4799984800104797, 0.24000043999544013, 0.16000055999656013, 0.12000051999752008]",state_action_local,1,inf,5,0.05
18,85,Similarity-aware,1.0,-6.47630097698008e-17,2.9790984494108365e-16,1.7763568394002505e-15,60,E[Agg(Q_xi)] - Agg(E[Q_xi]),True,"[0.10000000000000012, 0.20000000000000004, 0.3, 0.4]","[0.4799984800104797, 0.24000043999544013, 0.16000055999656013, 0.12000051999752008]",state_action_local,1,inf,5,0.05
18,90,Similarity-aware,1.0,4.070817756958907e-17,3.1456319031046104e-16,1.7763568394002505e-15,60,E[Agg(Q_xi)] - Agg(E[Q_xi]),True,"[0.10000000000000012, 0.20000000000000004, 0.3, 0.4]","[0.4799984800104797, 0.24000043999544013, 0.16000055999656013, 0.12000051999752008]",state_action_local,1,inf,5,0.05
18,95,Similarity-aware,1.0,-5.181040781584064e-17,2.923587298179579e-16,2.6645352591003757e-15,60,E[Agg(Q_xi)] - Agg(E[Q_xi]),True,"[0.10000000000000012, 0.20000000000000004, 0.3, 0.4]","[0.4799984800104797, 0.24000043999544013, 0.16000055999656013, 0.12000051999752008]",state_action_local,1,inf,5,0.05
18,100,Similarity-aware,1.0,1.7763568394002506e-16,4.3298697960381104e-16,2.220446049250313e-15,60,E[Agg(Q_xi)] - Agg(E[Q_xi]),True,"[0.10000000000000012, 0.20000000000000004, 0.3, 0.4]","[0.4799984800104797, 0.24000043999544013, 0.16000055999656013, 0.12000051999752008]",state_action_local,1,inf,5,0.05
18,105,Similarity-aware,1.0,-4.4408920985006264e-17,2.8495724298712354e-16,2.220446049250313e-15,60,E[Agg(Q_xi)] - Agg(E[Q_xi]),True,"[0.10000000000000012, 0.20000000000000004, 0.3, 0.4]","[0.4799984800104797, 0.24000043999544013, 0.16000055999656013, 0.12000051999752008]",state_action_local,1,inf,5,0.05
18,110,Similarity-aware,1.0,4.070817756958907e-17,3.589721112954673e-16,2.220446049250313e-15,60,E[Agg(Q_xi)] - Agg(E[Q_xi]),True,"[0.10000000000000012, 0.20000000000000004, 0.3, 0.4]","[0.4799984800104797, 0.24000043999544013, 0.16000055999656013, 0.12000051999752008]",state_action_local,1,inf,5,0.05
18,115,Similarity-aware,1.0,1.4062824978585316e-16,4.51490696680897e-16,2.6645352591003757e-15,60,E[Agg(Q_xi)] - Agg(E[Q_xi]),True,"[0.10000000000000012, 0.20000000000000004, 0.3, 0.4]","[0.4799984800104797, 0.24000043999544013, 0.16000055999656013, 0.12000051999752008]",state_action_local,1,inf,5,0.05
18,120,Similarity-aware,1.0,-1.0732155904709847e-16,3.182639337258782e-16,2.220446049250313e-15,60,E[Agg(Q_xi)] - Agg(E[Q_xi]),True,"[0.10000000000000012, 0.20000000000000004, 0.3, 0.4]","[0.4799984800104797, 0.24000043999544013, 0.16000055999656013, 0.12000051999752008]",state_action_local,1,inf,5,0.05
18,125,Similarity-aware,1.0,8.511709855459534e-17,4.477899532654798e-16,2.220446049250313e-15,60,E[Agg(Q_xi)] - Agg(E[Q_xi]),True,"[0.10000000000000012, 0.20000000000000004, 0.3, 0.4]","[0.4799984800104797, 0.24000043999544013, 0.16000055999656013, 0.12000051999752008]",state_action_local,1,inf,5,0.05
18,130,Similarity-aware,1.0,3.3306690738754695e-17,3.9227880203422196e-16,2.6645352591003757e-15,60,E[Agg(Q_xi)] - Agg(E[Q_xi]),True,"[0.10000000000000012, 0.20000000000000004, 0.3, 0.4]","[0.4799984800104797, 0.24000043999544013, 0.16000055999656013, 0.12000051999752008]",state_action_local,1,inf,5,0.05
18,135,Similarity-aware,1.0,-5.921189464667501e-17,4.1078251911130794e-16,2.6645352591003757e-15,60,E[Agg(Q_xi)] - Agg(E[Q_xi]),True,"[0.10000000000000012, 0.20000000000000004, 0.3, 0.4]","[0.4799984800104797, 0.24000043999544013, 0.16000055999656013, 0.12000051999752008]",state_action_local,1,inf,5,0.05
18,140,Similarity-aware,1.0,-1.9984014443252818e-16,3.293661639721298e-16,3.552713678800501e-15,60,E[Agg(Q_xi)] - Agg(E[Q_xi]),True,"[0.10000000000000012, 0.20000000000000004, 0.3, 0.4]","[0.4799984800104797, 0.24000043999544013, 0.16000055999656013, 0.12000051999752008]",state_action_local,1,inf,5,0.05
18,145,Similarity-aware,1.0,-1.887379141862766e-16,4.070817756958907e-16,3.552713678800501e-15,60,E[Agg(Q_xi)] - Agg(E[Q_xi]),True,"[0.10000000000000012, 0.20000000000000004, 0.3, 0.4]","[0.4799984800104797, 0.24000043999544013, 0.16000055999656013, 0.12000051999752008]",state_action_local,1,inf,5,0.05
18,150,Similarity-aware,1.0,-1.4432899320127036e-16,3.3676765080296414e-16,3.552713678800501e-15,60,E[Agg(Q_xi)] - Agg(E[Q_xi]),True,"[0.10000000000000012, 0.20000000000000004, 0.3, 0.4]","[0.4799984800104797, 0.24000043999544013, 0.16000055999656013, 0.12000051999752008]",state_action_local,1,inf,5,0.05
18,155,Similarity-aware,1.0,-1.9613940101711098e-16,3.811765717879704e-16,3.552713678800501e-15,60,E[Agg(Q_xi)] - Agg(E[Q_xi]),True,"[0.10000000000000012, 0.20000000000000004, 0.3, 0.4]","[0.4799984800104797, 0.24000043999544013, 0.16000055999656013, 0.12000051999752008]",state_action_local,1,inf,5,0.05
18,160,Similarity-aware,1.0,-1.554312234475219e-16,3.7007434154171886e-16,3.552713678800501e-15,60,E[Agg(Q_xi)] - Agg(E[Q_xi]),True,"[0.10000000000000012, 0.20000000000000004, 0.3, 0.4]","[0.4799984800104797, 0.24000043999544013, 0.16000055999656013, 0.12000051999752008]",state_action_local,1,inf,5,0.05
18,165,Similarity-aware,1.0,-7.401486830834377e-17,5.551115123125783e-16,3.552713678800501e-15,60,E[Agg(Q_xi)] - Agg(E[Q_xi]),True,"[0.10000000000000012, 0.20000000000000004, 0.3, 0.4]","[0.4799984800104797, 0.24000043999544013, 0.16000055999656013, 0.12000051999752008]",state_action_local,1,inf,5,0.05
18,170,Similarity-aware,1.0,-8.881784197001253e-17,4.588921835117314e-16,3.552713678800501e-15,60,E[Agg(Q_xi)] - Agg(E[Q_xi]),True,"[0.10000000000000012, 0.20000000000000004, 0.3, 0.4]","[0.4799984800104797, 0.24000043999544013, 0.16000055999656013, 0.12000051999752008]",state_action_local,1,inf,5,0.05
18,175,Similarity-aware,1.0,-4.4408920985006264e-17,5.551115123125783e-16,3.552713678800501e-15,60,E[Agg(Q_xi)] - Agg(E[Q_xi]),True,"[0.10000000000000012, 0.20000000000000004, 0.3, 0.4]","[0.4799984800104797, 0.24000043999544013, 0.16000055999656013, 0.12000051999752008]",state_action_local,1,inf,5,0.05
18,180,Similarity-aware,1.0,-1.1842378929335003e-16,4.51490696680897e-16,3.552713678800501e-15,60,E[Agg(Q_xi)] - Agg(E[Q_xi]),True,"[0.10000000000000012, 0.20000000000000004, 0.3, 0.4]","[0.4799984800104797, 0.24000043999544013, 0.16000055999656013, 0.12000051999752008]",state_action_local,1,inf,5,0.05
18,185,Similarity-aware,1.0,-1.4802973661668754e-17,5.921189464667501e-16,4.440892098500626e-15,60,E[Agg(Q_xi)] - Agg(E[Q_xi]),True,"[0.10000000000000012, 0.20000000000000004, 0.3, 0.4]","[0.4799984800104797, 0.24000043999544013, 0.16000055999656013, 0.12000051999752008]",state_action_local,1,inf,5,0.05
18,190,Similarity-aware,1.0,4.4408920985006264e-17,6.365278674517564e-16,5.329070518200751e-15,60,E[Agg(Q_xi)] - Agg(E[Q_xi]),True,"[0.10000000000000012, 0.20000000000000004, 0.3, 0.4]","[0.4799984800104797, 0.24000043999544013, 0.16000055999656013, 0.12000051999752008]",state_action_local,1,inf,5,0.05
18,195,Similarity-aware,1.0,1.0362081563168128e-16,6.365278674517564e-16,4.440892098500626e-15,60,E[Agg(Q_xi)] - Agg(E[Q_xi]),True,"[0.10000000000000012, 0.20000000000000004, 0.3, 0.4]","[0.4799984800104797, 0.24000043999544013, 0.16000055999656013, 0.12000051999752008]",state_action_local,1,inf,5,0.05
18,200,Similarity-aware,1.0,1.4802973661668753e-16,6.069219201284189e-16,4.440892098500626e-15,60,E[Agg(Q_xi)] - Agg(E[Q_xi]),True,"[0.10000000000000012, 0.20000000000000004, 0.3, 0.4]","[0.4799984800104797, 0.24000043999544013, 0.16000055999656013, 0.12000051999752008]",state_action_local,1,inf,5,0.05
18,205,Similarity-aware,1.0,4.4408920985006264e-17,6.143234069592533e-16,4.440892098500626e-15,60,E[Agg(Q_xi)] - Agg(E[Q_xi]),True,"[0.10000000000000012, 0.20000000000000004, 0.3, 0.4]","[0.4799984800104797, 0.24000043999544013, 0.16000055999656013, 0.12000051999752008]",state_action_local,1,inf,5,0.05
18,210,Similarity-aware,1.0,-5.921189464667501e-17,6.809367884367627e-16,3.552713678800501e-15,60,E[Agg(Q_xi)] - Agg(E[Q_xi]),True,"[0.10000000000000012, 0.20000000000000004, 0.3, 0.4]","[0.4799984800104797, 0.24000043999544013, 0.16000055999656013, 0.12000051999752008]",state_action_local,1,inf,5,0.05
18,215,Similarity-aware,1.0,1.8503717077085943e-16,7.179442225909346e-16,3.552713678800501e-15,60,E[Agg(Q_xi)] - Agg(E[Q_xi]),True,"[0.10000000000000012, 0.20000000000000004, 0.3, 0.4]","[0.4799984800104797, 0.24000043999544013, 0.16000055999656013, 0.12000051999752008]",state_action_local,1,inf,5,0.05
18,220,Similarity-aware,1.0,4.4408920985006264e-17,6.587323279442596e-16,5.329070518200751e-15,60,E[Agg(Q_xi)] - Agg(E[Q_xi]),True,"[0.10000000000000012, 0.20000000000000004, 0.3, 0.4]","[0.4799984800104797, 0.24000043999544013, 0.16000055999656013, 0.12000051999752008]",state_action_local,1,inf,5,0.05
18,225,Similarity-aware,1.0,-2.960594732333751e-17,6.069219201284189e-16,3.552713678800501e-15,60,E[Agg(Q_xi)] - Agg(E[Q_xi]),True,"[0.10000000000000012, 0.20000000000000004, 0.3, 0.4]","[0.4799984800104797, 0.24000043999544013, 0.16000055999656013, 0.12000051999752008]",state_action_local,1,inf,5,0.05
18,230,Similarity-aware,1.0,2.2204460492503132e-17,6.809367884367627e-16,4.440892098500626e-15,60,E[Agg(Q_xi)] - Agg(E[Q_xi]),True,"[0.10000000000000012, 0.20000000000000004, 0.3, 0.4]","[0.4799984800104797, 0.24000043999544013, 0.16000055999656013, 0.12000051999752008]",state_action_local,1,inf,5,0.05
18,235,Similarity-aware,1.0,3.700743415417188e-17,7.253457094217689e-16,4.440892098500626e-15,60,E[Agg(Q_xi)] - Agg(E[Q_xi]),True,"[0.10000000000000012, 0.20000000000000004, 0.3, 0.4]","[0.4799984800104797, 0.24000043999544013, 0.16000055999656013, 0.12000051999752008]",state_action_local,1,inf,5,0.05
18,240,Similarity-aware,1.0,-1.1102230246251565e-16,6.735353016059283e-16,4.440892098500626e-15,60,E[Agg(Q_xi)] - Agg(E[Q_xi]),True,"[0.10000000000000012, 0.20000000000000004, 0.3, 0.4]","[0.4799984800104797, 0.24000043999544013, 0.16000055999656013, 0.12000051999752008]",state_action_local,1,inf,5,0.05
18,245,Similarity-aware,1.0,3.182639337258782e-16,8.955799065309596e-16,4.440892098500626e-15,60,E[Agg(Q_xi)] - Agg(E[Q_xi]),True,"[0.10000000000000012, 0.20000000000000004, 0.3, 0.4]","[0.4799984800104797, 0.24000043999544013, 0.16000055999656013, 0.12000051999752008]",state_action_local,1,inf,5,0.05
18,250,Similarity-aware,1.0,9.62193288008469e-17,7.697546304067752e-16,4.440892098500626e-15,60,E[Agg(Q_xi)] - Agg(E[Q_xi]),True,"[0.10000000000000012, 0.20000000000000004, 0.3, 0.4]","[0.4799984800104797, 0.24000043999544013, 0.16000055999656013, 0.12000051999752008]",state_action_local,1,inf,5,0.05
18,255,Similarity-aware,1.0,6.661338147750939e-17,7.179442225909346e-16,5.329070518200751e-15,60,E[Agg(Q_xi)] - Agg(E[Q_xi]),True,"[0.10000000000000012, 0.20000000000000004, 0.3, 0.4]","[0.4799984800104797, 0.24000043999544013, 0.16000055999656013, 0.12000051999752008]",state_action_local,1,inf,5,0.05
18,260,Similarity-aware,1.0,-1.924386576016938e-16,6.513308411134251e-16,6.217248937900877e-15,60,E[Agg(Q_xi)] - Agg(E[Q_xi]),True,"[0.10000000000000012, 0.20000000000000004, 0.3, 0.4]","[0.4799984800104797, 0.24000043999544013, 0.16000055999656013, 0.12000051999752008]",state_action_local,1,inf,5,0.05
18,265,Similarity-aware,1.0,3.700743415417188e-17,7.475501699142721e-16,5.329070518200751e-15,60,E[Agg(Q_xi)] - Agg(E[Q_xi]),True,"[0.10000000000000012, 0.20000000000000004, 0.3, 0.4]","[0.4799984800104797, 0.24000043999544013, 0.16000055999656013, 0.12000051999752008]",state_action_local,1,inf,5,0.05
18,270,Similarity-aware,1.0,-2.2204460492503132e-17,7.179442225909346e-16,5.329070518200751e-15,60,E[Agg(Q_xi)] - Agg(E[Q_xi]),True,"[0.10000000000000012, 0.20000000000000004, 0.3, 0.4]","[0.4799984800104797, 0.24000043999544013, 0.16000055999656013, 0.12000051999752008]",state_action_local,1,inf,5,0.05
18,275,Similarity-aware,1.0,1.0362081563168128e-16,7.549516567451064e-16,4.440892098500626e-15,60,E[Agg(Q_xi)] - Agg(E[Q_xi]),True,"[0.10000000000000012, 0.20000000000000004, 0.3, 0.4]","[0.4799984800104797, 0.24000043999544013, 0.16000055999656013, 0.12000051999752008]",state_action_local,1,inf,5,0.05
18,280,Similarity-aware,1.0,7.401486830834377e-17,7.475501699142721e-16,3.552713678800501e-15,60,E[Agg(Q_xi)] - Agg(E[Q_xi]),True,"[0.10000000000000012, 0.20000000000000004, 0.3, 0.4]","[0.4799984800104797, 0.24000043999544013, 0.16000055999656013, 0.12000051999752008]",state_action_local,1,inf,5,0.05
18,285,Similarity-aware,1.0,-3.700743415417188e-17,7.401486830834377e-16,5.329070518200751e-15,60,E[Agg(Q_xi)] - Agg(E[Q_xi]),True,"[0.10000000000000012, 0.20000000000000004, 0.3, 0.4]","[0.4799984800104797, 0.24000043999544013, 0.16000055999656013, 0.12000051999752008]",state_action_local,1,inf,5,0.05
18,290,Similarity-aware,1.0,8.881784197001253e-17,7.105427357601002e-16,5.329070518200751e-15,60,E[Agg(Q_xi)] - Agg(E[Q_xi]),True,"[0.10000000000000012, 0.20000000000000004, 0.3, 0.4]","[0.4799984800104797, 0.24000043999544013, 0.16000055999656013, 0.12000051999752008]",state_action_local,1,inf,5,0.05
18,295,Similarity-aware,1.0,2.294460917558657e-16,7.697546304067752e-16,5.329070518200751e-15,60,E[Agg(Q_xi)] - Agg(E[Q_xi]),True,"[0.10000000000000012, 0.20000000000000004, 0.3, 0.4]","[0.4799984800104797, 0.24000043999544013, 0.16000055999656013, 0.12000051999752008]",state_action_local,1,inf,5,0.05
18,300,Similarity-aware,1.0,-3.6267285471088446e-16,5.625129991434126e-16,4.440892098500626e-15,60,E[Agg(Q_xi)] - Agg(E[Q_xi]),True,"[0.10000000000000012, 0.20000000000000004, 0.3, 0.4]","[0.4799984800104797, 0.24000043999544013, 0.16000055999656013, 0.12000051999752008]",state_action_local,1,inf,5,0.05
18,305,Similarity-aware,1.0,2.7385501274087196e-16,8.437694987151189e-16,5.329070518200751e-15,60,E[Agg(Q_xi)] - Agg(E[Q_xi]),True,"[0.10000000000000012, 0.20000000000000004, 0.3, 0.4]","[0.4799984800104797, 0.24000043999544013, 0.16000055999656013, 0.12000051999752008]",state_action_local,1,inf,5,0.05
18,310,Similarity-aware,1.0,5.181040781584064e-17,7.697546304067752e-16,7.105427357601002e-15,60,E[Agg(Q_xi)] - Agg(E[Q_xi]),True,"[0.10000000000000012, 0.20000000000000004, 0.3, 0.4]","[0.4799984800104797, 0.24000043999544013, 0.16000055999656013, 0.12000051999752008]",state_action_local,1,inf,5,0.05
18,315,Similarity-aware,1.0,1.0362081563168128e-16,7.475501699142721e-16,5.329070518200751e-15,60,E[Agg(Q_xi)] - Agg(E[Q_xi]),True,"[0.10000000000000012, 0.20000000000000004, 0.3, 0.4]","[0.4799984800104797, 0.24000043999544013, 0.16000055999656013, 0.12000051999752008]",state_action_local,1,inf,5,0.05
18,320,Similarity-aware,1.0,1.4802973661668754e-17,7.253457094217689e-16,5.329070518200751e-15,60,E[Agg(Q_xi)] - Agg(E[Q_xi]),True,"[0.10000000000000012, 0.20000000000000004, 0.3, 0.4]","[0.4799984800104797, 0.24000043999544013, 0.16000055999656013, 0.12000051999752008]",state_action_local,1,inf,5,0.05
18,325,Similarity-aware,1.0,1.924386576016938e-16,7.919590908992784e-16,5.329070518200751e-15,60,E[Agg(Q_xi)] - Agg(E[Q_xi]),True,"[0.10000000000000012, 0.20000000000000004, 0.3, 0.4]","[0.4799984800104797, 0.24000043999544013, 0.16000055999656013, 0.12000051999752008]",state_action_local,1,inf,5,0.05
18,330,Similarity-aware,1.0,-2.2204460492503132e-17,7.697546304067752e-16,5.329070518200751e-15,60,E[Agg(Q_xi)] - Agg(E[Q_xi]),True,"[0.10000000000000012, 0.20000000000000004, 0.3, 0.4]","[0.4799984800104797, 0.24000043999544013, 0.16000055999656013, 0.12000051999752008]",state_action_local,1,inf,5,0.05
18,335,Similarity-aware,1.0,-2.2204460492503132e-17,8.659739592076221e-16,5.329070518200751e-15,60,E[Agg(Q_xi)] - Agg(E[Q_xi]),True,"[0.10000000000000012, 0.20000000000000004, 0.3, 0.4]","[0.4799984800104797, 0.24000043999544013, 0.16000055999656013, 0.12000051999752008]",state_action_local,1,inf,5,0.05
18,340,Similarity-aware,1.0,3.3306690738754696e-16,9.547918011776346e-16,5.329070518200751e-15,60,E[Agg(Q_xi)] - Agg(E[Q_xi]),True,"[0.10000000000000012, 0.20000000000000004, 0.3, 0.4]","[0.4799984800104797, 0.24000043999544013, 0.16000055999656013, 0.12000051999752008]",state_action_local,1,inf,5,0.05
18,345,Similarity-aware,1.0,-2.1464311809419693e-16,7.179442225909346e-16,7.105427357601002e-15,60,E[Agg(Q_xi)] - Agg(E[Q_xi]),True,"[0.10000000000000012, 0.20000000000000004, 0.3, 0.4]","[0.4799984800104797, 0.24000043999544013, 0.16000055999656013, 0.12000051999752008]",state_action_local,1,inf,5,0.05
18,350,Similarity-aware,1.0,-8.141635513917814e-17,6.587323279442596e-16,5.329070518200751e-15,60,E[Agg(Q_xi)] - Agg(E[Q_xi]),True,"[0.10000000000000012, 0.20000000000000004, 0.3, 0.4]","[0.4799984800104797, 0.24000043999544013, 0.16000055999656013, 0.12000051999752008]",state_action_local,1,inf,5,0.05
18,355,Similarity-aware,1.0,-2.960594732333751e-17,9.02981393361794e-16,5.329070518200751e-15,60,E[Agg(Q_xi)] - Agg(E[Q_xi]),True,"[0.10000000000000012, 0.20000000000000004, 0.3, 0.4]","[0.4799984800104797, 0.24000043999544013, 0.16000055999656013, 0.12000051999752008]",state_action_local,1,inf,5,0.05
18,360,Similarity-aware,1.0,0.0,8.585724723767877e-16,5.329070518200751e-15,60,E[Agg(Q_xi)] - Agg(E[Q_xi]),True,"[0.10000000000000012, 0.20000000000000004, 0.3, 0.4]","[0.4799984800104797, 0.24000043999544013, 0.16000055999656013, 0.12000051999752008]",state_action_local,1,inf,5,0.05
18,365,Similarity-aware,1.0,2.516505522483688e-16,1.080617077301819e-15,7.105427357601002e-15,60,E[Agg(Q_xi)] - Agg(E[Q_xi]),True,"[0.10000000000000012, 0.20000000000000004, 0.3, 0.4]","[0.4799984800104797, 0.24000043999544013, 0.16000055999656013, 0.12000051999752008]",state_action_local,1,inf,5,0.05
18,370,Similarity-aware,1.0,4.4408920985006264e-17,7.697546304067752e-16,5.329070518200751e-15,60,E[Agg(Q_xi)] - Agg(E[Q_xi]),True,"[0.10000000000000012, 0.20000000000000004, 0.3, 0.4]","[0.4799984800104797, 0.24000043999544013, 0.16000055999656013, 0.12000051999752008]",state_action_local,1,inf,5,0.05
18,375,Similarity-aware,1.0,2.6645352591003756e-16,9.917992353318065e-16,7.105427357601002e-15,60,E[Agg(Q_xi)] - Agg(E[Q_xi]),True,"[0.10000000000000012, 0.20000000000000004, 0.3, 0.4]","[0.4799984800104797, 0.24000043999544013, 0.16000055999656013, 0.12000051999752008]",state_action_local,1,inf,5,0.05
18,380,Similarity-aware,1.0,4.4408920985006264e-17,9.62193288008469e-16,5.329070518200751e-15,60,E[Agg(Q_xi)] - Agg(E[Q_xi]),True,"[0.10000000000000012, 0.20000000000000004, 0.3, 0.4]","[0.4799984800104797, 0.24000043999544013, 0.16000055999656013, 0.12000051999752008]",state_action_local,1,inf,5,0.05
18,385,Similarity-aware,1.0,-2.0724163126336256e-16,8.437694987151189e-16,7.105427357601002e-15,60,E[Agg(Q_xi)] - Agg(E[Q_xi]),True,"[0.10000000000000012, 0.20000000000000004, 0.3, 0.4]","[0.4799984800104797, 0.24000043999544013, 0.16000055999656013, 0.12000051999752008]",state_action_local,1,inf,5,0.05
18,390,Similarity-aware,1.0,-1.1842378929335003e-16,8.881784197001252e-16,7.105427357601002e-15,60,E[Agg(Q_xi)] - Agg(E[Q_xi]),True,"[0.10000000000000012, 0.20000000000000004, 0.3, 0.4]","[0.4799984800104797, 0.24000043999544013, 0.16000055999656013, 0.12000051999752008]",state_action_local,1,inf,5,0.05
18,395,Similarity-aware,1.0,-1.924386576016938e-16,9.177843670234628e-16,7.105427357601002e-15,60,E[Agg(Q_xi)] - Agg(E[Q_xi]),True,"[0.10000000000000012, 0.20000000000000004, 0.3, 0.4]","[0.4799984800104797, 0.24000043999544013, 0.16000055999656013, 0.12000051999752008]",state_action_local,1,inf,5,0.05
18,400,Similarity-aware,1.0,3.7007434154171886e-16,1.1102230246251565e-15,7.105427357601002e-15,60,E[Agg(Q_xi)] - Agg(E[Q_xi]),True,"[0.10000000000000012, 0.20000000000000004, 0.3, 0.4]","[0.4799984800104797, 0.24000043999544013, 0.16000055999656013, 0.12000051999752008]",state_action_local,1,inf,5,0.05
19,5,Maximum-based,1.0,0.05831501317420686,0.05831501317420686,0.07567504795196031,60,E[Agg(Q_xi)] - Agg(E[Q_xi]),True,"[0.10000000000000012, 0.20000000000000004, 0.29999999999999993, 0.4]","[0.4799984800104797, 0.24000043999544013, 0.16000055999656015, 0.12000051999752008]",state_action_local,1,inf,5,0.05
19,10,Maximum-based,1.0,0.056423019562339236,0.056423019562339236,0.066851656310143,60,E[Agg(Q_xi)] - Agg(E[Q_xi]),True,"[0.10000000000000012, 0.20000000000000004, 0.29999999999999993, 0.4]","[0.4799984800104797, 0.24000043999544013, 0.16000055999656015, 0.12000051999752008]",state_action_local,1,inf,5,0.05
19,15,Maximum-based,1.0,0.0550539943041877,0.0550539943041877,0.06669422383202261,60,E[Agg(Q_xi)] - Agg(E[Q_xi]),True,"[0.10000000000000012, 0.20000000000000004, 0.29999999999999993, 0.4]","[0.4799984800104797, 0.24000043999544013, 0.16000055999656015, 0.12000051999752008]",state_action_local,1,inf,5,0.05
19,20,Maximum-based,1.0,0.05399585947367393,0.05399585947367393,0.06357671932156106,60,E[Agg(Q_xi)] - Agg(E[Q_xi]),True,"[0.10000000000000012, 0.20000000000000004, 0.29999999999999993, 0.4]","[0.4799984800104797, 0.24000043999544013, 0.16000055999656015, 0.12000051999752008]",state_action_local,1,inf,5,0.05
19,25,Maximum-based,1.0,0.05300942484717573,0.05300942484717573,0.06408437564940539,60,E[Agg(Q_xi)] - Agg(E[Q_xi]),True,"[0.10000000000000012, 0.20000000000000004, 0.29999999999999993, 0.4]","[0.4799984800104797, 0.24000043999544013, 0.16000055999656015, 0.12000051999752008]",state_action_local,1,inf,5,0.05
19,30,Maximum-based,1.0,0.05118106211492699,0.05118106211492699,0.06389210694782865,60,E[Agg(Q_xi)] - Agg(E[Q_xi]),True,"[0.10000000000000012, 0.20000000000000004, 0.29999999999999993, 0.4]","[0.4799984800104797, 0.24000043999544013, 0.16000055999656015, 0.12000051999752008]",state_action_local,1,inf,5,0.05
19,35,Maximum-based,1.0,0.051991163109561075,0.051991163109561075,0.06461248671174014,60,E[Agg(Q_xi)] - Agg(E[Q_xi]),True,"[0.10000000000000012, 0.20000000000000004, 0.29999999999999993, 0.4]","[0.4799984800104797, 0.24000043999544013, 0.16000055999656015, 0.12000051999752008]",state_action_local,1,inf,5,0.05
19,40,Maximum-based,1.0,0.05123737826079124,0.05123737826079124,0.062498011444696244,60,E[Agg(Q_xi)] - Agg(E[Q_xi]),True,"[0.10000000000000012, 0.20000000000000004, 0.29999999999999993, 0.4]","[0.4799984800104797, 0.24000043999544013, 0.16000055999656015, 0.12000051999752008]",state_action_local,1,inf,5,0.05
19,45,Maximum-based,1.0,0.05098806892782879,0.05098806892782879,0.0648875827868296,60,E[Agg(Q_xi)] - Agg(E[Q_xi]),True,"[0.10000000000000012, 0.20000000000000004, 0.29999999999999993, 0.4]","[0.4799984800104797, 0.24000043999544013, 0.16000055999656015, 0.12000051999752008]",state_action_local,1,inf,5,0.05
19,50,Maximum-based,1.0,0.050736776529010354,0.050736776529010354,0.06283768888680585,60,E[Agg(Q_xi)] - Agg(E[Q_xi]),True,"[0.10000000000000012, 0.20000000000000004, 0.29999999999999993, 0.4]","[0.4799984800104797, 0.24000043999544013, 0.16000055999656015, 0.12000051999752008]",state_action_local,1,inf,5,0.05
19,55,Maximum-based,1.0,0.05029005729222876,0.05029005729222876,0.0646229425911149,60,E[Agg(Q_xi)] - Agg(E[Q_xi]),True,"[0.10000000000000012, 0.20000000000000004, 0.29999999999999993, 0.4]","[0.4799984800104797, 0.24000043999544013, 0.16000055999656015, 0.12000051999752008]",state_action_local,1,inf,5,0.05
19,60,Maximum-based,1.0,0.05029922818015178,0.05029922818015178,0.06394628278354553,60,E[Agg(Q_xi)] - Agg(E[Q_xi]),True,"[0.10000000000000012, 0.20000000000000004, 0.29999999999999993, 0.4]","[0.4799984800104797, 0.24000043999544013, 0.16000055999656015, 0.12000051999752008]",state_action_local,1,inf,5,0.05
19,65,Maximum-based,1.0,0.04964565160982836,0.04964565160982836,0.06009794864050333,60,E[Agg(Q_xi)] - Agg(E[Q_xi]),True,"[0.10000000000000012, 0.20000000000000004, 0.29999999999999993, 0.4]","[0.4799984800104797, 0.24000043999544013, 0.16000055999656015, 0.12000051999752008]",state_action_local,1,inf,5,0.05
19,70,Maximum-based,1.0,0.04968312179652754,0.04968312179652754,0.06795966350298954,60,E[Agg(Q_xi)] - Agg(E[Q_xi]),True,"[0.10000000000000012, 0.20000000000000004, 0.29999999999999993, 0.4]","[0.4799984800104797, 0.24000043999544013, 0.16000055999656015, 0.12000051999752008]",state_action_local,1,inf,5,0.05
19,75,Maximum-based,1.0,0.04977428157969726,0.04977428157969726,0.06176658945322,60,E[Agg(Q_xi)] - Agg(E[Q_xi]),True,"[0.10000000000000012, 0.20000000000000004, 0.29999999999999993, 0.4]","[0.4799984800104797, 0.24000043999544013, 0.16000055999656015, 0.12000051999752008]",state_action_local,1,inf,5,0.05
19,80,Maximum-based,1.0,0.049509998591161355,0.049509998591161355,0.0663582307327375,60,E[Agg(Q_xi)] - Agg(E[Q_xi]),True,"[0.10000000000000012, 0.20000000000000004, 0.29999999999999993, 0.4]","[0.4799984800104797, 0.24000043999544013, 0.16000055999656015, 0.12000051999752008]",state_action_local,1,inf,5,0.05
19,85,Maximum-based,1.0,0.04996017369771453,0.04996017369771453,0.06183855822688811,60,E[Agg(Q_xi)] - Agg(E[Q_xi]),True,"[0.10000000000000012, 0.20000000000000004, 0.29999999999999993, 0.4]","[0.4799984800104797, 0.24000043999544013, 0.16000055999656015, 0.12000051999752008]",state_action_local,1,inf,5,0.05
19,90,Maximum-based,1.0,0.05049761147796071,0.05049761147796071,0.06383451162489706,60,E[Agg(Q_xi)] - Agg(E[Q_xi]),True,"[0.10000000000000012, 0.20000000000000004, 0.29999999999999993, 0.4]","[0.4799984800104797, 0.24000043999544013, 0.16000055999656015, 0.12000051999752008]",state_action_local,1,inf,5,0.05
19,95,Maximum-based,1.0,0.04932123559983399,0.04932123559983399,0.05898740748692699,60,E[Agg(Q_xi)] - Agg(E[Q_xi]),True,"[0.10000000000000012, 0.20000000000000004, 0.29999999999999993, 0.4]","[0.4799984800104797, 0.24000043999544013, 0.16000055999656015, 0.12000051999752008]",state_action_local,1,inf,5,0.05
19,100,Maximum-based,1.0,0.05011446924558139,0.05011446924558139,0.06130829542506522,60,E[Agg(Q_xi)] - Agg(E[Q_xi]),True,"[0.10000000000000012, 0.20000000000000004, 0.29999999999999993, 0.4]","[0.4799984800104797, 0.24000043999544013, 0.16000055999656015, 0.12000051999752008]",state_action_local,1,inf,5,0.05
19,105,Maximum-based,1.0,0.048941605605445054,0.048941605605445054,0.065375424406652,60,E[Agg(Q_xi)] - Agg(E[Q_xi]),True,"[0.10000000000000012, 0.20000000000000004, 0.29999999999999993, 0.4]","[0.4799984800104797, 0.24000043999544013, 0.16000055999656015, 0.12000051999752008]",state_action_local,1,inf,5,0.05
19,110,Maximum-based,1.0,0.04889983773750363,0.04889983773750363,0.06337255675664633,60,E[Agg(Q_xi)] - Agg(E[Q_xi]),True,"[0.10000000000000012, 0.20000000000000004, 0.29999999999999993, 0.4]","[0.4799984800104797, 0.24000043999544013, 0.16000055999656015, 0.12000051999752008]",state_action_local,1,inf,5,0.05
19,115,Maximum-based,1.0,0.04890255477565676,0.04890255477565676,0.06137540569857869,60,E[Agg(Q_xi)] - Agg(E[Q_xi]),True,"[0.10000000000000012, 0.20000000000000004, 0.29999999999999993, 0.4]","[0.4799984800104797, 0.24000043999544013, 0.16000055999656015, 0.12000051999752008]",state_action_local,1,inf,5,0.05
19,120,Maximum-based,1.0,0.049037387915828616,0.049037387915828616,0.060585784368758056,60,E[Agg(Q_xi)] - Agg(E[Q_xi]),True,"[0.10000000000000012, 0.20000000000000004, 0.29999999999999993, 0.4]","[0.4799984800104797, 0.24000043999544013, 0.16000055999656015, 0.12000051999752008]",state_action_local,1,inf,5,0.05
19,125,Maximum-based,1.0,0.0497437615219048,0.0497437615219048,0.06073802442952303,60,E[Agg(Q_xi)] - Agg(E[Q_xi]),True,"[0.10000000000000012, 0.20000000000000004, 0.29999999999999993, 0.4]","[0.4799984800104797, 0.24000043999544013, 0.16000055999656015, 0.12000051999752008]",state_action_local,1,inf,5,0.05
19,130,Maximum-based,1.0,0.04861854772465414,0.04861854772465414,0.061974507695345515,60,E[Agg(Q_xi)] - Agg(E[Q_xi]),True,"[0.10000000000000012, 0.20000000000000004, 0.29999999999999993, 0.4]","[0.4799984800104797, 0.24000043999544013, 0.16000055999656015, 0.12000051999752008]",state_action_local,1,inf,5,0.05
19,135,Maximum-based,1.0,0.04905739226825864,0.04905739226825864,0.06048729585891888,60,E[Agg(Q_xi)] - Agg(E[Q_xi]),True,"[0.10000000000000012, 0.20000000000000004, 0.29999999999999993, 0.4]","[0.4799984800104797, 0.24000043999544013, 0.16000055999656015, 0.12000051999752008]",state_action_local,1,inf,5,0.05
19,140,Maximum-based,1.0,0.049124968375748625,0.049124968375748625,0.06277167301561004,60,E[Agg(Q_xi)] - Agg(E[Q_xi]),True,"[0.10000000000000012, 0.20000000000000004, 0.29999999999999993, 0.4]","[0.4799984800104797, 0.24000043999544013, 0.16000055999656015, 0.12000051999752008]",state_action_local,1,inf,5,0.05
19,145,Maximum-based,1.0,0.04979745671475097,0.04979745671475097,0.06252520544995921,60,E[Agg(Q_xi)] - Agg(E[Q_xi]),True,"[0.10000000000000012, 0.20000000000000004, 0.29999999999999993, 0.4]","[0.4799984800104797, 0.24000043999544013, 0.16000055999656015, 0.12000051999752008]",state_action_local,1,inf,5,0.05
19,150,Maximum-based,1.0,0.04908516758539126,0.04908516758539126,0.0630208624520705,60,E[Agg(Q_xi)] - Agg(E[Q_xi]),True,"[0.10000000000000012, 0.20000000000000004, 0.29999999999999993, 0.4]","[0.4799984800104797, 0.24000043999544013, 0.16000055999656015, 0.12000051999752008]",state_action_local,1,inf,5,0.05
19,155,Maximum-based,1.0,0.04896801827423888,0.04896801827423888,0.06141890363458469,60,E[Agg(Q_xi)] - Agg(E[Q_xi]),True,"[0.10000000000000012, 0.20000000000000004, 0.29999999999999993, 0.4]","[0.4799984800104797, 0.24000043999544013, 0.16000055999656015, 0.12000051999752008]",state_action_local,1,inf,5,0.05
19,160,Maximum-based,1.0,0.049633928795818676,0.049633928795818676,0.06547719166481514,60,E[Agg(Q_xi)] - Agg(E[Q_xi]),True,"[0.10000000000000012, 0.20000000000000004, 0.29999999999999993, 0.4]","[0.4799984800104797, 0.24000043999544013, 0.16000055999656015, 0.12000051999752008]",state_action_local,1,inf,5,0.05
19,165,Maximum-based,1.0,0.04907448901123802,0.04907448901123802,0.06914183173800215,60,E[Agg(Q_xi)] - Agg(E[Q_xi]),True,"[0.10000000000000012, 0.20000000000000004, 0.29999999999999993, 0.4]","[0.4799984800104797, 0.24000043999544013, 0.16000055999656015, 0.12000051999752008]",state_action_local,1,inf,5,0.05
19,170,Maximum-based,1.0,0.04952354649249669,0.04952354649249669,0.06547039733253524,60,E[Agg(Q_xi)] - Agg(E[Q_xi]),True,"[0.10000000000000012, 0.20000000000000004, 0.29999999999999993, 0.4]","[0.4799984800104797, 0.24000043999544013, 0.16000055999656015, 0.12000051999752008]",state_action_local,1,inf,5,0.05
19,175,Maximum-based,1.0,0.049328834337548325,0.049328834337548325,0.06327534674607005,60,E[Agg(Q_xi)] - Agg(E[Q_xi]),True,"[0.10000000000000012, 0.20000000000000004, 0.29999999999999993, 0.4]","[0.4799984800104797, 0.24000043999544013, 0.16000055999656015, 0.12000051999752008]",state_action_local,1,inf,5,0.05
19,180,Maximum-based,1.0,0.04902361893760636,0.04902361893760636,0.06259889426714249,60,E[Agg(Q_xi)] - Agg(E[Q_xi]),True,"[0.10000000000000012, 0.20000000000000004, 0.29999999999999993, 0.4]","[0.4799984800104797, 0.24000043999544013, 0.16000055999656015, 0.12000051999752008]",state_action_local,1,inf,5,0.05
19,185,Maximum-based,1.0,0.04935239526132532,0.04935239526132532,0.06311096639631852,60,E[Agg(Q_xi)] - Agg(E[Q_xi]),True,"[0.10000000000000012, 0.20000000000000004, 0.29999999999999993, 0.4]","[0.4799984800104797, 0.24000043999544013, 0.16000055999656015, 0.12000051999752008]",state_action_local,1,inf,5,0.05
19,190,Maximum-based,1.0,0.04848124414858041,0.04848124414858041,0.06269836434141762,60,E[Agg(Q_xi)] - Agg(E[Q_xi]),True,"[0.10000000000000012, 0.20000000000000004, 0.29999999999999993, 0.4]","[0.4799984800104797, 0.24000043999544013, 0.16000055999656015, 0.12000051999752008]",state_action_local,1,inf,5,0.05
19,195,Maximum-based,1.0,0.04849332631611537,0.04849332631611537,0.061828655834595736,60,E[Agg(Q_xi)] - Agg(E[Q_xi]),True,"[0.10000000000000012, 0.20000000000000004, 0.29999999999999993, 0.4]","[0.4799984800104797, 0.24000043999544013, 0.16000055999656015, 0.12000051999752008]",state_action_local,1,inf,5,0.05
19,200,Maximum-based,1.0,0.04975722605625073,0.04975722605625073,0.06594869569116124,60,E[Agg(Q_xi)] - Agg(E[Q_xi]),True,"[0.10000000000000012, 0.20000000000000004, 0.29999999999999993, 0.4]","[0.4799984800104797, 0.24000043999544013, 0.16000055999656015, 0.12000051999752008]",state_action_local,1,inf,5,0.05
19,205,Maximum-based,1.0,0.04885182747859594,0.04885182747859594,0.06517411354576375,60,E[Agg(Q_xi)] - Agg(E[Q_xi]),True,"[0.10000000000000012, 0.20000000000000004, 0.29999999999999993, 0.4]","[0.4799984800104797, 0.24000043999544013, 0.16000055999656015, 0.12000051999752008]",state_action_local,1,inf,5,0.05
19,210,Maximum-based,1.0,0.04841562466453803,0.04841562466453803,0.0635971174104144,60,E[Agg(Q_xi)] - Agg(E[Q_xi]),True,"[0.10000000000000012, 0.20000000000000004, 0.29999999999999993, 0.4]","[0.4799984800104797, 0.24000043999544013, 0.16000055999656015, 0.12000051999752008]",state_action_local,1,inf,5,0.05
19,215,Maximum-based,1.0,0.04907210497813926,0.04907210497813926,0.060717496628340584,60,E[Agg(Q_xi)] - Agg(E[Q_xi]),True,"[0.10000000000000012, 0.20000000000000004, 0.29999999999999993, 0.4]","[0.4799984800104797, 0.24000043999544013, 0.16000055999656015, 0.12000051999752008]",state_action_local,1,inf,5,0.05
19,220,Maximum-based,1.0,0.04919632388358509,0.04919632388358509,0.060989298155639915,60,E[Agg(Q_xi)] - Agg(E[Q_xi]),True,"[0.10000000000000012, 0.20000000000000004, 0.29999999999999993, 0.4]","[0.4799984800104797, 0.24000043999544013, 0.16000055999656015, 0.12000051999752008]",state_action_local,1,inf,5,0.05
19,225,Maximum-based,1.0,0.04912529868332922,0.04912529868332922,0.06160403306810025,60,E[Agg(Q_xi)] - Agg(E[Q_xi]),True,"[0.10000000000000012, 0.20000000000000004, 0.29999999999999993, 0.4]","[0.4799984800104797, 0.24000043999544013, 0.16000055999656015, 0.12000051999752008]",state_action_local,1,inf,5,0.05
19,230,Maximum-based,1.0,0.049117960948982645,0.049117960948982645,0.061499234382468515,60,E[Agg(Q_xi)] - Agg(E[Q_xi]),True,"[0.10000000000000012, 0.20000000000000004, 0.29999999999999993, 0.4]","[0.4799984800104797, 0.24000043999544013, 0.16000055999656015, 0.12000051999752008]",state_action_local,1,inf,5,0.05
19,235,Maximum-based,1.0,0.04849354142925322,0.04849354142925322,0.061231245644700394,60,E[Agg(Q_xi)] - Agg(E[Q_xi]),True,"[0.10000000000000012, 0.20000000000000004, 0.29999999999999993, 0.4]","[0.4799984800104797, 0.24000043999544013, 0.16000055999656015, 0.12000051999752008]",state_action_local,1,inf,5,0.05
19,240,Maximum-based,1.0,0.04862713661985803,0.04862713661985803,0.06721993853377484,60,E[Agg(Q_xi)] - Agg(E[Q_xi]),True,"[0.10000000000000012, 0.20000000000000004, 0.29999999999999993, 0.4]","[0.4799984800104797, 0.24000043999544013, 0.16000055999656015, 0.12000051999752008]",state_action_local,1,inf,5,0.05
19,245,Maximum-based,1.0,0.04886243948178662,0.04886243948178662,0.06432700796911028,60,E[Agg(Q_xi)] - Agg(E[Q_xi]),True,"[0.10000000000000012, 0.20000000000000004, 0.29999999999999993, 0.4]","[0.4799984800104797, 0.24000043999544013, 0.16000055999656015, 0.12000051999752008]",state_action_local,1,inf,5,0.05
19,250,Maximum-based,1.0,0.04997094865385243,0.04997094865385243,0.061729253526486616,60,E[Agg(Q_xi)] - Agg(E[Q_xi]),True,"[0.10000000000000012, 0.20000000000000004, 0.29999999999999993, 0.4]","[0.4799984800104797, 0.24000043999544013, 0.16000055999656015, 0.12000051999752008]",state_action_local,1,inf,5,0.05
19,255,Maximum-based,1.0,0.049372583862647104,0.049372583862647104,0.06529668718711612,60,E[Agg(Q_xi)] - Agg(E[Q_xi]),True,"[0.10000000000000012, 0.20000000000000004, 0.29999999999999993, 0.4]","[0.4799984800104797, 0.24000043999544013, 0.16000055999656015, 0.12000051999752008]",state_action_local,1,inf,5,0.05
19,260,Maximum-based,1.0,0.04930872797225203,0.04930872797225203,0.061018490284055815,60,E[Agg(Q_xi)] - Agg(E[Q_xi]),True,"[0.10000000000000012, 0.20000000000000004, 0.29999999999999993, 0.4]","[0.4799984800104797, 0.24000043999544013, 0.16000055999656015, 0.12000051999752008]",state_action_local,1,inf,5,0.05
19,265,Maximum-based,1.0,0.04910971923148469,0.04910971923148469,0.0667972634275582,60,E[Agg(Q_xi)] - Agg(E[Q_xi]),True,"[0.10000000000000012, 0.20000000000000004, 0.29999999999999993, 0.4]","[0.4799984800104797, 0.24000043999544013, 0.16000055999656015, 0.12000051999752008]",state_action_local,1,inf,5,0.05
19,270,Maximum-based,1.0,0.04957008863389832,0.04957008863389832,0.06522843066623629,60,E[Agg(Q_xi)] - Agg(E[Q_xi]),True,"[0.10000000000000012, 0.20000000000000004, 0.29999999999999993, 0.4]","[0.4799984800104797, 0.24000043999544013, 0.16000055999656015, 0.12000051999752008]",state_action_local,1,inf,5,0.05
19,275,Maximum-based,1.0,0.049021102017702774,0.049021102017702774,0.0675920295847412,60,E[Agg(Q_xi)] - Agg(E[Q_xi]),True,"[0.10000000000000012, 0.20000000000000004, 0.29999999999999993, 0.4]","[0.4799984800104797, 0.24000043999544013, 0.16000055999656015, 0.12000051999752008]",state_action_local,1,inf,5,0.05
19,280,Maximum-based,1.0,0.04857409921134974,0.04857409921134974,0.0635824191989709,60,E[Agg(Q_xi)] - Agg(E[Q_xi]),True,"[0.10000000000000012, 0.20000000000000004, 0.29999999999999993, 0.4]","[0.4799984800104797, 0.24000043999544013, 0.16000055999656015, 0.12000051999752008]",state_action_local,1,inf,5,0.05
19,285,Maximum-based,1.0,0.04910504030147324,0.04910504030147324,0.060978701985044736,60,E[Agg(Q_xi)] - Agg(E[Q_xi]),True,"[0.10000000000000012, 0.20000000000000004, 0.29999999999999993, 0.4]","[0.4799984800104797, 0.24000043999544013, 0.16000055999656015, 0.12000051999752008]",state_action_local,1,inf,5,0.05
19,290,Maximum-based,1.0,0.049451325226299005,0.049451325226299005,0.0626888846236664,60,E[Agg(Q_xi)] - Agg(E[Q_xi]),True,"[0.10000000000000012, 0.20000000000000004, 0.29999999999999993, 0.4]","[0.4799984800104797, 0.24000043999544013, 0.16000055999656015, 0.12000051999752008]",state_action_local,1,inf,5,0.05
19,295,Maximum-based,1.0,0.0489927372256025,0.0489927372256025,0.060783754387605526,60,E[Agg(Q_xi)] - Agg(E[Q_xi]),True,"[0.10000000000000012, 0.20000000000000004, 0.29999999999999993, 0.4]","[0.4799984800104797, 0.24000043999544013, 0.16000055999656015, 0.12000051999752008]",state_action_local,1,inf,5,0.05
19,300,Maximum-based,1.0,0.049498177948368124,0.049498177948368124,0.06440509856492405,60,E[Agg(Q_xi)] - Agg(E[Q_xi]),True,"[0.10000000000000012, 0.20000000000000004, 0.29999999999999993, 0.4]","[0.4799984800104797, 0.24000043999544013, 0.16000055999656015, 0.12000051999752008]",state_action_local,1,inf,5,0.05
19,305,Maximum-based,1.0,0.04885512030224611,0.04885512030224611,0.059293807249272135,60,E[Agg(Q_xi)] - Agg(E[Q_xi]),True,"[0.10000000000000012, 0.20000000000000004, 0.29999999999999993, 0.4]","[0.4799984800104797, 0.24000043999544013, 0.16000055999656015, 0.12000051999752008]",state_action_local,1,inf,5,0.05
19,310,Maximum-based,1.0,0.04934777483194167,0.04934777483194167,0.06608332380885606,60,E[Agg(Q_xi)] - Agg(E[Q_xi]),True,"[0.10000000000000012, 0.20000000000000004, 0.29999999999999993, 0.4]","[0.4799984800104797, 0.24000043999544013, 0.16000055999656015, 0.12000051999752008]",state_action_local,1,inf,5,0.05
19,315,Maximum-based,1.0,0.049175240541905266,0.049175240541905266,0.0636971468333698,60,E[Agg(Q_xi)] - Agg(E[Q_xi]),True,"[0.10000000000000012, 0.20000000000000004, 0.29999999999999993, 0.4]","[0.4799984800104797, 0.24000043999544013, 0.16000055999656015, 0.12000051999752008]",state_action_local,1,inf,5,0.05
19,320,Maximum-based,1.0,0.048493817111259635,0.048493817111259635,0.06384724473532266,60,E[Agg(Q_xi)] - Agg(E[Q_xi]),True,"[0.10000000000000012, 0.20000000000000004, 0.29999999999999993, 0.4]","[0.4799984800104797, 0.24000043999544013, 0.16000055999656015, 0.12000051999752008]",state_action_local,1,inf,5,0.05
19,325,Maximum-based,1.0,0.048827407463849386,0.048827407463849386,0.0627104676185688,60,E[Agg(Q_xi)] - Agg(E[Q_xi]),True,"[0.10000000000000012, 0.20000000000000004, 0.29999999999999993, 0.4]","[0.4799984800104797, 0.24000043999544013, 0.16000055999656015, 0.12000051999752008]",state_action_local,1,inf,5,0.05
19,330,Maximum-based,1.0,0.04893659348908645,0.04893659348908645,0.06346214461321331,60,E[Agg(Q_xi)] - Agg(E[Q_xi]),True,"[0.10000000000000012, 0.20000000000000004, 0.29999999999999993, 0.4]","[0.4799984800104797, 0.24000043999544013, 0.16000055999656015, 0.12000051999752008]",state_action_local,1,inf,5,0.05
19,335,Maximum-based,1.0,0.049273836851221865,0.049273836851221865,0.06373081702083283,60,E[Agg(Q_xi)] - Agg(E[Q_xi]),True,"[0.10000000000000012, 0.20000000000000004, 0.29999999999999993, 0.4]","[0.4799984800104797, 0.24000043999544013, 0.16000055999656015, 0.12000051999752008]",state_action_local,1,inf,5,0.05
19,340,Maximum-based,1.0,0.04940398139537924,0.04940398139537924,0.0657288473944071,60,E[Agg(Q_xi)] - Agg(E[Q_xi]),True,"[0.10000000000000012, 0.20000000000000004, 0.29999999999999993, 0.4]","[0.4799984800104797, 0.24000043999544013, 0.16000055999656015, 0.12000051999752008]",state_action_local,1,inf,5,0.05
19,345,Maximum-based,1.0,0.04902326239815234,0.04902326239815234,0.06528678847645075,60,E[Agg(Q_xi)] - Agg(E[Q_xi]),True,"[0.10000000000000012, 0.20000000000000004, 0.29999999999999993, 0.4]","[0.4799984800104797, 0.24000043999544013, 0.16000055999656015, 0.12000051999752008]",state_action_local,1,inf,5,0.05
19,350,Maximum-based,1.0,0.04946806087163824,0.04946806087163824,0.06517430544304759,60,E[Agg(Q_xi)] - Agg(E[Q_xi]),True,"[0.10000000000000012, 0.20000000000000004, 0.29999999999999993, 0.4]","[0.4799984800104797, 0.24000043999544013, 0.16000055999656015, 0.12000051999752008]",state_action_local,1,inf,5,0.05
19,355,Maximum-based,1.0,0.04794053721631005,0.04794053721631005,0.06043656502087735,60,E[Agg(Q_xi)] - Agg(E[Q_xi]),True,"[0.10000000000000012, 0.20000000000000004, 0.29999999999999993, 0.4]","[0.4799984800104797, 0.24000043999544013, 0.16000055999656015, 0.12000051999752008]",state_action_local,1,inf,5,0.05
19,360,Maximum-based,1.0,0.04841667388895544,0.04841667388895544,0.061108354290205114,60,E[Agg(Q_xi)] - Agg(E[Q_xi]),True,"[0.10000000000000012, 0.20000000000000004, 0.29999999999999993, 0.4]","[0.4799984800104797, 0.24000043999544013, 0.16000055999656015, 0.12000051999752008]",state_action_local,1,inf,5,0.05
19,365,Maximum-based,1.0,0.04914902804160751,0.04914902804160751,0.06713217274172578,60,E[Agg(Q_xi)] - Agg(E[Q_xi]),True,"[0.10000000000000012, 0.20000000000000004, 0.29999999999999993, 0.4]","[0.4799984800104797, 0.24000043999544013, 0.16000055999656015, 0.12000051999752008]",state_action_local,1,inf,5,0.05
19,370,Maximum-based,1.0,0.048802569754974504,0.048802569754974504,0.06344028340829055,60,E[Agg(Q_xi)] - Agg(E[Q_xi]),True,"[0.10000000000000012, 0.20000000000000004, 0.29999999999999993, 0.4]","[0.4799984800104797, 0.24000043999544013, 0.16000055999656015, 0.12000051999752008]",state_action_local,1,inf,5,0.05
19,375,Maximum-based,1.0,0.04941364250912092,0.04941364250912092,0.06117694278253616,60,E[Agg(Q_xi)] - Agg(E[Q_xi]),True,"[0.10000000000000012, 0.20000000000000004, 0.29999999999999993, 0.4]","[0.4799984800104797, 0.24000043999544013, 0.16000055999656015, 0.12000051999752008]",state_action_local,1,inf,5,0.05
19,380,Maximum-based,1.0,0.049311787684018296,0.049311787684018296,0.06347328011037945,60,E[Agg(Q_xi)] - Agg(E[Q_xi]),True,"[0.10000000000000012, 0.20000000000000004, 0.29999999999999993, 0.4]","[0.4799984800104797, 0.24000043999544013, 0.16000055999656015, 0.12000051999752008]",state_action_local,1,inf,5,0.05
19,385,Maximum-based,1.0,0.048253097511927225,0.048253097511927225,0.06351461460376662,60,E[Agg(Q_xi)] - Agg(E[Q_xi]),True,"[0.10000000000000012, 0.20000000000000004, 0.29999999999999993, 0.4]","[0.4799984800104797, 0.24000043999544013, 0.16000055999656015, 0.12000051999752008]",state_action_local,1,inf,5,0.05
19,390,Maximum-based,1.0,0.048885655095314846,0.048885655095314846,0.06007941992707444,60,E[Agg(Q_xi)] - Agg(E[Q_xi]),True,"[0.10000000000000012, 0.20000000000000004, 0.29999999999999993, 0.4]","[0.4799984800104797, 0.24000043999544013, 0.16000055999656015, 0.12000051999752008]",state_action_local,1,inf,5,0.05
19,395,Maximum-based,1.0,0.04793194727597076,0.04793194727597076,0.06390644079437813,60,E[Agg(Q_xi)] - Agg(E[Q_xi]),True,"[0.10000000000000012, 0.20000000000000004, 0.29999999999999993, 0.4]","[0.4799984800104797, 0.24000043999544013, 0.16000055999656015, 0.12000051999752008]",state_action_local,1,inf,5,0.05
19,400,Maximum-based,1.0,0.048668356873813504,0.048668356873813504,0.061811831105726966,60,E[Agg(Q_xi)] - Agg(E[Q_xi]),True,"[0.10000000000000012, 0.20000000000000004, 0.29999999999999993, 0.4]","[0.4799984800104797, 0.24000043999544013, 0.16000055999656015, 0.12000051999752008]",state_action_local,1,inf,5,0.05
19,5,Similarity-aware,1.0,-2.6020852139652105e-19,1.312607430155784e-17,1.3877787807814457e-16,60,E[Agg(Q_xi)] - Agg(E[Q_xi]),True,"[0.10000000000000012, 0.20000000000000004, 0.29999999999999993, 0.4]","[0.4799984800104797, 0.24000043999544013, 0.16000055999656015, 0.12000051999752008]",state_action_local,1,inf,5,0.05
19,10,Similarity-aware,1.0,1.0986582014519778e-18,2.6656917414176937e-17,2.7755575615628914e-16,60,E[Agg(Q_xi)] - Agg(E[Q_xi]),True,"[0.10000000000000012, 0.20000000000000004, 0.29999999999999993, 0.4]","[0.4799984800104797, 0.24000043999544013, 0.16000055999656015, 0.12000051999752008]",state_action_local,1,inf,5,0.05
19,15,Similarity-aware,1.0,1.0408340855860842e-18,4.614364446098307e-17,5.551115123125783e-16,60,E[Agg(Q_xi)] - Agg(E[Q_xi]),True,"[0.10000000000000012, 0.20000000000000004, 0.29999999999999993, 0.4]","[0.4799984800104797, 0.24000043999544013, 0.16000055999656015, 0.12000051999752008]",state_action_local,1,inf,5,0.05
19,20,Similarity-aware,1.0,-3.23815048849004e-18,6.47630097698008e-17,5.551115123125783e-16,60,E[Agg(Q_xi)] - Agg(E[Q_xi]),True,"[0.10000000000000012, 0.20000000000000004, 0.29999999999999993, 0.4]","[0.4799984800104797, 0.24000043999544013, 0.16000055999656015, 0.12000051999752008]",state_action_local,1,inf,5,0.05
19,25,Similarity-aware,1.0,4.625929269271486e-19,7.216449660063518e-17,7.771561172376096e-16,60,E[Agg(Q_xi)] - Agg(E[Q_xi]),True,"[0.10000000000000012, 0.20000000000000004, 0.29999999999999993, 0.4]","[0.4799984800104797, 0.24000043999544013, 0.16000055999656015, 0.12000051999752008]",state_action_local,1,inf,5,0.05
19,30,Similarity-aware,1.0,-3.0993726104118954e-17,6.985153196599943e-17,6.661338147750939e-16,60,E[Agg(Q_xi)] - Agg(E[Q_xi]),True,"[0.10000000000000012, 0.20000000000000004, 0.29999999999999993, 0.4]","[0.4799984800104797, 0.24000043999544013, 0.16000055999656015, 0.12000051999752008]",state_action_local,1,inf,5,0.05
19,35,Similarity-aware,1.0,2.0354088784794535e-17,1.295260195396016e-16,8.881784197001252e-16,60,E[Agg(Q_xi)] - Agg(E[Q_xi]),True,"[0.10000000000000012, 0.20000000000000004, 0.29999999999999993, 0.4]","[0.4799984800104797, 0.24000043999544013, 0.16000055999656015, 0.12000051999752008]",state_action_local,1,inf,5,0.05
19,40,Similarity-aware,1.0,-1.7578531223231644e-17,9.71445146547012e-17,8.881784197001252e-16,60,E[Agg(Q_xi)] - Agg(E[Q_xi]),True,"[0.10000000000000012, 0.20000000000000004, 0.29999999999999993, 0.4]","[0.4799984800104797, 0.24000043999544013, 0.16000055999656015, 0.12000051999752008]",state_action_local,1,inf,5,0.05
19,45,Similarity-aware,1.0,1.7578531223231644e-17,1.4340380734741606e-16,1.1102230246251565e-15,60,E[Agg(Q_xi)] - Agg(E[Q_xi]),True,"[0.10000000000000012, 0.20000000000000004, 0.29999999999999993, 0.4]","[0.4799984800104797, 0.24000043999544013, 0.16000055999656015, 0.12000051999752008]",state_action_local,1,inf,5,0.05
19,50,Similarity-aware,1.0,2.7755575615628915e-18,1.582067810090848e-16,8.881784197001252e-16,60,E[Agg(Q_xi)] - Agg(E[Q_xi]),True,"[0.10000000000000012, 0.20000000000000004, 0.29999999999999993, 0.4]","[0.4799984800104797, 0.24000043999544013, 0.16000055999656015, 0.12000051999752008]",state_action_local,1,inf,5,0.05
19,55,Similarity-aware,1.0,5.3660779523549233e-17,2.0724163126336256e-16,1.3322676295501878e-15,60,E[Agg(Q_xi)] - Agg(E[Q_xi]),True,"[0.10000000000000012, 0.20000000000000004, 0.29999999999999993, 0.4]","[0.4799984800104797, 0.24000043999544013, 0.16000055999656015, 0.12000051999752008]",state_action_local,1,inf,5,0.05
19,60,Similarity-aware,1.0,3.700743415417188e-17,2.1649348980190552e-16,1.3322676295501878e-15,60,E[Agg(Q_xi)] - Agg(E[Q_xi]),True,"[0.10000000000000012, 0.20000000000000004, 0.29999999999999993, 0.4]","[0.4799984800104797, 0.24000043999544013, 0.16000055999656015, 0.12000051999752008]",state_action_local,1,inf,5,0.05
19,65,Similarity-aware,1.0,9.25185853854297e-18,2.1649348980190552e-16,1.5543122344752192e-15,60,E[Agg(Q_xi)] - Agg(E[Q_xi]),True,"[0.10000000000000012, 0.20000000000000004, 0.29999999999999993, 0.4]","[0.4799984800104797, 0.24000043999544013, 0.16000055999656015, 0.12000051999752008]",state_action_local,1,inf,5,0.05
19,70,Similarity-aware,1.0,4.070817756958907e-17,2.257453483404485e-16,1.7763568394002505e-15,60,E[Agg(Q_xi)] - Agg(E[Q_xi]),True,"[0.10000000000000012, 0.20000000000000004, 0.29999999999999993, 0.4]","[0.4799984800104797, 0.24000043999544013, 0.16000055999656015, 0.12000051999752008]",state_action_local,1,inf,5,0.05
19,75,Similarity-aware,1.0,-4.625929269271486e-17,2.0539125955565397e-16,2.6645352591003757e-15,60,E[Agg(Q_xi)] - Agg(E[Q_xi]),True,"[0.10000000000000012, 0.20000000000000004, 0.29999999999999993, 0.4]","[0.4799984800104797, 0.24000043999544013, 0.16000055999656015, 0.12000051999752008]",state_action_local,1,inf,5,0.05
19,80,Similarity-aware,1.0,-3.14563190310461e-17,2.535009239560774e-16,2.220446049250313e-15,60,E[Agg(Q_xi)] - Agg(E[Q_xi]),True,"[0.10000000000000012, 0.20000000000000004, 0.29999999999999993, 0.4]","[0.4799984800104797, 0.24000043999544013, 0.16000055999656015, 0.12000051999752008]",state_action_local,1,inf,5,0.05
19,85,Similarity-aware,1.0,-9.806970050855549e-17,2.0354088784794536e-16,1.7763568394002505e-15,60,E[Agg(Q_xi)] - Agg(E[Q_xi]),True,"[0.10000000000000012, 0.20000000000000004, 0.29999999999999993, 0.4]","[0.4799984800104797, 0.24000043999544013, 0.16000055999656015, 0.12000051999752008]",state_action_local,1,inf,5,0.05
19,90,Similarity-aware,1.0,-1.1842378929335003e-16,2.55351295663786e-16,1.7763568394002505e-15,60,E[Agg(Q_xi)] - Agg(E[Q_xi]),True,"[0.10000000000000012, 0.20000000000000004, 0.29999999999999993, 0.4]","[0.4799984800104797, 0.24000043999544013, 0.16000055999656015, 0.12000051999752008]",state_action_local,1,inf,5,0.05
19,95,Similarity-aware,1.0,4.070817756958907e-17,3.552713678800501e-16,2.6645352591003757e-15,60,E[Agg(Q_xi)] - Agg(E[Q_xi]),True,"[0.10000000000000012, 0.20000000000000004, 0.29999999999999993, 0.4]","[0.4799984800104797, 0.24000043999544013, 0.16000055999656015, 0.12000051999752008]",state_action_local,1,inf,5,0.05
19,100,Similarity-aware,1.0,-1.1472304587793285e-16,2.7015426932545474e-16,2.6645352591003757e-15,60,E[Agg(Q_xi)] - Agg(E[Q_xi]),True,"[0.10000000000000012, 0.20000000000000004, 0.29999999999999993, 0.4]","[0.4799984800104797, 0.24000043999544013, 0.16000055999656015, 0.12000051999752008]",state_action_local,1,inf,5,0.05
19,105,Similarity-aware,1.0,-1.1102230246251566e-17,3.293661639721298e-16,2.220446049250313e-15,60,E[Agg(Q_xi)] - Agg(E[Q_xi]),True,"[0.10000000000000012, 0.20000000000000004, 0.29999999999999993, 0.4]","[0.4799984800104797, 0.24000043999544013, 0.16000055999656015, 0.12000051999752008]",state_action_local,1,inf,5,0.05
19,110,Similarity-aware,1.0,-1.850371707708594e-17,3.4416913763379854e-16,2.6645352591003757e-15,60,E[Agg(Q_xi)] - Agg(E[Q_xi]),True,"[0.10000000000000012, 0.20000000000000004, 0.29999999999999993, 0.4]","[0.4799984800104797, 0.24000043999544013, 0.16000055999656015, 0.12000051999752008]",state_action_local,1,inf,5,0.05
19,115,Similarity-aware,1.0,1.2212453270876723e-16,4.51490696680897e-16,2.6645352591003757e-15,60,E[Agg(Q_xi)] - Agg(E[Q_xi]),True,"[0.10000000000000012, 0.20000000000000004, 0.29999999999999993, 0.4]","[0.4799984800104797, 0.24000043999544013, 0.16000055999656015, 0.12000051999752008]",state_action_local,1,inf,5,0.05
19,120,Similarity-aware,1.0,3.3306690738754695e-17,4.070817756958907e-16,3.552713678800501e-15,60,E[Agg(Q_xi)] - Agg(E[Q_xi]),True,"[0.10000000000000012, 0.20000000000000004, 0.29999999999999993, 0.4]","[0.4799984800104797, 0.24000043999544013, 0.16000055999656015, 0.12000051999752008]",state_action_local,1,inf,5,0.05
19,125,Similarity-aware,1.0,3.7007434154171884e-18,3.7007434154171886e-16,3.1086244689504383e-15,60,E[Agg(Q_xi)] - Agg(E[Q_xi]),True,"[0.10000000000000012, 0.20000000000000004, 0.29999999999999993, 0.4]","[0.4799984800104797, 0.24000043999544013, 0.16000055999656015, 0.12000051999752008]",state_action_local,1,inf,5,0.05
19,130,Similarity-aware,1.0,8.881784197001253e-17,3.7377508495713604e-16,2.6645352591003757e-15,60,E[Agg(Q_xi)] - Agg(E[Q_xi]),True,"[0.10000000000000012, 0.20000000000000004, 0.29999999999999993, 0.4]","[0.4799984800104797, 0.24000043999544013, 0.16000055999656015, 0.12000051999752008]",state_action_local,1,inf,5,0.05
19,135,Similarity-aware,1.0,-1.258252761241844e-16,3.219646771412954e-16,2.6645352591003757e-15,60,E[Agg(Q_xi)] - Agg(E[Q_xi]),True,"[0.10000000000000012, 0.20000000000000004, 0.29999999999999993, 0.4]","[0.4799984800104797, 0.24000043999544013, 0.16000055999656015, 0.12000051999752008]",state_action_local,1,inf,5,0.05
19,140,Similarity-aware,1.0,-3.700743415417188e-17,4.181840059421423e-16,2.6645352591003757e-15,60,E[Agg(Q_xi)] - Agg(E[Q_xi]),True,"[0.10000000000000012, 0.20000000000000004, 0.29999999999999993, 0.4]","[0.4799984800104797, 0.24000043999544013, 0.16000055999656015, 0.12000051999752008]",state_action_local,1,inf,5,0.05
19,145,Similarity-aware,1.0,1.3692750637043598e-16,4.847973874196516e-16,3.552713678800501e-15,60,E[Agg(Q_xi)] - Agg(E[Q_xi]),True,"[0.10000000000000012, 0.20000000000000004, 0.29999999999999993, 0.4]","[0.4799984800104797, 0.24000043999544013, 0.16000055999656015, 0.12000051999752008]",state_action_local,1,inf,5,0.05
19,150,Similarity-aware,1.0,1.4802973661668753e-16,5.440092820663267e-16,2.6645352591003757e-15,60,E[Agg(Q_xi)] - Agg(E[Q_xi]),True,"[0.10000000000000012, 0.20000000000000004, 0.29999999999999993, 0.4]","[0.4799984800104797, 0.24000043999544013, 0.16000055999656015, 0.12000051999752008]",state_action_local,1,inf,5,0.05
19,155,Similarity-aware,1.0,9.992007221626409e-17,5.477100254817439e-16,3.552713678800501e-15,60,E[Agg(Q_xi)] - Agg(E[Q_xi]),True,"[0.10000000000000012, 0.20000000000000004, 0.29999999999999993, 0.4]","[0.4799984800104797, 0.24000043999544013, 0.16000055999656015, 0.12000051999752008]",state_action_local,1,inf,5,0.05
19,160,Similarity-aware,1.0,-6.661338147750939e-17,4.2928623618839387e-16,3.552713678800501e-15,60,E[Agg(Q_xi)] - Agg(E[Q_xi]),True,"[0.10000000000000012, 0.20000000000000004, 0.29999999999999993, 0.4]","[0.4799984800104797, 0.24000043999544013, 0.16000055999656015, 0.12000051999752008]",state_action_local,1,inf,5,0.05
19,165,Similarity-aware,1.0,2.2204460492503132e-17,5.255055649892408e-16,3.552713678800501e-15,60,E[Agg(Q_xi)] - Agg(E[Q_xi]),True,"[0.10000000000000012, 0.20000000000000004, 0.29999999999999993, 0.4]","[0.4799984800104797, 0.24000043999544013, 0.16000055999656015, 0.12000051999752008]",state_action_local,1,inf,5,0.05
19,170,Similarity-aware,1.0,1.3322676295501878e-16,5.847174596359158e-16,3.552713678800501e-15,60,E[Agg(Q_xi)] - Agg(E[Q_xi]),True,"[0.10000000000000012, 0.20000000000000004, 0.29999999999999993, 0.4]","[0.4799984800104797, 0.24000043999544013, 0.16000055999656015, 0.12000051999752008]",state_action_local,1,inf,5,0.05
19,175,Similarity-aware,1.0,-1.0362081563168128e-16,4.440892098500626e-16,3.552713678800501e-15,60,E[Agg(Q_xi)] - Agg(E[Q_xi]),True,"[0.10000000000000012, 0.20000000000000004, 0.29999999999999993, 0.4]","[0.4799984800104797, 0.24000043999544013, 0.16000055999656015, 0.12000051999752008]",state_action_local,1,inf,5,0.05
19,180,Similarity-aware,1.0,-2.3684757858670006e-16,4.144832625267251e-16,3.552713678800501e-15,60,E[Agg(Q_xi)] - Agg(E[Q_xi]),True,"[0.10000000000000012, 0.20000000000000004, 0.29999999999999993, 0.4]","[0.4799984800104797, 0.24000043999544013, 0.16000055999656015, 0.12000051999752008]",state_action_local,1,inf,5,0.05
19,185,Similarity-aware,1.0,0.0,6.069219201284189e-16,4.440892098500626e-15,60,E[Agg(Q_xi)] - Agg(E[Q_xi]),True,"[0.10000000000000012, 0.20000000000000004, 0.29999999999999993, 0.4]","[0.4799984800104797, 0.24000043999544013, 0.16000055999656015, 0.12000051999752008]",state_action_local,1,inf,5,0.05
19,190,Similarity-aware,1.0,1.1102230246251565e-16,6.957397620984314e-16,5.329070518200751e-15,60,E[Agg(Q_xi)] - Agg(E[Q_xi]),True,"[0.10000000000000012, 0.20000000000000004, 0.29999999999999993, 0.4]","[0.4799984800104797, 0.24000043999544013, 0.16000055999656015, 0.12000051999752008]",state_action_local,1,inf,5,0.05
19,195,Similarity-aware,1.0,1.258252761241844e-16,6.587323279442596e-16,4.440892098500626e-15,60,E[Agg(Q_xi)] - Agg(E[Q_xi]),True,"[0.10000000000000012, 0.20000000000000004, 0.29999999999999993, 0.4]","[0.4799984800104797, 0.24000043999544013, 0.16000055999656015, 0.12000051999752008]",state_action_local,1,inf,5,0.05
19,200,Similarity-aware,1.0,2.590520390792032e-16,7.105427357601002e-16,4.440892098500626e-15,60,E[Agg(Q_xi)] - Agg(E[Q_xi]),True,"[0.10000000000000012, 0.20000000000000004, 0.29999999999999993, 0.4]","[0.4799984800104797, 0.24000043999544013, 0.16000055999656015, 0.12000051999752008]",state_action_local,1,inf,5,0.05
19,205,Similarity-aware,1.0,-6.661338147750939e-17,5.773159728050814e-16,5.329070518200751e-15,60,E[Agg(Q_xi)] - Agg(E[Q_xi]),True,"[0.10000000000000012, 0.20000000000000004, 0.29999999999999993, 0.4]","[0.4799984800104797, 0.24000043999544013, 0.16000055999656015, 0.12000051999752008]",state_action_local,1,inf,5,0.05
19,210,Similarity-aware,1.0,-6.661338147750939e-17,5.329070518200751e-16,4.440892098500626e-15,60,E[Agg(Q_xi)] - Agg(E[Q_xi]),True,"[0.10000000000000012, 0.20000000000000004, 0.29999999999999993, 0.4]","[0.4799984800104797, 0.24000043999544013, 0.16000055999656015, 0.12000051999752008]",state_action_local,1,inf,5,0.05
19,215,Similarity-aware,1.0,-1.3322676295501878e-16,5.329070518200751e-16,3.552713678800501e-15,60,E[Agg(Q_xi)] - Agg(E[Q_xi]),True,"[0.10000000000000012, 0.20000000000000004, 0.29999999999999993, 0.4]","[0.4799984800104797, 0.24000043999544013, 0.16000055999656015, 0.12000051999752008]",state_action_local,1,inf,5,0.05
19,220,Similarity-aware,1.0,-7.401486830834377e-17,6.365278674517564e-16,4.440892098500626e-15,60,E[Agg(Q_xi)] - Agg(E[Q_xi]),True,"[0.10000000000000012, 0.20000000000000004, 0.29999999999999993, 0.4]","[0.4799984800104797, 0.24000043999544013, 0.16000055999656015, 0.12000051999752008]",state_action_local,1,inf,5,0.05
19,225,Similarity-aware,1.0,-5.181040781584064e-17,6.513308411134251e-16,4.440892098500626e-15,60,E[Agg(Q_xi)] - Agg(E[Q_xi]),True,"[0.10000000000000012, 0.20000000000000004, 0.29999999999999993, 0.4]","[0.4799984800104797, 0.24000043999544013, 0.16000055999656015, 0.12000051999752008]",state_action_local,1,inf,5,0.05
19,230,Similarity-aware,1.0,1.4802973661668754e-17,6.365278674517564e-16,5.329070518200751e-15,60,E[Agg(Q_xi)] - Agg(E[Q_xi]),True,"[0.10000000000000012, 0.20000000000000004, 0.29999999999999993, 0.4]","[0.4799984800104797, 0.24000043999544013, 0.16000055999656015, 0.12000051999752008]",state_action_local,1,inf,5,0.05
19,235,Similarity-aware,1.0,-7.401486830834377e-17,6.291263806209221e-16,4.440892098500626e-15,60,E[Agg(Q_xi)] - Agg(E[Q_xi]),True,"[0.10000000000000012, 0.20000000000000004, 0.29999999999999993, 0.4]","[0.4799984800104797, 0.24000043999544013, 0.16000055999656015, 0.12000051999752008]",state_action_local,1,inf,5,0.05
19,240,Similarity-aware,1.0,-2.2204460492503132e-17,6.439293542825908e-16,3.552713678800501e-15,60,E[Agg(Q_xi)] - Agg(E[Q_xi]),True,"[0.10000000000000012, 0.20000000000000004, 0.29999999999999993, 0.4]","[0.4799984800104797, 0.24000043999544013, 0.16000055999656015, 0.12000051999752008]",state_action_local,1,inf,5,0.05
19,245,Similarity-aware,1.0,-4.4408920985006264e-17,5.995204332975846e-16,4.440892098500626e-15,60,E[Agg(Q_xi)] - Agg(E[Q_xi]),True,"[0.10000000000000012, 0.20000000000000004, 0.29999999999999993, 0.4]","[0.4799984800104797, 0.24000043999544013, 0.16000055999656015, 0.12000051999752008]",state_action_local,1,inf,5,0.05
19,250,Similarity-aware,1.0,-3.700743415417188e-17,7.105427357601002e-16,4.440892098500626e-15,60,E[Agg(Q_xi)] - Agg(E[Q_xi]),True,"[0.10000000000000012, 0.20000000000000004, 0.29999999999999993, 0.4]","[0.4799984800104797, 0.24000043999544013, 0.16000055999656015, 0.12000051999752008]",state_action_local,1,inf,5,0.05
19,255,Similarity-aware,1.0,8.881784197001253e-17,7.031412489292658e-16,4.440892098500626e-15,60,E[Agg(Q_xi)] - Agg(E[Q_xi]),True,"[0.10000000000000012, 0.20000000000000004, 0.29999999999999993, 0.4]","[0.4799984800104797, 0.24000043999544013, 0.16000055999656015, 0.12000051999752008]",state_action_local,1,inf,5,0.05
19,260,Similarity-aware,1.0,-4.4408920985006264e-17,6.439293542825908e-16,4.440892098500626e-15,60,E[Agg(Q_xi)] - Agg(E[Q_xi]),True,"[0.10000000000000012, 0.20000000000000004, 0.29999999999999993, 0.4]","[0.4799984800104797, 0.24000043999544013, 0.16000055999656015, 0.12000051999752008]",state_action_local,1,inf,5,0.05
19,265,Similarity-aware,1.0,2.0724163126336256e-16,7.919590908992784e-16,4.440892098500626e-15,60,E[Agg(Q_xi)] - Agg(E[Q_xi]),True,"[0.10000000000000012, 0.20000000000000004, 0.29999999999999993, 0.4]","[0.4799984800104797, 0.24000043999544013, 0.16000055999656015, 0.12000051999752008]",state_action_local,1,inf,5,0.05
19,270,Similarity-aware,1.0,4.4408920985006264e-17,6.587323279442596e-16,5.329070518200751e-15,60,E[Agg(Q_xi)] - Agg(E[Q_xi]),True,"[0.10000000000000012, 0.20000000000000004, 0.29999999999999993, 0.4]","[0.4799984800104797, 0.24000043999544013, 0.16000055999656015, 0.12000051999752008]",state_action_local,1,inf,5,0.05
19,275,Similarity-aware,1.0,1.4802973661668753e-16,8.215650382226159e-16,4.440892098500626e-15,60,E[Agg(Q_xi)] - Agg(E[Q_xi]),True,"[0.10000000000000012, 0.20000000000000004, 0.29999999999999993, 0.4]","[0.4799984800104797, 0.24000043999544013, 0.16000055999656015, 0.12000051999752008]",state_action_local,1,inf,5,0.05
19,280,Similarity-aware,1.0,5.181040781584064e-17,6.957397620984314e-16,5.329070518200751e-15,60,E[Agg(Q_xi)] - Agg(E[Q_xi]),True,"[0.10000000000000012, 0.20000000000000004, 0.29999999999999993, 0.4]","[0.4799984800104797, 0.24000043999544013, 0.16000055999656015, 0.12000051999752008]",state_action_local,1,inf,5,0.05
19,285,Similarity-aware,1.0,2.960594732333751e-17,6.957397620984314e-16,6.217248937900877e-15,60,E[Agg(Q_xi)] - Agg(E[Q_xi]),True,"[0.10000000000000012, 0.20000000000000004, 0.29999999999999993, 0.4]","[0.4799984800104797, 0.24000043999544013, 0.16000055999656015, 0.12000051999752008]",state_action_local,1,inf,5,0.05
19,290,Similarity-aware,1.0,-1.3322676295501878e-16,6.365278674517564e-16,4.440892098500626e-15,60,E[Agg(Q_xi)] - Agg(E[Q_xi]),True,"[0.10000000000000012, 0.20000000000000004, 0.29999999999999993, 0.4]","[0.4799984800104797, 0.24000043999544013, 0.16000055999656015, 0.12000051999752008]",state_action_local,1,inf,5,0.05
19,295,Similarity-aware,1.0,-1.4802973661668753e-16,6.957397620984314e-16,4.440892098500626e-15,60,E[Agg(Q_xi)] - Agg(E[Q_xi]),True,"[0.10000000000000012, 0.20000000000000004, 0.29999999999999993, 0.4]","[0.4799984800104797, 0.24000043999544013, 0.16000055999656015, 0.12000051999752008]",state_action_local,1,inf,5,0.05
19,300,Similarity-aware,1.0,-2.1464311809419693e-16,5.995204332975846e-16,5.329070518200751e-15,60,E[Agg(Q_xi)] - Agg(E[Q_xi]),True,"[0.10000000000000012, 0.20000000000000004, 0.29999999999999993, 0.4]","[0.4799984800104797, 0.24000043999544013, 0.16000055999656015, 0.12000051999752008]",state_action_local,1,inf,5,0.05
19,305,Similarity-aware,1.0,-5.921189464667501e-17,6.883382752675971e-16,4.440892098500626e-15,60,E[Agg(Q_xi)] - Agg(E[Q_xi]),True,"[0.10000000000000012, 0.20000000000000004, 0.29999999999999993, 0.4]","[0.4799984800104797, 0.24000043999544013, 0.16000055999656015, 0.12000051999752008]",state_action_local,1,inf,5,0.05
19,310,Similarity-aware,1.0,-9.62193288008469e-17,7.401486830834377e-16,5.329070518200751e-15,60,E[Agg(Q_xi)] - Agg(E[Q_xi]),True,"[0.10000000000000012, 0.20000000000000004, 0.29999999999999993, 0.4]","[0.4799984800104797, 0.24000043999544013, 0.16000055999656015, 0.12000051999752008]",state_action_local,1,inf,5,0.05
19,315,Similarity-aware,1.0,-3.478698810492157e-16,6.439293542825908e-16,5.329070518200751e-15,60,E[Agg(Q_xi)] - Agg(E[Q_xi]),True,"[0.10000000000000012, 0.20000000000000004, 0.29999999999999993, 0.4]","[0.4799984800104797, 0.24000043999544013, 0.16000055999656015, 0.12000051999752008]",state_action_local,1,inf,5,0.05
19,320,Similarity-aware,1.0,2.590520390792032e-16,9.177843670234628e-16,5.329070518200751e-15,60,E[Agg(Q_xi)] - Agg(E[Q_xi]),True,"[0.10000000000000012, 0.20000000000000004, 0.29999999999999993, 0.4]","[0.4799984800104797, 0.24000043999544013, 0.16000055999656015, 0.12000051999752008]",state_action_local,1,inf,5,0.05
19,325,Similarity-aware,1.0,4.4408920985006264e-17,7.845576040684439e-16,5.329070518200751e-15,60,E[Agg(Q_xi)] - Agg(E[Q_xi]),True,"[0.10000000000000012, 0.20000000000000004, 0.29999999999999993, 0.4]","[0.4799984800104797, 0.24000043999544013, 0.16000055999656015, 0.12000051999752008]",state_action_local,1,inf,5,0.05
19,330,Similarity-aware,1.0,1.9984014443252818e-16,8.363680118842846e-16,6.217248937900877e-15,60,E[Agg(Q_xi)] - Agg(E[Q_xi]),True,"[0.10000000000000012, 0.20000000000000004, 0.29999999999999993, 0.4]","[0.4799984800104797, 0.24000043999544013, 0.16000055999656015, 0.12000051999752008]",state_action_local,1,inf,5,0.05
19,335,Similarity-aware,1.0,6.661338147750939e-17,8.881784197001252e-16,5.329070518200751e-15,60,E[Agg(Q_xi)] - Agg(E[Q_xi]),True,"[0.10000000000000012, 0.20000000000000004, 0.29999999999999993, 0.4]","[0.4799984800104797, 0.24000043999544013, 0.16000055999656015, 0.12000051999752008]",state_action_local,1,inf,5,0.05
19,340,Similarity-aware,1.0,-1.9984014443252818e-16,5.773159728050814e-16,5.329070518200751e-15,60,E[Agg(Q_xi)] - Agg(E[Q_xi]),True,"[0.10000000000000012, 0.20000000000000004, 0.29999999999999993, 0.4]","[0.4799984800104797, 0.24000043999544013, 0.16000055999656015, 0.12000051999752008]",state_action_local,1,inf,5,0.05
19,345,Similarity-aware,1.0,-2.4424906541753446e-16,5.921189464667501e-16,7.105427357601002e-15,60,E[Agg(Q_xi)] - Agg(E[Q_xi]),True,"[0.10000000000000012, 0.20000000000000004, 0.29999999999999993, 0.4]","[0.4799984800104797, 0.24000043999544013, 0.16000055999656015, 0.12000051999752008]",state_action_local,1,inf,5,0.05
19,350,Similarity-aware,1.0,2.0724163126336256e-16,8.733754460384564e-16,5.329070518200751e-15,60,E[Agg(Q_xi)] - Agg(E[Q_xi]),True,"[0.10000000000000012, 0.20000000000000004, 0.29999999999999993, 0.4]","[0.4799984800104797, 0.24000043999544013, 0.16000055999656015, 0.12000051999752008]",state_action_local,1,inf,5,0.05
19,355,Similarity-aware,1.0,1.0362081563168128e-16,9.325873406851315e-16,5.329070518200751e-15,60,E[Agg(Q_xi)] - Agg(E[Q_xi]),True,"[0.10000000000000012, 0.20000000000000004, 0.29999999999999993, 0.4]","[0.4799984800104797, 0.24000043999544013, 0.16000055999656015, 0.12000051999752008]",state_action_local,1,inf,5,0.05
19,360,Similarity-aware,1.0,-5.921189464667501e-17,8.733754460384564e-16,7.105427357601002e-15,60,E[Agg(Q_xi)] - Agg(E[Q_xi]),True,"[0.10000000000000012, 0.20000000000000004, 0.29999999999999993, 0.4]","[0.4799984800104797, 0.24000043999544013, 0.16000055999656015, 0.12000051999752008]",state_action_local,1,inf,5,0.05
19,365,Similarity-aware,1.0,8.881784197001253e-17,8.289665250534502e-16,5.329070518200751e-15,60,E[Agg(Q_xi)] - Agg(E[Q_xi]),True,"[0.10000000000000012, 0.20000000000000004, 0.29999999999999993, 0.4]","[0.4799984800104797, 0.24000043999544013, 0.16000055999656015, 0.12000051999752008]",state_action_local,1,inf,5,0.05
19,370,Similarity-aware,1.0,1.4802973661668753e-16,8.585724723767877e-16,7.105427357601002e-15,60,E[Agg(Q_xi)] - Agg(E[Q_xi]),True,"[0.10000000000000012, 0.20000000000000004, 0.29999999999999993, 0.4]","[0.4799984800104797, 0.24000043999544013, 0.16000055999656015, 0.12000051999752008]",state_action_local,1,inf,5,0.05
19,375,Similarity-aware,1.0,4.4408920985006264e-17,9.02981393361794e-16,7.105427357601002e-15,60,E[Agg(Q_xi)] - Agg(E[Q_xi]),True,"[0.10000000000000012, 0.20000000000000004, 0.29999999999999993, 0.4]","[0.4799984800104797, 0.24000043999544013, 0.16000055999656015, 0.12000051999752008]",state_action_local,1,inf,5,0.05
19,380,Similarity-aware,1.0,8.881784197001253e-17,1.0362081563168128e-15,5.329070518200751e-15,60,E[Agg(Q_xi)] - Agg(E[Q_xi]),True,"[0.10000000000000012, 0.20000000000000004, 0.29999999999999993, 0.4]","[0.4799984800104797, 0.24000043999544013, 0.16000055999656015, 0.12000051999752008]",state_action_local,1,inf,5,0.05
19,385,Similarity-aware,1.0,-3.108624468950438e-16,6.809367884367627e-16,5.329070518200751e-15,60,E[Agg(Q_xi)] - Agg(E[Q_xi]),True,"[0.10000000000000012, 0.20000000000000004, 0.29999999999999993, 0.4]","[0.4799984800104797, 0.24000043999544013, 0.16000055999656015, 0.12000051999752008]",state_action_local,1,inf,5,0.05
19,390,Similarity-aware,1.0,2.960594732333751e-17,8.585724723767877e-16,5.329070518200751e-15,60,E[Agg(Q_xi)] - Agg(E[Q_xi]),True,"[0.10000000000000012, 0.20000000000000004, 0.29999999999999993, 0.4]","[0.4799984800104797, 0.24000043999544013, 0.16000055999656015, 0.12000051999752008]",state_action_local,1,inf,5,0.05
19,395,Similarity-aware,1.0,-1.1842378929335003e-16,8.585724723767877e-16,7.105427357601002e-15,60,E[Agg(Q_xi)] - Agg(E[Q_xi]),True,"[0.10000000000000012, 0.20000000000000004, 0.29999999999999993, 0.4]","[0.4799984800104797, 0.24000043999544013, 0.16000055999656015, 0.12000051999752008]",state_action_local,1,inf,5,0.05
19,400,Similarity-aware,1.0,3.2566542055671256e-16,1.1398289719484941e-15,7.105427357601002e-15,60,E[Agg(Q_xi)] - Agg(E[Q_xi]),True,"[0.10000000000000012, 0.20000000000000004, 0.29999999999999993, 0.4]","[0.4799984800104797, 0.24000043999544013, 0.16000055999656015, 0.12000051999752008]",state_action_local,1,inf,5,0.05
