run_id,source_domain_seed,iteration,method,target_performance,normalized_performance,policy_error_rate,oracle_performance,map_name,discount,stepsize,sync_period,evaluation_type,target_domain,source_randomness,uncertainty_distance,robust_backup_type,source_index,perturb_epsilon,empirical_gamma_l1,mean_local_l1_radius,uniform_weight,similarity_weight
0,2026,0,Maximum-based,0.0,0.0,0.65625,0.4146403617999878,8x8,0.99,0.5,5,exact,fixed,perturbation_seed,support_restricted_tv_l1,exact_support_restricted_l1,,,,,,
0,2026,5,Maximum-based,0.0,0.0,0.640625,0.4146403617999878,8x8,0.99,0.5,5,exact,fixed,perturbation_seed,support_restricted_tv_l1,exact_support_restricted_l1,,,,,,
0,2026,10,Maximum-based,-1.1555105782886719e-18,-2.7867778555674265e-18,0.546875,0.4146403617999878,8x8,0.99,0.5,5,exact,fixed,perturbation_seed,support_restricted_tv_l1,exact_support_restricted_l1,,,,,,
0,2026,15,Maximum-based,0.05175526779888055,0.12481965714627175,0.5,0.4146403617999878,8x8,0.99,0.5,5,exact,fixed,perturbation_seed,support_restricted_tv_l1,exact_support_restricted_l1,,,,,,
0,2026,20,Maximum-based,0.17253017525098,0.4160959499987226,0.40625,0.4146403617999878,8x8,0.99,0.5,5,exact,fixed,perturbation_seed,support_restricted_tv_l1,exact_support_restricted_l1,,,,,,
0,2026,25,Maximum-based,0.2032612002882974,0.49021084056053743,0.375,0.4146403617999878,8x8,0.99,0.5,5,exact,fixed,perturbation_seed,support_restricted_tv_l1,exact_support_restricted_l1,,,,,,
0,2026,30,Maximum-based,0.27108889166974776,0.6537928205853589,0.34375,0.4146403617999878,8x8,0.99,0.5,5,exact,fixed,perturbation_seed,support_restricted_tv_l1,exact_support_restricted_l1,,,,,,
0,2026,35,Maximum-based,0.27871388777346084,0.6721822414092564,0.3125,0.4146403617999878,8x8,0.99,0.5,5,exact,fixed,perturbation_seed,support_restricted_tv_l1,exact_support_restricted_l1,,,,,,
0,2026,40,Maximum-based,0.3013056132396612,0.726667350789655,0.28125,0.4146403617999878,8x8,0.99,0.5,5,exact,fixed,perturbation_seed,support_restricted_tv_l1,exact_support_restricted_l1,,,,,,
0,2026,45,Maximum-based,0.3182153463342715,0.767449036926537,0.265625,0.4146403617999878,8x8,0.99,0.5,5,exact,fixed,perturbation_seed,support_restricted_tv_l1,exact_support_restricted_l1,,,,,,
0,2026,50,Maximum-based,0.3434761110635519,0.8283711445082045,0.234375,0.4146403617999878,8x8,0.99,0.5,5,exact,fixed,perturbation_seed,support_restricted_tv_l1,exact_support_restricted_l1,,,,,,
0,2026,55,Maximum-based,0.3770259413368079,0.9092842281443788,0.203125,0.4146403617999878,8x8,0.99,0.5,5,exact,fixed,perturbation_seed,support_restricted_tv_l1,exact_support_restricted_l1,,,,,,
0,2026,60,Maximum-based,0.37788847216727756,0.9113644183765245,0.1875,0.4146403617999878,8x8,0.99,0.5,5,exact,fixed,perturbation_seed,support_restricted_tv_l1,exact_support_restricted_l1,,,,,,
0,2026,65,Maximum-based,0.37788847216727756,0.9113644183765245,0.1875,0.4146403617999878,8x8,0.99,0.5,5,exact,fixed,perturbation_seed,support_restricted_tv_l1,exact_support_restricted_l1,,,,,,
0,2026,70,Maximum-based,0.37788847216727756,0.9113644183765245,0.1875,0.4146403617999878,8x8,0.99,0.5,5,exact,fixed,perturbation_seed,support_restricted_tv_l1,exact_support_restricted_l1,,,,,,
0,2026,75,Maximum-based,0.37788847216727756,0.9113644183765245,0.1875,0.4146403617999878,8x8,0.99,0.5,5,exact,fixed,perturbation_seed,support_restricted_tv_l1,exact_support_restricted_l1,,,,,,
0,2026,80,Maximum-based,0.37805093093922487,0.9117562248356016,0.171875,0.4146403617999878,8x8,0.99,0.5,5,exact,fixed,perturbation_seed,support_restricted_tv_l1,exact_support_restricted_l1,,,,,,
0,2026,85,Maximum-based,0.3990729602449843,0.9624556531654946,0.15625,0.4146403617999878,8x8,0.99,0.5,5,exact,fixed,perturbation_seed,support_restricted_tv_l1,exact_support_restricted_l1,,,,,,
0,2026,90,Maximum-based,0.3990729602449843,0.9624556531654946,0.15625,0.4146403617999878,8x8,0.99,0.5,5,exact,fixed,perturbation_seed,support_restricted_tv_l1,exact_support_restricted_l1,,,,,,
0,2026,95,Maximum-based,0.3990729602449843,0.9624556531654946,0.15625,0.4146403617999878,8x8,0.99,0.5,5,exact,fixed,perturbation_seed,support_restricted_tv_l1,exact_support_restricted_l1,,,,,,
0,2026,100,Maximum-based,0.4101693815576843,0.9892172092873578,0.140625,0.4146403617999878,8x8,0.99,0.5,5,exact,fixed,perturbation_seed,support_restricted_tv_l1,exact_support_restricted_l1,,,,,,
0,2026,105,Maximum-based,0.4101693815576843,0.9892172092873578,0.140625,0.4146403617999878,8x8,0.99,0.5,5,exact,fixed,perturbation_seed,support_restricted_tv_l1,exact_support_restricted_l1,,,,,,
0,2026,110,Maximum-based,0.4101693815576843,0.9892172092873578,0.140625,0.4146403617999878,8x8,0.99,0.5,5,exact,fixed,perturbation_seed,support_restricted_tv_l1,exact_support_restricted_l1,,,,,,
0,2026,115,Maximum-based,0.4101693815576843,0.9892172092873578,0.140625,0.4146403617999878,8x8,0.99,0.5,5,exact,fixed,perturbation_seed,support_restricted_tv_l1,exact_support_restricted_l1,,,,,,
0,2026,120,Maximum-based,0.4101693815576843,0.9892172092873578,0.140625,0.4146403617999878,8x8,0.99,0.5,5,exact,fixed,perturbation_seed,support_restricted_tv_l1,exact_support_restricted_l1,,,,,,
0,2026,125,Maximum-based,0.4101693815576843,0.9892172092873578,0.140625,0.4146403617999878,8x8,0.99,0.5,5,exact,fixed,perturbation_seed,support_restricted_tv_l1,exact_support_restricted_l1,,,,,,
0,2026,130,Maximum-based,0.4101693815576843,0.9892172092873578,0.140625,0.4146403617999878,8x8,0.99,0.5,5,exact,fixed,perturbation_seed,support_restricted_tv_l1,exact_support_restricted_l1,,,,,,
0,2026,135,Maximum-based,0.4101693815576843,0.9892172092873578,0.140625,0.4146403617999878,8x8,0.99,0.5,5,exact,fixed,perturbation_seed,support_restricted_tv_l1,exact_support_restricted_l1,,,,,,
0,2026,140,Maximum-based,0.4101693815576843,0.9892172092873578,0.140625,0.4146403617999878,8x8,0.99,0.5,5,exact,fixed,perturbation_seed,support_restricted_tv_l1,exact_support_restricted_l1,,,,,,
0,2026,145,Maximum-based,0.4101693815576843,0.9892172092873578,0.140625,0.4146403617999878,8x8,0.99,0.5,5,exact,fixed,perturbation_seed,support_restricted_tv_l1,exact_support_restricted_l1,,,,,,
0,2026,150,Maximum-based,0.4101693815576843,0.9892172092873578,0.140625,0.4146403617999878,8x8,0.99,0.5,5,exact,fixed,perturbation_seed,support_restricted_tv_l1,exact_support_restricted_l1,,,,,,
0,2026,155,Maximum-based,0.4101693815576843,0.9892172092873578,0.125,0.4146403617999878,8x8,0.99,0.5,5,exact,fixed,perturbation_seed,support_restricted_tv_l1,exact_support_restricted_l1,,,,,,
0,2026,160,Maximum-based,0.4101693815576843,0.9892172092873578,0.125,0.4146403617999878,8x8,0.99,0.5,5,exact,fixed,perturbation_seed,support_restricted_tv_l1,exact_support_restricted_l1,,,,,,
0,2026,165,Maximum-based,0.4101693815576843,0.9892172092873578,0.125,0.4146403617999878,8x8,0.99,0.5,5,exact,fixed,perturbation_seed,support_restricted_tv_l1,exact_support_restricted_l1,,,,,,
0,2026,170,Maximum-based,0.4101693815576843,0.9892172092873578,0.125,0.4146403617999878,8x8,0.99,0.5,5,exact,fixed,perturbation_seed,support_restricted_tv_l1,exact_support_restricted_l1,,,,,,
0,2026,175,Maximum-based,0.4101693815576843,0.9892172092873578,0.125,0.4146403617999878,8x8,0.99,0.5,5,exact,fixed,perturbation_seed,support_restricted_tv_l1,exact_support_restricted_l1,,,,,,
0,2026,180,Maximum-based,0.4101693815576843,0.9892172092873578,0.125,0.4146403617999878,8x8,0.99,0.5,5,exact,fixed,perturbation_seed,support_restricted_tv_l1,exact_support_restricted_l1,,,,,,
0,2026,185,Maximum-based,0.4101693815576843,0.9892172092873578,0.125,0.4146403617999878,8x8,0.99,0.5,5,exact,fixed,perturbation_seed,support_restricted_tv_l1,exact_support_restricted_l1,,,,,,
0,2026,190,Maximum-based,0.4101693815576843,0.9892172092873578,0.125,0.4146403617999878,8x8,0.99,0.5,5,exact,fixed,perturbation_seed,support_restricted_tv_l1,exact_support_restricted_l1,,,,,,
0,2026,195,Maximum-based,0.4101693815576843,0.9892172092873578,0.125,0.4146403617999878,8x8,0.99,0.5,5,exact,fixed,perturbation_seed,support_restricted_tv_l1,exact_support_restricted_l1,,,,,,
0,2026,200,Maximum-based,0.4101693815576843,0.9892172092873578,0.125,0.4146403617999878,8x8,0.99,0.5,5,exact,fixed,perturbation_seed,support_restricted_tv_l1,exact_support_restricted_l1,,,,,,
0,2026,205,Maximum-based,0.4101693815576843,0.9892172092873578,0.125,0.4146403617999878,8x8,0.99,0.5,5,exact,fixed,perturbation_seed,support_restricted_tv_l1,exact_support_restricted_l1,,,,,,
0,2026,210,Maximum-based,0.4101693815576843,0.9892172092873578,0.125,0.4146403617999878,8x8,0.99,0.5,5,exact,fixed,perturbation_seed,support_restricted_tv_l1,exact_support_restricted_l1,,,,,,
0,2026,215,Maximum-based,0.4101693815576843,0.9892172092873578,0.125,0.4146403617999878,8x8,0.99,0.5,5,exact,fixed,perturbation_seed,support_restricted_tv_l1,exact_support_restricted_l1,,,,,,
0,2026,220,Maximum-based,0.4101693815576843,0.9892172092873578,0.125,0.4146403617999878,8x8,0.99,0.5,5,exact,fixed,perturbation_seed,support_restricted_tv_l1,exact_support_restricted_l1,,,,,,
0,2026,225,Maximum-based,0.4101168265255779,0.989090460815795,0.140625,0.4146403617999878,8x8,0.99,0.5,5,exact,fixed,perturbation_seed,support_restricted_tv_l1,exact_support_restricted_l1,,,,,,
0,2026,230,Maximum-based,0.4101168265255779,0.989090460815795,0.140625,0.4146403617999878,8x8,0.99,0.5,5,exact,fixed,perturbation_seed,support_restricted_tv_l1,exact_support_restricted_l1,,,,,,
0,2026,235,Maximum-based,0.4101168265255779,0.989090460815795,0.140625,0.4146403617999878,8x8,0.99,0.5,5,exact,fixed,perturbation_seed,support_restricted_tv_l1,exact_support_restricted_l1,,,,,,
0,2026,240,Maximum-based,0.4101168265255779,0.989090460815795,0.140625,0.4146403617999878,8x8,0.99,0.5,5,exact,fixed,perturbation_seed,support_restricted_tv_l1,exact_support_restricted_l1,,,,,,
0,2026,245,Maximum-based,0.4101168265255779,0.989090460815795,0.140625,0.4146403617999878,8x8,0.99,0.5,5,exact,fixed,perturbation_seed,support_restricted_tv_l1,exact_support_restricted_l1,,,,,,
0,2026,250,Maximum-based,0.4101168265255779,0.989090460815795,0.140625,0.4146403617999878,8x8,0.99,0.5,5,exact,fixed,perturbation_seed,support_restricted_tv_l1,exact_support_restricted_l1,,,,,,
0,2026,255,Maximum-based,0.4101168265255779,0.989090460815795,0.140625,0.4146403617999878,8x8,0.99,0.5,5,exact,fixed,perturbation_seed,support_restricted_tv_l1,exact_support_restricted_l1,,,,,,
0,2026,260,Maximum-based,0.4101168265255779,0.989090460815795,0.140625,0.4146403617999878,8x8,0.99,0.5,5,exact,fixed,perturbation_seed,support_restricted_tv_l1,exact_support_restricted_l1,,,,,,
0,2026,265,Maximum-based,0.4101168265255779,0.989090460815795,0.140625,0.4146403617999878,8x8,0.99,0.5,5,exact,fixed,perturbation_seed,support_restricted_tv_l1,exact_support_restricted_l1,,,,,,
0,2026,270,Maximum-based,0.4101168265255779,0.989090460815795,0.140625,0.4146403617999878,8x8,0.99,0.5,5,exact,fixed,perturbation_seed,support_restricted_tv_l1,exact_support_restricted_l1,,,,,,
0,2026,275,Maximum-based,0.4101168265255779,0.989090460815795,0.140625,0.4146403617999878,8x8,0.99,0.5,5,exact,fixed,perturbation_seed,support_restricted_tv_l1,exact_support_restricted_l1,,,,,,
0,2026,280,Maximum-based,0.4101168265255779,0.989090460815795,0.140625,0.4146403617999878,8x8,0.99,0.5,5,exact,fixed,perturbation_seed,support_restricted_tv_l1,exact_support_restricted_l1,,,,,,
0,2026,285,Maximum-based,0.4101168265255779,0.989090460815795,0.140625,0.4146403617999878,8x8,0.99,0.5,5,exact,fixed,perturbation_seed,support_restricted_tv_l1,exact_support_restricted_l1,,,,,,
0,2026,290,Maximum-based,0.4101168265255779,0.989090460815795,0.140625,0.4146403617999878,8x8,0.99,0.5,5,exact,fixed,perturbation_seed,support_restricted_tv_l1,exact_support_restricted_l1,,,,,,
0,2026,295,Maximum-based,0.4101168265255779,0.989090460815795,0.125,0.4146403617999878,8x8,0.99,0.5,5,exact,fixed,perturbation_seed,support_restricted_tv_l1,exact_support_restricted_l1,,,,,,
0,2026,300,Maximum-based,0.4101168265255779,0.989090460815795,0.125,0.4146403617999878,8x8,0.99,0.5,5,exact,fixed,perturbation_seed,support_restricted_tv_l1,exact_support_restricted_l1,,,,,,
0,2026,305,Maximum-based,0.41013202199639354,0.9891271081666454,0.109375,0.4146403617999878,8x8,0.99,0.5,5,exact,fixed,perturbation_seed,support_restricted_tv_l1,exact_support_restricted_l1,,,,,,
0,2026,310,Maximum-based,0.41013202199639354,0.9891271081666454,0.109375,0.4146403617999878,8x8,0.99,0.5,5,exact,fixed,perturbation_seed,support_restricted_tv_l1,exact_support_restricted_l1,,,,,,
0,2026,315,Maximum-based,0.41013202199639354,0.9891271081666454,0.109375,0.4146403617999878,8x8,0.99,0.5,5,exact,fixed,perturbation_seed,support_restricted_tv_l1,exact_support_restricted_l1,,,,,,
0,2026,320,Maximum-based,0.41013202199639354,0.9891271081666454,0.109375,0.4146403617999878,8x8,0.99,0.5,5,exact,fixed,perturbation_seed,support_restricted_tv_l1,exact_support_restricted_l1,,,,,,
0,2026,325,Maximum-based,0.41013202199639354,0.9891271081666454,0.109375,0.4146403617999878,8x8,0.99,0.5,5,exact,fixed,perturbation_seed,support_restricted_tv_l1,exact_support_restricted_l1,,,,,,
0,2026,330,Maximum-based,0.41013202199639354,0.9891271081666454,0.109375,0.4146403617999878,8x8,0.99,0.5,5,exact,fixed,perturbation_seed,support_restricted_tv_l1,exact_support_restricted_l1,,,,,,
0,2026,335,Maximum-based,0.41013202199639354,0.9891271081666454,0.109375,0.4146403617999878,8x8,0.99,0.5,5,exact,fixed,perturbation_seed,support_restricted_tv_l1,exact_support_restricted_l1,,,,,,
0,2026,340,Maximum-based,0.41013202199639354,0.9891271081666454,0.109375,0.4146403617999878,8x8,0.99,0.5,5,exact,fixed,perturbation_seed,support_restricted_tv_l1,exact_support_restricted_l1,,,,,,
0,2026,345,Maximum-based,0.41013202199639354,0.9891271081666454,0.109375,0.4146403617999878,8x8,0.99,0.5,5,exact,fixed,perturbation_seed,support_restricted_tv_l1,exact_support_restricted_l1,,,,,,
0,2026,350,Maximum-based,0.41013202199639354,0.9891271081666454,0.109375,0.4146403617999878,8x8,0.99,0.5,5,exact,fixed,perturbation_seed,support_restricted_tv_l1,exact_support_restricted_l1,,,,,,
0,2026,355,Maximum-based,0.41013202199639354,0.9891271081666454,0.109375,0.4146403617999878,8x8,0.99,0.5,5,exact,fixed,perturbation_seed,support_restricted_tv_l1,exact_support_restricted_l1,,,,,,
0,2026,360,Maximum-based,0.41013202199639354,0.9891271081666454,0.109375,0.4146403617999878,8x8,0.99,0.5,5,exact,fixed,perturbation_seed,support_restricted_tv_l1,exact_support_restricted_l1,,,,,,
0,2026,365,Maximum-based,0.41013202199639354,0.9891271081666454,0.109375,0.4146403617999878,8x8,0.99,0.5,5,exact,fixed,perturbation_seed,support_restricted_tv_l1,exact_support_restricted_l1,,,,,,
0,2026,370,Maximum-based,0.41013202199639354,0.9891271081666454,0.109375,0.4146403617999878,8x8,0.99,0.5,5,exact,fixed,perturbation_seed,support_restricted_tv_l1,exact_support_restricted_l1,,,,,,
0,2026,375,Maximum-based,0.41013202199639354,0.9891271081666454,0.109375,0.4146403617999878,8x8,0.99,0.5,5,exact,fixed,perturbation_seed,support_restricted_tv_l1,exact_support_restricted_l1,,,,,,
0,2026,380,Maximum-based,0.41013202199639354,0.9891271081666454,0.109375,0.4146403617999878,8x8,0.99,0.5,5,exact,fixed,perturbation_seed,support_restricted_tv_l1,exact_support_restricted_l1,,,,,,
0,2026,385,Maximum-based,0.41013202199639354,0.9891271081666454,0.109375,0.4146403617999878,8x8,0.99,0.5,5,exact,fixed,perturbation_seed,support_restricted_tv_l1,exact_support_restricted_l1,,,,,,
0,2026,390,Maximum-based,0.41013202199639354,0.9891271081666454,0.109375,0.4146403617999878,8x8,0.99,0.5,5,exact,fixed,perturbation_seed,support_restricted_tv_l1,exact_support_restricted_l1,,,,,,
0,2026,395,Maximum-based,0.41013202199639354,0.9891271081666454,0.109375,0.4146403617999878,8x8,0.99,0.5,5,exact,fixed,perturbation_seed,support_restricted_tv_l1,exact_support_restricted_l1,,,,,,
0,2026,400,Maximum-based,0.41013202199639354,0.9891271081666454,0.109375,0.4146403617999878,8x8,0.99,0.5,5,exact,fixed,perturbation_seed,support_restricted_tv_l1,exact_support_restricted_l1,,,,,,
0,2026,405,Maximum-based,0.41013202199639354,0.9891271081666454,0.109375,0.4146403617999878,8x8,0.99,0.5,5,exact,fixed,perturbation_seed,support_restricted_tv_l1,exact_support_restricted_l1,,,,,,
0,2026,410,Maximum-based,0.41013202199639354,0.9891271081666454,0.109375,0.4146403617999878,8x8,0.99,0.5,5,exact,fixed,perturbation_seed,support_restricted_tv_l1,exact_support_restricted_l1,,,,,,
0,2026,415,Maximum-based,0.41013202199639354,0.9891271081666454,0.109375,0.4146403617999878,8x8,0.99,0.5,5,exact,fixed,perturbation_seed,support_restricted_tv_l1,exact_support_restricted_l1,,,,,,
0,2026,420,Maximum-based,0.41013202199639354,0.9891271081666454,0.109375,0.4146403617999878,8x8,0.99,0.5,5,exact,fixed,perturbation_seed,support_restricted_tv_l1,exact_support_restricted_l1,,,,,,
0,2026,425,Maximum-based,0.41013202199639354,0.9891271081666454,0.109375,0.4146403617999878,8x8,0.99,0.5,5,exact,fixed,perturbation_seed,support_restricted_tv_l1,exact_support_restricted_l1,,,,,,
0,2026,430,Maximum-based,0.41013202199639354,0.9891271081666454,0.109375,0.4146403617999878,8x8,0.99,0.5,5,exact,fixed,perturbation_seed,support_restricted_tv_l1,exact_support_restricted_l1,,,,,,
0,2026,435,Maximum-based,0.41013202199639354,0.9891271081666454,0.109375,0.4146403617999878,8x8,0.99,0.5,5,exact,fixed,perturbation_seed,support_restricted_tv_l1,exact_support_restricted_l1,,,,,,
0,2026,440,Maximum-based,0.41013202199639354,0.9891271081666454,0.109375,0.4146403617999878,8x8,0.99,0.5,5,exact,fixed,perturbation_seed,support_restricted_tv_l1,exact_support_restricted_l1,,,,,,
0,2026,445,Maximum-based,0.41013202199639354,0.9891271081666454,0.109375,0.4146403617999878,8x8,0.99,0.5,5,exact,fixed,perturbation_seed,support_restricted_tv_l1,exact_support_restricted_l1,,,,,,
0,2026,450,Maximum-based,0.41013202199639354,0.9891271081666454,0.109375,0.4146403617999878,8x8,0.99,0.5,5,exact,fixed,perturbation_seed,support_restricted_tv_l1,exact_support_restricted_l1,,,,,,
0,2026,455,Maximum-based,0.41013202199639354,0.9891271081666454,0.109375,0.4146403617999878,8x8,0.99,0.5,5,exact,fixed,perturbation_seed,support_restricted_tv_l1,exact_support_restricted_l1,,,,,,
0,2026,460,Maximum-based,0.41013202199639354,0.9891271081666454,0.109375,0.4146403617999878,8x8,0.99,0.5,5,exact,fixed,perturbation_seed,support_restricted_tv_l1,exact_support_restricted_l1,,,,,,
0,2026,465,Maximum-based,0.41013202199639354,0.9891271081666454,0.109375,0.4146403617999878,8x8,0.99,0.5,5,exact,fixed,perturbation_seed,support_restricted_tv_l1,exact_support_restricted_l1,,,,,,
0,2026,470,Maximum-based,0.41013202199639354,0.9891271081666454,0.109375,0.4146403617999878,8x8,0.99,0.5,5,exact,fixed,perturbation_seed,support_restricted_tv_l1,exact_support_restricted_l1,,,,,,
0,2026,475,Maximum-based,0.41013202199639354,0.9891271081666454,0.109375,0.4146403617999878,8x8,0.99,0.5,5,exact,fixed,perturbation_seed,support_restricted_tv_l1,exact_support_restricted_l1,,,,,,
0,2026,480,Maximum-based,0.41013202199639354,0.9891271081666454,0.109375,0.4146403617999878,8x8,0.99,0.5,5,exact,fixed,perturbation_seed,support_restricted_tv_l1,exact_support_restricted_l1,,,,,,
0,2026,485,Maximum-based,0.41013202199639354,0.9891271081666454,0.109375,0.4146403617999878,8x8,0.99,0.5,5,exact,fixed,perturbation_seed,support_restricted_tv_l1,exact_support_restricted_l1,,,,,,
0,2026,490,Maximum-based,0.41013202199639354,0.9891271081666454,0.109375,0.4146403617999878,8x8,0.99,0.5,5,exact,fixed,perturbation_seed,support_restricted_tv_l1,exact_support_restricted_l1,,,,,,
0,2026,495,Maximum-based,0.41013202199639354,0.9891271081666454,0.109375,0.4146403617999878,8x8,0.99,0.5,5,exact,fixed,perturbation_seed,support_restricted_tv_l1,exact_support_restricted_l1,,,,,,
0,2026,500,Maximum-based,0.41013202199639354,0.9891271081666454,0.109375,0.4146403617999878,8x8,0.99,0.5,5,exact,fixed,perturbation_seed,support_restricted_tv_l1,exact_support_restricted_l1,,,,,,
0,2026,0,Similarity-aware,0.0,0.0,0.65625,0.4146403617999878,8x8,0.99,0.5,5,exact,fixed,perturbation_seed,support_restricted_tv_l1,exact_support_restricted_l1,,,,,,
0,2026,5,Similarity-aware,0.0,0.0,0.59375,0.4146403617999878,8x8,0.99,0.5,5,exact,fixed,perturbation_seed,support_restricted_tv_l1,exact_support_restricted_l1,,,,,,
0,2026,10,Similarity-aware,-1.9073841886554324e-19,-4.600092910336373e-19,0.484375,0.4146403617999878,8x8,0.99,0.5,5,exact,fixed,perturbation_seed,support_restricted_tv_l1,exact_support_restricted_l1,,,,,,
0,2026,15,Similarity-aware,0.11456179049273493,0.27629194127511564,0.4375,0.4146403617999878,8x8,0.99,0.5,5,exact,fixed,perturbation_seed,support_restricted_tv_l1,exact_support_restricted_l1,,,,,,
0,2026,20,Similarity-aware,0.12007216673725188,0.2895814730047233,0.421875,0.4146403617999878,8x8,0.99,0.5,5,exact,fixed,perturbation_seed,support_restricted_tv_l1,exact_support_restricted_l1,,,,,,
0,2026,25,Similarity-aware,0.17386821228974075,0.4193229321307858,0.390625,0.4146403617999878,8x8,0.99,0.5,5,exact,fixed,perturbation_seed,support_restricted_tv_l1,exact_support_restricted_l1,,,,,,
0,2026,30,Similarity-aware,0.20749964831235346,0.5004328266828161,0.3125,0.4146403617999878,8x8,0.99,0.5,5,exact,fixed,perturbation_seed,support_restricted_tv_l1,exact_support_restricted_l1,,,,,,
0,2026,35,Similarity-aware,0.2150747063840912,0.5187018105290915,0.3125,0.4146403617999878,8x8,0.99,0.5,5,exact,fixed,perturbation_seed,support_restricted_tv_l1,exact_support_restricted_l1,,,,,,
0,2026,40,Similarity-aware,0.255811031917105,0.6169467699830483,0.28125,0.4146403617999878,8x8,0.99,0.5,5,exact,fixed,perturbation_seed,support_restricted_tv_l1,exact_support_restricted_l1,,,,,,
0,2026,45,Similarity-aware,0.26079648289479024,0.6289703244581674,0.265625,0.4146403617999878,8x8,0.99,0.5,5,exact,fixed,perturbation_seed,support_restricted_tv_l1,exact_support_restricted_l1,,,,,,
0,2026,50,Similarity-aware,0.2663261990071843,0.6423064986993559,0.25,0.4146403617999878,8x8,0.99,0.5,5,exact,fixed,perturbation_seed,support_restricted_tv_l1,exact_support_restricted_l1,,,,,,
0,2026,55,Similarity-aware,0.2835571383486893,0.6838628471134467,0.234375,0.4146403617999878,8x8,0.99,0.5,5,exact,fixed,perturbation_seed,support_restricted_tv_l1,exact_support_restricted_l1,,,,,,
0,2026,60,Similarity-aware,0.2866359008688529,0.6912879865928704,0.21875,0.4146403617999878,8x8,0.99,0.5,5,exact,fixed,perturbation_seed,support_restricted_tv_l1,exact_support_restricted_l1,,,,,,
0,2026,65,Similarity-aware,0.28663590086885304,0.6912879865928707,0.21875,0.4146403617999878,8x8,0.99,0.5,5,exact,fixed,perturbation_seed,support_restricted_tv_l1,exact_support_restricted_l1,,,,,,
0,2026,70,Similarity-aware,0.28663590086885304,0.6912879865928707,0.21875,0.4146403617999878,8x8,0.99,0.5,5,exact,fixed,perturbation_seed,support_restricted_tv_l1,exact_support_restricted_l1,,,,,,
0,2026,75,Similarity-aware,0.28663590086885304,0.6912879865928707,0.21875,0.4146403617999878,8x8,0.99,0.5,5,exact,fixed,perturbation_seed,support_restricted_tv_l1,exact_support_restricted_l1,,,,,,
0,2026,80,Similarity-aware,0.3043789094629302,0.7340793070447759,0.1875,0.4146403617999878,8x8,0.99,0.5,5,exact,fixed,perturbation_seed,support_restricted_tv_l1,exact_support_restricted_l1,,,,,,
0,2026,85,Similarity-aware,0.3043789094629302,0.7340793070447759,0.1875,0.4146403617999878,8x8,0.99,0.5,5,exact,fixed,perturbation_seed,support_restricted_tv_l1,exact_support_restricted_l1,,,,,,
0,2026,90,Similarity-aware,0.3043789094629302,0.7340793070447759,0.1875,0.4146403617999878,8x8,0.99,0.5,5,exact,fixed,perturbation_seed,support_restricted_tv_l1,exact_support_restricted_l1,,,,,,
0,2026,95,Similarity-aware,0.3043789094629302,0.7340793070447759,0.1875,0.4146403617999878,8x8,0.99,0.5,5,exact,fixed,perturbation_seed,support_restricted_tv_l1,exact_support_restricted_l1,,,,,,
0,2026,100,Similarity-aware,0.3608890823540966,0.8703665045714496,0.171875,0.4146403617999878,8x8,0.99,0.5,5,exact,fixed,perturbation_seed,support_restricted_tv_l1,exact_support_restricted_l1,,,,,,
0,2026,105,Similarity-aware,0.3608890823540966,0.8703665045714496,0.171875,0.4146403617999878,8x8,0.99,0.5,5,exact,fixed,perturbation_seed,support_restricted_tv_l1,exact_support_restricted_l1,,,,,,
0,2026,110,Similarity-aware,0.3608890823540966,0.8703665045714496,0.171875,0.4146403617999878,8x8,0.99,0.5,5,exact,fixed,perturbation_seed,support_restricted_tv_l1,exact_support_restricted_l1,,,,,,
0,2026,115,Similarity-aware,0.3608890823540966,0.8703665045714496,0.171875,0.4146403617999878,8x8,0.99,0.5,5,exact,fixed,perturbation_seed,support_restricted_tv_l1,exact_support_restricted_l1,,,,,,
0,2026,120,Similarity-aware,0.37341246789265997,0.9005695110616965,0.15625,0.4146403617999878,8x8,0.99,0.5,5,exact,fixed,perturbation_seed,support_restricted_tv_l1,exact_support_restricted_l1,,,,,,
0,2026,125,Similarity-aware,0.37341246789265997,0.9005695110616965,0.15625,0.4146403617999878,8x8,0.99,0.5,5,exact,fixed,perturbation_seed,support_restricted_tv_l1,exact_support_restricted_l1,,,,,,
0,2026,130,Similarity-aware,0.37341246789265997,0.9005695110616965,0.15625,0.4146403617999878,8x8,0.99,0.5,5,exact,fixed,perturbation_seed,support_restricted_tv_l1,exact_support_restricted_l1,,,,,,
0,2026,135,Similarity-aware,0.37341246789265997,0.9005695110616965,0.15625,0.4146403617999878,8x8,0.99,0.5,5,exact,fixed,perturbation_seed,support_restricted_tv_l1,exact_support_restricted_l1,,,,,,
0,2026,140,Similarity-aware,0.37341246789265997,0.9005695110616965,0.15625,0.4146403617999878,8x8,0.99,0.5,5,exact,fixed,perturbation_seed,support_restricted_tv_l1,exact_support_restricted_l1,,,,,,
0,2026,145,Similarity-aware,0.37341246789265997,0.9005695110616965,0.15625,0.4146403617999878,8x8,0.99,0.5,5,exact,fixed,perturbation_seed,support_restricted_tv_l1,exact_support_restricted_l1,,,,,,
0,2026,150,Similarity-aware,0.4069860630060933,0.9815399090414967,0.140625,0.4146403617999878,8x8,0.99,0.5,5,exact,fixed,perturbation_seed,support_restricted_tv_l1,exact_support_restricted_l1,,,,,,
0,2026,155,Similarity-aware,0.4069860630060933,0.9815399090414967,0.140625,0.4146403617999878,8x8,0.99,0.5,5,exact,fixed,perturbation_seed,support_restricted_tv_l1,exact_support_restricted_l1,,,,,,
0,2026,160,Similarity-aware,0.4069860630060933,0.9815399090414967,0.140625,0.4146403617999878,8x8,0.99,0.5,5,exact,fixed,perturbation_seed,support_restricted_tv_l1,exact_support_restricted_l1,,,,,,
0,2026,165,Similarity-aware,0.4069860630060933,0.9815399090414967,0.140625,0.4146403617999878,8x8,0.99,0.5,5,exact,fixed,perturbation_seed,support_restricted_tv_l1,exact_support_restricted_l1,,,,,,
0,2026,170,Similarity-aware,0.4069860630060933,0.9815399090414967,0.140625,0.4146403617999878,8x8,0.99,0.5,5,exact,fixed,perturbation_seed,support_restricted_tv_l1,exact_support_restricted_l1,,,,,,
0,2026,175,Similarity-aware,0.4069860630060933,0.9815399090414967,0.140625,0.4146403617999878,8x8,0.99,0.5,5,exact,fixed,perturbation_seed,support_restricted_tv_l1,exact_support_restricted_l1,,,,,,
0,2026,180,Similarity-aware,0.4069860630060933,0.9815399090414967,0.140625,0.4146403617999878,8x8,0.99,0.5,5,exact,fixed,perturbation_seed,support_restricted_tv_l1,exact_support_restricted_l1,,,,,,
0,2026,185,Similarity-aware,0.4069860630060933,0.9815399090414967,0.140625,0.4146403617999878,8x8,0.99,0.5,5,exact,fixed,perturbation_seed,support_restricted_tv_l1,exact_support_restricted_l1,,,,,,
0,2026,190,Similarity-aware,0.4069860630060933,0.9815399090414967,0.140625,0.4146403617999878,8x8,0.99,0.5,5,exact,fixed,perturbation_seed,support_restricted_tv_l1,exact_support_restricted_l1,,,,,,
0,2026,195,Similarity-aware,0.4069860630060933,0.9815399090414967,0.140625,0.4146403617999878,8x8,0.99,0.5,5,exact,fixed,perturbation_seed,support_restricted_tv_l1,exact_support_restricted_l1,,,,,,
0,2026,200,Similarity-aware,0.4069860630060933,0.9815399090414967,0.140625,0.4146403617999878,8x8,0.99,0.5,5,exact,fixed,perturbation_seed,support_restricted_tv_l1,exact_support_restricted_l1,,,,,,
0,2026,205,Similarity-aware,0.4069860630060933,0.9815399090414967,0.140625,0.4146403617999878,8x8,0.99,0.5,5,exact,fixed,perturbation_seed,support_restricted_tv_l1,exact_support_restricted_l1,,,,,,
0,2026,210,Similarity-aware,0.4069860630060933,0.9815399090414967,0.140625,0.4146403617999878,8x8,0.99,0.5,5,exact,fixed,perturbation_seed,support_restricted_tv_l1,exact_support_restricted_l1,,,,,,
0,2026,215,Similarity-aware,0.4069860630060933,0.9815399090414967,0.140625,0.4146403617999878,8x8,0.99,0.5,5,exact,fixed,perturbation_seed,support_restricted_tv_l1,exact_support_restricted_l1,,,,,,
0,2026,220,Similarity-aware,0.4069860630060933,0.9815399090414967,0.140625,0.4146403617999878,8x8,0.99,0.5,5,exact,fixed,perturbation_seed,support_restricted_tv_l1,exact_support_restricted_l1,,,,,,
0,2026,225,Similarity-aware,0.4069860630060933,0.9815399090414967,0.140625,0.4146403617999878,8x8,0.99,0.5,5,exact,fixed,perturbation_seed,support_restricted_tv_l1,exact_support_restricted_l1,,,,,,
0,2026,230,Similarity-aware,0.4069860630060933,0.9815399090414967,0.140625,0.4146403617999878,8x8,0.99,0.5,5,exact,fixed,perturbation_seed,support_restricted_tv_l1,exact_support_restricted_l1,,,,,,
0,2026,235,Similarity-aware,0.4069860630060933,0.9815399090414967,0.140625,0.4146403617999878,8x8,0.99,0.5,5,exact,fixed,perturbation_seed,support_restricted_tv_l1,exact_support_restricted_l1,,,,,,
0,2026,240,Similarity-aware,0.4069860630060931,0.9815399090414961,0.125,0.4146403617999878,8x8,0.99,0.5,5,exact,fixed,perturbation_seed,support_restricted_tv_l1,exact_support_restricted_l1,,,,,,
0,2026,245,Similarity-aware,0.4069860630060931,0.9815399090414961,0.125,0.4146403617999878,8x8,0.99,0.5,5,exact,fixed,perturbation_seed,support_restricted_tv_l1,exact_support_restricted_l1,,,,,,
0,2026,250,Similarity-aware,0.4069860630060931,0.9815399090414961,0.125,0.4146403617999878,8x8,0.99,0.5,5,exact,fixed,perturbation_seed,support_restricted_tv_l1,exact_support_restricted_l1,,,,,,
0,2026,255,Similarity-aware,0.4069860630060931,0.9815399090414961,0.125,0.4146403617999878,8x8,0.99,0.5,5,exact,fixed,perturbation_seed,support_restricted_tv_l1,exact_support_restricted_l1,,,,,,
0,2026,260,Similarity-aware,0.4069860630060931,0.9815399090414961,0.125,0.4146403617999878,8x8,0.99,0.5,5,exact,fixed,perturbation_seed,support_restricted_tv_l1,exact_support_restricted_l1,,,,,,
0,2026,265,Similarity-aware,0.4069860630060931,0.9815399090414961,0.125,0.4146403617999878,8x8,0.99,0.5,5,exact,fixed,perturbation_seed,support_restricted_tv_l1,exact_support_restricted_l1,,,,,,
0,2026,270,Similarity-aware,0.4069860630060931,0.9815399090414961,0.125,0.4146403617999878,8x8,0.99,0.5,5,exact,fixed,perturbation_seed,support_restricted_tv_l1,exact_support_restricted_l1,,,,,,
0,2026,275,Similarity-aware,0.4069860630060931,0.9815399090414961,0.125,0.4146403617999878,8x8,0.99,0.5,5,exact,fixed,perturbation_seed,support_restricted_tv_l1,exact_support_restricted_l1,,,,,,
0,2026,280,Similarity-aware,0.4069860630060931,0.9815399090414961,0.125,0.4146403617999878,8x8,0.99,0.5,5,exact,fixed,perturbation_seed,support_restricted_tv_l1,exact_support_restricted_l1,,,,,,
0,2026,285,Similarity-aware,0.4069860630060931,0.9815399090414961,0.125,0.4146403617999878,8x8,0.99,0.5,5,exact,fixed,perturbation_seed,support_restricted_tv_l1,exact_support_restricted_l1,,,,,,
0,2026,290,Similarity-aware,0.4069860630060931,0.9815399090414961,0.125,0.4146403617999878,8x8,0.99,0.5,5,exact,fixed,perturbation_seed,support_restricted_tv_l1,exact_support_restricted_l1,,,,,,
0,2026,295,Similarity-aware,0.4069860630060931,0.9815399090414961,0.125,0.4146403617999878,8x8,0.99,0.5,5,exact,fixed,perturbation_seed,support_restricted_tv_l1,exact_support_restricted_l1,,,,,,
0,2026,300,Similarity-aware,0.4069860630060931,0.9815399090414961,0.125,0.4146403617999878,8x8,0.99,0.5,5,exact,fixed,perturbation_seed,support_restricted_tv_l1,exact_support_restricted_l1,,,,,,
0,2026,305,Similarity-aware,0.4069860630060931,0.9815399090414961,0.125,0.4146403617999878,8x8,0.99,0.5,5,exact,fixed,perturbation_seed,support_restricted_tv_l1,exact_support_restricted_l1,,,,,,
0,2026,310,Similarity-aware,0.4069860630060931,0.9815399090414961,0.125,0.4146403617999878,8x8,0.99,0.5,5,exact,fixed,perturbation_seed,support_restricted_tv_l1,exact_support_restricted_l1,,,,,,
0,2026,315,Similarity-aware,0.4069860630060931,0.9815399090414961,0.125,0.4146403617999878,8x8,0.99,0.5,5,exact,fixed,perturbation_seed,support_restricted_tv_l1,exact_support_restricted_l1,,,,,,
0,2026,320,Similarity-aware,0.4069860630060931,0.9815399090414961,0.125,0.4146403617999878,8x8,0.99,0.5,5,exact,fixed,perturbation_seed,support_restricted_tv_l1,exact_support_restricted_l1,,,,,,
0,2026,325,Similarity-aware,0.4069860630060931,0.9815399090414961,0.125,0.4146403617999878,8x8,0.99,0.5,5,exact,fixed,perturbation_seed,support_restricted_tv_l1,exact_support_restricted_l1,,,,,,
0,2026,330,Similarity-aware,0.4069860630060931,0.9815399090414961,0.125,0.4146403617999878,8x8,0.99,0.5,5,exact,fixed,perturbation_seed,support_restricted_tv_l1,exact_support_restricted_l1,,,,,,
0,2026,335,Similarity-aware,0.4069860630060931,0.9815399090414961,0.125,0.4146403617999878,8x8,0.99,0.5,5,exact,fixed,perturbation_seed,support_restricted_tv_l1,exact_support_restricted_l1,,,,,,
0,2026,340,Similarity-aware,0.4069860630060931,0.9815399090414961,0.125,0.4146403617999878,8x8,0.99,0.5,5,exact,fixed,perturbation_seed,support_restricted_tv_l1,exact_support_restricted_l1,,,,,,
0,2026,345,Similarity-aware,0.4069860630060931,0.9815399090414961,0.125,0.4146403617999878,8x8,0.99,0.5,5,exact,fixed,perturbation_seed,support_restricted_tv_l1,exact_support_restricted_l1,,,,,,
0,2026,350,Similarity-aware,0.4069860630060931,0.9815399090414961,0.125,0.4146403617999878,8x8,0.99,0.5,5,exact,fixed,perturbation_seed,support_restricted_tv_l1,exact_support_restricted_l1,,,,,,
0,2026,355,Similarity-aware,0.4069860630060931,0.9815399090414961,0.125,0.4146403617999878,8x8,0.99,0.5,5,exact,fixed,perturbation_seed,support_restricted_tv_l1,exact_support_restricted_l1,,,,,,
0,2026,360,Similarity-aware,0.4069860630060931,0.9815399090414961,0.125,0.4146403617999878,8x8,0.99,0.5,5,exact,fixed,perturbation_seed,support_restricted_tv_l1,exact_support_restricted_l1,,,,,,
0,2026,365,Similarity-aware,0.4069860630060931,0.9815399090414961,0.125,0.4146403617999878,8x8,0.99,0.5,5,exact,fixed,perturbation_seed,support_restricted_tv_l1,exact_support_restricted_l1,,,,,,
0,2026,370,Similarity-aware,0.4069860630060931,0.9815399090414961,0.125,0.4146403617999878,8x8,0.99,0.5,5,exact,fixed,perturbation_seed,support_restricted_tv_l1,exact_support_restricted_l1,,,,,,
0,2026,375,Similarity-aware,0.4069860630060931,0.9815399090414961,0.125,0.4146403617999878,8x8,0.99,0.5,5,exact,fixed,perturbation_seed,support_restricted_tv_l1,exact_support_restricted_l1,,,,,,
0,2026,380,Similarity-aware,0.4069860630060931,0.9815399090414961,0.125,0.4146403617999878,8x8,0.99,0.5,5,exact,fixed,perturbation_seed,support_restricted_tv_l1,exact_support_restricted_l1,,,,,,
0,2026,385,Similarity-aware,0.4069860630060931,0.9815399090414961,0.125,0.4146403617999878,8x8,0.99,0.5,5,exact,fixed,perturbation_seed,support_restricted_tv_l1,exact_support_restricted_l1,,,,,,
0,2026,390,Similarity-aware,0.4069860630060931,0.9815399090414961,0.125,0.4146403617999878,8x8,0.99,0.5,5,exact,fixed,perturbation_seed,support_restricted_tv_l1,exact_support_restricted_l1,,,,,,
0,2026,395,Similarity-aware,0.4069860630060931,0.9815399090414961,0.125,0.4146403617999878,8x8,0.99,0.5,5,exact,fixed,perturbation_seed,support_restricted_tv_l1,exact_support_restricted_l1,,,,,,
0,2026,400,Similarity-aware,0.4069860630060931,0.9815399090414961,0.125,0.4146403617999878,8x8,0.99,0.5,5,exact,fixed,perturbation_seed,support_restricted_tv_l1,exact_support_restricted_l1,,,,,,
0,2026,405,Similarity-aware,0.4069860630060931,0.9815399090414961,0.125,0.4146403617999878,8x8,0.99,0.5,5,exact,fixed,perturbation_seed,support_restricted_tv_l1,exact_support_restricted_l1,,,,,,
0,2026,410,Similarity-aware,0.4069860630060931,0.9815399090414961,0.125,0.4146403617999878,8x8,0.99,0.5,5,exact,fixed,perturbation_seed,support_restricted_tv_l1,exact_support_restricted_l1,,,,,,
0,2026,415,Similarity-aware,0.4069860630060931,0.9815399090414961,0.125,0.4146403617999878,8x8,0.99,0.5,5,exact,fixed,perturbation_seed,support_restricted_tv_l1,exact_support_restricted_l1,,,,,,
0,2026,420,Similarity-aware,0.4069860630060931,0.9815399090414961,0.125,0.4146403617999878,8x8,0.99,0.5,5,exact,fixed,perturbation_seed,support_restricted_tv_l1,exact_support_restricted_l1,,,,,,
0,2026,425,Similarity-aware,0.4069860630060931,0.9815399090414961,0.125,0.4146403617999878,8x8,0.99,0.5,5,exact,fixed,perturbation_seed,support_restricted_tv_l1,exact_support_restricted_l1,,,,,,
0,2026,430,Similarity-aware,0.4069860630060931,0.9815399090414961,0.125,0.4146403617999878,8x8,0.99,0.5,5,exact,fixed,perturbation_seed,support_restricted_tv_l1,exact_support_restricted_l1,,,,,,
0,2026,435,Similarity-aware,0.4069860630060931,0.9815399090414961,0.125,0.4146403617999878,8x8,0.99,0.5,5,exact,fixed,perturbation_seed,support_restricted_tv_l1,exact_support_restricted_l1,,,,,,
0,2026,440,Similarity-aware,0.4069860630060931,0.9815399090414961,0.125,0.4146403617999878,8x8,0.99,0.5,5,exact,fixed,perturbation_seed,support_restricted_tv_l1,exact_support_restricted_l1,,,,,,
0,2026,445,Similarity-aware,0.4069860630060931,0.9815399090414961,0.125,0.4146403617999878,8x8,0.99,0.5,5,exact,fixed,perturbation_seed,support_restricted_tv_l1,exact_support_restricted_l1,,,,,,
0,2026,450,Similarity-aware,0.4069860630060931,0.9815399090414961,0.125,0.4146403617999878,8x8,0.99,0.5,5,exact,fixed,perturbation_seed,support_restricted_tv_l1,exact_support_restricted_l1,,,,,,
0,2026,455,Similarity-aware,0.4069860630060931,0.9815399090414961,0.125,0.4146403617999878,8x8,0.99,0.5,5,exact,fixed,perturbation_seed,support_restricted_tv_l1,exact_support_restricted_l1,,,,,,
0,2026,460,Similarity-aware,0.4069860630060931,0.9815399090414961,0.125,0.4146403617999878,8x8,0.99,0.5,5,exact,fixed,perturbation_seed,support_restricted_tv_l1,exact_support_restricted_l1,,,,,,
0,2026,465,Similarity-aware,0.4069860630060931,0.9815399090414961,0.125,0.4146403617999878,8x8,0.99,0.5,5,exact,fixed,perturbation_seed,support_restricted_tv_l1,exact_support_restricted_l1,,,,,,
0,2026,470,Similarity-aware,0.4069860630060931,0.9815399090414961,0.125,0.4146403617999878,8x8,0.99,0.5,5,exact,fixed,perturbation_seed,support_restricted_tv_l1,exact_support_restricted_l1,,,,,,
0,2026,475,Similarity-aware,0.4069860630060931,0.9815399090414961,0.125,0.4146403617999878,8x8,0.99,0.5,5,exact,fixed,perturbation_seed,support_restricted_tv_l1,exact_support_restricted_l1,,,,,,
0,2026,480,Similarity-aware,0.4069860630060931,0.9815399090414961,0.125,0.4146403617999878,8x8,0.99,0.5,5,exact,fixed,perturbation_seed,support_restricted_tv_l1,exact_support_restricted_l1,,,,,,
0,2026,485,Similarity-aware,0.4069860630060931,0.9815399090414961,0.125,0.4146403617999878,8x8,0.99,0.5,5,exact,fixed,perturbation_seed,support_restricted_tv_l1,exact_support_restricted_l1,,,,,,
0,2026,490,Similarity-aware,0.4069860630060931,0.9815399090414961,0.125,0.4146403617999878,8x8,0.99,0.5,5,exact,fixed,perturbation_seed,support_restricted_tv_l1,exact_support_restricted_l1,,,,,,
0,2026,495,Similarity-aware,0.4069860630060931,0.9815399090414961,0.125,0.4146403617999878,8x8,0.99,0.5,5,exact,fixed,perturbation_seed,support_restricted_tv_l1,exact_support_restricted_l1,,,,,,
0,2026,500,Similarity-aware,0.4069860630060931,0.9815399090414961,0.125,0.4146403617999878,8x8,0.99,0.5,5,exact,fixed,perturbation_seed,support_restricted_tv_l1,exact_support_restricted_l1,,,,,,
0,2026,0,Uniform,0.0,0.0,0.65625,0.4146403617999878,8x8,0.99,0.5,5,exact,fixed,perturbation_seed,support_restricted_tv_l1,exact_support_restricted_l1,,,,,,
0,2026,5,Uniform,0.0,0.0,0.59375,0.4146403617999878,8x8,0.99,0.5,5,exact,fixed,perturbation_seed,support_restricted_tv_l1,exact_support_restricted_l1,,,,,,
0,2026,10,Uniform,-3.9767022391443994e-19,-9.590726339040437e-19,0.5,0.4146403617999878,8x8,0.99,0.5,5,exact,fixed,perturbation_seed,support_restricted_tv_l1,exact_support_restricted_l1,,,,,,
0,2026,15,Uniform,0.07913959903529624,0.19086323070852232,0.4375,0.4146403617999878,8x8,0.99,0.5,5,exact,fixed,perturbation_seed,support_restricted_tv_l1,exact_support_restricted_l1,,,,,,
0,2026,20,Uniform,0.12757177914277273,0.30766850238354315,0.40625,0.4146403617999878,8x8,0.99,0.5,5,exact,fixed,perturbation_seed,support_restricted_tv_l1,exact_support_restricted_l1,,,,,,
0,2026,25,Uniform,0.19254338417608485,0.4643623774112058,0.359375,0.4146403617999878,8x8,0.99,0.5,5,exact,fixed,perturbation_seed,support_restricted_tv_l1,exact_support_restricted_l1,,,,,,
0,2026,30,Uniform,0.20241659421046931,0.4881738799661525,0.328125,0.4146403617999878,8x8,0.99,0.5,5,exact,fixed,perturbation_seed,support_restricted_tv_l1,exact_support_restricted_l1,,,,,,
0,2026,35,Uniform,0.2315068981427358,0.558331796590533,0.28125,0.4146403617999878,8x8,0.99,0.5,5,exact,fixed,perturbation_seed,support_restricted_tv_l1,exact_support_restricted_l1,,,,,,
0,2026,40,Uniform,0.2315068981427358,0.558331796590533,0.28125,0.4146403617999878,8x8,0.99,0.5,5,exact,fixed,perturbation_seed,support_restricted_tv_l1,exact_support_restricted_l1,,,,,,
0,2026,45,Uniform,0.2645774321036204,0.6380889476245585,0.25,0.4146403617999878,8x8,0.99,0.5,5,exact,fixed,perturbation_seed,support_restricted_tv_l1,exact_support_restricted_l1,,,,,,
0,2026,50,Uniform,0.2825947149245886,0.6815417430609547,0.234375,0.4146403617999878,8x8,0.99,0.5,5,exact,fixed,perturbation_seed,support_restricted_tv_l1,exact_support_restricted_l1,,,,,,
0,2026,55,Uniform,0.2866359008688529,0.6912879865928704,0.21875,0.4146403617999878,8x8,0.99,0.5,5,exact,fixed,perturbation_seed,support_restricted_tv_l1,exact_support_restricted_l1,,,,,,
0,2026,60,Uniform,0.2866359008688529,0.6912879865928704,0.21875,0.4146403617999878,8x8,0.99,0.5,5,exact,fixed,perturbation_seed,support_restricted_tv_l1,exact_support_restricted_l1,,,,,,
0,2026,65,Uniform,0.28663590086885304,0.6912879865928707,0.21875,0.4146403617999878,8x8,0.99,0.5,5,exact,fixed,perturbation_seed,support_restricted_tv_l1,exact_support_restricted_l1,,,,,,
0,2026,70,Uniform,0.28663590086885266,0.6912879865928698,0.234375,0.4146403617999878,8x8,0.99,0.5,5,exact,fixed,perturbation_seed,support_restricted_tv_l1,exact_support_restricted_l1,,,,,,
0,2026,75,Uniform,0.28663590086885266,0.6912879865928698,0.234375,0.4146403617999878,8x8,0.99,0.5,5,exact,fixed,perturbation_seed,support_restricted_tv_l1,exact_support_restricted_l1,,,,,,
0,2026,80,Uniform,0.28663590086885266,0.6912879865928698,0.21875,0.4146403617999878,8x8,0.99,0.5,5,exact,fixed,perturbation_seed,support_restricted_tv_l1,exact_support_restricted_l1,,,,,,
0,2026,85,Uniform,0.28663590086885266,0.6912879865928698,0.21875,0.4146403617999878,8x8,0.99,0.5,5,exact,fixed,perturbation_seed,support_restricted_tv_l1,exact_support_restricted_l1,,,,,,
0,2026,90,Uniform,0.28663590086885266,0.6912879865928698,0.21875,0.4146403617999878,8x8,0.99,0.5,5,exact,fixed,perturbation_seed,support_restricted_tv_l1,exact_support_restricted_l1,,,,,,
0,2026,95,Uniform,0.28663590086885266,0.6912879865928698,0.21875,0.4146403617999878,8x8,0.99,0.5,5,exact,fixed,perturbation_seed,support_restricted_tv_l1,exact_support_restricted_l1,,,,,,
0,2026,100,Uniform,0.3043789094629302,0.7340793070447759,0.203125,0.4146403617999878,8x8,0.99,0.5,5,exact,fixed,perturbation_seed,support_restricted_tv_l1,exact_support_restricted_l1,,,,,,
0,2026,105,Uniform,0.3043789094629302,0.7340793070447759,0.1875,0.4146403617999878,8x8,0.99,0.5,5,exact,fixed,perturbation_seed,support_restricted_tv_l1,exact_support_restricted_l1,,,,,,
0,2026,110,Uniform,0.3043789094629302,0.7340793070447759,0.1875,0.4146403617999878,8x8,0.99,0.5,5,exact,fixed,perturbation_seed,support_restricted_tv_l1,exact_support_restricted_l1,,,,,,
0,2026,115,Uniform,0.3043789094629302,0.7340793070447759,0.1875,0.4146403617999878,8x8,0.99,0.5,5,exact,fixed,perturbation_seed,support_restricted_tv_l1,exact_support_restricted_l1,,,,,,
0,2026,120,Uniform,0.3043789094629302,0.7340793070447759,0.1875,0.4146403617999878,8x8,0.99,0.5,5,exact,fixed,perturbation_seed,support_restricted_tv_l1,exact_support_restricted_l1,,,,,,
0,2026,125,Uniform,0.3043789094629302,0.7340793070447759,0.1875,0.4146403617999878,8x8,0.99,0.5,5,exact,fixed,perturbation_seed,support_restricted_tv_l1,exact_support_restricted_l1,,,,,,
0,2026,130,Uniform,0.36088908235409667,0.8703665045714497,0.171875,0.4146403617999878,8x8,0.99,0.5,5,exact,fixed,perturbation_seed,support_restricted_tv_l1,exact_support_restricted_l1,,,,,,
0,2026,135,Uniform,0.36088908235409667,0.8703665045714497,0.171875,0.4146403617999878,8x8,0.99,0.5,5,exact,fixed,perturbation_seed,support_restricted_tv_l1,exact_support_restricted_l1,,,,,,
0,2026,140,Uniform,0.36088908235409667,0.8703665045714497,0.171875,0.4146403617999878,8x8,0.99,0.5,5,exact,fixed,perturbation_seed,support_restricted_tv_l1,exact_support_restricted_l1,,,,,,
0,2026,145,Uniform,0.36088908235409667,0.8703665045714497,0.171875,0.4146403617999878,8x8,0.99,0.5,5,exact,fixed,perturbation_seed,support_restricted_tv_l1,exact_support_restricted_l1,,,,,,
0,2026,150,Uniform,0.36088908235409667,0.8703665045714497,0.171875,0.4146403617999878,8x8,0.99,0.5,5,exact,fixed,perturbation_seed,support_restricted_tv_l1,exact_support_restricted_l1,,,,,,
0,2026,155,Uniform,0.36088908235409667,0.8703665045714497,0.171875,0.4146403617999878,8x8,0.99,0.5,5,exact,fixed,perturbation_seed,support_restricted_tv_l1,exact_support_restricted_l1,,,,,,
0,2026,160,Uniform,0.36088908235409667,0.8703665045714497,0.171875,0.4146403617999878,8x8,0.99,0.5,5,exact,fixed,perturbation_seed,support_restricted_tv_l1,exact_support_restricted_l1,,,,,,
0,2026,165,Uniform,0.36088908235409667,0.8703665045714497,0.171875,0.4146403617999878,8x8,0.99,0.5,5,exact,fixed,perturbation_seed,support_restricted_tv_l1,exact_support_restricted_l1,,,,,,
0,2026,170,Uniform,0.36088908235409667,0.8703665045714497,0.171875,0.4146403617999878,8x8,0.99,0.5,5,exact,fixed,perturbation_seed,support_restricted_tv_l1,exact_support_restricted_l1,,,,,,
0,2026,175,Uniform,0.36088908235409667,0.8703665045714497,0.171875,0.4146403617999878,8x8,0.99,0.5,5,exact,fixed,perturbation_seed,support_restricted_tv_l1,exact_support_restricted_l1,,,,,,
0,2026,180,Uniform,0.37341246789265997,0.9005695110616965,0.15625,0.4146403617999878,8x8,0.99,0.5,5,exact,fixed,perturbation_seed,support_restricted_tv_l1,exact_support_restricted_l1,,,,,,
0,2026,185,Uniform,0.37341246789265997,0.9005695110616965,0.15625,0.4146403617999878,8x8,0.99,0.5,5,exact,fixed,perturbation_seed,support_restricted_tv_l1,exact_support_restricted_l1,,,,,,
0,2026,190,Uniform,0.37341246789265997,0.9005695110616965,0.15625,0.4146403617999878,8x8,0.99,0.5,5,exact,fixed,perturbation_seed,support_restricted_tv_l1,exact_support_restricted_l1,,,,,,
0,2026,195,Uniform,0.37341246789265997,0.9005695110616965,0.15625,0.4146403617999878,8x8,0.99,0.5,5,exact,fixed,perturbation_seed,support_restricted_tv_l1,exact_support_restricted_l1,,,,,,
0,2026,200,Uniform,0.37341246789265997,0.9005695110616965,0.15625,0.4146403617999878,8x8,0.99,0.5,5,exact,fixed,perturbation_seed,support_restricted_tv_l1,exact_support_restricted_l1,,,,,,
0,2026,205,Uniform,0.37341246789265997,0.9005695110616965,0.171875,0.4146403617999878,8x8,0.99,0.5,5,exact,fixed,perturbation_seed,support_restricted_tv_l1,exact_support_restricted_l1,,,,,,
0,2026,210,Uniform,0.37341246789265997,0.9005695110616965,0.171875,0.4146403617999878,8x8,0.99,0.5,5,exact,fixed,perturbation_seed,support_restricted_tv_l1,exact_support_restricted_l1,,,,,,
0,2026,215,Uniform,0.37341246789265997,0.9005695110616965,0.171875,0.4146403617999878,8x8,0.99,0.5,5,exact,fixed,perturbation_seed,support_restricted_tv_l1,exact_support_restricted_l1,,,,,,
0,2026,220,Uniform,0.37341246789265997,0.9005695110616965,0.171875,0.4146403617999878,8x8,0.99,0.5,5,exact,fixed,perturbation_seed,support_restricted_tv_l1,exact_support_restricted_l1,,,,,,
0,2026,225,Uniform,0.37341246789265997,0.9005695110616965,0.171875,0.4146403617999878,8x8,0.99,0.5,5,exact,fixed,perturbation_seed,support_restricted_tv_l1,exact_support_restricted_l1,,,,,,
0,2026,230,Uniform,0.37341246789265997,0.9005695110616965,0.171875,0.4146403617999878,8x8,0.99,0.5,5,exact,fixed,perturbation_seed,support_restricted_tv_l1,exact_support_restricted_l1,,,,,,
0,2026,235,Uniform,0.37341246789265997,0.9005695110616965,0.171875,0.4146403617999878,8x8,0.99,0.5,5,exact,fixed,perturbation_seed,support_restricted_tv_l1,exact_support_restricted_l1,,,,,,
0,2026,240,Uniform,0.37341246789265997,0.9005695110616965,0.171875,0.4146403617999878,8x8,0.99,0.5,5,exact,fixed,perturbation_seed,support_restricted_tv_l1,exact_support_restricted_l1,,,,,,
0,2026,245,Uniform,0.37341246789265997,0.9005695110616965,0.171875,0.4146403617999878,8x8,0.99,0.5,5,exact,fixed,perturbation_seed,support_restricted_tv_l1,exact_support_restricted_l1,,,,,,
0,2026,250,Uniform,0.37341246789265997,0.9005695110616965,0.15625,0.4146403617999878,8x8,0.99,0.5,5,exact,fixed,perturbation_seed,support_restricted_tv_l1,exact_support_restricted_l1,,,,,,
0,2026,255,Uniform,0.37341246789265997,0.9005695110616965,0.15625,0.4146403617999878,8x8,0.99,0.5,5,exact,fixed,perturbation_seed,support_restricted_tv_l1,exact_support_restricted_l1,,,,,,
0,2026,260,Uniform,0.37341246789265997,0.9005695110616965,0.15625,0.4146403617999878,8x8,0.99,0.5,5,exact,fixed,perturbation_seed,support_restricted_tv_l1,exact_support_restricted_l1,,,,,,
0,2026,265,Uniform,0.37341246789265997,0.9005695110616965,0.15625,0.4146403617999878,8x8,0.99,0.5,5,exact,fixed,perturbation_seed,support_restricted_tv_l1,exact_support_restricted_l1,,,,,,
0,2026,270,Uniform,0.37341246789265997,0.9005695110616965,0.15625,0.4146403617999878,8x8,0.99,0.5,5,exact,fixed,perturbation_seed,support_restricted_tv_l1,exact_support_restricted_l1,,,,,,
0,2026,275,Uniform,0.37341246789265997,0.9005695110616965,0.15625,0.4146403617999878,8x8,0.99,0.5,5,exact,fixed,perturbation_seed,support_restricted_tv_l1,exact_support_restricted_l1,,,,,,
0,2026,280,Uniform,0.37341246789265997,0.9005695110616965,0.15625,0.4146403617999878,8x8,0.99,0.5,5,exact,fixed,perturbation_seed,support_restricted_tv_l1,exact_support_restricted_l1,,,,,,
0,2026,285,Uniform,0.37341246789265997,0.9005695110616965,0.15625,0.4146403617999878,8x8,0.99,0.5,5,exact,fixed,perturbation_seed,support_restricted_tv_l1,exact_support_restricted_l1,,,,,,
0,2026,290,Uniform,0.37341246789265997,0.9005695110616965,0.15625,0.4146403617999878,8x8,0.99,0.5,5,exact,fixed,perturbation_seed,support_restricted_tv_l1,exact_support_restricted_l1,,,,,,
0,2026,295,Uniform,0.37341246789265997,0.9005695110616965,0.15625,0.4146403617999878,8x8,0.99,0.5,5,exact,fixed,perturbation_seed,support_restricted_tv_l1,exact_support_restricted_l1,,,,,,
0,2026,300,Uniform,0.37341246789265997,0.9005695110616965,0.140625,0.4146403617999878,8x8,0.99,0.5,5,exact,fixed,perturbation_seed,support_restricted_tv_l1,exact_support_restricted_l1,,,,,,
0,2026,305,Uniform,0.37341246789265997,0.9005695110616965,0.140625,0.4146403617999878,8x8,0.99,0.5,5,exact,fixed,perturbation_seed,support_restricted_tv_l1,exact_support_restricted_l1,,,,,,
0,2026,310,Uniform,0.37341246789265997,0.9005695110616965,0.140625,0.4146403617999878,8x8,0.99,0.5,5,exact,fixed,perturbation_seed,support_restricted_tv_l1,exact_support_restricted_l1,,,,,,
0,2026,315,Uniform,0.37341246789265997,0.9005695110616965,0.140625,0.4146403617999878,8x8,0.99,0.5,5,exact,fixed,perturbation_seed,support_restricted_tv_l1,exact_support_restricted_l1,,,,,,
0,2026,320,Uniform,0.37341246789265997,0.9005695110616965,0.140625,0.4146403617999878,8x8,0.99,0.5,5,exact,fixed,perturbation_seed,support_restricted_tv_l1,exact_support_restricted_l1,,,,,,
0,2026,325,Uniform,0.37341246789265997,0.9005695110616965,0.140625,0.4146403617999878,8x8,0.99,0.5,5,exact,fixed,perturbation_seed,support_restricted_tv_l1,exact_support_restricted_l1,,,,,,
0,2026,330,Uniform,0.37341246789265997,0.9005695110616965,0.140625,0.4146403617999878,8x8,0.99,0.5,5,exact,fixed,perturbation_seed,support_restricted_tv_l1,exact_support_restricted_l1,,,,,,
0,2026,335,Uniform,0.37341246789265997,0.9005695110616965,0.140625,0.4146403617999878,8x8,0.99,0.5,5,exact,fixed,perturbation_seed,support_restricted_tv_l1,exact_support_restricted_l1,,,,,,
0,2026,340,Uniform,0.37341246789265997,0.9005695110616965,0.140625,0.4146403617999878,8x8,0.99,0.5,5,exact,fixed,perturbation_seed,support_restricted_tv_l1,exact_support_restricted_l1,,,,,,
0,2026,345,Uniform,0.37341246789265997,0.9005695110616965,0.140625,0.4146403617999878,8x8,0.99,0.5,5,exact,fixed,perturbation_seed,support_restricted_tv_l1,exact_support_restricted_l1,,,,,,
0,2026,350,Uniform,0.37341246789265997,0.9005695110616965,0.140625,0.4146403617999878,8x8,0.99,0.5,5,exact,fixed,perturbation_seed,support_restricted_tv_l1,exact_support_restricted_l1,,,,,,
0,2026,355,Uniform,0.37341246789265997,0.9005695110616965,0.140625,0.4146403617999878,8x8,0.99,0.5,5,exact,fixed,perturbation_seed,support_restricted_tv_l1,exact_support_restricted_l1,,,,,,
0,2026,360,Uniform,0.37341246789265997,0.9005695110616965,0.140625,0.4146403617999878,8x8,0.99,0.5,5,exact,fixed,perturbation_seed,support_restricted_tv_l1,exact_support_restricted_l1,,,,,,
0,2026,365,Uniform,0.37341246789265997,0.9005695110616965,0.140625,0.4146403617999878,8x8,0.99,0.5,5,exact,fixed,perturbation_seed,support_restricted_tv_l1,exact_support_restricted_l1,,,,,,
0,2026,370,Uniform,0.37341246789265997,0.9005695110616965,0.140625,0.4146403617999878,8x8,0.99,0.5,5,exact,fixed,perturbation_seed,support_restricted_tv_l1,exact_support_restricted_l1,,,,,,
0,2026,375,Uniform,0.37341246789265997,0.9005695110616965,0.140625,0.4146403617999878,8x8,0.99,0.5,5,exact,fixed,perturbation_seed,support_restricted_tv_l1,exact_support_restricted_l1,,,,,,
0,2026,380,Uniform,0.37341246789265997,0.9005695110616965,0.140625,0.4146403617999878,8x8,0.99,0.5,5,exact,fixed,perturbation_seed,support_restricted_tv_l1,exact_support_restricted_l1,,,,,,
0,2026,385,Uniform,0.37341246789265997,0.9005695110616965,0.140625,0.4146403617999878,8x8,0.99,0.5,5,exact,fixed,perturbation_seed,support_restricted_tv_l1,exact_support_restricted_l1,,,,,,
0,2026,390,Uniform,0.37341246789265997,0.9005695110616965,0.140625,0.4146403617999878,8x8,0.99,0.5,5,exact,fixed,perturbation_seed,support_restricted_tv_l1,exact_support_restricted_l1,,,,,,
0,2026,395,Uniform,0.37341246789265997,0.9005695110616965,0.140625,0.4146403617999878,8x8,0.99,0.5,5,exact,fixed,perturbation_seed,support_restricted_tv_l1,exact_support_restricted_l1,,,,,,
0,2026,400,Uniform,0.37341246789265997,0.9005695110616965,0.140625,0.4146403617999878,8x8,0.99,0.5,5,exact,fixed,perturbation_seed,support_restricted_tv_l1,exact_support_restricted_l1,,,,,,
0,2026,405,Uniform,0.37341246789265997,0.9005695110616965,0.140625,0.4146403617999878,8x8,0.99,0.5,5,exact,fixed,perturbation_seed,support_restricted_tv_l1,exact_support_restricted_l1,,,,,,
0,2026,410,Uniform,0.37341246789265997,0.9005695110616965,0.140625,0.4146403617999878,8x8,0.99,0.5,5,exact,fixed,perturbation_seed,support_restricted_tv_l1,exact_support_restricted_l1,,,,,,
0,2026,415,Uniform,0.37341246789265997,0.9005695110616965,0.140625,0.4146403617999878,8x8,0.99,0.5,5,exact,fixed,perturbation_seed,support_restricted_tv_l1,exact_support_restricted_l1,,,,,,
0,2026,420,Uniform,0.37341246789265997,0.9005695110616965,0.140625,0.4146403617999878,8x8,0.99,0.5,5,exact,fixed,perturbation_seed,support_restricted_tv_l1,exact_support_restricted_l1,,,,,,
0,2026,425,Uniform,0.37341246789265997,0.9005695110616965,0.140625,0.4146403617999878,8x8,0.99,0.5,5,exact,fixed,perturbation_seed,support_restricted_tv_l1,exact_support_restricted_l1,,,,,,
0,2026,430,Uniform,0.37341246789265997,0.9005695110616965,0.140625,0.4146403617999878,8x8,0.99,0.5,5,exact,fixed,perturbation_seed,support_restricted_tv_l1,exact_support_restricted_l1,,,,,,
0,2026,435,Uniform,0.3736071664317946,0.9010390710878585,0.140625,0.4146403617999878,8x8,0.99,0.5,5,exact,fixed,perturbation_seed,support_restricted_tv_l1,exact_support_restricted_l1,,,,,,
0,2026,440,Uniform,0.3736071664317946,0.9010390710878585,0.140625,0.4146403617999878,8x8,0.99,0.5,5,exact,fixed,perturbation_seed,support_restricted_tv_l1,exact_support_restricted_l1,,,,,,
0,2026,445,Uniform,0.3736071664317946,0.9010390710878585,0.140625,0.4146403617999878,8x8,0.99,0.5,5,exact,fixed,perturbation_seed,support_restricted_tv_l1,exact_support_restricted_l1,,,,,,
0,2026,450,Uniform,0.3736071664317946,0.9010390710878585,0.140625,0.4146403617999878,8x8,0.99,0.5,5,exact,fixed,perturbation_seed,support_restricted_tv_l1,exact_support_restricted_l1,,,,,,
0,2026,455,Uniform,0.3736071664317946,0.9010390710878585,0.140625,0.4146403617999878,8x8,0.99,0.5,5,exact,fixed,perturbation_seed,support_restricted_tv_l1,exact_support_restricted_l1,,,,,,
0,2026,460,Uniform,0.3736071664317946,0.9010390710878585,0.140625,0.4146403617999878,8x8,0.99,0.5,5,exact,fixed,perturbation_seed,support_restricted_tv_l1,exact_support_restricted_l1,,,,,,
0,2026,465,Uniform,0.3736071664317946,0.9010390710878585,0.140625,0.4146403617999878,8x8,0.99,0.5,5,exact,fixed,perturbation_seed,support_restricted_tv_l1,exact_support_restricted_l1,,,,,,
0,2026,470,Uniform,0.3736071664317946,0.9010390710878585,0.140625,0.4146403617999878,8x8,0.99,0.5,5,exact,fixed,perturbation_seed,support_restricted_tv_l1,exact_support_restricted_l1,,,,,,
0,2026,475,Uniform,0.3736071664317946,0.9010390710878585,0.140625,0.4146403617999878,8x8,0.99,0.5,5,exact,fixed,perturbation_seed,support_restricted_tv_l1,exact_support_restricted_l1,,,,,,
0,2026,480,Uniform,0.3736071664317946,0.9010390710878585,0.140625,0.4146403617999878,8x8,0.99,0.5,5,exact,fixed,perturbation_seed,support_restricted_tv_l1,exact_support_restricted_l1,,,,,,
0,2026,485,Uniform,0.3736071664317946,0.9010390710878585,0.140625,0.4146403617999878,8x8,0.99,0.5,5,exact,fixed,perturbation_seed,support_restricted_tv_l1,exact_support_restricted_l1,,,,,,
0,2026,490,Uniform,0.3736071664317946,0.9010390710878585,0.140625,0.4146403617999878,8x8,0.99,0.5,5,exact,fixed,perturbation_seed,support_restricted_tv_l1,exact_support_restricted_l1,,,,,,
0,2026,495,Uniform,0.3736071664317946,0.9010390710878585,0.140625,0.4146403617999878,8x8,0.99,0.5,5,exact,fixed,perturbation_seed,support_restricted_tv_l1,exact_support_restricted_l1,,,,,,
0,2026,500,Uniform,0.3736071664317946,0.9010390710878585,0.140625,0.4146403617999878,8x8,0.99,0.5,5,exact,fixed,perturbation_seed,support_restricted_tv_l1,exact_support_restricted_l1,,,,,,
0,2026,-1,source_metadata,,,,0.4146403617999878,8x8,0.99,0.5,5,exact,fixed,perturbation_seed,support_restricted_tv_l1,exact_support_restricted_l1,0.0,0.1,0.2727787065013047,0.09565562855317489,0.25,0.5108147119276197
0,2026,-1,source_metadata,,,,0.4146403617999878,8x8,0.99,0.5,5,exact,fixed,perturbation_seed,support_restricted_tv_l1,exact_support_restricted_l1,1.0,0.2,0.6003917601723736,0.1919418693586275,0.25,0.23208122489045324
0,2026,-1,source_metadata,,,,0.4146403617999878,8x8,0.99,0.5,5,exact,fixed,perturbation_seed,support_restricted_tv_l1,exact_support_restricted_l1,2.0,0.3,0.9678370019327427,0.3152271384763484,0.25,0.14397025836752342
0,2026,-1,source_metadata,,,,0.4146403617999878,8x8,0.99,0.5,5,exact,fixed,perturbation_seed,support_restricted_tv_l1,exact_support_restricted_l1,3.0,0.35,1.2316369478684746,0.373592535796788,0.25,0.11313380481440362
1,2027,0,Maximum-based,0.0,0.0,0.65625,0.4146403617999878,8x8,0.99,0.5,5,exact,fixed,perturbation_seed,support_restricted_tv_l1,exact_support_restricted_l1,,,,,,
1,2027,5,Maximum-based,0.0,0.0,0.625,0.4146403617999878,8x8,0.99,0.5,5,exact,fixed,perturbation_seed,support_restricted_tv_l1,exact_support_restricted_l1,,,,,,
1,2027,10,Maximum-based,-1.0445308890030725e-18,-2.519124970055202e-18,0.5,0.4146403617999878,8x8,0.99,0.5,5,exact,fixed,perturbation_seed,support_restricted_tv_l1,exact_support_restricted_l1,,,,,,
1,2027,15,Maximum-based,0.08737059280510133,0.21071415340710783,0.390625,0.4146403617999878,8x8,0.99,0.5,5,exact,fixed,perturbation_seed,support_restricted_tv_l1,exact_support_restricted_l1,,,,,,
1,2027,20,Maximum-based,0.10375656691166885,0.25023267503735785,0.359375,0.4146403617999878,8x8,0.99,0.5,5,exact,fixed,perturbation_seed,support_restricted_tv_l1,exact_support_restricted_l1,,,,,,
1,2027,25,Maximum-based,0.23109046399797117,0.5573274704729383,0.34375,0.4146403617999878,8x8,0.99,0.5,5,exact,fixed,perturbation_seed,support_restricted_tv_l1,exact_support_restricted_l1,,,,,,
1,2027,30,Maximum-based,0.2729541171481034,0.6582912381302852,0.28125,0.4146403617999878,8x8,0.99,0.5,5,exact,fixed,perturbation_seed,support_restricted_tv_l1,exact_support_restricted_l1,,,,,,
1,2027,35,Maximum-based,0.28895872401653233,0.6968900055029347,0.234375,0.4146403617999878,8x8,0.99,0.5,5,exact,fixed,perturbation_seed,support_restricted_tv_l1,exact_support_restricted_l1,,,,,,
1,2027,40,Maximum-based,0.34628129548350156,0.8351364878717211,0.1875,0.4146403617999878,8x8,0.99,0.5,5,exact,fixed,perturbation_seed,support_restricted_tv_l1,exact_support_restricted_l1,,,,,,
1,2027,45,Maximum-based,0.35328714569605274,0.8520326968711012,0.171875,0.4146403617999878,8x8,0.99,0.5,5,exact,fixed,perturbation_seed,support_restricted_tv_l1,exact_support_restricted_l1,,,,,,
1,2027,50,Maximum-based,0.35328714569605274,0.8520326968711012,0.171875,0.4146403617999878,8x8,0.99,0.5,5,exact,fixed,perturbation_seed,support_restricted_tv_l1,exact_support_restricted_l1,,,,,,
1,2027,55,Maximum-based,0.36596496731069555,0.8826081612557244,0.15625,0.4146403617999878,8x8,0.99,0.5,5,exact,fixed,perturbation_seed,support_restricted_tv_l1,exact_support_restricted_l1,,,,,,
1,2027,60,Maximum-based,0.36596496731069555,0.8826081612557244,0.15625,0.4146403617999878,8x8,0.99,0.5,5,exact,fixed,perturbation_seed,support_restricted_tv_l1,exact_support_restricted_l1,,,,,,
1,2027,65,Maximum-based,0.36776629783178966,0.8869524815077963,0.15625,0.4146403617999878,8x8,0.99,0.5,5,exact,fixed,perturbation_seed,support_restricted_tv_l1,exact_support_restricted_l1,,,,,,
1,2027,70,Maximum-based,0.3677662978317895,0.8869524815077959,0.140625,0.4146403617999878,8x8,0.99,0.5,5,exact,fixed,perturbation_seed,support_restricted_tv_l1,exact_support_restricted_l1,,,,,,
1,2027,75,Maximum-based,0.3677662978317895,0.8869524815077959,0.140625,0.4146403617999878,8x8,0.99,0.5,5,exact,fixed,perturbation_seed,support_restricted_tv_l1,exact_support_restricted_l1,,,,,,
1,2027,80,Maximum-based,0.3677662978317895,0.8869524815077959,0.140625,0.4146403617999878,8x8,0.99,0.5,5,exact,fixed,perturbation_seed,support_restricted_tv_l1,exact_support_restricted_l1,,,,,,
1,2027,85,Maximum-based,0.3677662978317895,0.8869524815077959,0.140625,0.4146403617999878,8x8,0.99,0.5,5,exact,fixed,perturbation_seed,support_restricted_tv_l1,exact_support_restricted_l1,,,,,,
1,2027,90,Maximum-based,0.3677662978317895,0.8869524815077959,0.140625,0.4146403617999878,8x8,0.99,0.5,5,exact,fixed,perturbation_seed,support_restricted_tv_l1,exact_support_restricted_l1,,,,,,
1,2027,95,Maximum-based,0.3677662978317895,0.8869524815077959,0.140625,0.4146403617999878,8x8,0.99,0.5,5,exact,fixed,perturbation_seed,support_restricted_tv_l1,exact_support_restricted_l1,,,,,,
1,2027,100,Maximum-based,0.3677662978317895,0.8869524815077959,0.140625,0.4146403617999878,8x8,0.99,0.5,5,exact,fixed,perturbation_seed,support_restricted_tv_l1,exact_support_restricted_l1,,,,,,
1,2027,105,Maximum-based,0.3729791153977399,0.8995243824759533,0.125,0.4146403617999878,8x8,0.99,0.5,5,exact,fixed,perturbation_seed,support_restricted_tv_l1,exact_support_restricted_l1,,,,,,
1,2027,110,Maximum-based,0.3729791153977399,0.8995243824759533,0.125,0.4146403617999878,8x8,0.99,0.5,5,exact,fixed,perturbation_seed,support_restricted_tv_l1,exact_support_restricted_l1,,,,,,
1,2027,115,Maximum-based,0.3729791153977401,0.8995243824759538,0.140625,0.4146403617999878,8x8,0.99,0.5,5,exact,fixed,perturbation_seed,support_restricted_tv_l1,exact_support_restricted_l1,,,,,,
1,2027,120,Maximum-based,0.3955840926315933,0.9540414515227854,0.125,0.4146403617999878,8x8,0.99,0.5,5,exact,fixed,perturbation_seed,support_restricted_tv_l1,exact_support_restricted_l1,,,,,,
1,2027,125,Maximum-based,0.3955840926315933,0.9540414515227854,0.125,0.4146403617999878,8x8,0.99,0.5,5,exact,fixed,perturbation_seed,support_restricted_tv_l1,exact_support_restricted_l1,,,,,,
1,2027,130,Maximum-based,0.3955840926315933,0.9540414515227854,0.125,0.4146403617999878,8x8,0.99,0.5,5,exact,fixed,perturbation_seed,support_restricted_tv_l1,exact_support_restricted_l1,,,,,,
1,2027,135,Maximum-based,0.3955840926315933,0.9540414515227854,0.125,0.4146403617999878,8x8,0.99,0.5,5,exact,fixed,perturbation_seed,support_restricted_tv_l1,exact_support_restricted_l1,,,,,,
1,2027,140,Maximum-based,0.3955840926315933,0.9540414515227854,0.125,0.4146403617999878,8x8,0.99,0.5,5,exact,fixed,perturbation_seed,support_restricted_tv_l1,exact_support_restricted_l1,,,,,,
1,2027,145,Maximum-based,0.3955840926315933,0.9540414515227854,0.125,0.4146403617999878,8x8,0.99,0.5,5,exact,fixed,perturbation_seed,support_restricted_tv_l1,exact_support_restricted_l1,,,,,,
1,2027,150,Maximum-based,0.40684142158109915,0.9811910731868146,0.109375,0.4146403617999878,8x8,0.99,0.5,5,exact,fixed,perturbation_seed,support_restricted_tv_l1,exact_support_restricted_l1,,,,,,
1,2027,155,Maximum-based,0.40684142158109915,0.9811910731868146,0.109375,0.4146403617999878,8x8,0.99,0.5,5,exact,fixed,perturbation_seed,support_restricted_tv_l1,exact_support_restricted_l1,,,,,,
1,2027,160,Maximum-based,0.40684142158109915,0.9811910731868146,0.109375,0.4146403617999878,8x8,0.99,0.5,5,exact,fixed,perturbation_seed,support_restricted_tv_l1,exact_support_restricted_l1,,,,,,
1,2027,165,Maximum-based,0.40684142158109915,0.9811910731868146,0.109375,0.4146403617999878,8x8,0.99,0.5,5,exact,fixed,perturbation_seed,support_restricted_tv_l1,exact_support_restricted_l1,,,,,,
1,2027,170,Maximum-based,0.40684142158109915,0.9811910731868146,0.109375,0.4146403617999878,8x8,0.99,0.5,5,exact,fixed,perturbation_seed,support_restricted_tv_l1,exact_support_restricted_l1,,,,,,
1,2027,175,Maximum-based,0.40684142158109915,0.9811910731868146,0.109375,0.4146403617999878,8x8,0.99,0.5,5,exact,fixed,perturbation_seed,support_restricted_tv_l1,exact_support_restricted_l1,,,,,,
1,2027,180,Maximum-based,0.40684142158109915,0.9811910731868146,0.109375,0.4146403617999878,8x8,0.99,0.5,5,exact,fixed,perturbation_seed,support_restricted_tv_l1,exact_support_restricted_l1,,,,,,
1,2027,185,Maximum-based,0.40684142158109915,0.9811910731868146,0.109375,0.4146403617999878,8x8,0.99,0.5,5,exact,fixed,perturbation_seed,support_restricted_tv_l1,exact_support_restricted_l1,,,,,,
1,2027,190,Maximum-based,0.40684142158109915,0.9811910731868146,0.109375,0.4146403617999878,8x8,0.99,0.5,5,exact,fixed,perturbation_seed,support_restricted_tv_l1,exact_support_restricted_l1,,,,,,
1,2027,195,Maximum-based,0.40684142158109915,0.9811910731868146,0.109375,0.4146403617999878,8x8,0.99,0.5,5,exact,fixed,perturbation_seed,support_restricted_tv_l1,exact_support_restricted_l1,,,,,,
1,2027,200,Maximum-based,0.40684142158109915,0.9811910731868146,0.109375,0.4146403617999878,8x8,0.99,0.5,5,exact,fixed,perturbation_seed,support_restricted_tv_l1,exact_support_restricted_l1,,,,,,
1,2027,205,Maximum-based,0.40684142158109915,0.9811910731868146,0.109375,0.4146403617999878,8x8,0.99,0.5,5,exact,fixed,perturbation_seed,support_restricted_tv_l1,exact_support_restricted_l1,,,,,,
1,2027,210,Maximum-based,0.40684142158109915,0.9811910731868146,0.109375,0.4146403617999878,8x8,0.99,0.5,5,exact,fixed,perturbation_seed,support_restricted_tv_l1,exact_support_restricted_l1,,,,,,
1,2027,215,Maximum-based,0.40684142158109915,0.9811910731868146,0.109375,0.4146403617999878,8x8,0.99,0.5,5,exact,fixed,perturbation_seed,support_restricted_tv_l1,exact_support_restricted_l1,,,,,,
1,2027,220,Maximum-based,0.40684142158109915,0.9811910731868146,0.109375,0.4146403617999878,8x8,0.99,0.5,5,exact,fixed,perturbation_seed,support_restricted_tv_l1,exact_support_restricted_l1,,,,,,
1,2027,225,Maximum-based,0.40684142158109915,0.9811910731868146,0.109375,0.4146403617999878,8x8,0.99,0.5,5,exact,fixed,perturbation_seed,support_restricted_tv_l1,exact_support_restricted_l1,,,,,,
1,2027,230,Maximum-based,0.40684142158109915,0.9811910731868146,0.109375,0.4146403617999878,8x8,0.99,0.5,5,exact,fixed,perturbation_seed,support_restricted_tv_l1,exact_support_restricted_l1,,,,,,
1,2027,235,Maximum-based,0.40684142158109915,0.9811910731868146,0.109375,0.4146403617999878,8x8,0.99,0.5,5,exact,fixed,perturbation_seed,support_restricted_tv_l1,exact_support_restricted_l1,,,,,,
1,2027,240,Maximum-based,0.40684142158109915,0.9811910731868146,0.109375,0.4146403617999878,8x8,0.99,0.5,5,exact,fixed,perturbation_seed,support_restricted_tv_l1,exact_support_restricted_l1,,,,,,
1,2027,245,Maximum-based,0.40684142158109915,0.9811910731868146,0.109375,0.4146403617999878,8x8,0.99,0.5,5,exact,fixed,perturbation_seed,support_restricted_tv_l1,exact_support_restricted_l1,,,,,,
1,2027,250,Maximum-based,0.40684142158109915,0.9811910731868146,0.109375,0.4146403617999878,8x8,0.99,0.5,5,exact,fixed,perturbation_seed,support_restricted_tv_l1,exact_support_restricted_l1,,,,,,
1,2027,255,Maximum-based,0.40679764700953636,0.981085500802658,0.125,0.4146403617999878,8x8,0.99,0.5,5,exact,fixed,perturbation_seed,support_restricted_tv_l1,exact_support_restricted_l1,,,,,,
1,2027,260,Maximum-based,0.40679764700953636,0.981085500802658,0.125,0.4146403617999878,8x8,0.99,0.5,5,exact,fixed,perturbation_seed,support_restricted_tv_l1,exact_support_restricted_l1,,,,,,
1,2027,265,Maximum-based,0.40679764700953636,0.981085500802658,0.125,0.4146403617999878,8x8,0.99,0.5,5,exact,fixed,perturbation_seed,support_restricted_tv_l1,exact_support_restricted_l1,,,,,,
1,2027,270,Maximum-based,0.40679764700953636,0.981085500802658,0.125,0.4146403617999878,8x8,0.99,0.5,5,exact,fixed,perturbation_seed,support_restricted_tv_l1,exact_support_restricted_l1,,,,,,
1,2027,275,Maximum-based,0.40679764700953636,0.981085500802658,0.125,0.4146403617999878,8x8,0.99,0.5,5,exact,fixed,perturbation_seed,support_restricted_tv_l1,exact_support_restricted_l1,,,,,,
1,2027,280,Maximum-based,0.40679764700953636,0.981085500802658,0.125,0.4146403617999878,8x8,0.99,0.5,5,exact,fixed,perturbation_seed,support_restricted_tv_l1,exact_support_restricted_l1,,,,,,
1,2027,285,Maximum-based,0.40679764700953636,0.981085500802658,0.109375,0.4146403617999878,8x8,0.99,0.5,5,exact,fixed,perturbation_seed,support_restricted_tv_l1,exact_support_restricted_l1,,,,,,
1,2027,290,Maximum-based,0.40679764700953636,0.981085500802658,0.109375,0.4146403617999878,8x8,0.99,0.5,5,exact,fixed,perturbation_seed,support_restricted_tv_l1,exact_support_restricted_l1,,,,,,
1,2027,295,Maximum-based,0.40679764700953636,0.981085500802658,0.109375,0.4146403617999878,8x8,0.99,0.5,5,exact,fixed,perturbation_seed,support_restricted_tv_l1,exact_support_restricted_l1,,,,,,
1,2027,300,Maximum-based,0.40679764700953636,0.981085500802658,0.109375,0.4146403617999878,8x8,0.99,0.5,5,exact,fixed,perturbation_seed,support_restricted_tv_l1,exact_support_restricted_l1,,,,,,
1,2027,305,Maximum-based,0.40679764700953636,0.981085500802658,0.109375,0.4146403617999878,8x8,0.99,0.5,5,exact,fixed,perturbation_seed,support_restricted_tv_l1,exact_support_restricted_l1,,,,,,
1,2027,310,Maximum-based,0.40679764700953636,0.981085500802658,0.109375,0.4146403617999878,8x8,0.99,0.5,5,exact,fixed,perturbation_seed,support_restricted_tv_l1,exact_support_restricted_l1,,,,,,
1,2027,315,Maximum-based,0.40679764700953636,0.981085500802658,0.109375,0.4146403617999878,8x8,0.99,0.5,5,exact,fixed,perturbation_seed,support_restricted_tv_l1,exact_support_restricted_l1,,,,,,
1,2027,320,Maximum-based,0.40679764700953636,0.981085500802658,0.109375,0.4146403617999878,8x8,0.99,0.5,5,exact,fixed,perturbation_seed,support_restricted_tv_l1,exact_support_restricted_l1,,,,,,
1,2027,325,Maximum-based,0.40679764700953636,0.981085500802658,0.109375,0.4146403617999878,8x8,0.99,0.5,5,exact,fixed,perturbation_seed,support_restricted_tv_l1,exact_support_restricted_l1,,,,,,
1,2027,330,Maximum-based,0.4070756719252292,0.9817560214304278,0.09375,0.4146403617999878,8x8,0.99,0.5,5,exact,fixed,perturbation_seed,support_restricted_tv_l1,exact_support_restricted_l1,,,,,,
1,2027,335,Maximum-based,0.4070756719252292,0.9817560214304278,0.09375,0.4146403617999878,8x8,0.99,0.5,5,exact,fixed,perturbation_seed,support_restricted_tv_l1,exact_support_restricted_l1,,,,,,
1,2027,340,Maximum-based,0.4070756719252292,0.9817560214304278,0.09375,0.4146403617999878,8x8,0.99,0.5,5,exact,fixed,perturbation_seed,support_restricted_tv_l1,exact_support_restricted_l1,,,,,,
1,2027,345,Maximum-based,0.4070756719252292,0.9817560214304278,0.09375,0.4146403617999878,8x8,0.99,0.5,5,exact,fixed,perturbation_seed,support_restricted_tv_l1,exact_support_restricted_l1,,,,,,
1,2027,350,Maximum-based,0.4070756719252292,0.9817560214304278,0.09375,0.4146403617999878,8x8,0.99,0.5,5,exact,fixed,perturbation_seed,support_restricted_tv_l1,exact_support_restricted_l1,,,,,,
1,2027,355,Maximum-based,0.4070756719252292,0.9817560214304278,0.09375,0.4146403617999878,8x8,0.99,0.5,5,exact,fixed,perturbation_seed,support_restricted_tv_l1,exact_support_restricted_l1,,,,,,
1,2027,360,Maximum-based,0.4070756719252292,0.9817560214304278,0.09375,0.4146403617999878,8x8,0.99,0.5,5,exact,fixed,perturbation_seed,support_restricted_tv_l1,exact_support_restricted_l1,,,,,,
1,2027,365,Maximum-based,0.4070756719252292,0.9817560214304278,0.09375,0.4146403617999878,8x8,0.99,0.5,5,exact,fixed,perturbation_seed,support_restricted_tv_l1,exact_support_restricted_l1,,,,,,
1,2027,370,Maximum-based,0.4070756719252292,0.9817560214304278,0.09375,0.4146403617999878,8x8,0.99,0.5,5,exact,fixed,perturbation_seed,support_restricted_tv_l1,exact_support_restricted_l1,,,,,,
1,2027,375,Maximum-based,0.4070756719252292,0.9817560214304278,0.09375,0.4146403617999878,8x8,0.99,0.5,5,exact,fixed,perturbation_seed,support_restricted_tv_l1,exact_support_restricted_l1,,,,,,
1,2027,380,Maximum-based,0.4070756719252292,0.9817560214304278,0.09375,0.4146403617999878,8x8,0.99,0.5,5,exact,fixed,perturbation_seed,support_restricted_tv_l1,exact_support_restricted_l1,,,,,,
1,2027,385,Maximum-based,0.4070756719252292,0.9817560214304278,0.09375,0.4146403617999878,8x8,0.99,0.5,5,exact,fixed,perturbation_seed,support_restricted_tv_l1,exact_support_restricted_l1,,,,,,
1,2027,390,Maximum-based,0.4070756719252292,0.9817560214304278,0.09375,0.4146403617999878,8x8,0.99,0.5,5,exact,fixed,perturbation_seed,support_restricted_tv_l1,exact_support_restricted_l1,,,,,,
1,2027,395,Maximum-based,0.4070756719252292,0.9817560214304278,0.09375,0.4146403617999878,8x8,0.99,0.5,5,exact,fixed,perturbation_seed,support_restricted_tv_l1,exact_support_restricted_l1,,,,,,
1,2027,400,Maximum-based,0.4070756719252292,0.9817560214304278,0.09375,0.4146403617999878,8x8,0.99,0.5,5,exact,fixed,perturbation_seed,support_restricted_tv_l1,exact_support_restricted_l1,,,,,,
1,2027,405,Maximum-based,0.4070756719252292,0.9817560214304278,0.09375,0.4146403617999878,8x8,0.99,0.5,5,exact,fixed,perturbation_seed,support_restricted_tv_l1,exact_support_restricted_l1,,,,,,
1,2027,410,Maximum-based,0.4070756719252292,0.9817560214304278,0.09375,0.4146403617999878,8x8,0.99,0.5,5,exact,fixed,perturbation_seed,support_restricted_tv_l1,exact_support_restricted_l1,,,,,,
1,2027,415,Maximum-based,0.4070756719252292,0.9817560214304278,0.09375,0.4146403617999878,8x8,0.99,0.5,5,exact,fixed,perturbation_seed,support_restricted_tv_l1,exact_support_restricted_l1,,,,,,
1,2027,420,Maximum-based,0.4070756719252292,0.9817560214304278,0.09375,0.4146403617999878,8x8,0.99,0.5,5,exact,fixed,perturbation_seed,support_restricted_tv_l1,exact_support_restricted_l1,,,,,,
1,2027,425,Maximum-based,0.4070756719252292,0.9817560214304278,0.09375,0.4146403617999878,8x8,0.99,0.5,5,exact,fixed,perturbation_seed,support_restricted_tv_l1,exact_support_restricted_l1,,,,,,
1,2027,430,Maximum-based,0.4070756719252292,0.9817560214304278,0.09375,0.4146403617999878,8x8,0.99,0.5,5,exact,fixed,perturbation_seed,support_restricted_tv_l1,exact_support_restricted_l1,,,,,,
1,2027,435,Maximum-based,0.4070756719252292,0.9817560214304278,0.09375,0.4146403617999878,8x8,0.99,0.5,5,exact,fixed,perturbation_seed,support_restricted_tv_l1,exact_support_restricted_l1,,,,,,
1,2027,440,Maximum-based,0.4070756719252292,0.9817560214304278,0.09375,0.4146403617999878,8x8,0.99,0.5,5,exact,fixed,perturbation_seed,support_restricted_tv_l1,exact_support_restricted_l1,,,,,,
1,2027,445,Maximum-based,0.4070756719252292,0.9817560214304278,0.09375,0.4146403617999878,8x8,0.99,0.5,5,exact,fixed,perturbation_seed,support_restricted_tv_l1,exact_support_restricted_l1,,,,,,
1,2027,450,Maximum-based,0.4070756719252292,0.9817560214304278,0.09375,0.4146403617999878,8x8,0.99,0.5,5,exact,fixed,perturbation_seed,support_restricted_tv_l1,exact_support_restricted_l1,,,,,,
1,2027,455,Maximum-based,0.4070756719252292,0.9817560214304278,0.09375,0.4146403617999878,8x8,0.99,0.5,5,exact,fixed,perturbation_seed,support_restricted_tv_l1,exact_support_restricted_l1,,,,,,
1,2027,460,Maximum-based,0.4070756719252292,0.9817560214304278,0.09375,0.4146403617999878,8x8,0.99,0.5,5,exact,fixed,perturbation_seed,support_restricted_tv_l1,exact_support_restricted_l1,,,,,,
1,2027,465,Maximum-based,0.4070756719252292,0.9817560214304278,0.09375,0.4146403617999878,8x8,0.99,0.5,5,exact,fixed,perturbation_seed,support_restricted_tv_l1,exact_support_restricted_l1,,,,,,
1,2027,470,Maximum-based,0.4070756719252292,0.9817560214304278,0.09375,0.4146403617999878,8x8,0.99,0.5,5,exact,fixed,perturbation_seed,support_restricted_tv_l1,exact_support_restricted_l1,,,,,,
1,2027,475,Maximum-based,0.4070756719252292,0.9817560214304278,0.09375,0.4146403617999878,8x8,0.99,0.5,5,exact,fixed,perturbation_seed,support_restricted_tv_l1,exact_support_restricted_l1,,,,,,
1,2027,480,Maximum-based,0.4070756719252292,0.9817560214304278,0.09375,0.4146403617999878,8x8,0.99,0.5,5,exact,fixed,perturbation_seed,support_restricted_tv_l1,exact_support_restricted_l1,,,,,,
1,2027,485,Maximum-based,0.4070756719252292,0.9817560214304278,0.09375,0.4146403617999878,8x8,0.99,0.5,5,exact,fixed,perturbation_seed,support_restricted_tv_l1,exact_support_restricted_l1,,,,,,
1,2027,490,Maximum-based,0.4070756719252292,0.9817560214304278,0.09375,0.4146403617999878,8x8,0.99,0.5,5,exact,fixed,perturbation_seed,support_restricted_tv_l1,exact_support_restricted_l1,,,,,,
1,2027,495,Maximum-based,0.4070756719252292,0.9817560214304278,0.09375,0.4146403617999878,8x8,0.99,0.5,5,exact,fixed,perturbation_seed,support_restricted_tv_l1,exact_support_restricted_l1,,,,,,
1,2027,500,Maximum-based,0.4070756719252292,0.9817560214304278,0.09375,0.4146403617999878,8x8,0.99,0.5,5,exact,fixed,perturbation_seed,support_restricted_tv_l1,exact_support_restricted_l1,,,,,,
1,2027,0,Similarity-aware,0.0,0.0,0.65625,0.4146403617999878,8x8,0.99,0.5,5,exact,fixed,perturbation_seed,support_restricted_tv_l1,exact_support_restricted_l1,,,,,,
1,2027,5,Similarity-aware,0.0,0.0,0.640625,0.4146403617999878,8x8,0.99,0.5,5,exact,fixed,perturbation_seed,support_restricted_tv_l1,exact_support_restricted_l1,,,,,,
1,2027,10,Similarity-aware,-1.2477677319733463e-18,-3.009277067376375e-18,0.53125,0.4146403617999878,8x8,0.99,0.5,5,exact,fixed,perturbation_seed,support_restricted_tv_l1,exact_support_restricted_l1,,,,,,
1,2027,15,Similarity-aware,0.03345200530816619,0.08067715637461893,0.4375,0.4146403617999878,8x8,0.99,0.5,5,exact,fixed,perturbation_seed,support_restricted_tv_l1,exact_support_restricted_l1,,,,,,
1,2027,20,Similarity-aware,0.07401723727766892,0.17850948459613053,0.40625,0.4146403617999878,8x8,0.99,0.5,5,exact,fixed,perturbation_seed,support_restricted_tv_l1,exact_support_restricted_l1,,,,,,
1,2027,25,Similarity-aware,0.13106137612564972,0.3160844630674678,0.359375,0.4146403617999878,8x8,0.99,0.5,5,exact,fixed,perturbation_seed,support_restricted_tv_l1,exact_support_restricted_l1,,,,,,
1,2027,30,Similarity-aware,0.22161874168868143,0.5344842473284952,0.296875,0.4146403617999878,8x8,0.99,0.5,5,exact,fixed,perturbation_seed,support_restricted_tv_l1,exact_support_restricted_l1,,,,,,
1,2027,35,Similarity-aware,0.3119474476715003,0.7523325667508847,0.234375,0.4146403617999878,8x8,0.99,0.5,5,exact,fixed,perturbation_seed,support_restricted_tv_l1,exact_support_restricted_l1,,,,,,
1,2027,40,Similarity-aware,0.31507640187656566,0.7598787549499358,0.21875,0.4146403617999878,8x8,0.99,0.5,5,exact,fixed,perturbation_seed,support_restricted_tv_l1,exact_support_restricted_l1,,,,,,
1,2027,45,Similarity-aware,0.32700847778021813,0.7886556831096894,0.21875,0.4146403617999878,8x8,0.99,0.5,5,exact,fixed,perturbation_seed,support_restricted_tv_l1,exact_support_restricted_l1,,,,,,
1,2027,50,Similarity-aware,0.32700847778021813,0.7886556831096894,0.21875,0.4146403617999878,8x8,0.99,0.5,5,exact,fixed,perturbation_seed,support_restricted_tv_l1,exact_support_restricted_l1,,,,,,
1,2027,55,Similarity-aware,0.3387936555380329,0.8170783328166652,0.203125,0.4146403617999878,8x8,0.99,0.5,5,exact,fixed,perturbation_seed,support_restricted_tv_l1,exact_support_restricted_l1,,,,,,
1,2027,60,Similarity-aware,0.3387936555380329,0.8170783328166652,0.203125,0.4146403617999878,8x8,0.99,0.5,5,exact,fixed,perturbation_seed,support_restricted_tv_l1,exact_support_restricted_l1,,,,,,
1,2027,65,Similarity-aware,0.3437230484866887,0.8289666905425193,0.1875,0.4146403617999878,8x8,0.99,0.5,5,exact,fixed,perturbation_seed,support_restricted_tv_l1,exact_support_restricted_l1,,,,,,
1,2027,70,Similarity-aware,0.3437230484866887,0.8289666905425193,0.1875,0.4146403617999878,8x8,0.99,0.5,5,exact,fixed,perturbation_seed,support_restricted_tv_l1,exact_support_restricted_l1,,,,,,
1,2027,75,Similarity-aware,0.3437230484866887,0.8289666905425193,0.1875,0.4146403617999878,8x8,0.99,0.5,5,exact,fixed,perturbation_seed,support_restricted_tv_l1,exact_support_restricted_l1,,,,,,
1,2027,80,Similarity-aware,0.34378954838003645,0.8291270702341128,0.171875,0.4146403617999878,8x8,0.99,0.5,5,exact,fixed,perturbation_seed,support_restricted_tv_l1,exact_support_restricted_l1,,,,,,
1,2027,85,Similarity-aware,0.35670459001002125,0.8602746449032057,0.15625,0.4146403617999878,8x8,0.99,0.5,5,exact,fixed,perturbation_seed,support_restricted_tv_l1,exact_support_restricted_l1,,,,,,
1,2027,90,Similarity-aware,0.35670459001002125,0.8602746449032057,0.15625,0.4146403617999878,8x8,0.99,0.5,5,exact,fixed,perturbation_seed,support_restricted_tv_l1,exact_support_restricted_l1,,,,,,
1,2027,95,Similarity-aware,0.35670459001002125,0.8602746449032057,0.15625,0.4146403617999878,8x8,0.99,0.5,5,exact,fixed,perturbation_seed,support_restricted_tv_l1,exact_support_restricted_l1,,,,,,
1,2027,100,Similarity-aware,0.35019032628823044,0.8445640090801231,0.171875,0.4146403617999878,8x8,0.99,0.5,5,exact,fixed,perturbation_seed,support_restricted_tv_l1,exact_support_restricted_l1,,,,,,
1,2027,105,Similarity-aware,0.37138858020512916,0.895688443336536,0.15625,0.4146403617999878,8x8,0.99,0.5,5,exact,fixed,perturbation_seed,support_restricted_tv_l1,exact_support_restricted_l1,,,,,,
1,2027,110,Similarity-aware,0.37138858020512916,0.895688443336536,0.15625,0.4146403617999878,8x8,0.99,0.5,5,exact,fixed,perturbation_seed,support_restricted_tv_l1,exact_support_restricted_l1,,,,,,
1,2027,115,Similarity-aware,0.37138858020512916,0.895688443336536,0.15625,0.4146403617999878,8x8,0.99,0.5,5,exact,fixed,perturbation_seed,support_restricted_tv_l1,exact_support_restricted_l1,,,,,,
1,2027,120,Similarity-aware,0.37138858020512916,0.895688443336536,0.15625,0.4146403617999878,8x8,0.99,0.5,5,exact,fixed,perturbation_seed,support_restricted_tv_l1,exact_support_restricted_l1,,,,,,
1,2027,125,Similarity-aware,0.37138858020512916,0.895688443336536,0.15625,0.4146403617999878,8x8,0.99,0.5,5,exact,fixed,perturbation_seed,support_restricted_tv_l1,exact_support_restricted_l1,,,,,,
1,2027,130,Similarity-aware,0.37138858020512916,0.895688443336536,0.15625,0.4146403617999878,8x8,0.99,0.5,5,exact,fixed,perturbation_seed,support_restricted_tv_l1,exact_support_restricted_l1,,,,,,
1,2027,135,Similarity-aware,0.37138858020512916,0.895688443336536,0.15625,0.4146403617999878,8x8,0.99,0.5,5,exact,fixed,perturbation_seed,support_restricted_tv_l1,exact_support_restricted_l1,,,,,,
1,2027,140,Similarity-aware,0.37138858020512916,0.895688443336536,0.15625,0.4146403617999878,8x8,0.99,0.5,5,exact,fixed,perturbation_seed,support_restricted_tv_l1,exact_support_restricted_l1,,,,,,
1,2027,145,Similarity-aware,0.37138858020512916,0.895688443336536,0.15625,0.4146403617999878,8x8,0.99,0.5,5,exact,fixed,perturbation_seed,support_restricted_tv_l1,exact_support_restricted_l1,,,,,,
1,2027,150,Similarity-aware,0.37138858020512916,0.895688443336536,0.15625,0.4146403617999878,8x8,0.99,0.5,5,exact,fixed,perturbation_seed,support_restricted_tv_l1,exact_support_restricted_l1,,,,,,
1,2027,155,Similarity-aware,0.37138858020512916,0.895688443336536,0.15625,0.4146403617999878,8x8,0.99,0.5,5,exact,fixed,perturbation_seed,support_restricted_tv_l1,exact_support_restricted_l1,,,,,,
1,2027,160,Similarity-aware,0.37138858020512916,0.895688443336536,0.15625,0.4146403617999878,8x8,0.99,0.5,5,exact,fixed,perturbation_seed,support_restricted_tv_l1,exact_support_restricted_l1,,,,,,
1,2027,165,Similarity-aware,0.37138858020512916,0.895688443336536,0.15625,0.4146403617999878,8x8,0.99,0.5,5,exact,fixed,perturbation_seed,support_restricted_tv_l1,exact_support_restricted_l1,,,,,,
1,2027,170,Similarity-aware,0.37138858020512916,0.895688443336536,0.15625,0.4146403617999878,8x8,0.99,0.5,5,exact,fixed,perturbation_seed,support_restricted_tv_l1,exact_support_restricted_l1,,,,,,
1,2027,175,Similarity-aware,0.37138858020512916,0.895688443336536,0.15625,0.4146403617999878,8x8,0.99,0.5,5,exact,fixed,perturbation_seed,support_restricted_tv_l1,exact_support_restricted_l1,,,,,,
1,2027,180,Similarity-aware,0.37138858020512916,0.895688443336536,0.15625,0.4146403617999878,8x8,0.99,0.5,5,exact,fixed,perturbation_seed,support_restricted_tv_l1,exact_support_restricted_l1,,,,,,
1,2027,185,Similarity-aware,0.37138858020512916,0.895688443336536,0.15625,0.4146403617999878,8x8,0.99,0.5,5,exact,fixed,perturbation_seed,support_restricted_tv_l1,exact_support_restricted_l1,,,,,,
1,2027,190,Similarity-aware,0.37138858020512916,0.895688443336536,0.15625,0.4146403617999878,8x8,0.99,0.5,5,exact,fixed,perturbation_seed,support_restricted_tv_l1,exact_support_restricted_l1,,,,,,
1,2027,195,Similarity-aware,0.37138858020512916,0.895688443336536,0.15625,0.4146403617999878,8x8,0.99,0.5,5,exact,fixed,perturbation_seed,support_restricted_tv_l1,exact_support_restricted_l1,,,,,,
1,2027,200,Similarity-aware,0.37138858020512916,0.895688443336536,0.15625,0.4146403617999878,8x8,0.99,0.5,5,exact,fixed,perturbation_seed,support_restricted_tv_l1,exact_support_restricted_l1,,,,,,
1,2027,205,Similarity-aware,0.37138858020512916,0.895688443336536,0.15625,0.4146403617999878,8x8,0.99,0.5,5,exact,fixed,perturbation_seed,support_restricted_tv_l1,exact_support_restricted_l1,,,,,,
1,2027,210,Similarity-aware,0.37138858020512916,0.895688443336536,0.15625,0.4146403617999878,8x8,0.99,0.5,5,exact,fixed,perturbation_seed,support_restricted_tv_l1,exact_support_restricted_l1,,,,,,
1,2027,215,Similarity-aware,0.37138858020512916,0.895688443336536,0.15625,0.4146403617999878,8x8,0.99,0.5,5,exact,fixed,perturbation_seed,support_restricted_tv_l1,exact_support_restricted_l1,,,,,,
1,2027,220,Similarity-aware,0.37138858020512916,0.895688443336536,0.15625,0.4146403617999878,8x8,0.99,0.5,5,exact,fixed,perturbation_seed,support_restricted_tv_l1,exact_support_restricted_l1,,,,,,
1,2027,225,Similarity-aware,0.37138858020512916,0.895688443336536,0.15625,0.4146403617999878,8x8,0.99,0.5,5,exact,fixed,perturbation_seed,support_restricted_tv_l1,exact_support_restricted_l1,,,,,,
1,2027,230,Similarity-aware,0.37138858020512916,0.895688443336536,0.15625,0.4146403617999878,8x8,0.99,0.5,5,exact,fixed,perturbation_seed,support_restricted_tv_l1,exact_support_restricted_l1,,,,,,
1,2027,235,Similarity-aware,0.37138858020512916,0.895688443336536,0.15625,0.4146403617999878,8x8,0.99,0.5,5,exact,fixed,perturbation_seed,support_restricted_tv_l1,exact_support_restricted_l1,,,,,,
1,2027,240,Similarity-aware,0.37138858020512916,0.895688443336536,0.15625,0.4146403617999878,8x8,0.99,0.5,5,exact,fixed,perturbation_seed,support_restricted_tv_l1,exact_support_restricted_l1,,,,,,
1,2027,245,Similarity-aware,0.37138858020512916,0.895688443336536,0.15625,0.4146403617999878,8x8,0.99,0.5,5,exact,fixed,perturbation_seed,support_restricted_tv_l1,exact_support_restricted_l1,,,,,,
1,2027,250,Similarity-aware,0.37138858020512916,0.895688443336536,0.15625,0.4146403617999878,8x8,0.99,0.5,5,exact,fixed,perturbation_seed,support_restricted_tv_l1,exact_support_restricted_l1,,,,,,
1,2027,255,Similarity-aware,0.37138858020512916,0.895688443336536,0.15625,0.4146403617999878,8x8,0.99,0.5,5,exact,fixed,perturbation_seed,support_restricted_tv_l1,exact_support_restricted_l1,,,,,,
1,2027,260,Similarity-aware,0.37138858020512916,0.895688443336536,0.15625,0.4146403617999878,8x8,0.99,0.5,5,exact,fixed,perturbation_seed,support_restricted_tv_l1,exact_support_restricted_l1,,,,,,
1,2027,265,Similarity-aware,0.37138858020512916,0.895688443336536,0.15625,0.4146403617999878,8x8,0.99,0.5,5,exact,fixed,perturbation_seed,support_restricted_tv_l1,exact_support_restricted_l1,,,,,,
1,2027,270,Similarity-aware,0.37138858020512916,0.895688443336536,0.15625,0.4146403617999878,8x8,0.99,0.5,5,exact,fixed,perturbation_seed,support_restricted_tv_l1,exact_support_restricted_l1,,,,,,
1,2027,275,Similarity-aware,0.37138858020512916,0.895688443336536,0.15625,0.4146403617999878,8x8,0.99,0.5,5,exact,fixed,perturbation_seed,support_restricted_tv_l1,exact_support_restricted_l1,,,,,,
1,2027,280,Similarity-aware,0.37138858020512916,0.895688443336536,0.15625,0.4146403617999878,8x8,0.99,0.5,5,exact,fixed,perturbation_seed,support_restricted_tv_l1,exact_support_restricted_l1,,,,,,
1,2027,285,Similarity-aware,0.37138858020512916,0.895688443336536,0.15625,0.4146403617999878,8x8,0.99,0.5,5,exact,fixed,perturbation_seed,support_restricted_tv_l1,exact_support_restricted_l1,,,,,,
1,2027,290,Similarity-aware,0.37138858020512916,0.895688443336536,0.15625,0.4146403617999878,8x8,0.99,0.5,5,exact,fixed,perturbation_seed,support_restricted_tv_l1,exact_support_restricted_l1,,,,,,
1,2027,295,Similarity-aware,0.37138858020512916,0.895688443336536,0.15625,0.4146403617999878,8x8,0.99,0.5,5,exact,fixed,perturbation_seed,support_restricted_tv_l1,exact_support_restricted_l1,,,,,,
1,2027,300,Similarity-aware,0.37138858020512916,0.895688443336536,0.15625,0.4146403617999878,8x8,0.99,0.5,5,exact,fixed,perturbation_seed,support_restricted_tv_l1,exact_support_restricted_l1,,,,,,
1,2027,305,Similarity-aware,0.37138858020512916,0.895688443336536,0.15625,0.4146403617999878,8x8,0.99,0.5,5,exact,fixed,perturbation_seed,support_restricted_tv_l1,exact_support_restricted_l1,,,,,,
1,2027,310,Similarity-aware,0.37138858020512916,0.895688443336536,0.15625,0.4146403617999878,8x8,0.99,0.5,5,exact,fixed,perturbation_seed,support_restricted_tv_l1,exact_support_restricted_l1,,,,,,
1,2027,315,Similarity-aware,0.3814596968003552,0.9199772427951958,0.140625,0.4146403617999878,8x8,0.99,0.5,5,exact,fixed,perturbation_seed,support_restricted_tv_l1,exact_support_restricted_l1,,,,,,
1,2027,320,Similarity-aware,0.3814596968003552,0.9199772427951958,0.140625,0.4146403617999878,8x8,0.99,0.5,5,exact,fixed,perturbation_seed,support_restricted_tv_l1,exact_support_restricted_l1,,,,,,
1,2027,325,Similarity-aware,0.3814596968003552,0.9199772427951958,0.140625,0.4146403617999878,8x8,0.99,0.5,5,exact,fixed,perturbation_seed,support_restricted_tv_l1,exact_support_restricted_l1,,,,,,
1,2027,330,Similarity-aware,0.3814596968003552,0.9199772427951958,0.140625,0.4146403617999878,8x8,0.99,0.5,5,exact,fixed,perturbation_seed,support_restricted_tv_l1,exact_support_restricted_l1,,,,,,
1,2027,335,Similarity-aware,0.3814596968003552,0.9199772427951958,0.140625,0.4146403617999878,8x8,0.99,0.5,5,exact,fixed,perturbation_seed,support_restricted_tv_l1,exact_support_restricted_l1,,,,,,
1,2027,340,Similarity-aware,0.3814596968003552,0.9199772427951958,0.140625,0.4146403617999878,8x8,0.99,0.5,5,exact,fixed,perturbation_seed,support_restricted_tv_l1,exact_support_restricted_l1,,,,,,
1,2027,345,Similarity-aware,0.3814596968003552,0.9199772427951958,0.140625,0.4146403617999878,8x8,0.99,0.5,5,exact,fixed,perturbation_seed,support_restricted_tv_l1,exact_support_restricted_l1,,,,,,
1,2027,350,Similarity-aware,0.3814596968003552,0.9199772427951958,0.140625,0.4146403617999878,8x8,0.99,0.5,5,exact,fixed,perturbation_seed,support_restricted_tv_l1,exact_support_restricted_l1,,,,,,
1,2027,355,Similarity-aware,0.3814596968003552,0.9199772427951958,0.140625,0.4146403617999878,8x8,0.99,0.5,5,exact,fixed,perturbation_seed,support_restricted_tv_l1,exact_support_restricted_l1,,,,,,
1,2027,360,Similarity-aware,0.3814596968003552,0.9199772427951958,0.140625,0.4146403617999878,8x8,0.99,0.5,5,exact,fixed,perturbation_seed,support_restricted_tv_l1,exact_support_restricted_l1,,,,,,
1,2027,365,Similarity-aware,0.3946757026003494,0.9518506613466905,0.125,0.4146403617999878,8x8,0.99,0.5,5,exact,fixed,perturbation_seed,support_restricted_tv_l1,exact_support_restricted_l1,,,,,,
1,2027,370,Similarity-aware,0.3946757026003494,0.9518506613466905,0.125,0.4146403617999878,8x8,0.99,0.5,5,exact,fixed,perturbation_seed,support_restricted_tv_l1,exact_support_restricted_l1,,,,,,
1,2027,375,Similarity-aware,0.3946757026003494,0.9518506613466905,0.125,0.4146403617999878,8x8,0.99,0.5,5,exact,fixed,perturbation_seed,support_restricted_tv_l1,exact_support_restricted_l1,,,,,,
1,2027,380,Similarity-aware,0.3946757026003494,0.9518506613466905,0.125,0.4146403617999878,8x8,0.99,0.5,5,exact,fixed,perturbation_seed,support_restricted_tv_l1,exact_support_restricted_l1,,,,,,
1,2027,385,Similarity-aware,0.3946757026003494,0.9518506613466905,0.125,0.4146403617999878,8x8,0.99,0.5,5,exact,fixed,perturbation_seed,support_restricted_tv_l1,exact_support_restricted_l1,,,,,,
1,2027,390,Similarity-aware,0.3946769378687741,0.9518536404788216,0.109375,0.4146403617999878,8x8,0.99,0.5,5,exact,fixed,perturbation_seed,support_restricted_tv_l1,exact_support_restricted_l1,,,,,,
1,2027,395,Similarity-aware,0.3946769378687741,0.9518536404788216,0.109375,0.4146403617999878,8x8,0.99,0.5,5,exact,fixed,perturbation_seed,support_restricted_tv_l1,exact_support_restricted_l1,,,,,,
1,2027,400,Similarity-aware,0.3946769378687741,0.9518536404788216,0.109375,0.4146403617999878,8x8,0.99,0.5,5,exact,fixed,perturbation_seed,support_restricted_tv_l1,exact_support_restricted_l1,,,,,,
1,2027,405,Similarity-aware,0.3946769378687741,0.9518536404788216,0.109375,0.4146403617999878,8x8,0.99,0.5,5,exact,fixed,perturbation_seed,support_restricted_tv_l1,exact_support_restricted_l1,,,,,,
1,2027,410,Similarity-aware,0.3946769378687741,0.9518536404788216,0.109375,0.4146403617999878,8x8,0.99,0.5,5,exact,fixed,perturbation_seed,support_restricted_tv_l1,exact_support_restricted_l1,,,,,,
1,2027,415,Similarity-aware,0.3946769378687741,0.9518536404788216,0.109375,0.4146403617999878,8x8,0.99,0.5,5,exact,fixed,perturbation_seed,support_restricted_tv_l1,exact_support_restricted_l1,,,,,,
1,2027,420,Similarity-aware,0.3946769378687741,0.9518536404788216,0.109375,0.4146403617999878,8x8,0.99,0.5,5,exact,fixed,perturbation_seed,support_restricted_tv_l1,exact_support_restricted_l1,,,,,,
1,2027,425,Similarity-aware,0.3946769378687741,0.9518536404788216,0.109375,0.4146403617999878,8x8,0.99,0.5,5,exact,fixed,perturbation_seed,support_restricted_tv_l1,exact_support_restricted_l1,,,,,,
1,2027,430,Similarity-aware,0.3946769378687741,0.9518536404788216,0.109375,0.4146403617999878,8x8,0.99,0.5,5,exact,fixed,perturbation_seed,support_restricted_tv_l1,exact_support_restricted_l1,,,,,,
1,2027,435,Similarity-aware,0.3946769378687741,0.9518536404788216,0.109375,0.4146403617999878,8x8,0.99,0.5,5,exact,fixed,perturbation_seed,support_restricted_tv_l1,exact_support_restricted_l1,,,,,,
1,2027,440,Similarity-aware,0.3946769378687741,0.9518536404788216,0.109375,0.4146403617999878,8x8,0.99,0.5,5,exact,fixed,perturbation_seed,support_restricted_tv_l1,exact_support_restricted_l1,,,,,,
1,2027,445,Similarity-aware,0.3946769378687741,0.9518536404788216,0.109375,0.4146403617999878,8x8,0.99,0.5,5,exact,fixed,perturbation_seed,support_restricted_tv_l1,exact_support_restricted_l1,,,,,,
1,2027,450,Similarity-aware,0.3946769378687741,0.9518536404788216,0.109375,0.4146403617999878,8x8,0.99,0.5,5,exact,fixed,perturbation_seed,support_restricted_tv_l1,exact_support_restricted_l1,,,,,,
1,2027,455,Similarity-aware,0.3946769378687741,0.9518536404788216,0.109375,0.4146403617999878,8x8,0.99,0.5,5,exact,fixed,perturbation_seed,support_restricted_tv_l1,exact_support_restricted_l1,,,,,,
1,2027,460,Similarity-aware,0.3946769378687741,0.9518536404788216,0.109375,0.4146403617999878,8x8,0.99,0.5,5,exact,fixed,perturbation_seed,support_restricted_tv_l1,exact_support_restricted_l1,,,,,,
1,2027,465,Similarity-aware,0.3946769378687741,0.9518536404788216,0.109375,0.4146403617999878,8x8,0.99,0.5,5,exact,fixed,perturbation_seed,support_restricted_tv_l1,exact_support_restricted_l1,,,,,,
1,2027,470,Similarity-aware,0.3946769378687741,0.9518536404788216,0.109375,0.4146403617999878,8x8,0.99,0.5,5,exact,fixed,perturbation_seed,support_restricted_tv_l1,exact_support_restricted_l1,,,,,,
1,2027,475,Similarity-aware,0.3946769378687741,0.9518536404788216,0.109375,0.4146403617999878,8x8,0.99,0.5,5,exact,fixed,perturbation_seed,support_restricted_tv_l1,exact_support_restricted_l1,,,,,,
1,2027,480,Similarity-aware,0.3946769378687741,0.9518536404788216,0.109375,0.4146403617999878,8x8,0.99,0.5,5,exact,fixed,perturbation_seed,support_restricted_tv_l1,exact_support_restricted_l1,,,,,,
1,2027,485,Similarity-aware,0.3946769378687741,0.9518536404788216,0.109375,0.4146403617999878,8x8,0.99,0.5,5,exact,fixed,perturbation_seed,support_restricted_tv_l1,exact_support_restricted_l1,,,,,,
1,2027,490,Similarity-aware,0.3946769378687741,0.9518536404788216,0.109375,0.4146403617999878,8x8,0.99,0.5,5,exact,fixed,perturbation_seed,support_restricted_tv_l1,exact_support_restricted_l1,,,,,,
1,2027,495,Similarity-aware,0.3946769378687741,0.9518536404788216,0.109375,0.4146403617999878,8x8,0.99,0.5,5,exact,fixed,perturbation_seed,support_restricted_tv_l1,exact_support_restricted_l1,,,,,,
1,2027,500,Similarity-aware,0.3946769378687741,0.9518536404788216,0.109375,0.4146403617999878,8x8,0.99,0.5,5,exact,fixed,perturbation_seed,support_restricted_tv_l1,exact_support_restricted_l1,,,,,,
1,2027,0,Uniform,0.0,0.0,0.65625,0.4146403617999878,8x8,0.99,0.5,5,exact,fixed,perturbation_seed,support_restricted_tv_l1,exact_support_restricted_l1,,,,,,
1,2027,5,Uniform,0.0,0.0,0.609375,0.4146403617999878,8x8,0.99,0.5,5,exact,fixed,perturbation_seed,support_restricted_tv_l1,exact_support_restricted_l1,,,,,,
1,2027,10,Uniform,6.077442453854407e-19,1.4657141498410166e-18,0.484375,0.4146403617999878,8x8,0.99,0.5,5,exact,fixed,perturbation_seed,support_restricted_tv_l1,exact_support_restricted_l1,,,,,,
1,2027,15,Uniform,0.015056636014474645,0.036312518996251486,0.453125,0.4146403617999878,8x8,0.99,0.5,5,exact,fixed,perturbation_seed,support_restricted_tv_l1,exact_support_restricted_l1,,,,,,
1,2027,20,Uniform,0.0800357816339063,0.193024579870769,0.40625,0.4146403617999878,8x8,0.99,0.5,5,exact,fixed,perturbation_seed,support_restricted_tv_l1,exact_support_restricted_l1,,,,,,
1,2027,25,Uniform,0.12202034492591694,0.2942799499696957,0.359375,0.4146403617999878,8x8,0.99,0.5,5,exact,fixed,perturbation_seed,support_restricted_tv_l1,exact_support_restricted_l1,,,,,,
1,2027,30,Uniform,0.12202034492591683,0.2942799499696954,0.3125,0.4146403617999878,8x8,0.99,0.5,5,exact,fixed,perturbation_seed,support_restricted_tv_l1,exact_support_restricted_l1,,,,,,
1,2027,35,Uniform,0.15485670203947302,0.37347233001444285,0.28125,0.4146403617999878,8x8,0.99,0.5,5,exact,fixed,perturbation_seed,support_restricted_tv_l1,exact_support_restricted_l1,,,,,,
1,2027,40,Uniform,0.17315430275459187,0.41760117612022823,0.234375,0.4146403617999878,8x8,0.99,0.5,5,exact,fixed,perturbation_seed,support_restricted_tv_l1,exact_support_restricted_l1,,,,,,
1,2027,45,Uniform,0.17630427275893149,0.4251980487224644,0.234375,0.4146403617999878,8x8,0.99,0.5,5,exact,fixed,perturbation_seed,support_restricted_tv_l1,exact_support_restricted_l1,,,,,,
1,2027,50,Uniform,0.188375868461553,0.45431146076517465,0.21875,0.4146403617999878,8x8,0.99,0.5,5,exact,fixed,perturbation_seed,support_restricted_tv_l1,exact_support_restricted_l1,,,,,,
1,2027,55,Uniform,0.28055307498974474,0.6766178617340599,0.203125,0.4146403617999878,8x8,0.99,0.5,5,exact,fixed,perturbation_seed,support_restricted_tv_l1,exact_support_restricted_l1,,,,,,
1,2027,60,Uniform,0.3502902978965669,0.8448051134624908,0.171875,0.4146403617999878,8x8,0.99,0.5,5,exact,fixed,perturbation_seed,support_restricted_tv_l1,exact_support_restricted_l1,,,,,,
1,2027,65,Uniform,0.34920367135681063,0.8421844652095345,0.171875,0.4146403617999878,8x8,0.99,0.5,5,exact,fixed,perturbation_seed,support_restricted_tv_l1,exact_support_restricted_l1,,,,,,
1,2027,70,Uniform,0.34920367135681063,0.8421844652095345,0.171875,0.4146403617999878,8x8,0.99,0.5,5,exact,fixed,perturbation_seed,support_restricted_tv_l1,exact_support_restricted_l1,,,,,,
1,2027,75,Uniform,0.37038942271789027,0.8932787466950863,0.15625,0.4146403617999878,8x8,0.99,0.5,5,exact,fixed,perturbation_seed,support_restricted_tv_l1,exact_support_restricted_l1,,,,,,
1,2027,80,Uniform,0.37038942271789027,0.8932787466950863,0.15625,0.4146403617999878,8x8,0.99,0.5,5,exact,fixed,perturbation_seed,support_restricted_tv_l1,exact_support_restricted_l1,,,,,,
1,2027,85,Uniform,0.3638464940425282,0.8774989787849904,0.15625,0.4146403617999878,8x8,0.99,0.5,5,exact,fixed,perturbation_seed,support_restricted_tv_l1,exact_support_restricted_l1,,,,,,
1,2027,90,Uniform,0.3638464940425282,0.8774989787849904,0.15625,0.4146403617999878,8x8,0.99,0.5,5,exact,fixed,perturbation_seed,support_restricted_tv_l1,exact_support_restricted_l1,,,,,,
1,2027,95,Uniform,0.3638464940425282,0.8774989787849904,0.15625,0.4146403617999878,8x8,0.99,0.5,5,exact,fixed,perturbation_seed,support_restricted_tv_l1,exact_support_restricted_l1,,,,,,
1,2027,100,Uniform,0.3638464940425282,0.8774989787849904,0.15625,0.4146403617999878,8x8,0.99,0.5,5,exact,fixed,perturbation_seed,support_restricted_tv_l1,exact_support_restricted_l1,,,,,,
1,2027,105,Uniform,0.3638464940425282,0.8774989787849904,0.15625,0.4146403617999878,8x8,0.99,0.5,5,exact,fixed,perturbation_seed,support_restricted_tv_l1,exact_support_restricted_l1,,,,,,
1,2027,110,Uniform,0.3638464940425282,0.8774989787849904,0.15625,0.4146403617999878,8x8,0.99,0.5,5,exact,fixed,perturbation_seed,support_restricted_tv_l1,exact_support_restricted_l1,,,,,,
1,2027,115,Uniform,0.3638464940425282,0.8774989787849904,0.15625,0.4146403617999878,8x8,0.99,0.5,5,exact,fixed,perturbation_seed,support_restricted_tv_l1,exact_support_restricted_l1,,,,,,
1,2027,120,Uniform,0.3638464940425282,0.8774989787849904,0.15625,0.4146403617999878,8x8,0.99,0.5,5,exact,fixed,perturbation_seed,support_restricted_tv_l1,exact_support_restricted_l1,,,,,,
1,2027,125,Uniform,0.3638464940425282,0.8774989787849904,0.15625,0.4146403617999878,8x8,0.99,0.5,5,exact,fixed,perturbation_seed,support_restricted_tv_l1,exact_support_restricted_l1,,,,,,
1,2027,130,Uniform,0.3638464940425282,0.8774989787849904,0.15625,0.4146403617999878,8x8,0.99,0.5,5,exact,fixed,perturbation_seed,support_restricted_tv_l1,exact_support_restricted_l1,,,,,,
1,2027,135,Uniform,0.3638464940425282,0.8774989787849904,0.15625,0.4146403617999878,8x8,0.99,0.5,5,exact,fixed,perturbation_seed,support_restricted_tv_l1,exact_support_restricted_l1,,,,,,
1,2027,140,Uniform,0.3638464940425282,0.8774989787849904,0.15625,0.4146403617999878,8x8,0.99,0.5,5,exact,fixed,perturbation_seed,support_restricted_tv_l1,exact_support_restricted_l1,,,,,,
1,2027,145,Uniform,0.3638464940425282,0.8774989787849904,0.15625,0.4146403617999878,8x8,0.99,0.5,5,exact,fixed,perturbation_seed,support_restricted_tv_l1,exact_support_restricted_l1,,,,,,
1,2027,150,Uniform,0.3638464940425282,0.8774989787849904,0.15625,0.4146403617999878,8x8,0.99,0.5,5,exact,fixed,perturbation_seed,support_restricted_tv_l1,exact_support_restricted_l1,,,,,,
1,2027,155,Uniform,0.3638464940425282,0.8774989787849904,0.15625,0.4146403617999878,8x8,0.99,0.5,5,exact,fixed,perturbation_seed,support_restricted_tv_l1,exact_support_restricted_l1,,,,,,
1,2027,160,Uniform,0.3638464940425282,0.8774989787849904,0.15625,0.4146403617999878,8x8,0.99,0.5,5,exact,fixed,perturbation_seed,support_restricted_tv_l1,exact_support_restricted_l1,,,,,,
1,2027,165,Uniform,0.3638464940425282,0.8774989787849904,0.15625,0.4146403617999878,8x8,0.99,0.5,5,exact,fixed,perturbation_seed,support_restricted_tv_l1,exact_support_restricted_l1,,,,,,
1,2027,170,Uniform,0.3638464940425282,0.8774989787849904,0.15625,0.4146403617999878,8x8,0.99,0.5,5,exact,fixed,perturbation_seed,support_restricted_tv_l1,exact_support_restricted_l1,,,,,,
1,2027,175,Uniform,0.3638464940425282,0.8774989787849904,0.15625,0.4146403617999878,8x8,0.99,0.5,5,exact,fixed,perturbation_seed,support_restricted_tv_l1,exact_support_restricted_l1,,,,,,
1,2027,180,Uniform,0.3638464940425282,0.8774989787849904,0.15625,0.4146403617999878,8x8,0.99,0.5,5,exact,fixed,perturbation_seed,support_restricted_tv_l1,exact_support_restricted_l1,,,,,,
1,2027,185,Uniform,0.3638464940425282,0.8774989787849904,0.15625,0.4146403617999878,8x8,0.99,0.5,5,exact,fixed,perturbation_seed,support_restricted_tv_l1,exact_support_restricted_l1,,,,,,
1,2027,190,Uniform,0.3638464940425282,0.8774989787849904,0.15625,0.4146403617999878,8x8,0.99,0.5,5,exact,fixed,perturbation_seed,support_restricted_tv_l1,exact_support_restricted_l1,,,,,,
1,2027,195,Uniform,0.3638464940425282,0.8774989787849904,0.15625,0.4146403617999878,8x8,0.99,0.5,5,exact,fixed,perturbation_seed,support_restricted_tv_l1,exact_support_restricted_l1,,,,,,
1,2027,200,Uniform,0.3638464940425282,0.8774989787849904,0.15625,0.4146403617999878,8x8,0.99,0.5,5,exact,fixed,perturbation_seed,support_restricted_tv_l1,exact_support_restricted_l1,,,,,,
1,2027,205,Uniform,0.3638464940425282,0.8774989787849904,0.15625,0.4146403617999878,8x8,0.99,0.5,5,exact,fixed,perturbation_seed,support_restricted_tv_l1,exact_support_restricted_l1,,,,,,
1,2027,210,Uniform,0.3638464940425282,0.8774989787849904,0.15625,0.4146403617999878,8x8,0.99,0.5,5,exact,fixed,perturbation_seed,support_restricted_tv_l1,exact_support_restricted_l1,,,,,,
1,2027,215,Uniform,0.3638464940425282,0.8774989787849904,0.15625,0.4146403617999878,8x8,0.99,0.5,5,exact,fixed,perturbation_seed,support_restricted_tv_l1,exact_support_restricted_l1,,,,,,
1,2027,220,Uniform,0.3638464940425282,0.8774989787849904,0.15625,0.4146403617999878,8x8,0.99,0.5,5,exact,fixed,perturbation_seed,support_restricted_tv_l1,exact_support_restricted_l1,,,,,,
1,2027,225,Uniform,0.3638464940425282,0.8774989787849904,0.15625,0.4146403617999878,8x8,0.99,0.5,5,exact,fixed,perturbation_seed,support_restricted_tv_l1,exact_support_restricted_l1,,,,,,
1,2027,230,Uniform,0.3638464940425282,0.8774989787849904,0.15625,0.4146403617999878,8x8,0.99,0.5,5,exact,fixed,perturbation_seed,support_restricted_tv_l1,exact_support_restricted_l1,,,,,,
1,2027,235,Uniform,0.3638464940425282,0.8774989787849904,0.15625,0.4146403617999878,8x8,0.99,0.5,5,exact,fixed,perturbation_seed,support_restricted_tv_l1,exact_support_restricted_l1,,,,,,
1,2027,240,Uniform,0.3638464940425282,0.8774989787849904,0.15625,0.4146403617999878,8x8,0.99,0.5,5,exact,fixed,perturbation_seed,support_restricted_tv_l1,exact_support_restricted_l1,,,,,,
1,2027,245,Uniform,0.3638464940425282,0.8774989787849904,0.15625,0.4146403617999878,8x8,0.99,0.5,5,exact,fixed,perturbation_seed,support_restricted_tv_l1,exact_support_restricted_l1,,,,,,
1,2027,250,Uniform,0.3638464940425282,0.8774989787849904,0.15625,0.4146403617999878,8x8,0.99,0.5,5,exact,fixed,perturbation_seed,support_restricted_tv_l1,exact_support_restricted_l1,,,,,,
1,2027,255,Uniform,0.3638464940425282,0.8774989787849904,0.15625,0.4146403617999878,8x8,0.99,0.5,5,exact,fixed,perturbation_seed,support_restricted_tv_l1,exact_support_restricted_l1,,,,,,
1,2027,260,Uniform,0.3638464940425282,0.8774989787849904,0.15625,0.4146403617999878,8x8,0.99,0.5,5,exact,fixed,perturbation_seed,support_restricted_tv_l1,exact_support_restricted_l1,,,,,,
1,2027,265,Uniform,0.3638464940425282,0.8774989787849904,0.15625,0.4146403617999878,8x8,0.99,0.5,5,exact,fixed,perturbation_seed,support_restricted_tv_l1,exact_support_restricted_l1,,,,,,
1,2027,270,Uniform,0.3638464940425282,0.8774989787849904,0.15625,0.4146403617999878,8x8,0.99,0.5,5,exact,fixed,perturbation_seed,support_restricted_tv_l1,exact_support_restricted_l1,,,,,,
1,2027,275,Uniform,0.3638464940425282,0.8774989787849904,0.15625,0.4146403617999878,8x8,0.99,0.5,5,exact,fixed,perturbation_seed,support_restricted_tv_l1,exact_support_restricted_l1,,,,,,
1,2027,280,Uniform,0.3638464940425282,0.8774989787849904,0.15625,0.4146403617999878,8x8,0.99,0.5,5,exact,fixed,perturbation_seed,support_restricted_tv_l1,exact_support_restricted_l1,,,,,,
1,2027,285,Uniform,0.3638464940425282,0.8774989787849904,0.15625,0.4146403617999878,8x8,0.99,0.5,5,exact,fixed,perturbation_seed,support_restricted_tv_l1,exact_support_restricted_l1,,,,,,
1,2027,290,Uniform,0.3638464940425282,0.8774989787849904,0.15625,0.4146403617999878,8x8,0.99,0.5,5,exact,fixed,perturbation_seed,support_restricted_tv_l1,exact_support_restricted_l1,,,,,,
1,2027,295,Uniform,0.3638464940425282,0.8774989787849904,0.15625,0.4146403617999878,8x8,0.99,0.5,5,exact,fixed,perturbation_seed,support_restricted_tv_l1,exact_support_restricted_l1,,,,,,
1,2027,300,Uniform,0.3638464940425282,0.8774989787849904,0.15625,0.4146403617999878,8x8,0.99,0.5,5,exact,fixed,perturbation_seed,support_restricted_tv_l1,exact_support_restricted_l1,,,,,,
1,2027,305,Uniform,0.3638464940425282,0.8774989787849904,0.15625,0.4146403617999878,8x8,0.99,0.5,5,exact,fixed,perturbation_seed,support_restricted_tv_l1,exact_support_restricted_l1,,,,,,
1,2027,310,Uniform,0.3638464940425282,0.8774989787849904,0.15625,0.4146403617999878,8x8,0.99,0.5,5,exact,fixed,perturbation_seed,support_restricted_tv_l1,exact_support_restricted_l1,,,,,,
1,2027,315,Uniform,0.3638464940425282,0.8774989787849904,0.15625,0.4146403617999878,8x8,0.99,0.5,5,exact,fixed,perturbation_seed,support_restricted_tv_l1,exact_support_restricted_l1,,,,,,
1,2027,320,Uniform,0.3638464940425282,0.8774989787849904,0.15625,0.4146403617999878,8x8,0.99,0.5,5,exact,fixed,perturbation_seed,support_restricted_tv_l1,exact_support_restricted_l1,,,,,,
1,2027,325,Uniform,0.3638464940425282,0.8774989787849904,0.15625,0.4146403617999878,8x8,0.99,0.5,5,exact,fixed,perturbation_seed,support_restricted_tv_l1,exact_support_restricted_l1,,,,,,
1,2027,330,Uniform,0.3638464940425282,0.8774989787849904,0.15625,0.4146403617999878,8x8,0.99,0.5,5,exact,fixed,perturbation_seed,support_restricted_tv_l1,exact_support_restricted_l1,,,,,,
1,2027,335,Uniform,0.3638464940425282,0.8774989787849904,0.15625,0.4146403617999878,8x8,0.99,0.5,5,exact,fixed,perturbation_seed,support_restricted_tv_l1,exact_support_restricted_l1,,,,,,
1,2027,340,Uniform,0.3638464940425282,0.8774989787849904,0.15625,0.4146403617999878,8x8,0.99,0.5,5,exact,fixed,perturbation_seed,support_restricted_tv_l1,exact_support_restricted_l1,,,,,,
1,2027,345,Uniform,0.3638464940425282,0.8774989787849904,0.15625,0.4146403617999878,8x8,0.99,0.5,5,exact,fixed,perturbation_seed,support_restricted_tv_l1,exact_support_restricted_l1,,,,,,
1,2027,350,Uniform,0.3638464940425282,0.8774989787849904,0.15625,0.4146403617999878,8x8,0.99,0.5,5,exact,fixed,perturbation_seed,support_restricted_tv_l1,exact_support_restricted_l1,,,,,,
1,2027,355,Uniform,0.3638464940425282,0.8774989787849904,0.15625,0.4146403617999878,8x8,0.99,0.5,5,exact,fixed,perturbation_seed,support_restricted_tv_l1,exact_support_restricted_l1,,,,,,
1,2027,360,Uniform,0.3638464940425282,0.8774989787849904,0.15625,0.4146403617999878,8x8,0.99,0.5,5,exact,fixed,perturbation_seed,support_restricted_tv_l1,exact_support_restricted_l1,,,,,,
1,2027,365,Uniform,0.3638464940425282,0.8774989787849904,0.15625,0.4146403617999878,8x8,0.99,0.5,5,exact,fixed,perturbation_seed,support_restricted_tv_l1,exact_support_restricted_l1,,,,,,
1,2027,370,Uniform,0.3638464940425282,0.8774989787849904,0.15625,0.4146403617999878,8x8,0.99,0.5,5,exact,fixed,perturbation_seed,support_restricted_tv_l1,exact_support_restricted_l1,,,,,,
1,2027,375,Uniform,0.3638464940425282,0.8774989787849904,0.15625,0.4146403617999878,8x8,0.99,0.5,5,exact,fixed,perturbation_seed,support_restricted_tv_l1,exact_support_restricted_l1,,,,,,
1,2027,380,Uniform,0.3638464940425282,0.8774989787849904,0.15625,0.4146403617999878,8x8,0.99,0.5,5,exact,fixed,perturbation_seed,support_restricted_tv_l1,exact_support_restricted_l1,,,,,,
1,2027,385,Uniform,0.3638464940425282,0.8774989787849904,0.15625,0.4146403617999878,8x8,0.99,0.5,5,exact,fixed,perturbation_seed,support_restricted_tv_l1,exact_support_restricted_l1,,,,,,
1,2027,390,Uniform,0.3638464940425282,0.8774989787849904,0.15625,0.4146403617999878,8x8,0.99,0.5,5,exact,fixed,perturbation_seed,support_restricted_tv_l1,exact_support_restricted_l1,,,,,,
1,2027,395,Uniform,0.3638464940425282,0.8774989787849904,0.15625,0.4146403617999878,8x8,0.99,0.5,5,exact,fixed,perturbation_seed,support_restricted_tv_l1,exact_support_restricted_l1,,,,,,
1,2027,400,Uniform,0.3638464940425282,0.8774989787849904,0.15625,0.4146403617999878,8x8,0.99,0.5,5,exact,fixed,perturbation_seed,support_restricted_tv_l1,exact_support_restricted_l1,,,,,,
1,2027,405,Uniform,0.3638464940425282,0.8774989787849904,0.15625,0.4146403617999878,8x8,0.99,0.5,5,exact,fixed,perturbation_seed,support_restricted_tv_l1,exact_support_restricted_l1,,,,,,
1,2027,410,Uniform,0.3638464940425282,0.8774989787849904,0.15625,0.4146403617999878,8x8,0.99,0.5,5,exact,fixed,perturbation_seed,support_restricted_tv_l1,exact_support_restricted_l1,,,,,,
1,2027,415,Uniform,0.3638464940425282,0.8774989787849904,0.15625,0.4146403617999878,8x8,0.99,0.5,5,exact,fixed,perturbation_seed,support_restricted_tv_l1,exact_support_restricted_l1,,,,,,
1,2027,420,Uniform,0.3638464940425282,0.8774989787849904,0.15625,0.4146403617999878,8x8,0.99,0.5,5,exact,fixed,perturbation_seed,support_restricted_tv_l1,exact_support_restricted_l1,,,,,,
1,2027,425,Uniform,0.3638464940425282,0.8774989787849904,0.15625,0.4146403617999878,8x8,0.99,0.5,5,exact,fixed,perturbation_seed,support_restricted_tv_l1,exact_support_restricted_l1,,,,,,
1,2027,430,Uniform,0.3638464940425282,0.8774989787849904,0.15625,0.4146403617999878,8x8,0.99,0.5,5,exact,fixed,perturbation_seed,support_restricted_tv_l1,exact_support_restricted_l1,,,,,,
1,2027,435,Uniform,0.3638464940425282,0.8774989787849904,0.15625,0.4146403617999878,8x8,0.99,0.5,5,exact,fixed,perturbation_seed,support_restricted_tv_l1,exact_support_restricted_l1,,,,,,
1,2027,440,Uniform,0.3638464940425282,0.8774989787849904,0.15625,0.4146403617999878,8x8,0.99,0.5,5,exact,fixed,perturbation_seed,support_restricted_tv_l1,exact_support_restricted_l1,,,,,,
1,2027,445,Uniform,0.3638464940425282,0.8774989787849904,0.15625,0.4146403617999878,8x8,0.99,0.5,5,exact,fixed,perturbation_seed,support_restricted_tv_l1,exact_support_restricted_l1,,,,,,
1,2027,450,Uniform,0.3638464940425282,0.8774989787849904,0.15625,0.4146403617999878,8x8,0.99,0.5,5,exact,fixed,perturbation_seed,support_restricted_tv_l1,exact_support_restricted_l1,,,,,,
1,2027,455,Uniform,0.3638464940425282,0.8774989787849904,0.15625,0.4146403617999878,8x8,0.99,0.5,5,exact,fixed,perturbation_seed,support_restricted_tv_l1,exact_support_restricted_l1,,,,,,
1,2027,460,Uniform,0.3638464940425282,0.8774989787849904,0.15625,0.4146403617999878,8x8,0.99,0.5,5,exact,fixed,perturbation_seed,support_restricted_tv_l1,exact_support_restricted_l1,,,,,,
1,2027,465,Uniform,0.3638464940425282,0.8774989787849904,0.15625,0.4146403617999878,8x8,0.99,0.5,5,exact,fixed,perturbation_seed,support_restricted_tv_l1,exact_support_restricted_l1,,,,,,
1,2027,470,Uniform,0.3638464940425282,0.8774989787849904,0.15625,0.4146403617999878,8x8,0.99,0.5,5,exact,fixed,perturbation_seed,support_restricted_tv_l1,exact_support_restricted_l1,,,,,,
1,2027,475,Uniform,0.3638464940425282,0.8774989787849904,0.15625,0.4146403617999878,8x8,0.99,0.5,5,exact,fixed,perturbation_seed,support_restricted_tv_l1,exact_support_restricted_l1,,,,,,
1,2027,480,Uniform,0.3638464940425282,0.8774989787849904,0.15625,0.4146403617999878,8x8,0.99,0.5,5,exact,fixed,perturbation_seed,support_restricted_tv_l1,exact_support_restricted_l1,,,,,,
1,2027,485,Uniform,0.3638464940425282,0.8774989787849904,0.15625,0.4146403617999878,8x8,0.99,0.5,5,exact,fixed,perturbation_seed,support_restricted_tv_l1,exact_support_restricted_l1,,,,,,
1,2027,490,Uniform,0.3638464940425282,0.8774989787849904,0.15625,0.4146403617999878,8x8,0.99,0.5,5,exact,fixed,perturbation_seed,support_restricted_tv_l1,exact_support_restricted_l1,,,,,,
1,2027,495,Uniform,0.3638464940425282,0.8774989787849904,0.15625,0.4146403617999878,8x8,0.99,0.5,5,exact,fixed,perturbation_seed,support_restricted_tv_l1,exact_support_restricted_l1,,,,,,
1,2027,500,Uniform,0.3638464940425282,0.8774989787849904,0.15625,0.4146403617999878,8x8,0.99,0.5,5,exact,fixed,perturbation_seed,support_restricted_tv_l1,exact_support_restricted_l1,,,,,,
1,2027,-1,source_metadata,,,,0.4146403617999878,8x8,0.99,0.5,5,exact,fixed,perturbation_seed,support_restricted_tv_l1,exact_support_restricted_l1,0.0,0.1,0.282627115656144,0.09697953624276096,0.25,0.4844312684776693
1,2027,-1,source_metadata,,,,0.4146403617999878,8x8,0.99,0.5,5,exact,fixed,perturbation_seed,support_restricted_tv_l1,exact_support_restricted_l1,1.0,0.2,0.5154808709837009,0.18237724668811214,0.25,0.2656037084553229
1,2027,-1,source_metadata,,,,0.4146403617999878,8x8,0.99,0.5,5,exact,fixed,perturbation_seed,support_restricted_tv_l1,exact_support_restricted_l1,2.0,0.3,1.0416291096435484,0.302588162637072,0.25,0.1314419536332451
1,2027,-1,source_metadata,,,,0.4146403617999878,8x8,0.99,0.5,5,exact,fixed,perturbation_seed,support_restricted_tv_l1,exact_support_restricted_l1,3.0,0.35,1.1551656458593897,0.40226951947467626,0.25,0.11852306943376274
2,2028,0,Maximum-based,0.0,0.0,0.65625,0.4146403617999878,8x8,0.99,0.5,5,exact,fixed,perturbation_seed,support_restricted_tv_l1,exact_support_restricted_l1,,,,,,
2,2028,5,Maximum-based,0.0,0.0,0.578125,0.4146403617999878,8x8,0.99,0.5,5,exact,fixed,perturbation_seed,support_restricted_tv_l1,exact_support_restricted_l1,,,,,,
2,2028,10,Maximum-based,5.5658982142826734e-18,1.3423435649440042e-17,0.375,0.4146403617999878,8x8,0.99,0.5,5,exact,fixed,perturbation_seed,support_restricted_tv_l1,exact_support_restricted_l1,,,,,,
2,2028,15,Maximum-based,0.07237450954760988,0.17454767122386783,0.390625,0.4146403617999878,8x8,0.99,0.5,5,exact,fixed,perturbation_seed,support_restricted_tv_l1,exact_support_restricted_l1,,,,,,
2,2028,20,Maximum-based,0.11130530123990341,0.26843817315979074,0.328125,0.4146403617999878,8x8,0.99,0.5,5,exact,fixed,perturbation_seed,support_restricted_tv_l1,exact_support_restricted_l1,,,,,,
2,2028,25,Maximum-based,0.2069020483153064,0.4989915777063469,0.296875,0.4146403617999878,8x8,0.99,0.5,5,exact,fixed,perturbation_seed,support_restricted_tv_l1,exact_support_restricted_l1,,,,,,
2,2028,30,Maximum-based,0.2731849264845019,0.6588478875972993,0.234375,0.4146403617999878,8x8,0.99,0.5,5,exact,fixed,perturbation_seed,support_restricted_tv_l1,exact_support_restricted_l1,,,,,,
2,2028,35,Maximum-based,0.2997389507661738,0.7228889861685979,0.1875,0.4146403617999878,8x8,0.99,0.5,5,exact,fixed,perturbation_seed,support_restricted_tv_l1,exact_support_restricted_l1,,,,,,
2,2028,40,Maximum-based,0.2997389507661738,0.7228889861685979,0.1875,0.4146403617999878,8x8,0.99,0.5,5,exact,fixed,perturbation_seed,support_restricted_tv_l1,exact_support_restricted_l1,,,,,,
2,2028,45,Maximum-based,0.30040430733679024,0.7244936456082339,0.171875,0.4146403617999878,8x8,0.99,0.5,5,exact,fixed,perturbation_seed,support_restricted_tv_l1,exact_support_restricted_l1,,,,,,
2,2028,50,Maximum-based,0.3004043073367904,0.7244936456082343,0.1875,0.4146403617999878,8x8,0.99,0.5,5,exact,fixed,perturbation_seed,support_restricted_tv_l1,exact_support_restricted_l1,,,,,,
2,2028,55,Maximum-based,0.3004043073367904,0.7244936456082343,0.1875,0.4146403617999878,8x8,0.99,0.5,5,exact,fixed,perturbation_seed,support_restricted_tv_l1,exact_support_restricted_l1,,,,,,
2,2028,60,Maximum-based,0.31666461894689346,0.7637091034076527,0.171875,0.4146403617999878,8x8,0.99,0.5,5,exact,fixed,perturbation_seed,support_restricted_tv_l1,exact_support_restricted_l1,,,,,,
2,2028,65,Maximum-based,0.3166646189468933,0.7637091034076524,0.15625,0.4146403617999878,8x8,0.99,0.5,5,exact,fixed,perturbation_seed,support_restricted_tv_l1,exact_support_restricted_l1,,,,,,
2,2028,70,Maximum-based,0.3166646189468933,0.7637091034076524,0.15625,0.4146403617999878,8x8,0.99,0.5,5,exact,fixed,perturbation_seed,support_restricted_tv_l1,exact_support_restricted_l1,,,,,,
2,2028,75,Maximum-based,0.31702039512615593,0.7645671389778467,0.140625,0.4146403617999878,8x8,0.99,0.5,5,exact,fixed,perturbation_seed,support_restricted_tv_l1,exact_support_restricted_l1,,,,,,
2,2028,80,Maximum-based,0.31702039512615593,0.7645671389778467,0.140625,0.4146403617999878,8x8,0.99,0.5,5,exact,fixed,perturbation_seed,support_restricted_tv_l1,exact_support_restricted_l1,,,,,,
2,2028,85,Maximum-based,0.31702039512615593,0.7645671389778467,0.140625,0.4146403617999878,8x8,0.99,0.5,5,exact,fixed,perturbation_seed,support_restricted_tv_l1,exact_support_restricted_l1,,,,,,
2,2028,90,Maximum-based,0.3265043350057838,0.7874398275855291,0.125,0.4146403617999878,8x8,0.99,0.5,5,exact,fixed,perturbation_seed,support_restricted_tv_l1,exact_support_restricted_l1,,,,,,
2,2028,95,Maximum-based,0.3265043350057838,0.7874398275855291,0.125,0.4146403617999878,8x8,0.99,0.5,5,exact,fixed,perturbation_seed,support_restricted_tv_l1,exact_support_restricted_l1,,,,,,
2,2028,100,Maximum-based,0.3265043350057838,0.7874398275855291,0.125,0.4146403617999878,8x8,0.99,0.5,5,exact,fixed,perturbation_seed,support_restricted_tv_l1,exact_support_restricted_l1,,,,,,
2,2028,105,Maximum-based,0.3265043350057838,0.7874398275855291,0.125,0.4146403617999878,8x8,0.99,0.5,5,exact,fixed,perturbation_seed,support_restricted_tv_l1,exact_support_restricted_l1,,,,,,
2,2028,110,Maximum-based,0.3235826843985092,0.7803935993925198,0.140625,0.4146403617999878,8x8,0.99,0.5,5,exact,fixed,perturbation_seed,support_restricted_tv_l1,exact_support_restricted_l1,,,,,,
2,2028,115,Maximum-based,0.3235826843985092,0.7803935993925198,0.140625,0.4146403617999878,8x8,0.99,0.5,5,exact,fixed,perturbation_seed,support_restricted_tv_l1,exact_support_restricted_l1,,,,,,
2,2028,120,Maximum-based,0.3235826843985092,0.7803935993925198,0.140625,0.4146403617999878,8x8,0.99,0.5,5,exact,fixed,perturbation_seed,support_restricted_tv_l1,exact_support_restricted_l1,,,,,,
2,2028,125,Maximum-based,0.3235826843985092,0.7803935993925198,0.125,0.4146403617999878,8x8,0.99,0.5,5,exact,fixed,perturbation_seed,support_restricted_tv_l1,exact_support_restricted_l1,,,,,,
2,2028,130,Maximum-based,0.3235826843985092,0.7803935993925198,0.125,0.4146403617999878,8x8,0.99,0.5,5,exact,fixed,perturbation_seed,support_restricted_tv_l1,exact_support_restricted_l1,,,,,,
2,2028,135,Maximum-based,0.3235826843985092,0.7803935993925198,0.125,0.4146403617999878,8x8,0.99,0.5,5,exact,fixed,perturbation_seed,support_restricted_tv_l1,exact_support_restricted_l1,,,,,,
2,2028,140,Maximum-based,0.3235826843985092,0.7803935993925198,0.125,0.4146403617999878,8x8,0.99,0.5,5,exact,fixed,perturbation_seed,support_restricted_tv_l1,exact_support_restricted_l1,,,,,,
2,2028,145,Maximum-based,0.3235826843985092,0.7803935993925198,0.125,0.4146403617999878,8x8,0.99,0.5,5,exact,fixed,perturbation_seed,support_restricted_tv_l1,exact_support_restricted_l1,,,,,,
2,2028,150,Maximum-based,0.3235826843985092,0.7803935993925198,0.125,0.4146403617999878,8x8,0.99,0.5,5,exact,fixed,perturbation_seed,support_restricted_tv_l1,exact_support_restricted_l1,,,,,,
2,2028,155,Maximum-based,0.32358268439850885,0.7803935993925191,0.109375,0.4146403617999878,8x8,0.99,0.5,5,exact,fixed,perturbation_seed,support_restricted_tv_l1,exact_support_restricted_l1,,,,,,
2,2028,160,Maximum-based,0.32358268439850885,0.7803935993925191,0.109375,0.4146403617999878,8x8,0.99,0.5,5,exact,fixed,perturbation_seed,support_restricted_tv_l1,exact_support_restricted_l1,,,,,,
2,2028,165,Maximum-based,0.32358268439850885,0.7803935993925191,0.109375,0.4146403617999878,8x8,0.99,0.5,5,exact,fixed,perturbation_seed,support_restricted_tv_l1,exact_support_restricted_l1,,,,,,
2,2028,170,Maximum-based,0.32358268439850885,0.7803935993925191,0.109375,0.4146403617999878,8x8,0.99,0.5,5,exact,fixed,perturbation_seed,support_restricted_tv_l1,exact_support_restricted_l1,,,,,,
2,2028,175,Maximum-based,0.32358268439850885,0.7803935993925191,0.109375,0.4146403617999878,8x8,0.99,0.5,5,exact,fixed,perturbation_seed,support_restricted_tv_l1,exact_support_restricted_l1,,,,,,
2,2028,180,Maximum-based,0.3235272087063357,0.7802598070816782,0.125,0.4146403617999878,8x8,0.99,0.5,5,exact,fixed,perturbation_seed,support_restricted_tv_l1,exact_support_restricted_l1,,,,,,
2,2028,185,Maximum-based,0.3235272087063357,0.7802598070816782,0.125,0.4146403617999878,8x8,0.99,0.5,5,exact,fixed,perturbation_seed,support_restricted_tv_l1,exact_support_restricted_l1,,,,,,
2,2028,190,Maximum-based,0.3235272087063357,0.7802598070816782,0.125,0.4146403617999878,8x8,0.99,0.5,5,exact,fixed,perturbation_seed,support_restricted_tv_l1,exact_support_restricted_l1,,,,,,
2,2028,195,Maximum-based,0.3235272087063357,0.7802598070816782,0.125,0.4146403617999878,8x8,0.99,0.5,5,exact,fixed,perturbation_seed,support_restricted_tv_l1,exact_support_restricted_l1,,,,,,
2,2028,200,Maximum-based,0.3235272087063357,0.7802598070816782,0.125,0.4146403617999878,8x8,0.99,0.5,5,exact,fixed,perturbation_seed,support_restricted_tv_l1,exact_support_restricted_l1,,,,,,
2,2028,205,Maximum-based,0.3235272087063357,0.7802598070816782,0.125,0.4146403617999878,8x8,0.99,0.5,5,exact,fixed,perturbation_seed,support_restricted_tv_l1,exact_support_restricted_l1,,,,,,
2,2028,210,Maximum-based,0.3235272087063357,0.7802598070816782,0.125,0.4146403617999878,8x8,0.99,0.5,5,exact,fixed,perturbation_seed,support_restricted_tv_l1,exact_support_restricted_l1,,,,,,
2,2028,215,Maximum-based,0.3235272087063357,0.7802598070816782,0.125,0.4146403617999878,8x8,0.99,0.5,5,exact,fixed,perturbation_seed,support_restricted_tv_l1,exact_support_restricted_l1,,,,,,
2,2028,220,Maximum-based,0.41111322906336223,0.9914935132669815,0.109375,0.4146403617999878,8x8,0.99,0.5,5,exact,fixed,perturbation_seed,support_restricted_tv_l1,exact_support_restricted_l1,,,,,,
2,2028,225,Maximum-based,0.41111322906336223,0.9914935132669815,0.109375,0.4146403617999878,8x8,0.99,0.5,5,exact,fixed,perturbation_seed,support_restricted_tv_l1,exact_support_restricted_l1,,,,,,
2,2028,230,Maximum-based,0.41111322906336223,0.9914935132669815,0.109375,0.4146403617999878,8x8,0.99,0.5,5,exact,fixed,perturbation_seed,support_restricted_tv_l1,exact_support_restricted_l1,,,,,,
2,2028,235,Maximum-based,0.41111322906336223,0.9914935132669815,0.109375,0.4146403617999878,8x8,0.99,0.5,5,exact,fixed,perturbation_seed,support_restricted_tv_l1,exact_support_restricted_l1,,,,,,
2,2028,240,Maximum-based,0.41111322906336223,0.9914935132669815,0.109375,0.4146403617999878,8x8,0.99,0.5,5,exact,fixed,perturbation_seed,support_restricted_tv_l1,exact_support_restricted_l1,,,,,,
2,2028,245,Maximum-based,0.41111322906336223,0.9914935132669815,0.109375,0.4146403617999878,8x8,0.99,0.5,5,exact,fixed,perturbation_seed,support_restricted_tv_l1,exact_support_restricted_l1,,,,,,
2,2028,250,Maximum-based,0.41111322906336223,0.9914935132669815,0.109375,0.4146403617999878,8x8,0.99,0.5,5,exact,fixed,perturbation_seed,support_restricted_tv_l1,exact_support_restricted_l1,,,,,,
2,2028,255,Maximum-based,0.41111322906336223,0.9914935132669815,0.109375,0.4146403617999878,8x8,0.99,0.5,5,exact,fixed,perturbation_seed,support_restricted_tv_l1,exact_support_restricted_l1,,,,,,
2,2028,260,Maximum-based,0.41111322906336223,0.9914935132669815,0.109375,0.4146403617999878,8x8,0.99,0.5,5,exact,fixed,perturbation_seed,support_restricted_tv_l1,exact_support_restricted_l1,,,,,,
2,2028,265,Maximum-based,0.41111322906336223,0.9914935132669815,0.109375,0.4146403617999878,8x8,0.99,0.5,5,exact,fixed,perturbation_seed,support_restricted_tv_l1,exact_support_restricted_l1,,,,,,
2,2028,270,Maximum-based,0.41111322906336223,0.9914935132669815,0.109375,0.4146403617999878,8x8,0.99,0.5,5,exact,fixed,perturbation_seed,support_restricted_tv_l1,exact_support_restricted_l1,,,,,,
2,2028,275,Maximum-based,0.41111322906336223,0.9914935132669815,0.109375,0.4146403617999878,8x8,0.99,0.5,5,exact,fixed,perturbation_seed,support_restricted_tv_l1,exact_support_restricted_l1,,,,,,
2,2028,280,Maximum-based,0.41111322906336223,0.9914935132669815,0.109375,0.4146403617999878,8x8,0.99,0.5,5,exact,fixed,perturbation_seed,support_restricted_tv_l1,exact_support_restricted_l1,,,,,,
2,2028,285,Maximum-based,0.4111210291917093,0.9915123250592374,0.09375,0.4146403617999878,8x8,0.99,0.5,5,exact,fixed,perturbation_seed,support_restricted_tv_l1,exact_support_restricted_l1,,,,,,
2,2028,290,Maximum-based,0.4111210291917093,0.9915123250592374,0.09375,0.4146403617999878,8x8,0.99,0.5,5,exact,fixed,perturbation_seed,support_restricted_tv_l1,exact_support_restricted_l1,,,,,,
2,2028,295,Maximum-based,0.4111210291917093,0.9915123250592374,0.09375,0.4146403617999878,8x8,0.99,0.5,5,exact,fixed,perturbation_seed,support_restricted_tv_l1,exact_support_restricted_l1,,,,,,
2,2028,300,Maximum-based,0.4111210291917093,0.9915123250592374,0.09375,0.4146403617999878,8x8,0.99,0.5,5,exact,fixed,perturbation_seed,support_restricted_tv_l1,exact_support_restricted_l1,,,,,,
2,2028,305,Maximum-based,0.4111210291917093,0.9915123250592374,0.09375,0.4146403617999878,8x8,0.99,0.5,5,exact,fixed,perturbation_seed,support_restricted_tv_l1,exact_support_restricted_l1,,,,,,
2,2028,310,Maximum-based,0.4111210291917093,0.9915123250592374,0.09375,0.4146403617999878,8x8,0.99,0.5,5,exact,fixed,perturbation_seed,support_restricted_tv_l1,exact_support_restricted_l1,,,,,,
2,2028,315,Maximum-based,0.4111210291917093,0.9915123250592374,0.09375,0.4146403617999878,8x8,0.99,0.5,5,exact,fixed,perturbation_seed,support_restricted_tv_l1,exact_support_restricted_l1,,,,,,
2,2028,320,Maximum-based,0.4111210291917093,0.9915123250592374,0.09375,0.4146403617999878,8x8,0.99,0.5,5,exact,fixed,perturbation_seed,support_restricted_tv_l1,exact_support_restricted_l1,,,,,,
2,2028,325,Maximum-based,0.4111210291917093,0.9915123250592374,0.09375,0.4146403617999878,8x8,0.99,0.5,5,exact,fixed,perturbation_seed,support_restricted_tv_l1,exact_support_restricted_l1,,,,,,
2,2028,330,Maximum-based,0.4111210291917093,0.9915123250592374,0.09375,0.4146403617999878,8x8,0.99,0.5,5,exact,fixed,perturbation_seed,support_restricted_tv_l1,exact_support_restricted_l1,,,,,,
2,2028,335,Maximum-based,0.4111210291917093,0.9915123250592374,0.09375,0.4146403617999878,8x8,0.99,0.5,5,exact,fixed,perturbation_seed,support_restricted_tv_l1,exact_support_restricted_l1,,,,,,
2,2028,340,Maximum-based,0.4111210291917093,0.9915123250592374,0.09375,0.4146403617999878,8x8,0.99,0.5,5,exact,fixed,perturbation_seed,support_restricted_tv_l1,exact_support_restricted_l1,,,,,,
2,2028,345,Maximum-based,0.4111210291917093,0.9915123250592374,0.09375,0.4146403617999878,8x8,0.99,0.5,5,exact,fixed,perturbation_seed,support_restricted_tv_l1,exact_support_restricted_l1,,,,,,
2,2028,350,Maximum-based,0.4111210291917093,0.9915123250592374,0.09375,0.4146403617999878,8x8,0.99,0.5,5,exact,fixed,perturbation_seed,support_restricted_tv_l1,exact_support_restricted_l1,,,,,,
2,2028,355,Maximum-based,0.4111210291917093,0.9915123250592374,0.09375,0.4146403617999878,8x8,0.99,0.5,5,exact,fixed,perturbation_seed,support_restricted_tv_l1,exact_support_restricted_l1,,,,,,
2,2028,360,Maximum-based,0.4111210291917093,0.9915123250592374,0.09375,0.4146403617999878,8x8,0.99,0.5,5,exact,fixed,perturbation_seed,support_restricted_tv_l1,exact_support_restricted_l1,,,,,,
2,2028,365,Maximum-based,0.4111210291917093,0.9915123250592374,0.09375,0.4146403617999878,8x8,0.99,0.5,5,exact,fixed,perturbation_seed,support_restricted_tv_l1,exact_support_restricted_l1,,,,,,
2,2028,370,Maximum-based,0.4111210291917093,0.9915123250592374,0.09375,0.4146403617999878,8x8,0.99,0.5,5,exact,fixed,perturbation_seed,support_restricted_tv_l1,exact_support_restricted_l1,,,,,,
2,2028,375,Maximum-based,0.4111210291917093,0.9915123250592374,0.09375,0.4146403617999878,8x8,0.99,0.5,5,exact,fixed,perturbation_seed,support_restricted_tv_l1,exact_support_restricted_l1,,,,,,
2,2028,380,Maximum-based,0.4111210291917093,0.9915123250592374,0.09375,0.4146403617999878,8x8,0.99,0.5,5,exact,fixed,perturbation_seed,support_restricted_tv_l1,exact_support_restricted_l1,,,,,,
2,2028,385,Maximum-based,0.4111210291917093,0.9915123250592374,0.09375,0.4146403617999878,8x8,0.99,0.5,5,exact,fixed,perturbation_seed,support_restricted_tv_l1,exact_support_restricted_l1,,,,,,
2,2028,390,Maximum-based,0.4111210291917093,0.9915123250592374,0.09375,0.4146403617999878,8x8,0.99,0.5,5,exact,fixed,perturbation_seed,support_restricted_tv_l1,exact_support_restricted_l1,,,,,,
2,2028,395,Maximum-based,0.4111210291917093,0.9915123250592374,0.09375,0.4146403617999878,8x8,0.99,0.5,5,exact,fixed,perturbation_seed,support_restricted_tv_l1,exact_support_restricted_l1,,,,,,
2,2028,400,Maximum-based,0.4111210291917093,0.9915123250592374,0.09375,0.4146403617999878,8x8,0.99,0.5,5,exact,fixed,perturbation_seed,support_restricted_tv_l1,exact_support_restricted_l1,,,,,,
2,2028,405,Maximum-based,0.4111210291917093,0.9915123250592374,0.09375,0.4146403617999878,8x8,0.99,0.5,5,exact,fixed,perturbation_seed,support_restricted_tv_l1,exact_support_restricted_l1,,,,,,
2,2028,410,Maximum-based,0.4111210291917093,0.9915123250592374,0.09375,0.4146403617999878,8x8,0.99,0.5,5,exact,fixed,perturbation_seed,support_restricted_tv_l1,exact_support_restricted_l1,,,,,,
2,2028,415,Maximum-based,0.4111210291917093,0.9915123250592374,0.09375,0.4146403617999878,8x8,0.99,0.5,5,exact,fixed,perturbation_seed,support_restricted_tv_l1,exact_support_restricted_l1,,,,,,
2,2028,420,Maximum-based,0.4111210291917093,0.9915123250592374,0.09375,0.4146403617999878,8x8,0.99,0.5,5,exact,fixed,perturbation_seed,support_restricted_tv_l1,exact_support_restricted_l1,,,,,,
2,2028,425,Maximum-based,0.4111210291917093,0.9915123250592374,0.09375,0.4146403617999878,8x8,0.99,0.5,5,exact,fixed,perturbation_seed,support_restricted_tv_l1,exact_support_restricted_l1,,,,,,
2,2028,430,Maximum-based,0.4111210291917093,0.9915123250592374,0.09375,0.4146403617999878,8x8,0.99,0.5,5,exact,fixed,perturbation_seed,support_restricted_tv_l1,exact_support_restricted_l1,,,,,,
2,2028,435,Maximum-based,0.4111210291917093,0.9915123250592374,0.09375,0.4146403617999878,8x8,0.99,0.5,5,exact,fixed,perturbation_seed,support_restricted_tv_l1,exact_support_restricted_l1,,,,,,
2,2028,440,Maximum-based,0.4111210291917093,0.9915123250592374,0.09375,0.4146403617999878,8x8,0.99,0.5,5,exact,fixed,perturbation_seed,support_restricted_tv_l1,exact_support_restricted_l1,,,,,,
2,2028,445,Maximum-based,0.4111210291917093,0.9915123250592374,0.09375,0.4146403617999878,8x8,0.99,0.5,5,exact,fixed,perturbation_seed,support_restricted_tv_l1,exact_support_restricted_l1,,,,,,
2,2028,450,Maximum-based,0.4111210291917093,0.9915123250592374,0.09375,0.4146403617999878,8x8,0.99,0.5,5,exact,fixed,perturbation_seed,support_restricted_tv_l1,exact_support_restricted_l1,,,,,,
2,2028,455,Maximum-based,0.4111210291917093,0.9915123250592374,0.09375,0.4146403617999878,8x8,0.99,0.5,5,exact,fixed,perturbation_seed,support_restricted_tv_l1,exact_support_restricted_l1,,,,,,
2,2028,460,Maximum-based,0.4111210291917093,0.9915123250592374,0.09375,0.4146403617999878,8x8,0.99,0.5,5,exact,fixed,perturbation_seed,support_restricted_tv_l1,exact_support_restricted_l1,,,,,,
2,2028,465,Maximum-based,0.4111210291917093,0.9915123250592374,0.09375,0.4146403617999878,8x8,0.99,0.5,5,exact,fixed,perturbation_seed,support_restricted_tv_l1,exact_support_restricted_l1,,,,,,
2,2028,470,Maximum-based,0.4111210291917093,0.9915123250592374,0.09375,0.4146403617999878,8x8,0.99,0.5,5,exact,fixed,perturbation_seed,support_restricted_tv_l1,exact_support_restricted_l1,,,,,,
2,2028,475,Maximum-based,0.4111210291917093,0.9915123250592374,0.09375,0.4146403617999878,8x8,0.99,0.5,5,exact,fixed,perturbation_seed,support_restricted_tv_l1,exact_support_restricted_l1,,,,,,
2,2028,480,Maximum-based,0.4111210291917093,0.9915123250592374,0.09375,0.4146403617999878,8x8,0.99,0.5,5,exact,fixed,perturbation_seed,support_restricted_tv_l1,exact_support_restricted_l1,,,,,,
2,2028,485,Maximum-based,0.4111210291917093,0.9915123250592374,0.09375,0.4146403617999878,8x8,0.99,0.5,5,exact,fixed,perturbation_seed,support_restricted_tv_l1,exact_support_restricted_l1,,,,,,
2,2028,490,Maximum-based,0.4111210291917093,0.9915123250592374,0.09375,0.4146403617999878,8x8,0.99,0.5,5,exact,fixed,perturbation_seed,support_restricted_tv_l1,exact_support_restricted_l1,,,,,,
2,2028,495,Maximum-based,0.4111210291917093,0.9915123250592374,0.09375,0.4146403617999878,8x8,0.99,0.5,5,exact,fixed,perturbation_seed,support_restricted_tv_l1,exact_support_restricted_l1,,,,,,
2,2028,500,Maximum-based,0.4111210291917093,0.9915123250592374,0.09375,0.4146403617999878,8x8,0.99,0.5,5,exact,fixed,perturbation_seed,support_restricted_tv_l1,exact_support_restricted_l1,,,,,,
2,2028,0,Similarity-aware,0.0,0.0,0.65625,0.4146403617999878,8x8,0.99,0.5,5,exact,fixed,perturbation_seed,support_restricted_tv_l1,exact_support_restricted_l1,,,,,,
2,2028,5,Similarity-aware,0.0,0.0,0.5625,0.4146403617999878,8x8,0.99,0.5,5,exact,fixed,perturbation_seed,support_restricted_tv_l1,exact_support_restricted_l1,,,,,,
2,2028,10,Similarity-aware,-4.0841747568107375e-18,-9.849920878616351e-18,0.40625,0.4146403617999878,8x8,0.99,0.5,5,exact,fixed,perturbation_seed,support_restricted_tv_l1,exact_support_restricted_l1,,,,,,
2,2028,15,Similarity-aware,0.1193311237676787,0.2877942785156093,0.390625,0.4146403617999878,8x8,0.99,0.5,5,exact,fixed,perturbation_seed,support_restricted_tv_l1,exact_support_restricted_l1,,,,,,
2,2028,20,Similarity-aware,0.22075787401414684,0.5324080681770073,0.28125,0.4146403617999878,8x8,0.99,0.5,5,exact,fixed,perturbation_seed,support_restricted_tv_l1,exact_support_restricted_l1,,,,,,
2,2028,25,Similarity-aware,0.29055053328093244,0.7007290173576657,0.234375,0.4146403617999878,8x8,0.99,0.5,5,exact,fixed,perturbation_seed,support_restricted_tv_l1,exact_support_restricted_l1,,,,,,
2,2028,30,Similarity-aware,0.29055053328093244,0.7007290173576657,0.234375,0.4146403617999878,8x8,0.99,0.5,5,exact,fixed,perturbation_seed,support_restricted_tv_l1,exact_support_restricted_l1,,,,,,
2,2028,35,Similarity-aware,0.29080318093299584,0.7013383349141299,0.234375,0.4146403617999878,8x8,0.99,0.5,5,exact,fixed,perturbation_seed,support_restricted_tv_l1,exact_support_restricted_l1,,,,,,
2,2028,40,Similarity-aware,0.2912507276067215,0.7024176960061924,0.203125,0.4146403617999878,8x8,0.99,0.5,5,exact,fixed,perturbation_seed,support_restricted_tv_l1,exact_support_restricted_l1,,,,,,
2,2028,45,Similarity-aware,0.30040430733679024,0.7244936456082339,0.1875,0.4146403617999878,8x8,0.99,0.5,5,exact,fixed,perturbation_seed,support_restricted_tv_l1,exact_support_restricted_l1,,,,,,
2,2028,50,Similarity-aware,0.30040430733679024,0.7244936456082339,0.1875,0.4146403617999878,8x8,0.99,0.5,5,exact,fixed,perturbation_seed,support_restricted_tv_l1,exact_support_restricted_l1,,,,,,
2,2028,55,Similarity-aware,0.30040430733679024,0.7244936456082339,0.1875,0.4146403617999878,8x8,0.99,0.5,5,exact,fixed,perturbation_seed,support_restricted_tv_l1,exact_support_restricted_l1,,,,,,
2,2028,60,Similarity-aware,0.30939823730183325,0.746184563313398,0.171875,0.4146403617999878,8x8,0.99,0.5,5,exact,fixed,perturbation_seed,support_restricted_tv_l1,exact_support_restricted_l1,,,,,,
2,2028,65,Similarity-aware,0.30939823730183325,0.746184563313398,0.15625,0.4146403617999878,8x8,0.99,0.5,5,exact,fixed,perturbation_seed,support_restricted_tv_l1,exact_support_restricted_l1,,,,,,
2,2028,70,Similarity-aware,0.30939823730183325,0.746184563313398,0.15625,0.4146403617999878,8x8,0.99,0.5,5,exact,fixed,perturbation_seed,support_restricted_tv_l1,exact_support_restricted_l1,,,,,,
2,2028,75,Similarity-aware,0.3175879949030549,0.7659360355667725,0.125,0.4146403617999878,8x8,0.99,0.5,5,exact,fixed,perturbation_seed,support_restricted_tv_l1,exact_support_restricted_l1,,,,,,
2,2028,80,Similarity-aware,0.3175879949030549,0.7659360355667725,0.125,0.4146403617999878,8x8,0.99,0.5,5,exact,fixed,perturbation_seed,support_restricted_tv_l1,exact_support_restricted_l1,,,,,,
2,2028,85,Similarity-aware,0.3175879949030549,0.7659360355667725,0.125,0.4146403617999878,8x8,0.99,0.5,5,exact,fixed,perturbation_seed,support_restricted_tv_l1,exact_support_restricted_l1,,,,,,
2,2028,90,Similarity-aware,0.3175879949030549,0.7659360355667725,0.125,0.4146403617999878,8x8,0.99,0.5,5,exact,fixed,perturbation_seed,support_restricted_tv_l1,exact_support_restricted_l1,,,,,,
2,2028,95,Similarity-aware,0.3175879949030549,0.7659360355667725,0.125,0.4146403617999878,8x8,0.99,0.5,5,exact,fixed,perturbation_seed,support_restricted_tv_l1,exact_support_restricted_l1,,,,,,
2,2028,100,Similarity-aware,0.3175879949030549,0.7659360355667725,0.125,0.4146403617999878,8x8,0.99,0.5,5,exact,fixed,perturbation_seed,support_restricted_tv_l1,exact_support_restricted_l1,,,,,,
2,2028,105,Similarity-aware,0.3175879949030549,0.7659360355667725,0.125,0.4146403617999878,8x8,0.99,0.5,5,exact,fixed,perturbation_seed,support_restricted_tv_l1,exact_support_restricted_l1,,,,,,
2,2028,110,Similarity-aware,0.3175879949030549,0.7659360355667725,0.125,0.4146403617999878,8x8,0.99,0.5,5,exact,fixed,perturbation_seed,support_restricted_tv_l1,exact_support_restricted_l1,,,,,,
2,2028,115,Similarity-aware,0.3265043350057839,0.7874398275855293,0.109375,0.4146403617999878,8x8,0.99,0.5,5,exact,fixed,perturbation_seed,support_restricted_tv_l1,exact_support_restricted_l1,,,,,,
2,2028,120,Similarity-aware,0.3265043350057839,0.7874398275855293,0.109375,0.4146403617999878,8x8,0.99,0.5,5,exact,fixed,perturbation_seed,support_restricted_tv_l1,exact_support_restricted_l1,,,,,,
2,2028,125,Similarity-aware,0.3265043350057839,0.7874398275855293,0.109375,0.4146403617999878,8x8,0.99,0.5,5,exact,fixed,perturbation_seed,support_restricted_tv_l1,exact_support_restricted_l1,,,,,,
2,2028,130,Similarity-aware,0.3265043350057839,0.7874398275855293,0.109375,0.4146403617999878,8x8,0.99,0.5,5,exact,fixed,perturbation_seed,support_restricted_tv_l1,exact_support_restricted_l1,,,,,,
2,2028,135,Similarity-aware,0.3265043350057839,0.7874398275855293,0.109375,0.4146403617999878,8x8,0.99,0.5,5,exact,fixed,perturbation_seed,support_restricted_tv_l1,exact_support_restricted_l1,,,,,,
2,2028,140,Similarity-aware,0.3265043350057839,0.7874398275855293,0.109375,0.4146403617999878,8x8,0.99,0.5,5,exact,fixed,perturbation_seed,support_restricted_tv_l1,exact_support_restricted_l1,,,,,,
2,2028,145,Similarity-aware,0.3265043350057839,0.7874398275855293,0.109375,0.4146403617999878,8x8,0.99,0.5,5,exact,fixed,perturbation_seed,support_restricted_tv_l1,exact_support_restricted_l1,,,,,,
2,2028,150,Similarity-aware,0.3265043350057839,0.7874398275855293,0.109375,0.4146403617999878,8x8,0.99,0.5,5,exact,fixed,perturbation_seed,support_restricted_tv_l1,exact_support_restricted_l1,,,,,,
2,2028,155,Similarity-aware,0.3265043350057839,0.7874398275855293,0.109375,0.4146403617999878,8x8,0.99,0.5,5,exact,fixed,perturbation_seed,support_restricted_tv_l1,exact_support_restricted_l1,,,,,,
2,2028,160,Similarity-aware,0.3265043350057839,0.7874398275855293,0.109375,0.4146403617999878,8x8,0.99,0.5,5,exact,fixed,perturbation_seed,support_restricted_tv_l1,exact_support_restricted_l1,,,,,,
2,2028,165,Similarity-aware,0.3265043350057839,0.7874398275855293,0.109375,0.4146403617999878,8x8,0.99,0.5,5,exact,fixed,perturbation_seed,support_restricted_tv_l1,exact_support_restricted_l1,,,,,,
2,2028,170,Similarity-aware,0.3265043350057839,0.7874398275855293,0.109375,0.4146403617999878,8x8,0.99,0.5,5,exact,fixed,perturbation_seed,support_restricted_tv_l1,exact_support_restricted_l1,,,,,,
2,2028,175,Similarity-aware,0.3265043350057839,0.7874398275855293,0.109375,0.4146403617999878,8x8,0.99,0.5,5,exact,fixed,perturbation_seed,support_restricted_tv_l1,exact_support_restricted_l1,,,,,,
2,2028,180,Similarity-aware,0.3265043350057839,0.7874398275855293,0.109375,0.4146403617999878,8x8,0.99,0.5,5,exact,fixed,perturbation_seed,support_restricted_tv_l1,exact_support_restricted_l1,,,,,,
2,2028,185,Similarity-aware,0.3265043350057839,0.7874398275855293,0.109375,0.4146403617999878,8x8,0.99,0.5,5,exact,fixed,perturbation_seed,support_restricted_tv_l1,exact_support_restricted_l1,,,,,,
2,2028,190,Similarity-aware,0.3265043350057839,0.7874398275855293,0.109375,0.4146403617999878,8x8,0.99,0.5,5,exact,fixed,perturbation_seed,support_restricted_tv_l1,exact_support_restricted_l1,,,,,,
2,2028,195,Similarity-aware,0.3265043350057839,0.7874398275855293,0.109375,0.4146403617999878,8x8,0.99,0.5,5,exact,fixed,perturbation_seed,support_restricted_tv_l1,exact_support_restricted_l1,,,,,,
2,2028,200,Similarity-aware,0.3265043350057839,0.7874398275855293,0.109375,0.4146403617999878,8x8,0.99,0.5,5,exact,fixed,perturbation_seed,support_restricted_tv_l1,exact_support_restricted_l1,,,,,,
2,2028,205,Similarity-aware,0.3265043350057838,0.7874398275855291,0.125,0.4146403617999878,8x8,0.99,0.5,5,exact,fixed,perturbation_seed,support_restricted_tv_l1,exact_support_restricted_l1,,,,,,
2,2028,210,Similarity-aware,0.3265043350057838,0.7874398275855291,0.125,0.4146403617999878,8x8,0.99,0.5,5,exact,fixed,perturbation_seed,support_restricted_tv_l1,exact_support_restricted_l1,,,,,,
2,2028,215,Similarity-aware,0.3264338240409177,0.7872697742782244,0.140625,0.4146403617999878,8x8,0.99,0.5,5,exact,fixed,perturbation_seed,support_restricted_tv_l1,exact_support_restricted_l1,,,,,,
2,2028,220,Similarity-aware,0.3264338240409177,0.7872697742782244,0.140625,0.4146403617999878,8x8,0.99,0.5,5,exact,fixed,perturbation_seed,support_restricted_tv_l1,exact_support_restricted_l1,,,,,,
2,2028,225,Similarity-aware,0.3264338240409177,0.7872697742782244,0.140625,0.4146403617999878,8x8,0.99,0.5,5,exact,fixed,perturbation_seed,support_restricted_tv_l1,exact_support_restricted_l1,,,,,,
2,2028,230,Similarity-aware,0.3264338240409177,0.7872697742782244,0.140625,0.4146403617999878,8x8,0.99,0.5,5,exact,fixed,perturbation_seed,support_restricted_tv_l1,exact_support_restricted_l1,,,,,,
2,2028,235,Similarity-aware,0.3264338240409177,0.7872697742782244,0.140625,0.4146403617999878,8x8,0.99,0.5,5,exact,fixed,perturbation_seed,support_restricted_tv_l1,exact_support_restricted_l1,,,,,,
2,2028,240,Similarity-aware,0.3264338240409177,0.7872697742782244,0.140625,0.4146403617999878,8x8,0.99,0.5,5,exact,fixed,perturbation_seed,support_restricted_tv_l1,exact_support_restricted_l1,,,,,,
2,2028,245,Similarity-aware,0.3264338240409177,0.7872697742782244,0.140625,0.4146403617999878,8x8,0.99,0.5,5,exact,fixed,perturbation_seed,support_restricted_tv_l1,exact_support_restricted_l1,,,,,,
2,2028,250,Similarity-aware,0.3264338240409177,0.7872697742782244,0.140625,0.4146403617999878,8x8,0.99,0.5,5,exact,fixed,perturbation_seed,support_restricted_tv_l1,exact_support_restricted_l1,,,,,,
2,2028,255,Similarity-aware,0.3235272087063357,0.7802598070816782,0.15625,0.4146403617999878,8x8,0.99,0.5,5,exact,fixed,perturbation_seed,support_restricted_tv_l1,exact_support_restricted_l1,,,,,,
2,2028,260,Similarity-aware,0.3235272087063357,0.7802598070816782,0.15625,0.4146403617999878,8x8,0.99,0.5,5,exact,fixed,perturbation_seed,support_restricted_tv_l1,exact_support_restricted_l1,,,,,,
2,2028,265,Similarity-aware,0.3235272087063357,0.7802598070816782,0.15625,0.4146403617999878,8x8,0.99,0.5,5,exact,fixed,perturbation_seed,support_restricted_tv_l1,exact_support_restricted_l1,,,,,,
2,2028,270,Similarity-aware,0.3235272087063357,0.7802598070816782,0.15625,0.4146403617999878,8x8,0.99,0.5,5,exact,fixed,perturbation_seed,support_restricted_tv_l1,exact_support_restricted_l1,,,,,,
2,2028,275,Similarity-aware,0.3235272087063357,0.7802598070816782,0.15625,0.4146403617999878,8x8,0.99,0.5,5,exact,fixed,perturbation_seed,support_restricted_tv_l1,exact_support_restricted_l1,,,,,,
2,2028,280,Similarity-aware,0.3235272087063357,0.7802598070816782,0.15625,0.4146403617999878,8x8,0.99,0.5,5,exact,fixed,perturbation_seed,support_restricted_tv_l1,exact_support_restricted_l1,,,,,,
2,2028,285,Similarity-aware,0.3235272087063357,0.7802598070816782,0.15625,0.4146403617999878,8x8,0.99,0.5,5,exact,fixed,perturbation_seed,support_restricted_tv_l1,exact_support_restricted_l1,,,,,,
2,2028,290,Similarity-aware,0.3235272087063357,0.7802598070816782,0.15625,0.4146403617999878,8x8,0.99,0.5,5,exact,fixed,perturbation_seed,support_restricted_tv_l1,exact_support_restricted_l1,,,,,,
2,2028,295,Similarity-aware,0.3235272087063357,0.7802598070816782,0.15625,0.4146403617999878,8x8,0.99,0.5,5,exact,fixed,perturbation_seed,support_restricted_tv_l1,exact_support_restricted_l1,,,,,,
2,2028,300,Similarity-aware,0.3235272087063357,0.7802598070816782,0.15625,0.4146403617999878,8x8,0.99,0.5,5,exact,fixed,perturbation_seed,support_restricted_tv_l1,exact_support_restricted_l1,,,,,,
2,2028,305,Similarity-aware,0.3235272087063357,0.7802598070816782,0.15625,0.4146403617999878,8x8,0.99,0.5,5,exact,fixed,perturbation_seed,support_restricted_tv_l1,exact_support_restricted_l1,,,,,,
2,2028,310,Similarity-aware,0.3235272087063357,0.7802598070816782,0.15625,0.4146403617999878,8x8,0.99,0.5,5,exact,fixed,perturbation_seed,support_restricted_tv_l1,exact_support_restricted_l1,,,,,,
2,2028,315,Similarity-aware,0.3235272087063357,0.7802598070816782,0.15625,0.4146403617999878,8x8,0.99,0.5,5,exact,fixed,perturbation_seed,support_restricted_tv_l1,exact_support_restricted_l1,,,,,,
2,2028,320,Similarity-aware,0.3235272087063357,0.7802598070816782,0.15625,0.4146403617999878,8x8,0.99,0.5,5,exact,fixed,perturbation_seed,support_restricted_tv_l1,exact_support_restricted_l1,,,,,,
2,2028,325,Similarity-aware,0.3235272087063357,0.7802598070816782,0.15625,0.4146403617999878,8x8,0.99,0.5,5,exact,fixed,perturbation_seed,support_restricted_tv_l1,exact_support_restricted_l1,,,,,,
2,2028,330,Similarity-aware,0.3235272087063357,0.7802598070816782,0.15625,0.4146403617999878,8x8,0.99,0.5,5,exact,fixed,perturbation_seed,support_restricted_tv_l1,exact_support_restricted_l1,,,,,,
2,2028,335,Similarity-aware,0.3235272087063357,0.7802598070816782,0.15625,0.4146403617999878,8x8,0.99,0.5,5,exact,fixed,perturbation_seed,support_restricted_tv_l1,exact_support_restricted_l1,,,,,,
2,2028,340,Similarity-aware,0.3235272087063357,0.7802598070816782,0.15625,0.4146403617999878,8x8,0.99,0.5,5,exact,fixed,perturbation_seed,support_restricted_tv_l1,exact_support_restricted_l1,,,,,,
2,2028,345,Similarity-aware,0.3235272087063357,0.7802598070816782,0.15625,0.4146403617999878,8x8,0.99,0.5,5,exact,fixed,perturbation_seed,support_restricted_tv_l1,exact_support_restricted_l1,,,,,,
2,2028,350,Similarity-aware,0.3235272087063357,0.7802598070816782,0.15625,0.4146403617999878,8x8,0.99,0.5,5,exact,fixed,perturbation_seed,support_restricted_tv_l1,exact_support_restricted_l1,,,,,,
2,2028,355,Similarity-aware,0.3235272087063357,0.7802598070816782,0.15625,0.4146403617999878,8x8,0.99,0.5,5,exact,fixed,perturbation_seed,support_restricted_tv_l1,exact_support_restricted_l1,,,,,,
2,2028,360,Similarity-aware,0.3235272087063357,0.7802598070816782,0.15625,0.4146403617999878,8x8,0.99,0.5,5,exact,fixed,perturbation_seed,support_restricted_tv_l1,exact_support_restricted_l1,,,,,,
2,2028,365,Similarity-aware,0.3235272087063357,0.7802598070816782,0.15625,0.4146403617999878,8x8,0.99,0.5,5,exact,fixed,perturbation_seed,support_restricted_tv_l1,exact_support_restricted_l1,,,,,,
2,2028,370,Similarity-aware,0.3235272087063357,0.7802598070816782,0.15625,0.4146403617999878,8x8,0.99,0.5,5,exact,fixed,perturbation_seed,support_restricted_tv_l1,exact_support_restricted_l1,,,,,,
2,2028,375,Similarity-aware,0.3235272087063357,0.7802598070816782,0.15625,0.4146403617999878,8x8,0.99,0.5,5,exact,fixed,perturbation_seed,support_restricted_tv_l1,exact_support_restricted_l1,,,,,,
2,2028,380,Similarity-aware,0.3235272087063357,0.7802598070816782,0.15625,0.4146403617999878,8x8,0.99,0.5,5,exact,fixed,perturbation_seed,support_restricted_tv_l1,exact_support_restricted_l1,,,,,,
2,2028,385,Similarity-aware,0.3235272087063357,0.7802598070816782,0.15625,0.4146403617999878,8x8,0.99,0.5,5,exact,fixed,perturbation_seed,support_restricted_tv_l1,exact_support_restricted_l1,,,,,,
2,2028,390,Similarity-aware,0.3235272087063357,0.7802598070816782,0.15625,0.4146403617999878,8x8,0.99,0.5,5,exact,fixed,perturbation_seed,support_restricted_tv_l1,exact_support_restricted_l1,,,,,,
2,2028,395,Similarity-aware,0.3235272087063357,0.7802598070816782,0.15625,0.4146403617999878,8x8,0.99,0.5,5,exact,fixed,perturbation_seed,support_restricted_tv_l1,exact_support_restricted_l1,,,,,,
2,2028,400,Similarity-aware,0.3235272087063357,0.7802598070816782,0.15625,0.4146403617999878,8x8,0.99,0.5,5,exact,fixed,perturbation_seed,support_restricted_tv_l1,exact_support_restricted_l1,,,,,,
2,2028,405,Similarity-aware,0.3235272087063357,0.7802598070816782,0.15625,0.4146403617999878,8x8,0.99,0.5,5,exact,fixed,perturbation_seed,support_restricted_tv_l1,exact_support_restricted_l1,,,,,,
2,2028,410,Similarity-aware,0.3235272087063357,0.7802598070816782,0.15625,0.4146403617999878,8x8,0.99,0.5,5,exact,fixed,perturbation_seed,support_restricted_tv_l1,exact_support_restricted_l1,,,,,,
2,2028,415,Similarity-aware,0.3235272087063357,0.7802598070816782,0.15625,0.4146403617999878,8x8,0.99,0.5,5,exact,fixed,perturbation_seed,support_restricted_tv_l1,exact_support_restricted_l1,,,,,,
2,2028,420,Similarity-aware,0.3235272087063357,0.7802598070816782,0.15625,0.4146403617999878,8x8,0.99,0.5,5,exact,fixed,perturbation_seed,support_restricted_tv_l1,exact_support_restricted_l1,,,,,,
2,2028,425,Similarity-aware,0.3235272087063357,0.7802598070816782,0.15625,0.4146403617999878,8x8,0.99,0.5,5,exact,fixed,perturbation_seed,support_restricted_tv_l1,exact_support_restricted_l1,,,,,,
2,2028,430,Similarity-aware,0.3235272087063357,0.7802598070816782,0.15625,0.4146403617999878,8x8,0.99,0.5,5,exact,fixed,perturbation_seed,support_restricted_tv_l1,exact_support_restricted_l1,,,,,,
2,2028,435,Similarity-aware,0.3235272087063357,0.7802598070816782,0.15625,0.4146403617999878,8x8,0.99,0.5,5,exact,fixed,perturbation_seed,support_restricted_tv_l1,exact_support_restricted_l1,,,,,,
2,2028,440,Similarity-aware,0.3235272087063357,0.7802598070816782,0.15625,0.4146403617999878,8x8,0.99,0.5,5,exact,fixed,perturbation_seed,support_restricted_tv_l1,exact_support_restricted_l1,,,,,,
2,2028,445,Similarity-aware,0.3235272087063357,0.7802598070816782,0.15625,0.4146403617999878,8x8,0.99,0.5,5,exact,fixed,perturbation_seed,support_restricted_tv_l1,exact_support_restricted_l1,,,,,,
2,2028,450,Similarity-aware,0.3235272087063357,0.7802598070816782,0.15625,0.4146403617999878,8x8,0.99,0.5,5,exact,fixed,perturbation_seed,support_restricted_tv_l1,exact_support_restricted_l1,,,,,,
2,2028,455,Similarity-aware,0.3235272087063357,0.7802598070816782,0.15625,0.4146403617999878,8x8,0.99,0.5,5,exact,fixed,perturbation_seed,support_restricted_tv_l1,exact_support_restricted_l1,,,,,,
2,2028,460,Similarity-aware,0.3235272087063357,0.7802598070816782,0.15625,0.4146403617999878,8x8,0.99,0.5,5,exact,fixed,perturbation_seed,support_restricted_tv_l1,exact_support_restricted_l1,,,,,,
2,2028,465,Similarity-aware,0.3235272087063357,0.7802598070816782,0.15625,0.4146403617999878,8x8,0.99,0.5,5,exact,fixed,perturbation_seed,support_restricted_tv_l1,exact_support_restricted_l1,,,,,,
2,2028,470,Similarity-aware,0.3235272087063357,0.7802598070816782,0.15625,0.4146403617999878,8x8,0.99,0.5,5,exact,fixed,perturbation_seed,support_restricted_tv_l1,exact_support_restricted_l1,,,,,,
2,2028,475,Similarity-aware,0.3235272087063357,0.7802598070816782,0.15625,0.4146403617999878,8x8,0.99,0.5,5,exact,fixed,perturbation_seed,support_restricted_tv_l1,exact_support_restricted_l1,,,,,,
2,2028,480,Similarity-aware,0.3235272087063357,0.7802598070816782,0.15625,0.4146403617999878,8x8,0.99,0.5,5,exact,fixed,perturbation_seed,support_restricted_tv_l1,exact_support_restricted_l1,,,,,,
2,2028,485,Similarity-aware,0.3235272087063357,0.7802598070816782,0.15625,0.4146403617999878,8x8,0.99,0.5,5,exact,fixed,perturbation_seed,support_restricted_tv_l1,exact_support_restricted_l1,,,,,,
2,2028,490,Similarity-aware,0.3235272087063357,0.7802598070816782,0.15625,0.4146403617999878,8x8,0.99,0.5,5,exact,fixed,perturbation_seed,support_restricted_tv_l1,exact_support_restricted_l1,,,,,,
2,2028,495,Similarity-aware,0.3235272087063357,0.7802598070816782,0.15625,0.4146403617999878,8x8,0.99,0.5,5,exact,fixed,perturbation_seed,support_restricted_tv_l1,exact_support_restricted_l1,,,,,,
2,2028,500,Similarity-aware,0.3235272087063357,0.7802598070816782,0.15625,0.4146403617999878,8x8,0.99,0.5,5,exact,fixed,perturbation_seed,support_restricted_tv_l1,exact_support_restricted_l1,,,,,,
2,2028,0,Uniform,0.0,0.0,0.65625,0.4146403617999878,8x8,0.99,0.5,5,exact,fixed,perturbation_seed,support_restricted_tv_l1,exact_support_restricted_l1,,,,,,
2,2028,5,Uniform,0.0,0.0,0.609375,0.4146403617999878,8x8,0.99,0.5,5,exact,fixed,perturbation_seed,support_restricted_tv_l1,exact_support_restricted_l1,,,,,,
2,2028,10,Uniform,-2.5240918945771043e-18,-6.087424493891078e-18,0.421875,0.4146403617999878,8x8,0.99,0.5,5,exact,fixed,perturbation_seed,support_restricted_tv_l1,exact_support_restricted_l1,,,,,,
2,2028,15,Uniform,0.07908961406903427,0.19074268053814097,0.40625,0.4146403617999878,8x8,0.99,0.5,5,exact,fixed,perturbation_seed,support_restricted_tv_l1,exact_support_restricted_l1,,,,,,
2,2028,20,Uniform,0.22317891599947468,0.5382469642623229,0.328125,0.4146403617999878,8x8,0.99,0.5,5,exact,fixed,perturbation_seed,support_restricted_tv_l1,exact_support_restricted_l1,,,,,,
2,2028,25,Uniform,0.22317891599947462,0.5382469642623228,0.3125,0.4146403617999878,8x8,0.99,0.5,5,exact,fixed,perturbation_seed,support_restricted_tv_l1,exact_support_restricted_l1,,,,,,
2,2028,30,Uniform,0.26031406780382005,0.6278068702086197,0.28125,0.4146403617999878,8x8,0.99,0.5,5,exact,fixed,perturbation_seed,support_restricted_tv_l1,exact_support_restricted_l1,,,,,,
2,2028,35,Uniform,0.2609350318181654,0.6293044668527324,0.234375,0.4146403617999878,8x8,0.99,0.5,5,exact,fixed,perturbation_seed,support_restricted_tv_l1,exact_support_restricted_l1,,,,,,
2,2028,40,Uniform,0.2609350318181654,0.6293044668527324,0.234375,0.4146403617999878,8x8,0.99,0.5,5,exact,fixed,perturbation_seed,support_restricted_tv_l1,exact_support_restricted_l1,,,,,,
2,2028,45,Uniform,0.26098038865647105,0.6294138552347721,0.21875,0.4146403617999878,8x8,0.99,0.5,5,exact,fixed,perturbation_seed,support_restricted_tv_l1,exact_support_restricted_l1,,,,,,
2,2028,50,Uniform,0.26098038865647105,0.6294138552347721,0.21875,0.4146403617999878,8x8,0.99,0.5,5,exact,fixed,perturbation_seed,support_restricted_tv_l1,exact_support_restricted_l1,,,,,,
2,2028,55,Uniform,0.27466601225926546,0.6624198644505271,0.203125,0.4146403617999878,8x8,0.99,0.5,5,exact,fixed,perturbation_seed,support_restricted_tv_l1,exact_support_restricted_l1,,,,,,
2,2028,60,Uniform,0.29791479836309537,0.7184896257320991,0.203125,0.4146403617999878,8x8,0.99,0.5,5,exact,fixed,perturbation_seed,support_restricted_tv_l1,exact_support_restricted_l1,,,,,,
2,2028,65,Uniform,0.2992358883002629,0.7216757360553501,0.171875,0.4146403617999878,8x8,0.99,0.5,5,exact,fixed,perturbation_seed,support_restricted_tv_l1,exact_support_restricted_l1,,,,,,
2,2028,70,Uniform,0.2994366749884908,0.7221599790445186,0.15625,0.4146403617999878,8x8,0.99,0.5,5,exact,fixed,perturbation_seed,support_restricted_tv_l1,exact_support_restricted_l1,,,,,,
2,2028,75,Uniform,0.2994366749884908,0.7221599790445186,0.15625,0.4146403617999878,8x8,0.99,0.5,5,exact,fixed,perturbation_seed,support_restricted_tv_l1,exact_support_restricted_l1,,,,,,
2,2028,80,Uniform,0.2994366749884908,0.7221599790445186,0.15625,0.4146403617999878,8x8,0.99,0.5,5,exact,fixed,perturbation_seed,support_restricted_tv_l1,exact_support_restricted_l1,,,,,,
2,2028,85,Uniform,0.2994366749884908,0.7221599790445186,0.15625,0.4146403617999878,8x8,0.99,0.5,5,exact,fixed,perturbation_seed,support_restricted_tv_l1,exact_support_restricted_l1,,,,,,
2,2028,90,Uniform,0.2994366749884908,0.7221599790445186,0.15625,0.4146403617999878,8x8,0.99,0.5,5,exact,fixed,perturbation_seed,support_restricted_tv_l1,exact_support_restricted_l1,,,,,,
2,2028,95,Uniform,0.2994366749884908,0.7221599790445186,0.15625,0.4146403617999878,8x8,0.99,0.5,5,exact,fixed,perturbation_seed,support_restricted_tv_l1,exact_support_restricted_l1,,,,,,
2,2028,100,Uniform,0.2994366749884908,0.7221599790445186,0.15625,0.4146403617999878,8x8,0.99,0.5,5,exact,fixed,perturbation_seed,support_restricted_tv_l1,exact_support_restricted_l1,,,,,,
2,2028,105,Uniform,0.3078212345869536,0.7423812608369248,0.140625,0.4146403617999878,8x8,0.99,0.5,5,exact,fixed,perturbation_seed,support_restricted_tv_l1,exact_support_restricted_l1,,,,,,
2,2028,110,Uniform,0.3078212345869536,0.7423812608369248,0.140625,0.4146403617999878,8x8,0.99,0.5,5,exact,fixed,perturbation_seed,support_restricted_tv_l1,exact_support_restricted_l1,,,,,,
2,2028,115,Uniform,0.3078212345869536,0.7423812608369248,0.140625,0.4146403617999878,8x8,0.99,0.5,5,exact,fixed,perturbation_seed,support_restricted_tv_l1,exact_support_restricted_l1,,,,,,
2,2028,120,Uniform,0.3078212345869536,0.7423812608369248,0.140625,0.4146403617999878,8x8,0.99,0.5,5,exact,fixed,perturbation_seed,support_restricted_tv_l1,exact_support_restricted_l1,,,,,,
2,2028,125,Uniform,0.3078212345869536,0.7423812608369248,0.140625,0.4146403617999878,8x8,0.99,0.5,5,exact,fixed,perturbation_seed,support_restricted_tv_l1,exact_support_restricted_l1,,,,,,
2,2028,130,Uniform,0.3078212345869536,0.7423812608369248,0.140625,0.4146403617999878,8x8,0.99,0.5,5,exact,fixed,perturbation_seed,support_restricted_tv_l1,exact_support_restricted_l1,,,,,,
2,2028,135,Uniform,0.31720230476355854,0.7650058556445333,0.125,0.4146403617999878,8x8,0.99,0.5,5,exact,fixed,perturbation_seed,support_restricted_tv_l1,exact_support_restricted_l1,,,,,,
2,2028,140,Uniform,0.31720230476355854,0.7650058556445333,0.125,0.4146403617999878,8x8,0.99,0.5,5,exact,fixed,perturbation_seed,support_restricted_tv_l1,exact_support_restricted_l1,,,,,,
2,2028,145,Uniform,0.31720230476355854,0.7650058556445333,0.125,0.4146403617999878,8x8,0.99,0.5,5,exact,fixed,perturbation_seed,support_restricted_tv_l1,exact_support_restricted_l1,,,,,,
2,2028,150,Uniform,0.31720230476355854,0.7650058556445333,0.125,0.4146403617999878,8x8,0.99,0.5,5,exact,fixed,perturbation_seed,support_restricted_tv_l1,exact_support_restricted_l1,,,,,,
2,2028,155,Uniform,0.31720230476355854,0.7650058556445333,0.125,0.4146403617999878,8x8,0.99,0.5,5,exact,fixed,perturbation_seed,support_restricted_tv_l1,exact_support_restricted_l1,,,,,,
2,2028,160,Uniform,0.31720230476355854,0.7650058556445333,0.125,0.4146403617999878,8x8,0.99,0.5,5,exact,fixed,perturbation_seed,support_restricted_tv_l1,exact_support_restricted_l1,,,,,,
2,2028,165,Uniform,0.31720230476355854,0.7650058556445333,0.125,0.4146403617999878,8x8,0.99,0.5,5,exact,fixed,perturbation_seed,support_restricted_tv_l1,exact_support_restricted_l1,,,,,,
2,2028,170,Uniform,0.31720230476355854,0.7650058556445333,0.125,0.4146403617999878,8x8,0.99,0.5,5,exact,fixed,perturbation_seed,support_restricted_tv_l1,exact_support_restricted_l1,,,,,,
2,2028,175,Uniform,0.31720230476355854,0.7650058556445333,0.125,0.4146403617999878,8x8,0.99,0.5,5,exact,fixed,perturbation_seed,support_restricted_tv_l1,exact_support_restricted_l1,,,,,,
2,2028,180,Uniform,0.31720230476355854,0.7650058556445333,0.125,0.4146403617999878,8x8,0.99,0.5,5,exact,fixed,perturbation_seed,support_restricted_tv_l1,exact_support_restricted_l1,,,,,,
2,2028,185,Uniform,0.31720230476355854,0.7650058556445333,0.125,0.4146403617999878,8x8,0.99,0.5,5,exact,fixed,perturbation_seed,support_restricted_tv_l1,exact_support_restricted_l1,,,,,,
2,2028,190,Uniform,0.31720230476355854,0.7650058556445333,0.125,0.4146403617999878,8x8,0.99,0.5,5,exact,fixed,perturbation_seed,support_restricted_tv_l1,exact_support_restricted_l1,,,,,,
2,2028,195,Uniform,0.31720230476355854,0.7650058556445333,0.125,0.4146403617999878,8x8,0.99,0.5,5,exact,fixed,perturbation_seed,support_restricted_tv_l1,exact_support_restricted_l1,,,,,,
2,2028,200,Uniform,0.31720230476355854,0.7650058556445333,0.125,0.4146403617999878,8x8,0.99,0.5,5,exact,fixed,perturbation_seed,support_restricted_tv_l1,exact_support_restricted_l1,,,,,,
2,2028,205,Uniform,0.31720230476355854,0.7650058556445333,0.125,0.4146403617999878,8x8,0.99,0.5,5,exact,fixed,perturbation_seed,support_restricted_tv_l1,exact_support_restricted_l1,,,,,,
2,2028,210,Uniform,0.31720230476355854,0.7650058556445333,0.125,0.4146403617999878,8x8,0.99,0.5,5,exact,fixed,perturbation_seed,support_restricted_tv_l1,exact_support_restricted_l1,,,,,,
2,2028,215,Uniform,0.31720230476355854,0.7650058556445333,0.125,0.4146403617999878,8x8,0.99,0.5,5,exact,fixed,perturbation_seed,support_restricted_tv_l1,exact_support_restricted_l1,,,,,,
2,2028,220,Uniform,0.31720230476355854,0.7650058556445333,0.125,0.4146403617999878,8x8,0.99,0.5,5,exact,fixed,perturbation_seed,support_restricted_tv_l1,exact_support_restricted_l1,,,,,,
2,2028,225,Uniform,0.31720230476355854,0.7650058556445333,0.125,0.4146403617999878,8x8,0.99,0.5,5,exact,fixed,perturbation_seed,support_restricted_tv_l1,exact_support_restricted_l1,,,,,,
2,2028,230,Uniform,0.31720230476355854,0.7650058556445333,0.125,0.4146403617999878,8x8,0.99,0.5,5,exact,fixed,perturbation_seed,support_restricted_tv_l1,exact_support_restricted_l1,,,,,,
2,2028,235,Uniform,0.31720230476355854,0.7650058556445333,0.125,0.4146403617999878,8x8,0.99,0.5,5,exact,fixed,perturbation_seed,support_restricted_tv_l1,exact_support_restricted_l1,,,,,,
2,2028,240,Uniform,0.31720230476355854,0.7650058556445333,0.125,0.4146403617999878,8x8,0.99,0.5,5,exact,fixed,perturbation_seed,support_restricted_tv_l1,exact_support_restricted_l1,,,,,,
2,2028,245,Uniform,0.31720230476355854,0.7650058556445333,0.125,0.4146403617999878,8x8,0.99,0.5,5,exact,fixed,perturbation_seed,support_restricted_tv_l1,exact_support_restricted_l1,,,,,,
2,2028,250,Uniform,0.31720230476355854,0.7650058556445333,0.125,0.4146403617999878,8x8,0.99,0.5,5,exact,fixed,perturbation_seed,support_restricted_tv_l1,exact_support_restricted_l1,,,,,,
2,2028,255,Uniform,0.31720230476355854,0.7650058556445333,0.125,0.4146403617999878,8x8,0.99,0.5,5,exact,fixed,perturbation_seed,support_restricted_tv_l1,exact_support_restricted_l1,,,,,,
2,2028,260,Uniform,0.31720230476355854,0.7650058556445333,0.125,0.4146403617999878,8x8,0.99,0.5,5,exact,fixed,perturbation_seed,support_restricted_tv_l1,exact_support_restricted_l1,,,,,,
2,2028,265,Uniform,0.31720230476355854,0.7650058556445333,0.125,0.4146403617999878,8x8,0.99,0.5,5,exact,fixed,perturbation_seed,support_restricted_tv_l1,exact_support_restricted_l1,,,,,,
2,2028,270,Uniform,0.31720230476355854,0.7650058556445333,0.125,0.4146403617999878,8x8,0.99,0.5,5,exact,fixed,perturbation_seed,support_restricted_tv_l1,exact_support_restricted_l1,,,,,,
2,2028,275,Uniform,0.31720230476355854,0.7650058556445333,0.125,0.4146403617999878,8x8,0.99,0.5,5,exact,fixed,perturbation_seed,support_restricted_tv_l1,exact_support_restricted_l1,,,,,,
2,2028,280,Uniform,0.31720230476355854,0.7650058556445333,0.125,0.4146403617999878,8x8,0.99,0.5,5,exact,fixed,perturbation_seed,support_restricted_tv_l1,exact_support_restricted_l1,,,,,,
2,2028,285,Uniform,0.31720230476355854,0.7650058556445333,0.125,0.4146403617999878,8x8,0.99,0.5,5,exact,fixed,perturbation_seed,support_restricted_tv_l1,exact_support_restricted_l1,,,,,,
2,2028,290,Uniform,0.31720230476355854,0.7650058556445333,0.125,0.4146403617999878,8x8,0.99,0.5,5,exact,fixed,perturbation_seed,support_restricted_tv_l1,exact_support_restricted_l1,,,,,,
2,2028,295,Uniform,0.31720230476355854,0.7650058556445333,0.125,0.4146403617999878,8x8,0.99,0.5,5,exact,fixed,perturbation_seed,support_restricted_tv_l1,exact_support_restricted_l1,,,,,,
2,2028,300,Uniform,0.31720230476355854,0.7650058556445333,0.125,0.4146403617999878,8x8,0.99,0.5,5,exact,fixed,perturbation_seed,support_restricted_tv_l1,exact_support_restricted_l1,,,,,,
2,2028,305,Uniform,0.31720230476355854,0.7650058556445333,0.125,0.4146403617999878,8x8,0.99,0.5,5,exact,fixed,perturbation_seed,support_restricted_tv_l1,exact_support_restricted_l1,,,,,,
2,2028,310,Uniform,0.31720230476355854,0.7650058556445333,0.125,0.4146403617999878,8x8,0.99,0.5,5,exact,fixed,perturbation_seed,support_restricted_tv_l1,exact_support_restricted_l1,,,,,,
2,2028,315,Uniform,0.31720230476355854,0.7650058556445333,0.125,0.4146403617999878,8x8,0.99,0.5,5,exact,fixed,perturbation_seed,support_restricted_tv_l1,exact_support_restricted_l1,,,,,,
2,2028,320,Uniform,0.31720230476355854,0.7650058556445333,0.125,0.4146403617999878,8x8,0.99,0.5,5,exact,fixed,perturbation_seed,support_restricted_tv_l1,exact_support_restricted_l1,,,,,,
2,2028,325,Uniform,0.31720230476355854,0.7650058556445333,0.125,0.4146403617999878,8x8,0.99,0.5,5,exact,fixed,perturbation_seed,support_restricted_tv_l1,exact_support_restricted_l1,,,,,,
2,2028,330,Uniform,0.31720230476355854,0.7650058556445333,0.125,0.4146403617999878,8x8,0.99,0.5,5,exact,fixed,perturbation_seed,support_restricted_tv_l1,exact_support_restricted_l1,,,,,,
2,2028,335,Uniform,0.31720230476355854,0.7650058556445333,0.125,0.4146403617999878,8x8,0.99,0.5,5,exact,fixed,perturbation_seed,support_restricted_tv_l1,exact_support_restricted_l1,,,,,,
2,2028,340,Uniform,0.31720230476355854,0.7650058556445333,0.125,0.4146403617999878,8x8,0.99,0.5,5,exact,fixed,perturbation_seed,support_restricted_tv_l1,exact_support_restricted_l1,,,,,,
2,2028,345,Uniform,0.31720230476355854,0.7650058556445333,0.125,0.4146403617999878,8x8,0.99,0.5,5,exact,fixed,perturbation_seed,support_restricted_tv_l1,exact_support_restricted_l1,,,,,,
2,2028,350,Uniform,0.31720230476355854,0.7650058556445333,0.125,0.4146403617999878,8x8,0.99,0.5,5,exact,fixed,perturbation_seed,support_restricted_tv_l1,exact_support_restricted_l1,,,,,,
2,2028,355,Uniform,0.31720230476355854,0.7650058556445333,0.125,0.4146403617999878,8x8,0.99,0.5,5,exact,fixed,perturbation_seed,support_restricted_tv_l1,exact_support_restricted_l1,,,,,,
2,2028,360,Uniform,0.31720230476355854,0.7650058556445333,0.125,0.4146403617999878,8x8,0.99,0.5,5,exact,fixed,perturbation_seed,support_restricted_tv_l1,exact_support_restricted_l1,,,,,,
2,2028,365,Uniform,0.31720230476355854,0.7650058556445333,0.125,0.4146403617999878,8x8,0.99,0.5,5,exact,fixed,perturbation_seed,support_restricted_tv_l1,exact_support_restricted_l1,,,,,,
2,2028,370,Uniform,0.31720230476355854,0.7650058556445333,0.125,0.4146403617999878,8x8,0.99,0.5,5,exact,fixed,perturbation_seed,support_restricted_tv_l1,exact_support_restricted_l1,,,,,,
2,2028,375,Uniform,0.31720230476355854,0.7650058556445333,0.125,0.4146403617999878,8x8,0.99,0.5,5,exact,fixed,perturbation_seed,support_restricted_tv_l1,exact_support_restricted_l1,,,,,,
2,2028,380,Uniform,0.31720230476355854,0.7650058556445333,0.125,0.4146403617999878,8x8,0.99,0.5,5,exact,fixed,perturbation_seed,support_restricted_tv_l1,exact_support_restricted_l1,,,,,,
2,2028,385,Uniform,0.31720230476355854,0.7650058556445333,0.125,0.4146403617999878,8x8,0.99,0.5,5,exact,fixed,perturbation_seed,support_restricted_tv_l1,exact_support_restricted_l1,,,,,,
2,2028,390,Uniform,0.31720230476355854,0.7650058556445333,0.125,0.4146403617999878,8x8,0.99,0.5,5,exact,fixed,perturbation_seed,support_restricted_tv_l1,exact_support_restricted_l1,,,,,,
2,2028,395,Uniform,0.31720230476355854,0.7650058556445333,0.125,0.4146403617999878,8x8,0.99,0.5,5,exact,fixed,perturbation_seed,support_restricted_tv_l1,exact_support_restricted_l1,,,,,,
2,2028,400,Uniform,0.31720230476355854,0.7650058556445333,0.125,0.4146403617999878,8x8,0.99,0.5,5,exact,fixed,perturbation_seed,support_restricted_tv_l1,exact_support_restricted_l1,,,,,,
2,2028,405,Uniform,0.31720230476355854,0.7650058556445333,0.125,0.4146403617999878,8x8,0.99,0.5,5,exact,fixed,perturbation_seed,support_restricted_tv_l1,exact_support_restricted_l1,,,,,,
2,2028,410,Uniform,0.31720230476355854,0.7650058556445333,0.125,0.4146403617999878,8x8,0.99,0.5,5,exact,fixed,perturbation_seed,support_restricted_tv_l1,exact_support_restricted_l1,,,,,,
2,2028,415,Uniform,0.31720230476355854,0.7650058556445333,0.125,0.4146403617999878,8x8,0.99,0.5,5,exact,fixed,perturbation_seed,support_restricted_tv_l1,exact_support_restricted_l1,,,,,,
2,2028,420,Uniform,0.31720230476355854,0.7650058556445333,0.125,0.4146403617999878,8x8,0.99,0.5,5,exact,fixed,perturbation_seed,support_restricted_tv_l1,exact_support_restricted_l1,,,,,,
2,2028,425,Uniform,0.31720230476355854,0.7650058556445333,0.125,0.4146403617999878,8x8,0.99,0.5,5,exact,fixed,perturbation_seed,support_restricted_tv_l1,exact_support_restricted_l1,,,,,,
2,2028,430,Uniform,0.31720230476355854,0.7650058556445333,0.125,0.4146403617999878,8x8,0.99,0.5,5,exact,fixed,perturbation_seed,support_restricted_tv_l1,exact_support_restricted_l1,,,,,,
2,2028,435,Uniform,0.31720230476355854,0.7650058556445333,0.125,0.4146403617999878,8x8,0.99,0.5,5,exact,fixed,perturbation_seed,support_restricted_tv_l1,exact_support_restricted_l1,,,,,,
2,2028,440,Uniform,0.31720230476355854,0.7650058556445333,0.125,0.4146403617999878,8x8,0.99,0.5,5,exact,fixed,perturbation_seed,support_restricted_tv_l1,exact_support_restricted_l1,,,,,,
2,2028,445,Uniform,0.31720230476355854,0.7650058556445333,0.125,0.4146403617999878,8x8,0.99,0.5,5,exact,fixed,perturbation_seed,support_restricted_tv_l1,exact_support_restricted_l1,,,,,,
2,2028,450,Uniform,0.31720230476355854,0.7650058556445333,0.125,0.4146403617999878,8x8,0.99,0.5,5,exact,fixed,perturbation_seed,support_restricted_tv_l1,exact_support_restricted_l1,,,,,,
2,2028,455,Uniform,0.31720230476355854,0.7650058556445333,0.125,0.4146403617999878,8x8,0.99,0.5,5,exact,fixed,perturbation_seed,support_restricted_tv_l1,exact_support_restricted_l1,,,,,,
2,2028,460,Uniform,0.31720230476355854,0.7650058556445333,0.125,0.4146403617999878,8x8,0.99,0.5,5,exact,fixed,perturbation_seed,support_restricted_tv_l1,exact_support_restricted_l1,,,,,,
2,2028,465,Uniform,0.31720230476355854,0.7650058556445333,0.125,0.4146403617999878,8x8,0.99,0.5,5,exact,fixed,perturbation_seed,support_restricted_tv_l1,exact_support_restricted_l1,,,,,,
2,2028,470,Uniform,0.31720230476355854,0.7650058556445333,0.125,0.4146403617999878,8x8,0.99,0.5,5,exact,fixed,perturbation_seed,support_restricted_tv_l1,exact_support_restricted_l1,,,,,,
2,2028,475,Uniform,0.31720230476355854,0.7650058556445333,0.125,0.4146403617999878,8x8,0.99,0.5,5,exact,fixed,perturbation_seed,support_restricted_tv_l1,exact_support_restricted_l1,,,,,,
2,2028,480,Uniform,0.31720230476355854,0.7650058556445333,0.125,0.4146403617999878,8x8,0.99,0.5,5,exact,fixed,perturbation_seed,support_restricted_tv_l1,exact_support_restricted_l1,,,,,,
2,2028,485,Uniform,0.31720230476355854,0.7650058556445333,0.125,0.4146403617999878,8x8,0.99,0.5,5,exact,fixed,perturbation_seed,support_restricted_tv_l1,exact_support_restricted_l1,,,,,,
2,2028,490,Uniform,0.31720230476355854,0.7650058556445333,0.125,0.4146403617999878,8x8,0.99,0.5,5,exact,fixed,perturbation_seed,support_restricted_tv_l1,exact_support_restricted_l1,,,,,,
2,2028,495,Uniform,0.31720230476355854,0.7650058556445333,0.125,0.4146403617999878,8x8,0.99,0.5,5,exact,fixed,perturbation_seed,support_restricted_tv_l1,exact_support_restricted_l1,,,,,,
2,2028,500,Uniform,0.31720230476355854,0.7650058556445333,0.125,0.4146403617999878,8x8,0.99,0.5,5,exact,fixed,perturbation_seed,support_restricted_tv_l1,exact_support_restricted_l1,,,,,,
2,2028,-1,source_metadata,,,,0.4146403617999878,8x8,0.99,0.5,5,exact,fixed,perturbation_seed,support_restricted_tv_l1,exact_support_restricted_l1,0.0,0.1,0.2664929428452598,0.09540286476470107,0.25,0.5067425493985351
2,2028,-1,source_metadata,,,,0.4146403617999878,8x8,0.99,0.5,5,exact,fixed,perturbation_seed,support_restricted_tv_l1,exact_support_restricted_l1,1.0,0.2,0.5494866954118968,0.18717926450284442,0.25,0.24576313741738184
2,2028,-1,source_metadata,,,,0.4146403617999878,8x8,0.99,0.5,5,exact,fixed,perturbation_seed,support_restricted_tv_l1,exact_support_restricted_l1,2.0,0.3,0.9236185353477118,0.30931700564647885,0.25,0.14621152414866906
2,2028,-1,source_metadata,,,,0.4146403617999878,8x8,0.99,0.5,5,exact,fixed,perturbation_seed,support_restricted_tv_l1,exact_support_restricted_l1,3.0,0.35,1.3333333333333333,0.40455931536233036,0.25,0.10128278903541409
3,2029,0,Maximum-based,0.0,0.0,0.65625,0.4146403617999878,8x8,0.99,0.5,5,exact,fixed,perturbation_seed,support_restricted_tv_l1,exact_support_restricted_l1,,,,,,
3,2029,5,Maximum-based,0.0,0.0,0.609375,0.4146403617999878,8x8,0.99,0.5,5,exact,fixed,perturbation_seed,support_restricted_tv_l1,exact_support_restricted_l1,,,,,,
3,2029,10,Maximum-based,-1.6141571198852138e-18,-3.892908815914653e-18,0.375,0.4146403617999878,8x8,0.99,0.5,5,exact,fixed,perturbation_seed,support_restricted_tv_l1,exact_support_restricted_l1,,,,,,
3,2029,15,Maximum-based,0.11523559975071604,0.2779169863022231,0.375,0.4146403617999878,8x8,0.99,0.5,5,exact,fixed,perturbation_seed,support_restricted_tv_l1,exact_support_restricted_l1,,,,,,
3,2029,20,Maximum-based,0.18957010109805425,0.4571916257141849,0.296875,0.4146403617999878,8x8,0.99,0.5,5,exact,fixed,perturbation_seed,support_restricted_tv_l1,exact_support_restricted_l1,,,,,,
3,2029,25,Maximum-based,0.3072324013859924,0.7409611549928988,0.234375,0.4146403617999878,8x8,0.99,0.5,5,exact,fixed,perturbation_seed,support_restricted_tv_l1,exact_support_restricted_l1,,,,,,
3,2029,30,Maximum-based,0.3235910366302827,0.7804137427083738,0.21875,0.4146403617999878,8x8,0.99,0.5,5,exact,fixed,perturbation_seed,support_restricted_tv_l1,exact_support_restricted_l1,,,,,,
3,2029,35,Maximum-based,0.3357220469555133,0.8096704466929276,0.203125,0.4146403617999878,8x8,0.99,0.5,5,exact,fixed,perturbation_seed,support_restricted_tv_l1,exact_support_restricted_l1,,,,,,
3,2029,40,Maximum-based,0.3357220469555133,0.8096704466929276,0.203125,0.4146403617999878,8x8,0.99,0.5,5,exact,fixed,perturbation_seed,support_restricted_tv_l1,exact_support_restricted_l1,,,,,,
3,2029,45,Maximum-based,0.4020268360605986,0.9695795998136002,0.140625,0.4146403617999878,8x8,0.99,0.5,5,exact,fixed,perturbation_seed,support_restricted_tv_l1,exact_support_restricted_l1,,,,,,
3,2029,50,Maximum-based,0.40232975545606003,0.9703101591690534,0.125,0.4146403617999878,8x8,0.99,0.5,5,exact,fixed,perturbation_seed,support_restricted_tv_l1,exact_support_restricted_l1,,,,,,
3,2029,55,Maximum-based,0.40232975545606003,0.9703101591690534,0.125,0.4146403617999878,8x8,0.99,0.5,5,exact,fixed,perturbation_seed,support_restricted_tv_l1,exact_support_restricted_l1,,,,,,
3,2029,60,Maximum-based,0.40232975545606003,0.9703101591690534,0.125,0.4146403617999878,8x8,0.99,0.5,5,exact,fixed,perturbation_seed,support_restricted_tv_l1,exact_support_restricted_l1,,,,,,
3,2029,65,Maximum-based,0.40232975545606003,0.9703101591690534,0.125,0.4146403617999878,8x8,0.99,0.5,5,exact,fixed,perturbation_seed,support_restricted_tv_l1,exact_support_restricted_l1,,,,,,
3,2029,70,Maximum-based,0.4023297554560602,0.9703101591690537,0.109375,0.4146403617999878,8x8,0.99,0.5,5,exact,fixed,perturbation_seed,support_restricted_tv_l1,exact_support_restricted_l1,,,,,,
3,2029,75,Maximum-based,0.4023297554560602,0.9703101591690537,0.109375,0.4146403617999878,8x8,0.99,0.5,5,exact,fixed,perturbation_seed,support_restricted_tv_l1,exact_support_restricted_l1,,,,,,
3,2029,80,Maximum-based,0.4023297554560602,0.9703101591690537,0.109375,0.4146403617999878,8x8,0.99,0.5,5,exact,fixed,perturbation_seed,support_restricted_tv_l1,exact_support_restricted_l1,,,,,,
3,2029,85,Maximum-based,0.4023297554560602,0.9703101591690537,0.109375,0.4146403617999878,8x8,0.99,0.5,5,exact,fixed,perturbation_seed,support_restricted_tv_l1,exact_support_restricted_l1,,,,,,
3,2029,90,Maximum-based,0.4023297554560602,0.9703101591690537,0.109375,0.4146403617999878,8x8,0.99,0.5,5,exact,fixed,perturbation_seed,support_restricted_tv_l1,exact_support_restricted_l1,,,,,,
3,2029,95,Maximum-based,0.4023297554560597,0.9703101591690525,0.125,0.4146403617999878,8x8,0.99,0.5,5,exact,fixed,perturbation_seed,support_restricted_tv_l1,exact_support_restricted_l1,,,,,,
3,2029,100,Maximum-based,0.4023297554560597,0.9703101591690525,0.125,0.4146403617999878,8x8,0.99,0.5,5,exact,fixed,perturbation_seed,support_restricted_tv_l1,exact_support_restricted_l1,,,,,,
3,2029,105,Maximum-based,0.4023297554560597,0.9703101591690525,0.125,0.4146403617999878,8x8,0.99,0.5,5,exact,fixed,perturbation_seed,support_restricted_tv_l1,exact_support_restricted_l1,,,,,,
3,2029,110,Maximum-based,0.4023297554560597,0.9703101591690525,0.125,0.4146403617999878,8x8,0.99,0.5,5,exact,fixed,perturbation_seed,support_restricted_tv_l1,exact_support_restricted_l1,,,,,,
3,2029,115,Maximum-based,0.4023297554560597,0.9703101591690525,0.125,0.4146403617999878,8x8,0.99,0.5,5,exact,fixed,perturbation_seed,support_restricted_tv_l1,exact_support_restricted_l1,,,,,,
3,2029,120,Maximum-based,0.4023297554560597,0.9703101591690525,0.125,0.4146403617999878,8x8,0.99,0.5,5,exact,fixed,perturbation_seed,support_restricted_tv_l1,exact_support_restricted_l1,,,,,,
3,2029,125,Maximum-based,0.4023297554560597,0.9703101591690525,0.125,0.4146403617999878,8x8,0.99,0.5,5,exact,fixed,perturbation_seed,support_restricted_tv_l1,exact_support_restricted_l1,,,,,,
3,2029,130,Maximum-based,0.41397323678827375,0.9983910755604736,0.109375,0.4146403617999878,8x8,0.99,0.5,5,exact,fixed,perturbation_seed,support_restricted_tv_l1,exact_support_restricted_l1,,,,,,
3,2029,135,Maximum-based,0.41397323678827375,0.9983910755604736,0.109375,0.4146403617999878,8x8,0.99,0.5,5,exact,fixed,perturbation_seed,support_restricted_tv_l1,exact_support_restricted_l1,,,,,,
3,2029,140,Maximum-based,0.41397323678827375,0.9983910755604736,0.109375,0.4146403617999878,8x8,0.99,0.5,5,exact,fixed,perturbation_seed,support_restricted_tv_l1,exact_support_restricted_l1,,,,,,
3,2029,145,Maximum-based,0.4139500811623085,0.9983352304761584,0.125,0.4146403617999878,8x8,0.99,0.5,5,exact,fixed,perturbation_seed,support_restricted_tv_l1,exact_support_restricted_l1,,,,,,
3,2029,150,Maximum-based,0.41446228062321117,0.9995705165411212,0.109375,0.4146403617999878,8x8,0.99,0.5,5,exact,fixed,perturbation_seed,support_restricted_tv_l1,exact_support_restricted_l1,,,,,,
3,2029,155,Maximum-based,0.41446228062321117,0.9995705165411212,0.109375,0.4146403617999878,8x8,0.99,0.5,5,exact,fixed,perturbation_seed,support_restricted_tv_l1,exact_support_restricted_l1,,,,,,
3,2029,160,Maximum-based,0.41446228062321117,0.9995705165411212,0.109375,0.4146403617999878,8x8,0.99,0.5,5,exact,fixed,perturbation_seed,support_restricted_tv_l1,exact_support_restricted_l1,,,,,,
3,2029,165,Maximum-based,0.41446228062321117,0.9995705165411212,0.109375,0.4146403617999878,8x8,0.99,0.5,5,exact,fixed,perturbation_seed,support_restricted_tv_l1,exact_support_restricted_l1,,,,,,
3,2029,170,Maximum-based,0.41446228062321117,0.9995705165411212,0.109375,0.4146403617999878,8x8,0.99,0.5,5,exact,fixed,perturbation_seed,support_restricted_tv_l1,exact_support_restricted_l1,,,,,,
3,2029,175,Maximum-based,0.41446228062321117,0.9995705165411212,0.109375,0.4146403617999878,8x8,0.99,0.5,5,exact,fixed,perturbation_seed,support_restricted_tv_l1,exact_support_restricted_l1,,,,,,
3,2029,180,Maximum-based,0.41446228062321117,0.9995705165411212,0.109375,0.4146403617999878,8x8,0.99,0.5,5,exact,fixed,perturbation_seed,support_restricted_tv_l1,exact_support_restricted_l1,,,,,,
3,2029,185,Maximum-based,0.41446228062321117,0.9995705165411212,0.109375,0.4146403617999878,8x8,0.99,0.5,5,exact,fixed,perturbation_seed,support_restricted_tv_l1,exact_support_restricted_l1,,,,,,
3,2029,190,Maximum-based,0.41446228062321117,0.9995705165411212,0.109375,0.4146403617999878,8x8,0.99,0.5,5,exact,fixed,perturbation_seed,support_restricted_tv_l1,exact_support_restricted_l1,,,,,,
3,2029,195,Maximum-based,0.41446228062321117,0.9995705165411212,0.109375,0.4146403617999878,8x8,0.99,0.5,5,exact,fixed,perturbation_seed,support_restricted_tv_l1,exact_support_restricted_l1,,,,,,
3,2029,200,Maximum-based,0.41446228062321117,0.9995705165411212,0.109375,0.4146403617999878,8x8,0.99,0.5,5,exact,fixed,perturbation_seed,support_restricted_tv_l1,exact_support_restricted_l1,,,,,,
3,2029,205,Maximum-based,0.41446228062321117,0.9995705165411212,0.109375,0.4146403617999878,8x8,0.99,0.5,5,exact,fixed,perturbation_seed,support_restricted_tv_l1,exact_support_restricted_l1,,,,,,
3,2029,210,Maximum-based,0.41446228062321117,0.9995705165411212,0.109375,0.4146403617999878,8x8,0.99,0.5,5,exact,fixed,perturbation_seed,support_restricted_tv_l1,exact_support_restricted_l1,,,,,,
3,2029,215,Maximum-based,0.41446228062321117,0.9995705165411212,0.109375,0.4146403617999878,8x8,0.99,0.5,5,exact,fixed,perturbation_seed,support_restricted_tv_l1,exact_support_restricted_l1,,,,,,
3,2029,220,Maximum-based,0.41446228062321117,0.9995705165411212,0.109375,0.4146403617999878,8x8,0.99,0.5,5,exact,fixed,perturbation_seed,support_restricted_tv_l1,exact_support_restricted_l1,,,,,,
3,2029,225,Maximum-based,0.41446228062321117,0.9995705165411212,0.109375,0.4146403617999878,8x8,0.99,0.5,5,exact,fixed,perturbation_seed,support_restricted_tv_l1,exact_support_restricted_l1,,,,,,
3,2029,230,Maximum-based,0.41446228062321117,0.9995705165411212,0.109375,0.4146403617999878,8x8,0.99,0.5,5,exact,fixed,perturbation_seed,support_restricted_tv_l1,exact_support_restricted_l1,,,,,,
3,2029,235,Maximum-based,0.4144751059434044,0.9996014477320394,0.09375,0.4146403617999878,8x8,0.99,0.5,5,exact,fixed,perturbation_seed,support_restricted_tv_l1,exact_support_restricted_l1,,,,,,
3,2029,240,Maximum-based,0.4144751059434044,0.9996014477320394,0.09375,0.4146403617999878,8x8,0.99,0.5,5,exact,fixed,perturbation_seed,support_restricted_tv_l1,exact_support_restricted_l1,,,,,,
3,2029,245,Maximum-based,0.4144751059434044,0.9996014477320394,0.09375,0.4146403617999878,8x8,0.99,0.5,5,exact,fixed,perturbation_seed,support_restricted_tv_l1,exact_support_restricted_l1,,,,,,
3,2029,250,Maximum-based,0.4144751059434044,0.9996014477320394,0.09375,0.4146403617999878,8x8,0.99,0.5,5,exact,fixed,perturbation_seed,support_restricted_tv_l1,exact_support_restricted_l1,,,,,,
3,2029,255,Maximum-based,0.4144751059434044,0.9996014477320394,0.09375,0.4146403617999878,8x8,0.99,0.5,5,exact,fixed,perturbation_seed,support_restricted_tv_l1,exact_support_restricted_l1,,,,,,
3,2029,260,Maximum-based,0.4144751059434044,0.9996014477320394,0.09375,0.4146403617999878,8x8,0.99,0.5,5,exact,fixed,perturbation_seed,support_restricted_tv_l1,exact_support_restricted_l1,,,,,,
3,2029,265,Maximum-based,0.4144751059434044,0.9996014477320394,0.09375,0.4146403617999878,8x8,0.99,0.5,5,exact,fixed,perturbation_seed,support_restricted_tv_l1,exact_support_restricted_l1,,,,,,
3,2029,270,Maximum-based,0.4144751059434044,0.9996014477320394,0.09375,0.4146403617999878,8x8,0.99,0.5,5,exact,fixed,perturbation_seed,support_restricted_tv_l1,exact_support_restricted_l1,,,,,,
3,2029,275,Maximum-based,0.4144751059434044,0.9996014477320394,0.09375,0.4146403617999878,8x8,0.99,0.5,5,exact,fixed,perturbation_seed,support_restricted_tv_l1,exact_support_restricted_l1,,,,,,
3,2029,280,Maximum-based,0.4144751059434044,0.9996014477320394,0.09375,0.4146403617999878,8x8,0.99,0.5,5,exact,fixed,perturbation_seed,support_restricted_tv_l1,exact_support_restricted_l1,,,,,,
3,2029,285,Maximum-based,0.4144751059434044,0.9996014477320394,0.09375,0.4146403617999878,8x8,0.99,0.5,5,exact,fixed,perturbation_seed,support_restricted_tv_l1,exact_support_restricted_l1,,,,,,
3,2029,290,Maximum-based,0.4144751059434044,0.9996014477320394,0.09375,0.4146403617999878,8x8,0.99,0.5,5,exact,fixed,perturbation_seed,support_restricted_tv_l1,exact_support_restricted_l1,,,,,,
3,2029,295,Maximum-based,0.4144751059434044,0.9996014477320394,0.09375,0.4146403617999878,8x8,0.99,0.5,5,exact,fixed,perturbation_seed,support_restricted_tv_l1,exact_support_restricted_l1,,,,,,
3,2029,300,Maximum-based,0.4144751059434044,0.9996014477320394,0.09375,0.4146403617999878,8x8,0.99,0.5,5,exact,fixed,perturbation_seed,support_restricted_tv_l1,exact_support_restricted_l1,,,,,,
3,2029,305,Maximum-based,0.4144751059434044,0.9996014477320394,0.09375,0.4146403617999878,8x8,0.99,0.5,5,exact,fixed,perturbation_seed,support_restricted_tv_l1,exact_support_restricted_l1,,,,,,
3,2029,310,Maximum-based,0.4144751059434044,0.9996014477320394,0.09375,0.4146403617999878,8x8,0.99,0.5,5,exact,fixed,perturbation_seed,support_restricted_tv_l1,exact_support_restricted_l1,,,,,,
3,2029,315,Maximum-based,0.4144751059434044,0.9996014477320394,0.09375,0.4146403617999878,8x8,0.99,0.5,5,exact,fixed,perturbation_seed,support_restricted_tv_l1,exact_support_restricted_l1,,,,,,
3,2029,320,Maximum-based,0.4144751059434044,0.9996014477320394,0.09375,0.4146403617999878,8x8,0.99,0.5,5,exact,fixed,perturbation_seed,support_restricted_tv_l1,exact_support_restricted_l1,,,,,,
3,2029,325,Maximum-based,0.4144751059434044,0.9996014477320394,0.09375,0.4146403617999878,8x8,0.99,0.5,5,exact,fixed,perturbation_seed,support_restricted_tv_l1,exact_support_restricted_l1,,,,,,
3,2029,330,Maximum-based,0.4144751059434044,0.9996014477320394,0.09375,0.4146403617999878,8x8,0.99,0.5,5,exact,fixed,perturbation_seed,support_restricted_tv_l1,exact_support_restricted_l1,,,,,,
3,2029,335,Maximum-based,0.4144751059434044,0.9996014477320394,0.09375,0.4146403617999878,8x8,0.99,0.5,5,exact,fixed,perturbation_seed,support_restricted_tv_l1,exact_support_restricted_l1,,,,,,
3,2029,340,Maximum-based,0.4144751059434044,0.9996014477320394,0.09375,0.4146403617999878,8x8,0.99,0.5,5,exact,fixed,perturbation_seed,support_restricted_tv_l1,exact_support_restricted_l1,,,,,,
3,2029,345,Maximum-based,0.4144751059434044,0.9996014477320394,0.09375,0.4146403617999878,8x8,0.99,0.5,5,exact,fixed,perturbation_seed,support_restricted_tv_l1,exact_support_restricted_l1,,,,,,
3,2029,350,Maximum-based,0.4144751059434044,0.9996014477320394,0.09375,0.4146403617999878,8x8,0.99,0.5,5,exact,fixed,perturbation_seed,support_restricted_tv_l1,exact_support_restricted_l1,,,,,,
3,2029,355,Maximum-based,0.4144751059434044,0.9996014477320394,0.09375,0.4146403617999878,8x8,0.99,0.5,5,exact,fixed,perturbation_seed,support_restricted_tv_l1,exact_support_restricted_l1,,,,,,
3,2029,360,Maximum-based,0.4144751059434044,0.9996014477320394,0.09375,0.4146403617999878,8x8,0.99,0.5,5,exact,fixed,perturbation_seed,support_restricted_tv_l1,exact_support_restricted_l1,,,,,,
3,2029,365,Maximum-based,0.4144751059434044,0.9996014477320394,0.09375,0.4146403617999878,8x8,0.99,0.5,5,exact,fixed,perturbation_seed,support_restricted_tv_l1,exact_support_restricted_l1,,,,,,
3,2029,370,Maximum-based,0.4144751059434044,0.9996014477320394,0.09375,0.4146403617999878,8x8,0.99,0.5,5,exact,fixed,perturbation_seed,support_restricted_tv_l1,exact_support_restricted_l1,,,,,,
3,2029,375,Maximum-based,0.4144751059434044,0.9996014477320394,0.09375,0.4146403617999878,8x8,0.99,0.5,5,exact,fixed,perturbation_seed,support_restricted_tv_l1,exact_support_restricted_l1,,,,,,
3,2029,380,Maximum-based,0.4144751059434044,0.9996014477320394,0.09375,0.4146403617999878,8x8,0.99,0.5,5,exact,fixed,perturbation_seed,support_restricted_tv_l1,exact_support_restricted_l1,,,,,,
3,2029,385,Maximum-based,0.4144751059434044,0.9996014477320394,0.09375,0.4146403617999878,8x8,0.99,0.5,5,exact,fixed,perturbation_seed,support_restricted_tv_l1,exact_support_restricted_l1,,,,,,
3,2029,390,Maximum-based,0.4144751059434044,0.9996014477320394,0.09375,0.4146403617999878,8x8,0.99,0.5,5,exact,fixed,perturbation_seed,support_restricted_tv_l1,exact_support_restricted_l1,,,,,,
3,2029,395,Maximum-based,0.4144751059434044,0.9996014477320394,0.09375,0.4146403617999878,8x8,0.99,0.5,5,exact,fixed,perturbation_seed,support_restricted_tv_l1,exact_support_restricted_l1,,,,,,
3,2029,400,Maximum-based,0.4144751059434044,0.9996014477320394,0.09375,0.4146403617999878,8x8,0.99,0.5,5,exact,fixed,perturbation_seed,support_restricted_tv_l1,exact_support_restricted_l1,,,,,,
3,2029,405,Maximum-based,0.4144751059434044,0.9996014477320394,0.09375,0.4146403617999878,8x8,0.99,0.5,5,exact,fixed,perturbation_seed,support_restricted_tv_l1,exact_support_restricted_l1,,,,,,
3,2029,410,Maximum-based,0.4144751059434044,0.9996014477320394,0.09375,0.4146403617999878,8x8,0.99,0.5,5,exact,fixed,perturbation_seed,support_restricted_tv_l1,exact_support_restricted_l1,,,,,,
3,2029,415,Maximum-based,0.4144751059434044,0.9996014477320394,0.09375,0.4146403617999878,8x8,0.99,0.5,5,exact,fixed,perturbation_seed,support_restricted_tv_l1,exact_support_restricted_l1,,,,,,
3,2029,420,Maximum-based,0.4144751059434044,0.9996014477320394,0.09375,0.4146403617999878,8x8,0.99,0.5,5,exact,fixed,perturbation_seed,support_restricted_tv_l1,exact_support_restricted_l1,,,,,,
3,2029,425,Maximum-based,0.4144751059434044,0.9996014477320394,0.09375,0.4146403617999878,8x8,0.99,0.5,5,exact,fixed,perturbation_seed,support_restricted_tv_l1,exact_support_restricted_l1,,,,,,
3,2029,430,Maximum-based,0.4144751059434044,0.9996014477320394,0.09375,0.4146403617999878,8x8,0.99,0.5,5,exact,fixed,perturbation_seed,support_restricted_tv_l1,exact_support_restricted_l1,,,,,,
3,2029,435,Maximum-based,0.4144751059434044,0.9996014477320394,0.09375,0.4146403617999878,8x8,0.99,0.5,5,exact,fixed,perturbation_seed,support_restricted_tv_l1,exact_support_restricted_l1,,,,,,
3,2029,440,Maximum-based,0.4144751059434044,0.9996014477320394,0.09375,0.4146403617999878,8x8,0.99,0.5,5,exact,fixed,perturbation_seed,support_restricted_tv_l1,exact_support_restricted_l1,,,,,,
3,2029,445,Maximum-based,0.4144751059434044,0.9996014477320394,0.09375,0.4146403617999878,8x8,0.99,0.5,5,exact,fixed,perturbation_seed,support_restricted_tv_l1,exact_support_restricted_l1,,,,,,
3,2029,450,Maximum-based,0.4144751059434044,0.9996014477320394,0.09375,0.4146403617999878,8x8,0.99,0.5,5,exact,fixed,perturbation_seed,support_restricted_tv_l1,exact_support_restricted_l1,,,,,,
3,2029,455,Maximum-based,0.4144751059434044,0.9996014477320394,0.09375,0.4146403617999878,8x8,0.99,0.5,5,exact,fixed,perturbation_seed,support_restricted_tv_l1,exact_support_restricted_l1,,,,,,
3,2029,460,Maximum-based,0.4144751059434044,0.9996014477320394,0.09375,0.4146403617999878,8x8,0.99,0.5,5,exact,fixed,perturbation_seed,support_restricted_tv_l1,exact_support_restricted_l1,,,,,,
3,2029,465,Maximum-based,0.4144751059434044,0.9996014477320394,0.09375,0.4146403617999878,8x8,0.99,0.5,5,exact,fixed,perturbation_seed,support_restricted_tv_l1,exact_support_restricted_l1,,,,,,
3,2029,470,Maximum-based,0.4144751059434044,0.9996014477320394,0.09375,0.4146403617999878,8x8,0.99,0.5,5,exact,fixed,perturbation_seed,support_restricted_tv_l1,exact_support_restricted_l1,,,,,,
3,2029,475,Maximum-based,0.4144751059434044,0.9996014477320394,0.09375,0.4146403617999878,8x8,0.99,0.5,5,exact,fixed,perturbation_seed,support_restricted_tv_l1,exact_support_restricted_l1,,,,,,
3,2029,480,Maximum-based,0.4144751059434044,0.9996014477320394,0.09375,0.4146403617999878,8x8,0.99,0.5,5,exact,fixed,perturbation_seed,support_restricted_tv_l1,exact_support_restricted_l1,,,,,,
3,2029,485,Maximum-based,0.4144751059434044,0.9996014477320394,0.09375,0.4146403617999878,8x8,0.99,0.5,5,exact,fixed,perturbation_seed,support_restricted_tv_l1,exact_support_restricted_l1,,,,,,
3,2029,490,Maximum-based,0.4144751059434044,0.9996014477320394,0.09375,0.4146403617999878,8x8,0.99,0.5,5,exact,fixed,perturbation_seed,support_restricted_tv_l1,exact_support_restricted_l1,,,,,,
3,2029,495,Maximum-based,0.4144751059434044,0.9996014477320394,0.09375,0.4146403617999878,8x8,0.99,0.5,5,exact,fixed,perturbation_seed,support_restricted_tv_l1,exact_support_restricted_l1,,,,,,
3,2029,500,Maximum-based,0.4144751059434044,0.9996014477320394,0.09375,0.4146403617999878,8x8,0.99,0.5,5,exact,fixed,perturbation_seed,support_restricted_tv_l1,exact_support_restricted_l1,,,,,,
3,2029,0,Similarity-aware,0.0,0.0,0.65625,0.4146403617999878,8x8,0.99,0.5,5,exact,fixed,perturbation_seed,support_restricted_tv_l1,exact_support_restricted_l1,,,,,,
3,2029,5,Similarity-aware,0.0,0.0,0.65625,0.4146403617999878,8x8,0.99,0.5,5,exact,fixed,perturbation_seed,support_restricted_tv_l1,exact_support_restricted_l1,,,,,,
3,2029,10,Similarity-aware,-1.118645156942606e-18,-2.6978684662691194e-18,0.5,0.4146403617999878,8x8,0.99,0.5,5,exact,fixed,perturbation_seed,support_restricted_tv_l1,exact_support_restricted_l1,,,,,,
3,2029,15,Similarity-aware,0.02912757366504237,0.07024780110309856,0.46875,0.4146403617999878,8x8,0.99,0.5,5,exact,fixed,perturbation_seed,support_restricted_tv_l1,exact_support_restricted_l1,,,,,,
3,2029,20,Similarity-aware,0.042390858325910545,0.10223524343334149,0.421875,0.4146403617999878,8x8,0.99,0.5,5,exact,fixed,perturbation_seed,support_restricted_tv_l1,exact_support_restricted_l1,,,,,,
3,2029,25,Similarity-aware,0.10187054832948836,0.24568411017022065,0.34375,0.4146403617999878,8x8,0.99,0.5,5,exact,fixed,perturbation_seed,support_restricted_tv_l1,exact_support_restricted_l1,,,,,,
3,2029,30,Similarity-aware,0.3125854139956328,0.753871168350987,0.265625,0.4146403617999878,8x8,0.99,0.5,5,exact,fixed,perturbation_seed,support_restricted_tv_l1,exact_support_restricted_l1,,,,,,
3,2029,35,Similarity-aware,0.33187386357121856,0.8003896729457955,0.234375,0.4146403617999878,8x8,0.99,0.5,5,exact,fixed,perturbation_seed,support_restricted_tv_l1,exact_support_restricted_l1,,,,,,
3,2029,40,Similarity-aware,0.3481071057199578,0.8395398465523142,0.1875,0.4146403617999878,8x8,0.99,0.5,5,exact,fixed,perturbation_seed,support_restricted_tv_l1,exact_support_restricted_l1,,,,,,
3,2029,45,Similarity-aware,0.36578389486522994,0.8821714636687371,0.1875,0.4146403617999878,8x8,0.99,0.5,5,exact,fixed,perturbation_seed,support_restricted_tv_l1,exact_support_restricted_l1,,,,,,
3,2029,50,Similarity-aware,0.36578389486522994,0.8821714636687371,0.1875,0.4146403617999878,8x8,0.99,0.5,5,exact,fixed,perturbation_seed,support_restricted_tv_l1,exact_support_restricted_l1,,,,,,
3,2029,55,Similarity-aware,0.36578389486522994,0.8821714636687371,0.1875,0.4146403617999878,8x8,0.99,0.5,5,exact,fixed,perturbation_seed,support_restricted_tv_l1,exact_support_restricted_l1,,,,,,
3,2029,60,Similarity-aware,0.370734437247166,0.894110828086724,0.171875,0.4146403617999878,8x8,0.99,0.5,5,exact,fixed,perturbation_seed,support_restricted_tv_l1,exact_support_restricted_l1,,,,,,
3,2029,65,Similarity-aware,0.370734437247166,0.894110828086724,0.171875,0.4146403617999878,8x8,0.99,0.5,5,exact,fixed,perturbation_seed,support_restricted_tv_l1,exact_support_restricted_l1,,,,,,
3,2029,70,Similarity-aware,0.37757890524013304,0.9106178269791008,0.171875,0.4146403617999878,8x8,0.99,0.5,5,exact,fixed,perturbation_seed,support_restricted_tv_l1,exact_support_restricted_l1,,,,,,
3,2029,75,Similarity-aware,0.39525458253865947,0.9532467626229799,0.140625,0.4146403617999878,8x8,0.99,0.5,5,exact,fixed,perturbation_seed,support_restricted_tv_l1,exact_support_restricted_l1,,,,,,
3,2029,80,Similarity-aware,0.39525458253865947,0.9532467626229799,0.140625,0.4146403617999878,8x8,0.99,0.5,5,exact,fixed,perturbation_seed,support_restricted_tv_l1,exact_support_restricted_l1,,,,,,
3,2029,85,Similarity-aware,0.39525458253865947,0.9532467626229799,0.140625,0.4146403617999878,8x8,0.99,0.5,5,exact,fixed,perturbation_seed,support_restricted_tv_l1,exact_support_restricted_l1,,,,,,
3,2029,90,Similarity-aware,0.39525458253865947,0.9532467626229799,0.140625,0.4146403617999878,8x8,0.99,0.5,5,exact,fixed,perturbation_seed,support_restricted_tv_l1,exact_support_restricted_l1,,,,,,
3,2029,95,Similarity-aware,0.39525458253865947,0.9532467626229799,0.140625,0.4146403617999878,8x8,0.99,0.5,5,exact,fixed,perturbation_seed,support_restricted_tv_l1,exact_support_restricted_l1,,,,,,
3,2029,100,Similarity-aware,0.39525458253865947,0.9532467626229799,0.140625,0.4146403617999878,8x8,0.99,0.5,5,exact,fixed,perturbation_seed,support_restricted_tv_l1,exact_support_restricted_l1,,,,,,
3,2029,105,Similarity-aware,0.39525458253865947,0.9532467626229799,0.140625,0.4146403617999878,8x8,0.99,0.5,5,exact,fixed,perturbation_seed,support_restricted_tv_l1,exact_support_restricted_l1,,,,,,
3,2029,110,Similarity-aware,0.39525458253865947,0.9532467626229799,0.140625,0.4146403617999878,8x8,0.99,0.5,5,exact,fixed,perturbation_seed,support_restricted_tv_l1,exact_support_restricted_l1,,,,,,
3,2029,115,Similarity-aware,0.39525458253865947,0.9532467626229799,0.140625,0.4146403617999878,8x8,0.99,0.5,5,exact,fixed,perturbation_seed,support_restricted_tv_l1,exact_support_restricted_l1,,,,,,
3,2029,120,Similarity-aware,0.39525458253865947,0.9532467626229799,0.140625,0.4146403617999878,8x8,0.99,0.5,5,exact,fixed,perturbation_seed,support_restricted_tv_l1,exact_support_restricted_l1,,,,,,
3,2029,125,Similarity-aware,0.39525458253865947,0.9532467626229799,0.140625,0.4146403617999878,8x8,0.99,0.5,5,exact,fixed,perturbation_seed,support_restricted_tv_l1,exact_support_restricted_l1,,,,,,
3,2029,130,Similarity-aware,0.39525458253865947,0.9532467626229799,0.140625,0.4146403617999878,8x8,0.99,0.5,5,exact,fixed,perturbation_seed,support_restricted_tv_l1,exact_support_restricted_l1,,,,,,
3,2029,135,Similarity-aware,0.39525458253865947,0.9532467626229799,0.140625,0.4146403617999878,8x8,0.99,0.5,5,exact,fixed,perturbation_seed,support_restricted_tv_l1,exact_support_restricted_l1,,,,,,
3,2029,140,Similarity-aware,0.39525458253865947,0.9532467626229799,0.140625,0.4146403617999878,8x8,0.99,0.5,5,exact,fixed,perturbation_seed,support_restricted_tv_l1,exact_support_restricted_l1,,,,,,
3,2029,145,Similarity-aware,0.39525458253865947,0.9532467626229799,0.140625,0.4146403617999878,8x8,0.99,0.5,5,exact,fixed,perturbation_seed,support_restricted_tv_l1,exact_support_restricted_l1,,,,,,
3,2029,150,Similarity-aware,0.39516358788224343,0.9530273082118824,0.15625,0.4146403617999878,8x8,0.99,0.5,5,exact,fixed,perturbation_seed,support_restricted_tv_l1,exact_support_restricted_l1,,,,,,
3,2029,155,Similarity-aware,0.39516358788224343,0.9530273082118824,0.15625,0.4146403617999878,8x8,0.99,0.5,5,exact,fixed,perturbation_seed,support_restricted_tv_l1,exact_support_restricted_l1,,,,,,
3,2029,160,Similarity-aware,0.39516358788224343,0.9530273082118824,0.15625,0.4146403617999878,8x8,0.99,0.5,5,exact,fixed,perturbation_seed,support_restricted_tv_l1,exact_support_restricted_l1,,,,,,
3,2029,165,Similarity-aware,0.39516358788224343,0.9530273082118824,0.15625,0.4146403617999878,8x8,0.99,0.5,5,exact,fixed,perturbation_seed,support_restricted_tv_l1,exact_support_restricted_l1,,,,,,
3,2029,170,Similarity-aware,0.39516358788224343,0.9530273082118824,0.15625,0.4146403617999878,8x8,0.99,0.5,5,exact,fixed,perturbation_seed,support_restricted_tv_l1,exact_support_restricted_l1,,,,,,
3,2029,175,Similarity-aware,0.39516358788224343,0.9530273082118824,0.15625,0.4146403617999878,8x8,0.99,0.5,5,exact,fixed,perturbation_seed,support_restricted_tv_l1,exact_support_restricted_l1,,,,,,
3,2029,180,Similarity-aware,0.39516358788224343,0.9530273082118824,0.15625,0.4146403617999878,8x8,0.99,0.5,5,exact,fixed,perturbation_seed,support_restricted_tv_l1,exact_support_restricted_l1,,,,,,
3,2029,185,Similarity-aware,0.39516358788224343,0.9530273082118824,0.15625,0.4146403617999878,8x8,0.99,0.5,5,exact,fixed,perturbation_seed,support_restricted_tv_l1,exact_support_restricted_l1,,,,,,
3,2029,190,Similarity-aware,0.39516358788224343,0.9530273082118824,0.15625,0.4146403617999878,8x8,0.99,0.5,5,exact,fixed,perturbation_seed,support_restricted_tv_l1,exact_support_restricted_l1,,,,,,
3,2029,195,Similarity-aware,0.39516358788224343,0.9530273082118824,0.15625,0.4146403617999878,8x8,0.99,0.5,5,exact,fixed,perturbation_seed,support_restricted_tv_l1,exact_support_restricted_l1,,,,,,
3,2029,200,Similarity-aware,0.39516358788224343,0.9530273082118824,0.15625,0.4146403617999878,8x8,0.99,0.5,5,exact,fixed,perturbation_seed,support_restricted_tv_l1,exact_support_restricted_l1,,,,,,
3,2029,205,Similarity-aware,0.39516358788224343,0.9530273082118824,0.15625,0.4146403617999878,8x8,0.99,0.5,5,exact,fixed,perturbation_seed,support_restricted_tv_l1,exact_support_restricted_l1,,,,,,
3,2029,210,Similarity-aware,0.39516358788224343,0.9530273082118824,0.15625,0.4146403617999878,8x8,0.99,0.5,5,exact,fixed,perturbation_seed,support_restricted_tv_l1,exact_support_restricted_l1,,,,,,
3,2029,215,Similarity-aware,0.39516358788224343,0.9530273082118824,0.15625,0.4146403617999878,8x8,0.99,0.5,5,exact,fixed,perturbation_seed,support_restricted_tv_l1,exact_support_restricted_l1,,,,,,
3,2029,220,Similarity-aware,0.39516358788224343,0.9530273082118824,0.15625,0.4146403617999878,8x8,0.99,0.5,5,exact,fixed,perturbation_seed,support_restricted_tv_l1,exact_support_restricted_l1,,,,,,
3,2029,225,Similarity-aware,0.39516358788224343,0.9530273082118824,0.15625,0.4146403617999878,8x8,0.99,0.5,5,exact,fixed,perturbation_seed,support_restricted_tv_l1,exact_support_restricted_l1,,,,,,
3,2029,230,Similarity-aware,0.39516358788224343,0.9530273082118824,0.15625,0.4146403617999878,8x8,0.99,0.5,5,exact,fixed,perturbation_seed,support_restricted_tv_l1,exact_support_restricted_l1,,,,,,
3,2029,235,Similarity-aware,0.39516358788224343,0.9530273082118824,0.15625,0.4146403617999878,8x8,0.99,0.5,5,exact,fixed,perturbation_seed,support_restricted_tv_l1,exact_support_restricted_l1,,,,,,
3,2029,240,Similarity-aware,0.39516358788224343,0.9530273082118824,0.15625,0.4146403617999878,8x8,0.99,0.5,5,exact,fixed,perturbation_seed,support_restricted_tv_l1,exact_support_restricted_l1,,,,,,
3,2029,245,Similarity-aware,0.39516358788224343,0.9530273082118824,0.15625,0.4146403617999878,8x8,0.99,0.5,5,exact,fixed,perturbation_seed,support_restricted_tv_l1,exact_support_restricted_l1,,,,,,
3,2029,250,Similarity-aware,0.39516358788224343,0.9530273082118824,0.15625,0.4146403617999878,8x8,0.99,0.5,5,exact,fixed,perturbation_seed,support_restricted_tv_l1,exact_support_restricted_l1,,,,,,
3,2029,255,Similarity-aware,0.39516358788224343,0.9530273082118824,0.15625,0.4146403617999878,8x8,0.99,0.5,5,exact,fixed,perturbation_seed,support_restricted_tv_l1,exact_support_restricted_l1,,,,,,
3,2029,260,Similarity-aware,0.39516358788224343,0.9530273082118824,0.15625,0.4146403617999878,8x8,0.99,0.5,5,exact,fixed,perturbation_seed,support_restricted_tv_l1,exact_support_restricted_l1,,,,,,
3,2029,265,Similarity-aware,0.39516358788224343,0.9530273082118824,0.15625,0.4146403617999878,8x8,0.99,0.5,5,exact,fixed,perturbation_seed,support_restricted_tv_l1,exact_support_restricted_l1,,,,,,
3,2029,270,Similarity-aware,0.39516358788224343,0.9530273082118824,0.15625,0.4146403617999878,8x8,0.99,0.5,5,exact,fixed,perturbation_seed,support_restricted_tv_l1,exact_support_restricted_l1,,,,,,
3,2029,275,Similarity-aware,0.39516358788224343,0.9530273082118824,0.15625,0.4146403617999878,8x8,0.99,0.5,5,exact,fixed,perturbation_seed,support_restricted_tv_l1,exact_support_restricted_l1,,,,,,
3,2029,280,Similarity-aware,0.39516358788224343,0.9530273082118824,0.15625,0.4146403617999878,8x8,0.99,0.5,5,exact,fixed,perturbation_seed,support_restricted_tv_l1,exact_support_restricted_l1,,,,,,
3,2029,285,Similarity-aware,0.39516358788224343,0.9530273082118824,0.15625,0.4146403617999878,8x8,0.99,0.5,5,exact,fixed,perturbation_seed,support_restricted_tv_l1,exact_support_restricted_l1,,,,,,
3,2029,290,Similarity-aware,0.39516358788224343,0.9530273082118824,0.15625,0.4146403617999878,8x8,0.99,0.5,5,exact,fixed,perturbation_seed,support_restricted_tv_l1,exact_support_restricted_l1,,,,,,
3,2029,295,Similarity-aware,0.39516358788224343,0.9530273082118824,0.15625,0.4146403617999878,8x8,0.99,0.5,5,exact,fixed,perturbation_seed,support_restricted_tv_l1,exact_support_restricted_l1,,,,,,
3,2029,300,Similarity-aware,0.39516358788224326,0.9530273082118821,0.140625,0.4146403617999878,8x8,0.99,0.5,5,exact,fixed,perturbation_seed,support_restricted_tv_l1,exact_support_restricted_l1,,,,,,
3,2029,305,Similarity-aware,0.39516358788224326,0.9530273082118821,0.140625,0.4146403617999878,8x8,0.99,0.5,5,exact,fixed,perturbation_seed,support_restricted_tv_l1,exact_support_restricted_l1,,,,,,
3,2029,310,Similarity-aware,0.39516358788224326,0.9530273082118821,0.140625,0.4146403617999878,8x8,0.99,0.5,5,exact,fixed,perturbation_seed,support_restricted_tv_l1,exact_support_restricted_l1,,,,,,
3,2029,315,Similarity-aware,0.39516358788224326,0.9530273082118821,0.140625,0.4146403617999878,8x8,0.99,0.5,5,exact,fixed,perturbation_seed,support_restricted_tv_l1,exact_support_restricted_l1,,,,,,
3,2029,320,Similarity-aware,0.39516358788224326,0.9530273082118821,0.140625,0.4146403617999878,8x8,0.99,0.5,5,exact,fixed,perturbation_seed,support_restricted_tv_l1,exact_support_restricted_l1,,,,,,
3,2029,325,Similarity-aware,0.39516358788224326,0.9530273082118821,0.140625,0.4146403617999878,8x8,0.99,0.5,5,exact,fixed,perturbation_seed,support_restricted_tv_l1,exact_support_restricted_l1,,,,,,
3,2029,330,Similarity-aware,0.39516358788224326,0.9530273082118821,0.140625,0.4146403617999878,8x8,0.99,0.5,5,exact,fixed,perturbation_seed,support_restricted_tv_l1,exact_support_restricted_l1,,,,,,
3,2029,335,Similarity-aware,0.39516358788224326,0.9530273082118821,0.140625,0.4146403617999878,8x8,0.99,0.5,5,exact,fixed,perturbation_seed,support_restricted_tv_l1,exact_support_restricted_l1,,,,,,
3,2029,340,Similarity-aware,0.39516358788224326,0.9530273082118821,0.140625,0.4146403617999878,8x8,0.99,0.5,5,exact,fixed,perturbation_seed,support_restricted_tv_l1,exact_support_restricted_l1,,,,,,
3,2029,345,Similarity-aware,0.39516358788224326,0.9530273082118821,0.140625,0.4146403617999878,8x8,0.99,0.5,5,exact,fixed,perturbation_seed,support_restricted_tv_l1,exact_support_restricted_l1,,,,,,
3,2029,350,Similarity-aware,0.39516358788224326,0.9530273082118821,0.140625,0.4146403617999878,8x8,0.99,0.5,5,exact,fixed,perturbation_seed,support_restricted_tv_l1,exact_support_restricted_l1,,,,,,
3,2029,355,Similarity-aware,0.39516358788224326,0.9530273082118821,0.140625,0.4146403617999878,8x8,0.99,0.5,5,exact,fixed,perturbation_seed,support_restricted_tv_l1,exact_support_restricted_l1,,,,,,
3,2029,360,Similarity-aware,0.39516358788224326,0.9530273082118821,0.140625,0.4146403617999878,8x8,0.99,0.5,5,exact,fixed,perturbation_seed,support_restricted_tv_l1,exact_support_restricted_l1,,,,,,
3,2029,365,Similarity-aware,0.39516358788224326,0.9530273082118821,0.140625,0.4146403617999878,8x8,0.99,0.5,5,exact,fixed,perturbation_seed,support_restricted_tv_l1,exact_support_restricted_l1,,,,,,
3,2029,370,Similarity-aware,0.39516358788224326,0.9530273082118821,0.140625,0.4146403617999878,8x8,0.99,0.5,5,exact,fixed,perturbation_seed,support_restricted_tv_l1,exact_support_restricted_l1,,,,,,
3,2029,375,Similarity-aware,0.39516358788224326,0.9530273082118821,0.140625,0.4146403617999878,8x8,0.99,0.5,5,exact,fixed,perturbation_seed,support_restricted_tv_l1,exact_support_restricted_l1,,,,,,
3,2029,380,Similarity-aware,0.39516358788224326,0.9530273082118821,0.140625,0.4146403617999878,8x8,0.99,0.5,5,exact,fixed,perturbation_seed,support_restricted_tv_l1,exact_support_restricted_l1,,,,,,
3,2029,385,Similarity-aware,0.39516358788224326,0.9530273082118821,0.140625,0.4146403617999878,8x8,0.99,0.5,5,exact,fixed,perturbation_seed,support_restricted_tv_l1,exact_support_restricted_l1,,,,,,
3,2029,390,Similarity-aware,0.39516358788224326,0.9530273082118821,0.140625,0.4146403617999878,8x8,0.99,0.5,5,exact,fixed,perturbation_seed,support_restricted_tv_l1,exact_support_restricted_l1,,,,,,
3,2029,395,Similarity-aware,0.39516358788224326,0.9530273082118821,0.140625,0.4146403617999878,8x8,0.99,0.5,5,exact,fixed,perturbation_seed,support_restricted_tv_l1,exact_support_restricted_l1,,,,,,
3,2029,400,Similarity-aware,0.39516358788224326,0.9530273082118821,0.140625,0.4146403617999878,8x8,0.99,0.5,5,exact,fixed,perturbation_seed,support_restricted_tv_l1,exact_support_restricted_l1,,,,,,
3,2029,405,Similarity-aware,0.39516358788224326,0.9530273082118821,0.140625,0.4146403617999878,8x8,0.99,0.5,5,exact,fixed,perturbation_seed,support_restricted_tv_l1,exact_support_restricted_l1,,,,,,
3,2029,410,Similarity-aware,0.39516358788224326,0.9530273082118821,0.140625,0.4146403617999878,8x8,0.99,0.5,5,exact,fixed,perturbation_seed,support_restricted_tv_l1,exact_support_restricted_l1,,,,,,
3,2029,415,Similarity-aware,0.4060818357674515,0.9793591583911825,0.125,0.4146403617999878,8x8,0.99,0.5,5,exact,fixed,perturbation_seed,support_restricted_tv_l1,exact_support_restricted_l1,,,,,,
3,2029,420,Similarity-aware,0.4060818357674515,0.9793591583911825,0.125,0.4146403617999878,8x8,0.99,0.5,5,exact,fixed,perturbation_seed,support_restricted_tv_l1,exact_support_restricted_l1,,,,,,
3,2029,425,Similarity-aware,0.4060818357674515,0.9793591583911825,0.125,0.4146403617999878,8x8,0.99,0.5,5,exact,fixed,perturbation_seed,support_restricted_tv_l1,exact_support_restricted_l1,,,,,,
3,2029,430,Similarity-aware,0.4060818357674515,0.9793591583911825,0.125,0.4146403617999878,8x8,0.99,0.5,5,exact,fixed,perturbation_seed,support_restricted_tv_l1,exact_support_restricted_l1,,,,,,
3,2029,435,Similarity-aware,0.4060818357674515,0.9793591583911825,0.125,0.4146403617999878,8x8,0.99,0.5,5,exact,fixed,perturbation_seed,support_restricted_tv_l1,exact_support_restricted_l1,,,,,,
3,2029,440,Similarity-aware,0.4060818357674515,0.9793591583911825,0.125,0.4146403617999878,8x8,0.99,0.5,5,exact,fixed,perturbation_seed,support_restricted_tv_l1,exact_support_restricted_l1,,,,,,
3,2029,445,Similarity-aware,0.4060818357674515,0.9793591583911825,0.125,0.4146403617999878,8x8,0.99,0.5,5,exact,fixed,perturbation_seed,support_restricted_tv_l1,exact_support_restricted_l1,,,,,,
3,2029,450,Similarity-aware,0.4060818357674515,0.9793591583911825,0.125,0.4146403617999878,8x8,0.99,0.5,5,exact,fixed,perturbation_seed,support_restricted_tv_l1,exact_support_restricted_l1,,,,,,
3,2029,455,Similarity-aware,0.4060818357674515,0.9793591583911825,0.125,0.4146403617999878,8x8,0.99,0.5,5,exact,fixed,perturbation_seed,support_restricted_tv_l1,exact_support_restricted_l1,,,,,,
3,2029,460,Similarity-aware,0.4060818357674515,0.9793591583911825,0.125,0.4146403617999878,8x8,0.99,0.5,5,exact,fixed,perturbation_seed,support_restricted_tv_l1,exact_support_restricted_l1,,,,,,
3,2029,465,Similarity-aware,0.4060818357674515,0.9793591583911825,0.125,0.4146403617999878,8x8,0.99,0.5,5,exact,fixed,perturbation_seed,support_restricted_tv_l1,exact_support_restricted_l1,,,,,,
3,2029,470,Similarity-aware,0.4060818357674515,0.9793591583911825,0.125,0.4146403617999878,8x8,0.99,0.5,5,exact,fixed,perturbation_seed,support_restricted_tv_l1,exact_support_restricted_l1,,,,,,
3,2029,475,Similarity-aware,0.4060818357674515,0.9793591583911825,0.125,0.4146403617999878,8x8,0.99,0.5,5,exact,fixed,perturbation_seed,support_restricted_tv_l1,exact_support_restricted_l1,,,,,,
3,2029,480,Similarity-aware,0.4060818357674515,0.9793591583911825,0.125,0.4146403617999878,8x8,0.99,0.5,5,exact,fixed,perturbation_seed,support_restricted_tv_l1,exact_support_restricted_l1,,,,,,
3,2029,485,Similarity-aware,0.4060818357674515,0.9793591583911825,0.125,0.4146403617999878,8x8,0.99,0.5,5,exact,fixed,perturbation_seed,support_restricted_tv_l1,exact_support_restricted_l1,,,,,,
3,2029,490,Similarity-aware,0.4060818357674515,0.9793591583911825,0.125,0.4146403617999878,8x8,0.99,0.5,5,exact,fixed,perturbation_seed,support_restricted_tv_l1,exact_support_restricted_l1,,,,,,
3,2029,495,Similarity-aware,0.4060818357674515,0.9793591583911825,0.125,0.4146403617999878,8x8,0.99,0.5,5,exact,fixed,perturbation_seed,support_restricted_tv_l1,exact_support_restricted_l1,,,,,,
3,2029,500,Similarity-aware,0.4060818357674515,0.9793591583911825,0.125,0.4146403617999878,8x8,0.99,0.5,5,exact,fixed,perturbation_seed,support_restricted_tv_l1,exact_support_restricted_l1,,,,,,
3,2029,0,Uniform,0.0,0.0,0.65625,0.4146403617999878,8x8,0.99,0.5,5,exact,fixed,perturbation_seed,support_restricted_tv_l1,exact_support_restricted_l1,,,,,,
3,2029,5,Uniform,0.0,0.0,0.625,0.4146403617999878,8x8,0.99,0.5,5,exact,fixed,perturbation_seed,support_restricted_tv_l1,exact_support_restricted_l1,,,,,,
3,2029,10,Uniform,-1.1356706825769606e-18,-2.7389294125803893e-18,0.46875,0.4146403617999878,8x8,0.99,0.5,5,exact,fixed,perturbation_seed,support_restricted_tv_l1,exact_support_restricted_l1,,,,,,
3,2029,15,Uniform,0.03371442062931875,0.08131003089752692,0.453125,0.4146403617999878,8x8,0.99,0.5,5,exact,fixed,perturbation_seed,support_restricted_tv_l1,exact_support_restricted_l1,,,,,,
3,2029,20,Uniform,0.03371442062931875,0.08131003089752692,0.453125,0.4146403617999878,8x8,0.99,0.5,5,exact,fixed,perturbation_seed,support_restricted_tv_l1,exact_support_restricted_l1,,,,,,
3,2029,25,Uniform,0.06853171056596684,0.1652798831943544,0.390625,0.4146403617999878,8x8,0.99,0.5,5,exact,fixed,perturbation_seed,support_restricted_tv_l1,exact_support_restricted_l1,,,,,,
3,2029,30,Uniform,0.08236428891095597,0.19864030735793747,0.34375,0.4146403617999878,8x8,0.99,0.5,5,exact,fixed,perturbation_seed,support_restricted_tv_l1,exact_support_restricted_l1,,,,,,
3,2029,35,Uniform,0.1111348039345631,0.2680269799402012,0.28125,0.4146403617999878,8x8,0.99,0.5,5,exact,fixed,perturbation_seed,support_restricted_tv_l1,exact_support_restricted_l1,,,,,,
3,2029,40,Uniform,0.14340786937079245,0.34586085336277234,0.25,0.4146403617999878,8x8,0.99,0.5,5,exact,fixed,perturbation_seed,support_restricted_tv_l1,exact_support_restricted_l1,,,,,,
3,2029,45,Uniform,0.14340786937079253,0.3458608533627725,0.234375,0.4146403617999878,8x8,0.99,0.5,5,exact,fixed,perturbation_seed,support_restricted_tv_l1,exact_support_restricted_l1,,,,,,
3,2029,50,Uniform,0.14340786937079253,0.3458608533627725,0.234375,0.4146403617999878,8x8,0.99,0.5,5,exact,fixed,perturbation_seed,support_restricted_tv_l1,exact_support_restricted_l1,,,,,,
3,2029,55,Uniform,0.1498023328387012,0.36128256349284715,0.21875,0.4146403617999878,8x8,0.99,0.5,5,exact,fixed,perturbation_seed,support_restricted_tv_l1,exact_support_restricted_l1,,,,,,
3,2029,60,Uniform,0.15740364672001497,0.3796148692247731,0.21875,0.4146403617999878,8x8,0.99,0.5,5,exact,fixed,perturbation_seed,support_restricted_tv_l1,exact_support_restricted_l1,,,,,,
3,2029,65,Uniform,0.15740364672001497,0.3796148692247731,0.203125,0.4146403617999878,8x8,0.99,0.5,5,exact,fixed,perturbation_seed,support_restricted_tv_l1,exact_support_restricted_l1,,,,,,
3,2029,70,Uniform,0.15944265358120446,0.3845324002927521,0.171875,0.4146403617999878,8x8,0.99,0.5,5,exact,fixed,perturbation_seed,support_restricted_tv_l1,exact_support_restricted_l1,,,,,,
3,2029,75,Uniform,0.15944265358120446,0.3845324002927521,0.171875,0.4146403617999878,8x8,0.99,0.5,5,exact,fixed,perturbation_seed,support_restricted_tv_l1,exact_support_restricted_l1,,,,,,
3,2029,80,Uniform,0.15538575353401848,0.37474825861012706,0.1875,0.4146403617999878,8x8,0.99,0.5,5,exact,fixed,perturbation_seed,support_restricted_tv_l1,exact_support_restricted_l1,,,,,,
3,2029,85,Uniform,0.15538575353401848,0.37474825861012706,0.1875,0.4146403617999878,8x8,0.99,0.5,5,exact,fixed,perturbation_seed,support_restricted_tv_l1,exact_support_restricted_l1,,,,,,
3,2029,90,Uniform,0.15538575353401862,0.3747482586101274,0.1875,0.4146403617999878,8x8,0.99,0.5,5,exact,fixed,perturbation_seed,support_restricted_tv_l1,exact_support_restricted_l1,,,,,,
3,2029,95,Uniform,0.15538575353401862,0.3747482586101274,0.1875,0.4146403617999878,8x8,0.99,0.5,5,exact,fixed,perturbation_seed,support_restricted_tv_l1,exact_support_restricted_l1,,,,,,
3,2029,100,Uniform,0.15538575353401862,0.3747482586101274,0.1875,0.4146403617999878,8x8,0.99,0.5,5,exact,fixed,perturbation_seed,support_restricted_tv_l1,exact_support_restricted_l1,,,,,,
3,2029,105,Uniform,0.1651803606310228,0.3983701922166026,0.171875,0.4146403617999878,8x8,0.99,0.5,5,exact,fixed,perturbation_seed,support_restricted_tv_l1,exact_support_restricted_l1,,,,,,
3,2029,110,Uniform,0.1651803606310228,0.3983701922166026,0.171875,0.4146403617999878,8x8,0.99,0.5,5,exact,fixed,perturbation_seed,support_restricted_tv_l1,exact_support_restricted_l1,,,,,,
3,2029,115,Uniform,0.16205534198376748,0.39083349551469604,0.1875,0.4146403617999878,8x8,0.99,0.5,5,exact,fixed,perturbation_seed,support_restricted_tv_l1,exact_support_restricted_l1,,,,,,
3,2029,120,Uniform,0.16205534198376748,0.39083349551469604,0.1875,0.4146403617999878,8x8,0.99,0.5,5,exact,fixed,perturbation_seed,support_restricted_tv_l1,exact_support_restricted_l1,,,,,,
3,2029,125,Uniform,0.16205534198376748,0.39083349551469604,0.1875,0.4146403617999878,8x8,0.99,0.5,5,exact,fixed,perturbation_seed,support_restricted_tv_l1,exact_support_restricted_l1,,,,,,
3,2029,130,Uniform,0.16205534198376748,0.39083349551469604,0.1875,0.4146403617999878,8x8,0.99,0.5,5,exact,fixed,perturbation_seed,support_restricted_tv_l1,exact_support_restricted_l1,,,,,,
3,2029,135,Uniform,0.16205534198376748,0.39083349551469604,0.1875,0.4146403617999878,8x8,0.99,0.5,5,exact,fixed,perturbation_seed,support_restricted_tv_l1,exact_support_restricted_l1,,,,,,
3,2029,140,Uniform,0.16205534198376748,0.39083349551469604,0.1875,0.4146403617999878,8x8,0.99,0.5,5,exact,fixed,perturbation_seed,support_restricted_tv_l1,exact_support_restricted_l1,,,,,,
3,2029,145,Uniform,0.16205534198376748,0.39083349551469604,0.1875,0.4146403617999878,8x8,0.99,0.5,5,exact,fixed,perturbation_seed,support_restricted_tv_l1,exact_support_restricted_l1,,,,,,
3,2029,150,Uniform,0.16205534198376748,0.39083349551469604,0.1875,0.4146403617999878,8x8,0.99,0.5,5,exact,fixed,perturbation_seed,support_restricted_tv_l1,exact_support_restricted_l1,,,,,,
3,2029,155,Uniform,0.16205534198376748,0.39083349551469604,0.1875,0.4146403617999878,8x8,0.99,0.5,5,exact,fixed,perturbation_seed,support_restricted_tv_l1,exact_support_restricted_l1,,,,,,
3,2029,160,Uniform,0.16205534198376748,0.39083349551469604,0.1875,0.4146403617999878,8x8,0.99,0.5,5,exact,fixed,perturbation_seed,support_restricted_tv_l1,exact_support_restricted_l1,,,,,,
3,2029,165,Uniform,0.16205534198376748,0.39083349551469604,0.1875,0.4146403617999878,8x8,0.99,0.5,5,exact,fixed,perturbation_seed,support_restricted_tv_l1,exact_support_restricted_l1,,,,,,
3,2029,170,Uniform,0.16205534198376748,0.39083349551469604,0.1875,0.4146403617999878,8x8,0.99,0.5,5,exact,fixed,perturbation_seed,support_restricted_tv_l1,exact_support_restricted_l1,,,,,,
3,2029,175,Uniform,0.16205534198376748,0.39083349551469604,0.1875,0.4146403617999878,8x8,0.99,0.5,5,exact,fixed,perturbation_seed,support_restricted_tv_l1,exact_support_restricted_l1,,,,,,
3,2029,180,Uniform,0.16205534198376748,0.39083349551469604,0.1875,0.4146403617999878,8x8,0.99,0.5,5,exact,fixed,perturbation_seed,support_restricted_tv_l1,exact_support_restricted_l1,,,,,,
3,2029,185,Uniform,0.16205534198376748,0.39083349551469604,0.1875,0.4146403617999878,8x8,0.99,0.5,5,exact,fixed,perturbation_seed,support_restricted_tv_l1,exact_support_restricted_l1,,,,,,
3,2029,190,Uniform,0.16205534198376748,0.39083349551469604,0.1875,0.4146403617999878,8x8,0.99,0.5,5,exact,fixed,perturbation_seed,support_restricted_tv_l1,exact_support_restricted_l1,,,,,,
3,2029,195,Uniform,0.16205534198376748,0.39083349551469604,0.1875,0.4146403617999878,8x8,0.99,0.5,5,exact,fixed,perturbation_seed,support_restricted_tv_l1,exact_support_restricted_l1,,,,,,
3,2029,200,Uniform,0.16197273728319828,0.3906342753996773,0.203125,0.4146403617999878,8x8,0.99,0.5,5,exact,fixed,perturbation_seed,support_restricted_tv_l1,exact_support_restricted_l1,,,,,,
3,2029,205,Uniform,0.16197273728319828,0.3906342753996773,0.203125,0.4146403617999878,8x8,0.99,0.5,5,exact,fixed,perturbation_seed,support_restricted_tv_l1,exact_support_restricted_l1,,,,,,
3,2029,210,Uniform,0.16197273728319828,0.3906342753996773,0.203125,0.4146403617999878,8x8,0.99,0.5,5,exact,fixed,perturbation_seed,support_restricted_tv_l1,exact_support_restricted_l1,,,,,,
3,2029,215,Uniform,0.16197273728319828,0.3906342753996773,0.203125,0.4146403617999878,8x8,0.99,0.5,5,exact,fixed,perturbation_seed,support_restricted_tv_l1,exact_support_restricted_l1,,,,,,
3,2029,220,Uniform,0.16197273728319828,0.3906342753996773,0.203125,0.4146403617999878,8x8,0.99,0.5,5,exact,fixed,perturbation_seed,support_restricted_tv_l1,exact_support_restricted_l1,,,,,,
3,2029,225,Uniform,0.16197273728319828,0.3906342753996773,0.203125,0.4146403617999878,8x8,0.99,0.5,5,exact,fixed,perturbation_seed,support_restricted_tv_l1,exact_support_restricted_l1,,,,,,
3,2029,230,Uniform,0.16197273728319828,0.3906342753996773,0.203125,0.4146403617999878,8x8,0.99,0.5,5,exact,fixed,perturbation_seed,support_restricted_tv_l1,exact_support_restricted_l1,,,,,,
3,2029,235,Uniform,0.16197273728319828,0.3906342753996773,0.203125,0.4146403617999878,8x8,0.99,0.5,5,exact,fixed,perturbation_seed,support_restricted_tv_l1,exact_support_restricted_l1,,,,,,
3,2029,240,Uniform,0.16197273728319828,0.3906342753996773,0.203125,0.4146403617999878,8x8,0.99,0.5,5,exact,fixed,perturbation_seed,support_restricted_tv_l1,exact_support_restricted_l1,,,,,,
3,2029,245,Uniform,0.16197273728319828,0.3906342753996773,0.203125,0.4146403617999878,8x8,0.99,0.5,5,exact,fixed,perturbation_seed,support_restricted_tv_l1,exact_support_restricted_l1,,,,,,
3,2029,250,Uniform,0.16197273728319828,0.3906342753996773,0.203125,0.4146403617999878,8x8,0.99,0.5,5,exact,fixed,perturbation_seed,support_restricted_tv_l1,exact_support_restricted_l1,,,,,,
3,2029,255,Uniform,0.16197273728319828,0.3906342753996773,0.203125,0.4146403617999878,8x8,0.99,0.5,5,exact,fixed,perturbation_seed,support_restricted_tv_l1,exact_support_restricted_l1,,,,,,
3,2029,260,Uniform,0.16197273728319828,0.3906342753996773,0.203125,0.4146403617999878,8x8,0.99,0.5,5,exact,fixed,perturbation_seed,support_restricted_tv_l1,exact_support_restricted_l1,,,,,,
3,2029,265,Uniform,0.16197273728319828,0.3906342753996773,0.203125,0.4146403617999878,8x8,0.99,0.5,5,exact,fixed,perturbation_seed,support_restricted_tv_l1,exact_support_restricted_l1,,,,,,
3,2029,270,Uniform,0.16197273728319828,0.3906342753996773,0.203125,0.4146403617999878,8x8,0.99,0.5,5,exact,fixed,perturbation_seed,support_restricted_tv_l1,exact_support_restricted_l1,,,,,,
3,2029,275,Uniform,0.16197273728319828,0.3906342753996773,0.203125,0.4146403617999878,8x8,0.99,0.5,5,exact,fixed,perturbation_seed,support_restricted_tv_l1,exact_support_restricted_l1,,,,,,
3,2029,280,Uniform,0.15753152025636394,0.37992326548362704,0.21875,0.4146403617999878,8x8,0.99,0.5,5,exact,fixed,perturbation_seed,support_restricted_tv_l1,exact_support_restricted_l1,,,,,,
3,2029,285,Uniform,0.15753152025636394,0.37992326548362704,0.21875,0.4146403617999878,8x8,0.99,0.5,5,exact,fixed,perturbation_seed,support_restricted_tv_l1,exact_support_restricted_l1,,,,,,
3,2029,290,Uniform,0.15753152025636394,0.37992326548362704,0.21875,0.4146403617999878,8x8,0.99,0.5,5,exact,fixed,perturbation_seed,support_restricted_tv_l1,exact_support_restricted_l1,,,,,,
3,2029,295,Uniform,0.15753152025636394,0.37992326548362704,0.21875,0.4146403617999878,8x8,0.99,0.5,5,exact,fixed,perturbation_seed,support_restricted_tv_l1,exact_support_restricted_l1,,,,,,
3,2029,300,Uniform,0.15753152025636394,0.37992326548362704,0.21875,0.4146403617999878,8x8,0.99,0.5,5,exact,fixed,perturbation_seed,support_restricted_tv_l1,exact_support_restricted_l1,,,,,,
3,2029,305,Uniform,0.15753152025636394,0.37992326548362704,0.21875,0.4146403617999878,8x8,0.99,0.5,5,exact,fixed,perturbation_seed,support_restricted_tv_l1,exact_support_restricted_l1,,,,,,
3,2029,310,Uniform,0.15753152025636394,0.37992326548362704,0.21875,0.4146403617999878,8x8,0.99,0.5,5,exact,fixed,perturbation_seed,support_restricted_tv_l1,exact_support_restricted_l1,,,,,,
3,2029,315,Uniform,0.15753152025636394,0.37992326548362704,0.21875,0.4146403617999878,8x8,0.99,0.5,5,exact,fixed,perturbation_seed,support_restricted_tv_l1,exact_support_restricted_l1,,,,,,
3,2029,320,Uniform,0.15753152025636394,0.37992326548362704,0.21875,0.4146403617999878,8x8,0.99,0.5,5,exact,fixed,perturbation_seed,support_restricted_tv_l1,exact_support_restricted_l1,,,,,,
3,2029,325,Uniform,0.15753152025636394,0.37992326548362704,0.21875,0.4146403617999878,8x8,0.99,0.5,5,exact,fixed,perturbation_seed,support_restricted_tv_l1,exact_support_restricted_l1,,,,,,
3,2029,330,Uniform,0.15753152025636394,0.37992326548362704,0.21875,0.4146403617999878,8x8,0.99,0.5,5,exact,fixed,perturbation_seed,support_restricted_tv_l1,exact_support_restricted_l1,,,,,,
3,2029,335,Uniform,0.15753152025636394,0.37992326548362704,0.21875,0.4146403617999878,8x8,0.99,0.5,5,exact,fixed,perturbation_seed,support_restricted_tv_l1,exact_support_restricted_l1,,,,,,
3,2029,340,Uniform,0.15753152025636394,0.37992326548362704,0.21875,0.4146403617999878,8x8,0.99,0.5,5,exact,fixed,perturbation_seed,support_restricted_tv_l1,exact_support_restricted_l1,,,,,,
3,2029,345,Uniform,0.15753152025636394,0.37992326548362704,0.21875,0.4146403617999878,8x8,0.99,0.5,5,exact,fixed,perturbation_seed,support_restricted_tv_l1,exact_support_restricted_l1,,,,,,
3,2029,350,Uniform,0.15753152025636394,0.37992326548362704,0.21875,0.4146403617999878,8x8,0.99,0.5,5,exact,fixed,perturbation_seed,support_restricted_tv_l1,exact_support_restricted_l1,,,,,,
3,2029,355,Uniform,0.15753152025636394,0.37992326548362704,0.21875,0.4146403617999878,8x8,0.99,0.5,5,exact,fixed,perturbation_seed,support_restricted_tv_l1,exact_support_restricted_l1,,,,,,
3,2029,360,Uniform,0.15753152025636394,0.37992326548362704,0.21875,0.4146403617999878,8x8,0.99,0.5,5,exact,fixed,perturbation_seed,support_restricted_tv_l1,exact_support_restricted_l1,,,,,,
3,2029,365,Uniform,0.15753152025636394,0.37992326548362704,0.21875,0.4146403617999878,8x8,0.99,0.5,5,exact,fixed,perturbation_seed,support_restricted_tv_l1,exact_support_restricted_l1,,,,,,
3,2029,370,Uniform,0.15753152025636394,0.37992326548362704,0.21875,0.4146403617999878,8x8,0.99,0.5,5,exact,fixed,perturbation_seed,support_restricted_tv_l1,exact_support_restricted_l1,,,,,,
3,2029,375,Uniform,0.15753152025636394,0.37992326548362704,0.21875,0.4146403617999878,8x8,0.99,0.5,5,exact,fixed,perturbation_seed,support_restricted_tv_l1,exact_support_restricted_l1,,,,,,
3,2029,380,Uniform,0.15753152025636394,0.37992326548362704,0.21875,0.4146403617999878,8x8,0.99,0.5,5,exact,fixed,perturbation_seed,support_restricted_tv_l1,exact_support_restricted_l1,,,,,,
3,2029,385,Uniform,0.15753152025636394,0.37992326548362704,0.21875,0.4146403617999878,8x8,0.99,0.5,5,exact,fixed,perturbation_seed,support_restricted_tv_l1,exact_support_restricted_l1,,,,,,
3,2029,390,Uniform,0.15753152025636394,0.37992326548362704,0.21875,0.4146403617999878,8x8,0.99,0.5,5,exact,fixed,perturbation_seed,support_restricted_tv_l1,exact_support_restricted_l1,,,,,,
3,2029,395,Uniform,0.15753152025636394,0.37992326548362704,0.21875,0.4146403617999878,8x8,0.99,0.5,5,exact,fixed,perturbation_seed,support_restricted_tv_l1,exact_support_restricted_l1,,,,,,
3,2029,400,Uniform,0.15753152025636394,0.37992326548362704,0.21875,0.4146403617999878,8x8,0.99,0.5,5,exact,fixed,perturbation_seed,support_restricted_tv_l1,exact_support_restricted_l1,,,,,,
3,2029,405,Uniform,0.15753152025636394,0.37992326548362704,0.21875,0.4146403617999878,8x8,0.99,0.5,5,exact,fixed,perturbation_seed,support_restricted_tv_l1,exact_support_restricted_l1,,,,,,
3,2029,410,Uniform,0.15753152025636394,0.37992326548362704,0.21875,0.4146403617999878,8x8,0.99,0.5,5,exact,fixed,perturbation_seed,support_restricted_tv_l1,exact_support_restricted_l1,,,,,,
3,2029,415,Uniform,0.15753152025636394,0.37992326548362704,0.21875,0.4146403617999878,8x8,0.99,0.5,5,exact,fixed,perturbation_seed,support_restricted_tv_l1,exact_support_restricted_l1,,,,,,
3,2029,420,Uniform,0.15753152025636394,0.37992326548362704,0.21875,0.4146403617999878,8x8,0.99,0.5,5,exact,fixed,perturbation_seed,support_restricted_tv_l1,exact_support_restricted_l1,,,,,,
3,2029,425,Uniform,0.15753152025636394,0.37992326548362704,0.21875,0.4146403617999878,8x8,0.99,0.5,5,exact,fixed,perturbation_seed,support_restricted_tv_l1,exact_support_restricted_l1,,,,,,
3,2029,430,Uniform,0.15753152025636394,0.37992326548362704,0.21875,0.4146403617999878,8x8,0.99,0.5,5,exact,fixed,perturbation_seed,support_restricted_tv_l1,exact_support_restricted_l1,,,,,,
3,2029,435,Uniform,0.15753152025636394,0.37992326548362704,0.21875,0.4146403617999878,8x8,0.99,0.5,5,exact,fixed,perturbation_seed,support_restricted_tv_l1,exact_support_restricted_l1,,,,,,
3,2029,440,Uniform,0.15753152025636394,0.37992326548362704,0.21875,0.4146403617999878,8x8,0.99,0.5,5,exact,fixed,perturbation_seed,support_restricted_tv_l1,exact_support_restricted_l1,,,,,,
3,2029,445,Uniform,0.15753152025636394,0.37992326548362704,0.21875,0.4146403617999878,8x8,0.99,0.5,5,exact,fixed,perturbation_seed,support_restricted_tv_l1,exact_support_restricted_l1,,,,,,
3,2029,450,Uniform,0.15753152025636394,0.37992326548362704,0.21875,0.4146403617999878,8x8,0.99,0.5,5,exact,fixed,perturbation_seed,support_restricted_tv_l1,exact_support_restricted_l1,,,,,,
3,2029,455,Uniform,0.15753152025636394,0.37992326548362704,0.21875,0.4146403617999878,8x8,0.99,0.5,5,exact,fixed,perturbation_seed,support_restricted_tv_l1,exact_support_restricted_l1,,,,,,
3,2029,460,Uniform,0.15753152025636394,0.37992326548362704,0.21875,0.4146403617999878,8x8,0.99,0.5,5,exact,fixed,perturbation_seed,support_restricted_tv_l1,exact_support_restricted_l1,,,,,,
3,2029,465,Uniform,0.15753152025636394,0.37992326548362704,0.21875,0.4146403617999878,8x8,0.99,0.5,5,exact,fixed,perturbation_seed,support_restricted_tv_l1,exact_support_restricted_l1,,,,,,
3,2029,470,Uniform,0.15753152025636394,0.37992326548362704,0.21875,0.4146403617999878,8x8,0.99,0.5,5,exact,fixed,perturbation_seed,support_restricted_tv_l1,exact_support_restricted_l1,,,,,,
3,2029,475,Uniform,0.15753152025636394,0.37992326548362704,0.21875,0.4146403617999878,8x8,0.99,0.5,5,exact,fixed,perturbation_seed,support_restricted_tv_l1,exact_support_restricted_l1,,,,,,
3,2029,480,Uniform,0.15753152025636394,0.37992326548362704,0.21875,0.4146403617999878,8x8,0.99,0.5,5,exact,fixed,perturbation_seed,support_restricted_tv_l1,exact_support_restricted_l1,,,,,,
3,2029,485,Uniform,0.15753152025636394,0.37992326548362704,0.21875,0.4146403617999878,8x8,0.99,0.5,5,exact,fixed,perturbation_seed,support_restricted_tv_l1,exact_support_restricted_l1,,,,,,
3,2029,490,Uniform,0.15753152025636394,0.37992326548362704,0.21875,0.4146403617999878,8x8,0.99,0.5,5,exact,fixed,perturbation_seed,support_restricted_tv_l1,exact_support_restricted_l1,,,,,,
3,2029,495,Uniform,0.15753152025636394,0.37992326548362704,0.21875,0.4146403617999878,8x8,0.99,0.5,5,exact,fixed,perturbation_seed,support_restricted_tv_l1,exact_support_restricted_l1,,,,,,
3,2029,500,Uniform,0.15753152025636394,0.37992326548362704,0.21875,0.4146403617999878,8x8,0.99,0.5,5,exact,fixed,perturbation_seed,support_restricted_tv_l1,exact_support_restricted_l1,,,,,,
3,2029,-1,source_metadata,,,,0.4146403617999878,8x8,0.99,0.5,5,exact,fixed,perturbation_seed,support_restricted_tv_l1,exact_support_restricted_l1,0.0,0.1,0.28518202654442215,0.09151653539427919,0.25,0.4895630544309144
3,2029,-1,source_metadata,,,,0.4146403617999878,8x8,0.99,0.5,5,exact,fixed,perturbation_seed,support_restricted_tv_l1,exact_support_restricted_l1,1.0,0.2,0.5606363933531131,0.20354113305519983,0.25,0.24902918571292007
3,2029,-1,source_metadata,,,,0.4146403617999878,8x8,0.99,0.5,5,exact,fixed,perturbation_seed,support_restricted_tv_l1,exact_support_restricted_l1,2.0,0.3,0.9482427818596311,0.32414607993039385,0.25,0.14723542217501945
3,2029,-1,source_metadata,,,,0.4146403617999878,8x8,0.99,0.5,5,exact,fixed,perturbation_seed,support_restricted_tv_l1,exact_support_restricted_l1,3.0,0.35,1.2228440111694203,0.3872019751356749,0.25,0.11417233768114604
4,2030,0,Maximum-based,0.0,0.0,0.65625,0.4146403617999878,8x8,0.99,0.5,5,exact,fixed,perturbation_seed,support_restricted_tv_l1,exact_support_restricted_l1,,,,,,
4,2030,5,Maximum-based,0.0,0.0,0.546875,0.4146403617999878,8x8,0.99,0.5,5,exact,fixed,perturbation_seed,support_restricted_tv_l1,exact_support_restricted_l1,,,,,,
4,2030,10,Maximum-based,-1.052358075044768e-18,-2.5380020181257688e-18,0.484375,0.4146403617999878,8x8,0.99,0.5,5,exact,fixed,perturbation_seed,support_restricted_tv_l1,exact_support_restricted_l1,,,,,,
4,2030,15,Maximum-based,0.03745400205823417,0.0903288862079014,0.4375,0.4146403617999878,8x8,0.99,0.5,5,exact,fixed,perturbation_seed,support_restricted_tv_l1,exact_support_restricted_l1,,,,,,
4,2030,20,Maximum-based,0.07429968253739513,0.1791906658938221,0.328125,0.4146403617999878,8x8,0.99,0.5,5,exact,fixed,perturbation_seed,support_restricted_tv_l1,exact_support_restricted_l1,,,,,,
4,2030,25,Maximum-based,0.0922112430671161,0.22238848786167253,0.328125,0.4146403617999878,8x8,0.99,0.5,5,exact,fixed,perturbation_seed,support_restricted_tv_l1,exact_support_restricted_l1,,,,,,
4,2030,30,Maximum-based,0.10580221453932845,0.25516622183145016,0.3125,0.4146403617999878,8x8,0.99,0.5,5,exact,fixed,perturbation_seed,support_restricted_tv_l1,exact_support_restricted_l1,,,,,,
4,2030,35,Maximum-based,0.12750826905705237,0.30751533329637404,0.28125,0.4146403617999878,8x8,0.99,0.5,5,exact,fixed,perturbation_seed,support_restricted_tv_l1,exact_support_restricted_l1,,,,,,
4,2030,40,Maximum-based,0.1446215891439827,0.34878801599576204,0.234375,0.4146403617999878,8x8,0.99,0.5,5,exact,fixed,perturbation_seed,support_restricted_tv_l1,exact_support_restricted_l1,,,,,,
4,2030,45,Maximum-based,0.2015461976773486,0.4860747197943298,0.1875,0.4146403617999878,8x8,0.99,0.5,5,exact,fixed,perturbation_seed,support_restricted_tv_l1,exact_support_restricted_l1,,,,,,
4,2030,50,Maximum-based,0.20888554193509296,0.5037752259049353,0.171875,0.4146403617999878,8x8,0.99,0.5,5,exact,fixed,perturbation_seed,support_restricted_tv_l1,exact_support_restricted_l1,,,,,,
4,2030,55,Maximum-based,0.21220402816935374,0.5117785139106059,0.171875,0.4146403617999878,8x8,0.99,0.5,5,exact,fixed,perturbation_seed,support_restricted_tv_l1,exact_support_restricted_l1,,,,,,
4,2030,60,Maximum-based,0.2270392232105773,0.5475569773887458,0.125,0.4146403617999878,8x8,0.99,0.5,5,exact,fixed,perturbation_seed,support_restricted_tv_l1,exact_support_restricted_l1,,,,,,
4,2030,65,Maximum-based,0.2270392232105773,0.5475569773887458,0.125,0.4146403617999878,8x8,0.99,0.5,5,exact,fixed,perturbation_seed,support_restricted_tv_l1,exact_support_restricted_l1,,,,,,
4,2030,70,Maximum-based,0.2270392232105773,0.5475569773887458,0.125,0.4146403617999878,8x8,0.99,0.5,5,exact,fixed,perturbation_seed,support_restricted_tv_l1,exact_support_restricted_l1,,,,,,
4,2030,75,Maximum-based,0.22708158396129846,0.5476591400208091,0.109375,0.4146403617999878,8x8,0.99,0.5,5,exact,fixed,perturbation_seed,support_restricted_tv_l1,exact_support_restricted_l1,,,,,,
4,2030,80,Maximum-based,0.22708158396129846,0.5476591400208091,0.109375,0.4146403617999878,8x8,0.99,0.5,5,exact,fixed,perturbation_seed,support_restricted_tv_l1,exact_support_restricted_l1,,,,,,
4,2030,85,Maximum-based,0.22708158396129846,0.5476591400208091,0.109375,0.4146403617999878,8x8,0.99,0.5,5,exact,fixed,perturbation_seed,support_restricted_tv_l1,exact_support_restricted_l1,,,,,,
4,2030,90,Maximum-based,0.22708158396129846,0.5476591400208091,0.109375,0.4146403617999878,8x8,0.99,0.5,5,exact,fixed,perturbation_seed,support_restricted_tv_l1,exact_support_restricted_l1,,,,,,
4,2030,95,Maximum-based,0.22708158396129846,0.5476591400208091,0.109375,0.4146403617999878,8x8,0.99,0.5,5,exact,fixed,perturbation_seed,support_restricted_tv_l1,exact_support_restricted_l1,,,,,,
4,2030,100,Maximum-based,0.22708158396129846,0.5476591400208091,0.109375,0.4146403617999878,8x8,0.99,0.5,5,exact,fixed,perturbation_seed,support_restricted_tv_l1,exact_support_restricted_l1,,,,,,
4,2030,105,Maximum-based,0.22708158396129846,0.5476591400208091,0.109375,0.4146403617999878,8x8,0.99,0.5,5,exact,fixed,perturbation_seed,support_restricted_tv_l1,exact_support_restricted_l1,,,,,,
4,2030,110,Maximum-based,0.22708158396129846,0.5476591400208091,0.109375,0.4146403617999878,8x8,0.99,0.5,5,exact,fixed,perturbation_seed,support_restricted_tv_l1,exact_support_restricted_l1,,,,,,
4,2030,115,Maximum-based,0.22708158396129846,0.5476591400208091,0.109375,0.4146403617999878,8x8,0.99,0.5,5,exact,fixed,perturbation_seed,support_restricted_tv_l1,exact_support_restricted_l1,,,,,,
4,2030,120,Maximum-based,0.22708158396129846,0.5476591400208091,0.109375,0.4146403617999878,8x8,0.99,0.5,5,exact,fixed,perturbation_seed,support_restricted_tv_l1,exact_support_restricted_l1,,,,,,
4,2030,125,Maximum-based,0.22708158396129846,0.5476591400208091,0.109375,0.4146403617999878,8x8,0.99,0.5,5,exact,fixed,perturbation_seed,support_restricted_tv_l1,exact_support_restricted_l1,,,,,,
4,2030,130,Maximum-based,0.22708158396129846,0.5476591400208091,0.109375,0.4146403617999878,8x8,0.99,0.5,5,exact,fixed,perturbation_seed,support_restricted_tv_l1,exact_support_restricted_l1,,,,,,
4,2030,135,Maximum-based,0.22708158396129846,0.5476591400208091,0.109375,0.4146403617999878,8x8,0.99,0.5,5,exact,fixed,perturbation_seed,support_restricted_tv_l1,exact_support_restricted_l1,,,,,,
4,2030,140,Maximum-based,0.23257606044160484,0.5609103258350757,0.09375,0.4146403617999878,8x8,0.99,0.5,5,exact,fixed,perturbation_seed,support_restricted_tv_l1,exact_support_restricted_l1,,,,,,
4,2030,145,Maximum-based,0.23257606044160484,0.5609103258350757,0.09375,0.4146403617999878,8x8,0.99,0.5,5,exact,fixed,perturbation_seed,support_restricted_tv_l1,exact_support_restricted_l1,,,,,,
4,2030,150,Maximum-based,0.23257606044160484,0.5609103258350757,0.09375,0.4146403617999878,8x8,0.99,0.5,5,exact,fixed,perturbation_seed,support_restricted_tv_l1,exact_support_restricted_l1,,,,,,
4,2030,155,Maximum-based,0.23257606044160484,0.5609103258350757,0.078125,0.4146403617999878,8x8,0.99,0.5,5,exact,fixed,perturbation_seed,support_restricted_tv_l1,exact_support_restricted_l1,,,,,,
4,2030,160,Maximum-based,0.23255305616028127,0.5608548457529542,0.09375,0.4146403617999878,8x8,0.99,0.5,5,exact,fixed,perturbation_seed,support_restricted_tv_l1,exact_support_restricted_l1,,,,,,
4,2030,165,Maximum-based,0.23255305616028127,0.5608548457529542,0.09375,0.4146403617999878,8x8,0.99,0.5,5,exact,fixed,perturbation_seed,support_restricted_tv_l1,exact_support_restricted_l1,,,,,,
4,2030,170,Maximum-based,0.23255305616028127,0.5608548457529542,0.09375,0.4146403617999878,8x8,0.99,0.5,5,exact,fixed,perturbation_seed,support_restricted_tv_l1,exact_support_restricted_l1,,,,,,
4,2030,175,Maximum-based,0.23255305616028127,0.5608548457529542,0.09375,0.4146403617999878,8x8,0.99,0.5,5,exact,fixed,perturbation_seed,support_restricted_tv_l1,exact_support_restricted_l1,,,,,,
4,2030,180,Maximum-based,0.23255305616028127,0.5608548457529542,0.09375,0.4146403617999878,8x8,0.99,0.5,5,exact,fixed,perturbation_seed,support_restricted_tv_l1,exact_support_restricted_l1,,,,,,
4,2030,185,Maximum-based,0.23255305616028127,0.5608548457529542,0.09375,0.4146403617999878,8x8,0.99,0.5,5,exact,fixed,perturbation_seed,support_restricted_tv_l1,exact_support_restricted_l1,,,,,,
4,2030,190,Maximum-based,0.23255305616028132,0.5608548457529543,0.109375,0.4146403617999878,8x8,0.99,0.5,5,exact,fixed,perturbation_seed,support_restricted_tv_l1,exact_support_restricted_l1,,,,,,
4,2030,195,Maximum-based,0.23255305616028132,0.5608548457529543,0.109375,0.4146403617999878,8x8,0.99,0.5,5,exact,fixed,perturbation_seed,support_restricted_tv_l1,exact_support_restricted_l1,,,,,,
4,2030,200,Maximum-based,0.23255305616028132,0.5608548457529543,0.109375,0.4146403617999878,8x8,0.99,0.5,5,exact,fixed,perturbation_seed,support_restricted_tv_l1,exact_support_restricted_l1,,,,,,
4,2030,205,Maximum-based,0.23255305616028132,0.5608548457529543,0.109375,0.4146403617999878,8x8,0.99,0.5,5,exact,fixed,perturbation_seed,support_restricted_tv_l1,exact_support_restricted_l1,,,,,,
4,2030,210,Maximum-based,0.23255305616028132,0.5608548457529543,0.109375,0.4146403617999878,8x8,0.99,0.5,5,exact,fixed,perturbation_seed,support_restricted_tv_l1,exact_support_restricted_l1,,,,,,
4,2030,215,Maximum-based,0.23255305616028132,0.5608548457529543,0.109375,0.4146403617999878,8x8,0.99,0.5,5,exact,fixed,perturbation_seed,support_restricted_tv_l1,exact_support_restricted_l1,,,,,,
4,2030,220,Maximum-based,0.23255305616028132,0.5608548457529543,0.109375,0.4146403617999878,8x8,0.99,0.5,5,exact,fixed,perturbation_seed,support_restricted_tv_l1,exact_support_restricted_l1,,,,,,
4,2030,225,Maximum-based,0.23255305616028132,0.5608548457529543,0.109375,0.4146403617999878,8x8,0.99,0.5,5,exact,fixed,perturbation_seed,support_restricted_tv_l1,exact_support_restricted_l1,,,,,,
4,2030,230,Maximum-based,0.23255305616028132,0.5608548457529543,0.109375,0.4146403617999878,8x8,0.99,0.5,5,exact,fixed,perturbation_seed,support_restricted_tv_l1,exact_support_restricted_l1,,,,,,
4,2030,235,Maximum-based,0.23255305616028132,0.5608548457529543,0.109375,0.4146403617999878,8x8,0.99,0.5,5,exact,fixed,perturbation_seed,support_restricted_tv_l1,exact_support_restricted_l1,,,,,,
4,2030,240,Maximum-based,0.23255305616028132,0.5608548457529543,0.109375,0.4146403617999878,8x8,0.99,0.5,5,exact,fixed,perturbation_seed,support_restricted_tv_l1,exact_support_restricted_l1,,,,,,
4,2030,245,Maximum-based,0.23255305616028132,0.5608548457529543,0.109375,0.4146403617999878,8x8,0.99,0.5,5,exact,fixed,perturbation_seed,support_restricted_tv_l1,exact_support_restricted_l1,,,,,,
4,2030,250,Maximum-based,0.23255305616028132,0.5608548457529543,0.109375,0.4146403617999878,8x8,0.99,0.5,5,exact,fixed,perturbation_seed,support_restricted_tv_l1,exact_support_restricted_l1,,,,,,
4,2030,255,Maximum-based,0.23255305616028132,0.5608548457529543,0.109375,0.4146403617999878,8x8,0.99,0.5,5,exact,fixed,perturbation_seed,support_restricted_tv_l1,exact_support_restricted_l1,,,,,,
4,2030,260,Maximum-based,0.23255305616028132,0.5608548457529543,0.109375,0.4146403617999878,8x8,0.99,0.5,5,exact,fixed,perturbation_seed,support_restricted_tv_l1,exact_support_restricted_l1,,,,,,
4,2030,265,Maximum-based,0.23255305616028132,0.5608548457529543,0.109375,0.4146403617999878,8x8,0.99,0.5,5,exact,fixed,perturbation_seed,support_restricted_tv_l1,exact_support_restricted_l1,,,,,,
4,2030,270,Maximum-based,0.23255305616028127,0.5608548457529542,0.125,0.4146403617999878,8x8,0.99,0.5,5,exact,fixed,perturbation_seed,support_restricted_tv_l1,exact_support_restricted_l1,,,,,,
4,2030,275,Maximum-based,0.23255305616028127,0.5608548457529542,0.125,0.4146403617999878,8x8,0.99,0.5,5,exact,fixed,perturbation_seed,support_restricted_tv_l1,exact_support_restricted_l1,,,,,,
4,2030,280,Maximum-based,0.23255305616028127,0.5608548457529542,0.125,0.4146403617999878,8x8,0.99,0.5,5,exact,fixed,perturbation_seed,support_restricted_tv_l1,exact_support_restricted_l1,,,,,,
4,2030,285,Maximum-based,0.23255305616028127,0.5608548457529542,0.125,0.4146403617999878,8x8,0.99,0.5,5,exact,fixed,perturbation_seed,support_restricted_tv_l1,exact_support_restricted_l1,,,,,,
4,2030,290,Maximum-based,0.23255305616028127,0.5608548457529542,0.125,0.4146403617999878,8x8,0.99,0.5,5,exact,fixed,perturbation_seed,support_restricted_tv_l1,exact_support_restricted_l1,,,,,,
4,2030,295,Maximum-based,0.23255305616028127,0.5608548457529542,0.125,0.4146403617999878,8x8,0.99,0.5,5,exact,fixed,perturbation_seed,support_restricted_tv_l1,exact_support_restricted_l1,,,,,,
4,2030,300,Maximum-based,0.23255305616028127,0.5608548457529542,0.125,0.4146403617999878,8x8,0.99,0.5,5,exact,fixed,perturbation_seed,support_restricted_tv_l1,exact_support_restricted_l1,,,,,,
4,2030,305,Maximum-based,0.23255305616028127,0.5608548457529542,0.125,0.4146403617999878,8x8,0.99,0.5,5,exact,fixed,perturbation_seed,support_restricted_tv_l1,exact_support_restricted_l1,,,,,,
4,2030,310,Maximum-based,0.23255305616028127,0.5608548457529542,0.125,0.4146403617999878,8x8,0.99,0.5,5,exact,fixed,perturbation_seed,support_restricted_tv_l1,exact_support_restricted_l1,,,,,,
4,2030,315,Maximum-based,0.23255305616028127,0.5608548457529542,0.125,0.4146403617999878,8x8,0.99,0.5,5,exact,fixed,perturbation_seed,support_restricted_tv_l1,exact_support_restricted_l1,,,,,,
4,2030,320,Maximum-based,0.23255305616028127,0.5608548457529542,0.125,0.4146403617999878,8x8,0.99,0.5,5,exact,fixed,perturbation_seed,support_restricted_tv_l1,exact_support_restricted_l1,,,,,,
4,2030,325,Maximum-based,0.23255305616028127,0.5608548457529542,0.125,0.4146403617999878,8x8,0.99,0.5,5,exact,fixed,perturbation_seed,support_restricted_tv_l1,exact_support_restricted_l1,,,,,,
4,2030,330,Maximum-based,0.23255305616028127,0.5608548457529542,0.125,0.4146403617999878,8x8,0.99,0.5,5,exact,fixed,perturbation_seed,support_restricted_tv_l1,exact_support_restricted_l1,,,,,,
4,2030,335,Maximum-based,0.23255305616028127,0.5608548457529542,0.125,0.4146403617999878,8x8,0.99,0.5,5,exact,fixed,perturbation_seed,support_restricted_tv_l1,exact_support_restricted_l1,,,,,,
4,2030,340,Maximum-based,0.23255305616028127,0.5608548457529542,0.125,0.4146403617999878,8x8,0.99,0.5,5,exact,fixed,perturbation_seed,support_restricted_tv_l1,exact_support_restricted_l1,,,,,,
4,2030,345,Maximum-based,0.23255305616028127,0.5608548457529542,0.125,0.4146403617999878,8x8,0.99,0.5,5,exact,fixed,perturbation_seed,support_restricted_tv_l1,exact_support_restricted_l1,,,,,,
4,2030,350,Maximum-based,0.23255305616028127,0.5608548457529542,0.125,0.4146403617999878,8x8,0.99,0.5,5,exact,fixed,perturbation_seed,support_restricted_tv_l1,exact_support_restricted_l1,,,,,,
4,2030,355,Maximum-based,0.23255305616028127,0.5608548457529542,0.125,0.4146403617999878,8x8,0.99,0.5,5,exact,fixed,perturbation_seed,support_restricted_tv_l1,exact_support_restricted_l1,,,,,,
4,2030,360,Maximum-based,0.23255305616028127,0.5608548457529542,0.125,0.4146403617999878,8x8,0.99,0.5,5,exact,fixed,perturbation_seed,support_restricted_tv_l1,exact_support_restricted_l1,,,,,,
4,2030,365,Maximum-based,0.23255305616028127,0.5608548457529542,0.125,0.4146403617999878,8x8,0.99,0.5,5,exact,fixed,perturbation_seed,support_restricted_tv_l1,exact_support_restricted_l1,,,,,,
4,2030,370,Maximum-based,0.23255305616028127,0.5608548457529542,0.125,0.4146403617999878,8x8,0.99,0.5,5,exact,fixed,perturbation_seed,support_restricted_tv_l1,exact_support_restricted_l1,,,,,,
4,2030,375,Maximum-based,0.23255305616028127,0.5608548457529542,0.125,0.4146403617999878,8x8,0.99,0.5,5,exact,fixed,perturbation_seed,support_restricted_tv_l1,exact_support_restricted_l1,,,,,,
4,2030,380,Maximum-based,0.23255305616028127,0.5608548457529542,0.125,0.4146403617999878,8x8,0.99,0.5,5,exact,fixed,perturbation_seed,support_restricted_tv_l1,exact_support_restricted_l1,,,,,,
4,2030,385,Maximum-based,0.23255305616028127,0.5608548457529542,0.125,0.4146403617999878,8x8,0.99,0.5,5,exact,fixed,perturbation_seed,support_restricted_tv_l1,exact_support_restricted_l1,,,,,,
4,2030,390,Maximum-based,0.23255305616028127,0.5608548457529542,0.125,0.4146403617999878,8x8,0.99,0.5,5,exact,fixed,perturbation_seed,support_restricted_tv_l1,exact_support_restricted_l1,,,,,,
4,2030,395,Maximum-based,0.23255305616028127,0.5608548457529542,0.125,0.4146403617999878,8x8,0.99,0.5,5,exact,fixed,perturbation_seed,support_restricted_tv_l1,exact_support_restricted_l1,,,,,,
4,2030,400,Maximum-based,0.23255305616028127,0.5608548457529542,0.125,0.4146403617999878,8x8,0.99,0.5,5,exact,fixed,perturbation_seed,support_restricted_tv_l1,exact_support_restricted_l1,,,,,,
4,2030,405,Maximum-based,0.23255305616028127,0.5608548457529542,0.125,0.4146403617999878,8x8,0.99,0.5,5,exact,fixed,perturbation_seed,support_restricted_tv_l1,exact_support_restricted_l1,,,,,,
4,2030,410,Maximum-based,0.23255305616028127,0.5608548457529542,0.125,0.4146403617999878,8x8,0.99,0.5,5,exact,fixed,perturbation_seed,support_restricted_tv_l1,exact_support_restricted_l1,,,,,,
4,2030,415,Maximum-based,0.23255305616028127,0.5608548457529542,0.125,0.4146403617999878,8x8,0.99,0.5,5,exact,fixed,perturbation_seed,support_restricted_tv_l1,exact_support_restricted_l1,,,,,,
4,2030,420,Maximum-based,0.23255305616028127,0.5608548457529542,0.125,0.4146403617999878,8x8,0.99,0.5,5,exact,fixed,perturbation_seed,support_restricted_tv_l1,exact_support_restricted_l1,,,,,,
4,2030,425,Maximum-based,0.23255305616028127,0.5608548457529542,0.125,0.4146403617999878,8x8,0.99,0.5,5,exact,fixed,perturbation_seed,support_restricted_tv_l1,exact_support_restricted_l1,,,,,,
4,2030,430,Maximum-based,0.23255305616028127,0.5608548457529542,0.125,0.4146403617999878,8x8,0.99,0.5,5,exact,fixed,perturbation_seed,support_restricted_tv_l1,exact_support_restricted_l1,,,,,,
4,2030,435,Maximum-based,0.23255305616028127,0.5608548457529542,0.125,0.4146403617999878,8x8,0.99,0.5,5,exact,fixed,perturbation_seed,support_restricted_tv_l1,exact_support_restricted_l1,,,,,,
4,2030,440,Maximum-based,0.23255305616028127,0.5608548457529542,0.125,0.4146403617999878,8x8,0.99,0.5,5,exact,fixed,perturbation_seed,support_restricted_tv_l1,exact_support_restricted_l1,,,,,,
4,2030,445,Maximum-based,0.23255305616028127,0.5608548457529542,0.125,0.4146403617999878,8x8,0.99,0.5,5,exact,fixed,perturbation_seed,support_restricted_tv_l1,exact_support_restricted_l1,,,,,,
4,2030,450,Maximum-based,0.23255305616028127,0.5608548457529542,0.125,0.4146403617999878,8x8,0.99,0.5,5,exact,fixed,perturbation_seed,support_restricted_tv_l1,exact_support_restricted_l1,,,,,,
4,2030,455,Maximum-based,0.23255305616028127,0.5608548457529542,0.125,0.4146403617999878,8x8,0.99,0.5,5,exact,fixed,perturbation_seed,support_restricted_tv_l1,exact_support_restricted_l1,,,,,,
4,2030,460,Maximum-based,0.23255305616028127,0.5608548457529542,0.125,0.4146403617999878,8x8,0.99,0.5,5,exact,fixed,perturbation_seed,support_restricted_tv_l1,exact_support_restricted_l1,,,,,,
4,2030,465,Maximum-based,0.23255305616028127,0.5608548457529542,0.125,0.4146403617999878,8x8,0.99,0.5,5,exact,fixed,perturbation_seed,support_restricted_tv_l1,exact_support_restricted_l1,,,,,,
4,2030,470,Maximum-based,0.23255305616028127,0.5608548457529542,0.125,0.4146403617999878,8x8,0.99,0.5,5,exact,fixed,perturbation_seed,support_restricted_tv_l1,exact_support_restricted_l1,,,,,,
4,2030,475,Maximum-based,0.23255305616028127,0.5608548457529542,0.125,0.4146403617999878,8x8,0.99,0.5,5,exact,fixed,perturbation_seed,support_restricted_tv_l1,exact_support_restricted_l1,,,,,,
4,2030,480,Maximum-based,0.23255305616028127,0.5608548457529542,0.125,0.4146403617999878,8x8,0.99,0.5,5,exact,fixed,perturbation_seed,support_restricted_tv_l1,exact_support_restricted_l1,,,,,,
4,2030,485,Maximum-based,0.23255305616028127,0.5608548457529542,0.125,0.4146403617999878,8x8,0.99,0.5,5,exact,fixed,perturbation_seed,support_restricted_tv_l1,exact_support_restricted_l1,,,,,,
4,2030,490,Maximum-based,0.23255305616028127,0.5608548457529542,0.125,0.4146403617999878,8x8,0.99,0.5,5,exact,fixed,perturbation_seed,support_restricted_tv_l1,exact_support_restricted_l1,,,,,,
4,2030,495,Maximum-based,0.23255305616028127,0.5608548457529542,0.125,0.4146403617999878,8x8,0.99,0.5,5,exact,fixed,perturbation_seed,support_restricted_tv_l1,exact_support_restricted_l1,,,,,,
4,2030,500,Maximum-based,0.23255305616028127,0.5608548457529542,0.125,0.4146403617999878,8x8,0.99,0.5,5,exact,fixed,perturbation_seed,support_restricted_tv_l1,exact_support_restricted_l1,,,,,,
4,2030,0,Similarity-aware,0.0,0.0,0.65625,0.4146403617999878,8x8,0.99,0.5,5,exact,fixed,perturbation_seed,support_restricted_tv_l1,exact_support_restricted_l1,,,,,,
4,2030,5,Similarity-aware,0.0,0.0,0.5625,0.4146403617999878,8x8,0.99,0.5,5,exact,fixed,perturbation_seed,support_restricted_tv_l1,exact_support_restricted_l1,,,,,,
4,2030,10,Similarity-aware,-1.7373680203559127e-18,-4.190060062686266e-18,0.53125,0.4146403617999878,8x8,0.99,0.5,5,exact,fixed,perturbation_seed,support_restricted_tv_l1,exact_support_restricted_l1,,,,,,
4,2030,15,Similarity-aware,0.03292893974462577,0.07941566421965904,0.484375,0.4146403617999878,8x8,0.99,0.5,5,exact,fixed,perturbation_seed,support_restricted_tv_l1,exact_support_restricted_l1,,,,,,
4,2030,20,Similarity-aware,0.05654564224664251,0.13637273998405086,0.40625,0.4146403617999878,8x8,0.99,0.5,5,exact,fixed,perturbation_seed,support_restricted_tv_l1,exact_support_restricted_l1,,,,,,
4,2030,25,Similarity-aware,0.14058546137066777,0.3390539713991536,0.328125,0.4146403617999878,8x8,0.99,0.5,5,exact,fixed,perturbation_seed,support_restricted_tv_l1,exact_support_restricted_l1,,,,,,
4,2030,30,Similarity-aware,0.16674897146186213,0.4021532557467179,0.28125,0.4146403617999878,8x8,0.99,0.5,5,exact,fixed,perturbation_seed,support_restricted_tv_l1,exact_support_restricted_l1,,,,,,
4,2030,35,Similarity-aware,0.19766031538898582,0.4767030265238198,0.25,0.4146403617999878,8x8,0.99,0.5,5,exact,fixed,perturbation_seed,support_restricted_tv_l1,exact_support_restricted_l1,,,,,,
4,2030,40,Similarity-aware,0.26684568059776675,0.6435593472843979,0.203125,0.4146403617999878,8x8,0.99,0.5,5,exact,fixed,perturbation_seed,support_restricted_tv_l1,exact_support_restricted_l1,,,,,,
4,2030,45,Similarity-aware,0.26684568059776653,0.6435593472843973,0.1875,0.4146403617999878,8x8,0.99,0.5,5,exact,fixed,perturbation_seed,support_restricted_tv_l1,exact_support_restricted_l1,,,,,,
4,2030,50,Similarity-aware,0.32942212187667164,0.794476737495171,0.171875,0.4146403617999878,8x8,0.99,0.5,5,exact,fixed,perturbation_seed,support_restricted_tv_l1,exact_support_restricted_l1,,,,,,
4,2030,55,Similarity-aware,0.3424089753427293,0.8257975028198024,0.140625,0.4146403617999878,8x8,0.99,0.5,5,exact,fixed,perturbation_seed,support_restricted_tv_l1,exact_support_restricted_l1,,,,,,
4,2030,60,Similarity-aware,0.3424089753427295,0.8257975028198029,0.140625,0.4146403617999878,8x8,0.99,0.5,5,exact,fixed,perturbation_seed,support_restricted_tv_l1,exact_support_restricted_l1,,,,,,
4,2030,65,Similarity-aware,0.3543566861399865,0.8546121380988939,0.125,0.4146403617999878,8x8,0.99,0.5,5,exact,fixed,perturbation_seed,support_restricted_tv_l1,exact_support_restricted_l1,,,,,,
4,2030,70,Similarity-aware,0.3812979283966356,0.9195871013168859,0.09375,0.4146403617999878,8x8,0.99,0.5,5,exact,fixed,perturbation_seed,support_restricted_tv_l1,exact_support_restricted_l1,,,,,,
4,2030,75,Similarity-aware,0.3812979283966356,0.9195871013168859,0.09375,0.4146403617999878,8x8,0.99,0.5,5,exact,fixed,perturbation_seed,support_restricted_tv_l1,exact_support_restricted_l1,,,,,,
4,2030,80,Similarity-aware,0.3812979283966356,0.9195871013168859,0.09375,0.4146403617999878,8x8,0.99,0.5,5,exact,fixed,perturbation_seed,support_restricted_tv_l1,exact_support_restricted_l1,,,,,,
4,2030,85,Similarity-aware,0.38129792839663557,0.9195871013168858,0.078125,0.4146403617999878,8x8,0.99,0.5,5,exact,fixed,perturbation_seed,support_restricted_tv_l1,exact_support_restricted_l1,,,,,,
4,2030,90,Similarity-aware,0.40290170816018483,0.9716895538368612,0.0625,0.4146403617999878,8x8,0.99,0.5,5,exact,fixed,perturbation_seed,support_restricted_tv_l1,exact_support_restricted_l1,,,,,,
4,2030,95,Similarity-aware,0.40290170816018483,0.9716895538368612,0.0625,0.4146403617999878,8x8,0.99,0.5,5,exact,fixed,perturbation_seed,support_restricted_tv_l1,exact_support_restricted_l1,,,,,,
4,2030,100,Similarity-aware,0.40290170816018483,0.9716895538368612,0.0625,0.4146403617999878,8x8,0.99,0.5,5,exact,fixed,perturbation_seed,support_restricted_tv_l1,exact_support_restricted_l1,,,,,,
4,2030,105,Similarity-aware,0.40290170816018483,0.9716895538368612,0.0625,0.4146403617999878,8x8,0.99,0.5,5,exact,fixed,perturbation_seed,support_restricted_tv_l1,exact_support_restricted_l1,,,,,,
4,2030,110,Similarity-aware,0.40290170816018483,0.9716895538368612,0.0625,0.4146403617999878,8x8,0.99,0.5,5,exact,fixed,perturbation_seed,support_restricted_tv_l1,exact_support_restricted_l1,,,,,,
4,2030,115,Similarity-aware,0.40290170816018483,0.9716895538368612,0.0625,0.4146403617999878,8x8,0.99,0.5,5,exact,fixed,perturbation_seed,support_restricted_tv_l1,exact_support_restricted_l1,,,,,,
4,2030,120,Similarity-aware,0.40290170816018483,0.9716895538368612,0.0625,0.4146403617999878,8x8,0.99,0.5,5,exact,fixed,perturbation_seed,support_restricted_tv_l1,exact_support_restricted_l1,,,,,,
4,2030,125,Similarity-aware,0.40290170816018483,0.9716895538368612,0.0625,0.4146403617999878,8x8,0.99,0.5,5,exact,fixed,perturbation_seed,support_restricted_tv_l1,exact_support_restricted_l1,,,,,,
4,2030,130,Similarity-aware,0.3959621102983206,0.9549531275233715,0.078125,0.4146403617999878,8x8,0.99,0.5,5,exact,fixed,perturbation_seed,support_restricted_tv_l1,exact_support_restricted_l1,,,,,,
4,2030,135,Similarity-aware,0.3959621102983206,0.9549531275233715,0.078125,0.4146403617999878,8x8,0.99,0.5,5,exact,fixed,perturbation_seed,support_restricted_tv_l1,exact_support_restricted_l1,,,,,,
4,2030,140,Similarity-aware,0.3959621102983206,0.9549531275233715,0.078125,0.4146403617999878,8x8,0.99,0.5,5,exact,fixed,perturbation_seed,support_restricted_tv_l1,exact_support_restricted_l1,,,,,,
4,2030,145,Similarity-aware,0.3959621102983206,0.9549531275233715,0.078125,0.4146403617999878,8x8,0.99,0.5,5,exact,fixed,perturbation_seed,support_restricted_tv_l1,exact_support_restricted_l1,,,,,,
4,2030,150,Similarity-aware,0.3959621102983206,0.9549531275233715,0.078125,0.4146403617999878,8x8,0.99,0.5,5,exact,fixed,perturbation_seed,support_restricted_tv_l1,exact_support_restricted_l1,,,,,,
4,2030,155,Similarity-aware,0.3959621102983206,0.9549531275233715,0.078125,0.4146403617999878,8x8,0.99,0.5,5,exact,fixed,perturbation_seed,support_restricted_tv_l1,exact_support_restricted_l1,,,,,,
4,2030,160,Similarity-aware,0.3959621102983206,0.9549531275233715,0.078125,0.4146403617999878,8x8,0.99,0.5,5,exact,fixed,perturbation_seed,support_restricted_tv_l1,exact_support_restricted_l1,,,,,,
4,2030,165,Similarity-aware,0.3959621102983206,0.9549531275233715,0.078125,0.4146403617999878,8x8,0.99,0.5,5,exact,fixed,perturbation_seed,support_restricted_tv_l1,exact_support_restricted_l1,,,,,,
4,2030,170,Similarity-aware,0.3959621102983206,0.9549531275233715,0.078125,0.4146403617999878,8x8,0.99,0.5,5,exact,fixed,perturbation_seed,support_restricted_tv_l1,exact_support_restricted_l1,,,,,,
4,2030,175,Similarity-aware,0.3959621102983206,0.9549531275233715,0.078125,0.4146403617999878,8x8,0.99,0.5,5,exact,fixed,perturbation_seed,support_restricted_tv_l1,exact_support_restricted_l1,,,,,,
4,2030,180,Similarity-aware,0.3959621102983206,0.9549531275233715,0.078125,0.4146403617999878,8x8,0.99,0.5,5,exact,fixed,perturbation_seed,support_restricted_tv_l1,exact_support_restricted_l1,,,,,,
4,2030,185,Similarity-aware,0.3959621102983206,0.9549531275233715,0.078125,0.4146403617999878,8x8,0.99,0.5,5,exact,fixed,perturbation_seed,support_restricted_tv_l1,exact_support_restricted_l1,,,,,,
4,2030,190,Similarity-aware,0.3959621102983206,0.9549531275233715,0.078125,0.4146403617999878,8x8,0.99,0.5,5,exact,fixed,perturbation_seed,support_restricted_tv_l1,exact_support_restricted_l1,,,,,,
4,2030,195,Similarity-aware,0.3959621102983206,0.9549531275233715,0.078125,0.4146403617999878,8x8,0.99,0.5,5,exact,fixed,perturbation_seed,support_restricted_tv_l1,exact_support_restricted_l1,,,,,,
4,2030,200,Similarity-aware,0.3959621102983206,0.9549531275233715,0.078125,0.4146403617999878,8x8,0.99,0.5,5,exact,fixed,perturbation_seed,support_restricted_tv_l1,exact_support_restricted_l1,,,,,,
4,2030,205,Similarity-aware,0.3959621102983206,0.9549531275233715,0.078125,0.4146403617999878,8x8,0.99,0.5,5,exact,fixed,perturbation_seed,support_restricted_tv_l1,exact_support_restricted_l1,,,,,,
4,2030,210,Similarity-aware,0.3959621102983206,0.9549531275233715,0.078125,0.4146403617999878,8x8,0.99,0.5,5,exact,fixed,perturbation_seed,support_restricted_tv_l1,exact_support_restricted_l1,,,,,,
4,2030,215,Similarity-aware,0.3959621102983206,0.9549531275233715,0.078125,0.4146403617999878,8x8,0.99,0.5,5,exact,fixed,perturbation_seed,support_restricted_tv_l1,exact_support_restricted_l1,,,,,,
4,2030,220,Similarity-aware,0.3959621102983206,0.9549531275233715,0.078125,0.4146403617999878,8x8,0.99,0.5,5,exact,fixed,perturbation_seed,support_restricted_tv_l1,exact_support_restricted_l1,,,,,,
4,2030,225,Similarity-aware,0.3959621102983206,0.9549531275233715,0.078125,0.4146403617999878,8x8,0.99,0.5,5,exact,fixed,perturbation_seed,support_restricted_tv_l1,exact_support_restricted_l1,,,,,,
4,2030,230,Similarity-aware,0.39588125610880714,0.954758129165849,0.09375,0.4146403617999878,8x8,0.99,0.5,5,exact,fixed,perturbation_seed,support_restricted_tv_l1,exact_support_restricted_l1,,,,,,
4,2030,235,Similarity-aware,0.39588125610880714,0.954758129165849,0.09375,0.4146403617999878,8x8,0.99,0.5,5,exact,fixed,perturbation_seed,support_restricted_tv_l1,exact_support_restricted_l1,,,,,,
4,2030,240,Similarity-aware,0.39588125610880714,0.954758129165849,0.09375,0.4146403617999878,8x8,0.99,0.5,5,exact,fixed,perturbation_seed,support_restricted_tv_l1,exact_support_restricted_l1,,,,,,
4,2030,245,Similarity-aware,0.39588125610880714,0.954758129165849,0.09375,0.4146403617999878,8x8,0.99,0.5,5,exact,fixed,perturbation_seed,support_restricted_tv_l1,exact_support_restricted_l1,,,,,,
4,2030,250,Similarity-aware,0.39611399047434376,0.9553194212806019,0.078125,0.4146403617999878,8x8,0.99,0.5,5,exact,fixed,perturbation_seed,support_restricted_tv_l1,exact_support_restricted_l1,,,,,,
4,2030,255,Similarity-aware,0.39611399047434376,0.9553194212806019,0.078125,0.4146403617999878,8x8,0.99,0.5,5,exact,fixed,perturbation_seed,support_restricted_tv_l1,exact_support_restricted_l1,,,,,,
4,2030,260,Similarity-aware,0.39611399047434376,0.9553194212806019,0.078125,0.4146403617999878,8x8,0.99,0.5,5,exact,fixed,perturbation_seed,support_restricted_tv_l1,exact_support_restricted_l1,,,,,,
4,2030,265,Similarity-aware,0.39611399047434376,0.9553194212806019,0.078125,0.4146403617999878,8x8,0.99,0.5,5,exact,fixed,perturbation_seed,support_restricted_tv_l1,exact_support_restricted_l1,,,,,,
4,2030,270,Similarity-aware,0.39611399047434376,0.9553194212806019,0.078125,0.4146403617999878,8x8,0.99,0.5,5,exact,fixed,perturbation_seed,support_restricted_tv_l1,exact_support_restricted_l1,,,,,,
4,2030,275,Similarity-aware,0.39611399047434376,0.9553194212806019,0.078125,0.4146403617999878,8x8,0.99,0.5,5,exact,fixed,perturbation_seed,support_restricted_tv_l1,exact_support_restricted_l1,,,,,,
4,2030,280,Similarity-aware,0.39611399047434376,0.9553194212806019,0.078125,0.4146403617999878,8x8,0.99,0.5,5,exact,fixed,perturbation_seed,support_restricted_tv_l1,exact_support_restricted_l1,,,,,,
4,2030,285,Similarity-aware,0.39611399047434376,0.9553194212806019,0.078125,0.4146403617999878,8x8,0.99,0.5,5,exact,fixed,perturbation_seed,support_restricted_tv_l1,exact_support_restricted_l1,,,,,,
4,2030,290,Similarity-aware,0.39611399047434376,0.9553194212806019,0.078125,0.4146403617999878,8x8,0.99,0.5,5,exact,fixed,perturbation_seed,support_restricted_tv_l1,exact_support_restricted_l1,,,,,,
4,2030,295,Similarity-aware,0.39611399047434376,0.9553194212806019,0.078125,0.4146403617999878,8x8,0.99,0.5,5,exact,fixed,perturbation_seed,support_restricted_tv_l1,exact_support_restricted_l1,,,,,,
4,2030,300,Similarity-aware,0.39611399047434376,0.9553194212806019,0.078125,0.4146403617999878,8x8,0.99,0.5,5,exact,fixed,perturbation_seed,support_restricted_tv_l1,exact_support_restricted_l1,,,,,,
4,2030,305,Similarity-aware,0.39611399047434376,0.9553194212806019,0.078125,0.4146403617999878,8x8,0.99,0.5,5,exact,fixed,perturbation_seed,support_restricted_tv_l1,exact_support_restricted_l1,,,,,,
4,2030,310,Similarity-aware,0.39611399047434376,0.9553194212806019,0.09375,0.4146403617999878,8x8,0.99,0.5,5,exact,fixed,perturbation_seed,support_restricted_tv_l1,exact_support_restricted_l1,,,,,,
4,2030,315,Similarity-aware,0.39611399047434376,0.9553194212806019,0.09375,0.4146403617999878,8x8,0.99,0.5,5,exact,fixed,perturbation_seed,support_restricted_tv_l1,exact_support_restricted_l1,,,,,,
4,2030,320,Similarity-aware,0.39611399047434376,0.9553194212806019,0.09375,0.4146403617999878,8x8,0.99,0.5,5,exact,fixed,perturbation_seed,support_restricted_tv_l1,exact_support_restricted_l1,,,,,,
4,2030,325,Similarity-aware,0.39611399047434376,0.9553194212806019,0.09375,0.4146403617999878,8x8,0.99,0.5,5,exact,fixed,perturbation_seed,support_restricted_tv_l1,exact_support_restricted_l1,,,,,,
4,2030,330,Similarity-aware,0.39611399047434376,0.9553194212806019,0.09375,0.4146403617999878,8x8,0.99,0.5,5,exact,fixed,perturbation_seed,support_restricted_tv_l1,exact_support_restricted_l1,,,,,,
4,2030,335,Similarity-aware,0.39611399047434376,0.9553194212806019,0.09375,0.4146403617999878,8x8,0.99,0.5,5,exact,fixed,perturbation_seed,support_restricted_tv_l1,exact_support_restricted_l1,,,,,,
4,2030,340,Similarity-aware,0.39611399047434376,0.9553194212806019,0.109375,0.4146403617999878,8x8,0.99,0.5,5,exact,fixed,perturbation_seed,support_restricted_tv_l1,exact_support_restricted_l1,,,,,,
4,2030,345,Similarity-aware,0.39611399047434376,0.9553194212806019,0.109375,0.4146403617999878,8x8,0.99,0.5,5,exact,fixed,perturbation_seed,support_restricted_tv_l1,exact_support_restricted_l1,,,,,,
4,2030,350,Similarity-aware,0.40716565902661594,0.9819730458922918,0.09375,0.4146403617999878,8x8,0.99,0.5,5,exact,fixed,perturbation_seed,support_restricted_tv_l1,exact_support_restricted_l1,,,,,,
4,2030,355,Similarity-aware,0.40716565902661594,0.9819730458922918,0.09375,0.4146403617999878,8x8,0.99,0.5,5,exact,fixed,perturbation_seed,support_restricted_tv_l1,exact_support_restricted_l1,,,,,,
4,2030,360,Similarity-aware,0.40716565902661594,0.9819730458922918,0.09375,0.4146403617999878,8x8,0.99,0.5,5,exact,fixed,perturbation_seed,support_restricted_tv_l1,exact_support_restricted_l1,,,,,,
4,2030,365,Similarity-aware,0.40716565902661594,0.9819730458922918,0.09375,0.4146403617999878,8x8,0.99,0.5,5,exact,fixed,perturbation_seed,support_restricted_tv_l1,exact_support_restricted_l1,,,,,,
4,2030,370,Similarity-aware,0.40716565902661594,0.9819730458922918,0.09375,0.4146403617999878,8x8,0.99,0.5,5,exact,fixed,perturbation_seed,support_restricted_tv_l1,exact_support_restricted_l1,,,,,,
4,2030,375,Similarity-aware,0.40716565902661594,0.9819730458922918,0.09375,0.4146403617999878,8x8,0.99,0.5,5,exact,fixed,perturbation_seed,support_restricted_tv_l1,exact_support_restricted_l1,,,,,,
4,2030,380,Similarity-aware,0.40716565902661594,0.9819730458922918,0.09375,0.4146403617999878,8x8,0.99,0.5,5,exact,fixed,perturbation_seed,support_restricted_tv_l1,exact_support_restricted_l1,,,,,,
4,2030,385,Similarity-aware,0.40716565902661594,0.9819730458922918,0.09375,0.4146403617999878,8x8,0.99,0.5,5,exact,fixed,perturbation_seed,support_restricted_tv_l1,exact_support_restricted_l1,,,,,,
4,2030,390,Similarity-aware,0.40716565902661594,0.9819730458922918,0.09375,0.4146403617999878,8x8,0.99,0.5,5,exact,fixed,perturbation_seed,support_restricted_tv_l1,exact_support_restricted_l1,,,,,,
4,2030,395,Similarity-aware,0.40716565902661594,0.9819730458922918,0.09375,0.4146403617999878,8x8,0.99,0.5,5,exact,fixed,perturbation_seed,support_restricted_tv_l1,exact_support_restricted_l1,,,,,,
4,2030,400,Similarity-aware,0.40716565902661594,0.9819730458922918,0.09375,0.4146403617999878,8x8,0.99,0.5,5,exact,fixed,perturbation_seed,support_restricted_tv_l1,exact_support_restricted_l1,,,,,,
4,2030,405,Similarity-aware,0.40716565902661594,0.9819730458922918,0.09375,0.4146403617999878,8x8,0.99,0.5,5,exact,fixed,perturbation_seed,support_restricted_tv_l1,exact_support_restricted_l1,,,,,,
4,2030,410,Similarity-aware,0.40716565902661594,0.9819730458922918,0.09375,0.4146403617999878,8x8,0.99,0.5,5,exact,fixed,perturbation_seed,support_restricted_tv_l1,exact_support_restricted_l1,,,,,,
4,2030,415,Similarity-aware,0.40716565902661594,0.9819730458922918,0.09375,0.4146403617999878,8x8,0.99,0.5,5,exact,fixed,perturbation_seed,support_restricted_tv_l1,exact_support_restricted_l1,,,,,,
4,2030,420,Similarity-aware,0.40716565902661594,0.9819730458922918,0.09375,0.4146403617999878,8x8,0.99,0.5,5,exact,fixed,perturbation_seed,support_restricted_tv_l1,exact_support_restricted_l1,,,,,,
4,2030,425,Similarity-aware,0.40716565902661594,0.9819730458922918,0.09375,0.4146403617999878,8x8,0.99,0.5,5,exact,fixed,perturbation_seed,support_restricted_tv_l1,exact_support_restricted_l1,,,,,,
4,2030,430,Similarity-aware,0.40716565902661594,0.9819730458922918,0.09375,0.4146403617999878,8x8,0.99,0.5,5,exact,fixed,perturbation_seed,support_restricted_tv_l1,exact_support_restricted_l1,,,,,,
4,2030,435,Similarity-aware,0.40716565902661594,0.9819730458922918,0.09375,0.4146403617999878,8x8,0.99,0.5,5,exact,fixed,perturbation_seed,support_restricted_tv_l1,exact_support_restricted_l1,,,,,,
4,2030,440,Similarity-aware,0.40716565902661594,0.9819730458922918,0.09375,0.4146403617999878,8x8,0.99,0.5,5,exact,fixed,perturbation_seed,support_restricted_tv_l1,exact_support_restricted_l1,,,,,,
4,2030,445,Similarity-aware,0.40716565902661594,0.9819730458922918,0.09375,0.4146403617999878,8x8,0.99,0.5,5,exact,fixed,perturbation_seed,support_restricted_tv_l1,exact_support_restricted_l1,,,,,,
4,2030,450,Similarity-aware,0.40716565902661594,0.9819730458922918,0.09375,0.4146403617999878,8x8,0.99,0.5,5,exact,fixed,perturbation_seed,support_restricted_tv_l1,exact_support_restricted_l1,,,,,,
4,2030,455,Similarity-aware,0.40716565902661594,0.9819730458922918,0.09375,0.4146403617999878,8x8,0.99,0.5,5,exact,fixed,perturbation_seed,support_restricted_tv_l1,exact_support_restricted_l1,,,,,,
4,2030,460,Similarity-aware,0.40716565902661594,0.9819730458922918,0.09375,0.4146403617999878,8x8,0.99,0.5,5,exact,fixed,perturbation_seed,support_restricted_tv_l1,exact_support_restricted_l1,,,,,,
4,2030,465,Similarity-aware,0.40716565902661594,0.9819730458922918,0.09375,0.4146403617999878,8x8,0.99,0.5,5,exact,fixed,perturbation_seed,support_restricted_tv_l1,exact_support_restricted_l1,,,,,,
4,2030,470,Similarity-aware,0.40716565902661594,0.9819730458922918,0.09375,0.4146403617999878,8x8,0.99,0.5,5,exact,fixed,perturbation_seed,support_restricted_tv_l1,exact_support_restricted_l1,,,,,,
4,2030,475,Similarity-aware,0.40716565902661594,0.9819730458922918,0.09375,0.4146403617999878,8x8,0.99,0.5,5,exact,fixed,perturbation_seed,support_restricted_tv_l1,exact_support_restricted_l1,,,,,,
4,2030,480,Similarity-aware,0.40716565902661594,0.9819730458922918,0.09375,0.4146403617999878,8x8,0.99,0.5,5,exact,fixed,perturbation_seed,support_restricted_tv_l1,exact_support_restricted_l1,,,,,,
4,2030,485,Similarity-aware,0.40716565902661594,0.9819730458922918,0.09375,0.4146403617999878,8x8,0.99,0.5,5,exact,fixed,perturbation_seed,support_restricted_tv_l1,exact_support_restricted_l1,,,,,,
4,2030,490,Similarity-aware,0.40716565902661594,0.9819730458922918,0.09375,0.4146403617999878,8x8,0.99,0.5,5,exact,fixed,perturbation_seed,support_restricted_tv_l1,exact_support_restricted_l1,,,,,,
4,2030,495,Similarity-aware,0.40716565902661594,0.9819730458922918,0.09375,0.4146403617999878,8x8,0.99,0.5,5,exact,fixed,perturbation_seed,support_restricted_tv_l1,exact_support_restricted_l1,,,,,,
4,2030,500,Similarity-aware,0.40716565902661594,0.9819730458922918,0.09375,0.4146403617999878,8x8,0.99,0.5,5,exact,fixed,perturbation_seed,support_restricted_tv_l1,exact_support_restricted_l1,,,,,,
4,2030,0,Uniform,0.0,0.0,0.65625,0.4146403617999878,8x8,0.99,0.5,5,exact,fixed,perturbation_seed,support_restricted_tv_l1,exact_support_restricted_l1,,,,,,
4,2030,5,Uniform,0.0,0.0,0.546875,0.4146403617999878,8x8,0.99,0.5,5,exact,fixed,perturbation_seed,support_restricted_tv_l1,exact_support_restricted_l1,,,,,,
4,2030,10,Uniform,-1.3383702879352682e-18,-3.227785838612751e-18,0.546875,0.4146403617999878,8x8,0.99,0.5,5,exact,fixed,perturbation_seed,support_restricted_tv_l1,exact_support_restricted_l1,,,,,,
4,2030,15,Uniform,0.018509168383898485,0.04463908989358553,0.515625,0.4146403617999878,8x8,0.99,0.5,5,exact,fixed,perturbation_seed,support_restricted_tv_l1,exact_support_restricted_l1,,,,,,
4,2030,20,Uniform,0.03825111671821248,0.09225131039381029,0.453125,0.4146403617999878,8x8,0.99,0.5,5,exact,fixed,perturbation_seed,support_restricted_tv_l1,exact_support_restricted_l1,,,,,,
4,2030,25,Uniform,0.0744925913939033,0.1796559096912921,0.390625,0.4146403617999878,8x8,0.99,0.5,5,exact,fixed,perturbation_seed,support_restricted_tv_l1,exact_support_restricted_l1,,,,,,
4,2030,30,Uniform,0.14545189476308581,0.3507904877655113,0.296875,0.4146403617999878,8x8,0.99,0.5,5,exact,fixed,perturbation_seed,support_restricted_tv_l1,exact_support_restricted_l1,,,,,,
4,2030,35,Uniform,0.24218307412581586,0.5840798350514631,0.265625,0.4146403617999878,8x8,0.99,0.5,5,exact,fixed,perturbation_seed,support_restricted_tv_l1,exact_support_restricted_l1,,,,,,
4,2030,40,Uniform,0.26684568059776653,0.6435593472843973,0.234375,0.4146403617999878,8x8,0.99,0.5,5,exact,fixed,perturbation_seed,support_restricted_tv_l1,exact_support_restricted_l1,,,,,,
4,2030,45,Uniform,0.26695198579769347,0.6438157265704502,0.21875,0.4146403617999878,8x8,0.99,0.5,5,exact,fixed,perturbation_seed,support_restricted_tv_l1,exact_support_restricted_l1,,,,,,
4,2030,50,Uniform,0.26695198579769347,0.6438157265704502,0.21875,0.4146403617999878,8x8,0.99,0.5,5,exact,fixed,perturbation_seed,support_restricted_tv_l1,exact_support_restricted_l1,,,,,,
4,2030,55,Uniform,0.2776117372198347,0.6695241534487848,0.203125,0.4146403617999878,8x8,0.99,0.5,5,exact,fixed,perturbation_seed,support_restricted_tv_l1,exact_support_restricted_l1,,,,,,
4,2030,60,Uniform,0.2776117372198351,0.6695241534487858,0.203125,0.4146403617999878,8x8,0.99,0.5,5,exact,fixed,perturbation_seed,support_restricted_tv_l1,exact_support_restricted_l1,,,,,,
4,2030,65,Uniform,0.2776117372198351,0.6695241534487858,0.203125,0.4146403617999878,8x8,0.99,0.5,5,exact,fixed,perturbation_seed,support_restricted_tv_l1,exact_support_restricted_l1,,,,,,
4,2030,70,Uniform,0.2930528279998743,0.7067638729806909,0.1875,0.4146403617999878,8x8,0.99,0.5,5,exact,fixed,perturbation_seed,support_restricted_tv_l1,exact_support_restricted_l1,,,,,,
4,2030,75,Uniform,0.3089255526459638,0.7450445762320209,0.171875,0.4146403617999878,8x8,0.99,0.5,5,exact,fixed,perturbation_seed,support_restricted_tv_l1,exact_support_restricted_l1,,,,,,
4,2030,80,Uniform,0.3092964480838123,0.7459390753498552,0.15625,0.4146403617999878,8x8,0.99,0.5,5,exact,fixed,perturbation_seed,support_restricted_tv_l1,exact_support_restricted_l1,,,,,,
4,2030,85,Uniform,0.30929644808381224,0.7459390753498549,0.140625,0.4146403617999878,8x8,0.99,0.5,5,exact,fixed,perturbation_seed,support_restricted_tv_l1,exact_support_restricted_l1,,,,,,
4,2030,90,Uniform,0.30929644808381224,0.7459390753498549,0.140625,0.4146403617999878,8x8,0.99,0.5,5,exact,fixed,perturbation_seed,support_restricted_tv_l1,exact_support_restricted_l1,,,,,,
4,2030,95,Uniform,0.30929644808381224,0.7459390753498549,0.140625,0.4146403617999878,8x8,0.99,0.5,5,exact,fixed,perturbation_seed,support_restricted_tv_l1,exact_support_restricted_l1,,,,,,
4,2030,100,Uniform,0.30929644808381224,0.7459390753498549,0.140625,0.4146403617999878,8x8,0.99,0.5,5,exact,fixed,perturbation_seed,support_restricted_tv_l1,exact_support_restricted_l1,,,,,,
4,2030,105,Uniform,0.30929644808381224,0.7459390753498549,0.140625,0.4146403617999878,8x8,0.99,0.5,5,exact,fixed,perturbation_seed,support_restricted_tv_l1,exact_support_restricted_l1,,,,,,
4,2030,110,Uniform,0.30929644808381224,0.7459390753498549,0.140625,0.4146403617999878,8x8,0.99,0.5,5,exact,fixed,perturbation_seed,support_restricted_tv_l1,exact_support_restricted_l1,,,,,,
4,2030,115,Uniform,0.30929644808381224,0.7459390753498549,0.140625,0.4146403617999878,8x8,0.99,0.5,5,exact,fixed,perturbation_seed,support_restricted_tv_l1,exact_support_restricted_l1,,,,,,
4,2030,120,Uniform,0.30929644808381224,0.7459390753498549,0.140625,0.4146403617999878,8x8,0.99,0.5,5,exact,fixed,perturbation_seed,support_restricted_tv_l1,exact_support_restricted_l1,,,,,,
4,2030,125,Uniform,0.30929644808381224,0.7459390753498549,0.140625,0.4146403617999878,8x8,0.99,0.5,5,exact,fixed,perturbation_seed,support_restricted_tv_l1,exact_support_restricted_l1,,,,,,
4,2030,130,Uniform,0.38129792839663595,0.9195871013168867,0.109375,0.4146403617999878,8x8,0.99,0.5,5,exact,fixed,perturbation_seed,support_restricted_tv_l1,exact_support_restricted_l1,,,,,,
4,2030,135,Uniform,0.38129792839663595,0.9195871013168867,0.109375,0.4146403617999878,8x8,0.99,0.5,5,exact,fixed,perturbation_seed,support_restricted_tv_l1,exact_support_restricted_l1,,,,,,
4,2030,140,Uniform,0.38129792839663595,0.9195871013168867,0.109375,0.4146403617999878,8x8,0.99,0.5,5,exact,fixed,perturbation_seed,support_restricted_tv_l1,exact_support_restricted_l1,,,,,,
4,2030,145,Uniform,0.38129792839663595,0.9195871013168867,0.109375,0.4146403617999878,8x8,0.99,0.5,5,exact,fixed,perturbation_seed,support_restricted_tv_l1,exact_support_restricted_l1,,,,,,
4,2030,150,Uniform,0.38129792839663595,0.9195871013168867,0.109375,0.4146403617999878,8x8,0.99,0.5,5,exact,fixed,perturbation_seed,support_restricted_tv_l1,exact_support_restricted_l1,,,,,,
4,2030,155,Uniform,0.38129792839663595,0.9195871013168867,0.109375,0.4146403617999878,8x8,0.99,0.5,5,exact,fixed,perturbation_seed,support_restricted_tv_l1,exact_support_restricted_l1,,,,,,
4,2030,160,Uniform,0.38129792839663595,0.9195871013168867,0.109375,0.4146403617999878,8x8,0.99,0.5,5,exact,fixed,perturbation_seed,support_restricted_tv_l1,exact_support_restricted_l1,,,,,,
4,2030,165,Uniform,0.38129792839663595,0.9195871013168867,0.109375,0.4146403617999878,8x8,0.99,0.5,5,exact,fixed,perturbation_seed,support_restricted_tv_l1,exact_support_restricted_l1,,,,,,
4,2030,170,Uniform,0.38129792839663595,0.9195871013168867,0.109375,0.4146403617999878,8x8,0.99,0.5,5,exact,fixed,perturbation_seed,support_restricted_tv_l1,exact_support_restricted_l1,,,,,,
4,2030,175,Uniform,0.3812979283966356,0.9195871013168859,0.09375,0.4146403617999878,8x8,0.99,0.5,5,exact,fixed,perturbation_seed,support_restricted_tv_l1,exact_support_restricted_l1,,,,,,
4,2030,180,Uniform,0.3812979283966356,0.9195871013168859,0.09375,0.4146403617999878,8x8,0.99,0.5,5,exact,fixed,perturbation_seed,support_restricted_tv_l1,exact_support_restricted_l1,,,,,,
4,2030,185,Uniform,0.3812979283966356,0.9195871013168859,0.09375,0.4146403617999878,8x8,0.99,0.5,5,exact,fixed,perturbation_seed,support_restricted_tv_l1,exact_support_restricted_l1,,,,,,
4,2030,190,Uniform,0.3812979283966356,0.9195871013168859,0.09375,0.4146403617999878,8x8,0.99,0.5,5,exact,fixed,perturbation_seed,support_restricted_tv_l1,exact_support_restricted_l1,,,,,,
4,2030,195,Uniform,0.3812979283966356,0.9195871013168859,0.09375,0.4146403617999878,8x8,0.99,0.5,5,exact,fixed,perturbation_seed,support_restricted_tv_l1,exact_support_restricted_l1,,,,,,
4,2030,200,Uniform,0.3812979283966356,0.9195871013168859,0.09375,0.4146403617999878,8x8,0.99,0.5,5,exact,fixed,perturbation_seed,support_restricted_tv_l1,exact_support_restricted_l1,,,,,,
4,2030,205,Uniform,0.3812979283966356,0.9195871013168859,0.09375,0.4146403617999878,8x8,0.99,0.5,5,exact,fixed,perturbation_seed,support_restricted_tv_l1,exact_support_restricted_l1,,,,,,
4,2030,210,Uniform,0.3812979283966356,0.9195871013168859,0.09375,0.4146403617999878,8x8,0.99,0.5,5,exact,fixed,perturbation_seed,support_restricted_tv_l1,exact_support_restricted_l1,,,,,,
4,2030,215,Uniform,0.3812979283966356,0.9195871013168859,0.09375,0.4146403617999878,8x8,0.99,0.5,5,exact,fixed,perturbation_seed,support_restricted_tv_l1,exact_support_restricted_l1,,,,,,
4,2030,220,Uniform,0.3812979283966356,0.9195871013168859,0.09375,0.4146403617999878,8x8,0.99,0.5,5,exact,fixed,perturbation_seed,support_restricted_tv_l1,exact_support_restricted_l1,,,,,,
4,2030,225,Uniform,0.3812979283966356,0.9195871013168859,0.09375,0.4146403617999878,8x8,0.99,0.5,5,exact,fixed,perturbation_seed,support_restricted_tv_l1,exact_support_restricted_l1,,,,,,
4,2030,230,Uniform,0.3812979283966356,0.9195871013168859,0.09375,0.4146403617999878,8x8,0.99,0.5,5,exact,fixed,perturbation_seed,support_restricted_tv_l1,exact_support_restricted_l1,,,,,,
4,2030,235,Uniform,0.3812979283966356,0.9195871013168859,0.09375,0.4146403617999878,8x8,0.99,0.5,5,exact,fixed,perturbation_seed,support_restricted_tv_l1,exact_support_restricted_l1,,,,,,
4,2030,240,Uniform,0.38129792839663573,0.9195871013168861,0.109375,0.4146403617999878,8x8,0.99,0.5,5,exact,fixed,perturbation_seed,support_restricted_tv_l1,exact_support_restricted_l1,,,,,,
4,2030,245,Uniform,0.38129792839663573,0.9195871013168861,0.109375,0.4146403617999878,8x8,0.99,0.5,5,exact,fixed,perturbation_seed,support_restricted_tv_l1,exact_support_restricted_l1,,,,,,
4,2030,250,Uniform,0.37419432831056454,0.9024551461564336,0.125,0.4146403617999878,8x8,0.99,0.5,5,exact,fixed,perturbation_seed,support_restricted_tv_l1,exact_support_restricted_l1,,,,,,
4,2030,255,Uniform,0.37419432831056454,0.9024551461564336,0.125,0.4146403617999878,8x8,0.99,0.5,5,exact,fixed,perturbation_seed,support_restricted_tv_l1,exact_support_restricted_l1,,,,,,
4,2030,260,Uniform,0.37419432831056454,0.9024551461564336,0.125,0.4146403617999878,8x8,0.99,0.5,5,exact,fixed,perturbation_seed,support_restricted_tv_l1,exact_support_restricted_l1,,,,,,
4,2030,265,Uniform,0.37419432831056454,0.9024551461564336,0.125,0.4146403617999878,8x8,0.99,0.5,5,exact,fixed,perturbation_seed,support_restricted_tv_l1,exact_support_restricted_l1,,,,,,
4,2030,270,Uniform,0.37419432831056454,0.9024551461564336,0.125,0.4146403617999878,8x8,0.99,0.5,5,exact,fixed,perturbation_seed,support_restricted_tv_l1,exact_support_restricted_l1,,,,,,
4,2030,275,Uniform,0.37406986982178636,0.9021549860653179,0.140625,0.4146403617999878,8x8,0.99,0.5,5,exact,fixed,perturbation_seed,support_restricted_tv_l1,exact_support_restricted_l1,,,,,,
4,2030,280,Uniform,0.37406986982178636,0.9021549860653179,0.140625,0.4146403617999878,8x8,0.99,0.5,5,exact,fixed,perturbation_seed,support_restricted_tv_l1,exact_support_restricted_l1,,,,,,
4,2030,285,Uniform,0.37406986982178636,0.9021549860653179,0.140625,0.4146403617999878,8x8,0.99,0.5,5,exact,fixed,perturbation_seed,support_restricted_tv_l1,exact_support_restricted_l1,,,,,,
4,2030,290,Uniform,0.37406986982178636,0.9021549860653179,0.140625,0.4146403617999878,8x8,0.99,0.5,5,exact,fixed,perturbation_seed,support_restricted_tv_l1,exact_support_restricted_l1,,,,,,
4,2030,295,Uniform,0.37406986982178636,0.9021549860653179,0.140625,0.4146403617999878,8x8,0.99,0.5,5,exact,fixed,perturbation_seed,support_restricted_tv_l1,exact_support_restricted_l1,,,,,,
4,2030,300,Uniform,0.37406986982178636,0.9021549860653179,0.140625,0.4146403617999878,8x8,0.99,0.5,5,exact,fixed,perturbation_seed,support_restricted_tv_l1,exact_support_restricted_l1,,,,,,
4,2030,305,Uniform,0.37406986982178636,0.9021549860653179,0.140625,0.4146403617999878,8x8,0.99,0.5,5,exact,fixed,perturbation_seed,support_restricted_tv_l1,exact_support_restricted_l1,,,,,,
4,2030,310,Uniform,0.37406986982178636,0.9021549860653179,0.140625,0.4146403617999878,8x8,0.99,0.5,5,exact,fixed,perturbation_seed,support_restricted_tv_l1,exact_support_restricted_l1,,,,,,
4,2030,315,Uniform,0.37406986982178636,0.9021549860653179,0.140625,0.4146403617999878,8x8,0.99,0.5,5,exact,fixed,perturbation_seed,support_restricted_tv_l1,exact_support_restricted_l1,,,,,,
4,2030,320,Uniform,0.37406986982178636,0.9021549860653179,0.140625,0.4146403617999878,8x8,0.99,0.5,5,exact,fixed,perturbation_seed,support_restricted_tv_l1,exact_support_restricted_l1,,,,,,
4,2030,325,Uniform,0.37406986982178636,0.9021549860653179,0.140625,0.4146403617999878,8x8,0.99,0.5,5,exact,fixed,perturbation_seed,support_restricted_tv_l1,exact_support_restricted_l1,,,,,,
4,2030,330,Uniform,0.37406986982178636,0.9021549860653179,0.140625,0.4146403617999878,8x8,0.99,0.5,5,exact,fixed,perturbation_seed,support_restricted_tv_l1,exact_support_restricted_l1,,,,,,
4,2030,335,Uniform,0.3703099246054702,0.8930870188274109,0.15625,0.4146403617999878,8x8,0.99,0.5,5,exact,fixed,perturbation_seed,support_restricted_tv_l1,exact_support_restricted_l1,,,,,,
4,2030,340,Uniform,0.3703099246054702,0.8930870188274109,0.15625,0.4146403617999878,8x8,0.99,0.5,5,exact,fixed,perturbation_seed,support_restricted_tv_l1,exact_support_restricted_l1,,,,,,
4,2030,345,Uniform,0.3703099246054702,0.8930870188274109,0.15625,0.4146403617999878,8x8,0.99,0.5,5,exact,fixed,perturbation_seed,support_restricted_tv_l1,exact_support_restricted_l1,,,,,,
4,2030,350,Uniform,0.3703099246054702,0.8930870188274109,0.15625,0.4146403617999878,8x8,0.99,0.5,5,exact,fixed,perturbation_seed,support_restricted_tv_l1,exact_support_restricted_l1,,,,,,
4,2030,355,Uniform,0.3703099246054702,0.8930870188274109,0.15625,0.4146403617999878,8x8,0.99,0.5,5,exact,fixed,perturbation_seed,support_restricted_tv_l1,exact_support_restricted_l1,,,,,,
4,2030,360,Uniform,0.3703099246054702,0.8930870188274109,0.15625,0.4146403617999878,8x8,0.99,0.5,5,exact,fixed,perturbation_seed,support_restricted_tv_l1,exact_support_restricted_l1,,,,,,
4,2030,365,Uniform,0.3703099246054702,0.8930870188274109,0.15625,0.4146403617999878,8x8,0.99,0.5,5,exact,fixed,perturbation_seed,support_restricted_tv_l1,exact_support_restricted_l1,,,,,,
4,2030,370,Uniform,0.3703099246054702,0.8930870188274109,0.15625,0.4146403617999878,8x8,0.99,0.5,5,exact,fixed,perturbation_seed,support_restricted_tv_l1,exact_support_restricted_l1,,,,,,
4,2030,375,Uniform,0.3703099246054702,0.8930870188274109,0.15625,0.4146403617999878,8x8,0.99,0.5,5,exact,fixed,perturbation_seed,support_restricted_tv_l1,exact_support_restricted_l1,,,,,,
4,2030,380,Uniform,0.3703099246054702,0.8930870188274109,0.15625,0.4146403617999878,8x8,0.99,0.5,5,exact,fixed,perturbation_seed,support_restricted_tv_l1,exact_support_restricted_l1,,,,,,
4,2030,385,Uniform,0.3703099246054702,0.8930870188274109,0.15625,0.4146403617999878,8x8,0.99,0.5,5,exact,fixed,perturbation_seed,support_restricted_tv_l1,exact_support_restricted_l1,,,,,,
4,2030,390,Uniform,0.3703099246054702,0.8930870188274109,0.15625,0.4146403617999878,8x8,0.99,0.5,5,exact,fixed,perturbation_seed,support_restricted_tv_l1,exact_support_restricted_l1,,,,,,
4,2030,395,Uniform,0.3703099246054702,0.8930870188274109,0.15625,0.4146403617999878,8x8,0.99,0.5,5,exact,fixed,perturbation_seed,support_restricted_tv_l1,exact_support_restricted_l1,,,,,,
4,2030,400,Uniform,0.3703099246054702,0.8930870188274109,0.15625,0.4146403617999878,8x8,0.99,0.5,5,exact,fixed,perturbation_seed,support_restricted_tv_l1,exact_support_restricted_l1,,,,,,
4,2030,405,Uniform,0.3703099246054702,0.8930870188274109,0.15625,0.4146403617999878,8x8,0.99,0.5,5,exact,fixed,perturbation_seed,support_restricted_tv_l1,exact_support_restricted_l1,,,,,,
4,2030,410,Uniform,0.3703099246054702,0.8930870188274109,0.15625,0.4146403617999878,8x8,0.99,0.5,5,exact,fixed,perturbation_seed,support_restricted_tv_l1,exact_support_restricted_l1,,,,,,
4,2030,415,Uniform,0.3703099246054702,0.8930870188274109,0.15625,0.4146403617999878,8x8,0.99,0.5,5,exact,fixed,perturbation_seed,support_restricted_tv_l1,exact_support_restricted_l1,,,,,,
4,2030,420,Uniform,0.3703099246054702,0.8930870188274109,0.15625,0.4146403617999878,8x8,0.99,0.5,5,exact,fixed,perturbation_seed,support_restricted_tv_l1,exact_support_restricted_l1,,,,,,
4,2030,425,Uniform,0.3703099246054702,0.8930870188274109,0.15625,0.4146403617999878,8x8,0.99,0.5,5,exact,fixed,perturbation_seed,support_restricted_tv_l1,exact_support_restricted_l1,,,,,,
4,2030,430,Uniform,0.3703099246054702,0.8930870188274109,0.15625,0.4146403617999878,8x8,0.99,0.5,5,exact,fixed,perturbation_seed,support_restricted_tv_l1,exact_support_restricted_l1,,,,,,
4,2030,435,Uniform,0.3703099246054702,0.8930870188274109,0.15625,0.4146403617999878,8x8,0.99,0.5,5,exact,fixed,perturbation_seed,support_restricted_tv_l1,exact_support_restricted_l1,,,,,,
4,2030,440,Uniform,0.3703099246054702,0.8930870188274109,0.15625,0.4146403617999878,8x8,0.99,0.5,5,exact,fixed,perturbation_seed,support_restricted_tv_l1,exact_support_restricted_l1,,,,,,
4,2030,445,Uniform,0.3703099246054702,0.8930870188274109,0.15625,0.4146403617999878,8x8,0.99,0.5,5,exact,fixed,perturbation_seed,support_restricted_tv_l1,exact_support_restricted_l1,,,,,,
4,2030,450,Uniform,0.3703099246054702,0.8930870188274109,0.15625,0.4146403617999878,8x8,0.99,0.5,5,exact,fixed,perturbation_seed,support_restricted_tv_l1,exact_support_restricted_l1,,,,,,
4,2030,455,Uniform,0.3703099246054702,0.8930870188274109,0.15625,0.4146403617999878,8x8,0.99,0.5,5,exact,fixed,perturbation_seed,support_restricted_tv_l1,exact_support_restricted_l1,,,,,,
4,2030,460,Uniform,0.3703099246054702,0.8930870188274109,0.15625,0.4146403617999878,8x8,0.99,0.5,5,exact,fixed,perturbation_seed,support_restricted_tv_l1,exact_support_restricted_l1,,,,,,
4,2030,465,Uniform,0.3703099246054702,0.8930870188274109,0.15625,0.4146403617999878,8x8,0.99,0.5,5,exact,fixed,perturbation_seed,support_restricted_tv_l1,exact_support_restricted_l1,,,,,,
4,2030,470,Uniform,0.3703099246054702,0.8930870188274109,0.15625,0.4146403617999878,8x8,0.99,0.5,5,exact,fixed,perturbation_seed,support_restricted_tv_l1,exact_support_restricted_l1,,,,,,
4,2030,475,Uniform,0.3703099246054702,0.8930870188274109,0.15625,0.4146403617999878,8x8,0.99,0.5,5,exact,fixed,perturbation_seed,support_restricted_tv_l1,exact_support_restricted_l1,,,,,,
4,2030,480,Uniform,0.3703099246054702,0.8930870188274109,0.15625,0.4146403617999878,8x8,0.99,0.5,5,exact,fixed,perturbation_seed,support_restricted_tv_l1,exact_support_restricted_l1,,,,,,
4,2030,485,Uniform,0.3703099246054702,0.8930870188274109,0.15625,0.4146403617999878,8x8,0.99,0.5,5,exact,fixed,perturbation_seed,support_restricted_tv_l1,exact_support_restricted_l1,,,,,,
4,2030,490,Uniform,0.3703099246054702,0.8930870188274109,0.15625,0.4146403617999878,8x8,0.99,0.5,5,exact,fixed,perturbation_seed,support_restricted_tv_l1,exact_support_restricted_l1,,,,,,
4,2030,495,Uniform,0.3703099246054702,0.8930870188274109,0.15625,0.4146403617999878,8x8,0.99,0.5,5,exact,fixed,perturbation_seed,support_restricted_tv_l1,exact_support_restricted_l1,,,,,,
4,2030,500,Uniform,0.3703099246054702,0.8930870188274109,0.15625,0.4146403617999878,8x8,0.99,0.5,5,exact,fixed,perturbation_seed,support_restricted_tv_l1,exact_support_restricted_l1,,,,,,
4,2030,-1,source_metadata,,,,0.4146403617999878,8x8,0.99,0.5,5,exact,fixed,perturbation_seed,support_restricted_tv_l1,exact_support_restricted_l1,0.0,0.1,0.2816553637976897,0.09599012560975263,0.25,0.5038194613371688
4,2030,-1,source_metadata,,,,0.4146403617999878,8x8,0.99,0.5,5,exact,fixed,perturbation_seed,support_restricted_tv_l1,exact_support_restricted_l1,1.0,0.2,0.5962274232982294,0.19042841001544844,0.25,0.23800267136838302
4,2030,-1,source_metadata,,,,0.4146403617999878,8x8,0.99,0.5,5,exact,fixed,perturbation_seed,support_restricted_tv_l1,exact_support_restricted_l1,2.0,0.3,0.9351158179947634,0.29356812109119956,0.25,0.15174997899731102
4,2030,-1,source_metadata,,,,0.4146403617999878,8x8,0.99,0.5,5,exact,fixed,perturbation_seed,support_restricted_tv_l1,exact_support_restricted_l1,3.0,0.35,1.3333333333333333,0.3640134383420902,0.25,0.10642788829713704
5,2031,0,Maximum-based,0.0,0.0,0.65625,0.4146403617999878,8x8,0.99,0.5,5,exact,fixed,perturbation_seed,support_restricted_tv_l1,exact_support_restricted_l1,,,,,,
5,2031,5,Maximum-based,0.0,0.0,0.59375,0.4146403617999878,8x8,0.99,0.5,5,exact,fixed,perturbation_seed,support_restricted_tv_l1,exact_support_restricted_l1,,,,,,
5,2031,10,Maximum-based,-6.107653288744486e-19,-1.4730001831540622e-18,0.5,0.4146403617999878,8x8,0.99,0.5,5,exact,fixed,perturbation_seed,support_restricted_tv_l1,exact_support_restricted_l1,,,,,,
5,2031,15,Maximum-based,0.05819638913418732,0.14035389338739726,0.453125,0.4146403617999878,8x8,0.99,0.5,5,exact,fixed,perturbation_seed,support_restricted_tv_l1,exact_support_restricted_l1,,,,,,
5,2031,20,Maximum-based,0.1796794507024509,0.43333806174210265,0.375,0.4146403617999878,8x8,0.99,0.5,5,exact,fixed,perturbation_seed,support_restricted_tv_l1,exact_support_restricted_l1,,,,,,
5,2031,25,Maximum-based,0.2536477282084135,0.6117294686588347,0.296875,0.4146403617999878,8x8,0.99,0.5,5,exact,fixed,perturbation_seed,support_restricted_tv_l1,exact_support_restricted_l1,,,,,,
5,2031,30,Maximum-based,0.3128283334757971,0.7544570241975085,0.265625,0.4146403617999878,8x8,0.99,0.5,5,exact,fixed,perturbation_seed,support_restricted_tv_l1,exact_support_restricted_l1,,,,,,
5,2031,35,Maximum-based,0.3265068874280038,0.7874459833350778,0.234375,0.4146403617999878,8x8,0.99,0.5,5,exact,fixed,perturbation_seed,support_restricted_tv_l1,exact_support_restricted_l1,,,,,,
5,2031,40,Maximum-based,0.35768329723706455,0.8626350210682144,0.1875,0.4146403617999878,8x8,0.99,0.5,5,exact,fixed,perturbation_seed,support_restricted_tv_l1,exact_support_restricted_l1,,,,,,
5,2031,45,Maximum-based,0.35802478245853736,0.8634585907274498,0.171875,0.4146403617999878,8x8,0.99,0.5,5,exact,fixed,perturbation_seed,support_restricted_tv_l1,exact_support_restricted_l1,,,,,,
5,2031,50,Maximum-based,0.37734226005582316,0.9100471030310447,0.15625,0.4146403617999878,8x8,0.99,0.5,5,exact,fixed,perturbation_seed,support_restricted_tv_l1,exact_support_restricted_l1,,,,,,
5,2031,55,Maximum-based,0.37734226005582316,0.9100471030310447,0.15625,0.4146403617999878,8x8,0.99,0.5,5,exact,fixed,perturbation_seed,support_restricted_tv_l1,exact_support_restricted_l1,,,,,,
5,2031,60,Maximum-based,0.37754263552184925,0.9105303542638872,0.15625,0.4146403617999878,8x8,0.99,0.5,5,exact,fixed,perturbation_seed,support_restricted_tv_l1,exact_support_restricted_l1,,,,,,
5,2031,65,Maximum-based,0.37754263552184925,0.9105303542638872,0.15625,0.4146403617999878,8x8,0.99,0.5,5,exact,fixed,perturbation_seed,support_restricted_tv_l1,exact_support_restricted_l1,,,,,,
5,2031,70,Maximum-based,0.37769869667178796,0.9109067313952914,0.140625,0.4146403617999878,8x8,0.99,0.5,5,exact,fixed,perturbation_seed,support_restricted_tv_l1,exact_support_restricted_l1,,,,,,
5,2031,75,Maximum-based,0.37769869667178796,0.9109067313952914,0.140625,0.4146403617999878,8x8,0.99,0.5,5,exact,fixed,perturbation_seed,support_restricted_tv_l1,exact_support_restricted_l1,,,,,,
5,2031,80,Maximum-based,0.37805093093922487,0.9117562248356016,0.125,0.4146403617999878,8x8,0.99,0.5,5,exact,fixed,perturbation_seed,support_restricted_tv_l1,exact_support_restricted_l1,,,,,,
5,2031,85,Maximum-based,0.37805093093922487,0.9117562248356016,0.125,0.4146403617999878,8x8,0.99,0.5,5,exact,fixed,perturbation_seed,support_restricted_tv_l1,exact_support_restricted_l1,,,,,,
5,2031,90,Maximum-based,0.37805093093922487,0.9117562248356016,0.125,0.4146403617999878,8x8,0.99,0.5,5,exact,fixed,perturbation_seed,support_restricted_tv_l1,exact_support_restricted_l1,,,,,,
5,2031,95,Maximum-based,0.37805093093922487,0.9117562248356016,0.125,0.4146403617999878,8x8,0.99,0.5,5,exact,fixed,perturbation_seed,support_restricted_tv_l1,exact_support_restricted_l1,,,,,,
5,2031,100,Maximum-based,0.37805093093922487,0.9117562248356016,0.125,0.4146403617999878,8x8,0.99,0.5,5,exact,fixed,perturbation_seed,support_restricted_tv_l1,exact_support_restricted_l1,,,,,,
5,2031,105,Maximum-based,0.37805093093922487,0.9117562248356016,0.125,0.4146403617999878,8x8,0.99,0.5,5,exact,fixed,perturbation_seed,support_restricted_tv_l1,exact_support_restricted_l1,,,,,,
5,2031,110,Maximum-based,0.37805093093922487,0.9117562248356016,0.125,0.4146403617999878,8x8,0.99,0.5,5,exact,fixed,perturbation_seed,support_restricted_tv_l1,exact_support_restricted_l1,,,,,,
5,2031,115,Maximum-based,0.37805093093922487,0.9117562248356016,0.125,0.4146403617999878,8x8,0.99,0.5,5,exact,fixed,perturbation_seed,support_restricted_tv_l1,exact_support_restricted_l1,,,,,,
5,2031,120,Maximum-based,0.37805093093922487,0.9117562248356016,0.125,0.4146403617999878,8x8,0.99,0.5,5,exact,fixed,perturbation_seed,support_restricted_tv_l1,exact_support_restricted_l1,,,,,,
5,2031,125,Maximum-based,0.37805093093922487,0.9117562248356016,0.140625,0.4146403617999878,8x8,0.99,0.5,5,exact,fixed,perturbation_seed,support_restricted_tv_l1,exact_support_restricted_l1,,,,,,
5,2031,130,Maximum-based,0.37805093093922487,0.9117562248356016,0.140625,0.4146403617999878,8x8,0.99,0.5,5,exact,fixed,perturbation_seed,support_restricted_tv_l1,exact_support_restricted_l1,,,,,,
5,2031,135,Maximum-based,0.37805093093922487,0.9117562248356016,0.140625,0.4146403617999878,8x8,0.99,0.5,5,exact,fixed,perturbation_seed,support_restricted_tv_l1,exact_support_restricted_l1,,,,,,
5,2031,140,Maximum-based,0.37805093093922487,0.9117562248356016,0.140625,0.4146403617999878,8x8,0.99,0.5,5,exact,fixed,perturbation_seed,support_restricted_tv_l1,exact_support_restricted_l1,,,,,,
5,2031,145,Maximum-based,0.37805093093922487,0.9117562248356016,0.140625,0.4146403617999878,8x8,0.99,0.5,5,exact,fixed,perturbation_seed,support_restricted_tv_l1,exact_support_restricted_l1,,,,,,
5,2031,150,Maximum-based,0.37805093093922487,0.9117562248356016,0.15625,0.4146403617999878,8x8,0.99,0.5,5,exact,fixed,perturbation_seed,support_restricted_tv_l1,exact_support_restricted_l1,,,,,,
5,2031,155,Maximum-based,0.37805093093922487,0.9117562248356016,0.15625,0.4146403617999878,8x8,0.99,0.5,5,exact,fixed,perturbation_seed,support_restricted_tv_l1,exact_support_restricted_l1,,,,,,
5,2031,160,Maximum-based,0.37805093093922487,0.9117562248356016,0.15625,0.4146403617999878,8x8,0.99,0.5,5,exact,fixed,perturbation_seed,support_restricted_tv_l1,exact_support_restricted_l1,,,,,,
5,2031,165,Maximum-based,0.37805093093922487,0.9117562248356016,0.15625,0.4146403617999878,8x8,0.99,0.5,5,exact,fixed,perturbation_seed,support_restricted_tv_l1,exact_support_restricted_l1,,,,,,
5,2031,170,Maximum-based,0.37805093093922487,0.9117562248356016,0.15625,0.4146403617999878,8x8,0.99,0.5,5,exact,fixed,perturbation_seed,support_restricted_tv_l1,exact_support_restricted_l1,,,,,,
5,2031,175,Maximum-based,0.37805093093922487,0.9117562248356016,0.15625,0.4146403617999878,8x8,0.99,0.5,5,exact,fixed,perturbation_seed,support_restricted_tv_l1,exact_support_restricted_l1,,,,,,
5,2031,180,Maximum-based,0.38854222346345585,0.9370583745797495,0.125,0.4146403617999878,8x8,0.99,0.5,5,exact,fixed,perturbation_seed,support_restricted_tv_l1,exact_support_restricted_l1,,,,,,
5,2031,185,Maximum-based,0.38854222346345585,0.9370583745797495,0.125,0.4146403617999878,8x8,0.99,0.5,5,exact,fixed,perturbation_seed,support_restricted_tv_l1,exact_support_restricted_l1,,,,,,
5,2031,190,Maximum-based,0.38854222346345585,0.9370583745797495,0.125,0.4146403617999878,8x8,0.99,0.5,5,exact,fixed,perturbation_seed,support_restricted_tv_l1,exact_support_restricted_l1,,,,,,
5,2031,195,Maximum-based,0.38854222346345585,0.9370583745797495,0.125,0.4146403617999878,8x8,0.99,0.5,5,exact,fixed,perturbation_seed,support_restricted_tv_l1,exact_support_restricted_l1,,,,,,
5,2031,200,Maximum-based,0.38854222346345585,0.9370583745797495,0.125,0.4146403617999878,8x8,0.99,0.5,5,exact,fixed,perturbation_seed,support_restricted_tv_l1,exact_support_restricted_l1,,,,,,
5,2031,205,Maximum-based,0.38854222346345585,0.9370583745797495,0.125,0.4146403617999878,8x8,0.99,0.5,5,exact,fixed,perturbation_seed,support_restricted_tv_l1,exact_support_restricted_l1,,,,,,
5,2031,210,Maximum-based,0.38854222346345585,0.9370583745797495,0.125,0.4146403617999878,8x8,0.99,0.5,5,exact,fixed,perturbation_seed,support_restricted_tv_l1,exact_support_restricted_l1,,,,,,
5,2031,215,Maximum-based,0.38854222346345585,0.9370583745797495,0.125,0.4146403617999878,8x8,0.99,0.5,5,exact,fixed,perturbation_seed,support_restricted_tv_l1,exact_support_restricted_l1,,,,,,
5,2031,220,Maximum-based,0.38854222346345585,0.9370583745797495,0.125,0.4146403617999878,8x8,0.99,0.5,5,exact,fixed,perturbation_seed,support_restricted_tv_l1,exact_support_restricted_l1,,,,,,
5,2031,225,Maximum-based,0.38854222346345585,0.9370583745797495,0.125,0.4146403617999878,8x8,0.99,0.5,5,exact,fixed,perturbation_seed,support_restricted_tv_l1,exact_support_restricted_l1,,,,,,
5,2031,230,Maximum-based,0.38854222346345585,0.9370583745797495,0.125,0.4146403617999878,8x8,0.99,0.5,5,exact,fixed,perturbation_seed,support_restricted_tv_l1,exact_support_restricted_l1,,,,,,
5,2031,235,Maximum-based,0.38854222346345585,0.9370583745797495,0.125,0.4146403617999878,8x8,0.99,0.5,5,exact,fixed,perturbation_seed,support_restricted_tv_l1,exact_support_restricted_l1,,,,,,
5,2031,240,Maximum-based,0.38854222346345585,0.9370583745797495,0.125,0.4146403617999878,8x8,0.99,0.5,5,exact,fixed,perturbation_seed,support_restricted_tv_l1,exact_support_restricted_l1,,,,,,
5,2031,245,Maximum-based,0.38854222346345585,0.9370583745797495,0.125,0.4146403617999878,8x8,0.99,0.5,5,exact,fixed,perturbation_seed,support_restricted_tv_l1,exact_support_restricted_l1,,,,,,
5,2031,250,Maximum-based,0.38854222346345585,0.9370583745797495,0.125,0.4146403617999878,8x8,0.99,0.5,5,exact,fixed,perturbation_seed,support_restricted_tv_l1,exact_support_restricted_l1,,,,,,
5,2031,255,Maximum-based,0.38854222346345585,0.9370583745797495,0.125,0.4146403617999878,8x8,0.99,0.5,5,exact,fixed,perturbation_seed,support_restricted_tv_l1,exact_support_restricted_l1,,,,,,
5,2031,260,Maximum-based,0.38854222346345585,0.9370583745797495,0.125,0.4146403617999878,8x8,0.99,0.5,5,exact,fixed,perturbation_seed,support_restricted_tv_l1,exact_support_restricted_l1,,,,,,
5,2031,265,Maximum-based,0.38854222346345585,0.9370583745797495,0.125,0.4146403617999878,8x8,0.99,0.5,5,exact,fixed,perturbation_seed,support_restricted_tv_l1,exact_support_restricted_l1,,,,,,
5,2031,270,Maximum-based,0.38854222346345585,0.9370583745797495,0.125,0.4146403617999878,8x8,0.99,0.5,5,exact,fixed,perturbation_seed,support_restricted_tv_l1,exact_support_restricted_l1,,,,,,
5,2031,275,Maximum-based,0.38854222346345585,0.9370583745797495,0.125,0.4146403617999878,8x8,0.99,0.5,5,exact,fixed,perturbation_seed,support_restricted_tv_l1,exact_support_restricted_l1,,,,,,
5,2031,280,Maximum-based,0.38854222346345585,0.9370583745797495,0.125,0.4146403617999878,8x8,0.99,0.5,5,exact,fixed,perturbation_seed,support_restricted_tv_l1,exact_support_restricted_l1,,,,,,
5,2031,285,Maximum-based,0.38854222346345585,0.9370583745797495,0.125,0.4146403617999878,8x8,0.99,0.5,5,exact,fixed,perturbation_seed,support_restricted_tv_l1,exact_support_restricted_l1,,,,,,
5,2031,290,Maximum-based,0.38854222346345585,0.9370583745797495,0.125,0.4146403617999878,8x8,0.99,0.5,5,exact,fixed,perturbation_seed,support_restricted_tv_l1,exact_support_restricted_l1,,,,,,
5,2031,295,Maximum-based,0.38854222346345585,0.9370583745797495,0.125,0.4146403617999878,8x8,0.99,0.5,5,exact,fixed,perturbation_seed,support_restricted_tv_l1,exact_support_restricted_l1,,,,,,
5,2031,300,Maximum-based,0.38854222346345585,0.9370583745797495,0.125,0.4146403617999878,8x8,0.99,0.5,5,exact,fixed,perturbation_seed,support_restricted_tv_l1,exact_support_restricted_l1,,,,,,
5,2031,305,Maximum-based,0.38854222346345585,0.9370583745797495,0.125,0.4146403617999878,8x8,0.99,0.5,5,exact,fixed,perturbation_seed,support_restricted_tv_l1,exact_support_restricted_l1,,,,,,
5,2031,310,Maximum-based,0.38854222346345585,0.9370583745797495,0.125,0.4146403617999878,8x8,0.99,0.5,5,exact,fixed,perturbation_seed,support_restricted_tv_l1,exact_support_restricted_l1,,,,,,
5,2031,315,Maximum-based,0.38854222346345585,0.9370583745797495,0.125,0.4146403617999878,8x8,0.99,0.5,5,exact,fixed,perturbation_seed,support_restricted_tv_l1,exact_support_restricted_l1,,,,,,
5,2031,320,Maximum-based,0.38854222346345585,0.9370583745797495,0.125,0.4146403617999878,8x8,0.99,0.5,5,exact,fixed,perturbation_seed,support_restricted_tv_l1,exact_support_restricted_l1,,,,,,
5,2031,325,Maximum-based,0.38854222346345585,0.9370583745797495,0.125,0.4146403617999878,8x8,0.99,0.5,5,exact,fixed,perturbation_seed,support_restricted_tv_l1,exact_support_restricted_l1,,,,,,
5,2031,330,Maximum-based,0.38854222346345585,0.9370583745797495,0.125,0.4146403617999878,8x8,0.99,0.5,5,exact,fixed,perturbation_seed,support_restricted_tv_l1,exact_support_restricted_l1,,,,,,
5,2031,335,Maximum-based,0.38854222346345585,0.9370583745797495,0.125,0.4146403617999878,8x8,0.99,0.5,5,exact,fixed,perturbation_seed,support_restricted_tv_l1,exact_support_restricted_l1,,,,,,
5,2031,340,Maximum-based,0.38854222346345585,0.9370583745797495,0.125,0.4146403617999878,8x8,0.99,0.5,5,exact,fixed,perturbation_seed,support_restricted_tv_l1,exact_support_restricted_l1,,,,,,
5,2031,345,Maximum-based,0.38854222346345585,0.9370583745797495,0.125,0.4146403617999878,8x8,0.99,0.5,5,exact,fixed,perturbation_seed,support_restricted_tv_l1,exact_support_restricted_l1,,,,,,
5,2031,350,Maximum-based,0.38854222346345585,0.9370583745797495,0.125,0.4146403617999878,8x8,0.99,0.5,5,exact,fixed,perturbation_seed,support_restricted_tv_l1,exact_support_restricted_l1,,,,,,
5,2031,355,Maximum-based,0.38854222346345585,0.9370583745797495,0.125,0.4146403617999878,8x8,0.99,0.5,5,exact,fixed,perturbation_seed,support_restricted_tv_l1,exact_support_restricted_l1,,,,,,
5,2031,360,Maximum-based,0.38854222346345585,0.9370583745797495,0.125,0.4146403617999878,8x8,0.99,0.5,5,exact,fixed,perturbation_seed,support_restricted_tv_l1,exact_support_restricted_l1,,,,,,
5,2031,365,Maximum-based,0.38854222346345585,0.9370583745797495,0.125,0.4146403617999878,8x8,0.99,0.5,5,exact,fixed,perturbation_seed,support_restricted_tv_l1,exact_support_restricted_l1,,,,,,
5,2031,370,Maximum-based,0.38854222346345585,0.9370583745797495,0.125,0.4146403617999878,8x8,0.99,0.5,5,exact,fixed,perturbation_seed,support_restricted_tv_l1,exact_support_restricted_l1,,,,,,
5,2031,375,Maximum-based,0.38854222346345585,0.9370583745797495,0.125,0.4146403617999878,8x8,0.99,0.5,5,exact,fixed,perturbation_seed,support_restricted_tv_l1,exact_support_restricted_l1,,,,,,
5,2031,380,Maximum-based,0.38854222346345585,0.9370583745797495,0.125,0.4146403617999878,8x8,0.99,0.5,5,exact,fixed,perturbation_seed,support_restricted_tv_l1,exact_support_restricted_l1,,,,,,
5,2031,385,Maximum-based,0.38854222346345585,0.9370583745797495,0.125,0.4146403617999878,8x8,0.99,0.5,5,exact,fixed,perturbation_seed,support_restricted_tv_l1,exact_support_restricted_l1,,,,,,
5,2031,390,Maximum-based,0.38854222346345585,0.9370583745797495,0.125,0.4146403617999878,8x8,0.99,0.5,5,exact,fixed,perturbation_seed,support_restricted_tv_l1,exact_support_restricted_l1,,,,,,
5,2031,395,Maximum-based,0.38854222346345585,0.9370583745797495,0.125,0.4146403617999878,8x8,0.99,0.5,5,exact,fixed,perturbation_seed,support_restricted_tv_l1,exact_support_restricted_l1,,,,,,
5,2031,400,Maximum-based,0.38854222346345585,0.9370583745797495,0.125,0.4146403617999878,8x8,0.99,0.5,5,exact,fixed,perturbation_seed,support_restricted_tv_l1,exact_support_restricted_l1,,,,,,
5,2031,405,Maximum-based,0.38854222346345585,0.9370583745797495,0.125,0.4146403617999878,8x8,0.99,0.5,5,exact,fixed,perturbation_seed,support_restricted_tv_l1,exact_support_restricted_l1,,,,,,
5,2031,410,Maximum-based,0.38854222346345585,0.9370583745797495,0.125,0.4146403617999878,8x8,0.99,0.5,5,exact,fixed,perturbation_seed,support_restricted_tv_l1,exact_support_restricted_l1,,,,,,
5,2031,415,Maximum-based,0.38854222346345585,0.9370583745797495,0.125,0.4146403617999878,8x8,0.99,0.5,5,exact,fixed,perturbation_seed,support_restricted_tv_l1,exact_support_restricted_l1,,,,,,
5,2031,420,Maximum-based,0.38854222346345585,0.9370583745797495,0.125,0.4146403617999878,8x8,0.99,0.5,5,exact,fixed,perturbation_seed,support_restricted_tv_l1,exact_support_restricted_l1,,,,,,
5,2031,425,Maximum-based,0.38854222346345585,0.9370583745797495,0.125,0.4146403617999878,8x8,0.99,0.5,5,exact,fixed,perturbation_seed,support_restricted_tv_l1,exact_support_restricted_l1,,,,,,
5,2031,430,Maximum-based,0.38854222346345585,0.9370583745797495,0.125,0.4146403617999878,8x8,0.99,0.5,5,exact,fixed,perturbation_seed,support_restricted_tv_l1,exact_support_restricted_l1,,,,,,
5,2031,435,Maximum-based,0.38854222346345585,0.9370583745797495,0.125,0.4146403617999878,8x8,0.99,0.5,5,exact,fixed,perturbation_seed,support_restricted_tv_l1,exact_support_restricted_l1,,,,,,
5,2031,440,Maximum-based,0.38854222346345585,0.9370583745797495,0.125,0.4146403617999878,8x8,0.99,0.5,5,exact,fixed,perturbation_seed,support_restricted_tv_l1,exact_support_restricted_l1,,,,,,
5,2031,445,Maximum-based,0.38854222346345585,0.9370583745797495,0.125,0.4146403617999878,8x8,0.99,0.5,5,exact,fixed,perturbation_seed,support_restricted_tv_l1,exact_support_restricted_l1,,,,,,
5,2031,450,Maximum-based,0.38854222346345585,0.9370583745797495,0.125,0.4146403617999878,8x8,0.99,0.5,5,exact,fixed,perturbation_seed,support_restricted_tv_l1,exact_support_restricted_l1,,,,,,
5,2031,455,Maximum-based,0.38854222346345585,0.9370583745797495,0.125,0.4146403617999878,8x8,0.99,0.5,5,exact,fixed,perturbation_seed,support_restricted_tv_l1,exact_support_restricted_l1,,,,,,
5,2031,460,Maximum-based,0.38854222346345585,0.9370583745797495,0.125,0.4146403617999878,8x8,0.99,0.5,5,exact,fixed,perturbation_seed,support_restricted_tv_l1,exact_support_restricted_l1,,,,,,
5,2031,465,Maximum-based,0.38854222346345585,0.9370583745797495,0.125,0.4146403617999878,8x8,0.99,0.5,5,exact,fixed,perturbation_seed,support_restricted_tv_l1,exact_support_restricted_l1,,,,,,
5,2031,470,Maximum-based,0.38854222346345585,0.9370583745797495,0.125,0.4146403617999878,8x8,0.99,0.5,5,exact,fixed,perturbation_seed,support_restricted_tv_l1,exact_support_restricted_l1,,,,,,
5,2031,475,Maximum-based,0.38854222346345585,0.9370583745797495,0.125,0.4146403617999878,8x8,0.99,0.5,5,exact,fixed,perturbation_seed,support_restricted_tv_l1,exact_support_restricted_l1,,,,,,
5,2031,480,Maximum-based,0.38854222346345585,0.9370583745797495,0.125,0.4146403617999878,8x8,0.99,0.5,5,exact,fixed,perturbation_seed,support_restricted_tv_l1,exact_support_restricted_l1,,,,,,
5,2031,485,Maximum-based,0.38854222346345585,0.9370583745797495,0.125,0.4146403617999878,8x8,0.99,0.5,5,exact,fixed,perturbation_seed,support_restricted_tv_l1,exact_support_restricted_l1,,,,,,
5,2031,490,Maximum-based,0.38854222346345585,0.9370583745797495,0.125,0.4146403617999878,8x8,0.99,0.5,5,exact,fixed,perturbation_seed,support_restricted_tv_l1,exact_support_restricted_l1,,,,,,
5,2031,495,Maximum-based,0.38854222346345585,0.9370583745797495,0.125,0.4146403617999878,8x8,0.99,0.5,5,exact,fixed,perturbation_seed,support_restricted_tv_l1,exact_support_restricted_l1,,,,,,
5,2031,500,Maximum-based,0.38854222346345585,0.9370583745797495,0.125,0.4146403617999878,8x8,0.99,0.5,5,exact,fixed,perturbation_seed,support_restricted_tv_l1,exact_support_restricted_l1,,,,,,
5,2031,0,Similarity-aware,0.0,0.0,0.65625,0.4146403617999878,8x8,0.99,0.5,5,exact,fixed,perturbation_seed,support_restricted_tv_l1,exact_support_restricted_l1,,,,,,
5,2031,5,Similarity-aware,0.0,0.0,0.609375,0.4146403617999878,8x8,0.99,0.5,5,exact,fixed,perturbation_seed,support_restricted_tv_l1,exact_support_restricted_l1,,,,,,
5,2031,10,Similarity-aware,-7.7092114420793515e-19,-1.85925253600808e-18,0.578125,0.4146403617999878,8x8,0.99,0.5,5,exact,fixed,perturbation_seed,support_restricted_tv_l1,exact_support_restricted_l1,,,,,,
5,2031,15,Similarity-aware,0.01864115425247859,0.044957403981502934,0.515625,0.4146403617999878,8x8,0.99,0.5,5,exact,fixed,perturbation_seed,support_restricted_tv_l1,exact_support_restricted_l1,,,,,,
5,2031,20,Similarity-aware,0.07604468720725995,0.1833991434821823,0.390625,0.4146403617999878,8x8,0.99,0.5,5,exact,fixed,perturbation_seed,support_restricted_tv_l1,exact_support_restricted_l1,,,,,,
5,2031,25,Similarity-aware,0.09970442831796593,0.24046001668805428,0.375,0.4146403617999878,8x8,0.99,0.5,5,exact,fixed,perturbation_seed,support_restricted_tv_l1,exact_support_restricted_l1,,,,,,
5,2031,30,Similarity-aware,0.2676413839469488,0.6454783677717616,0.296875,0.4146403617999878,8x8,0.99,0.5,5,exact,fixed,perturbation_seed,support_restricted_tv_l1,exact_support_restricted_l1,,,,,,
5,2031,35,Similarity-aware,0.32883560867424755,0.7930622268578611,0.265625,0.4146403617999878,8x8,0.99,0.5,5,exact,fixed,perturbation_seed,support_restricted_tv_l1,exact_support_restricted_l1,,,,,,
5,2031,40,Similarity-aware,0.35575729025071356,0.8579900150249291,0.203125,0.4146403617999878,8x8,0.99,0.5,5,exact,fixed,perturbation_seed,support_restricted_tv_l1,exact_support_restricted_l1,,,,,,
5,2031,45,Similarity-aware,0.35575729025071356,0.8579900150249291,0.203125,0.4146403617999878,8x8,0.99,0.5,5,exact,fixed,perturbation_seed,support_restricted_tv_l1,exact_support_restricted_l1,,,,,,
5,2031,50,Similarity-aware,0.3783928165696167,0.9125807601724599,0.1875,0.4146403617999878,8x8,0.99,0.5,5,exact,fixed,perturbation_seed,support_restricted_tv_l1,exact_support_restricted_l1,,,,,,
5,2031,55,Similarity-aware,0.3783928165696167,0.9125807601724599,0.1875,0.4146403617999878,8x8,0.99,0.5,5,exact,fixed,perturbation_seed,support_restricted_tv_l1,exact_support_restricted_l1,,,,,,
5,2031,60,Similarity-aware,0.3783928165696167,0.9125807601724599,0.1875,0.4146403617999878,8x8,0.99,0.5,5,exact,fixed,perturbation_seed,support_restricted_tv_l1,exact_support_restricted_l1,,,,,,
5,2031,65,Similarity-aware,0.3786000600304903,0.9130805751445816,0.1875,0.4146403617999878,8x8,0.99,0.5,5,exact,fixed,perturbation_seed,support_restricted_tv_l1,exact_support_restricted_l1,,,,,,
5,2031,70,Similarity-aware,0.3786000600304903,0.9130805751445816,0.1875,0.4146403617999878,8x8,0.99,0.5,5,exact,fixed,perturbation_seed,support_restricted_tv_l1,exact_support_restricted_l1,,,,,,
5,2031,75,Similarity-aware,0.3789500851981649,0.9139247408359175,0.171875,0.4146403617999878,8x8,0.99,0.5,5,exact,fixed,perturbation_seed,support_restricted_tv_l1,exact_support_restricted_l1,,,,,,
5,2031,80,Similarity-aware,0.37543289394210067,0.9054422302554331,0.1875,0.4146403617999878,8x8,0.99,0.5,5,exact,fixed,perturbation_seed,support_restricted_tv_l1,exact_support_restricted_l1,,,,,,
5,2031,85,Similarity-aware,0.37805093093922487,0.9117562248356016,0.15625,0.4146403617999878,8x8,0.99,0.5,5,exact,fixed,perturbation_seed,support_restricted_tv_l1,exact_support_restricted_l1,,,,,,
5,2031,90,Similarity-aware,0.37805093093922487,0.9117562248356016,0.15625,0.4146403617999878,8x8,0.99,0.5,5,exact,fixed,perturbation_seed,support_restricted_tv_l1,exact_support_restricted_l1,,,,,,
5,2031,95,Similarity-aware,0.37805093093922487,0.9117562248356016,0.15625,0.4146403617999878,8x8,0.99,0.5,5,exact,fixed,perturbation_seed,support_restricted_tv_l1,exact_support_restricted_l1,,,,,,
5,2031,100,Similarity-aware,0.37805093093922487,0.9117562248356016,0.15625,0.4146403617999878,8x8,0.99,0.5,5,exact,fixed,perturbation_seed,support_restricted_tv_l1,exact_support_restricted_l1,,,,,,
5,2031,105,Similarity-aware,0.37805093093922487,0.9117562248356016,0.171875,0.4146403617999878,8x8,0.99,0.5,5,exact,fixed,perturbation_seed,support_restricted_tv_l1,exact_support_restricted_l1,,,,,,
5,2031,110,Similarity-aware,0.37805093093922487,0.9117562248356016,0.171875,0.4146403617999878,8x8,0.99,0.5,5,exact,fixed,perturbation_seed,support_restricted_tv_l1,exact_support_restricted_l1,,,,,,
5,2031,115,Similarity-aware,0.37805093093922487,0.9117562248356016,0.171875,0.4146403617999878,8x8,0.99,0.5,5,exact,fixed,perturbation_seed,support_restricted_tv_l1,exact_support_restricted_l1,,,,,,
5,2031,120,Similarity-aware,0.37805093093922487,0.9117562248356016,0.171875,0.4146403617999878,8x8,0.99,0.5,5,exact,fixed,perturbation_seed,support_restricted_tv_l1,exact_support_restricted_l1,,,,,,
5,2031,125,Similarity-aware,0.37805093093922487,0.9117562248356016,0.171875,0.4146403617999878,8x8,0.99,0.5,5,exact,fixed,perturbation_seed,support_restricted_tv_l1,exact_support_restricted_l1,,,,,,
5,2031,130,Similarity-aware,0.37805093093922487,0.9117562248356016,0.171875,0.4146403617999878,8x8,0.99,0.5,5,exact,fixed,perturbation_seed,support_restricted_tv_l1,exact_support_restricted_l1,,,,,,
5,2031,135,Similarity-aware,0.37805093093922487,0.9117562248356016,0.171875,0.4146403617999878,8x8,0.99,0.5,5,exact,fixed,perturbation_seed,support_restricted_tv_l1,exact_support_restricted_l1,,,,,,
5,2031,140,Similarity-aware,0.37805093093922487,0.9117562248356016,0.171875,0.4146403617999878,8x8,0.99,0.5,5,exact,fixed,perturbation_seed,support_restricted_tv_l1,exact_support_restricted_l1,,,,,,
5,2031,145,Similarity-aware,0.37805093093922487,0.9117562248356016,0.171875,0.4146403617999878,8x8,0.99,0.5,5,exact,fixed,perturbation_seed,support_restricted_tv_l1,exact_support_restricted_l1,,,,,,
5,2031,150,Similarity-aware,0.37805093093922487,0.9117562248356016,0.171875,0.4146403617999878,8x8,0.99,0.5,5,exact,fixed,perturbation_seed,support_restricted_tv_l1,exact_support_restricted_l1,,,,,,
5,2031,155,Similarity-aware,0.37805093093922487,0.9117562248356016,0.171875,0.4146403617999878,8x8,0.99,0.5,5,exact,fixed,perturbation_seed,support_restricted_tv_l1,exact_support_restricted_l1,,,,,,
5,2031,160,Similarity-aware,0.37805093093922487,0.9117562248356016,0.171875,0.4146403617999878,8x8,0.99,0.5,5,exact,fixed,perturbation_seed,support_restricted_tv_l1,exact_support_restricted_l1,,,,,,
5,2031,165,Similarity-aware,0.37805093093922487,0.9117562248356016,0.171875,0.4146403617999878,8x8,0.99,0.5,5,exact,fixed,perturbation_seed,support_restricted_tv_l1,exact_support_restricted_l1,,,,,,
5,2031,170,Similarity-aware,0.37138858020512927,0.8956884433365363,0.1875,0.4146403617999878,8x8,0.99,0.5,5,exact,fixed,perturbation_seed,support_restricted_tv_l1,exact_support_restricted_l1,,,,,,
5,2031,175,Similarity-aware,0.37138858020512927,0.8956884433365363,0.1875,0.4146403617999878,8x8,0.99,0.5,5,exact,fixed,perturbation_seed,support_restricted_tv_l1,exact_support_restricted_l1,,,,,,
5,2031,180,Similarity-aware,0.37138858020512927,0.8956884433365363,0.1875,0.4146403617999878,8x8,0.99,0.5,5,exact,fixed,perturbation_seed,support_restricted_tv_l1,exact_support_restricted_l1,,,,,,
5,2031,185,Similarity-aware,0.37138858020512927,0.8956884433365363,0.1875,0.4146403617999878,8x8,0.99,0.5,5,exact,fixed,perturbation_seed,support_restricted_tv_l1,exact_support_restricted_l1,,,,,,
5,2031,190,Similarity-aware,0.37138858020512927,0.8956884433365363,0.1875,0.4146403617999878,8x8,0.99,0.5,5,exact,fixed,perturbation_seed,support_restricted_tv_l1,exact_support_restricted_l1,,,,,,
5,2031,195,Similarity-aware,0.37138858020512927,0.8956884433365363,0.1875,0.4146403617999878,8x8,0.99,0.5,5,exact,fixed,perturbation_seed,support_restricted_tv_l1,exact_support_restricted_l1,,,,,,
5,2031,200,Similarity-aware,0.37138858020512927,0.8956884433365363,0.1875,0.4146403617999878,8x8,0.99,0.5,5,exact,fixed,perturbation_seed,support_restricted_tv_l1,exact_support_restricted_l1,,,,,,
5,2031,205,Similarity-aware,0.37138858020512927,0.8956884433365363,0.1875,0.4146403617999878,8x8,0.99,0.5,5,exact,fixed,perturbation_seed,support_restricted_tv_l1,exact_support_restricted_l1,,,,,,
5,2031,210,Similarity-aware,0.37138858020512927,0.8956884433365363,0.1875,0.4146403617999878,8x8,0.99,0.5,5,exact,fixed,perturbation_seed,support_restricted_tv_l1,exact_support_restricted_l1,,,,,,
5,2031,215,Similarity-aware,0.37138858020512927,0.8956884433365363,0.1875,0.4146403617999878,8x8,0.99,0.5,5,exact,fixed,perturbation_seed,support_restricted_tv_l1,exact_support_restricted_l1,,,,,,
5,2031,220,Similarity-aware,0.37138858020512927,0.8956884433365363,0.1875,0.4146403617999878,8x8,0.99,0.5,5,exact,fixed,perturbation_seed,support_restricted_tv_l1,exact_support_restricted_l1,,,,,,
5,2031,225,Similarity-aware,0.37138858020512927,0.8956884433365363,0.1875,0.4146403617999878,8x8,0.99,0.5,5,exact,fixed,perturbation_seed,support_restricted_tv_l1,exact_support_restricted_l1,,,,,,
5,2031,230,Similarity-aware,0.37138858020512927,0.8956884433365363,0.1875,0.4146403617999878,8x8,0.99,0.5,5,exact,fixed,perturbation_seed,support_restricted_tv_l1,exact_support_restricted_l1,,,,,,
5,2031,235,Similarity-aware,0.37138858020512927,0.8956884433365363,0.1875,0.4146403617999878,8x8,0.99,0.5,5,exact,fixed,perturbation_seed,support_restricted_tv_l1,exact_support_restricted_l1,,,,,,
5,2031,240,Similarity-aware,0.37138858020512927,0.8956884433365363,0.1875,0.4146403617999878,8x8,0.99,0.5,5,exact,fixed,perturbation_seed,support_restricted_tv_l1,exact_support_restricted_l1,,,,,,
5,2031,245,Similarity-aware,0.37138858020512927,0.8956884433365363,0.1875,0.4146403617999878,8x8,0.99,0.5,5,exact,fixed,perturbation_seed,support_restricted_tv_l1,exact_support_restricted_l1,,,,,,
5,2031,250,Similarity-aware,0.37138858020512927,0.8956884433365363,0.1875,0.4146403617999878,8x8,0.99,0.5,5,exact,fixed,perturbation_seed,support_restricted_tv_l1,exact_support_restricted_l1,,,,,,
5,2031,255,Similarity-aware,0.37138858020512927,0.8956884433365363,0.1875,0.4146403617999878,8x8,0.99,0.5,5,exact,fixed,perturbation_seed,support_restricted_tv_l1,exact_support_restricted_l1,,,,,,
5,2031,260,Similarity-aware,0.37138858020512927,0.8956884433365363,0.1875,0.4146403617999878,8x8,0.99,0.5,5,exact,fixed,perturbation_seed,support_restricted_tv_l1,exact_support_restricted_l1,,,,,,
5,2031,265,Similarity-aware,0.37139785156402416,0.8957108033375131,0.171875,0.4146403617999878,8x8,0.99,0.5,5,exact,fixed,perturbation_seed,support_restricted_tv_l1,exact_support_restricted_l1,,,,,,
5,2031,270,Similarity-aware,0.37139785156402416,0.8957108033375131,0.171875,0.4146403617999878,8x8,0.99,0.5,5,exact,fixed,perturbation_seed,support_restricted_tv_l1,exact_support_restricted_l1,,,,,,
5,2031,275,Similarity-aware,0.37139785156402416,0.8957108033375131,0.171875,0.4146403617999878,8x8,0.99,0.5,5,exact,fixed,perturbation_seed,support_restricted_tv_l1,exact_support_restricted_l1,,,,,,
5,2031,280,Similarity-aware,0.37139785156402416,0.8957108033375131,0.171875,0.4146403617999878,8x8,0.99,0.5,5,exact,fixed,perturbation_seed,support_restricted_tv_l1,exact_support_restricted_l1,,,,,,
5,2031,285,Similarity-aware,0.37139785156402416,0.8957108033375131,0.171875,0.4146403617999878,8x8,0.99,0.5,5,exact,fixed,perturbation_seed,support_restricted_tv_l1,exact_support_restricted_l1,,,,,,
5,2031,290,Similarity-aware,0.37139785156402416,0.8957108033375131,0.171875,0.4146403617999878,8x8,0.99,0.5,5,exact,fixed,perturbation_seed,support_restricted_tv_l1,exact_support_restricted_l1,,,,,,
5,2031,295,Similarity-aware,0.37139785156402416,0.8957108033375131,0.171875,0.4146403617999878,8x8,0.99,0.5,5,exact,fixed,perturbation_seed,support_restricted_tv_l1,exact_support_restricted_l1,,,,,,
5,2031,300,Similarity-aware,0.37139785156402416,0.8957108033375131,0.171875,0.4146403617999878,8x8,0.99,0.5,5,exact,fixed,perturbation_seed,support_restricted_tv_l1,exact_support_restricted_l1,,,,,,
5,2031,305,Similarity-aware,0.37139785156402416,0.8957108033375131,0.171875,0.4146403617999878,8x8,0.99,0.5,5,exact,fixed,perturbation_seed,support_restricted_tv_l1,exact_support_restricted_l1,,,,,,
5,2031,310,Similarity-aware,0.37139785156402416,0.8957108033375131,0.171875,0.4146403617999878,8x8,0.99,0.5,5,exact,fixed,perturbation_seed,support_restricted_tv_l1,exact_support_restricted_l1,,,,,,
5,2031,315,Similarity-aware,0.37139785156402416,0.8957108033375131,0.171875,0.4146403617999878,8x8,0.99,0.5,5,exact,fixed,perturbation_seed,support_restricted_tv_l1,exact_support_restricted_l1,,,,,,
5,2031,320,Similarity-aware,0.37139785156402416,0.8957108033375131,0.171875,0.4146403617999878,8x8,0.99,0.5,5,exact,fixed,perturbation_seed,support_restricted_tv_l1,exact_support_restricted_l1,,,,,,
5,2031,325,Similarity-aware,0.37139785156402416,0.8957108033375131,0.171875,0.4146403617999878,8x8,0.99,0.5,5,exact,fixed,perturbation_seed,support_restricted_tv_l1,exact_support_restricted_l1,,,,,,
5,2031,330,Similarity-aware,0.37139785156402416,0.8957108033375131,0.171875,0.4146403617999878,8x8,0.99,0.5,5,exact,fixed,perturbation_seed,support_restricted_tv_l1,exact_support_restricted_l1,,,,,,
5,2031,335,Similarity-aware,0.37139785156402416,0.8957108033375131,0.171875,0.4146403617999878,8x8,0.99,0.5,5,exact,fixed,perturbation_seed,support_restricted_tv_l1,exact_support_restricted_l1,,,,,,
5,2031,340,Similarity-aware,0.37139785156402416,0.8957108033375131,0.171875,0.4146403617999878,8x8,0.99,0.5,5,exact,fixed,perturbation_seed,support_restricted_tv_l1,exact_support_restricted_l1,,,,,,
5,2031,345,Similarity-aware,0.37139785156402416,0.8957108033375131,0.171875,0.4146403617999878,8x8,0.99,0.5,5,exact,fixed,perturbation_seed,support_restricted_tv_l1,exact_support_restricted_l1,,,,,,
5,2031,350,Similarity-aware,0.37139785156402416,0.8957108033375131,0.171875,0.4146403617999878,8x8,0.99,0.5,5,exact,fixed,perturbation_seed,support_restricted_tv_l1,exact_support_restricted_l1,,,,,,
5,2031,355,Similarity-aware,0.37139785156402416,0.8957108033375131,0.171875,0.4146403617999878,8x8,0.99,0.5,5,exact,fixed,perturbation_seed,support_restricted_tv_l1,exact_support_restricted_l1,,,,,,
5,2031,360,Similarity-aware,0.37139785156402416,0.8957108033375131,0.171875,0.4146403617999878,8x8,0.99,0.5,5,exact,fixed,perturbation_seed,support_restricted_tv_l1,exact_support_restricted_l1,,,,,,
5,2031,365,Similarity-aware,0.37139785156402416,0.8957108033375131,0.171875,0.4146403617999878,8x8,0.99,0.5,5,exact,fixed,perturbation_seed,support_restricted_tv_l1,exact_support_restricted_l1,,,,,,
5,2031,370,Similarity-aware,0.37139785156402416,0.8957108033375131,0.171875,0.4146403617999878,8x8,0.99,0.5,5,exact,fixed,perturbation_seed,support_restricted_tv_l1,exact_support_restricted_l1,,,,,,
5,2031,375,Similarity-aware,0.37139785156402416,0.8957108033375131,0.171875,0.4146403617999878,8x8,0.99,0.5,5,exact,fixed,perturbation_seed,support_restricted_tv_l1,exact_support_restricted_l1,,,,,,
5,2031,380,Similarity-aware,0.37139785156402416,0.8957108033375131,0.171875,0.4146403617999878,8x8,0.99,0.5,5,exact,fixed,perturbation_seed,support_restricted_tv_l1,exact_support_restricted_l1,,,,,,
5,2031,385,Similarity-aware,0.37139785156402416,0.8957108033375131,0.171875,0.4146403617999878,8x8,0.99,0.5,5,exact,fixed,perturbation_seed,support_restricted_tv_l1,exact_support_restricted_l1,,,,,,
5,2031,390,Similarity-aware,0.37139785156402416,0.8957108033375131,0.171875,0.4146403617999878,8x8,0.99,0.5,5,exact,fixed,perturbation_seed,support_restricted_tv_l1,exact_support_restricted_l1,,,,,,
5,2031,395,Similarity-aware,0.37139785156402416,0.8957108033375131,0.171875,0.4146403617999878,8x8,0.99,0.5,5,exact,fixed,perturbation_seed,support_restricted_tv_l1,exact_support_restricted_l1,,,,,,
5,2031,400,Similarity-aware,0.37139785156402416,0.8957108033375131,0.171875,0.4146403617999878,8x8,0.99,0.5,5,exact,fixed,perturbation_seed,support_restricted_tv_l1,exact_support_restricted_l1,,,,,,
5,2031,405,Similarity-aware,0.37139785156402416,0.8957108033375131,0.171875,0.4146403617999878,8x8,0.99,0.5,5,exact,fixed,perturbation_seed,support_restricted_tv_l1,exact_support_restricted_l1,,,,,,
5,2031,410,Similarity-aware,0.37139785156402416,0.8957108033375131,0.171875,0.4146403617999878,8x8,0.99,0.5,5,exact,fixed,perturbation_seed,support_restricted_tv_l1,exact_support_restricted_l1,,,,,,
5,2031,415,Similarity-aware,0.37139785156402416,0.8957108033375131,0.171875,0.4146403617999878,8x8,0.99,0.5,5,exact,fixed,perturbation_seed,support_restricted_tv_l1,exact_support_restricted_l1,,,,,,
5,2031,420,Similarity-aware,0.37139785156402416,0.8957108033375131,0.171875,0.4146403617999878,8x8,0.99,0.5,5,exact,fixed,perturbation_seed,support_restricted_tv_l1,exact_support_restricted_l1,,,,,,
5,2031,425,Similarity-aware,0.37139785156402416,0.8957108033375131,0.171875,0.4146403617999878,8x8,0.99,0.5,5,exact,fixed,perturbation_seed,support_restricted_tv_l1,exact_support_restricted_l1,,,,,,
5,2031,430,Similarity-aware,0.37139785156402416,0.8957108033375131,0.171875,0.4146403617999878,8x8,0.99,0.5,5,exact,fixed,perturbation_seed,support_restricted_tv_l1,exact_support_restricted_l1,,,,,,
5,2031,435,Similarity-aware,0.37139785156402416,0.8957108033375131,0.171875,0.4146403617999878,8x8,0.99,0.5,5,exact,fixed,perturbation_seed,support_restricted_tv_l1,exact_support_restricted_l1,,,,,,
5,2031,440,Similarity-aware,0.37139785156402416,0.8957108033375131,0.171875,0.4146403617999878,8x8,0.99,0.5,5,exact,fixed,perturbation_seed,support_restricted_tv_l1,exact_support_restricted_l1,,,,,,
5,2031,445,Similarity-aware,0.37139785156402416,0.8957108033375131,0.171875,0.4146403617999878,8x8,0.99,0.5,5,exact,fixed,perturbation_seed,support_restricted_tv_l1,exact_support_restricted_l1,,,,,,
5,2031,450,Similarity-aware,0.37139785156402416,0.8957108033375131,0.171875,0.4146403617999878,8x8,0.99,0.5,5,exact,fixed,perturbation_seed,support_restricted_tv_l1,exact_support_restricted_l1,,,,,,
5,2031,455,Similarity-aware,0.37139785156402416,0.8957108033375131,0.171875,0.4146403617999878,8x8,0.99,0.5,5,exact,fixed,perturbation_seed,support_restricted_tv_l1,exact_support_restricted_l1,,,,,,
5,2031,460,Similarity-aware,0.37139785156402416,0.8957108033375131,0.171875,0.4146403617999878,8x8,0.99,0.5,5,exact,fixed,perturbation_seed,support_restricted_tv_l1,exact_support_restricted_l1,,,,,,
5,2031,465,Similarity-aware,0.37139785156402416,0.8957108033375131,0.171875,0.4146403617999878,8x8,0.99,0.5,5,exact,fixed,perturbation_seed,support_restricted_tv_l1,exact_support_restricted_l1,,,,,,
5,2031,470,Similarity-aware,0.37139785156402416,0.8957108033375131,0.171875,0.4146403617999878,8x8,0.99,0.5,5,exact,fixed,perturbation_seed,support_restricted_tv_l1,exact_support_restricted_l1,,,,,,
5,2031,475,Similarity-aware,0.37139785156402416,0.8957108033375131,0.171875,0.4146403617999878,8x8,0.99,0.5,5,exact,fixed,perturbation_seed,support_restricted_tv_l1,exact_support_restricted_l1,,,,,,
5,2031,480,Similarity-aware,0.37139785156402416,0.8957108033375131,0.171875,0.4146403617999878,8x8,0.99,0.5,5,exact,fixed,perturbation_seed,support_restricted_tv_l1,exact_support_restricted_l1,,,,,,
5,2031,485,Similarity-aware,0.37139785156402416,0.8957108033375131,0.171875,0.4146403617999878,8x8,0.99,0.5,5,exact,fixed,perturbation_seed,support_restricted_tv_l1,exact_support_restricted_l1,,,,,,
5,2031,490,Similarity-aware,0.37139785156402416,0.8957108033375131,0.171875,0.4146403617999878,8x8,0.99,0.5,5,exact,fixed,perturbation_seed,support_restricted_tv_l1,exact_support_restricted_l1,,,,,,
5,2031,495,Similarity-aware,0.37139785156402416,0.8957108033375131,0.171875,0.4146403617999878,8x8,0.99,0.5,5,exact,fixed,perturbation_seed,support_restricted_tv_l1,exact_support_restricted_l1,,,,,,
5,2031,500,Similarity-aware,0.37139785156402416,0.8957108033375131,0.171875,0.4146403617999878,8x8,0.99,0.5,5,exact,fixed,perturbation_seed,support_restricted_tv_l1,exact_support_restricted_l1,,,,,,
5,2031,0,Uniform,0.0,0.0,0.65625,0.4146403617999878,8x8,0.99,0.5,5,exact,fixed,perturbation_seed,support_restricted_tv_l1,exact_support_restricted_l1,,,,,,
5,2031,5,Uniform,0.0,0.0,0.625,0.4146403617999878,8x8,0.99,0.5,5,exact,fixed,perturbation_seed,support_restricted_tv_l1,exact_support_restricted_l1,,,,,,
5,2031,10,Uniform,-8.142888071341349e-19,-1.963843566987161e-18,0.59375,0.4146403617999878,8x8,0.99,0.5,5,exact,fixed,perturbation_seed,support_restricted_tv_l1,exact_support_restricted_l1,,,,,,
5,2031,15,Uniform,0.02097075196664888,0.05057576130701103,0.546875,0.4146403617999878,8x8,0.99,0.5,5,exact,fixed,perturbation_seed,support_restricted_tv_l1,exact_support_restricted_l1,,,,,,
5,2031,20,Uniform,0.04266480275589529,0.10289592303721684,0.4375,0.4146403617999878,8x8,0.99,0.5,5,exact,fixed,perturbation_seed,support_restricted_tv_l1,exact_support_restricted_l1,,,,,,
5,2031,25,Uniform,0.04730080476302142,0.11407670145203604,0.40625,0.4146403617999878,8x8,0.99,0.5,5,exact,fixed,perturbation_seed,support_restricted_tv_l1,exact_support_restricted_l1,,,,,,
5,2031,30,Uniform,0.04730080476302142,0.11407670145203604,0.40625,0.4146403617999878,8x8,0.99,0.5,5,exact,fixed,perturbation_seed,support_restricted_tv_l1,exact_support_restricted_l1,,,,,,
5,2031,35,Uniform,0.07978340746828376,0.1924159218893632,0.34375,0.4146403617999878,8x8,0.99,0.5,5,exact,fixed,perturbation_seed,support_restricted_tv_l1,exact_support_restricted_l1,,,,,,
5,2031,40,Uniform,0.1285331218578867,0.3099870000593138,0.265625,0.4146403617999878,8x8,0.99,0.5,5,exact,fixed,perturbation_seed,support_restricted_tv_l1,exact_support_restricted_l1,,,,,,
5,2031,45,Uniform,0.1285331218578867,0.3099870000593138,0.265625,0.4146403617999878,8x8,0.99,0.5,5,exact,fixed,perturbation_seed,support_restricted_tv_l1,exact_support_restricted_l1,,,,,,
5,2031,50,Uniform,0.1285331218578867,0.3099870000593138,0.265625,0.4146403617999878,8x8,0.99,0.5,5,exact,fixed,perturbation_seed,support_restricted_tv_l1,exact_support_restricted_l1,,,,,,
5,2031,55,Uniform,0.13274719668477009,0.32015020464603017,0.25,0.4146403617999878,8x8,0.99,0.5,5,exact,fixed,perturbation_seed,support_restricted_tv_l1,exact_support_restricted_l1,,,,,,
5,2031,60,Uniform,0.15134795873329804,0.36501019359592524,0.234375,0.4146403617999878,8x8,0.99,0.5,5,exact,fixed,perturbation_seed,support_restricted_tv_l1,exact_support_restricted_l1,,,,,,
5,2031,65,Uniform,0.16245776348751334,0.3918040269458353,0.21875,0.4146403617999878,8x8,0.99,0.5,5,exact,fixed,perturbation_seed,support_restricted_tv_l1,exact_support_restricted_l1,,,,,,
5,2031,70,Uniform,0.16695723533920984,0.4026555316863867,0.203125,0.4146403617999878,8x8,0.99,0.5,5,exact,fixed,perturbation_seed,support_restricted_tv_l1,exact_support_restricted_l1,,,,,,
5,2031,75,Uniform,0.16695723533920984,0.4026555316863867,0.203125,0.4146403617999878,8x8,0.99,0.5,5,exact,fixed,perturbation_seed,support_restricted_tv_l1,exact_support_restricted_l1,,,,,,
5,2031,80,Uniform,0.16695723533920984,0.4026555316863867,0.203125,0.4146403617999878,8x8,0.99,0.5,5,exact,fixed,perturbation_seed,support_restricted_tv_l1,exact_support_restricted_l1,,,,,,
5,2031,85,Uniform,0.16380000642729065,0.3950411525694734,0.21875,0.4146403617999878,8x8,0.99,0.5,5,exact,fixed,perturbation_seed,support_restricted_tv_l1,exact_support_restricted_l1,,,,,,
5,2031,90,Uniform,0.16490931147219579,0.3977164952208486,0.1875,0.4146403617999878,8x8,0.99,0.5,5,exact,fixed,perturbation_seed,support_restricted_tv_l1,exact_support_restricted_l1,,,,,,
5,2031,95,Uniform,0.16490931147219579,0.3977164952208486,0.1875,0.4146403617999878,8x8,0.99,0.5,5,exact,fixed,perturbation_seed,support_restricted_tv_l1,exact_support_restricted_l1,,,,,,
5,2031,100,Uniform,0.16490931147219579,0.3977164952208486,0.1875,0.4146403617999878,8x8,0.99,0.5,5,exact,fixed,perturbation_seed,support_restricted_tv_l1,exact_support_restricted_l1,,,,,,
5,2031,105,Uniform,0.16490931147219579,0.3977164952208486,0.1875,0.4146403617999878,8x8,0.99,0.5,5,exact,fixed,perturbation_seed,support_restricted_tv_l1,exact_support_restricted_l1,,,,,,
5,2031,110,Uniform,0.16490931147219579,0.3977164952208486,0.1875,0.4146403617999878,8x8,0.99,0.5,5,exact,fixed,perturbation_seed,support_restricted_tv_l1,exact_support_restricted_l1,,,,,,
5,2031,115,Uniform,0.16490931147219587,0.3977164952208488,0.203125,0.4146403617999878,8x8,0.99,0.5,5,exact,fixed,perturbation_seed,support_restricted_tv_l1,exact_support_restricted_l1,,,,,,
5,2031,120,Uniform,0.16490931147219587,0.3977164952208488,0.203125,0.4146403617999878,8x8,0.99,0.5,5,exact,fixed,perturbation_seed,support_restricted_tv_l1,exact_support_restricted_l1,,,,,,
5,2031,125,Uniform,0.16490931147219587,0.3977164952208488,0.203125,0.4146403617999878,8x8,0.99,0.5,5,exact,fixed,perturbation_seed,support_restricted_tv_l1,exact_support_restricted_l1,,,,,,
5,2031,130,Uniform,0.16490931147219587,0.3977164952208488,0.203125,0.4146403617999878,8x8,0.99,0.5,5,exact,fixed,perturbation_seed,support_restricted_tv_l1,exact_support_restricted_l1,,,,,,
5,2031,135,Uniform,0.16490931147219587,0.3977164952208488,0.203125,0.4146403617999878,8x8,0.99,0.5,5,exact,fixed,perturbation_seed,support_restricted_tv_l1,exact_support_restricted_l1,,,,,,
5,2031,140,Uniform,0.16490931147219587,0.3977164952208488,0.203125,0.4146403617999878,8x8,0.99,0.5,5,exact,fixed,perturbation_seed,support_restricted_tv_l1,exact_support_restricted_l1,,,,,,
5,2031,145,Uniform,0.16490931147219587,0.3977164952208488,0.203125,0.4146403617999878,8x8,0.99,0.5,5,exact,fixed,perturbation_seed,support_restricted_tv_l1,exact_support_restricted_l1,,,,,,
5,2031,150,Uniform,0.16490931147219587,0.3977164952208488,0.203125,0.4146403617999878,8x8,0.99,0.5,5,exact,fixed,perturbation_seed,support_restricted_tv_l1,exact_support_restricted_l1,,,,,,
5,2031,155,Uniform,0.1649123098374283,0.39772372646389376,0.1875,0.4146403617999878,8x8,0.99,0.5,5,exact,fixed,perturbation_seed,support_restricted_tv_l1,exact_support_restricted_l1,,,,,,
5,2031,160,Uniform,0.1649123098374283,0.39772372646389376,0.1875,0.4146403617999878,8x8,0.99,0.5,5,exact,fixed,perturbation_seed,support_restricted_tv_l1,exact_support_restricted_l1,,,,,,
5,2031,165,Uniform,0.1649123098374283,0.39772372646389376,0.1875,0.4146403617999878,8x8,0.99,0.5,5,exact,fixed,perturbation_seed,support_restricted_tv_l1,exact_support_restricted_l1,,,,,,
5,2031,170,Uniform,0.1649123098374283,0.39772372646389376,0.1875,0.4146403617999878,8x8,0.99,0.5,5,exact,fixed,perturbation_seed,support_restricted_tv_l1,exact_support_restricted_l1,,,,,,
5,2031,175,Uniform,0.1649123098374283,0.39772372646389376,0.1875,0.4146403617999878,8x8,0.99,0.5,5,exact,fixed,perturbation_seed,support_restricted_tv_l1,exact_support_restricted_l1,,,,,,
5,2031,180,Uniform,0.1649123098374283,0.39772372646389376,0.1875,0.4146403617999878,8x8,0.99,0.5,5,exact,fixed,perturbation_seed,support_restricted_tv_l1,exact_support_restricted_l1,,,,,,
5,2031,185,Uniform,0.1649123098374283,0.39772372646389376,0.1875,0.4146403617999878,8x8,0.99,0.5,5,exact,fixed,perturbation_seed,support_restricted_tv_l1,exact_support_restricted_l1,,,,,,
5,2031,190,Uniform,0.1649123098374283,0.39772372646389376,0.1875,0.4146403617999878,8x8,0.99,0.5,5,exact,fixed,perturbation_seed,support_restricted_tv_l1,exact_support_restricted_l1,,,,,,
5,2031,195,Uniform,0.16482034623947978,0.39750193522883576,0.203125,0.4146403617999878,8x8,0.99,0.5,5,exact,fixed,perturbation_seed,support_restricted_tv_l1,exact_support_restricted_l1,,,,,,
5,2031,200,Uniform,0.16482034623947978,0.39750193522883576,0.203125,0.4146403617999878,8x8,0.99,0.5,5,exact,fixed,perturbation_seed,support_restricted_tv_l1,exact_support_restricted_l1,,,,,,
5,2031,205,Uniform,0.16482034623947978,0.39750193522883576,0.203125,0.4146403617999878,8x8,0.99,0.5,5,exact,fixed,perturbation_seed,support_restricted_tv_l1,exact_support_restricted_l1,,,,,,
5,2031,210,Uniform,0.16482034623947978,0.39750193522883576,0.203125,0.4146403617999878,8x8,0.99,0.5,5,exact,fixed,perturbation_seed,support_restricted_tv_l1,exact_support_restricted_l1,,,,,,
5,2031,215,Uniform,0.16482034623947978,0.39750193522883576,0.203125,0.4146403617999878,8x8,0.99,0.5,5,exact,fixed,perturbation_seed,support_restricted_tv_l1,exact_support_restricted_l1,,,,,,
5,2031,220,Uniform,0.16482034623947978,0.39750193522883576,0.203125,0.4146403617999878,8x8,0.99,0.5,5,exact,fixed,perturbation_seed,support_restricted_tv_l1,exact_support_restricted_l1,,,,,,
5,2031,225,Uniform,0.16482034623947978,0.39750193522883576,0.203125,0.4146403617999878,8x8,0.99,0.5,5,exact,fixed,perturbation_seed,support_restricted_tv_l1,exact_support_restricted_l1,,,,,,
5,2031,230,Uniform,0.16482034623947978,0.39750193522883576,0.203125,0.4146403617999878,8x8,0.99,0.5,5,exact,fixed,perturbation_seed,support_restricted_tv_l1,exact_support_restricted_l1,,,,,,
5,2031,235,Uniform,0.16482034623947978,0.39750193522883576,0.203125,0.4146403617999878,8x8,0.99,0.5,5,exact,fixed,perturbation_seed,support_restricted_tv_l1,exact_support_restricted_l1,,,,,,
5,2031,240,Uniform,0.16482034623947978,0.39750193522883576,0.203125,0.4146403617999878,8x8,0.99,0.5,5,exact,fixed,perturbation_seed,support_restricted_tv_l1,exact_support_restricted_l1,,,,,,
5,2031,245,Uniform,0.16482034623947978,0.39750193522883576,0.203125,0.4146403617999878,8x8,0.99,0.5,5,exact,fixed,perturbation_seed,support_restricted_tv_l1,exact_support_restricted_l1,,,,,,
5,2031,250,Uniform,0.16482034623947978,0.39750193522883576,0.203125,0.4146403617999878,8x8,0.99,0.5,5,exact,fixed,perturbation_seed,support_restricted_tv_l1,exact_support_restricted_l1,,,,,,
5,2031,255,Uniform,0.16482034623947978,0.39750193522883576,0.203125,0.4146403617999878,8x8,0.99,0.5,5,exact,fixed,perturbation_seed,support_restricted_tv_l1,exact_support_restricted_l1,,,,,,
5,2031,260,Uniform,0.16482034623947978,0.39750193522883576,0.203125,0.4146403617999878,8x8,0.99,0.5,5,exact,fixed,perturbation_seed,support_restricted_tv_l1,exact_support_restricted_l1,,,,,,
5,2031,265,Uniform,0.16482034623947978,0.39750193522883576,0.203125,0.4146403617999878,8x8,0.99,0.5,5,exact,fixed,perturbation_seed,support_restricted_tv_l1,exact_support_restricted_l1,,,,,,
5,2031,270,Uniform,0.16482034623947978,0.39750193522883576,0.203125,0.4146403617999878,8x8,0.99,0.5,5,exact,fixed,perturbation_seed,support_restricted_tv_l1,exact_support_restricted_l1,,,,,,
5,2031,275,Uniform,0.16482034623947978,0.39750193522883576,0.203125,0.4146403617999878,8x8,0.99,0.5,5,exact,fixed,perturbation_seed,support_restricted_tv_l1,exact_support_restricted_l1,,,,,,
5,2031,280,Uniform,0.16482034623947978,0.39750193522883576,0.203125,0.4146403617999878,8x8,0.99,0.5,5,exact,fixed,perturbation_seed,support_restricted_tv_l1,exact_support_restricted_l1,,,,,,
5,2031,285,Uniform,0.16482034623947978,0.39750193522883576,0.203125,0.4146403617999878,8x8,0.99,0.5,5,exact,fixed,perturbation_seed,support_restricted_tv_l1,exact_support_restricted_l1,,,,,,
5,2031,290,Uniform,0.16482034623947978,0.39750193522883576,0.203125,0.4146403617999878,8x8,0.99,0.5,5,exact,fixed,perturbation_seed,support_restricted_tv_l1,exact_support_restricted_l1,,,,,,
5,2031,295,Uniform,0.16482034623947978,0.39750193522883576,0.203125,0.4146403617999878,8x8,0.99,0.5,5,exact,fixed,perturbation_seed,support_restricted_tv_l1,exact_support_restricted_l1,,,,,,
5,2031,300,Uniform,0.16482034623947978,0.39750193522883576,0.203125,0.4146403617999878,8x8,0.99,0.5,5,exact,fixed,perturbation_seed,support_restricted_tv_l1,exact_support_restricted_l1,,,,,,
5,2031,305,Uniform,0.16482034623947978,0.39750193522883576,0.203125,0.4146403617999878,8x8,0.99,0.5,5,exact,fixed,perturbation_seed,support_restricted_tv_l1,exact_support_restricted_l1,,,,,,
5,2031,310,Uniform,0.16482034623947978,0.39750193522883576,0.203125,0.4146403617999878,8x8,0.99,0.5,5,exact,fixed,perturbation_seed,support_restricted_tv_l1,exact_support_restricted_l1,,,,,,
5,2031,315,Uniform,0.16482034623947978,0.39750193522883576,0.203125,0.4146403617999878,8x8,0.99,0.5,5,exact,fixed,perturbation_seed,support_restricted_tv_l1,exact_support_restricted_l1,,,,,,
5,2031,320,Uniform,0.16482034623947978,0.39750193522883576,0.203125,0.4146403617999878,8x8,0.99,0.5,5,exact,fixed,perturbation_seed,support_restricted_tv_l1,exact_support_restricted_l1,,,,,,
5,2031,325,Uniform,0.16482034623947978,0.39750193522883576,0.203125,0.4146403617999878,8x8,0.99,0.5,5,exact,fixed,perturbation_seed,support_restricted_tv_l1,exact_support_restricted_l1,,,,,,
5,2031,330,Uniform,0.16482034623947978,0.39750193522883576,0.203125,0.4146403617999878,8x8,0.99,0.5,5,exact,fixed,perturbation_seed,support_restricted_tv_l1,exact_support_restricted_l1,,,,,,
5,2031,335,Uniform,0.16482034623947978,0.39750193522883576,0.203125,0.4146403617999878,8x8,0.99,0.5,5,exact,fixed,perturbation_seed,support_restricted_tv_l1,exact_support_restricted_l1,,,,,,
5,2031,340,Uniform,0.16482034623947978,0.39750193522883576,0.203125,0.4146403617999878,8x8,0.99,0.5,5,exact,fixed,perturbation_seed,support_restricted_tv_l1,exact_support_restricted_l1,,,,,,
5,2031,345,Uniform,0.16482034623947978,0.39750193522883576,0.203125,0.4146403617999878,8x8,0.99,0.5,5,exact,fixed,perturbation_seed,support_restricted_tv_l1,exact_support_restricted_l1,,,,,,
5,2031,350,Uniform,0.16482034623947978,0.39750193522883576,0.203125,0.4146403617999878,8x8,0.99,0.5,5,exact,fixed,perturbation_seed,support_restricted_tv_l1,exact_support_restricted_l1,,,,,,
5,2031,355,Uniform,0.16482034623947978,0.39750193522883576,0.203125,0.4146403617999878,8x8,0.99,0.5,5,exact,fixed,perturbation_seed,support_restricted_tv_l1,exact_support_restricted_l1,,,,,,
5,2031,360,Uniform,0.16482034623947978,0.39750193522883576,0.203125,0.4146403617999878,8x8,0.99,0.5,5,exact,fixed,perturbation_seed,support_restricted_tv_l1,exact_support_restricted_l1,,,,,,
5,2031,365,Uniform,0.16482034623947978,0.39750193522883576,0.203125,0.4146403617999878,8x8,0.99,0.5,5,exact,fixed,perturbation_seed,support_restricted_tv_l1,exact_support_restricted_l1,,,,,,
5,2031,370,Uniform,0.16482034623947978,0.39750193522883576,0.203125,0.4146403617999878,8x8,0.99,0.5,5,exact,fixed,perturbation_seed,support_restricted_tv_l1,exact_support_restricted_l1,,,,,,
5,2031,375,Uniform,0.16482034623947978,0.39750193522883576,0.203125,0.4146403617999878,8x8,0.99,0.5,5,exact,fixed,perturbation_seed,support_restricted_tv_l1,exact_support_restricted_l1,,,,,,
5,2031,380,Uniform,0.16482034623947978,0.39750193522883576,0.203125,0.4146403617999878,8x8,0.99,0.5,5,exact,fixed,perturbation_seed,support_restricted_tv_l1,exact_support_restricted_l1,,,,,,
5,2031,385,Uniform,0.16482034623947978,0.39750193522883576,0.203125,0.4146403617999878,8x8,0.99,0.5,5,exact,fixed,perturbation_seed,support_restricted_tv_l1,exact_support_restricted_l1,,,,,,
5,2031,390,Uniform,0.16482034623947978,0.39750193522883576,0.203125,0.4146403617999878,8x8,0.99,0.5,5,exact,fixed,perturbation_seed,support_restricted_tv_l1,exact_support_restricted_l1,,,,,,
5,2031,395,Uniform,0.16482034623947978,0.39750193522883576,0.203125,0.4146403617999878,8x8,0.99,0.5,5,exact,fixed,perturbation_seed,support_restricted_tv_l1,exact_support_restricted_l1,,,,,,
5,2031,400,Uniform,0.16259349694738412,0.39213137920667546,0.21875,0.4146403617999878,8x8,0.99,0.5,5,exact,fixed,perturbation_seed,support_restricted_tv_l1,exact_support_restricted_l1,,,,,,
5,2031,405,Uniform,0.16259349694738412,0.39213137920667546,0.21875,0.4146403617999878,8x8,0.99,0.5,5,exact,fixed,perturbation_seed,support_restricted_tv_l1,exact_support_restricted_l1,,,,,,
5,2031,410,Uniform,0.16259349694738412,0.39213137920667546,0.21875,0.4146403617999878,8x8,0.99,0.5,5,exact,fixed,perturbation_seed,support_restricted_tv_l1,exact_support_restricted_l1,,,,,,
5,2031,415,Uniform,0.16259349694738412,0.39213137920667546,0.21875,0.4146403617999878,8x8,0.99,0.5,5,exact,fixed,perturbation_seed,support_restricted_tv_l1,exact_support_restricted_l1,,,,,,
5,2031,420,Uniform,0.16259349694738412,0.39213137920667546,0.21875,0.4146403617999878,8x8,0.99,0.5,5,exact,fixed,perturbation_seed,support_restricted_tv_l1,exact_support_restricted_l1,,,,,,
5,2031,425,Uniform,0.16259349694738412,0.39213137920667546,0.21875,0.4146403617999878,8x8,0.99,0.5,5,exact,fixed,perturbation_seed,support_restricted_tv_l1,exact_support_restricted_l1,,,,,,
5,2031,430,Uniform,0.16259349694738412,0.39213137920667546,0.21875,0.4146403617999878,8x8,0.99,0.5,5,exact,fixed,perturbation_seed,support_restricted_tv_l1,exact_support_restricted_l1,,,,,,
5,2031,435,Uniform,0.16259349694738412,0.39213137920667546,0.21875,0.4146403617999878,8x8,0.99,0.5,5,exact,fixed,perturbation_seed,support_restricted_tv_l1,exact_support_restricted_l1,,,,,,
5,2031,440,Uniform,0.16259349694738412,0.39213137920667546,0.21875,0.4146403617999878,8x8,0.99,0.5,5,exact,fixed,perturbation_seed,support_restricted_tv_l1,exact_support_restricted_l1,,,,,,
5,2031,445,Uniform,0.16259349694738412,0.39213137920667546,0.21875,0.4146403617999878,8x8,0.99,0.5,5,exact,fixed,perturbation_seed,support_restricted_tv_l1,exact_support_restricted_l1,,,,,,
5,2031,450,Uniform,0.16259349694738412,0.39213137920667546,0.21875,0.4146403617999878,8x8,0.99,0.5,5,exact,fixed,perturbation_seed,support_restricted_tv_l1,exact_support_restricted_l1,,,,,,
5,2031,455,Uniform,0.16259349694738412,0.39213137920667546,0.21875,0.4146403617999878,8x8,0.99,0.5,5,exact,fixed,perturbation_seed,support_restricted_tv_l1,exact_support_restricted_l1,,,,,,
5,2031,460,Uniform,0.16259349694738412,0.39213137920667546,0.21875,0.4146403617999878,8x8,0.99,0.5,5,exact,fixed,perturbation_seed,support_restricted_tv_l1,exact_support_restricted_l1,,,,,,
5,2031,465,Uniform,0.16259349694738412,0.39213137920667546,0.21875,0.4146403617999878,8x8,0.99,0.5,5,exact,fixed,perturbation_seed,support_restricted_tv_l1,exact_support_restricted_l1,,,,,,
5,2031,470,Uniform,0.16259349694738412,0.39213137920667546,0.21875,0.4146403617999878,8x8,0.99,0.5,5,exact,fixed,perturbation_seed,support_restricted_tv_l1,exact_support_restricted_l1,,,,,,
5,2031,475,Uniform,0.16259349694738412,0.39213137920667546,0.21875,0.4146403617999878,8x8,0.99,0.5,5,exact,fixed,perturbation_seed,support_restricted_tv_l1,exact_support_restricted_l1,,,,,,
5,2031,480,Uniform,0.16259349694738412,0.39213137920667546,0.21875,0.4146403617999878,8x8,0.99,0.5,5,exact,fixed,perturbation_seed,support_restricted_tv_l1,exact_support_restricted_l1,,,,,,
5,2031,485,Uniform,0.16259349694738412,0.39213137920667546,0.21875,0.4146403617999878,8x8,0.99,0.5,5,exact,fixed,perturbation_seed,support_restricted_tv_l1,exact_support_restricted_l1,,,,,,
5,2031,490,Uniform,0.16259349694738412,0.39213137920667546,0.21875,0.4146403617999878,8x8,0.99,0.5,5,exact,fixed,perturbation_seed,support_restricted_tv_l1,exact_support_restricted_l1,,,,,,
5,2031,495,Uniform,0.16259349694738412,0.39213137920667546,0.21875,0.4146403617999878,8x8,0.99,0.5,5,exact,fixed,perturbation_seed,support_restricted_tv_l1,exact_support_restricted_l1,,,,,,
5,2031,500,Uniform,0.16259349694738412,0.39213137920667546,0.21875,0.4146403617999878,8x8,0.99,0.5,5,exact,fixed,perturbation_seed,support_restricted_tv_l1,exact_support_restricted_l1,,,,,,
5,2031,-1,source_metadata,,,,0.4146403617999878,8x8,0.99,0.5,5,exact,fixed,perturbation_seed,support_restricted_tv_l1,exact_support_restricted_l1,0.0,0.1,0.24892199688828925,0.09548702622130946,0.25,0.5385684610298584
5,2031,-1,source_metadata,,,,0.4146403617999878,8x8,0.99,0.5,5,exact,fixed,perturbation_seed,support_restricted_tv_l1,exact_support_restricted_l1,1.0,0.2,0.5844600805025637,0.1987186815259817,0.25,0.22937724995099673
5,2031,-1,source_metadata,,,,0.4146403617999878,8x8,0.99,0.5,5,exact,fixed,perturbation_seed,support_restricted_tv_l1,exact_support_restricted_l1,2.0,0.3,1.0194219336821462,0.3146684008869126,0.25,0.1315078079172059
5,2031,-1,source_metadata,,,,0.4146403617999878,8x8,0.99,0.5,5,exact,fixed,perturbation_seed,support_restricted_tv_l1,exact_support_restricted_l1,3.0,0.35,1.3333333333333335,0.3857253419020843,0.25,0.10054648110193883
6,2032,0,Maximum-based,0.0,0.0,0.65625,0.4146403617999878,8x8,0.99,0.5,5,exact,fixed,perturbation_seed,support_restricted_tv_l1,exact_support_restricted_l1,,,,,,
6,2032,5,Maximum-based,0.0,0.0,0.546875,0.4146403617999878,8x8,0.99,0.5,5,exact,fixed,perturbation_seed,support_restricted_tv_l1,exact_support_restricted_l1,,,,,,
6,2032,10,Maximum-based,-1.67316501880366e-17,-4.0352198506202183e-17,0.390625,0.4146403617999878,8x8,0.99,0.5,5,exact,fixed,perturbation_seed,support_restricted_tv_l1,exact_support_restricted_l1,,,,,,
6,2032,15,Maximum-based,0.06377118960904404,0.15379879887285472,0.390625,0.4146403617999878,8x8,0.99,0.5,5,exact,fixed,perturbation_seed,support_restricted_tv_l1,exact_support_restricted_l1,,,,,,
6,2032,20,Maximum-based,0.10530457922817892,0.2539660605423049,0.328125,0.4146403617999878,8x8,0.99,0.5,5,exact,fixed,perturbation_seed,support_restricted_tv_l1,exact_support_restricted_l1,,,,,,
6,2032,25,Maximum-based,0.20179404840063264,0.48667246846068757,0.265625,0.4146403617999878,8x8,0.99,0.5,5,exact,fixed,perturbation_seed,support_restricted_tv_l1,exact_support_restricted_l1,,,,,,
6,2032,30,Maximum-based,0.2053972733336441,0.4953624689164309,0.25,0.4146403617999878,8x8,0.99,0.5,5,exact,fixed,perturbation_seed,support_restricted_tv_l1,exact_support_restricted_l1,,,,,,
6,2032,35,Maximum-based,0.3574735121931869,0.8621290764877907,0.1875,0.4146403617999878,8x8,0.99,0.5,5,exact,fixed,perturbation_seed,support_restricted_tv_l1,exact_support_restricted_l1,,,,,,
6,2032,40,Maximum-based,0.3574735121931869,0.8621290764877907,0.203125,0.4146403617999878,8x8,0.99,0.5,5,exact,fixed,perturbation_seed,support_restricted_tv_l1,exact_support_restricted_l1,,,,,,
6,2032,45,Maximum-based,0.38191116204415293,0.9210660544145902,0.15625,0.4146403617999878,8x8,0.99,0.5,5,exact,fixed,perturbation_seed,support_restricted_tv_l1,exact_support_restricted_l1,,,,,,
6,2032,50,Maximum-based,0.4025218618361782,0.9707734676113001,0.140625,0.4146403617999878,8x8,0.99,0.5,5,exact,fixed,perturbation_seed,support_restricted_tv_l1,exact_support_restricted_l1,,,,,,
6,2032,55,Maximum-based,0.4025218618361782,0.9707734676113001,0.140625,0.4146403617999878,8x8,0.99,0.5,5,exact,fixed,perturbation_seed,support_restricted_tv_l1,exact_support_restricted_l1,,,,,,
6,2032,60,Maximum-based,0.40282565055967223,0.9715061235499918,0.140625,0.4146403617999878,8x8,0.99,0.5,5,exact,fixed,perturbation_seed,support_restricted_tv_l1,exact_support_restricted_l1,,,,,,
6,2032,65,Maximum-based,0.402964746428715,0.9718415850290405,0.125,0.4146403617999878,8x8,0.99,0.5,5,exact,fixed,perturbation_seed,support_restricted_tv_l1,exact_support_restricted_l1,,,,,,
6,2032,70,Maximum-based,0.402964746428715,0.9718415850290405,0.125,0.4146403617999878,8x8,0.99,0.5,5,exact,fixed,perturbation_seed,support_restricted_tv_l1,exact_support_restricted_l1,,,,,,
6,2032,75,Maximum-based,0.4030731015784077,0.9721029082374767,0.109375,0.4146403617999878,8x8,0.99,0.5,5,exact,fixed,perturbation_seed,support_restricted_tv_l1,exact_support_restricted_l1,,,,,,
6,2032,80,Maximum-based,0.4030731015784077,0.9721029082374767,0.109375,0.4146403617999878,8x8,0.99,0.5,5,exact,fixed,perturbation_seed,support_restricted_tv_l1,exact_support_restricted_l1,,,,,,
6,2032,85,Maximum-based,0.4030731015784077,0.9721029082374767,0.109375,0.4146403617999878,8x8,0.99,0.5,5,exact,fixed,perturbation_seed,support_restricted_tv_l1,exact_support_restricted_l1,,,,,,
6,2032,90,Maximum-based,0.4030731015784077,0.9721029082374767,0.109375,0.4146403617999878,8x8,0.99,0.5,5,exact,fixed,perturbation_seed,support_restricted_tv_l1,exact_support_restricted_l1,,,,,,
6,2032,95,Maximum-based,0.4030731015784077,0.9721029082374767,0.109375,0.4146403617999878,8x8,0.99,0.5,5,exact,fixed,perturbation_seed,support_restricted_tv_l1,exact_support_restricted_l1,,,,,,
6,2032,100,Maximum-based,0.4030731015784077,0.9721029082374767,0.109375,0.4146403617999878,8x8,0.99,0.5,5,exact,fixed,perturbation_seed,support_restricted_tv_l1,exact_support_restricted_l1,,,,,,
6,2032,105,Maximum-based,0.4030731015784077,0.9721029082374767,0.109375,0.4146403617999878,8x8,0.99,0.5,5,exact,fixed,perturbation_seed,support_restricted_tv_l1,exact_support_restricted_l1,,,,,,
6,2032,110,Maximum-based,0.4030731015784077,0.9721029082374767,0.109375,0.4146403617999878,8x8,0.99,0.5,5,exact,fixed,perturbation_seed,support_restricted_tv_l1,exact_support_restricted_l1,,,,,,
6,2032,115,Maximum-based,0.396096004255021,0.9552760434018912,0.125,0.4146403617999878,8x8,0.99,0.5,5,exact,fixed,perturbation_seed,support_restricted_tv_l1,exact_support_restricted_l1,,,,,,
6,2032,120,Maximum-based,0.396096004255021,0.9552760434018912,0.125,0.4146403617999878,8x8,0.99,0.5,5,exact,fixed,perturbation_seed,support_restricted_tv_l1,exact_support_restricted_l1,,,,,,
6,2032,125,Maximum-based,0.39609600425502084,0.9552760434018908,0.109375,0.4146403617999878,8x8,0.99,0.5,5,exact,fixed,perturbation_seed,support_restricted_tv_l1,exact_support_restricted_l1,,,,,,
6,2032,130,Maximum-based,0.39609600425502084,0.9552760434018908,0.109375,0.4146403617999878,8x8,0.99,0.5,5,exact,fixed,perturbation_seed,support_restricted_tv_l1,exact_support_restricted_l1,,,,,,
6,2032,135,Maximum-based,0.39609600425502084,0.9552760434018908,0.109375,0.4146403617999878,8x8,0.99,0.5,5,exact,fixed,perturbation_seed,support_restricted_tv_l1,exact_support_restricted_l1,,,,,,
6,2032,140,Maximum-based,0.39609600425502084,0.9552760434018908,0.109375,0.4146403617999878,8x8,0.99,0.5,5,exact,fixed,perturbation_seed,support_restricted_tv_l1,exact_support_restricted_l1,,,,,,
6,2032,145,Maximum-based,0.39609600425502084,0.9552760434018908,0.109375,0.4146403617999878,8x8,0.99,0.5,5,exact,fixed,perturbation_seed,support_restricted_tv_l1,exact_support_restricted_l1,,,,,,
6,2032,150,Maximum-based,0.3960115770189141,0.9550724278258763,0.125,0.4146403617999878,8x8,0.99,0.5,5,exact,fixed,perturbation_seed,support_restricted_tv_l1,exact_support_restricted_l1,,,,,,
6,2032,155,Maximum-based,0.39611399047434376,0.9553194212806019,0.109375,0.4146403617999878,8x8,0.99,0.5,5,exact,fixed,perturbation_seed,support_restricted_tv_l1,exact_support_restricted_l1,,,,,,
6,2032,160,Maximum-based,0.39611399047434376,0.9553194212806019,0.109375,0.4146403617999878,8x8,0.99,0.5,5,exact,fixed,perturbation_seed,support_restricted_tv_l1,exact_support_restricted_l1,,,,,,
6,2032,165,Maximum-based,0.39611399047434376,0.9553194212806019,0.109375,0.4146403617999878,8x8,0.99,0.5,5,exact,fixed,perturbation_seed,support_restricted_tv_l1,exact_support_restricted_l1,,,,,,
6,2032,170,Maximum-based,0.39611399047434376,0.9553194212806019,0.109375,0.4146403617999878,8x8,0.99,0.5,5,exact,fixed,perturbation_seed,support_restricted_tv_l1,exact_support_restricted_l1,,,,,,
6,2032,175,Maximum-based,0.39605686841102883,0.9551816583694687,0.125,0.4146403617999878,8x8,0.99,0.5,5,exact,fixed,perturbation_seed,support_restricted_tv_l1,exact_support_restricted_l1,,,,,,
6,2032,180,Maximum-based,0.39605686841102883,0.9551816583694687,0.125,0.4146403617999878,8x8,0.99,0.5,5,exact,fixed,perturbation_seed,support_restricted_tv_l1,exact_support_restricted_l1,,,,,,
6,2032,185,Maximum-based,0.39605686841102883,0.9551816583694687,0.125,0.4146403617999878,8x8,0.99,0.5,5,exact,fixed,perturbation_seed,support_restricted_tv_l1,exact_support_restricted_l1,,,,,,
6,2032,190,Maximum-based,0.39605686841102883,0.9551816583694687,0.125,0.4146403617999878,8x8,0.99,0.5,5,exact,fixed,perturbation_seed,support_restricted_tv_l1,exact_support_restricted_l1,,,,,,
6,2032,195,Maximum-based,0.39605686841102883,0.9551816583694687,0.125,0.4146403617999878,8x8,0.99,0.5,5,exact,fixed,perturbation_seed,support_restricted_tv_l1,exact_support_restricted_l1,,,,,,
6,2032,200,Maximum-based,0.3842906019099048,0.9268046174802371,0.140625,0.4146403617999878,8x8,0.99,0.5,5,exact,fixed,perturbation_seed,support_restricted_tv_l1,exact_support_restricted_l1,,,,,,
6,2032,205,Maximum-based,0.3842906019099048,0.9268046174802371,0.140625,0.4146403617999878,8x8,0.99,0.5,5,exact,fixed,perturbation_seed,support_restricted_tv_l1,exact_support_restricted_l1,,,,,,
6,2032,210,Maximum-based,0.3842906019099048,0.9268046174802371,0.140625,0.4146403617999878,8x8,0.99,0.5,5,exact,fixed,perturbation_seed,support_restricted_tv_l1,exact_support_restricted_l1,,,,,,
6,2032,215,Maximum-based,0.3842906019099048,0.9268046174802371,0.140625,0.4146403617999878,8x8,0.99,0.5,5,exact,fixed,perturbation_seed,support_restricted_tv_l1,exact_support_restricted_l1,,,,,,
6,2032,220,Maximum-based,0.3842906019099048,0.9268046174802371,0.140625,0.4146403617999878,8x8,0.99,0.5,5,exact,fixed,perturbation_seed,support_restricted_tv_l1,exact_support_restricted_l1,,,,,,
6,2032,225,Maximum-based,0.3842906019099048,0.9268046174802371,0.140625,0.4146403617999878,8x8,0.99,0.5,5,exact,fixed,perturbation_seed,support_restricted_tv_l1,exact_support_restricted_l1,,,,,,
6,2032,230,Maximum-based,0.39466780525794737,0.9518316151005225,0.125,0.4146403617999878,8x8,0.99,0.5,5,exact,fixed,perturbation_seed,support_restricted_tv_l1,exact_support_restricted_l1,,,,,,
6,2032,235,Maximum-based,0.39466780525794737,0.9518316151005225,0.125,0.4146403617999878,8x8,0.99,0.5,5,exact,fixed,perturbation_seed,support_restricted_tv_l1,exact_support_restricted_l1,,,,,,
6,2032,240,Maximum-based,0.39466780525794737,0.9518316151005225,0.125,0.4146403617999878,8x8,0.99,0.5,5,exact,fixed,perturbation_seed,support_restricted_tv_l1,exact_support_restricted_l1,,,,,,
6,2032,245,Maximum-based,0.39466780525794737,0.9518316151005225,0.125,0.4146403617999878,8x8,0.99,0.5,5,exact,fixed,perturbation_seed,support_restricted_tv_l1,exact_support_restricted_l1,,,,,,
6,2032,250,Maximum-based,0.39466780525794737,0.9518316151005225,0.125,0.4146403617999878,8x8,0.99,0.5,5,exact,fixed,perturbation_seed,support_restricted_tv_l1,exact_support_restricted_l1,,,,,,
6,2032,255,Maximum-based,0.39466780525794737,0.9518316151005225,0.125,0.4146403617999878,8x8,0.99,0.5,5,exact,fixed,perturbation_seed,support_restricted_tv_l1,exact_support_restricted_l1,,,,,,
6,2032,260,Maximum-based,0.39466780525794737,0.9518316151005225,0.125,0.4146403617999878,8x8,0.99,0.5,5,exact,fixed,perturbation_seed,support_restricted_tv_l1,exact_support_restricted_l1,,,,,,
6,2032,265,Maximum-based,0.39466780525794737,0.9518316151005225,0.125,0.4146403617999878,8x8,0.99,0.5,5,exact,fixed,perturbation_seed,support_restricted_tv_l1,exact_support_restricted_l1,,,,,,
6,2032,270,Maximum-based,0.39466780525794737,0.9518316151005225,0.125,0.4146403617999878,8x8,0.99,0.5,5,exact,fixed,perturbation_seed,support_restricted_tv_l1,exact_support_restricted_l1,,,,,,
6,2032,275,Maximum-based,0.39466780525794737,0.9518316151005225,0.125,0.4146403617999878,8x8,0.99,0.5,5,exact,fixed,perturbation_seed,support_restricted_tv_l1,exact_support_restricted_l1,,,,,,
6,2032,280,Maximum-based,0.39466780525794737,0.9518316151005225,0.125,0.4146403617999878,8x8,0.99,0.5,5,exact,fixed,perturbation_seed,support_restricted_tv_l1,exact_support_restricted_l1,,,,,,
6,2032,285,Maximum-based,0.39466780525794737,0.9518316151005225,0.125,0.4146403617999878,8x8,0.99,0.5,5,exact,fixed,perturbation_seed,support_restricted_tv_l1,exact_support_restricted_l1,,,,,,
6,2032,290,Maximum-based,0.39467302579599334,0.9518442056211928,0.109375,0.4146403617999878,8x8,0.99,0.5,5,exact,fixed,perturbation_seed,support_restricted_tv_l1,exact_support_restricted_l1,,,,,,
6,2032,295,Maximum-based,0.39467302579599334,0.9518442056211928,0.109375,0.4146403617999878,8x8,0.99,0.5,5,exact,fixed,perturbation_seed,support_restricted_tv_l1,exact_support_restricted_l1,,,,,,
6,2032,300,Maximum-based,0.39467302579599334,0.9518442056211928,0.109375,0.4146403617999878,8x8,0.99,0.5,5,exact,fixed,perturbation_seed,support_restricted_tv_l1,exact_support_restricted_l1,,,,,,
6,2032,305,Maximum-based,0.39467302579599334,0.9518442056211928,0.109375,0.4146403617999878,8x8,0.99,0.5,5,exact,fixed,perturbation_seed,support_restricted_tv_l1,exact_support_restricted_l1,,,,,,
6,2032,310,Maximum-based,0.39467302579599334,0.9518442056211928,0.109375,0.4146403617999878,8x8,0.99,0.5,5,exact,fixed,perturbation_seed,support_restricted_tv_l1,exact_support_restricted_l1,,,,,,
6,2032,315,Maximum-based,0.39467302579599334,0.9518442056211928,0.109375,0.4146403617999878,8x8,0.99,0.5,5,exact,fixed,perturbation_seed,support_restricted_tv_l1,exact_support_restricted_l1,,,,,,
6,2032,320,Maximum-based,0.39467302579599334,0.9518442056211928,0.109375,0.4146403617999878,8x8,0.99,0.5,5,exact,fixed,perturbation_seed,support_restricted_tv_l1,exact_support_restricted_l1,,,,,,
6,2032,325,Maximum-based,0.39467302579599334,0.9518442056211928,0.109375,0.4146403617999878,8x8,0.99,0.5,5,exact,fixed,perturbation_seed,support_restricted_tv_l1,exact_support_restricted_l1,,,,,,
6,2032,330,Maximum-based,0.39467302579599334,0.9518442056211928,0.109375,0.4146403617999878,8x8,0.99,0.5,5,exact,fixed,perturbation_seed,support_restricted_tv_l1,exact_support_restricted_l1,,,,,,
6,2032,335,Maximum-based,0.3910168747247302,0.9430265616865996,0.125,0.4146403617999878,8x8,0.99,0.5,5,exact,fixed,perturbation_seed,support_restricted_tv_l1,exact_support_restricted_l1,,,,,,
6,2032,340,Maximum-based,0.3910168747247302,0.9430265616865996,0.125,0.4146403617999878,8x8,0.99,0.5,5,exact,fixed,perturbation_seed,support_restricted_tv_l1,exact_support_restricted_l1,,,,,,
6,2032,345,Maximum-based,0.3910168747247302,0.9430265616865996,0.125,0.4146403617999878,8x8,0.99,0.5,5,exact,fixed,perturbation_seed,support_restricted_tv_l1,exact_support_restricted_l1,,,,,,
6,2032,350,Maximum-based,0.3910168747247302,0.9430265616865996,0.125,0.4146403617999878,8x8,0.99,0.5,5,exact,fixed,perturbation_seed,support_restricted_tv_l1,exact_support_restricted_l1,,,,,,
6,2032,355,Maximum-based,0.3910168747247302,0.9430265616865996,0.125,0.4146403617999878,8x8,0.99,0.5,5,exact,fixed,perturbation_seed,support_restricted_tv_l1,exact_support_restricted_l1,,,,,,
6,2032,360,Maximum-based,0.3910168747247302,0.9430265616865996,0.125,0.4146403617999878,8x8,0.99,0.5,5,exact,fixed,perturbation_seed,support_restricted_tv_l1,exact_support_restricted_l1,,,,,,
6,2032,365,Maximum-based,0.3910168747247302,0.9430265616865996,0.125,0.4146403617999878,8x8,0.99,0.5,5,exact,fixed,perturbation_seed,support_restricted_tv_l1,exact_support_restricted_l1,,,,,,
6,2032,370,Maximum-based,0.3910168747247302,0.9430265616865996,0.125,0.4146403617999878,8x8,0.99,0.5,5,exact,fixed,perturbation_seed,support_restricted_tv_l1,exact_support_restricted_l1,,,,,,
6,2032,375,Maximum-based,0.3910168747247302,0.9430265616865996,0.125,0.4146403617999878,8x8,0.99,0.5,5,exact,fixed,perturbation_seed,support_restricted_tv_l1,exact_support_restricted_l1,,,,,,
6,2032,380,Maximum-based,0.3910168747247302,0.9430265616865996,0.125,0.4146403617999878,8x8,0.99,0.5,5,exact,fixed,perturbation_seed,support_restricted_tv_l1,exact_support_restricted_l1,,,,,,
6,2032,385,Maximum-based,0.3910168747247302,0.9430265616865996,0.125,0.4146403617999878,8x8,0.99,0.5,5,exact,fixed,perturbation_seed,support_restricted_tv_l1,exact_support_restricted_l1,,,,,,
6,2032,390,Maximum-based,0.3910168747247302,0.9430265616865996,0.125,0.4146403617999878,8x8,0.99,0.5,5,exact,fixed,perturbation_seed,support_restricted_tv_l1,exact_support_restricted_l1,,,,,,
6,2032,395,Maximum-based,0.3910168747247302,0.9430265616865996,0.125,0.4146403617999878,8x8,0.99,0.5,5,exact,fixed,perturbation_seed,support_restricted_tv_l1,exact_support_restricted_l1,,,,,,
6,2032,400,Maximum-based,0.3910168747247302,0.9430265616865996,0.125,0.4146403617999878,8x8,0.99,0.5,5,exact,fixed,perturbation_seed,support_restricted_tv_l1,exact_support_restricted_l1,,,,,,
6,2032,405,Maximum-based,0.3910168747247302,0.9430265616865996,0.125,0.4146403617999878,8x8,0.99,0.5,5,exact,fixed,perturbation_seed,support_restricted_tv_l1,exact_support_restricted_l1,,,,,,
6,2032,410,Maximum-based,0.3910168747247302,0.9430265616865996,0.125,0.4146403617999878,8x8,0.99,0.5,5,exact,fixed,perturbation_seed,support_restricted_tv_l1,exact_support_restricted_l1,,,,,,
6,2032,415,Maximum-based,0.3910168747247302,0.9430265616865996,0.125,0.4146403617999878,8x8,0.99,0.5,5,exact,fixed,perturbation_seed,support_restricted_tv_l1,exact_support_restricted_l1,,,,,,
6,2032,420,Maximum-based,0.3910168747247302,0.9430265616865996,0.125,0.4146403617999878,8x8,0.99,0.5,5,exact,fixed,perturbation_seed,support_restricted_tv_l1,exact_support_restricted_l1,,,,,,
6,2032,425,Maximum-based,0.3910168747247302,0.9430265616865996,0.125,0.4146403617999878,8x8,0.99,0.5,5,exact,fixed,perturbation_seed,support_restricted_tv_l1,exact_support_restricted_l1,,,,,,
6,2032,430,Maximum-based,0.3910168747247302,0.9430265616865996,0.125,0.4146403617999878,8x8,0.99,0.5,5,exact,fixed,perturbation_seed,support_restricted_tv_l1,exact_support_restricted_l1,,,,,,
6,2032,435,Maximum-based,0.3910168747247302,0.9430265616865996,0.125,0.4146403617999878,8x8,0.99,0.5,5,exact,fixed,perturbation_seed,support_restricted_tv_l1,exact_support_restricted_l1,,,,,,
6,2032,440,Maximum-based,0.3910168747247302,0.9430265616865996,0.125,0.4146403617999878,8x8,0.99,0.5,5,exact,fixed,perturbation_seed,support_restricted_tv_l1,exact_support_restricted_l1,,,,,,
6,2032,445,Maximum-based,0.3910168747247302,0.9430265616865996,0.125,0.4146403617999878,8x8,0.99,0.5,5,exact,fixed,perturbation_seed,support_restricted_tv_l1,exact_support_restricted_l1,,,,,,
6,2032,450,Maximum-based,0.3910168747247302,0.9430265616865996,0.125,0.4146403617999878,8x8,0.99,0.5,5,exact,fixed,perturbation_seed,support_restricted_tv_l1,exact_support_restricted_l1,,,,,,
6,2032,455,Maximum-based,0.3910168747247302,0.9430265616865996,0.125,0.4146403617999878,8x8,0.99,0.5,5,exact,fixed,perturbation_seed,support_restricted_tv_l1,exact_support_restricted_l1,,,,,,
6,2032,460,Maximum-based,0.3910168747247302,0.9430265616865996,0.125,0.4146403617999878,8x8,0.99,0.5,5,exact,fixed,perturbation_seed,support_restricted_tv_l1,exact_support_restricted_l1,,,,,,
6,2032,465,Maximum-based,0.3910168747247302,0.9430265616865996,0.125,0.4146403617999878,8x8,0.99,0.5,5,exact,fixed,perturbation_seed,support_restricted_tv_l1,exact_support_restricted_l1,,,,,,
6,2032,470,Maximum-based,0.3910168747247302,0.9430265616865996,0.125,0.4146403617999878,8x8,0.99,0.5,5,exact,fixed,perturbation_seed,support_restricted_tv_l1,exact_support_restricted_l1,,,,,,
6,2032,475,Maximum-based,0.3910168747247302,0.9430265616865996,0.125,0.4146403617999878,8x8,0.99,0.5,5,exact,fixed,perturbation_seed,support_restricted_tv_l1,exact_support_restricted_l1,,,,,,
6,2032,480,Maximum-based,0.3910168747247301,0.9430265616865995,0.140625,0.4146403617999878,8x8,0.99,0.5,5,exact,fixed,perturbation_seed,support_restricted_tv_l1,exact_support_restricted_l1,,,,,,
6,2032,485,Maximum-based,0.3910168747247301,0.9430265616865995,0.140625,0.4146403617999878,8x8,0.99,0.5,5,exact,fixed,perturbation_seed,support_restricted_tv_l1,exact_support_restricted_l1,,,,,,
6,2032,490,Maximum-based,0.3910168747247301,0.9430265616865995,0.140625,0.4146403617999878,8x8,0.99,0.5,5,exact,fixed,perturbation_seed,support_restricted_tv_l1,exact_support_restricted_l1,,,,,,
6,2032,495,Maximum-based,0.3910168747247301,0.9430265616865995,0.140625,0.4146403617999878,8x8,0.99,0.5,5,exact,fixed,perturbation_seed,support_restricted_tv_l1,exact_support_restricted_l1,,,,,,
6,2032,500,Maximum-based,0.3910168747247301,0.9430265616865995,0.140625,0.4146403617999878,8x8,0.99,0.5,5,exact,fixed,perturbation_seed,support_restricted_tv_l1,exact_support_restricted_l1,,,,,,
6,2032,0,Similarity-aware,0.0,0.0,0.65625,0.4146403617999878,8x8,0.99,0.5,5,exact,fixed,perturbation_seed,support_restricted_tv_l1,exact_support_restricted_l1,,,,,,
6,2032,5,Similarity-aware,0.0,0.0,0.578125,0.4146403617999878,8x8,0.99,0.5,5,exact,fixed,perturbation_seed,support_restricted_tv_l1,exact_support_restricted_l1,,,,,,
6,2032,10,Similarity-aware,-1.521574493863811e-18,-3.669624653177832e-18,0.46875,0.4146403617999878,8x8,0.99,0.5,5,exact,fixed,perturbation_seed,support_restricted_tv_l1,exact_support_restricted_l1,,,,,,
6,2032,15,Similarity-aware,0.021206205073627714,0.05114361028812979,0.453125,0.4146403617999878,8x8,0.99,0.5,5,exact,fixed,perturbation_seed,support_restricted_tv_l1,exact_support_restricted_l1,,,,,,
6,2032,20,Similarity-aware,0.0583399882333981,0.14070021543522543,0.40625,0.4146403617999878,8x8,0.99,0.5,5,exact,fixed,perturbation_seed,support_restricted_tv_l1,exact_support_restricted_l1,,,,,,
6,2032,25,Similarity-aware,0.2055473775025102,0.49572447942648945,0.328125,0.4146403617999878,8x8,0.99,0.5,5,exact,fixed,perturbation_seed,support_restricted_tv_l1,exact_support_restricted_l1,,,,,,
6,2032,30,Similarity-aware,0.356182441445261,0.8590153643003875,0.21875,0.4146403617999878,8x8,0.99,0.5,5,exact,fixed,perturbation_seed,support_restricted_tv_l1,exact_support_restricted_l1,,,,,,
6,2032,35,Similarity-aware,0.3567444077397775,0.8603706744589957,0.203125,0.4146403617999878,8x8,0.99,0.5,5,exact,fixed,perturbation_seed,support_restricted_tv_l1,exact_support_restricted_l1,,,,,,
6,2032,40,Similarity-aware,0.3705667395934336,0.8937063868668573,0.1875,0.4146403617999878,8x8,0.99,0.5,5,exact,fixed,perturbation_seed,support_restricted_tv_l1,exact_support_restricted_l1,,,,,,
6,2032,45,Similarity-aware,0.40262819664620675,0.9710299183088803,0.15625,0.4146403617999878,8x8,0.99,0.5,5,exact,fixed,perturbation_seed,support_restricted_tv_l1,exact_support_restricted_l1,,,,,,
6,2032,50,Similarity-aware,0.4026887992751115,0.971176075399429,0.140625,0.4146403617999878,8x8,0.99,0.5,5,exact,fixed,perturbation_seed,support_restricted_tv_l1,exact_support_restricted_l1,,,,,,
6,2032,55,Similarity-aware,0.4028270920937808,0.9715096001389623,0.140625,0.4146403617999878,8x8,0.99,0.5,5,exact,fixed,perturbation_seed,support_restricted_tv_l1,exact_support_restricted_l1,,,,,,
6,2032,60,Similarity-aware,0.402827092093781,0.9715096001389627,0.140625,0.4146403617999878,8x8,0.99,0.5,5,exact,fixed,perturbation_seed,support_restricted_tv_l1,exact_support_restricted_l1,,,,,,
6,2032,65,Similarity-aware,0.40313828781031014,0.972260119734253,0.125,0.4146403617999878,8x8,0.99,0.5,5,exact,fixed,perturbation_seed,support_restricted_tv_l1,exact_support_restricted_l1,,,,,,
6,2032,70,Similarity-aware,0.40313828781031014,0.972260119734253,0.125,0.4146403617999878,8x8,0.99,0.5,5,exact,fixed,perturbation_seed,support_restricted_tv_l1,exact_support_restricted_l1,,,,,,
6,2032,75,Similarity-aware,0.40313828781031014,0.972260119734253,0.125,0.4146403617999878,8x8,0.99,0.5,5,exact,fixed,perturbation_seed,support_restricted_tv_l1,exact_support_restricted_l1,,,,,,
6,2032,80,Similarity-aware,0.4032503316949873,0.9725303391701776,0.109375,0.4146403617999878,8x8,0.99,0.5,5,exact,fixed,perturbation_seed,support_restricted_tv_l1,exact_support_restricted_l1,,,,,,
6,2032,85,Similarity-aware,0.4032503316949873,0.9725303391701776,0.109375,0.4146403617999878,8x8,0.99,0.5,5,exact,fixed,perturbation_seed,support_restricted_tv_l1,exact_support_restricted_l1,,,,,,
6,2032,90,Similarity-aware,0.4032503316949873,0.9725303391701776,0.109375,0.4146403617999878,8x8,0.99,0.5,5,exact,fixed,perturbation_seed,support_restricted_tv_l1,exact_support_restricted_l1,,,,,,
6,2032,95,Similarity-aware,0.4032503316949873,0.9725303391701776,0.109375,0.4146403617999878,8x8,0.99,0.5,5,exact,fixed,perturbation_seed,support_restricted_tv_l1,exact_support_restricted_l1,,,,,,
6,2032,100,Similarity-aware,0.4032503316949873,0.9725303391701776,0.109375,0.4146403617999878,8x8,0.99,0.5,5,exact,fixed,perturbation_seed,support_restricted_tv_l1,exact_support_restricted_l1,,,,,,
6,2032,105,Similarity-aware,0.4032503316949873,0.9725303391701776,0.109375,0.4146403617999878,8x8,0.99,0.5,5,exact,fixed,perturbation_seed,support_restricted_tv_l1,exact_support_restricted_l1,,,,,,
6,2032,110,Similarity-aware,0.4032503316949873,0.9725303391701776,0.109375,0.4146403617999878,8x8,0.99,0.5,5,exact,fixed,perturbation_seed,support_restricted_tv_l1,exact_support_restricted_l1,,,,,,
6,2032,115,Similarity-aware,0.4032503316949873,0.9725303391701776,0.109375,0.4146403617999878,8x8,0.99,0.5,5,exact,fixed,perturbation_seed,support_restricted_tv_l1,exact_support_restricted_l1,,,,,,
6,2032,120,Similarity-aware,0.4032503316949873,0.9725303391701776,0.109375,0.4146403617999878,8x8,0.99,0.5,5,exact,fixed,perturbation_seed,support_restricted_tv_l1,exact_support_restricted_l1,,,,,,
6,2032,125,Similarity-aware,0.4032503316949873,0.9725303391701776,0.109375,0.4146403617999878,8x8,0.99,0.5,5,exact,fixed,perturbation_seed,support_restricted_tv_l1,exact_support_restricted_l1,,,,,,
6,2032,130,Similarity-aware,0.4032503316949873,0.9725303391701776,0.109375,0.4146403617999878,8x8,0.99,0.5,5,exact,fixed,perturbation_seed,support_restricted_tv_l1,exact_support_restricted_l1,,,,,,
6,2032,135,Similarity-aware,0.4032503316949873,0.9725303391701776,0.109375,0.4146403617999878,8x8,0.99,0.5,5,exact,fixed,perturbation_seed,support_restricted_tv_l1,exact_support_restricted_l1,,,,,,
6,2032,140,Similarity-aware,0.4032503316949873,0.9725303391701776,0.109375,0.4146403617999878,8x8,0.99,0.5,5,exact,fixed,perturbation_seed,support_restricted_tv_l1,exact_support_restricted_l1,,,,,,
6,2032,145,Similarity-aware,0.4032503316949873,0.9725303391701776,0.109375,0.4146403617999878,8x8,0.99,0.5,5,exact,fixed,perturbation_seed,support_restricted_tv_l1,exact_support_restricted_l1,,,,,,
6,2032,150,Similarity-aware,0.4032503316949873,0.9725303391701776,0.109375,0.4146403617999878,8x8,0.99,0.5,5,exact,fixed,perturbation_seed,support_restricted_tv_l1,exact_support_restricted_l1,,,,,,
6,2032,155,Similarity-aware,0.4032503316949873,0.9725303391701776,0.109375,0.4146403617999878,8x8,0.99,0.5,5,exact,fixed,perturbation_seed,support_restricted_tv_l1,exact_support_restricted_l1,,,,,,
6,2032,160,Similarity-aware,0.3962005041876617,0.9555280688732829,0.125,0.4146403617999878,8x8,0.99,0.5,5,exact,fixed,perturbation_seed,support_restricted_tv_l1,exact_support_restricted_l1,,,,,,
6,2032,165,Similarity-aware,0.39611399047434376,0.9553194212806019,0.140625,0.4146403617999878,8x8,0.99,0.5,5,exact,fixed,perturbation_seed,support_restricted_tv_l1,exact_support_restricted_l1,,,,,,
6,2032,170,Similarity-aware,0.39611399047434376,0.9553194212806019,0.140625,0.4146403617999878,8x8,0.99,0.5,5,exact,fixed,perturbation_seed,support_restricted_tv_l1,exact_support_restricted_l1,,,,,,
6,2032,175,Similarity-aware,0.39611399047434376,0.9553194212806019,0.140625,0.4146403617999878,8x8,0.99,0.5,5,exact,fixed,perturbation_seed,support_restricted_tv_l1,exact_support_restricted_l1,,,,,,
6,2032,180,Similarity-aware,0.39611399047434376,0.9553194212806019,0.140625,0.4146403617999878,8x8,0.99,0.5,5,exact,fixed,perturbation_seed,support_restricted_tv_l1,exact_support_restricted_l1,,,,,,
6,2032,185,Similarity-aware,0.39611399047434376,0.9553194212806019,0.140625,0.4146403617999878,8x8,0.99,0.5,5,exact,fixed,perturbation_seed,support_restricted_tv_l1,exact_support_restricted_l1,,,,,,
6,2032,190,Similarity-aware,0.39611399047434376,0.9553194212806019,0.140625,0.4146403617999878,8x8,0.99,0.5,5,exact,fixed,perturbation_seed,support_restricted_tv_l1,exact_support_restricted_l1,,,,,,
6,2032,195,Similarity-aware,0.40716565902661594,0.9819730458922918,0.125,0.4146403617999878,8x8,0.99,0.5,5,exact,fixed,perturbation_seed,support_restricted_tv_l1,exact_support_restricted_l1,,,,,,
6,2032,200,Similarity-aware,0.40716565902661594,0.9819730458922918,0.125,0.4146403617999878,8x8,0.99,0.5,5,exact,fixed,perturbation_seed,support_restricted_tv_l1,exact_support_restricted_l1,,,,,,
6,2032,205,Similarity-aware,0.40716565902661594,0.9819730458922918,0.125,0.4146403617999878,8x8,0.99,0.5,5,exact,fixed,perturbation_seed,support_restricted_tv_l1,exact_support_restricted_l1,,,,,,
6,2032,210,Similarity-aware,0.40716565902661594,0.9819730458922918,0.125,0.4146403617999878,8x8,0.99,0.5,5,exact,fixed,perturbation_seed,support_restricted_tv_l1,exact_support_restricted_l1,,,,,,
6,2032,215,Similarity-aware,0.40716565902661594,0.9819730458922918,0.125,0.4146403617999878,8x8,0.99,0.5,5,exact,fixed,perturbation_seed,support_restricted_tv_l1,exact_support_restricted_l1,,,,,,
6,2032,220,Similarity-aware,0.40716565902661594,0.9819730458922918,0.125,0.4146403617999878,8x8,0.99,0.5,5,exact,fixed,perturbation_seed,support_restricted_tv_l1,exact_support_restricted_l1,,,,,,
6,2032,225,Similarity-aware,0.40716565902661594,0.9819730458922918,0.125,0.4146403617999878,8x8,0.99,0.5,5,exact,fixed,perturbation_seed,support_restricted_tv_l1,exact_support_restricted_l1,,,,,,
6,2032,230,Similarity-aware,0.40716565902661594,0.9819730458922918,0.125,0.4146403617999878,8x8,0.99,0.5,5,exact,fixed,perturbation_seed,support_restricted_tv_l1,exact_support_restricted_l1,,,,,,
6,2032,235,Similarity-aware,0.40716565902661594,0.9819730458922918,0.125,0.4146403617999878,8x8,0.99,0.5,5,exact,fixed,perturbation_seed,support_restricted_tv_l1,exact_support_restricted_l1,,,,,,
6,2032,240,Similarity-aware,0.40716565902661594,0.9819730458922918,0.125,0.4146403617999878,8x8,0.99,0.5,5,exact,fixed,perturbation_seed,support_restricted_tv_l1,exact_support_restricted_l1,,,,,,
6,2032,245,Similarity-aware,0.40716565902661594,0.9819730458922918,0.125,0.4146403617999878,8x8,0.99,0.5,5,exact,fixed,perturbation_seed,support_restricted_tv_l1,exact_support_restricted_l1,,,,,,
6,2032,250,Similarity-aware,0.40716565902661594,0.9819730458922918,0.125,0.4146403617999878,8x8,0.99,0.5,5,exact,fixed,perturbation_seed,support_restricted_tv_l1,exact_support_restricted_l1,,,,,,
6,2032,255,Similarity-aware,0.40716565902661594,0.9819730458922918,0.125,0.4146403617999878,8x8,0.99,0.5,5,exact,fixed,perturbation_seed,support_restricted_tv_l1,exact_support_restricted_l1,,,,,,
6,2032,260,Similarity-aware,0.40716565902661594,0.9819730458922918,0.125,0.4146403617999878,8x8,0.99,0.5,5,exact,fixed,perturbation_seed,support_restricted_tv_l1,exact_support_restricted_l1,,,,,,
6,2032,265,Similarity-aware,0.40716565902661594,0.9819730458922918,0.125,0.4146403617999878,8x8,0.99,0.5,5,exact,fixed,perturbation_seed,support_restricted_tv_l1,exact_support_restricted_l1,,,,,,
6,2032,270,Similarity-aware,0.40716565902661594,0.9819730458922918,0.125,0.4146403617999878,8x8,0.99,0.5,5,exact,fixed,perturbation_seed,support_restricted_tv_l1,exact_support_restricted_l1,,,,,,
6,2032,275,Similarity-aware,0.40716565902661594,0.9819730458922918,0.125,0.4146403617999878,8x8,0.99,0.5,5,exact,fixed,perturbation_seed,support_restricted_tv_l1,exact_support_restricted_l1,,,,,,
6,2032,280,Similarity-aware,0.40716565902661594,0.9819730458922918,0.125,0.4146403617999878,8x8,0.99,0.5,5,exact,fixed,perturbation_seed,support_restricted_tv_l1,exact_support_restricted_l1,,,,,,
6,2032,285,Similarity-aware,0.40716565902661594,0.9819730458922918,0.125,0.4146403617999878,8x8,0.99,0.5,5,exact,fixed,perturbation_seed,support_restricted_tv_l1,exact_support_restricted_l1,,,,,,
6,2032,290,Similarity-aware,0.40716565902661594,0.9819730458922918,0.125,0.4146403617999878,8x8,0.99,0.5,5,exact,fixed,perturbation_seed,support_restricted_tv_l1,exact_support_restricted_l1,,,,,,
6,2032,295,Similarity-aware,0.40716565902661594,0.9819730458922918,0.125,0.4146403617999878,8x8,0.99,0.5,5,exact,fixed,perturbation_seed,support_restricted_tv_l1,exact_support_restricted_l1,,,,,,
6,2032,300,Similarity-aware,0.40716565902661594,0.9819730458922918,0.125,0.4146403617999878,8x8,0.99,0.5,5,exact,fixed,perturbation_seed,support_restricted_tv_l1,exact_support_restricted_l1,,,,,,
6,2032,305,Similarity-aware,0.40716565902661594,0.9819730458922918,0.125,0.4146403617999878,8x8,0.99,0.5,5,exact,fixed,perturbation_seed,support_restricted_tv_l1,exact_support_restricted_l1,,,,,,
6,2032,310,Similarity-aware,0.40716565902661594,0.9819730458922918,0.125,0.4146403617999878,8x8,0.99,0.5,5,exact,fixed,perturbation_seed,support_restricted_tv_l1,exact_support_restricted_l1,,,,,,
6,2032,315,Similarity-aware,0.40716565902661594,0.9819730458922918,0.125,0.4146403617999878,8x8,0.99,0.5,5,exact,fixed,perturbation_seed,support_restricted_tv_l1,exact_support_restricted_l1,,,,,,
6,2032,320,Similarity-aware,0.40716565902661594,0.9819730458922918,0.125,0.4146403617999878,8x8,0.99,0.5,5,exact,fixed,perturbation_seed,support_restricted_tv_l1,exact_support_restricted_l1,,,,,,
6,2032,325,Similarity-aware,0.40716565902661594,0.9819730458922918,0.125,0.4146403617999878,8x8,0.99,0.5,5,exact,fixed,perturbation_seed,support_restricted_tv_l1,exact_support_restricted_l1,,,,,,
6,2032,330,Similarity-aware,0.40716565902661594,0.9819730458922918,0.125,0.4146403617999878,8x8,0.99,0.5,5,exact,fixed,perturbation_seed,support_restricted_tv_l1,exact_support_restricted_l1,,,,,,
6,2032,335,Similarity-aware,0.40716565902661594,0.9819730458922918,0.125,0.4146403617999878,8x8,0.99,0.5,5,exact,fixed,perturbation_seed,support_restricted_tv_l1,exact_support_restricted_l1,,,,,,
6,2032,340,Similarity-aware,0.40716565902661594,0.9819730458922918,0.125,0.4146403617999878,8x8,0.99,0.5,5,exact,fixed,perturbation_seed,support_restricted_tv_l1,exact_support_restricted_l1,,,,,,
6,2032,345,Similarity-aware,0.40716565902661594,0.9819730458922918,0.125,0.4146403617999878,8x8,0.99,0.5,5,exact,fixed,perturbation_seed,support_restricted_tv_l1,exact_support_restricted_l1,,,,,,
6,2032,350,Similarity-aware,0.40716565902661594,0.9819730458922918,0.125,0.4146403617999878,8x8,0.99,0.5,5,exact,fixed,perturbation_seed,support_restricted_tv_l1,exact_support_restricted_l1,,,,,,
6,2032,355,Similarity-aware,0.40716565902661594,0.9819730458922918,0.125,0.4146403617999878,8x8,0.99,0.5,5,exact,fixed,perturbation_seed,support_restricted_tv_l1,exact_support_restricted_l1,,,,,,
6,2032,360,Similarity-aware,0.40716565902661594,0.9819730458922918,0.125,0.4146403617999878,8x8,0.99,0.5,5,exact,fixed,perturbation_seed,support_restricted_tv_l1,exact_support_restricted_l1,,,,,,
6,2032,365,Similarity-aware,0.40716565902661594,0.9819730458922918,0.125,0.4146403617999878,8x8,0.99,0.5,5,exact,fixed,perturbation_seed,support_restricted_tv_l1,exact_support_restricted_l1,,,,,,
6,2032,370,Similarity-aware,0.40716565902661594,0.9819730458922918,0.125,0.4146403617999878,8x8,0.99,0.5,5,exact,fixed,perturbation_seed,support_restricted_tv_l1,exact_support_restricted_l1,,,,,,
6,2032,375,Similarity-aware,0.40716565902661594,0.9819730458922918,0.125,0.4146403617999878,8x8,0.99,0.5,5,exact,fixed,perturbation_seed,support_restricted_tv_l1,exact_support_restricted_l1,,,,,,
6,2032,380,Similarity-aware,0.40716565902661594,0.9819730458922918,0.125,0.4146403617999878,8x8,0.99,0.5,5,exact,fixed,perturbation_seed,support_restricted_tv_l1,exact_support_restricted_l1,,,,,,
6,2032,385,Similarity-aware,0.40716565902661594,0.9819730458922918,0.125,0.4146403617999878,8x8,0.99,0.5,5,exact,fixed,perturbation_seed,support_restricted_tv_l1,exact_support_restricted_l1,,,,,,
6,2032,390,Similarity-aware,0.40716565902661594,0.9819730458922918,0.125,0.4146403617999878,8x8,0.99,0.5,5,exact,fixed,perturbation_seed,support_restricted_tv_l1,exact_support_restricted_l1,,,,,,
6,2032,395,Similarity-aware,0.40716565902661594,0.9819730458922918,0.125,0.4146403617999878,8x8,0.99,0.5,5,exact,fixed,perturbation_seed,support_restricted_tv_l1,exact_support_restricted_l1,,,,,,
6,2032,400,Similarity-aware,0.40716565902661594,0.9819730458922918,0.125,0.4146403617999878,8x8,0.99,0.5,5,exact,fixed,perturbation_seed,support_restricted_tv_l1,exact_support_restricted_l1,,,,,,
6,2032,405,Similarity-aware,0.40716565902661594,0.9819730458922918,0.125,0.4146403617999878,8x8,0.99,0.5,5,exact,fixed,perturbation_seed,support_restricted_tv_l1,exact_support_restricted_l1,,,,,,
6,2032,410,Similarity-aware,0.40716565902661594,0.9819730458922918,0.125,0.4146403617999878,8x8,0.99,0.5,5,exact,fixed,perturbation_seed,support_restricted_tv_l1,exact_support_restricted_l1,,,,,,
6,2032,415,Similarity-aware,0.40716565902661594,0.9819730458922918,0.125,0.4146403617999878,8x8,0.99,0.5,5,exact,fixed,perturbation_seed,support_restricted_tv_l1,exact_support_restricted_l1,,,,,,
6,2032,420,Similarity-aware,0.40716565902661594,0.9819730458922918,0.125,0.4146403617999878,8x8,0.99,0.5,5,exact,fixed,perturbation_seed,support_restricted_tv_l1,exact_support_restricted_l1,,,,,,
6,2032,425,Similarity-aware,0.40716565902661594,0.9819730458922918,0.125,0.4146403617999878,8x8,0.99,0.5,5,exact,fixed,perturbation_seed,support_restricted_tv_l1,exact_support_restricted_l1,,,,,,
6,2032,430,Similarity-aware,0.40716565902661594,0.9819730458922918,0.125,0.4146403617999878,8x8,0.99,0.5,5,exact,fixed,perturbation_seed,support_restricted_tv_l1,exact_support_restricted_l1,,,,,,
6,2032,435,Similarity-aware,0.40716565902661594,0.9819730458922918,0.125,0.4146403617999878,8x8,0.99,0.5,5,exact,fixed,perturbation_seed,support_restricted_tv_l1,exact_support_restricted_l1,,,,,,
6,2032,440,Similarity-aware,0.40716565902661594,0.9819730458922918,0.125,0.4146403617999878,8x8,0.99,0.5,5,exact,fixed,perturbation_seed,support_restricted_tv_l1,exact_support_restricted_l1,,,,,,
6,2032,445,Similarity-aware,0.40716565902661594,0.9819730458922918,0.125,0.4146403617999878,8x8,0.99,0.5,5,exact,fixed,perturbation_seed,support_restricted_tv_l1,exact_support_restricted_l1,,,,,,
6,2032,450,Similarity-aware,0.40716565902661594,0.9819730458922918,0.125,0.4146403617999878,8x8,0.99,0.5,5,exact,fixed,perturbation_seed,support_restricted_tv_l1,exact_support_restricted_l1,,,,,,
6,2032,455,Similarity-aware,0.40716565902661594,0.9819730458922918,0.125,0.4146403617999878,8x8,0.99,0.5,5,exact,fixed,perturbation_seed,support_restricted_tv_l1,exact_support_restricted_l1,,,,,,
6,2032,460,Similarity-aware,0.40716565902661594,0.9819730458922918,0.125,0.4146403617999878,8x8,0.99,0.5,5,exact,fixed,perturbation_seed,support_restricted_tv_l1,exact_support_restricted_l1,,,,,,
6,2032,465,Similarity-aware,0.40716565902661594,0.9819730458922918,0.125,0.4146403617999878,8x8,0.99,0.5,5,exact,fixed,perturbation_seed,support_restricted_tv_l1,exact_support_restricted_l1,,,,,,
6,2032,470,Similarity-aware,0.40716565902661594,0.9819730458922918,0.125,0.4146403617999878,8x8,0.99,0.5,5,exact,fixed,perturbation_seed,support_restricted_tv_l1,exact_support_restricted_l1,,,,,,
6,2032,475,Similarity-aware,0.40716565902661594,0.9819730458922918,0.125,0.4146403617999878,8x8,0.99,0.5,5,exact,fixed,perturbation_seed,support_restricted_tv_l1,exact_support_restricted_l1,,,,,,
6,2032,480,Similarity-aware,0.40716565902661594,0.9819730458922918,0.125,0.4146403617999878,8x8,0.99,0.5,5,exact,fixed,perturbation_seed,support_restricted_tv_l1,exact_support_restricted_l1,,,,,,
6,2032,485,Similarity-aware,0.40716565902661594,0.9819730458922918,0.125,0.4146403617999878,8x8,0.99,0.5,5,exact,fixed,perturbation_seed,support_restricted_tv_l1,exact_support_restricted_l1,,,,,,
6,2032,490,Similarity-aware,0.40716565902661594,0.9819730458922918,0.125,0.4146403617999878,8x8,0.99,0.5,5,exact,fixed,perturbation_seed,support_restricted_tv_l1,exact_support_restricted_l1,,,,,,
6,2032,495,Similarity-aware,0.40716565902661594,0.9819730458922918,0.125,0.4146403617999878,8x8,0.99,0.5,5,exact,fixed,perturbation_seed,support_restricted_tv_l1,exact_support_restricted_l1,,,,,,
6,2032,500,Similarity-aware,0.40716565902661594,0.9819730458922918,0.125,0.4146403617999878,8x8,0.99,0.5,5,exact,fixed,perturbation_seed,support_restricted_tv_l1,exact_support_restricted_l1,,,,,,
6,2032,0,Uniform,0.0,0.0,0.65625,0.4146403617999878,8x8,0.99,0.5,5,exact,fixed,perturbation_seed,support_restricted_tv_l1,exact_support_restricted_l1,,,,,,
6,2032,5,Uniform,0.0,0.0,0.578125,0.4146403617999878,8x8,0.99,0.5,5,exact,fixed,perturbation_seed,support_restricted_tv_l1,exact_support_restricted_l1,,,,,,
6,2032,10,Uniform,-1.673697975641946e-18,-4.036505197844913e-18,0.421875,0.4146403617999878,8x8,0.99,0.5,5,exact,fixed,perturbation_seed,support_restricted_tv_l1,exact_support_restricted_l1,,,,,,
6,2032,15,Uniform,0.03300697072305559,0.0796038537583983,0.453125,0.4146403617999878,8x8,0.99,0.5,5,exact,fixed,perturbation_seed,support_restricted_tv_l1,exact_support_restricted_l1,,,,,,
6,2032,20,Uniform,0.13366323311194014,0.3223594358535119,0.375,0.4146403617999878,8x8,0.99,0.5,5,exact,fixed,perturbation_seed,support_restricted_tv_l1,exact_support_restricted_l1,,,,,,
6,2032,25,Uniform,0.2671905521077936,0.6443910837524294,0.3125,0.4146403617999878,8x8,0.99,0.5,5,exact,fixed,perturbation_seed,support_restricted_tv_l1,exact_support_restricted_l1,,,,,,
6,2032,30,Uniform,0.2930070451263799,0.7066534571174217,0.28125,0.4146403617999878,8x8,0.99,0.5,5,exact,fixed,perturbation_seed,support_restricted_tv_l1,exact_support_restricted_l1,,,,,,
6,2032,35,Uniform,0.32187515274231526,0.7762754965412166,0.234375,0.4146403617999878,8x8,0.99,0.5,5,exact,fixed,perturbation_seed,support_restricted_tv_l1,exact_support_restricted_l1,,,,,,
6,2032,40,Uniform,0.3599542223443607,0.868111875992414,0.21875,0.4146403617999878,8x8,0.99,0.5,5,exact,fixed,perturbation_seed,support_restricted_tv_l1,exact_support_restricted_l1,,,,,,
6,2032,45,Uniform,0.38585421355742333,0.9305756243371932,0.15625,0.4146403617999878,8x8,0.99,0.5,5,exact,fixed,perturbation_seed,support_restricted_tv_l1,exact_support_restricted_l1,,,,,,
6,2032,50,Uniform,0.39240559683578946,0.946375782454763,0.140625,0.4146403617999878,8x8,0.99,0.5,5,exact,fixed,perturbation_seed,support_restricted_tv_l1,exact_support_restricted_l1,,,,,,
6,2032,55,Uniform,0.39240559683578946,0.946375782454763,0.140625,0.4146403617999878,8x8,0.99,0.5,5,exact,fixed,perturbation_seed,support_restricted_tv_l1,exact_support_restricted_l1,,,,,,
6,2032,60,Uniform,0.39240559683578946,0.946375782454763,0.140625,0.4146403617999878,8x8,0.99,0.5,5,exact,fixed,perturbation_seed,support_restricted_tv_l1,exact_support_restricted_l1,,,,,,
6,2032,65,Uniform,0.39240559683578946,0.946375782454763,0.140625,0.4146403617999878,8x8,0.99,0.5,5,exact,fixed,perturbation_seed,support_restricted_tv_l1,exact_support_restricted_l1,,,,,,
6,2032,70,Uniform,0.39240559683578946,0.946375782454763,0.140625,0.4146403617999878,8x8,0.99,0.5,5,exact,fixed,perturbation_seed,support_restricted_tv_l1,exact_support_restricted_l1,,,,,,
6,2032,75,Uniform,0.39240559683578946,0.946375782454763,0.140625,0.4146403617999878,8x8,0.99,0.5,5,exact,fixed,perturbation_seed,support_restricted_tv_l1,exact_support_restricted_l1,,,,,,
6,2032,80,Uniform,0.39240559683578946,0.946375782454763,0.125,0.4146403617999878,8x8,0.99,0.5,5,exact,fixed,perturbation_seed,support_restricted_tv_l1,exact_support_restricted_l1,,,,,,
6,2032,85,Uniform,0.39240559683578946,0.946375782454763,0.125,0.4146403617999878,8x8,0.99,0.5,5,exact,fixed,perturbation_seed,support_restricted_tv_l1,exact_support_restricted_l1,,,,,,
6,2032,90,Uniform,0.39240559683578946,0.946375782454763,0.125,0.4146403617999878,8x8,0.99,0.5,5,exact,fixed,perturbation_seed,support_restricted_tv_l1,exact_support_restricted_l1,,,,,,
6,2032,95,Uniform,0.39240559683578946,0.946375782454763,0.125,0.4146403617999878,8x8,0.99,0.5,5,exact,fixed,perturbation_seed,support_restricted_tv_l1,exact_support_restricted_l1,,,,,,
6,2032,100,Uniform,0.3926859148703167,0.9470518334627023,0.109375,0.4146403617999878,8x8,0.99,0.5,5,exact,fixed,perturbation_seed,support_restricted_tv_l1,exact_support_restricted_l1,,,,,,
6,2032,105,Uniform,0.3926859148703167,0.9470518334627023,0.109375,0.4146403617999878,8x8,0.99,0.5,5,exact,fixed,perturbation_seed,support_restricted_tv_l1,exact_support_restricted_l1,,,,,,
6,2032,110,Uniform,0.3926859148703167,0.9470518334627023,0.109375,0.4146403617999878,8x8,0.99,0.5,5,exact,fixed,perturbation_seed,support_restricted_tv_l1,exact_support_restricted_l1,,,,,,
6,2032,115,Uniform,0.3926859148703167,0.9470518334627023,0.109375,0.4146403617999878,8x8,0.99,0.5,5,exact,fixed,perturbation_seed,support_restricted_tv_l1,exact_support_restricted_l1,,,,,,
6,2032,120,Uniform,0.3926859148703167,0.9470518334627023,0.109375,0.4146403617999878,8x8,0.99,0.5,5,exact,fixed,perturbation_seed,support_restricted_tv_l1,exact_support_restricted_l1,,,,,,
6,2032,125,Uniform,0.3926859148703167,0.9470518334627023,0.109375,0.4146403617999878,8x8,0.99,0.5,5,exact,fixed,perturbation_seed,support_restricted_tv_l1,exact_support_restricted_l1,,,,,,
6,2032,130,Uniform,0.3926859148703167,0.9470518334627023,0.109375,0.4146403617999878,8x8,0.99,0.5,5,exact,fixed,perturbation_seed,support_restricted_tv_l1,exact_support_restricted_l1,,,,,,
6,2032,135,Uniform,0.38685481567417934,0.9329888050328985,0.125,0.4146403617999878,8x8,0.99,0.5,5,exact,fixed,perturbation_seed,support_restricted_tv_l1,exact_support_restricted_l1,,,,,,
6,2032,140,Uniform,0.38685481567417934,0.9329888050328985,0.125,0.4146403617999878,8x8,0.99,0.5,5,exact,fixed,perturbation_seed,support_restricted_tv_l1,exact_support_restricted_l1,,,,,,
6,2032,145,Uniform,0.38685481567417934,0.9329888050328985,0.125,0.4146403617999878,8x8,0.99,0.5,5,exact,fixed,perturbation_seed,support_restricted_tv_l1,exact_support_restricted_l1,,,,,,
6,2032,150,Uniform,0.38685481567417934,0.9329888050328985,0.125,0.4146403617999878,8x8,0.99,0.5,5,exact,fixed,perturbation_seed,support_restricted_tv_l1,exact_support_restricted_l1,,,,,,
6,2032,155,Uniform,0.38685481567417934,0.9329888050328985,0.125,0.4146403617999878,8x8,0.99,0.5,5,exact,fixed,perturbation_seed,support_restricted_tv_l1,exact_support_restricted_l1,,,,,,
6,2032,160,Uniform,0.38685481567417934,0.9329888050328985,0.125,0.4146403617999878,8x8,0.99,0.5,5,exact,fixed,perturbation_seed,support_restricted_tv_l1,exact_support_restricted_l1,,,,,,
6,2032,165,Uniform,0.38685481567417934,0.9329888050328985,0.125,0.4146403617999878,8x8,0.99,0.5,5,exact,fixed,perturbation_seed,support_restricted_tv_l1,exact_support_restricted_l1,,,,,,
6,2032,170,Uniform,0.38680859866230116,0.932877342145693,0.140625,0.4146403617999878,8x8,0.99,0.5,5,exact,fixed,perturbation_seed,support_restricted_tv_l1,exact_support_restricted_l1,,,,,,
6,2032,175,Uniform,0.39815439952100484,0.9602403340393201,0.125,0.4146403617999878,8x8,0.99,0.5,5,exact,fixed,perturbation_seed,support_restricted_tv_l1,exact_support_restricted_l1,,,,,,
6,2032,180,Uniform,0.39815439952100484,0.9602403340393201,0.125,0.4146403617999878,8x8,0.99,0.5,5,exact,fixed,perturbation_seed,support_restricted_tv_l1,exact_support_restricted_l1,,,,,,
6,2032,185,Uniform,0.39815439952100484,0.9602403340393201,0.125,0.4146403617999878,8x8,0.99,0.5,5,exact,fixed,perturbation_seed,support_restricted_tv_l1,exact_support_restricted_l1,,,,,,
6,2032,190,Uniform,0.39815439952100484,0.9602403340393201,0.125,0.4146403617999878,8x8,0.99,0.5,5,exact,fixed,perturbation_seed,support_restricted_tv_l1,exact_support_restricted_l1,,,,,,
6,2032,195,Uniform,0.39815439952100484,0.9602403340393201,0.125,0.4146403617999878,8x8,0.99,0.5,5,exact,fixed,perturbation_seed,support_restricted_tv_l1,exact_support_restricted_l1,,,,,,
6,2032,200,Uniform,0.39815439952100484,0.9602403340393201,0.125,0.4146403617999878,8x8,0.99,0.5,5,exact,fixed,perturbation_seed,support_restricted_tv_l1,exact_support_restricted_l1,,,,,,
6,2032,205,Uniform,0.39815439952100484,0.9602403340393201,0.125,0.4146403617999878,8x8,0.99,0.5,5,exact,fixed,perturbation_seed,support_restricted_tv_l1,exact_support_restricted_l1,,,,,,
6,2032,210,Uniform,0.39815439952100484,0.9602403340393201,0.125,0.4146403617999878,8x8,0.99,0.5,5,exact,fixed,perturbation_seed,support_restricted_tv_l1,exact_support_restricted_l1,,,,,,
6,2032,215,Uniform,0.39815439952100484,0.9602403340393201,0.125,0.4146403617999878,8x8,0.99,0.5,5,exact,fixed,perturbation_seed,support_restricted_tv_l1,exact_support_restricted_l1,,,,,,
6,2032,220,Uniform,0.39815439952100484,0.9602403340393201,0.125,0.4146403617999878,8x8,0.99,0.5,5,exact,fixed,perturbation_seed,support_restricted_tv_l1,exact_support_restricted_l1,,,,,,
6,2032,225,Uniform,0.39815439952100484,0.9602403340393201,0.125,0.4146403617999878,8x8,0.99,0.5,5,exact,fixed,perturbation_seed,support_restricted_tv_l1,exact_support_restricted_l1,,,,,,
6,2032,230,Uniform,0.39815439952100484,0.9602403340393201,0.125,0.4146403617999878,8x8,0.99,0.5,5,exact,fixed,perturbation_seed,support_restricted_tv_l1,exact_support_restricted_l1,,,,,,
6,2032,235,Uniform,0.39815439952100484,0.9602403340393201,0.125,0.4146403617999878,8x8,0.99,0.5,5,exact,fixed,perturbation_seed,support_restricted_tv_l1,exact_support_restricted_l1,,,,,,
6,2032,240,Uniform,0.39815439952100484,0.9602403340393201,0.125,0.4146403617999878,8x8,0.99,0.5,5,exact,fixed,perturbation_seed,support_restricted_tv_l1,exact_support_restricted_l1,,,,,,
6,2032,245,Uniform,0.39815439952100484,0.9602403340393201,0.125,0.4146403617999878,8x8,0.99,0.5,5,exact,fixed,perturbation_seed,support_restricted_tv_l1,exact_support_restricted_l1,,,,,,
6,2032,250,Uniform,0.39815439952100484,0.9602403340393201,0.125,0.4146403617999878,8x8,0.99,0.5,5,exact,fixed,perturbation_seed,support_restricted_tv_l1,exact_support_restricted_l1,,,,,,
6,2032,255,Uniform,0.39815439952100484,0.9602403340393201,0.125,0.4146403617999878,8x8,0.99,0.5,5,exact,fixed,perturbation_seed,support_restricted_tv_l1,exact_support_restricted_l1,,,,,,
6,2032,260,Uniform,0.39815439952100484,0.9602403340393201,0.125,0.4146403617999878,8x8,0.99,0.5,5,exact,fixed,perturbation_seed,support_restricted_tv_l1,exact_support_restricted_l1,,,,,,
6,2032,265,Uniform,0.39815439952100484,0.9602403340393201,0.125,0.4146403617999878,8x8,0.99,0.5,5,exact,fixed,perturbation_seed,support_restricted_tv_l1,exact_support_restricted_l1,,,,,,
6,2032,270,Uniform,0.39815439952100484,0.9602403340393201,0.125,0.4146403617999878,8x8,0.99,0.5,5,exact,fixed,perturbation_seed,support_restricted_tv_l1,exact_support_restricted_l1,,,,,,
6,2032,275,Uniform,0.39815439952100484,0.9602403340393201,0.125,0.4146403617999878,8x8,0.99,0.5,5,exact,fixed,perturbation_seed,support_restricted_tv_l1,exact_support_restricted_l1,,,,,,
6,2032,280,Uniform,0.39815439952100484,0.9602403340393201,0.125,0.4146403617999878,8x8,0.99,0.5,5,exact,fixed,perturbation_seed,support_restricted_tv_l1,exact_support_restricted_l1,,,,,,
6,2032,285,Uniform,0.39815439952100484,0.9602403340393201,0.125,0.4146403617999878,8x8,0.99,0.5,5,exact,fixed,perturbation_seed,support_restricted_tv_l1,exact_support_restricted_l1,,,,,,
6,2032,290,Uniform,0.39815439952100484,0.9602403340393201,0.125,0.4146403617999878,8x8,0.99,0.5,5,exact,fixed,perturbation_seed,support_restricted_tv_l1,exact_support_restricted_l1,,,,,,
6,2032,295,Uniform,0.39815439952100484,0.9602403340393201,0.125,0.4146403617999878,8x8,0.99,0.5,5,exact,fixed,perturbation_seed,support_restricted_tv_l1,exact_support_restricted_l1,,,,,,
6,2032,300,Uniform,0.39815439952100484,0.9602403340393201,0.125,0.4146403617999878,8x8,0.99,0.5,5,exact,fixed,perturbation_seed,support_restricted_tv_l1,exact_support_restricted_l1,,,,,,
6,2032,305,Uniform,0.39815439952100484,0.9602403340393201,0.125,0.4146403617999878,8x8,0.99,0.5,5,exact,fixed,perturbation_seed,support_restricted_tv_l1,exact_support_restricted_l1,,,,,,
6,2032,310,Uniform,0.39815439952100484,0.9602403340393201,0.125,0.4146403617999878,8x8,0.99,0.5,5,exact,fixed,perturbation_seed,support_restricted_tv_l1,exact_support_restricted_l1,,,,,,
6,2032,315,Uniform,0.39815439952100484,0.9602403340393201,0.125,0.4146403617999878,8x8,0.99,0.5,5,exact,fixed,perturbation_seed,support_restricted_tv_l1,exact_support_restricted_l1,,,,,,
6,2032,320,Uniform,0.39815439952100484,0.9602403340393201,0.125,0.4146403617999878,8x8,0.99,0.5,5,exact,fixed,perturbation_seed,support_restricted_tv_l1,exact_support_restricted_l1,,,,,,
6,2032,325,Uniform,0.39815439952100484,0.9602403340393201,0.125,0.4146403617999878,8x8,0.99,0.5,5,exact,fixed,perturbation_seed,support_restricted_tv_l1,exact_support_restricted_l1,,,,,,
6,2032,330,Uniform,0.39815439952100484,0.9602403340393201,0.125,0.4146403617999878,8x8,0.99,0.5,5,exact,fixed,perturbation_seed,support_restricted_tv_l1,exact_support_restricted_l1,,,,,,
6,2032,335,Uniform,0.39815439952100484,0.9602403340393201,0.125,0.4146403617999878,8x8,0.99,0.5,5,exact,fixed,perturbation_seed,support_restricted_tv_l1,exact_support_restricted_l1,,,,,,
6,2032,340,Uniform,0.39815439952100484,0.9602403340393201,0.125,0.4146403617999878,8x8,0.99,0.5,5,exact,fixed,perturbation_seed,support_restricted_tv_l1,exact_support_restricted_l1,,,,,,
6,2032,345,Uniform,0.39815439952100484,0.9602403340393201,0.125,0.4146403617999878,8x8,0.99,0.5,5,exact,fixed,perturbation_seed,support_restricted_tv_l1,exact_support_restricted_l1,,,,,,
6,2032,350,Uniform,0.39815439952100484,0.9602403340393201,0.125,0.4146403617999878,8x8,0.99,0.5,5,exact,fixed,perturbation_seed,support_restricted_tv_l1,exact_support_restricted_l1,,,,,,
6,2032,355,Uniform,0.39815439952100484,0.9602403340393201,0.125,0.4146403617999878,8x8,0.99,0.5,5,exact,fixed,perturbation_seed,support_restricted_tv_l1,exact_support_restricted_l1,,,,,,
6,2032,360,Uniform,0.3994353250943858,0.9633295788195927,0.109375,0.4146403617999878,8x8,0.99,0.5,5,exact,fixed,perturbation_seed,support_restricted_tv_l1,exact_support_restricted_l1,,,,,,
6,2032,365,Uniform,0.3994353250943858,0.9633295788195927,0.109375,0.4146403617999878,8x8,0.99,0.5,5,exact,fixed,perturbation_seed,support_restricted_tv_l1,exact_support_restricted_l1,,,,,,
6,2032,370,Uniform,0.3994353250943858,0.9633295788195927,0.109375,0.4146403617999878,8x8,0.99,0.5,5,exact,fixed,perturbation_seed,support_restricted_tv_l1,exact_support_restricted_l1,,,,,,
6,2032,375,Uniform,0.3994353250943858,0.9633295788195927,0.109375,0.4146403617999878,8x8,0.99,0.5,5,exact,fixed,perturbation_seed,support_restricted_tv_l1,exact_support_restricted_l1,,,,,,
6,2032,380,Uniform,0.3994353250943858,0.9633295788195927,0.109375,0.4146403617999878,8x8,0.99,0.5,5,exact,fixed,perturbation_seed,support_restricted_tv_l1,exact_support_restricted_l1,,,,,,
6,2032,385,Uniform,0.3994353250943858,0.9633295788195927,0.109375,0.4146403617999878,8x8,0.99,0.5,5,exact,fixed,perturbation_seed,support_restricted_tv_l1,exact_support_restricted_l1,,,,,,
6,2032,390,Uniform,0.3994353250943858,0.9633295788195927,0.109375,0.4146403617999878,8x8,0.99,0.5,5,exact,fixed,perturbation_seed,support_restricted_tv_l1,exact_support_restricted_l1,,,,,,
6,2032,395,Uniform,0.3994353250943858,0.9633295788195927,0.109375,0.4146403617999878,8x8,0.99,0.5,5,exact,fixed,perturbation_seed,support_restricted_tv_l1,exact_support_restricted_l1,,,,,,
6,2032,400,Uniform,0.3994353250943858,0.9633295788195927,0.109375,0.4146403617999878,8x8,0.99,0.5,5,exact,fixed,perturbation_seed,support_restricted_tv_l1,exact_support_restricted_l1,,,,,,
6,2032,405,Uniform,0.3994353250943858,0.9633295788195927,0.109375,0.4146403617999878,8x8,0.99,0.5,5,exact,fixed,perturbation_seed,support_restricted_tv_l1,exact_support_restricted_l1,,,,,,
6,2032,410,Uniform,0.3994353250943858,0.9633295788195927,0.109375,0.4146403617999878,8x8,0.99,0.5,5,exact,fixed,perturbation_seed,support_restricted_tv_l1,exact_support_restricted_l1,,,,,,
6,2032,415,Uniform,0.3994353250943858,0.9633295788195927,0.109375,0.4146403617999878,8x8,0.99,0.5,5,exact,fixed,perturbation_seed,support_restricted_tv_l1,exact_support_restricted_l1,,,,,,
6,2032,420,Uniform,0.3994353250943858,0.9633295788195927,0.109375,0.4146403617999878,8x8,0.99,0.5,5,exact,fixed,perturbation_seed,support_restricted_tv_l1,exact_support_restricted_l1,,,,,,
6,2032,425,Uniform,0.3994353250943858,0.9633295788195927,0.109375,0.4146403617999878,8x8,0.99,0.5,5,exact,fixed,perturbation_seed,support_restricted_tv_l1,exact_support_restricted_l1,,,,,,
6,2032,430,Uniform,0.3994353250943858,0.9633295788195927,0.109375,0.4146403617999878,8x8,0.99,0.5,5,exact,fixed,perturbation_seed,support_restricted_tv_l1,exact_support_restricted_l1,,,,,,
6,2032,435,Uniform,0.3994353250943858,0.9633295788195927,0.109375,0.4146403617999878,8x8,0.99,0.5,5,exact,fixed,perturbation_seed,support_restricted_tv_l1,exact_support_restricted_l1,,,,,,
6,2032,440,Uniform,0.3994353250943858,0.9633295788195927,0.109375,0.4146403617999878,8x8,0.99,0.5,5,exact,fixed,perturbation_seed,support_restricted_tv_l1,exact_support_restricted_l1,,,,,,
6,2032,445,Uniform,0.3994353250943858,0.9633295788195927,0.109375,0.4146403617999878,8x8,0.99,0.5,5,exact,fixed,perturbation_seed,support_restricted_tv_l1,exact_support_restricted_l1,,,,,,
6,2032,450,Uniform,0.3994353250943858,0.9633295788195927,0.109375,0.4146403617999878,8x8,0.99,0.5,5,exact,fixed,perturbation_seed,support_restricted_tv_l1,exact_support_restricted_l1,,,,,,
6,2032,455,Uniform,0.3994353250943858,0.9633295788195927,0.109375,0.4146403617999878,8x8,0.99,0.5,5,exact,fixed,perturbation_seed,support_restricted_tv_l1,exact_support_restricted_l1,,,,,,
6,2032,460,Uniform,0.3994353250943858,0.9633295788195927,0.109375,0.4146403617999878,8x8,0.99,0.5,5,exact,fixed,perturbation_seed,support_restricted_tv_l1,exact_support_restricted_l1,,,,,,
6,2032,465,Uniform,0.3994353250943858,0.9633295788195927,0.109375,0.4146403617999878,8x8,0.99,0.5,5,exact,fixed,perturbation_seed,support_restricted_tv_l1,exact_support_restricted_l1,,,,,,
6,2032,470,Uniform,0.3994353250943858,0.9633295788195927,0.109375,0.4146403617999878,8x8,0.99,0.5,5,exact,fixed,perturbation_seed,support_restricted_tv_l1,exact_support_restricted_l1,,,,,,
6,2032,475,Uniform,0.3994353250943858,0.9633295788195927,0.109375,0.4146403617999878,8x8,0.99,0.5,5,exact,fixed,perturbation_seed,support_restricted_tv_l1,exact_support_restricted_l1,,,,,,
6,2032,480,Uniform,0.3994353250943858,0.9633295788195927,0.109375,0.4146403617999878,8x8,0.99,0.5,5,exact,fixed,perturbation_seed,support_restricted_tv_l1,exact_support_restricted_l1,,,,,,
6,2032,485,Uniform,0.3994353250943858,0.9633295788195927,0.109375,0.4146403617999878,8x8,0.99,0.5,5,exact,fixed,perturbation_seed,support_restricted_tv_l1,exact_support_restricted_l1,,,,,,
6,2032,490,Uniform,0.3994353250943858,0.9633295788195927,0.109375,0.4146403617999878,8x8,0.99,0.5,5,exact,fixed,perturbation_seed,support_restricted_tv_l1,exact_support_restricted_l1,,,,,,
6,2032,495,Uniform,0.3994353250943858,0.9633295788195927,0.109375,0.4146403617999878,8x8,0.99,0.5,5,exact,fixed,perturbation_seed,support_restricted_tv_l1,exact_support_restricted_l1,,,,,,
6,2032,500,Uniform,0.3994353250943858,0.9633295788195927,0.109375,0.4146403617999878,8x8,0.99,0.5,5,exact,fixed,perturbation_seed,support_restricted_tv_l1,exact_support_restricted_l1,,,,,,
6,2032,-1,source_metadata,,,,0.4146403617999878,8x8,0.99,0.5,5,exact,fixed,perturbation_seed,support_restricted_tv_l1,exact_support_restricted_l1,0.0,0.1,0.2732435740552769,0.09834233743488235,0.25,0.48280281835195654
6,2032,-1,source_metadata,,,,0.4146403617999878,8x8,0.99,0.5,5,exact,fixed,perturbation_seed,support_restricted_tv_l1,exact_support_restricted_l1,1.0,0.2,0.5078649750885061,0.1949441181807372,0.25,0.259759970000505
6,2032,-1,source_metadata,,,,0.4146403617999878,8x8,0.99,0.5,5,exact,fixed,perturbation_seed,support_restricted_tv_l1,exact_support_restricted_l1,2.0,0.3,0.9288128794167261,0.3248592107328241,0.25,0.14203410756104587
6,2032,-1,source_metadata,,,,0.4146403617999878,8x8,0.99,0.5,5,exact,fixed,perturbation_seed,support_restricted_tv_l1,exact_support_restricted_l1,3.0,0.35,1.1431506638789317,0.39183893729327,0.25,0.11540310408649261
7,2033,0,Maximum-based,0.0,0.0,0.65625,0.4146403617999878,8x8,0.99,0.5,5,exact,fixed,perturbation_seed,support_restricted_tv_l1,exact_support_restricted_l1,,,,,,
7,2033,5,Maximum-based,0.0,0.0,0.65625,0.4146403617999878,8x8,0.99,0.5,5,exact,fixed,perturbation_seed,support_restricted_tv_l1,exact_support_restricted_l1,,,,,,
7,2033,10,Maximum-based,-3.054714363884129e-18,-7.367141854264654e-18,0.515625,0.4146403617999878,8x8,0.99,0.5,5,exact,fixed,perturbation_seed,support_restricted_tv_l1,exact_support_restricted_l1,,,,,,
7,2033,15,Maximum-based,0.015572374625099703,0.03755634052965502,0.53125,0.4146403617999878,8x8,0.99,0.5,5,exact,fixed,perturbation_seed,support_restricted_tv_l1,exact_support_restricted_l1,,,,,,
7,2033,20,Maximum-based,0.09265393687500183,0.2234561451586225,0.390625,0.4146403617999878,8x8,0.99,0.5,5,exact,fixed,perturbation_seed,support_restricted_tv_l1,exact_support_restricted_l1,,,,,,
7,2033,25,Maximum-based,0.11891921299583026,0.2868008615456349,0.34375,0.4146403617999878,8x8,0.99,0.5,5,exact,fixed,perturbation_seed,support_restricted_tv_l1,exact_support_restricted_l1,,,,,,
7,2033,30,Maximum-based,0.15331967225560028,0.3697654313970473,0.3125,0.4146403617999878,8x8,0.99,0.5,5,exact,fixed,perturbation_seed,support_restricted_tv_l1,exact_support_restricted_l1,,,,,,
7,2033,35,Maximum-based,0.17732810848911476,0.427667262587074,0.296875,0.4146403617999878,8x8,0.99,0.5,5,exact,fixed,perturbation_seed,support_restricted_tv_l1,exact_support_restricted_l1,,,,,,
7,2033,40,Maximum-based,0.18738898201770604,0.451931358549455,0.25,0.4146403617999878,8x8,0.99,0.5,5,exact,fixed,perturbation_seed,support_restricted_tv_l1,exact_support_restricted_l1,,,,,,
7,2033,45,Maximum-based,0.19534491373346646,0.47111890623830777,0.21875,0.4146403617999878,8x8,0.99,0.5,5,exact,fixed,perturbation_seed,support_restricted_tv_l1,exact_support_restricted_l1,,,,,,
7,2033,50,Maximum-based,0.20222417609877424,0.48770981971196076,0.203125,0.4146403617999878,8x8,0.99,0.5,5,exact,fixed,perturbation_seed,support_restricted_tv_l1,exact_support_restricted_l1,,,,,,
7,2033,55,Maximum-based,0.20222417609877405,0.4877098197119603,0.203125,0.4146403617999878,8x8,0.99,0.5,5,exact,fixed,perturbation_seed,support_restricted_tv_l1,exact_support_restricted_l1,,,,,,
7,2033,60,Maximum-based,0.21818527965838277,0.5262036689125549,0.15625,0.4146403617999878,8x8,0.99,0.5,5,exact,fixed,perturbation_seed,support_restricted_tv_l1,exact_support_restricted_l1,,,,,,
7,2033,65,Maximum-based,0.2227200961043649,0.5371404152203579,0.125,0.4146403617999878,8x8,0.99,0.5,5,exact,fixed,perturbation_seed,support_restricted_tv_l1,exact_support_restricted_l1,,,,,,
7,2033,70,Maximum-based,0.2227200961043649,0.5371404152203579,0.125,0.4146403617999878,8x8,0.99,0.5,5,exact,fixed,perturbation_seed,support_restricted_tv_l1,exact_support_restricted_l1,,,,,,
7,2033,75,Maximum-based,0.2227200961043649,0.5371404152203579,0.125,0.4146403617999878,8x8,0.99,0.5,5,exact,fixed,perturbation_seed,support_restricted_tv_l1,exact_support_restricted_l1,,,,,,
7,2033,80,Maximum-based,0.2227200961043649,0.5371404152203579,0.125,0.4146403617999878,8x8,0.99,0.5,5,exact,fixed,perturbation_seed,support_restricted_tv_l1,exact_support_restricted_l1,,,,,,
7,2033,85,Maximum-based,0.2227200961043649,0.5371404152203579,0.125,0.4146403617999878,8x8,0.99,0.5,5,exact,fixed,perturbation_seed,support_restricted_tv_l1,exact_support_restricted_l1,,,,,,
7,2033,90,Maximum-based,0.2227200961043649,0.5371404152203579,0.125,0.4146403617999878,8x8,0.99,0.5,5,exact,fixed,perturbation_seed,support_restricted_tv_l1,exact_support_restricted_l1,,,,,,
7,2033,95,Maximum-based,0.2227200961043649,0.5371404152203579,0.125,0.4146403617999878,8x8,0.99,0.5,5,exact,fixed,perturbation_seed,support_restricted_tv_l1,exact_support_restricted_l1,,,,,,
7,2033,100,Maximum-based,0.2227200961043649,0.5371404152203579,0.125,0.4146403617999878,8x8,0.99,0.5,5,exact,fixed,perturbation_seed,support_restricted_tv_l1,exact_support_restricted_l1,,,,,,
7,2033,105,Maximum-based,0.2227200961043649,0.5371404152203579,0.125,0.4146403617999878,8x8,0.99,0.5,5,exact,fixed,perturbation_seed,support_restricted_tv_l1,exact_support_restricted_l1,,,,,,
7,2033,110,Maximum-based,0.2227200961043649,0.5371404152203579,0.125,0.4146403617999878,8x8,0.99,0.5,5,exact,fixed,perturbation_seed,support_restricted_tv_l1,exact_support_restricted_l1,,,,,,
7,2033,115,Maximum-based,0.2227200961043649,0.5371404152203579,0.125,0.4146403617999878,8x8,0.99,0.5,5,exact,fixed,perturbation_seed,support_restricted_tv_l1,exact_support_restricted_l1,,,,,,
7,2033,120,Maximum-based,0.2227200961043649,0.5371404152203579,0.125,0.4146403617999878,8x8,0.99,0.5,5,exact,fixed,perturbation_seed,support_restricted_tv_l1,exact_support_restricted_l1,,,,,,
7,2033,125,Maximum-based,0.2227200961043649,0.5371404152203579,0.125,0.4146403617999878,8x8,0.99,0.5,5,exact,fixed,perturbation_seed,support_restricted_tv_l1,exact_support_restricted_l1,,,,,,
7,2033,130,Maximum-based,0.22813602104110792,0.5502021560340887,0.109375,0.4146403617999878,8x8,0.99,0.5,5,exact,fixed,perturbation_seed,support_restricted_tv_l1,exact_support_restricted_l1,,,,,,
7,2033,135,Maximum-based,0.22813602104110792,0.5502021560340887,0.109375,0.4146403617999878,8x8,0.99,0.5,5,exact,fixed,perturbation_seed,support_restricted_tv_l1,exact_support_restricted_l1,,,,,,
7,2033,140,Maximum-based,0.22813602104110792,0.5502021560340887,0.109375,0.4146403617999878,8x8,0.99,0.5,5,exact,fixed,perturbation_seed,support_restricted_tv_l1,exact_support_restricted_l1,,,,,,
7,2033,145,Maximum-based,0.22813602104110792,0.5502021560340887,0.109375,0.4146403617999878,8x8,0.99,0.5,5,exact,fixed,perturbation_seed,support_restricted_tv_l1,exact_support_restricted_l1,,,,,,
7,2033,150,Maximum-based,0.22813602104110792,0.5502021560340887,0.109375,0.4146403617999878,8x8,0.99,0.5,5,exact,fixed,perturbation_seed,support_restricted_tv_l1,exact_support_restricted_l1,,,,,,
7,2033,155,Maximum-based,0.22813602104110792,0.5502021560340887,0.109375,0.4146403617999878,8x8,0.99,0.5,5,exact,fixed,perturbation_seed,support_restricted_tv_l1,exact_support_restricted_l1,,,,,,
7,2033,160,Maximum-based,0.22813602104110792,0.5502021560340887,0.109375,0.4146403617999878,8x8,0.99,0.5,5,exact,fixed,perturbation_seed,support_restricted_tv_l1,exact_support_restricted_l1,,,,,,
7,2033,165,Maximum-based,0.22813602104110792,0.5502021560340887,0.109375,0.4146403617999878,8x8,0.99,0.5,5,exact,fixed,perturbation_seed,support_restricted_tv_l1,exact_support_restricted_l1,,,,,,
7,2033,170,Maximum-based,0.22813602104110792,0.5502021560340887,0.109375,0.4146403617999878,8x8,0.99,0.5,5,exact,fixed,perturbation_seed,support_restricted_tv_l1,exact_support_restricted_l1,,,,,,
7,2033,175,Maximum-based,0.22813602104110792,0.5502021560340887,0.109375,0.4146403617999878,8x8,0.99,0.5,5,exact,fixed,perturbation_seed,support_restricted_tv_l1,exact_support_restricted_l1,,,,,,
7,2033,180,Maximum-based,0.22813602104110792,0.5502021560340887,0.109375,0.4146403617999878,8x8,0.99,0.5,5,exact,fixed,perturbation_seed,support_restricted_tv_l1,exact_support_restricted_l1,,,,,,
7,2033,185,Maximum-based,0.22813602104110792,0.5502021560340887,0.109375,0.4146403617999878,8x8,0.99,0.5,5,exact,fixed,perturbation_seed,support_restricted_tv_l1,exact_support_restricted_l1,,,,,,
7,2033,190,Maximum-based,0.22813602104110792,0.5502021560340887,0.125,0.4146403617999878,8x8,0.99,0.5,5,exact,fixed,perturbation_seed,support_restricted_tv_l1,exact_support_restricted_l1,,,,,,
7,2033,195,Maximum-based,0.22813602104110792,0.5502021560340887,0.125,0.4146403617999878,8x8,0.99,0.5,5,exact,fixed,perturbation_seed,support_restricted_tv_l1,exact_support_restricted_l1,,,,,,
7,2033,200,Maximum-based,0.22813602104110792,0.5502021560340887,0.125,0.4146403617999878,8x8,0.99,0.5,5,exact,fixed,perturbation_seed,support_restricted_tv_l1,exact_support_restricted_l1,,,,,,
7,2033,205,Maximum-based,0.22813602104110792,0.5502021560340887,0.125,0.4146403617999878,8x8,0.99,0.5,5,exact,fixed,perturbation_seed,support_restricted_tv_l1,exact_support_restricted_l1,,,,,,
7,2033,210,Maximum-based,0.22813602104110792,0.5502021560340887,0.125,0.4146403617999878,8x8,0.99,0.5,5,exact,fixed,perturbation_seed,support_restricted_tv_l1,exact_support_restricted_l1,,,,,,
7,2033,215,Maximum-based,0.2257856910993683,0.5445337982033734,0.140625,0.4146403617999878,8x8,0.99,0.5,5,exact,fixed,perturbation_seed,support_restricted_tv_l1,exact_support_restricted_l1,,,,,,
7,2033,220,Maximum-based,0.2257856910993683,0.5445337982033734,0.140625,0.4146403617999878,8x8,0.99,0.5,5,exact,fixed,perturbation_seed,support_restricted_tv_l1,exact_support_restricted_l1,,,,,,
7,2033,225,Maximum-based,0.2257856910993683,0.5445337982033734,0.140625,0.4146403617999878,8x8,0.99,0.5,5,exact,fixed,perturbation_seed,support_restricted_tv_l1,exact_support_restricted_l1,,,,,,
7,2033,230,Maximum-based,0.2257856910993683,0.5445337982033734,0.140625,0.4146403617999878,8x8,0.99,0.5,5,exact,fixed,perturbation_seed,support_restricted_tv_l1,exact_support_restricted_l1,,,,,,
7,2033,235,Maximum-based,0.2257856910993683,0.5445337982033734,0.140625,0.4146403617999878,8x8,0.99,0.5,5,exact,fixed,perturbation_seed,support_restricted_tv_l1,exact_support_restricted_l1,,,,,,
7,2033,240,Maximum-based,0.2257856910993683,0.5445337982033734,0.140625,0.4146403617999878,8x8,0.99,0.5,5,exact,fixed,perturbation_seed,support_restricted_tv_l1,exact_support_restricted_l1,,,,,,
7,2033,245,Maximum-based,0.2257856910993683,0.5445337982033734,0.140625,0.4146403617999878,8x8,0.99,0.5,5,exact,fixed,perturbation_seed,support_restricted_tv_l1,exact_support_restricted_l1,,,,,,
7,2033,250,Maximum-based,0.2257856910993683,0.5445337982033734,0.140625,0.4146403617999878,8x8,0.99,0.5,5,exact,fixed,perturbation_seed,support_restricted_tv_l1,exact_support_restricted_l1,,,,,,
7,2033,255,Maximum-based,0.2257856910993683,0.5445337982033734,0.140625,0.4146403617999878,8x8,0.99,0.5,5,exact,fixed,perturbation_seed,support_restricted_tv_l1,exact_support_restricted_l1,,,,,,
7,2033,260,Maximum-based,0.2257405596358073,0.5444249533640406,0.15625,0.4146403617999878,8x8,0.99,0.5,5,exact,fixed,perturbation_seed,support_restricted_tv_l1,exact_support_restricted_l1,,,,,,
7,2033,265,Maximum-based,0.2257405596358073,0.5444249533640406,0.15625,0.4146403617999878,8x8,0.99,0.5,5,exact,fixed,perturbation_seed,support_restricted_tv_l1,exact_support_restricted_l1,,,,,,
7,2033,270,Maximum-based,0.2257405596358073,0.5444249533640406,0.15625,0.4146403617999878,8x8,0.99,0.5,5,exact,fixed,perturbation_seed,support_restricted_tv_l1,exact_support_restricted_l1,,,,,,
7,2033,275,Maximum-based,0.2257405596358073,0.5444249533640406,0.15625,0.4146403617999878,8x8,0.99,0.5,5,exact,fixed,perturbation_seed,support_restricted_tv_l1,exact_support_restricted_l1,,,,,,
7,2033,280,Maximum-based,0.2257405596358073,0.5444249533640406,0.15625,0.4146403617999878,8x8,0.99,0.5,5,exact,fixed,perturbation_seed,support_restricted_tv_l1,exact_support_restricted_l1,,,,,,
7,2033,285,Maximum-based,0.2257405596358073,0.5444249533640406,0.15625,0.4146403617999878,8x8,0.99,0.5,5,exact,fixed,perturbation_seed,support_restricted_tv_l1,exact_support_restricted_l1,,,,,,
7,2033,290,Maximum-based,0.2257405596358073,0.5444249533640406,0.15625,0.4146403617999878,8x8,0.99,0.5,5,exact,fixed,perturbation_seed,support_restricted_tv_l1,exact_support_restricted_l1,,,,,,
7,2033,295,Maximum-based,0.2257405596358073,0.5444249533640406,0.15625,0.4146403617999878,8x8,0.99,0.5,5,exact,fixed,perturbation_seed,support_restricted_tv_l1,exact_support_restricted_l1,,,,,,
7,2033,300,Maximum-based,0.2257405596358073,0.5444249533640406,0.15625,0.4146403617999878,8x8,0.99,0.5,5,exact,fixed,perturbation_seed,support_restricted_tv_l1,exact_support_restricted_l1,,,,,,
7,2033,305,Maximum-based,0.2257405596358073,0.5444249533640406,0.15625,0.4146403617999878,8x8,0.99,0.5,5,exact,fixed,perturbation_seed,support_restricted_tv_l1,exact_support_restricted_l1,,,,,,
7,2033,310,Maximum-based,0.2256956525936379,0.5443166497681861,0.171875,0.4146403617999878,8x8,0.99,0.5,5,exact,fixed,perturbation_seed,support_restricted_tv_l1,exact_support_restricted_l1,,,,,,
7,2033,315,Maximum-based,0.2256956525936379,0.5443166497681861,0.171875,0.4146403617999878,8x8,0.99,0.5,5,exact,fixed,perturbation_seed,support_restricted_tv_l1,exact_support_restricted_l1,,,,,,
7,2033,320,Maximum-based,0.2256956525936379,0.5443166497681861,0.171875,0.4146403617999878,8x8,0.99,0.5,5,exact,fixed,perturbation_seed,support_restricted_tv_l1,exact_support_restricted_l1,,,,,,
7,2033,325,Maximum-based,0.2256956525936379,0.5443166497681861,0.171875,0.4146403617999878,8x8,0.99,0.5,5,exact,fixed,perturbation_seed,support_restricted_tv_l1,exact_support_restricted_l1,,,,,,
7,2033,330,Maximum-based,0.2256956525936379,0.5443166497681861,0.171875,0.4146403617999878,8x8,0.99,0.5,5,exact,fixed,perturbation_seed,support_restricted_tv_l1,exact_support_restricted_l1,,,,,,
7,2033,335,Maximum-based,0.2256956525936379,0.5443166497681861,0.171875,0.4146403617999878,8x8,0.99,0.5,5,exact,fixed,perturbation_seed,support_restricted_tv_l1,exact_support_restricted_l1,,,,,,
7,2033,340,Maximum-based,0.2256956525936379,0.5443166497681861,0.171875,0.4146403617999878,8x8,0.99,0.5,5,exact,fixed,perturbation_seed,support_restricted_tv_l1,exact_support_restricted_l1,,,,,,
7,2033,345,Maximum-based,0.2256956525936379,0.5443166497681861,0.171875,0.4146403617999878,8x8,0.99,0.5,5,exact,fixed,perturbation_seed,support_restricted_tv_l1,exact_support_restricted_l1,,,,,,
7,2033,350,Maximum-based,0.2256956525936379,0.5443166497681861,0.171875,0.4146403617999878,8x8,0.99,0.5,5,exact,fixed,perturbation_seed,support_restricted_tv_l1,exact_support_restricted_l1,,,,,,
7,2033,355,Maximum-based,0.2256956525936379,0.5443166497681861,0.171875,0.4146403617999878,8x8,0.99,0.5,5,exact,fixed,perturbation_seed,support_restricted_tv_l1,exact_support_restricted_l1,,,,,,
7,2033,360,Maximum-based,0.2256956525936379,0.5443166497681861,0.171875,0.4146403617999878,8x8,0.99,0.5,5,exact,fixed,perturbation_seed,support_restricted_tv_l1,exact_support_restricted_l1,,,,,,
7,2033,365,Maximum-based,0.2256956525936379,0.5443166497681861,0.171875,0.4146403617999878,8x8,0.99,0.5,5,exact,fixed,perturbation_seed,support_restricted_tv_l1,exact_support_restricted_l1,,,,,,
7,2033,370,Maximum-based,0.2256956525936379,0.5443166497681861,0.171875,0.4146403617999878,8x8,0.99,0.5,5,exact,fixed,perturbation_seed,support_restricted_tv_l1,exact_support_restricted_l1,,,,,,
7,2033,375,Maximum-based,0.2256956525936379,0.5443166497681861,0.171875,0.4146403617999878,8x8,0.99,0.5,5,exact,fixed,perturbation_seed,support_restricted_tv_l1,exact_support_restricted_l1,,,,,,
7,2033,380,Maximum-based,0.2256956525936379,0.5443166497681861,0.171875,0.4146403617999878,8x8,0.99,0.5,5,exact,fixed,perturbation_seed,support_restricted_tv_l1,exact_support_restricted_l1,,,,,,
7,2033,385,Maximum-based,0.2256956525936379,0.5443166497681861,0.171875,0.4146403617999878,8x8,0.99,0.5,5,exact,fixed,perturbation_seed,support_restricted_tv_l1,exact_support_restricted_l1,,,,,,
7,2033,390,Maximum-based,0.2256956525936379,0.5443166497681861,0.171875,0.4146403617999878,8x8,0.99,0.5,5,exact,fixed,perturbation_seed,support_restricted_tv_l1,exact_support_restricted_l1,,,,,,
7,2033,395,Maximum-based,0.2256956525936379,0.5443166497681861,0.171875,0.4146403617999878,8x8,0.99,0.5,5,exact,fixed,perturbation_seed,support_restricted_tv_l1,exact_support_restricted_l1,,,,,,
7,2033,400,Maximum-based,0.2256956525936379,0.5443166497681861,0.171875,0.4146403617999878,8x8,0.99,0.5,5,exact,fixed,perturbation_seed,support_restricted_tv_l1,exact_support_restricted_l1,,,,,,
7,2033,405,Maximum-based,0.2256956525936379,0.5443166497681861,0.171875,0.4146403617999878,8x8,0.99,0.5,5,exact,fixed,perturbation_seed,support_restricted_tv_l1,exact_support_restricted_l1,,,,,,
7,2033,410,Maximum-based,0.2256956525936379,0.5443166497681861,0.171875,0.4146403617999878,8x8,0.99,0.5,5,exact,fixed,perturbation_seed,support_restricted_tv_l1,exact_support_restricted_l1,,,,,,
7,2033,415,Maximum-based,0.2256956525936379,0.5443166497681861,0.171875,0.4146403617999878,8x8,0.99,0.5,5,exact,fixed,perturbation_seed,support_restricted_tv_l1,exact_support_restricted_l1,,,,,,
7,2033,420,Maximum-based,0.2256956525936379,0.5443166497681861,0.171875,0.4146403617999878,8x8,0.99,0.5,5,exact,fixed,perturbation_seed,support_restricted_tv_l1,exact_support_restricted_l1,,,,,,
7,2033,425,Maximum-based,0.2256956525936379,0.5443166497681861,0.171875,0.4146403617999878,8x8,0.99,0.5,5,exact,fixed,perturbation_seed,support_restricted_tv_l1,exact_support_restricted_l1,,,,,,
7,2033,430,Maximum-based,0.2256956525936379,0.5443166497681861,0.171875,0.4146403617999878,8x8,0.99,0.5,5,exact,fixed,perturbation_seed,support_restricted_tv_l1,exact_support_restricted_l1,,,,,,
7,2033,435,Maximum-based,0.2256956525936379,0.5443166497681861,0.171875,0.4146403617999878,8x8,0.99,0.5,5,exact,fixed,perturbation_seed,support_restricted_tv_l1,exact_support_restricted_l1,,,,,,
7,2033,440,Maximum-based,0.2256956525936379,0.5443166497681861,0.171875,0.4146403617999878,8x8,0.99,0.5,5,exact,fixed,perturbation_seed,support_restricted_tv_l1,exact_support_restricted_l1,,,,,,
7,2033,445,Maximum-based,0.2256956525936379,0.5443166497681861,0.171875,0.4146403617999878,8x8,0.99,0.5,5,exact,fixed,perturbation_seed,support_restricted_tv_l1,exact_support_restricted_l1,,,,,,
7,2033,450,Maximum-based,0.2256956525936379,0.5443166497681861,0.171875,0.4146403617999878,8x8,0.99,0.5,5,exact,fixed,perturbation_seed,support_restricted_tv_l1,exact_support_restricted_l1,,,,,,
7,2033,455,Maximum-based,0.2256956525936379,0.5443166497681861,0.171875,0.4146403617999878,8x8,0.99,0.5,5,exact,fixed,perturbation_seed,support_restricted_tv_l1,exact_support_restricted_l1,,,,,,
7,2033,460,Maximum-based,0.2256956525936379,0.5443166497681861,0.171875,0.4146403617999878,8x8,0.99,0.5,5,exact,fixed,perturbation_seed,support_restricted_tv_l1,exact_support_restricted_l1,,,,,,
7,2033,465,Maximum-based,0.2256956525936379,0.5443166497681861,0.171875,0.4146403617999878,8x8,0.99,0.5,5,exact,fixed,perturbation_seed,support_restricted_tv_l1,exact_support_restricted_l1,,,,,,
7,2033,470,Maximum-based,0.2256956525936379,0.5443166497681861,0.171875,0.4146403617999878,8x8,0.99,0.5,5,exact,fixed,perturbation_seed,support_restricted_tv_l1,exact_support_restricted_l1,,,,,,
7,2033,475,Maximum-based,0.2256956525936379,0.5443166497681861,0.171875,0.4146403617999878,8x8,0.99,0.5,5,exact,fixed,perturbation_seed,support_restricted_tv_l1,exact_support_restricted_l1,,,,,,
7,2033,480,Maximum-based,0.2256956525936379,0.5443166497681861,0.171875,0.4146403617999878,8x8,0.99,0.5,5,exact,fixed,perturbation_seed,support_restricted_tv_l1,exact_support_restricted_l1,,,,,,
7,2033,485,Maximum-based,0.2256956525936379,0.5443166497681861,0.171875,0.4146403617999878,8x8,0.99,0.5,5,exact,fixed,perturbation_seed,support_restricted_tv_l1,exact_support_restricted_l1,,,,,,
7,2033,490,Maximum-based,0.2256956525936379,0.5443166497681861,0.171875,0.4146403617999878,8x8,0.99,0.5,5,exact,fixed,perturbation_seed,support_restricted_tv_l1,exact_support_restricted_l1,,,,,,
7,2033,495,Maximum-based,0.2256956525936379,0.5443166497681861,0.171875,0.4146403617999878,8x8,0.99,0.5,5,exact,fixed,perturbation_seed,support_restricted_tv_l1,exact_support_restricted_l1,,,,,,
7,2033,500,Maximum-based,0.2256956525936379,0.5443166497681861,0.171875,0.4146403617999878,8x8,0.99,0.5,5,exact,fixed,perturbation_seed,support_restricted_tv_l1,exact_support_restricted_l1,,,,,,
7,2033,0,Similarity-aware,0.0,0.0,0.65625,0.4146403617999878,8x8,0.99,0.5,5,exact,fixed,perturbation_seed,support_restricted_tv_l1,exact_support_restricted_l1,,,,,,
7,2033,5,Similarity-aware,0.0,0.0,0.59375,0.4146403617999878,8x8,0.99,0.5,5,exact,fixed,perturbation_seed,support_restricted_tv_l1,exact_support_restricted_l1,,,,,,
7,2033,10,Similarity-aware,-2.0374148699179363e-19,-4.913691617172413e-19,0.484375,0.4146403617999878,8x8,0.99,0.5,5,exact,fixed,perturbation_seed,support_restricted_tv_l1,exact_support_restricted_l1,,,,,,
7,2033,15,Similarity-aware,0.028102246245819695,0.06777498968943964,0.5,0.4146403617999878,8x8,0.99,0.5,5,exact,fixed,perturbation_seed,support_restricted_tv_l1,exact_support_restricted_l1,,,,,,
7,2033,20,Similarity-aware,0.051117610841766734,0.12328180165544182,0.4375,0.4146403617999878,8x8,0.99,0.5,5,exact,fixed,perturbation_seed,support_restricted_tv_l1,exact_support_restricted_l1,,,,,,
7,2033,25,Similarity-aware,0.06318192491503122,0.1523776523847155,0.40625,0.4146403617999878,8x8,0.99,0.5,5,exact,fixed,perturbation_seed,support_restricted_tv_l1,exact_support_restricted_l1,,,,,,
7,2033,30,Similarity-aware,0.21246103400113264,0.5123983422135314,0.3125,0.4146403617999878,8x8,0.99,0.5,5,exact,fixed,perturbation_seed,support_restricted_tv_l1,exact_support_restricted_l1,,,,,,
7,2033,35,Similarity-aware,0.275415352378869,0.6642270694132824,0.265625,0.4146403617999878,8x8,0.99,0.5,5,exact,fixed,perturbation_seed,support_restricted_tv_l1,exact_support_restricted_l1,,,,,,
7,2033,40,Similarity-aware,0.28388695779657097,0.6846582820934132,0.234375,0.4146403617999878,8x8,0.99,0.5,5,exact,fixed,perturbation_seed,support_restricted_tv_l1,exact_support_restricted_l1,,,,,,
7,2033,45,Similarity-aware,0.28388695779657097,0.6846582820934132,0.234375,0.4146403617999878,8x8,0.99,0.5,5,exact,fixed,perturbation_seed,support_restricted_tv_l1,exact_support_restricted_l1,,,,,,
7,2033,50,Similarity-aware,0.30585272073257147,0.7376337397662874,0.21875,0.4146403617999878,8x8,0.99,0.5,5,exact,fixed,perturbation_seed,support_restricted_tv_l1,exact_support_restricted_l1,,,,,,
7,2033,55,Similarity-aware,0.33679847732971957,0.8122665045622904,0.203125,0.4146403617999878,8x8,0.99,0.5,5,exact,fixed,perturbation_seed,support_restricted_tv_l1,exact_support_restricted_l1,,,,,,
7,2033,60,Similarity-aware,0.34745200596875975,0.837959923776938,0.1875,0.4146403617999878,8x8,0.99,0.5,5,exact,fixed,perturbation_seed,support_restricted_tv_l1,exact_support_restricted_l1,,,,,,
7,2033,65,Similarity-aware,0.34760642296534244,0.8383323356567471,0.171875,0.4146403617999878,8x8,0.99,0.5,5,exact,fixed,perturbation_seed,support_restricted_tv_l1,exact_support_restricted_l1,,,,,,
7,2033,70,Similarity-aware,0.3750908824095461,0.9046173912767339,0.140625,0.4146403617999878,8x8,0.99,0.5,5,exact,fixed,perturbation_seed,support_restricted_tv_l1,exact_support_restricted_l1,,,,,,
7,2033,75,Similarity-aware,0.3750908824095461,0.9046173912767339,0.140625,0.4146403617999878,8x8,0.99,0.5,5,exact,fixed,perturbation_seed,support_restricted_tv_l1,exact_support_restricted_l1,,,,,,
7,2033,80,Similarity-aware,0.3750908824095461,0.9046173912767339,0.140625,0.4146403617999878,8x8,0.99,0.5,5,exact,fixed,perturbation_seed,support_restricted_tv_l1,exact_support_restricted_l1,,,,,,
7,2033,85,Similarity-aware,0.3750908824095461,0.9046173912767339,0.140625,0.4146403617999878,8x8,0.99,0.5,5,exact,fixed,perturbation_seed,support_restricted_tv_l1,exact_support_restricted_l1,,,,,,
7,2033,90,Similarity-aware,0.3750908824095461,0.9046173912767339,0.140625,0.4146403617999878,8x8,0.99,0.5,5,exact,fixed,perturbation_seed,support_restricted_tv_l1,exact_support_restricted_l1,,,,,,
7,2033,95,Similarity-aware,0.3750908824095461,0.9046173912767339,0.140625,0.4146403617999878,8x8,0.99,0.5,5,exact,fixed,perturbation_seed,support_restricted_tv_l1,exact_support_restricted_l1,,,,,,
7,2033,100,Similarity-aware,0.3750908824095461,0.9046173912767339,0.140625,0.4146403617999878,8x8,0.99,0.5,5,exact,fixed,perturbation_seed,support_restricted_tv_l1,exact_support_restricted_l1,,,,,,
7,2033,105,Similarity-aware,0.3750908824095461,0.9046173912767339,0.140625,0.4146403617999878,8x8,0.99,0.5,5,exact,fixed,perturbation_seed,support_restricted_tv_l1,exact_support_restricted_l1,,,,,,
7,2033,110,Similarity-aware,0.3750908824095461,0.9046173912767339,0.140625,0.4146403617999878,8x8,0.99,0.5,5,exact,fixed,perturbation_seed,support_restricted_tv_l1,exact_support_restricted_l1,,,,,,
7,2033,115,Similarity-aware,0.3750908824095461,0.9046173912767339,0.140625,0.4146403617999878,8x8,0.99,0.5,5,exact,fixed,perturbation_seed,support_restricted_tv_l1,exact_support_restricted_l1,,,,,,
7,2033,120,Similarity-aware,0.3750908824095461,0.9046173912767339,0.140625,0.4146403617999878,8x8,0.99,0.5,5,exact,fixed,perturbation_seed,support_restricted_tv_l1,exact_support_restricted_l1,,,,,,
7,2033,125,Similarity-aware,0.3750908824095461,0.9046173912767339,0.140625,0.4146403617999878,8x8,0.99,0.5,5,exact,fixed,perturbation_seed,support_restricted_tv_l1,exact_support_restricted_l1,,,,,,
7,2033,130,Similarity-aware,0.3750908824095461,0.9046173912767339,0.140625,0.4146403617999878,8x8,0.99,0.5,5,exact,fixed,perturbation_seed,support_restricted_tv_l1,exact_support_restricted_l1,,,,,,
7,2033,135,Similarity-aware,0.3750908824095461,0.9046173912767339,0.140625,0.4146403617999878,8x8,0.99,0.5,5,exact,fixed,perturbation_seed,support_restricted_tv_l1,exact_support_restricted_l1,,,,,,
7,2033,140,Similarity-aware,0.3750908824095461,0.9046173912767339,0.140625,0.4146403617999878,8x8,0.99,0.5,5,exact,fixed,perturbation_seed,support_restricted_tv_l1,exact_support_restricted_l1,,,,,,
7,2033,145,Similarity-aware,0.3750908824095461,0.9046173912767339,0.140625,0.4146403617999878,8x8,0.99,0.5,5,exact,fixed,perturbation_seed,support_restricted_tv_l1,exact_support_restricted_l1,,,,,,
7,2033,150,Similarity-aware,0.3750908824095461,0.9046173912767339,0.140625,0.4146403617999878,8x8,0.99,0.5,5,exact,fixed,perturbation_seed,support_restricted_tv_l1,exact_support_restricted_l1,,,,,,
7,2033,155,Similarity-aware,0.3750908824095461,0.9046173912767339,0.140625,0.4146403617999878,8x8,0.99,0.5,5,exact,fixed,perturbation_seed,support_restricted_tv_l1,exact_support_restricted_l1,,,,,,
7,2033,160,Similarity-aware,0.3750908824095461,0.9046173912767339,0.140625,0.4146403617999878,8x8,0.99,0.5,5,exact,fixed,perturbation_seed,support_restricted_tv_l1,exact_support_restricted_l1,,,,,,
7,2033,165,Similarity-aware,0.3750908824095461,0.9046173912767339,0.140625,0.4146403617999878,8x8,0.99,0.5,5,exact,fixed,perturbation_seed,support_restricted_tv_l1,exact_support_restricted_l1,,,,,,
7,2033,170,Similarity-aware,0.3750908824095461,0.9046173912767339,0.140625,0.4146403617999878,8x8,0.99,0.5,5,exact,fixed,perturbation_seed,support_restricted_tv_l1,exact_support_restricted_l1,,,,,,
7,2033,175,Similarity-aware,0.3750908824095461,0.9046173912767339,0.140625,0.4146403617999878,8x8,0.99,0.5,5,exact,fixed,perturbation_seed,support_restricted_tv_l1,exact_support_restricted_l1,,,,,,
7,2033,180,Similarity-aware,0.3750908824095461,0.9046173912767339,0.140625,0.4146403617999878,8x8,0.99,0.5,5,exact,fixed,perturbation_seed,support_restricted_tv_l1,exact_support_restricted_l1,,,,,,
7,2033,185,Similarity-aware,0.3852728972521682,0.9291736472051755,0.125,0.4146403617999878,8x8,0.99,0.5,5,exact,fixed,perturbation_seed,support_restricted_tv_l1,exact_support_restricted_l1,,,,,,
7,2033,190,Similarity-aware,0.3852728972521682,0.9291736472051755,0.125,0.4146403617999878,8x8,0.99,0.5,5,exact,fixed,perturbation_seed,support_restricted_tv_l1,exact_support_restricted_l1,,,,,,
7,2033,195,Similarity-aware,0.3852728972521682,0.9291736472051755,0.125,0.4146403617999878,8x8,0.99,0.5,5,exact,fixed,perturbation_seed,support_restricted_tv_l1,exact_support_restricted_l1,,,,,,
7,2033,200,Similarity-aware,0.3852728972521682,0.9291736472051755,0.125,0.4146403617999878,8x8,0.99,0.5,5,exact,fixed,perturbation_seed,support_restricted_tv_l1,exact_support_restricted_l1,,,,,,
7,2033,205,Similarity-aware,0.3852728972521682,0.9291736472051755,0.125,0.4146403617999878,8x8,0.99,0.5,5,exact,fixed,perturbation_seed,support_restricted_tv_l1,exact_support_restricted_l1,,,,,,
7,2033,210,Similarity-aware,0.3852728972521682,0.9291736472051755,0.125,0.4146403617999878,8x8,0.99,0.5,5,exact,fixed,perturbation_seed,support_restricted_tv_l1,exact_support_restricted_l1,,,,,,
7,2033,215,Similarity-aware,0.3852728972521682,0.9291736472051755,0.125,0.4146403617999878,8x8,0.99,0.5,5,exact,fixed,perturbation_seed,support_restricted_tv_l1,exact_support_restricted_l1,,,,,,
7,2033,220,Similarity-aware,0.3852728972521682,0.9291736472051755,0.125,0.4146403617999878,8x8,0.99,0.5,5,exact,fixed,perturbation_seed,support_restricted_tv_l1,exact_support_restricted_l1,,,,,,
7,2033,225,Similarity-aware,0.3852728972521682,0.9291736472051755,0.125,0.4146403617999878,8x8,0.99,0.5,5,exact,fixed,perturbation_seed,support_restricted_tv_l1,exact_support_restricted_l1,,,,,,
7,2033,230,Similarity-aware,0.3852728972521682,0.9291736472051755,0.125,0.4146403617999878,8x8,0.99,0.5,5,exact,fixed,perturbation_seed,support_restricted_tv_l1,exact_support_restricted_l1,,,,,,
7,2033,235,Similarity-aware,0.3852728972521682,0.9291736472051755,0.125,0.4146403617999878,8x8,0.99,0.5,5,exact,fixed,perturbation_seed,support_restricted_tv_l1,exact_support_restricted_l1,,,,,,
7,2033,240,Similarity-aware,0.3852728972521682,0.9291736472051755,0.125,0.4146403617999878,8x8,0.99,0.5,5,exact,fixed,perturbation_seed,support_restricted_tv_l1,exact_support_restricted_l1,,,,,,
7,2033,245,Similarity-aware,0.3852728972521682,0.9291736472051755,0.125,0.4146403617999878,8x8,0.99,0.5,5,exact,fixed,perturbation_seed,support_restricted_tv_l1,exact_support_restricted_l1,,,,,,
7,2033,250,Similarity-aware,0.3852728972521682,0.9291736472051755,0.125,0.4146403617999878,8x8,0.99,0.5,5,exact,fixed,perturbation_seed,support_restricted_tv_l1,exact_support_restricted_l1,,,,,,
7,2033,255,Similarity-aware,0.3852728972521682,0.9291736472051755,0.125,0.4146403617999878,8x8,0.99,0.5,5,exact,fixed,perturbation_seed,support_restricted_tv_l1,exact_support_restricted_l1,,,,,,
7,2033,260,Similarity-aware,0.3852728972521682,0.9291736472051755,0.125,0.4146403617999878,8x8,0.99,0.5,5,exact,fixed,perturbation_seed,support_restricted_tv_l1,exact_support_restricted_l1,,,,,,
7,2033,265,Similarity-aware,0.3852728972521682,0.9291736472051755,0.125,0.4146403617999878,8x8,0.99,0.5,5,exact,fixed,perturbation_seed,support_restricted_tv_l1,exact_support_restricted_l1,,,,,,
7,2033,270,Similarity-aware,0.3852728972521682,0.9291736472051755,0.125,0.4146403617999878,8x8,0.99,0.5,5,exact,fixed,perturbation_seed,support_restricted_tv_l1,exact_support_restricted_l1,,,,,,
7,2033,275,Similarity-aware,0.3852728972521682,0.9291736472051755,0.125,0.4146403617999878,8x8,0.99,0.5,5,exact,fixed,perturbation_seed,support_restricted_tv_l1,exact_support_restricted_l1,,,,,,
7,2033,280,Similarity-aware,0.3852728972521682,0.9291736472051755,0.140625,0.4146403617999878,8x8,0.99,0.5,5,exact,fixed,perturbation_seed,support_restricted_tv_l1,exact_support_restricted_l1,,,,,,
7,2033,285,Similarity-aware,0.3852728972521682,0.9291736472051755,0.140625,0.4146403617999878,8x8,0.99,0.5,5,exact,fixed,perturbation_seed,support_restricted_tv_l1,exact_support_restricted_l1,,,,,,
7,2033,290,Similarity-aware,0.3852728972521682,0.9291736472051755,0.140625,0.4146403617999878,8x8,0.99,0.5,5,exact,fixed,perturbation_seed,support_restricted_tv_l1,exact_support_restricted_l1,,,,,,
7,2033,295,Similarity-aware,0.3852728972521682,0.9291736472051755,0.140625,0.4146403617999878,8x8,0.99,0.5,5,exact,fixed,perturbation_seed,support_restricted_tv_l1,exact_support_restricted_l1,,,,,,
7,2033,300,Similarity-aware,0.3852728972521682,0.9291736472051755,0.140625,0.4146403617999878,8x8,0.99,0.5,5,exact,fixed,perturbation_seed,support_restricted_tv_l1,exact_support_restricted_l1,,,,,,
7,2033,305,Similarity-aware,0.3852728972521682,0.9291736472051755,0.140625,0.4146403617999878,8x8,0.99,0.5,5,exact,fixed,perturbation_seed,support_restricted_tv_l1,exact_support_restricted_l1,,,,,,
7,2033,310,Similarity-aware,0.3852728972521682,0.9291736472051755,0.140625,0.4146403617999878,8x8,0.99,0.5,5,exact,fixed,perturbation_seed,support_restricted_tv_l1,exact_support_restricted_l1,,,,,,
7,2033,315,Similarity-aware,0.3852728972521682,0.9291736472051755,0.140625,0.4146403617999878,8x8,0.99,0.5,5,exact,fixed,perturbation_seed,support_restricted_tv_l1,exact_support_restricted_l1,,,,,,
7,2033,320,Similarity-aware,0.3852728972521682,0.9291736472051755,0.140625,0.4146403617999878,8x8,0.99,0.5,5,exact,fixed,perturbation_seed,support_restricted_tv_l1,exact_support_restricted_l1,,,,,,
7,2033,325,Similarity-aware,0.3852728972521682,0.9291736472051755,0.140625,0.4146403617999878,8x8,0.99,0.5,5,exact,fixed,perturbation_seed,support_restricted_tv_l1,exact_support_restricted_l1,,,,,,
7,2033,330,Similarity-aware,0.3852728972521682,0.9291736472051755,0.140625,0.4146403617999878,8x8,0.99,0.5,5,exact,fixed,perturbation_seed,support_restricted_tv_l1,exact_support_restricted_l1,,,,,,
7,2033,335,Similarity-aware,0.3852728972521682,0.9291736472051755,0.140625,0.4146403617999878,8x8,0.99,0.5,5,exact,fixed,perturbation_seed,support_restricted_tv_l1,exact_support_restricted_l1,,,,,,
7,2033,340,Similarity-aware,0.3852728972521682,0.9291736472051755,0.140625,0.4146403617999878,8x8,0.99,0.5,5,exact,fixed,perturbation_seed,support_restricted_tv_l1,exact_support_restricted_l1,,,,,,
7,2033,345,Similarity-aware,0.3852728972521682,0.9291736472051755,0.140625,0.4146403617999878,8x8,0.99,0.5,5,exact,fixed,perturbation_seed,support_restricted_tv_l1,exact_support_restricted_l1,,,,,,
7,2033,350,Similarity-aware,0.3852728972521682,0.9291736472051755,0.140625,0.4146403617999878,8x8,0.99,0.5,5,exact,fixed,perturbation_seed,support_restricted_tv_l1,exact_support_restricted_l1,,,,,,
7,2033,355,Similarity-aware,0.3852728972521682,0.9291736472051755,0.140625,0.4146403617999878,8x8,0.99,0.5,5,exact,fixed,perturbation_seed,support_restricted_tv_l1,exact_support_restricted_l1,,,,,,
7,2033,360,Similarity-aware,0.38135988504569573,0.9197365239365054,0.15625,0.4146403617999878,8x8,0.99,0.5,5,exact,fixed,perturbation_seed,support_restricted_tv_l1,exact_support_restricted_l1,,,,,,
7,2033,365,Similarity-aware,0.38135988504569573,0.9197365239365054,0.15625,0.4146403617999878,8x8,0.99,0.5,5,exact,fixed,perturbation_seed,support_restricted_tv_l1,exact_support_restricted_l1,,,,,,
7,2033,370,Similarity-aware,0.38135988504569573,0.9197365239365054,0.15625,0.4146403617999878,8x8,0.99,0.5,5,exact,fixed,perturbation_seed,support_restricted_tv_l1,exact_support_restricted_l1,,,,,,
7,2033,375,Similarity-aware,0.38135988504569573,0.9197365239365054,0.15625,0.4146403617999878,8x8,0.99,0.5,5,exact,fixed,perturbation_seed,support_restricted_tv_l1,exact_support_restricted_l1,,,,,,
7,2033,380,Similarity-aware,0.38135988504569573,0.9197365239365054,0.15625,0.4146403617999878,8x8,0.99,0.5,5,exact,fixed,perturbation_seed,support_restricted_tv_l1,exact_support_restricted_l1,,,,,,
7,2033,385,Similarity-aware,0.38135988504569573,0.9197365239365054,0.15625,0.4146403617999878,8x8,0.99,0.5,5,exact,fixed,perturbation_seed,support_restricted_tv_l1,exact_support_restricted_l1,,,,,,
7,2033,390,Similarity-aware,0.38135988504569573,0.9197365239365054,0.15625,0.4146403617999878,8x8,0.99,0.5,5,exact,fixed,perturbation_seed,support_restricted_tv_l1,exact_support_restricted_l1,,,,,,
7,2033,395,Similarity-aware,0.38135988504569573,0.9197365239365054,0.15625,0.4146403617999878,8x8,0.99,0.5,5,exact,fixed,perturbation_seed,support_restricted_tv_l1,exact_support_restricted_l1,,,,,,
7,2033,400,Similarity-aware,0.38135988504569573,0.9197365239365054,0.15625,0.4146403617999878,8x8,0.99,0.5,5,exact,fixed,perturbation_seed,support_restricted_tv_l1,exact_support_restricted_l1,,,,,,
7,2033,405,Similarity-aware,0.38135988504569573,0.9197365239365054,0.15625,0.4146403617999878,8x8,0.99,0.5,5,exact,fixed,perturbation_seed,support_restricted_tv_l1,exact_support_restricted_l1,,,,,,
7,2033,410,Similarity-aware,0.38135988504569573,0.9197365239365054,0.15625,0.4146403617999878,8x8,0.99,0.5,5,exact,fixed,perturbation_seed,support_restricted_tv_l1,exact_support_restricted_l1,,,,,,
7,2033,415,Similarity-aware,0.38135988504569573,0.9197365239365054,0.15625,0.4146403617999878,8x8,0.99,0.5,5,exact,fixed,perturbation_seed,support_restricted_tv_l1,exact_support_restricted_l1,,,,,,
7,2033,420,Similarity-aware,0.38135988504569573,0.9197365239365054,0.15625,0.4146403617999878,8x8,0.99,0.5,5,exact,fixed,perturbation_seed,support_restricted_tv_l1,exact_support_restricted_l1,,,,,,
7,2033,425,Similarity-aware,0.38135988504569573,0.9197365239365054,0.15625,0.4146403617999878,8x8,0.99,0.5,5,exact,fixed,perturbation_seed,support_restricted_tv_l1,exact_support_restricted_l1,,,,,,
7,2033,430,Similarity-aware,0.38135988504569573,0.9197365239365054,0.15625,0.4146403617999878,8x8,0.99,0.5,5,exact,fixed,perturbation_seed,support_restricted_tv_l1,exact_support_restricted_l1,,,,,,
7,2033,435,Similarity-aware,0.38135988504569573,0.9197365239365054,0.15625,0.4146403617999878,8x8,0.99,0.5,5,exact,fixed,perturbation_seed,support_restricted_tv_l1,exact_support_restricted_l1,,,,,,
7,2033,440,Similarity-aware,0.38135988504569573,0.9197365239365054,0.15625,0.4146403617999878,8x8,0.99,0.5,5,exact,fixed,perturbation_seed,support_restricted_tv_l1,exact_support_restricted_l1,,,,,,
7,2033,445,Similarity-aware,0.38135988504569573,0.9197365239365054,0.15625,0.4146403617999878,8x8,0.99,0.5,5,exact,fixed,perturbation_seed,support_restricted_tv_l1,exact_support_restricted_l1,,,,,,
7,2033,450,Similarity-aware,0.38135988504569573,0.9197365239365054,0.15625,0.4146403617999878,8x8,0.99,0.5,5,exact,fixed,perturbation_seed,support_restricted_tv_l1,exact_support_restricted_l1,,,,,,
7,2033,455,Similarity-aware,0.38135988504569573,0.9197365239365054,0.15625,0.4146403617999878,8x8,0.99,0.5,5,exact,fixed,perturbation_seed,support_restricted_tv_l1,exact_support_restricted_l1,,,,,,
7,2033,460,Similarity-aware,0.38135988504569573,0.9197365239365054,0.15625,0.4146403617999878,8x8,0.99,0.5,5,exact,fixed,perturbation_seed,support_restricted_tv_l1,exact_support_restricted_l1,,,,,,
7,2033,465,Similarity-aware,0.38135988504569573,0.9197365239365054,0.15625,0.4146403617999878,8x8,0.99,0.5,5,exact,fixed,perturbation_seed,support_restricted_tv_l1,exact_support_restricted_l1,,,,,,
7,2033,470,Similarity-aware,0.38135988504569573,0.9197365239365054,0.15625,0.4146403617999878,8x8,0.99,0.5,5,exact,fixed,perturbation_seed,support_restricted_tv_l1,exact_support_restricted_l1,,,,,,
7,2033,475,Similarity-aware,0.38135988504569573,0.9197365239365054,0.15625,0.4146403617999878,8x8,0.99,0.5,5,exact,fixed,perturbation_seed,support_restricted_tv_l1,exact_support_restricted_l1,,,,,,
7,2033,480,Similarity-aware,0.38135988504569573,0.9197365239365054,0.15625,0.4146403617999878,8x8,0.99,0.5,5,exact,fixed,perturbation_seed,support_restricted_tv_l1,exact_support_restricted_l1,,,,,,
7,2033,485,Similarity-aware,0.38135988504569573,0.9197365239365054,0.15625,0.4146403617999878,8x8,0.99,0.5,5,exact,fixed,perturbation_seed,support_restricted_tv_l1,exact_support_restricted_l1,,,,,,
7,2033,490,Similarity-aware,0.38135988504569573,0.9197365239365054,0.15625,0.4146403617999878,8x8,0.99,0.5,5,exact,fixed,perturbation_seed,support_restricted_tv_l1,exact_support_restricted_l1,,,,,,
7,2033,495,Similarity-aware,0.38135988504569573,0.9197365239365054,0.15625,0.4146403617999878,8x8,0.99,0.5,5,exact,fixed,perturbation_seed,support_restricted_tv_l1,exact_support_restricted_l1,,,,,,
7,2033,500,Similarity-aware,0.38135988504569573,0.9197365239365054,0.15625,0.4146403617999878,8x8,0.99,0.5,5,exact,fixed,perturbation_seed,support_restricted_tv_l1,exact_support_restricted_l1,,,,,,
7,2033,0,Uniform,0.0,0.0,0.65625,0.4146403617999878,8x8,0.99,0.5,5,exact,fixed,perturbation_seed,support_restricted_tv_l1,exact_support_restricted_l1,,,,,,
7,2033,5,Uniform,0.0,0.0,0.625,0.4146403617999878,8x8,0.99,0.5,5,exact,fixed,perturbation_seed,support_restricted_tv_l1,exact_support_restricted_l1,,,,,,
7,2033,10,Uniform,-1.122223272229358e-19,-2.7064979090740097e-19,0.546875,0.4146403617999878,8x8,0.99,0.5,5,exact,fixed,perturbation_seed,support_restricted_tv_l1,exact_support_restricted_l1,,,,,,
7,2033,15,Uniform,0.016636611309342512,0.04012299052875996,0.546875,0.4146403617999878,8x8,0.99,0.5,5,exact,fixed,perturbation_seed,support_restricted_tv_l1,exact_support_restricted_l1,,,,,,
7,2033,20,Uniform,0.0350630799534621,0.08456263109855103,0.484375,0.4146403617999878,8x8,0.99,0.5,5,exact,fixed,perturbation_seed,support_restricted_tv_l1,exact_support_restricted_l1,,,,,,
7,2033,25,Uniform,0.04656460961878992,0.1123011986017211,0.453125,0.4146403617999878,8x8,0.99,0.5,5,exact,fixed,perturbation_seed,support_restricted_tv_l1,exact_support_restricted_l1,,,,,,
7,2033,30,Uniform,0.05190237311672592,0.12517443524169589,0.40625,0.4146403617999878,8x8,0.99,0.5,5,exact,fixed,perturbation_seed,support_restricted_tv_l1,exact_support_restricted_l1,,,,,,
7,2033,35,Uniform,0.058807032422378336,0.14182659924155042,0.375,0.4146403617999878,8x8,0.99,0.5,5,exact,fixed,perturbation_seed,support_restricted_tv_l1,exact_support_restricted_l1,,,,,,
7,2033,40,Uniform,0.07536446562663138,0.1817586336734515,0.359375,0.4146403617999878,8x8,0.99,0.5,5,exact,fixed,perturbation_seed,support_restricted_tv_l1,exact_support_restricted_l1,,,,,,
7,2033,45,Uniform,0.07921742414539643,0.19105092374873273,0.328125,0.4146403617999878,8x8,0.99,0.5,5,exact,fixed,perturbation_seed,support_restricted_tv_l1,exact_support_restricted_l1,,,,,,
7,2033,50,Uniform,0.08055501542219064,0.19427683082393307,0.3125,0.4146403617999878,8x8,0.99,0.5,5,exact,fixed,perturbation_seed,support_restricted_tv_l1,exact_support_restricted_l1,,,,,,
7,2033,55,Uniform,0.08817090312817298,0.21264428466494642,0.28125,0.4146403617999878,8x8,0.99,0.5,5,exact,fixed,perturbation_seed,support_restricted_tv_l1,exact_support_restricted_l1,,,,,,
7,2033,60,Uniform,0.0977729551522067,0.23580182770381128,0.25,0.4146403617999878,8x8,0.99,0.5,5,exact,fixed,perturbation_seed,support_restricted_tv_l1,exact_support_restricted_l1,,,,,,
7,2033,65,Uniform,0.0994776854199934,0.23991317436670326,0.21875,0.4146403617999878,8x8,0.99,0.5,5,exact,fixed,perturbation_seed,support_restricted_tv_l1,exact_support_restricted_l1,,,,,,
7,2033,70,Uniform,0.0994776854199934,0.23991317436670326,0.21875,0.4146403617999878,8x8,0.99,0.5,5,exact,fixed,perturbation_seed,support_restricted_tv_l1,exact_support_restricted_l1,,,,,,
7,2033,75,Uniform,0.0994776854199934,0.23991317436670326,0.21875,0.4146403617999878,8x8,0.99,0.5,5,exact,fixed,perturbation_seed,support_restricted_tv_l1,exact_support_restricted_l1,,,,,,
7,2033,80,Uniform,0.0994776854199934,0.23991317436670326,0.21875,0.4146403617999878,8x8,0.99,0.5,5,exact,fixed,perturbation_seed,support_restricted_tv_l1,exact_support_restricted_l1,,,,,,
7,2033,85,Uniform,0.11815546176154802,0.28495890088612086,0.1875,0.4146403617999878,8x8,0.99,0.5,5,exact,fixed,perturbation_seed,support_restricted_tv_l1,exact_support_restricted_l1,,,,,,
7,2033,90,Uniform,0.11815546176154802,0.28495890088612086,0.1875,0.4146403617999878,8x8,0.99,0.5,5,exact,fixed,perturbation_seed,support_restricted_tv_l1,exact_support_restricted_l1,,,,,,
7,2033,95,Uniform,0.11815546176154802,0.28495890088612086,0.1875,0.4146403617999878,8x8,0.99,0.5,5,exact,fixed,perturbation_seed,support_restricted_tv_l1,exact_support_restricted_l1,,,,,,
7,2033,100,Uniform,0.11592371353034706,0.27957652995263826,0.203125,0.4146403617999878,8x8,0.99,0.5,5,exact,fixed,perturbation_seed,support_restricted_tv_l1,exact_support_restricted_l1,,,,,,
7,2033,105,Uniform,0.11592371353034708,0.2795765299526383,0.21875,0.4146403617999878,8x8,0.99,0.5,5,exact,fixed,perturbation_seed,support_restricted_tv_l1,exact_support_restricted_l1,,,,,,
7,2033,110,Uniform,0.12622640571476632,0.3044238268720564,0.203125,0.4146403617999878,8x8,0.99,0.5,5,exact,fixed,perturbation_seed,support_restricted_tv_l1,exact_support_restricted_l1,,,,,,
7,2033,115,Uniform,0.12622640571476632,0.3044238268720564,0.203125,0.4146403617999878,8x8,0.99,0.5,5,exact,fixed,perturbation_seed,support_restricted_tv_l1,exact_support_restricted_l1,,,,,,
7,2033,120,Uniform,0.12622640571476632,0.3044238268720564,0.203125,0.4146403617999878,8x8,0.99,0.5,5,exact,fixed,perturbation_seed,support_restricted_tv_l1,exact_support_restricted_l1,,,,,,
7,2033,125,Uniform,0.12622640571476632,0.3044238268720564,0.203125,0.4146403617999878,8x8,0.99,0.5,5,exact,fixed,perturbation_seed,support_restricted_tv_l1,exact_support_restricted_l1,,,,,,
7,2033,130,Uniform,0.12622640571476632,0.3044238268720564,0.203125,0.4146403617999878,8x8,0.99,0.5,5,exact,fixed,perturbation_seed,support_restricted_tv_l1,exact_support_restricted_l1,,,,,,
7,2033,135,Uniform,0.12622640571476632,0.3044238268720564,0.203125,0.4146403617999878,8x8,0.99,0.5,5,exact,fixed,perturbation_seed,support_restricted_tv_l1,exact_support_restricted_l1,,,,,,
7,2033,140,Uniform,0.12622640571476632,0.3044238268720564,0.203125,0.4146403617999878,8x8,0.99,0.5,5,exact,fixed,perturbation_seed,support_restricted_tv_l1,exact_support_restricted_l1,,,,,,
7,2033,145,Uniform,0.12622640571476632,0.3044238268720564,0.203125,0.4146403617999878,8x8,0.99,0.5,5,exact,fixed,perturbation_seed,support_restricted_tv_l1,exact_support_restricted_l1,,,,,,
7,2033,150,Uniform,0.12622640571476632,0.3044238268720564,0.203125,0.4146403617999878,8x8,0.99,0.5,5,exact,fixed,perturbation_seed,support_restricted_tv_l1,exact_support_restricted_l1,,,,,,
7,2033,155,Uniform,0.12622640571476632,0.3044238268720564,0.203125,0.4146403617999878,8x8,0.99,0.5,5,exact,fixed,perturbation_seed,support_restricted_tv_l1,exact_support_restricted_l1,,,,,,
7,2033,160,Uniform,0.12622640571476632,0.3044238268720564,0.203125,0.4146403617999878,8x8,0.99,0.5,5,exact,fixed,perturbation_seed,support_restricted_tv_l1,exact_support_restricted_l1,,,,,,
7,2033,165,Uniform,0.12622640571476632,0.3044238268720564,0.203125,0.4146403617999878,8x8,0.99,0.5,5,exact,fixed,perturbation_seed,support_restricted_tv_l1,exact_support_restricted_l1,,,,,,
7,2033,170,Uniform,0.12622640571476632,0.3044238268720564,0.203125,0.4146403617999878,8x8,0.99,0.5,5,exact,fixed,perturbation_seed,support_restricted_tv_l1,exact_support_restricted_l1,,,,,,
7,2033,175,Uniform,0.12622640571476632,0.3044238268720564,0.203125,0.4146403617999878,8x8,0.99,0.5,5,exact,fixed,perturbation_seed,support_restricted_tv_l1,exact_support_restricted_l1,,,,,,
7,2033,180,Uniform,0.12622640571476632,0.3044238268720564,0.203125,0.4146403617999878,8x8,0.99,0.5,5,exact,fixed,perturbation_seed,support_restricted_tv_l1,exact_support_restricted_l1,,,,,,
7,2033,185,Uniform,0.12622640571476632,0.3044238268720564,0.203125,0.4146403617999878,8x8,0.99,0.5,5,exact,fixed,perturbation_seed,support_restricted_tv_l1,exact_support_restricted_l1,,,,,,
7,2033,190,Uniform,0.12763548078994508,0.3078221334649357,0.1875,0.4146403617999878,8x8,0.99,0.5,5,exact,fixed,perturbation_seed,support_restricted_tv_l1,exact_support_restricted_l1,,,,,,
7,2033,195,Uniform,0.12763548078994508,0.3078221334649357,0.1875,0.4146403617999878,8x8,0.99,0.5,5,exact,fixed,perturbation_seed,support_restricted_tv_l1,exact_support_restricted_l1,,,,,,
7,2033,200,Uniform,0.12763548078994508,0.3078221334649357,0.1875,0.4146403617999878,8x8,0.99,0.5,5,exact,fixed,perturbation_seed,support_restricted_tv_l1,exact_support_restricted_l1,,,,,,
7,2033,205,Uniform,0.12763548078994508,0.3078221334649357,0.1875,0.4146403617999878,8x8,0.99,0.5,5,exact,fixed,perturbation_seed,support_restricted_tv_l1,exact_support_restricted_l1,,,,,,
7,2033,210,Uniform,0.12763548078994508,0.3078221334649357,0.1875,0.4146403617999878,8x8,0.99,0.5,5,exact,fixed,perturbation_seed,support_restricted_tv_l1,exact_support_restricted_l1,,,,,,
7,2033,215,Uniform,0.12763548078994508,0.3078221334649357,0.1875,0.4146403617999878,8x8,0.99,0.5,5,exact,fixed,perturbation_seed,support_restricted_tv_l1,exact_support_restricted_l1,,,,,,
7,2033,220,Uniform,0.1305970770532189,0.31496469973710783,0.171875,0.4146403617999878,8x8,0.99,0.5,5,exact,fixed,perturbation_seed,support_restricted_tv_l1,exact_support_restricted_l1,,,,,,
7,2033,225,Uniform,0.1305970770532189,0.31496469973710783,0.171875,0.4146403617999878,8x8,0.99,0.5,5,exact,fixed,perturbation_seed,support_restricted_tv_l1,exact_support_restricted_l1,,,,,,
7,2033,230,Uniform,0.1305970770532189,0.31496469973710783,0.171875,0.4146403617999878,8x8,0.99,0.5,5,exact,fixed,perturbation_seed,support_restricted_tv_l1,exact_support_restricted_l1,,,,,,
7,2033,235,Uniform,0.1305970770532189,0.31496469973710783,0.171875,0.4146403617999878,8x8,0.99,0.5,5,exact,fixed,perturbation_seed,support_restricted_tv_l1,exact_support_restricted_l1,,,,,,
7,2033,240,Uniform,0.1305970770532189,0.31496469973710783,0.171875,0.4146403617999878,8x8,0.99,0.5,5,exact,fixed,perturbation_seed,support_restricted_tv_l1,exact_support_restricted_l1,,,,,,
7,2033,245,Uniform,0.1305970770532189,0.31496469973710783,0.171875,0.4146403617999878,8x8,0.99,0.5,5,exact,fixed,perturbation_seed,support_restricted_tv_l1,exact_support_restricted_l1,,,,,,
7,2033,250,Uniform,0.1305970770532189,0.31496469973710783,0.171875,0.4146403617999878,8x8,0.99,0.5,5,exact,fixed,perturbation_seed,support_restricted_tv_l1,exact_support_restricted_l1,,,,,,
7,2033,255,Uniform,0.1305970770532189,0.31496469973710783,0.171875,0.4146403617999878,8x8,0.99,0.5,5,exact,fixed,perturbation_seed,support_restricted_tv_l1,exact_support_restricted_l1,,,,,,
7,2033,260,Uniform,0.1305970770532189,0.31496469973710783,0.171875,0.4146403617999878,8x8,0.99,0.5,5,exact,fixed,perturbation_seed,support_restricted_tv_l1,exact_support_restricted_l1,,,,,,
7,2033,265,Uniform,0.1305970770532189,0.31496469973710783,0.171875,0.4146403617999878,8x8,0.99,0.5,5,exact,fixed,perturbation_seed,support_restricted_tv_l1,exact_support_restricted_l1,,,,,,
7,2033,270,Uniform,0.1305970770532189,0.31496469973710783,0.171875,0.4146403617999878,8x8,0.99,0.5,5,exact,fixed,perturbation_seed,support_restricted_tv_l1,exact_support_restricted_l1,,,,,,
7,2033,275,Uniform,0.1305970770532189,0.31496469973710783,0.171875,0.4146403617999878,8x8,0.99,0.5,5,exact,fixed,perturbation_seed,support_restricted_tv_l1,exact_support_restricted_l1,,,,,,
7,2033,280,Uniform,0.1305970770532189,0.31496469973710783,0.171875,0.4146403617999878,8x8,0.99,0.5,5,exact,fixed,perturbation_seed,support_restricted_tv_l1,exact_support_restricted_l1,,,,,,
7,2033,285,Uniform,0.1305970770532189,0.31496469973710783,0.171875,0.4146403617999878,8x8,0.99,0.5,5,exact,fixed,perturbation_seed,support_restricted_tv_l1,exact_support_restricted_l1,,,,,,
7,2033,290,Uniform,0.1305970770532189,0.31496469973710783,0.171875,0.4146403617999878,8x8,0.99,0.5,5,exact,fixed,perturbation_seed,support_restricted_tv_l1,exact_support_restricted_l1,,,,,,
7,2033,295,Uniform,0.1305970770532189,0.31496469973710783,0.171875,0.4146403617999878,8x8,0.99,0.5,5,exact,fixed,perturbation_seed,support_restricted_tv_l1,exact_support_restricted_l1,,,,,,
7,2033,300,Uniform,0.1305970770532189,0.31496469973710783,0.171875,0.4146403617999878,8x8,0.99,0.5,5,exact,fixed,perturbation_seed,support_restricted_tv_l1,exact_support_restricted_l1,,,,,,
7,2033,305,Uniform,0.1305970770532189,0.31496469973710783,0.171875,0.4146403617999878,8x8,0.99,0.5,5,exact,fixed,perturbation_seed,support_restricted_tv_l1,exact_support_restricted_l1,,,,,,
7,2033,310,Uniform,0.1305970770532189,0.31496469973710783,0.171875,0.4146403617999878,8x8,0.99,0.5,5,exact,fixed,perturbation_seed,support_restricted_tv_l1,exact_support_restricted_l1,,,,,,
7,2033,315,Uniform,0.1305970770532189,0.31496469973710783,0.171875,0.4146403617999878,8x8,0.99,0.5,5,exact,fixed,perturbation_seed,support_restricted_tv_l1,exact_support_restricted_l1,,,,,,
7,2033,320,Uniform,0.1305970770532189,0.31496469973710783,0.171875,0.4146403617999878,8x8,0.99,0.5,5,exact,fixed,perturbation_seed,support_restricted_tv_l1,exact_support_restricted_l1,,,,,,
7,2033,325,Uniform,0.1305970770532189,0.31496469973710783,0.171875,0.4146403617999878,8x8,0.99,0.5,5,exact,fixed,perturbation_seed,support_restricted_tv_l1,exact_support_restricted_l1,,,,,,
7,2033,330,Uniform,0.1305970770532189,0.31496469973710783,0.171875,0.4146403617999878,8x8,0.99,0.5,5,exact,fixed,perturbation_seed,support_restricted_tv_l1,exact_support_restricted_l1,,,,,,
7,2033,335,Uniform,0.1305970770532189,0.31496469973710783,0.171875,0.4146403617999878,8x8,0.99,0.5,5,exact,fixed,perturbation_seed,support_restricted_tv_l1,exact_support_restricted_l1,,,,,,
7,2033,340,Uniform,0.1305970770532189,0.31496469973710783,0.171875,0.4146403617999878,8x8,0.99,0.5,5,exact,fixed,perturbation_seed,support_restricted_tv_l1,exact_support_restricted_l1,,,,,,
7,2033,345,Uniform,0.1305970770532189,0.31496469973710783,0.171875,0.4146403617999878,8x8,0.99,0.5,5,exact,fixed,perturbation_seed,support_restricted_tv_l1,exact_support_restricted_l1,,,,,,
7,2033,350,Uniform,0.1305970770532189,0.31496469973710783,0.171875,0.4146403617999878,8x8,0.99,0.5,5,exact,fixed,perturbation_seed,support_restricted_tv_l1,exact_support_restricted_l1,,,,,,
7,2033,355,Uniform,0.1305970770532189,0.31496469973710783,0.171875,0.4146403617999878,8x8,0.99,0.5,5,exact,fixed,perturbation_seed,support_restricted_tv_l1,exact_support_restricted_l1,,,,,,
7,2033,360,Uniform,0.1305970770532189,0.31496469973710783,0.171875,0.4146403617999878,8x8,0.99,0.5,5,exact,fixed,perturbation_seed,support_restricted_tv_l1,exact_support_restricted_l1,,,,,,
7,2033,365,Uniform,0.1305970770532189,0.31496469973710783,0.171875,0.4146403617999878,8x8,0.99,0.5,5,exact,fixed,perturbation_seed,support_restricted_tv_l1,exact_support_restricted_l1,,,,,,
7,2033,370,Uniform,0.1305970770532189,0.31496469973710783,0.171875,0.4146403617999878,8x8,0.99,0.5,5,exact,fixed,perturbation_seed,support_restricted_tv_l1,exact_support_restricted_l1,,,,,,
7,2033,375,Uniform,0.1305970770532189,0.31496469973710783,0.171875,0.4146403617999878,8x8,0.99,0.5,5,exact,fixed,perturbation_seed,support_restricted_tv_l1,exact_support_restricted_l1,,,,,,
7,2033,380,Uniform,0.1305970770532189,0.31496469973710783,0.171875,0.4146403617999878,8x8,0.99,0.5,5,exact,fixed,perturbation_seed,support_restricted_tv_l1,exact_support_restricted_l1,,,,,,
7,2033,385,Uniform,0.1305970770532189,0.31496469973710783,0.171875,0.4146403617999878,8x8,0.99,0.5,5,exact,fixed,perturbation_seed,support_restricted_tv_l1,exact_support_restricted_l1,,,,,,
7,2033,390,Uniform,0.1305970770532189,0.31496469973710783,0.171875,0.4146403617999878,8x8,0.99,0.5,5,exact,fixed,perturbation_seed,support_restricted_tv_l1,exact_support_restricted_l1,,,,,,
7,2033,395,Uniform,0.1305970770532189,0.31496469973710783,0.171875,0.4146403617999878,8x8,0.99,0.5,5,exact,fixed,perturbation_seed,support_restricted_tv_l1,exact_support_restricted_l1,,,,,,
7,2033,400,Uniform,0.1305970770532189,0.31496469973710783,0.171875,0.4146403617999878,8x8,0.99,0.5,5,exact,fixed,perturbation_seed,support_restricted_tv_l1,exact_support_restricted_l1,,,,,,
7,2033,405,Uniform,0.1305970770532189,0.31496469973710783,0.171875,0.4146403617999878,8x8,0.99,0.5,5,exact,fixed,perturbation_seed,support_restricted_tv_l1,exact_support_restricted_l1,,,,,,
7,2033,410,Uniform,0.1305970770532189,0.31496469973710783,0.171875,0.4146403617999878,8x8,0.99,0.5,5,exact,fixed,perturbation_seed,support_restricted_tv_l1,exact_support_restricted_l1,,,,,,
7,2033,415,Uniform,0.1305970770532189,0.31496469973710783,0.171875,0.4146403617999878,8x8,0.99,0.5,5,exact,fixed,perturbation_seed,support_restricted_tv_l1,exact_support_restricted_l1,,,,,,
7,2033,420,Uniform,0.1305970770532189,0.31496469973710783,0.171875,0.4146403617999878,8x8,0.99,0.5,5,exact,fixed,perturbation_seed,support_restricted_tv_l1,exact_support_restricted_l1,,,,,,
7,2033,425,Uniform,0.1305970770532189,0.31496469973710783,0.171875,0.4146403617999878,8x8,0.99,0.5,5,exact,fixed,perturbation_seed,support_restricted_tv_l1,exact_support_restricted_l1,,,,,,
7,2033,430,Uniform,0.1305970770532189,0.31496469973710783,0.171875,0.4146403617999878,8x8,0.99,0.5,5,exact,fixed,perturbation_seed,support_restricted_tv_l1,exact_support_restricted_l1,,,,,,
7,2033,435,Uniform,0.1305970770532189,0.31496469973710783,0.171875,0.4146403617999878,8x8,0.99,0.5,5,exact,fixed,perturbation_seed,support_restricted_tv_l1,exact_support_restricted_l1,,,,,,
7,2033,440,Uniform,0.1305970770532189,0.31496469973710783,0.171875,0.4146403617999878,8x8,0.99,0.5,5,exact,fixed,perturbation_seed,support_restricted_tv_l1,exact_support_restricted_l1,,,,,,
7,2033,445,Uniform,0.1305970770532189,0.31496469973710783,0.171875,0.4146403617999878,8x8,0.99,0.5,5,exact,fixed,perturbation_seed,support_restricted_tv_l1,exact_support_restricted_l1,,,,,,
7,2033,450,Uniform,0.1305970770532189,0.31496469973710783,0.171875,0.4146403617999878,8x8,0.99,0.5,5,exact,fixed,perturbation_seed,support_restricted_tv_l1,exact_support_restricted_l1,,,,,,
7,2033,455,Uniform,0.1305970770532189,0.31496469973710783,0.171875,0.4146403617999878,8x8,0.99,0.5,5,exact,fixed,perturbation_seed,support_restricted_tv_l1,exact_support_restricted_l1,,,,,,
7,2033,460,Uniform,0.1305970770532189,0.31496469973710783,0.171875,0.4146403617999878,8x8,0.99,0.5,5,exact,fixed,perturbation_seed,support_restricted_tv_l1,exact_support_restricted_l1,,,,,,
7,2033,465,Uniform,0.1305970770532189,0.31496469973710783,0.171875,0.4146403617999878,8x8,0.99,0.5,5,exact,fixed,perturbation_seed,support_restricted_tv_l1,exact_support_restricted_l1,,,,,,
7,2033,470,Uniform,0.1305970770532189,0.31496469973710783,0.171875,0.4146403617999878,8x8,0.99,0.5,5,exact,fixed,perturbation_seed,support_restricted_tv_l1,exact_support_restricted_l1,,,,,,
7,2033,475,Uniform,0.1305970770532189,0.31496469973710783,0.171875,0.4146403617999878,8x8,0.99,0.5,5,exact,fixed,perturbation_seed,support_restricted_tv_l1,exact_support_restricted_l1,,,,,,
7,2033,480,Uniform,0.1305970770532189,0.31496469973710783,0.171875,0.4146403617999878,8x8,0.99,0.5,5,exact,fixed,perturbation_seed,support_restricted_tv_l1,exact_support_restricted_l1,,,,,,
7,2033,485,Uniform,0.1305970770532189,0.31496469973710783,0.171875,0.4146403617999878,8x8,0.99,0.5,5,exact,fixed,perturbation_seed,support_restricted_tv_l1,exact_support_restricted_l1,,,,,,
7,2033,490,Uniform,0.1305970770532189,0.31496469973710783,0.171875,0.4146403617999878,8x8,0.99,0.5,5,exact,fixed,perturbation_seed,support_restricted_tv_l1,exact_support_restricted_l1,,,,,,
7,2033,495,Uniform,0.1305970770532189,0.31496469973710783,0.171875,0.4146403617999878,8x8,0.99,0.5,5,exact,fixed,perturbation_seed,support_restricted_tv_l1,exact_support_restricted_l1,,,,,,
7,2033,500,Uniform,0.1305970770532189,0.31496469973710783,0.171875,0.4146403617999878,8x8,0.99,0.5,5,exact,fixed,perturbation_seed,support_restricted_tv_l1,exact_support_restricted_l1,,,,,,
7,2033,-1,source_metadata,,,,0.4146403617999878,8x8,0.99,0.5,5,exact,fixed,perturbation_seed,support_restricted_tv_l1,exact_support_restricted_l1,0.0,0.1,0.268090609766526,0.09800581985575321,0.25,0.5111283587668864
7,2033,-1,source_metadata,,,,0.4146403617999878,8x8,0.99,0.5,5,exact,fixed,perturbation_seed,support_restricted_tv_l1,exact_support_restricted_l1,1.0,0.2,0.5635051291435371,0.18957908098598225,0.25,0.2431725537881997
7,2033,-1,source_metadata,,,,0.4146403617999878,8x8,0.99,0.5,5,exact,fixed,perturbation_seed,support_restricted_tv_l1,exact_support_restricted_l1,2.0,0.3,0.9587330985767107,0.31379822397827845,0.25,0.14292724614944205
7,2033,-1,source_metadata,,,,0.4146403617999878,8x8,0.99,0.5,5,exact,fixed,perturbation_seed,support_restricted_tv_l1,exact_support_restricted_l1,3.0,0.35,1.3333333333333335,0.38937404330351355,0.25,0.10277184129547177
8,2034,0,Maximum-based,0.0,0.0,0.65625,0.4146403617999878,8x8,0.99,0.5,5,exact,fixed,perturbation_seed,support_restricted_tv_l1,exact_support_restricted_l1,,,,,,
8,2034,5,Maximum-based,0.0,0.0,0.625,0.4146403617999878,8x8,0.99,0.5,5,exact,fixed,perturbation_seed,support_restricted_tv_l1,exact_support_restricted_l1,,,,,,
8,2034,10,Maximum-based,-3.4458225333174067e-18,-8.310388594006644e-18,0.53125,0.4146403617999878,8x8,0.99,0.5,5,exact,fixed,perturbation_seed,support_restricted_tv_l1,exact_support_restricted_l1,,,,,,
8,2034,15,Maximum-based,0.08905134377632758,0.21476766851579135,0.4375,0.4146403617999878,8x8,0.99,0.5,5,exact,fixed,perturbation_seed,support_restricted_tv_l1,exact_support_restricted_l1,,,,,,
8,2034,20,Maximum-based,0.18719184440055553,0.4514559161291978,0.359375,0.4146403617999878,8x8,0.99,0.5,5,exact,fixed,perturbation_seed,support_restricted_tv_l1,exact_support_restricted_l1,,,,,,
8,2034,25,Maximum-based,0.20725175486001168,0.4998349749655697,0.328125,0.4146403617999878,8x8,0.99,0.5,5,exact,fixed,perturbation_seed,support_restricted_tv_l1,exact_support_restricted_l1,,,,,,
8,2034,30,Maximum-based,0.3130786309375315,0.7550606737328501,0.296875,0.4146403617999878,8x8,0.99,0.5,5,exact,fixed,perturbation_seed,support_restricted_tv_l1,exact_support_restricted_l1,,,,,,
8,2034,35,Maximum-based,0.3180902028016814,0.7671472246956995,0.25,0.4146403617999878,8x8,0.99,0.5,5,exact,fixed,perturbation_seed,support_restricted_tv_l1,exact_support_restricted_l1,,,,,,
8,2034,40,Maximum-based,0.3180902028016814,0.7671472246956995,0.25,0.4146403617999878,8x8,0.99,0.5,5,exact,fixed,perturbation_seed,support_restricted_tv_l1,exact_support_restricted_l1,,,,,,
8,2034,45,Maximum-based,0.3182153463342715,0.767449036926537,0.25,0.4146403617999878,8x8,0.99,0.5,5,exact,fixed,perturbation_seed,support_restricted_tv_l1,exact_support_restricted_l1,,,,,,
8,2034,50,Maximum-based,0.3182153463342715,0.767449036926537,0.25,0.4146403617999878,8x8,0.99,0.5,5,exact,fixed,perturbation_seed,support_restricted_tv_l1,exact_support_restricted_l1,,,,,,
8,2034,55,Maximum-based,0.3347179907302213,0.8072489356250391,0.234375,0.4146403617999878,8x8,0.99,0.5,5,exact,fixed,perturbation_seed,support_restricted_tv_l1,exact_support_restricted_l1,,,,,,
8,2034,60,Maximum-based,0.3709565963704166,0.8946466155876953,0.1875,0.4146403617999878,8x8,0.99,0.5,5,exact,fixed,perturbation_seed,support_restricted_tv_l1,exact_support_restricted_l1,,,,,,
8,2034,65,Maximum-based,0.3989718851044481,0.9622118873630112,0.15625,0.4146403617999878,8x8,0.99,0.5,5,exact,fixed,perturbation_seed,support_restricted_tv_l1,exact_support_restricted_l1,,,,,,
8,2034,70,Maximum-based,0.39907296024498395,0.9624556531654939,0.15625,0.4146403617999878,8x8,0.99,0.5,5,exact,fixed,perturbation_seed,support_restricted_tv_l1,exact_support_restricted_l1,,,,,,
8,2034,75,Maximum-based,0.39907296024498395,0.9624556531654939,0.15625,0.4146403617999878,8x8,0.99,0.5,5,exact,fixed,perturbation_seed,support_restricted_tv_l1,exact_support_restricted_l1,,,,,,
8,2034,80,Maximum-based,0.39907296024498395,0.9624556531654939,0.15625,0.4146403617999878,8x8,0.99,0.5,5,exact,fixed,perturbation_seed,support_restricted_tv_l1,exact_support_restricted_l1,,,,,,
8,2034,85,Maximum-based,0.39907296024498395,0.9624556531654939,0.15625,0.4146403617999878,8x8,0.99,0.5,5,exact,fixed,perturbation_seed,support_restricted_tv_l1,exact_support_restricted_l1,,,,,,
8,2034,90,Maximum-based,0.39907296024498395,0.9624556531654939,0.15625,0.4146403617999878,8x8,0.99,0.5,5,exact,fixed,perturbation_seed,support_restricted_tv_l1,exact_support_restricted_l1,,,,,,
8,2034,95,Maximum-based,0.39907296024498395,0.9624556531654939,0.15625,0.4146403617999878,8x8,0.99,0.5,5,exact,fixed,perturbation_seed,support_restricted_tv_l1,exact_support_restricted_l1,,,,,,
8,2034,100,Maximum-based,0.39907296024498395,0.9624556531654939,0.15625,0.4146403617999878,8x8,0.99,0.5,5,exact,fixed,perturbation_seed,support_restricted_tv_l1,exact_support_restricted_l1,,,,,,
8,2034,105,Maximum-based,0.39907296024498395,0.9624556531654939,0.15625,0.4146403617999878,8x8,0.99,0.5,5,exact,fixed,perturbation_seed,support_restricted_tv_l1,exact_support_restricted_l1,,,,,,
8,2034,110,Maximum-based,0.39907296024498395,0.9624556531654939,0.15625,0.4146403617999878,8x8,0.99,0.5,5,exact,fixed,perturbation_seed,support_restricted_tv_l1,exact_support_restricted_l1,,,,,,
8,2034,115,Maximum-based,0.39907296024498395,0.9624556531654939,0.15625,0.4146403617999878,8x8,0.99,0.5,5,exact,fixed,perturbation_seed,support_restricted_tv_l1,exact_support_restricted_l1,,,,,,
8,2034,120,Maximum-based,0.39907296024498395,0.9624556531654939,0.15625,0.4146403617999878,8x8,0.99,0.5,5,exact,fixed,perturbation_seed,support_restricted_tv_l1,exact_support_restricted_l1,,,,,,
8,2034,125,Maximum-based,0.39907296024498395,0.9624556531654939,0.15625,0.4146403617999878,8x8,0.99,0.5,5,exact,fixed,perturbation_seed,support_restricted_tv_l1,exact_support_restricted_l1,,,,,,
8,2034,130,Maximum-based,0.39907296024498395,0.9624556531654939,0.15625,0.4146403617999878,8x8,0.99,0.5,5,exact,fixed,perturbation_seed,support_restricted_tv_l1,exact_support_restricted_l1,,,,,,
8,2034,135,Maximum-based,0.41016938155768434,0.9892172092873579,0.140625,0.4146403617999878,8x8,0.99,0.5,5,exact,fixed,perturbation_seed,support_restricted_tv_l1,exact_support_restricted_l1,,,,,,
8,2034,140,Maximum-based,0.41016938155768434,0.9892172092873579,0.140625,0.4146403617999878,8x8,0.99,0.5,5,exact,fixed,perturbation_seed,support_restricted_tv_l1,exact_support_restricted_l1,,,,,,
8,2034,145,Maximum-based,0.41016938155768434,0.9892172092873579,0.140625,0.4146403617999878,8x8,0.99,0.5,5,exact,fixed,perturbation_seed,support_restricted_tv_l1,exact_support_restricted_l1,,,,,,
8,2034,150,Maximum-based,0.41016938155768434,0.9892172092873579,0.140625,0.4146403617999878,8x8,0.99,0.5,5,exact,fixed,perturbation_seed,support_restricted_tv_l1,exact_support_restricted_l1,,,,,,
8,2034,155,Maximum-based,0.41016938155768434,0.9892172092873579,0.140625,0.4146403617999878,8x8,0.99,0.5,5,exact,fixed,perturbation_seed,support_restricted_tv_l1,exact_support_restricted_l1,,,,,,
8,2034,160,Maximum-based,0.41016938155768434,0.9892172092873579,0.140625,0.4146403617999878,8x8,0.99,0.5,5,exact,fixed,perturbation_seed,support_restricted_tv_l1,exact_support_restricted_l1,,,,,,
8,2034,165,Maximum-based,0.41016938155768434,0.9892172092873579,0.140625,0.4146403617999878,8x8,0.99,0.5,5,exact,fixed,perturbation_seed,support_restricted_tv_l1,exact_support_restricted_l1,,,,,,
8,2034,170,Maximum-based,0.41016938155768434,0.9892172092873579,0.140625,0.4146403617999878,8x8,0.99,0.5,5,exact,fixed,perturbation_seed,support_restricted_tv_l1,exact_support_restricted_l1,,,,,,
8,2034,175,Maximum-based,0.41016938155768434,0.9892172092873579,0.140625,0.4146403617999878,8x8,0.99,0.5,5,exact,fixed,perturbation_seed,support_restricted_tv_l1,exact_support_restricted_l1,,,,,,
8,2034,180,Maximum-based,0.41016938155768434,0.9892172092873579,0.140625,0.4146403617999878,8x8,0.99,0.5,5,exact,fixed,perturbation_seed,support_restricted_tv_l1,exact_support_restricted_l1,,,,,,
8,2034,185,Maximum-based,0.41016938155768434,0.9892172092873579,0.140625,0.4146403617999878,8x8,0.99,0.5,5,exact,fixed,perturbation_seed,support_restricted_tv_l1,exact_support_restricted_l1,,,,,,
8,2034,190,Maximum-based,0.41016938155768434,0.9892172092873579,0.140625,0.4146403617999878,8x8,0.99,0.5,5,exact,fixed,perturbation_seed,support_restricted_tv_l1,exact_support_restricted_l1,,,,,,
8,2034,195,Maximum-based,0.41016938155768434,0.9892172092873579,0.140625,0.4146403617999878,8x8,0.99,0.5,5,exact,fixed,perturbation_seed,support_restricted_tv_l1,exact_support_restricted_l1,,,,,,
8,2034,200,Maximum-based,0.41016938155768434,0.9892172092873579,0.140625,0.4146403617999878,8x8,0.99,0.5,5,exact,fixed,perturbation_seed,support_restricted_tv_l1,exact_support_restricted_l1,,,,,,
8,2034,205,Maximum-based,0.41016938155768434,0.9892172092873579,0.140625,0.4146403617999878,8x8,0.99,0.5,5,exact,fixed,perturbation_seed,support_restricted_tv_l1,exact_support_restricted_l1,,,,,,
8,2034,210,Maximum-based,0.41016938155768434,0.9892172092873579,0.140625,0.4146403617999878,8x8,0.99,0.5,5,exact,fixed,perturbation_seed,support_restricted_tv_l1,exact_support_restricted_l1,,,,,,
8,2034,215,Maximum-based,0.41016938155768434,0.9892172092873579,0.140625,0.4146403617999878,8x8,0.99,0.5,5,exact,fixed,perturbation_seed,support_restricted_tv_l1,exact_support_restricted_l1,,,,,,
8,2034,220,Maximum-based,0.41016938155768434,0.9892172092873579,0.140625,0.4146403617999878,8x8,0.99,0.5,5,exact,fixed,perturbation_seed,support_restricted_tv_l1,exact_support_restricted_l1,,,,,,
8,2034,225,Maximum-based,0.41016938155768434,0.9892172092873579,0.140625,0.4146403617999878,8x8,0.99,0.5,5,exact,fixed,perturbation_seed,support_restricted_tv_l1,exact_support_restricted_l1,,,,,,
8,2034,230,Maximum-based,0.41016938155768434,0.9892172092873579,0.140625,0.4146403617999878,8x8,0.99,0.5,5,exact,fixed,perturbation_seed,support_restricted_tv_l1,exact_support_restricted_l1,,,,,,
8,2034,235,Maximum-based,0.41016938155768434,0.9892172092873579,0.140625,0.4146403617999878,8x8,0.99,0.5,5,exact,fixed,perturbation_seed,support_restricted_tv_l1,exact_support_restricted_l1,,,,,,
8,2034,240,Maximum-based,0.41016938155768434,0.9892172092873579,0.140625,0.4146403617999878,8x8,0.99,0.5,5,exact,fixed,perturbation_seed,support_restricted_tv_l1,exact_support_restricted_l1,,,,,,
8,2034,245,Maximum-based,0.41016938155768434,0.9892172092873579,0.140625,0.4146403617999878,8x8,0.99,0.5,5,exact,fixed,perturbation_seed,support_restricted_tv_l1,exact_support_restricted_l1,,,,,,
8,2034,250,Maximum-based,0.41016938155768434,0.9892172092873579,0.140625,0.4146403617999878,8x8,0.99,0.5,5,exact,fixed,perturbation_seed,support_restricted_tv_l1,exact_support_restricted_l1,,,,,,
8,2034,255,Maximum-based,0.41016938155768434,0.9892172092873579,0.140625,0.4146403617999878,8x8,0.99,0.5,5,exact,fixed,perturbation_seed,support_restricted_tv_l1,exact_support_restricted_l1,,,,,,
8,2034,260,Maximum-based,0.41016938155768434,0.9892172092873579,0.140625,0.4146403617999878,8x8,0.99,0.5,5,exact,fixed,perturbation_seed,support_restricted_tv_l1,exact_support_restricted_l1,,,,,,
8,2034,265,Maximum-based,0.41016938155768434,0.9892172092873579,0.140625,0.4146403617999878,8x8,0.99,0.5,5,exact,fixed,perturbation_seed,support_restricted_tv_l1,exact_support_restricted_l1,,,,,,
8,2034,270,Maximum-based,0.41016938155768434,0.9892172092873579,0.140625,0.4146403617999878,8x8,0.99,0.5,5,exact,fixed,perturbation_seed,support_restricted_tv_l1,exact_support_restricted_l1,,,,,,
8,2034,275,Maximum-based,0.41016938155768434,0.9892172092873579,0.140625,0.4146403617999878,8x8,0.99,0.5,5,exact,fixed,perturbation_seed,support_restricted_tv_l1,exact_support_restricted_l1,,,,,,
8,2034,280,Maximum-based,0.41016938155768434,0.9892172092873579,0.140625,0.4146403617999878,8x8,0.99,0.5,5,exact,fixed,perturbation_seed,support_restricted_tv_l1,exact_support_restricted_l1,,,,,,
8,2034,285,Maximum-based,0.41016938155768434,0.9892172092873579,0.140625,0.4146403617999878,8x8,0.99,0.5,5,exact,fixed,perturbation_seed,support_restricted_tv_l1,exact_support_restricted_l1,,,,,,
8,2034,290,Maximum-based,0.4101693815576843,0.9892172092873578,0.125,0.4146403617999878,8x8,0.99,0.5,5,exact,fixed,perturbation_seed,support_restricted_tv_l1,exact_support_restricted_l1,,,,,,
8,2034,295,Maximum-based,0.4101693815576843,0.9892172092873578,0.125,0.4146403617999878,8x8,0.99,0.5,5,exact,fixed,perturbation_seed,support_restricted_tv_l1,exact_support_restricted_l1,,,,,,
8,2034,300,Maximum-based,0.4101693815576843,0.9892172092873578,0.125,0.4146403617999878,8x8,0.99,0.5,5,exact,fixed,perturbation_seed,support_restricted_tv_l1,exact_support_restricted_l1,,,,,,
8,2034,305,Maximum-based,0.4101693815576843,0.9892172092873578,0.125,0.4146403617999878,8x8,0.99,0.5,5,exact,fixed,perturbation_seed,support_restricted_tv_l1,exact_support_restricted_l1,,,,,,
8,2034,310,Maximum-based,0.4101693815576843,0.9892172092873578,0.125,0.4146403617999878,8x8,0.99,0.5,5,exact,fixed,perturbation_seed,support_restricted_tv_l1,exact_support_restricted_l1,,,,,,
8,2034,315,Maximum-based,0.4101693815576843,0.9892172092873578,0.125,0.4146403617999878,8x8,0.99,0.5,5,exact,fixed,perturbation_seed,support_restricted_tv_l1,exact_support_restricted_l1,,,,,,
8,2034,320,Maximum-based,0.4101693815576843,0.9892172092873578,0.125,0.4146403617999878,8x8,0.99,0.5,5,exact,fixed,perturbation_seed,support_restricted_tv_l1,exact_support_restricted_l1,,,,,,
8,2034,325,Maximum-based,0.4101693815576843,0.9892172092873578,0.125,0.4146403617999878,8x8,0.99,0.5,5,exact,fixed,perturbation_seed,support_restricted_tv_l1,exact_support_restricted_l1,,,,,,
8,2034,330,Maximum-based,0.3946757026003494,0.9518506613466905,0.140625,0.4146403617999878,8x8,0.99,0.5,5,exact,fixed,perturbation_seed,support_restricted_tv_l1,exact_support_restricted_l1,,,,,,
8,2034,335,Maximum-based,0.3946769378687743,0.951853640478822,0.125,0.4146403617999878,8x8,0.99,0.5,5,exact,fixed,perturbation_seed,support_restricted_tv_l1,exact_support_restricted_l1,,,,,,
8,2034,340,Maximum-based,0.3946769378687743,0.951853640478822,0.125,0.4146403617999878,8x8,0.99,0.5,5,exact,fixed,perturbation_seed,support_restricted_tv_l1,exact_support_restricted_l1,,,,,,
8,2034,345,Maximum-based,0.3946769378687743,0.951853640478822,0.125,0.4146403617999878,8x8,0.99,0.5,5,exact,fixed,perturbation_seed,support_restricted_tv_l1,exact_support_restricted_l1,,,,,,
8,2034,350,Maximum-based,0.3946769378687743,0.951853640478822,0.125,0.4146403617999878,8x8,0.99,0.5,5,exact,fixed,perturbation_seed,support_restricted_tv_l1,exact_support_restricted_l1,,,,,,
8,2034,355,Maximum-based,0.3946769378687743,0.951853640478822,0.125,0.4146403617999878,8x8,0.99,0.5,5,exact,fixed,perturbation_seed,support_restricted_tv_l1,exact_support_restricted_l1,,,,,,
8,2034,360,Maximum-based,0.3946769378687743,0.951853640478822,0.125,0.4146403617999878,8x8,0.99,0.5,5,exact,fixed,perturbation_seed,support_restricted_tv_l1,exact_support_restricted_l1,,,,,,
8,2034,365,Maximum-based,0.3946769378687743,0.951853640478822,0.125,0.4146403617999878,8x8,0.99,0.5,5,exact,fixed,perturbation_seed,support_restricted_tv_l1,exact_support_restricted_l1,,,,,,
8,2034,370,Maximum-based,0.3946769378687743,0.951853640478822,0.125,0.4146403617999878,8x8,0.99,0.5,5,exact,fixed,perturbation_seed,support_restricted_tv_l1,exact_support_restricted_l1,,,,,,
8,2034,375,Maximum-based,0.3946769378687743,0.951853640478822,0.125,0.4146403617999878,8x8,0.99,0.5,5,exact,fixed,perturbation_seed,support_restricted_tv_l1,exact_support_restricted_l1,,,,,,
8,2034,380,Maximum-based,0.3946769378687743,0.951853640478822,0.125,0.4146403617999878,8x8,0.99,0.5,5,exact,fixed,perturbation_seed,support_restricted_tv_l1,exact_support_restricted_l1,,,,,,
8,2034,385,Maximum-based,0.3946769378687743,0.951853640478822,0.125,0.4146403617999878,8x8,0.99,0.5,5,exact,fixed,perturbation_seed,support_restricted_tv_l1,exact_support_restricted_l1,,,,,,
8,2034,390,Maximum-based,0.3946769378687743,0.951853640478822,0.125,0.4146403617999878,8x8,0.99,0.5,5,exact,fixed,perturbation_seed,support_restricted_tv_l1,exact_support_restricted_l1,,,,,,
8,2034,395,Maximum-based,0.3946769378687743,0.951853640478822,0.125,0.4146403617999878,8x8,0.99,0.5,5,exact,fixed,perturbation_seed,support_restricted_tv_l1,exact_support_restricted_l1,,,,,,
8,2034,400,Maximum-based,0.3946769378687743,0.951853640478822,0.125,0.4146403617999878,8x8,0.99,0.5,5,exact,fixed,perturbation_seed,support_restricted_tv_l1,exact_support_restricted_l1,,,,,,
8,2034,405,Maximum-based,0.3946769378687743,0.951853640478822,0.125,0.4146403617999878,8x8,0.99,0.5,5,exact,fixed,perturbation_seed,support_restricted_tv_l1,exact_support_restricted_l1,,,,,,
8,2034,410,Maximum-based,0.3946769378687743,0.951853640478822,0.125,0.4146403617999878,8x8,0.99,0.5,5,exact,fixed,perturbation_seed,support_restricted_tv_l1,exact_support_restricted_l1,,,,,,
8,2034,415,Maximum-based,0.3946769378687743,0.951853640478822,0.125,0.4146403617999878,8x8,0.99,0.5,5,exact,fixed,perturbation_seed,support_restricted_tv_l1,exact_support_restricted_l1,,,,,,
8,2034,420,Maximum-based,0.3946769378687743,0.951853640478822,0.125,0.4146403617999878,8x8,0.99,0.5,5,exact,fixed,perturbation_seed,support_restricted_tv_l1,exact_support_restricted_l1,,,,,,
8,2034,425,Maximum-based,0.3946769378687743,0.951853640478822,0.125,0.4146403617999878,8x8,0.99,0.5,5,exact,fixed,perturbation_seed,support_restricted_tv_l1,exact_support_restricted_l1,,,,,,
8,2034,430,Maximum-based,0.3946769378687743,0.951853640478822,0.125,0.4146403617999878,8x8,0.99,0.5,5,exact,fixed,perturbation_seed,support_restricted_tv_l1,exact_support_restricted_l1,,,,,,
8,2034,435,Maximum-based,0.3946769378687743,0.951853640478822,0.125,0.4146403617999878,8x8,0.99,0.5,5,exact,fixed,perturbation_seed,support_restricted_tv_l1,exact_support_restricted_l1,,,,,,
8,2034,440,Maximum-based,0.3946769378687743,0.951853640478822,0.125,0.4146403617999878,8x8,0.99,0.5,5,exact,fixed,perturbation_seed,support_restricted_tv_l1,exact_support_restricted_l1,,,,,,
8,2034,445,Maximum-based,0.3946769378687743,0.951853640478822,0.125,0.4146403617999878,8x8,0.99,0.5,5,exact,fixed,perturbation_seed,support_restricted_tv_l1,exact_support_restricted_l1,,,,,,
8,2034,450,Maximum-based,0.3946769378687743,0.951853640478822,0.125,0.4146403617999878,8x8,0.99,0.5,5,exact,fixed,perturbation_seed,support_restricted_tv_l1,exact_support_restricted_l1,,,,,,
8,2034,455,Maximum-based,0.3946769378687743,0.951853640478822,0.125,0.4146403617999878,8x8,0.99,0.5,5,exact,fixed,perturbation_seed,support_restricted_tv_l1,exact_support_restricted_l1,,,,,,
8,2034,460,Maximum-based,0.3946769378687743,0.951853640478822,0.125,0.4146403617999878,8x8,0.99,0.5,5,exact,fixed,perturbation_seed,support_restricted_tv_l1,exact_support_restricted_l1,,,,,,
8,2034,465,Maximum-based,0.3946769378687743,0.951853640478822,0.125,0.4146403617999878,8x8,0.99,0.5,5,exact,fixed,perturbation_seed,support_restricted_tv_l1,exact_support_restricted_l1,,,,,,
8,2034,470,Maximum-based,0.3946769378687743,0.951853640478822,0.125,0.4146403617999878,8x8,0.99,0.5,5,exact,fixed,perturbation_seed,support_restricted_tv_l1,exact_support_restricted_l1,,,,,,
8,2034,475,Maximum-based,0.3946769378687743,0.951853640478822,0.125,0.4146403617999878,8x8,0.99,0.5,5,exact,fixed,perturbation_seed,support_restricted_tv_l1,exact_support_restricted_l1,,,,,,
8,2034,480,Maximum-based,0.3946769378687743,0.951853640478822,0.125,0.4146403617999878,8x8,0.99,0.5,5,exact,fixed,perturbation_seed,support_restricted_tv_l1,exact_support_restricted_l1,,,,,,
8,2034,485,Maximum-based,0.3946769378687743,0.951853640478822,0.125,0.4146403617999878,8x8,0.99,0.5,5,exact,fixed,perturbation_seed,support_restricted_tv_l1,exact_support_restricted_l1,,,,,,
8,2034,490,Maximum-based,0.3946769378687743,0.951853640478822,0.125,0.4146403617999878,8x8,0.99,0.5,5,exact,fixed,perturbation_seed,support_restricted_tv_l1,exact_support_restricted_l1,,,,,,
8,2034,495,Maximum-based,0.3946769378687743,0.951853640478822,0.125,0.4146403617999878,8x8,0.99,0.5,5,exact,fixed,perturbation_seed,support_restricted_tv_l1,exact_support_restricted_l1,,,,,,
8,2034,500,Maximum-based,0.3946769378687743,0.951853640478822,0.125,0.4146403617999878,8x8,0.99,0.5,5,exact,fixed,perturbation_seed,support_restricted_tv_l1,exact_support_restricted_l1,,,,,,
8,2034,0,Similarity-aware,0.0,0.0,0.65625,0.4146403617999878,8x8,0.99,0.5,5,exact,fixed,perturbation_seed,support_restricted_tv_l1,exact_support_restricted_l1,,,,,,
8,2034,5,Similarity-aware,0.0,0.0,0.609375,0.4146403617999878,8x8,0.99,0.5,5,exact,fixed,perturbation_seed,support_restricted_tv_l1,exact_support_restricted_l1,,,,,,
8,2034,10,Similarity-aware,-1.8405168262001823e-18,-4.438826983003651e-18,0.46875,0.4146403617999878,8x8,0.99,0.5,5,exact,fixed,perturbation_seed,support_restricted_tv_l1,exact_support_restricted_l1,,,,,,
8,2034,15,Similarity-aware,0.1666952534657346,0.4020237025216186,0.390625,0.4146403617999878,8x8,0.99,0.5,5,exact,fixed,perturbation_seed,support_restricted_tv_l1,exact_support_restricted_l1,,,,,,
8,2034,20,Similarity-aware,0.16669525346573458,0.4020237025216185,0.375,0.4146403617999878,8x8,0.99,0.5,5,exact,fixed,perturbation_seed,support_restricted_tv_l1,exact_support_restricted_l1,,,,,,
8,2034,25,Similarity-aware,0.19824690690066543,0.4781177260217972,0.3125,0.4146403617999878,8x8,0.99,0.5,5,exact,fixed,perturbation_seed,support_restricted_tv_l1,exact_support_restricted_l1,,,,,,
8,2034,30,Similarity-aware,0.24441058099672242,0.5894519769752179,0.28125,0.4146403617999878,8x8,0.99,0.5,5,exact,fixed,perturbation_seed,support_restricted_tv_l1,exact_support_restricted_l1,,,,,,
8,2034,35,Similarity-aware,0.31633608307306765,0.7629167640598874,0.21875,0.4146403617999878,8x8,0.99,0.5,5,exact,fixed,perturbation_seed,support_restricted_tv_l1,exact_support_restricted_l1,,,,,,
8,2034,40,Similarity-aware,0.31633608307306765,0.7629167640598874,0.21875,0.4146403617999878,8x8,0.99,0.5,5,exact,fixed,perturbation_seed,support_restricted_tv_l1,exact_support_restricted_l1,,,,,,
8,2034,45,Similarity-aware,0.31660363376576317,0.7635620237049785,0.203125,0.4146403617999878,8x8,0.99,0.5,5,exact,fixed,perturbation_seed,support_restricted_tv_l1,exact_support_restricted_l1,,,,,,
8,2034,50,Similarity-aware,0.31660363376576317,0.7635620237049785,0.203125,0.4146403617999878,8x8,0.99,0.5,5,exact,fixed,perturbation_seed,support_restricted_tv_l1,exact_support_restricted_l1,,,,,,
8,2034,55,Similarity-aware,0.3505631249851215,0.8454630983421348,0.171875,0.4146403617999878,8x8,0.99,0.5,5,exact,fixed,perturbation_seed,support_restricted_tv_l1,exact_support_restricted_l1,,,,,,
8,2034,60,Similarity-aware,0.3507272031196864,0.8458588102642755,0.171875,0.4146403617999878,8x8,0.99,0.5,5,exact,fixed,perturbation_seed,support_restricted_tv_l1,exact_support_restricted_l1,,,,,,
8,2034,65,Similarity-aware,0.37227899502863915,0.8978358821908835,0.140625,0.4146403617999878,8x8,0.99,0.5,5,exact,fixed,perturbation_seed,support_restricted_tv_l1,exact_support_restricted_l1,,,,,,
8,2034,70,Similarity-aware,0.38143200128404214,0.9199104487276988,0.125,0.4146403617999878,8x8,0.99,0.5,5,exact,fixed,perturbation_seed,support_restricted_tv_l1,exact_support_restricted_l1,,,,,,
8,2034,75,Similarity-aware,0.40307310157840753,0.9721029082374764,0.09375,0.4146403617999878,8x8,0.99,0.5,5,exact,fixed,perturbation_seed,support_restricted_tv_l1,exact_support_restricted_l1,,,,,,
8,2034,80,Similarity-aware,0.40307310157840753,0.9721029082374764,0.09375,0.4146403617999878,8x8,0.99,0.5,5,exact,fixed,perturbation_seed,support_restricted_tv_l1,exact_support_restricted_l1,,,,,,
8,2034,85,Similarity-aware,0.40307310157840753,0.9721029082374764,0.09375,0.4146403617999878,8x8,0.99,0.5,5,exact,fixed,perturbation_seed,support_restricted_tv_l1,exact_support_restricted_l1,,,,,,
8,2034,90,Similarity-aware,0.40307310157840753,0.9721029082374764,0.09375,0.4146403617999878,8x8,0.99,0.5,5,exact,fixed,perturbation_seed,support_restricted_tv_l1,exact_support_restricted_l1,,,,,,
8,2034,95,Similarity-aware,0.40307310157840753,0.9721029082374764,0.09375,0.4146403617999878,8x8,0.99,0.5,5,exact,fixed,perturbation_seed,support_restricted_tv_l1,exact_support_restricted_l1,,,,,,
8,2034,100,Similarity-aware,0.40307310157840753,0.9721029082374764,0.09375,0.4146403617999878,8x8,0.99,0.5,5,exact,fixed,perturbation_seed,support_restricted_tv_l1,exact_support_restricted_l1,,,,,,
8,2034,105,Similarity-aware,0.40307310157840753,0.9721029082374764,0.09375,0.4146403617999878,8x8,0.99,0.5,5,exact,fixed,perturbation_seed,support_restricted_tv_l1,exact_support_restricted_l1,,,,,,
8,2034,110,Similarity-aware,0.3990729602449843,0.9624556531654946,0.109375,0.4146403617999878,8x8,0.99,0.5,5,exact,fixed,perturbation_seed,support_restricted_tv_l1,exact_support_restricted_l1,,,,,,
8,2034,115,Similarity-aware,0.3990729602449843,0.9624556531654946,0.109375,0.4146403617999878,8x8,0.99,0.5,5,exact,fixed,perturbation_seed,support_restricted_tv_l1,exact_support_restricted_l1,,,,,,
8,2034,120,Similarity-aware,0.3990729602449843,0.9624556531654946,0.109375,0.4146403617999878,8x8,0.99,0.5,5,exact,fixed,perturbation_seed,support_restricted_tv_l1,exact_support_restricted_l1,,,,,,
8,2034,125,Similarity-aware,0.3990729602449843,0.9624556531654946,0.109375,0.4146403617999878,8x8,0.99,0.5,5,exact,fixed,perturbation_seed,support_restricted_tv_l1,exact_support_restricted_l1,,,,,,
8,2034,130,Similarity-aware,0.3990729602449843,0.9624556531654946,0.109375,0.4146403617999878,8x8,0.99,0.5,5,exact,fixed,perturbation_seed,support_restricted_tv_l1,exact_support_restricted_l1,,,,,,
8,2034,135,Similarity-aware,0.3990729602449843,0.9624556531654946,0.109375,0.4146403617999878,8x8,0.99,0.5,5,exact,fixed,perturbation_seed,support_restricted_tv_l1,exact_support_restricted_l1,,,,,,
8,2034,140,Similarity-aware,0.3990729602449843,0.9624556531654946,0.109375,0.4146403617999878,8x8,0.99,0.5,5,exact,fixed,perturbation_seed,support_restricted_tv_l1,exact_support_restricted_l1,,,,,,
8,2034,145,Similarity-aware,0.3990729602449843,0.9624556531654946,0.109375,0.4146403617999878,8x8,0.99,0.5,5,exact,fixed,perturbation_seed,support_restricted_tv_l1,exact_support_restricted_l1,,,,,,
8,2034,150,Similarity-aware,0.3990729602449843,0.9624556531654946,0.109375,0.4146403617999878,8x8,0.99,0.5,5,exact,fixed,perturbation_seed,support_restricted_tv_l1,exact_support_restricted_l1,,,,,,
8,2034,155,Similarity-aware,0.3990729602449843,0.9624556531654946,0.109375,0.4146403617999878,8x8,0.99,0.5,5,exact,fixed,perturbation_seed,support_restricted_tv_l1,exact_support_restricted_l1,,,,,,
8,2034,160,Similarity-aware,0.3990729602449843,0.9624556531654946,0.109375,0.4146403617999878,8x8,0.99,0.5,5,exact,fixed,perturbation_seed,support_restricted_tv_l1,exact_support_restricted_l1,,,,,,
8,2034,165,Similarity-aware,0.3990729602449843,0.9624556531654946,0.109375,0.4146403617999878,8x8,0.99,0.5,5,exact,fixed,perturbation_seed,support_restricted_tv_l1,exact_support_restricted_l1,,,,,,
8,2034,170,Similarity-aware,0.3990729602449843,0.9624556531654946,0.109375,0.4146403617999878,8x8,0.99,0.5,5,exact,fixed,perturbation_seed,support_restricted_tv_l1,exact_support_restricted_l1,,,,,,
8,2034,175,Similarity-aware,0.3990729602449843,0.9624556531654946,0.109375,0.4146403617999878,8x8,0.99,0.5,5,exact,fixed,perturbation_seed,support_restricted_tv_l1,exact_support_restricted_l1,,,,,,
8,2034,180,Similarity-aware,0.3990729602449843,0.9624556531654946,0.109375,0.4146403617999878,8x8,0.99,0.5,5,exact,fixed,perturbation_seed,support_restricted_tv_l1,exact_support_restricted_l1,,,,,,
8,2034,185,Similarity-aware,0.4101693815576843,0.9892172092873578,0.09375,0.4146403617999878,8x8,0.99,0.5,5,exact,fixed,perturbation_seed,support_restricted_tv_l1,exact_support_restricted_l1,,,,,,
8,2034,190,Similarity-aware,0.4101693815576843,0.9892172092873578,0.09375,0.4146403617999878,8x8,0.99,0.5,5,exact,fixed,perturbation_seed,support_restricted_tv_l1,exact_support_restricted_l1,,,,,,
8,2034,195,Similarity-aware,0.4101693815576843,0.9892172092873578,0.09375,0.4146403617999878,8x8,0.99,0.5,5,exact,fixed,perturbation_seed,support_restricted_tv_l1,exact_support_restricted_l1,,,,,,
8,2034,200,Similarity-aware,0.4101693815576843,0.9892172092873578,0.09375,0.4146403617999878,8x8,0.99,0.5,5,exact,fixed,perturbation_seed,support_restricted_tv_l1,exact_support_restricted_l1,,,,,,
8,2034,205,Similarity-aware,0.4101693815576843,0.9892172092873578,0.09375,0.4146403617999878,8x8,0.99,0.5,5,exact,fixed,perturbation_seed,support_restricted_tv_l1,exact_support_restricted_l1,,,,,,
8,2034,210,Similarity-aware,0.4101693815576843,0.9892172092873578,0.09375,0.4146403617999878,8x8,0.99,0.5,5,exact,fixed,perturbation_seed,support_restricted_tv_l1,exact_support_restricted_l1,,,,,,
8,2034,215,Similarity-aware,0.4101693815576843,0.9892172092873578,0.09375,0.4146403617999878,8x8,0.99,0.5,5,exact,fixed,perturbation_seed,support_restricted_tv_l1,exact_support_restricted_l1,,,,,,
8,2034,220,Similarity-aware,0.4101739098617804,0.9892281303276453,0.078125,0.4146403617999878,8x8,0.99,0.5,5,exact,fixed,perturbation_seed,support_restricted_tv_l1,exact_support_restricted_l1,,,,,,
8,2034,225,Similarity-aware,0.4101739098617804,0.9892281303276453,0.078125,0.4146403617999878,8x8,0.99,0.5,5,exact,fixed,perturbation_seed,support_restricted_tv_l1,exact_support_restricted_l1,,,,,,
8,2034,230,Similarity-aware,0.4101739098617804,0.9892281303276453,0.078125,0.4146403617999878,8x8,0.99,0.5,5,exact,fixed,perturbation_seed,support_restricted_tv_l1,exact_support_restricted_l1,,,,,,
8,2034,235,Similarity-aware,0.4101739098617804,0.9892281303276453,0.078125,0.4146403617999878,8x8,0.99,0.5,5,exact,fixed,perturbation_seed,support_restricted_tv_l1,exact_support_restricted_l1,,,,,,
8,2034,240,Similarity-aware,0.4101739098617804,0.9892281303276453,0.078125,0.4146403617999878,8x8,0.99,0.5,5,exact,fixed,perturbation_seed,support_restricted_tv_l1,exact_support_restricted_l1,,,,,,
8,2034,245,Similarity-aware,0.4101739098617804,0.9892281303276453,0.078125,0.4146403617999878,8x8,0.99,0.5,5,exact,fixed,perturbation_seed,support_restricted_tv_l1,exact_support_restricted_l1,,,,,,
8,2034,250,Similarity-aware,0.4101739098617804,0.9892281303276453,0.078125,0.4146403617999878,8x8,0.99,0.5,5,exact,fixed,perturbation_seed,support_restricted_tv_l1,exact_support_restricted_l1,,,,,,
8,2034,255,Similarity-aware,0.4101739098617804,0.9892281303276453,0.078125,0.4146403617999878,8x8,0.99,0.5,5,exact,fixed,perturbation_seed,support_restricted_tv_l1,exact_support_restricted_l1,,,,,,
8,2034,260,Similarity-aware,0.4101739098617804,0.9892281303276453,0.078125,0.4146403617999878,8x8,0.99,0.5,5,exact,fixed,perturbation_seed,support_restricted_tv_l1,exact_support_restricted_l1,,,,,,
8,2034,265,Similarity-aware,0.4101739098617804,0.9892281303276453,0.078125,0.4146403617999878,8x8,0.99,0.5,5,exact,fixed,perturbation_seed,support_restricted_tv_l1,exact_support_restricted_l1,,,,,,
8,2034,270,Similarity-aware,0.4101739098617804,0.9892281303276453,0.078125,0.4146403617999878,8x8,0.99,0.5,5,exact,fixed,perturbation_seed,support_restricted_tv_l1,exact_support_restricted_l1,,,,,,
8,2034,275,Similarity-aware,0.4101739098617804,0.9892281303276453,0.078125,0.4146403617999878,8x8,0.99,0.5,5,exact,fixed,perturbation_seed,support_restricted_tv_l1,exact_support_restricted_l1,,,,,,
8,2034,280,Similarity-aware,0.4101739098617804,0.9892281303276453,0.078125,0.4146403617999878,8x8,0.99,0.5,5,exact,fixed,perturbation_seed,support_restricted_tv_l1,exact_support_restricted_l1,,,,,,
8,2034,285,Similarity-aware,0.4101739098617804,0.9892281303276453,0.078125,0.4146403617999878,8x8,0.99,0.5,5,exact,fixed,perturbation_seed,support_restricted_tv_l1,exact_support_restricted_l1,,,,,,
8,2034,290,Similarity-aware,0.4101739098617804,0.9892281303276453,0.078125,0.4146403617999878,8x8,0.99,0.5,5,exact,fixed,perturbation_seed,support_restricted_tv_l1,exact_support_restricted_l1,,,,,,
8,2034,295,Similarity-aware,0.4101739098617804,0.9892281303276453,0.078125,0.4146403617999878,8x8,0.99,0.5,5,exact,fixed,perturbation_seed,support_restricted_tv_l1,exact_support_restricted_l1,,,,,,
8,2034,300,Similarity-aware,0.4101739098617804,0.9892281303276453,0.078125,0.4146403617999878,8x8,0.99,0.5,5,exact,fixed,perturbation_seed,support_restricted_tv_l1,exact_support_restricted_l1,,,,,,
8,2034,305,Similarity-aware,0.4101739098617804,0.9892281303276453,0.078125,0.4146403617999878,8x8,0.99,0.5,5,exact,fixed,perturbation_seed,support_restricted_tv_l1,exact_support_restricted_l1,,,,,,
8,2034,310,Similarity-aware,0.4101739098617804,0.9892281303276453,0.078125,0.4146403617999878,8x8,0.99,0.5,5,exact,fixed,perturbation_seed,support_restricted_tv_l1,exact_support_restricted_l1,,,,,,
8,2034,315,Similarity-aware,0.4101739098617804,0.9892281303276453,0.078125,0.4146403617999878,8x8,0.99,0.5,5,exact,fixed,perturbation_seed,support_restricted_tv_l1,exact_support_restricted_l1,,,,,,
8,2034,320,Similarity-aware,0.4101739098617804,0.9892281303276453,0.078125,0.4146403617999878,8x8,0.99,0.5,5,exact,fixed,perturbation_seed,support_restricted_tv_l1,exact_support_restricted_l1,,,,,,
8,2034,325,Similarity-aware,0.4101739098617804,0.9892281303276453,0.078125,0.4146403617999878,8x8,0.99,0.5,5,exact,fixed,perturbation_seed,support_restricted_tv_l1,exact_support_restricted_l1,,,,,,
8,2034,330,Similarity-aware,0.4101739098617804,0.9892281303276453,0.078125,0.4146403617999878,8x8,0.99,0.5,5,exact,fixed,perturbation_seed,support_restricted_tv_l1,exact_support_restricted_l1,,,,,,
8,2034,335,Similarity-aware,0.41017390986178026,0.9892281303276451,0.09375,0.4146403617999878,8x8,0.99,0.5,5,exact,fixed,perturbation_seed,support_restricted_tv_l1,exact_support_restricted_l1,,,,,,
8,2034,340,Similarity-aware,0.41017390986178026,0.9892281303276451,0.09375,0.4146403617999878,8x8,0.99,0.5,5,exact,fixed,perturbation_seed,support_restricted_tv_l1,exact_support_restricted_l1,,,,,,
8,2034,345,Similarity-aware,0.41017390986178026,0.9892281303276451,0.09375,0.4146403617999878,8x8,0.99,0.5,5,exact,fixed,perturbation_seed,support_restricted_tv_l1,exact_support_restricted_l1,,,,,,
8,2034,350,Similarity-aware,0.41017390986178026,0.9892281303276451,0.09375,0.4146403617999878,8x8,0.99,0.5,5,exact,fixed,perturbation_seed,support_restricted_tv_l1,exact_support_restricted_l1,,,,,,
8,2034,355,Similarity-aware,0.41017390986178026,0.9892281303276451,0.09375,0.4146403617999878,8x8,0.99,0.5,5,exact,fixed,perturbation_seed,support_restricted_tv_l1,exact_support_restricted_l1,,,,,,
8,2034,360,Similarity-aware,0.41017390986178026,0.9892281303276451,0.09375,0.4146403617999878,8x8,0.99,0.5,5,exact,fixed,perturbation_seed,support_restricted_tv_l1,exact_support_restricted_l1,,,,,,
8,2034,365,Similarity-aware,0.41017390986178026,0.9892281303276451,0.09375,0.4146403617999878,8x8,0.99,0.5,5,exact,fixed,perturbation_seed,support_restricted_tv_l1,exact_support_restricted_l1,,,,,,
8,2034,370,Similarity-aware,0.41017390986178026,0.9892281303276451,0.09375,0.4146403617999878,8x8,0.99,0.5,5,exact,fixed,perturbation_seed,support_restricted_tv_l1,exact_support_restricted_l1,,,,,,
8,2034,375,Similarity-aware,0.41017390986178026,0.9892281303276451,0.09375,0.4146403617999878,8x8,0.99,0.5,5,exact,fixed,perturbation_seed,support_restricted_tv_l1,exact_support_restricted_l1,,,,,,
8,2034,380,Similarity-aware,0.41017390986178026,0.9892281303276451,0.09375,0.4146403617999878,8x8,0.99,0.5,5,exact,fixed,perturbation_seed,support_restricted_tv_l1,exact_support_restricted_l1,,,,,,
8,2034,385,Similarity-aware,0.41017390986178026,0.9892281303276451,0.09375,0.4146403617999878,8x8,0.99,0.5,5,exact,fixed,perturbation_seed,support_restricted_tv_l1,exact_support_restricted_l1,,,,,,
8,2034,390,Similarity-aware,0.41017390986178026,0.9892281303276451,0.09375,0.4146403617999878,8x8,0.99,0.5,5,exact,fixed,perturbation_seed,support_restricted_tv_l1,exact_support_restricted_l1,,,,,,
8,2034,395,Similarity-aware,0.41017390986178026,0.9892281303276451,0.09375,0.4146403617999878,8x8,0.99,0.5,5,exact,fixed,perturbation_seed,support_restricted_tv_l1,exact_support_restricted_l1,,,,,,
8,2034,400,Similarity-aware,0.41017390986178026,0.9892281303276451,0.09375,0.4146403617999878,8x8,0.99,0.5,5,exact,fixed,perturbation_seed,support_restricted_tv_l1,exact_support_restricted_l1,,,,,,
8,2034,405,Similarity-aware,0.41017390986178026,0.9892281303276451,0.09375,0.4146403617999878,8x8,0.99,0.5,5,exact,fixed,perturbation_seed,support_restricted_tv_l1,exact_support_restricted_l1,,,,,,
8,2034,410,Similarity-aware,0.41017390986178026,0.9892281303276451,0.09375,0.4146403617999878,8x8,0.99,0.5,5,exact,fixed,perturbation_seed,support_restricted_tv_l1,exact_support_restricted_l1,,,,,,
8,2034,415,Similarity-aware,0.41017390986178026,0.9892281303276451,0.09375,0.4146403617999878,8x8,0.99,0.5,5,exact,fixed,perturbation_seed,support_restricted_tv_l1,exact_support_restricted_l1,,,,,,
8,2034,420,Similarity-aware,0.41017390986178026,0.9892281303276451,0.09375,0.4146403617999878,8x8,0.99,0.5,5,exact,fixed,perturbation_seed,support_restricted_tv_l1,exact_support_restricted_l1,,,,,,
8,2034,425,Similarity-aware,0.41017390986178026,0.9892281303276451,0.09375,0.4146403617999878,8x8,0.99,0.5,5,exact,fixed,perturbation_seed,support_restricted_tv_l1,exact_support_restricted_l1,,,,,,
8,2034,430,Similarity-aware,0.41017390986178026,0.9892281303276451,0.09375,0.4146403617999878,8x8,0.99,0.5,5,exact,fixed,perturbation_seed,support_restricted_tv_l1,exact_support_restricted_l1,,,,,,
8,2034,435,Similarity-aware,0.41017390986178026,0.9892281303276451,0.09375,0.4146403617999878,8x8,0.99,0.5,5,exact,fixed,perturbation_seed,support_restricted_tv_l1,exact_support_restricted_l1,,,,,,
8,2034,440,Similarity-aware,0.41017390986178026,0.9892281303276451,0.09375,0.4146403617999878,8x8,0.99,0.5,5,exact,fixed,perturbation_seed,support_restricted_tv_l1,exact_support_restricted_l1,,,,,,
8,2034,445,Similarity-aware,0.41017390986178026,0.9892281303276451,0.09375,0.4146403617999878,8x8,0.99,0.5,5,exact,fixed,perturbation_seed,support_restricted_tv_l1,exact_support_restricted_l1,,,,,,
8,2034,450,Similarity-aware,0.41017390986178026,0.9892281303276451,0.09375,0.4146403617999878,8x8,0.99,0.5,5,exact,fixed,perturbation_seed,support_restricted_tv_l1,exact_support_restricted_l1,,,,,,
8,2034,455,Similarity-aware,0.41017390986178026,0.9892281303276451,0.09375,0.4146403617999878,8x8,0.99,0.5,5,exact,fixed,perturbation_seed,support_restricted_tv_l1,exact_support_restricted_l1,,,,,,
8,2034,460,Similarity-aware,0.41017390986178026,0.9892281303276451,0.09375,0.4146403617999878,8x8,0.99,0.5,5,exact,fixed,perturbation_seed,support_restricted_tv_l1,exact_support_restricted_l1,,,,,,
8,2034,465,Similarity-aware,0.41017390986178026,0.9892281303276451,0.09375,0.4146403617999878,8x8,0.99,0.5,5,exact,fixed,perturbation_seed,support_restricted_tv_l1,exact_support_restricted_l1,,,,,,
8,2034,470,Similarity-aware,0.41017390986178026,0.9892281303276451,0.09375,0.4146403617999878,8x8,0.99,0.5,5,exact,fixed,perturbation_seed,support_restricted_tv_l1,exact_support_restricted_l1,,,,,,
8,2034,475,Similarity-aware,0.41017390986178026,0.9892281303276451,0.09375,0.4146403617999878,8x8,0.99,0.5,5,exact,fixed,perturbation_seed,support_restricted_tv_l1,exact_support_restricted_l1,,,,,,
8,2034,480,Similarity-aware,0.41017390986178026,0.9892281303276451,0.09375,0.4146403617999878,8x8,0.99,0.5,5,exact,fixed,perturbation_seed,support_restricted_tv_l1,exact_support_restricted_l1,,,,,,
8,2034,485,Similarity-aware,0.41017390986178026,0.9892281303276451,0.09375,0.4146403617999878,8x8,0.99,0.5,5,exact,fixed,perturbation_seed,support_restricted_tv_l1,exact_support_restricted_l1,,,,,,
8,2034,490,Similarity-aware,0.41017390986178026,0.9892281303276451,0.09375,0.4146403617999878,8x8,0.99,0.5,5,exact,fixed,perturbation_seed,support_restricted_tv_l1,exact_support_restricted_l1,,,,,,
8,2034,495,Similarity-aware,0.41017390986178026,0.9892281303276451,0.09375,0.4146403617999878,8x8,0.99,0.5,5,exact,fixed,perturbation_seed,support_restricted_tv_l1,exact_support_restricted_l1,,,,,,
8,2034,500,Similarity-aware,0.41017390986178026,0.9892281303276451,0.09375,0.4146403617999878,8x8,0.99,0.5,5,exact,fixed,perturbation_seed,support_restricted_tv_l1,exact_support_restricted_l1,,,,,,
8,2034,0,Uniform,0.0,0.0,0.65625,0.4146403617999878,8x8,0.99,0.5,5,exact,fixed,perturbation_seed,support_restricted_tv_l1,exact_support_restricted_l1,,,,,,
8,2034,5,Uniform,0.0,0.0,0.640625,0.4146403617999878,8x8,0.99,0.5,5,exact,fixed,perturbation_seed,support_restricted_tv_l1,exact_support_restricted_l1,,,,,,
8,2034,10,Uniform,-8.450506852863303e-19,-2.0380328668870923e-18,0.5625,0.4146403617999878,8x8,0.99,0.5,5,exact,fixed,perturbation_seed,support_restricted_tv_l1,exact_support_restricted_l1,,,,,,
8,2034,15,Uniform,0.07150797947432515,0.1724578359036326,0.5,0.4146403617999878,8x8,0.99,0.5,5,exact,fixed,perturbation_seed,support_restricted_tv_l1,exact_support_restricted_l1,,,,,,
8,2034,20,Uniform,0.1491925759137308,0.35981199530618196,0.40625,0.4146403617999878,8x8,0.99,0.5,5,exact,fixed,perturbation_seed,support_restricted_tv_l1,exact_support_restricted_l1,,,,,,
8,2034,25,Uniform,0.15053957774857377,0.3630605980929332,0.34375,0.4146403617999878,8x8,0.99,0.5,5,exact,fixed,perturbation_seed,support_restricted_tv_l1,exact_support_restricted_l1,,,,,,
8,2034,30,Uniform,0.23192995363648128,0.5593520916045277,0.3125,0.4146403617999878,8x8,0.99,0.5,5,exact,fixed,perturbation_seed,support_restricted_tv_l1,exact_support_restricted_l1,,,,,,
8,2034,35,Uniform,0.23259738264563312,0.560961749203355,0.296875,0.4146403617999878,8x8,0.99,0.5,5,exact,fixed,perturbation_seed,support_restricted_tv_l1,exact_support_restricted_l1,,,,,,
8,2034,40,Uniform,0.2617160917753212,0.6311881714534258,0.25,0.4146403617999878,8x8,0.99,0.5,5,exact,fixed,perturbation_seed,support_restricted_tv_l1,exact_support_restricted_l1,,,,,,
8,2034,45,Uniform,0.28450853337381377,0.686157353661228,0.203125,0.4146403617999878,8x8,0.99,0.5,5,exact,fixed,perturbation_seed,support_restricted_tv_l1,exact_support_restricted_l1,,,,,,
8,2034,50,Uniform,0.28450853337381377,0.686157353661228,0.203125,0.4146403617999878,8x8,0.99,0.5,5,exact,fixed,perturbation_seed,support_restricted_tv_l1,exact_support_restricted_l1,,,,,,
8,2034,55,Uniform,0.28450853337381377,0.686157353661228,0.203125,0.4146403617999878,8x8,0.99,0.5,5,exact,fixed,perturbation_seed,support_restricted_tv_l1,exact_support_restricted_l1,,,,,,
8,2034,60,Uniform,0.3659979354213417,0.8826876713895256,0.15625,0.4146403617999878,8x8,0.99,0.5,5,exact,fixed,perturbation_seed,support_restricted_tv_l1,exact_support_restricted_l1,,,,,,
8,2034,65,Uniform,0.3659979354213417,0.8826876713895256,0.15625,0.4146403617999878,8x8,0.99,0.5,5,exact,fixed,perturbation_seed,support_restricted_tv_l1,exact_support_restricted_l1,,,,,,
8,2034,70,Uniform,0.3659979354213417,0.8826876713895256,0.15625,0.4146403617999878,8x8,0.99,0.5,5,exact,fixed,perturbation_seed,support_restricted_tv_l1,exact_support_restricted_l1,,,,,,
8,2034,75,Uniform,0.3751806966308605,0.9048339987987912,0.125,0.4146403617999878,8x8,0.99,0.5,5,exact,fixed,perturbation_seed,support_restricted_tv_l1,exact_support_restricted_l1,,,,,,
8,2034,80,Uniform,0.3751806966308605,0.9048339987987912,0.125,0.4146403617999878,8x8,0.99,0.5,5,exact,fixed,perturbation_seed,support_restricted_tv_l1,exact_support_restricted_l1,,,,,,
8,2034,85,Uniform,0.3751806966308605,0.9048339987987912,0.125,0.4146403617999878,8x8,0.99,0.5,5,exact,fixed,perturbation_seed,support_restricted_tv_l1,exact_support_restricted_l1,,,,,,
8,2034,90,Uniform,0.3751806966308605,0.9048339987987912,0.125,0.4146403617999878,8x8,0.99,0.5,5,exact,fixed,perturbation_seed,support_restricted_tv_l1,exact_support_restricted_l1,,,,,,
8,2034,95,Uniform,0.3751806966308605,0.9048339987987912,0.125,0.4146403617999878,8x8,0.99,0.5,5,exact,fixed,perturbation_seed,support_restricted_tv_l1,exact_support_restricted_l1,,,,,,
8,2034,100,Uniform,0.3751806966308605,0.9048339987987912,0.125,0.4146403617999878,8x8,0.99,0.5,5,exact,fixed,perturbation_seed,support_restricted_tv_l1,exact_support_restricted_l1,,,,,,
8,2034,105,Uniform,0.3751806966308605,0.9048339987987912,0.125,0.4146403617999878,8x8,0.99,0.5,5,exact,fixed,perturbation_seed,support_restricted_tv_l1,exact_support_restricted_l1,,,,,,
8,2034,110,Uniform,0.3751806966308605,0.9048339987987912,0.125,0.4146403617999878,8x8,0.99,0.5,5,exact,fixed,perturbation_seed,support_restricted_tv_l1,exact_support_restricted_l1,,,,,,
8,2034,115,Uniform,0.3751806966308605,0.9048339987987912,0.125,0.4146403617999878,8x8,0.99,0.5,5,exact,fixed,perturbation_seed,support_restricted_tv_l1,exact_support_restricted_l1,,,,,,
8,2034,120,Uniform,0.3751806966308605,0.9048339987987912,0.125,0.4146403617999878,8x8,0.99,0.5,5,exact,fixed,perturbation_seed,support_restricted_tv_l1,exact_support_restricted_l1,,,,,,
8,2034,125,Uniform,0.3751806966308605,0.9048339987987912,0.125,0.4146403617999878,8x8,0.99,0.5,5,exact,fixed,perturbation_seed,support_restricted_tv_l1,exact_support_restricted_l1,,,,,,
8,2034,130,Uniform,0.3751806966308605,0.9048339987987912,0.125,0.4146403617999878,8x8,0.99,0.5,5,exact,fixed,perturbation_seed,support_restricted_tv_l1,exact_support_restricted_l1,,,,,,
8,2034,135,Uniform,0.3751806966308605,0.9048339987987912,0.125,0.4146403617999878,8x8,0.99,0.5,5,exact,fixed,perturbation_seed,support_restricted_tv_l1,exact_support_restricted_l1,,,,,,
8,2034,140,Uniform,0.3751806966308605,0.9048339987987912,0.125,0.4146403617999878,8x8,0.99,0.5,5,exact,fixed,perturbation_seed,support_restricted_tv_l1,exact_support_restricted_l1,,,,,,
8,2034,145,Uniform,0.3751806966308605,0.9048339987987912,0.125,0.4146403617999878,8x8,0.99,0.5,5,exact,fixed,perturbation_seed,support_restricted_tv_l1,exact_support_restricted_l1,,,,,,
8,2034,150,Uniform,0.3751833808312265,0.9048404723614573,0.109375,0.4146403617999878,8x8,0.99,0.5,5,exact,fixed,perturbation_seed,support_restricted_tv_l1,exact_support_restricted_l1,,,,,,
8,2034,155,Uniform,0.3751833808312265,0.9048404723614573,0.109375,0.4146403617999878,8x8,0.99,0.5,5,exact,fixed,perturbation_seed,support_restricted_tv_l1,exact_support_restricted_l1,,,,,,
8,2034,160,Uniform,0.37515233786710134,0.9047656051584902,0.125,0.4146403617999878,8x8,0.99,0.5,5,exact,fixed,perturbation_seed,support_restricted_tv_l1,exact_support_restricted_l1,,,,,,
8,2034,165,Uniform,0.37515233786710134,0.9047656051584902,0.125,0.4146403617999878,8x8,0.99,0.5,5,exact,fixed,perturbation_seed,support_restricted_tv_l1,exact_support_restricted_l1,,,,,,
8,2034,170,Uniform,0.37515233786710134,0.9047656051584902,0.125,0.4146403617999878,8x8,0.99,0.5,5,exact,fixed,perturbation_seed,support_restricted_tv_l1,exact_support_restricted_l1,,,,,,
8,2034,175,Uniform,0.37515233786710134,0.9047656051584902,0.125,0.4146403617999878,8x8,0.99,0.5,5,exact,fixed,perturbation_seed,support_restricted_tv_l1,exact_support_restricted_l1,,,,,,
8,2034,180,Uniform,0.37515233786710134,0.9047656051584902,0.125,0.4146403617999878,8x8,0.99,0.5,5,exact,fixed,perturbation_seed,support_restricted_tv_l1,exact_support_restricted_l1,,,,,,
8,2034,185,Uniform,0.37515233786710134,0.9047656051584902,0.125,0.4146403617999878,8x8,0.99,0.5,5,exact,fixed,perturbation_seed,support_restricted_tv_l1,exact_support_restricted_l1,,,,,,
8,2034,190,Uniform,0.37515233786710134,0.9047656051584902,0.125,0.4146403617999878,8x8,0.99,0.5,5,exact,fixed,perturbation_seed,support_restricted_tv_l1,exact_support_restricted_l1,,,,,,
8,2034,195,Uniform,0.37515233786710134,0.9047656051584902,0.125,0.4146403617999878,8x8,0.99,0.5,5,exact,fixed,perturbation_seed,support_restricted_tv_l1,exact_support_restricted_l1,,,,,,
8,2034,200,Uniform,0.37515233786710134,0.9047656051584902,0.125,0.4146403617999878,8x8,0.99,0.5,5,exact,fixed,perturbation_seed,support_restricted_tv_l1,exact_support_restricted_l1,,,,,,
8,2034,205,Uniform,0.37515233786710134,0.9047656051584902,0.125,0.4146403617999878,8x8,0.99,0.5,5,exact,fixed,perturbation_seed,support_restricted_tv_l1,exact_support_restricted_l1,,,,,,
8,2034,210,Uniform,0.37515233786710134,0.9047656051584902,0.125,0.4146403617999878,8x8,0.99,0.5,5,exact,fixed,perturbation_seed,support_restricted_tv_l1,exact_support_restricted_l1,,,,,,
8,2034,215,Uniform,0.37515233786710134,0.9047656051584902,0.125,0.4146403617999878,8x8,0.99,0.5,5,exact,fixed,perturbation_seed,support_restricted_tv_l1,exact_support_restricted_l1,,,,,,
8,2034,220,Uniform,0.37515233786710134,0.9047656051584902,0.125,0.4146403617999878,8x8,0.99,0.5,5,exact,fixed,perturbation_seed,support_restricted_tv_l1,exact_support_restricted_l1,,,,,,
8,2034,225,Uniform,0.37515233786710134,0.9047656051584902,0.125,0.4146403617999878,8x8,0.99,0.5,5,exact,fixed,perturbation_seed,support_restricted_tv_l1,exact_support_restricted_l1,,,,,,
8,2034,230,Uniform,0.37515233786710134,0.9047656051584902,0.125,0.4146403617999878,8x8,0.99,0.5,5,exact,fixed,perturbation_seed,support_restricted_tv_l1,exact_support_restricted_l1,,,,,,
8,2034,235,Uniform,0.37515233786710134,0.9047656051584902,0.125,0.4146403617999878,8x8,0.99,0.5,5,exact,fixed,perturbation_seed,support_restricted_tv_l1,exact_support_restricted_l1,,,,,,
8,2034,240,Uniform,0.37515233786710134,0.9047656051584902,0.125,0.4146403617999878,8x8,0.99,0.5,5,exact,fixed,perturbation_seed,support_restricted_tv_l1,exact_support_restricted_l1,,,,,,
8,2034,245,Uniform,0.37515233786710134,0.9047656051584902,0.125,0.4146403617999878,8x8,0.99,0.5,5,exact,fixed,perturbation_seed,support_restricted_tv_l1,exact_support_restricted_l1,,,,,,
8,2034,250,Uniform,0.37515233786710134,0.9047656051584902,0.125,0.4146403617999878,8x8,0.99,0.5,5,exact,fixed,perturbation_seed,support_restricted_tv_l1,exact_support_restricted_l1,,,,,,
8,2034,255,Uniform,0.37515233786710134,0.9047656051584902,0.125,0.4146403617999878,8x8,0.99,0.5,5,exact,fixed,perturbation_seed,support_restricted_tv_l1,exact_support_restricted_l1,,,,,,
8,2034,260,Uniform,0.37515233786710134,0.9047656051584902,0.125,0.4146403617999878,8x8,0.99,0.5,5,exact,fixed,perturbation_seed,support_restricted_tv_l1,exact_support_restricted_l1,,,,,,
8,2034,265,Uniform,0.37515233786710134,0.9047656051584902,0.125,0.4146403617999878,8x8,0.99,0.5,5,exact,fixed,perturbation_seed,support_restricted_tv_l1,exact_support_restricted_l1,,,,,,
8,2034,270,Uniform,0.37515233786710134,0.9047656051584902,0.125,0.4146403617999878,8x8,0.99,0.5,5,exact,fixed,perturbation_seed,support_restricted_tv_l1,exact_support_restricted_l1,,,,,,
8,2034,275,Uniform,0.37515233786710134,0.9047656051584902,0.125,0.4146403617999878,8x8,0.99,0.5,5,exact,fixed,perturbation_seed,support_restricted_tv_l1,exact_support_restricted_l1,,,,,,
8,2034,280,Uniform,0.37515233786710134,0.9047656051584902,0.125,0.4146403617999878,8x8,0.99,0.5,5,exact,fixed,perturbation_seed,support_restricted_tv_l1,exact_support_restricted_l1,,,,,,
8,2034,285,Uniform,0.37515233786710134,0.9047656051584902,0.125,0.4146403617999878,8x8,0.99,0.5,5,exact,fixed,perturbation_seed,support_restricted_tv_l1,exact_support_restricted_l1,,,,,,
8,2034,290,Uniform,0.37515233786710134,0.9047656051584902,0.125,0.4146403617999878,8x8,0.99,0.5,5,exact,fixed,perturbation_seed,support_restricted_tv_l1,exact_support_restricted_l1,,,,,,
8,2034,295,Uniform,0.37515233786710134,0.9047656051584902,0.125,0.4146403617999878,8x8,0.99,0.5,5,exact,fixed,perturbation_seed,support_restricted_tv_l1,exact_support_restricted_l1,,,,,,
8,2034,300,Uniform,0.37515233786710134,0.9047656051584902,0.125,0.4146403617999878,8x8,0.99,0.5,5,exact,fixed,perturbation_seed,support_restricted_tv_l1,exact_support_restricted_l1,,,,,,
8,2034,305,Uniform,0.37515233786710134,0.9047656051584902,0.125,0.4146403617999878,8x8,0.99,0.5,5,exact,fixed,perturbation_seed,support_restricted_tv_l1,exact_support_restricted_l1,,,,,,
8,2034,310,Uniform,0.37515233786710134,0.9047656051584902,0.125,0.4146403617999878,8x8,0.99,0.5,5,exact,fixed,perturbation_seed,support_restricted_tv_l1,exact_support_restricted_l1,,,,,,
8,2034,315,Uniform,0.37515233786710134,0.9047656051584902,0.125,0.4146403617999878,8x8,0.99,0.5,5,exact,fixed,perturbation_seed,support_restricted_tv_l1,exact_support_restricted_l1,,,,,,
8,2034,320,Uniform,0.37515233786710134,0.9047656051584902,0.125,0.4146403617999878,8x8,0.99,0.5,5,exact,fixed,perturbation_seed,support_restricted_tv_l1,exact_support_restricted_l1,,,,,,
8,2034,325,Uniform,0.37515233786710134,0.9047656051584902,0.125,0.4146403617999878,8x8,0.99,0.5,5,exact,fixed,perturbation_seed,support_restricted_tv_l1,exact_support_restricted_l1,,,,,,
8,2034,330,Uniform,0.37515233786710134,0.9047656051584902,0.125,0.4146403617999878,8x8,0.99,0.5,5,exact,fixed,perturbation_seed,support_restricted_tv_l1,exact_support_restricted_l1,,,,,,
8,2034,335,Uniform,0.37515233786710134,0.9047656051584902,0.125,0.4146403617999878,8x8,0.99,0.5,5,exact,fixed,perturbation_seed,support_restricted_tv_l1,exact_support_restricted_l1,,,,,,
8,2034,340,Uniform,0.37515233786710134,0.9047656051584902,0.125,0.4146403617999878,8x8,0.99,0.5,5,exact,fixed,perturbation_seed,support_restricted_tv_l1,exact_support_restricted_l1,,,,,,
8,2034,345,Uniform,0.37515233786710134,0.9047656051584902,0.125,0.4146403617999878,8x8,0.99,0.5,5,exact,fixed,perturbation_seed,support_restricted_tv_l1,exact_support_restricted_l1,,,,,,
8,2034,350,Uniform,0.37515233786710134,0.9047656051584902,0.125,0.4146403617999878,8x8,0.99,0.5,5,exact,fixed,perturbation_seed,support_restricted_tv_l1,exact_support_restricted_l1,,,,,,
8,2034,355,Uniform,0.37515233786710134,0.9047656051584902,0.125,0.4146403617999878,8x8,0.99,0.5,5,exact,fixed,perturbation_seed,support_restricted_tv_l1,exact_support_restricted_l1,,,,,,
8,2034,360,Uniform,0.37515233786710134,0.9047656051584902,0.125,0.4146403617999878,8x8,0.99,0.5,5,exact,fixed,perturbation_seed,support_restricted_tv_l1,exact_support_restricted_l1,,,,,,
8,2034,365,Uniform,0.3874960225431777,0.934535221947583,0.109375,0.4146403617999878,8x8,0.99,0.5,5,exact,fixed,perturbation_seed,support_restricted_tv_l1,exact_support_restricted_l1,,,,,,
8,2034,370,Uniform,0.3874960225431777,0.934535221947583,0.109375,0.4146403617999878,8x8,0.99,0.5,5,exact,fixed,perturbation_seed,support_restricted_tv_l1,exact_support_restricted_l1,,,,,,
8,2034,375,Uniform,0.3874960225431777,0.934535221947583,0.109375,0.4146403617999878,8x8,0.99,0.5,5,exact,fixed,perturbation_seed,support_restricted_tv_l1,exact_support_restricted_l1,,,,,,
8,2034,380,Uniform,0.3874960225431777,0.934535221947583,0.109375,0.4146403617999878,8x8,0.99,0.5,5,exact,fixed,perturbation_seed,support_restricted_tv_l1,exact_support_restricted_l1,,,,,,
8,2034,385,Uniform,0.3874960225431777,0.934535221947583,0.109375,0.4146403617999878,8x8,0.99,0.5,5,exact,fixed,perturbation_seed,support_restricted_tv_l1,exact_support_restricted_l1,,,,,,
8,2034,390,Uniform,0.3874960225431777,0.934535221947583,0.109375,0.4146403617999878,8x8,0.99,0.5,5,exact,fixed,perturbation_seed,support_restricted_tv_l1,exact_support_restricted_l1,,,,,,
8,2034,395,Uniform,0.3874960225431777,0.934535221947583,0.109375,0.4146403617999878,8x8,0.99,0.5,5,exact,fixed,perturbation_seed,support_restricted_tv_l1,exact_support_restricted_l1,,,,,,
8,2034,400,Uniform,0.3874960225431777,0.934535221947583,0.109375,0.4146403617999878,8x8,0.99,0.5,5,exact,fixed,perturbation_seed,support_restricted_tv_l1,exact_support_restricted_l1,,,,,,
8,2034,405,Uniform,0.3874960225431777,0.934535221947583,0.109375,0.4146403617999878,8x8,0.99,0.5,5,exact,fixed,perturbation_seed,support_restricted_tv_l1,exact_support_restricted_l1,,,,,,
8,2034,410,Uniform,0.3874960225431777,0.934535221947583,0.109375,0.4146403617999878,8x8,0.99,0.5,5,exact,fixed,perturbation_seed,support_restricted_tv_l1,exact_support_restricted_l1,,,,,,
8,2034,415,Uniform,0.3874960225431777,0.934535221947583,0.109375,0.4146403617999878,8x8,0.99,0.5,5,exact,fixed,perturbation_seed,support_restricted_tv_l1,exact_support_restricted_l1,,,,,,
8,2034,420,Uniform,0.3874960225431777,0.934535221947583,0.109375,0.4146403617999878,8x8,0.99,0.5,5,exact,fixed,perturbation_seed,support_restricted_tv_l1,exact_support_restricted_l1,,,,,,
8,2034,425,Uniform,0.3874960225431777,0.934535221947583,0.109375,0.4146403617999878,8x8,0.99,0.5,5,exact,fixed,perturbation_seed,support_restricted_tv_l1,exact_support_restricted_l1,,,,,,
8,2034,430,Uniform,0.3874960225431777,0.934535221947583,0.109375,0.4146403617999878,8x8,0.99,0.5,5,exact,fixed,perturbation_seed,support_restricted_tv_l1,exact_support_restricted_l1,,,,,,
8,2034,435,Uniform,0.3874960225431777,0.934535221947583,0.109375,0.4146403617999878,8x8,0.99,0.5,5,exact,fixed,perturbation_seed,support_restricted_tv_l1,exact_support_restricted_l1,,,,,,
8,2034,440,Uniform,0.3874960225431777,0.934535221947583,0.109375,0.4146403617999878,8x8,0.99,0.5,5,exact,fixed,perturbation_seed,support_restricted_tv_l1,exact_support_restricted_l1,,,,,,
8,2034,445,Uniform,0.3874960225431777,0.934535221947583,0.109375,0.4146403617999878,8x8,0.99,0.5,5,exact,fixed,perturbation_seed,support_restricted_tv_l1,exact_support_restricted_l1,,,,,,
8,2034,450,Uniform,0.3874960225431777,0.934535221947583,0.109375,0.4146403617999878,8x8,0.99,0.5,5,exact,fixed,perturbation_seed,support_restricted_tv_l1,exact_support_restricted_l1,,,,,,
8,2034,455,Uniform,0.3874960225431777,0.934535221947583,0.109375,0.4146403617999878,8x8,0.99,0.5,5,exact,fixed,perturbation_seed,support_restricted_tv_l1,exact_support_restricted_l1,,,,,,
8,2034,460,Uniform,0.3874960225431777,0.934535221947583,0.109375,0.4146403617999878,8x8,0.99,0.5,5,exact,fixed,perturbation_seed,support_restricted_tv_l1,exact_support_restricted_l1,,,,,,
8,2034,465,Uniform,0.3874960225431777,0.934535221947583,0.109375,0.4146403617999878,8x8,0.99,0.5,5,exact,fixed,perturbation_seed,support_restricted_tv_l1,exact_support_restricted_l1,,,,,,
8,2034,470,Uniform,0.3874960225431777,0.934535221947583,0.109375,0.4146403617999878,8x8,0.99,0.5,5,exact,fixed,perturbation_seed,support_restricted_tv_l1,exact_support_restricted_l1,,,,,,
8,2034,475,Uniform,0.3874960225431777,0.934535221947583,0.109375,0.4146403617999878,8x8,0.99,0.5,5,exact,fixed,perturbation_seed,support_restricted_tv_l1,exact_support_restricted_l1,,,,,,
8,2034,480,Uniform,0.3874960225431777,0.934535221947583,0.109375,0.4146403617999878,8x8,0.99,0.5,5,exact,fixed,perturbation_seed,support_restricted_tv_l1,exact_support_restricted_l1,,,,,,
8,2034,485,Uniform,0.3874960225431777,0.934535221947583,0.109375,0.4146403617999878,8x8,0.99,0.5,5,exact,fixed,perturbation_seed,support_restricted_tv_l1,exact_support_restricted_l1,,,,,,
8,2034,490,Uniform,0.3874960225431777,0.934535221947583,0.109375,0.4146403617999878,8x8,0.99,0.5,5,exact,fixed,perturbation_seed,support_restricted_tv_l1,exact_support_restricted_l1,,,,,,
8,2034,495,Uniform,0.3874960225431777,0.934535221947583,0.109375,0.4146403617999878,8x8,0.99,0.5,5,exact,fixed,perturbation_seed,support_restricted_tv_l1,exact_support_restricted_l1,,,,,,
8,2034,500,Uniform,0.3874960225431777,0.934535221947583,0.109375,0.4146403617999878,8x8,0.99,0.5,5,exact,fixed,perturbation_seed,support_restricted_tv_l1,exact_support_restricted_l1,,,,,,
8,2034,-1,source_metadata,,,,0.4146403617999878,8x8,0.99,0.5,5,exact,fixed,perturbation_seed,support_restricted_tv_l1,exact_support_restricted_l1,0.0,0.1,0.2408866249482503,0.09807510551137809,0.25,0.530062304466802
8,2034,-1,source_metadata,,,,0.4146403617999878,8x8,0.99,0.5,5,exact,fixed,perturbation_seed,support_restricted_tv_l1,exact_support_restricted_l1,1.0,0.2,0.5319095536015531,0.19155671816810005,0.25,0.2400506038713638
8,2034,-1,source_metadata,,,,0.4146403617999878,8x8,0.99,0.5,5,exact,fixed,perturbation_seed,support_restricted_tv_l1,exact_support_restricted_l1,2.0,0.3,0.989216690860055,0.3007818390527469,0.25,0.12907719986951582
8,2034,-1,source_metadata,,,,0.4146403617999878,8x8,0.99,0.5,5,exact,fixed,perturbation_seed,support_restricted_tv_l1,exact_support_restricted_l1,3.0,0.35,1.2665954354039104,0.38292424305734046,0.25,0.10080989179231829
9,2035,0,Maximum-based,0.0,0.0,0.65625,0.4146403617999878,8x8,0.99,0.5,5,exact,fixed,perturbation_seed,support_restricted_tv_l1,exact_support_restricted_l1,,,,,,
9,2035,5,Maximum-based,0.0,0.0,0.578125,0.4146403617999878,8x8,0.99,0.5,5,exact,fixed,perturbation_seed,support_restricted_tv_l1,exact_support_restricted_l1,,,,,,
9,2035,10,Maximum-based,-7.888096529081238e-19,-1.902394763220436e-18,0.546875,0.4146403617999878,8x8,0.99,0.5,5,exact,fixed,perturbation_seed,support_restricted_tv_l1,exact_support_restricted_l1,,,,,,
9,2035,15,Maximum-based,0.027036794962449984,0.06520541040693925,0.4375,0.4146403617999878,8x8,0.99,0.5,5,exact,fixed,perturbation_seed,support_restricted_tv_l1,exact_support_restricted_l1,,,,,,
9,2035,20,Maximum-based,0.045115900486488364,0.10880730542158641,0.375,0.4146403617999878,8x8,0.99,0.5,5,exact,fixed,perturbation_seed,support_restricted_tv_l1,exact_support_restricted_l1,,,,,,
9,2035,25,Maximum-based,0.0840394833580018,0.20268042163859668,0.3125,0.4146403617999878,8x8,0.99,0.5,5,exact,fixed,perturbation_seed,support_restricted_tv_l1,exact_support_restricted_l1,,,,,,
9,2035,30,Maximum-based,0.20546032847566428,0.4955145408028879,0.265625,0.4146403617999878,8x8,0.99,0.5,5,exact,fixed,perturbation_seed,support_restricted_tv_l1,exact_support_restricted_l1,,,,,,
9,2035,35,Maximum-based,0.34959945674713805,0.843138992136458,0.203125,0.4146403617999878,8x8,0.99,0.5,5,exact,fixed,perturbation_seed,support_restricted_tv_l1,exact_support_restricted_l1,,,,,,
9,2035,40,Maximum-based,0.3504256577268146,0.8451315646301004,0.171875,0.4146403617999878,8x8,0.99,0.5,5,exact,fixed,perturbation_seed,support_restricted_tv_l1,exact_support_restricted_l1,,,,,,
9,2035,45,Maximum-based,0.3504256577268146,0.8451315646301004,0.171875,0.4146403617999878,8x8,0.99,0.5,5,exact,fixed,perturbation_seed,support_restricted_tv_l1,exact_support_restricted_l1,,,,,,
9,2035,50,Maximum-based,0.37192582187181084,0.8969841244042195,0.140625,0.4146403617999878,8x8,0.99,0.5,5,exact,fixed,perturbation_seed,support_restricted_tv_l1,exact_support_restricted_l1,,,,,,
9,2035,55,Maximum-based,0.37192582187181084,0.8969841244042195,0.140625,0.4146403617999878,8x8,0.99,0.5,5,exact,fixed,perturbation_seed,support_restricted_tv_l1,exact_support_restricted_l1,,,,,,
9,2035,60,Maximum-based,0.37192582187181084,0.8969841244042195,0.140625,0.4146403617999878,8x8,0.99,0.5,5,exact,fixed,perturbation_seed,support_restricted_tv_l1,exact_support_restricted_l1,,,,,,
9,2035,65,Maximum-based,0.37192582187181084,0.8969841244042195,0.140625,0.4146403617999878,8x8,0.99,0.5,5,exact,fixed,perturbation_seed,support_restricted_tv_l1,exact_support_restricted_l1,,,,,,
9,2035,70,Maximum-based,0.37192582187181084,0.8969841244042195,0.140625,0.4146403617999878,8x8,0.99,0.5,5,exact,fixed,perturbation_seed,support_restricted_tv_l1,exact_support_restricted_l1,,,,,,
9,2035,75,Maximum-based,0.38107267039022763,0.91904384015092,0.109375,0.4146403617999878,8x8,0.99,0.5,5,exact,fixed,perturbation_seed,support_restricted_tv_l1,exact_support_restricted_l1,,,,,,
9,2035,80,Maximum-based,0.38107267039022763,0.91904384015092,0.109375,0.4146403617999878,8x8,0.99,0.5,5,exact,fixed,perturbation_seed,support_restricted_tv_l1,exact_support_restricted_l1,,,,,,
9,2035,85,Maximum-based,0.38107267039022763,0.91904384015092,0.109375,0.4146403617999878,8x8,0.99,0.5,5,exact,fixed,perturbation_seed,support_restricted_tv_l1,exact_support_restricted_l1,,,,,,
9,2035,90,Maximum-based,0.40273638949159196,0.9712908500833838,0.109375,0.4146403617999878,8x8,0.99,0.5,5,exact,fixed,perturbation_seed,support_restricted_tv_l1,exact_support_restricted_l1,,,,,,
9,2035,95,Maximum-based,0.40273638949159196,0.9712908500833838,0.109375,0.4146403617999878,8x8,0.99,0.5,5,exact,fixed,perturbation_seed,support_restricted_tv_l1,exact_support_restricted_l1,,,,,,
9,2035,100,Maximum-based,0.40273638949159196,0.9712908500833838,0.109375,0.4146403617999878,8x8,0.99,0.5,5,exact,fixed,perturbation_seed,support_restricted_tv_l1,exact_support_restricted_l1,,,,,,
9,2035,105,Maximum-based,0.40273638949159196,0.9712908500833838,0.109375,0.4146403617999878,8x8,0.99,0.5,5,exact,fixed,perturbation_seed,support_restricted_tv_l1,exact_support_restricted_l1,,,,,,
9,2035,110,Maximum-based,0.40273638949159196,0.9712908500833838,0.109375,0.4146403617999878,8x8,0.99,0.5,5,exact,fixed,perturbation_seed,support_restricted_tv_l1,exact_support_restricted_l1,,,,,,
9,2035,115,Maximum-based,0.40273638949159196,0.9712908500833838,0.109375,0.4146403617999878,8x8,0.99,0.5,5,exact,fixed,perturbation_seed,support_restricted_tv_l1,exact_support_restricted_l1,,,,,,
9,2035,120,Maximum-based,0.40273638949159196,0.9712908500833838,0.109375,0.4146403617999878,8x8,0.99,0.5,5,exact,fixed,perturbation_seed,support_restricted_tv_l1,exact_support_restricted_l1,,,,,,
9,2035,125,Maximum-based,0.40273638949159196,0.9712908500833838,0.109375,0.4146403617999878,8x8,0.99,0.5,5,exact,fixed,perturbation_seed,support_restricted_tv_l1,exact_support_restricted_l1,,,,,,
9,2035,130,Maximum-based,0.40307310157840753,0.9721029082374764,0.09375,0.4146403617999878,8x8,0.99,0.5,5,exact,fixed,perturbation_seed,support_restricted_tv_l1,exact_support_restricted_l1,,,,,,
9,2035,135,Maximum-based,0.40307310157840753,0.9721029082374764,0.09375,0.4146403617999878,8x8,0.99,0.5,5,exact,fixed,perturbation_seed,support_restricted_tv_l1,exact_support_restricted_l1,,,,,,
9,2035,140,Maximum-based,0.41449066071425145,0.9996389616170348,0.078125,0.4146403617999878,8x8,0.99,0.5,5,exact,fixed,perturbation_seed,support_restricted_tv_l1,exact_support_restricted_l1,,,,,,
9,2035,145,Maximum-based,0.41449066071425145,0.9996389616170348,0.078125,0.4146403617999878,8x8,0.99,0.5,5,exact,fixed,perturbation_seed,support_restricted_tv_l1,exact_support_restricted_l1,,,,,,
9,2035,150,Maximum-based,0.41449066071425145,0.9996389616170348,0.078125,0.4146403617999878,8x8,0.99,0.5,5,exact,fixed,perturbation_seed,support_restricted_tv_l1,exact_support_restricted_l1,,,,,,
9,2035,155,Maximum-based,0.41449066071425145,0.9996389616170348,0.078125,0.4146403617999878,8x8,0.99,0.5,5,exact,fixed,perturbation_seed,support_restricted_tv_l1,exact_support_restricted_l1,,,,,,
9,2035,160,Maximum-based,0.41449066071425145,0.9996389616170348,0.078125,0.4146403617999878,8x8,0.99,0.5,5,exact,fixed,perturbation_seed,support_restricted_tv_l1,exact_support_restricted_l1,,,,,,
9,2035,165,Maximum-based,0.41449066071425145,0.9996389616170348,0.0625,0.4146403617999878,8x8,0.99,0.5,5,exact,fixed,perturbation_seed,support_restricted_tv_l1,exact_support_restricted_l1,,,,,,
9,2035,170,Maximum-based,0.41449066071425145,0.9996389616170348,0.0625,0.4146403617999878,8x8,0.99,0.5,5,exact,fixed,perturbation_seed,support_restricted_tv_l1,exact_support_restricted_l1,,,,,,
9,2035,175,Maximum-based,0.41449066071425145,0.9996389616170348,0.0625,0.4146403617999878,8x8,0.99,0.5,5,exact,fixed,perturbation_seed,support_restricted_tv_l1,exact_support_restricted_l1,,,,,,
9,2035,180,Maximum-based,0.41449066071425145,0.9996389616170348,0.0625,0.4146403617999878,8x8,0.99,0.5,5,exact,fixed,perturbation_seed,support_restricted_tv_l1,exact_support_restricted_l1,,,,,,
9,2035,185,Maximum-based,0.41449066071425145,0.9996389616170348,0.0625,0.4146403617999878,8x8,0.99,0.5,5,exact,fixed,perturbation_seed,support_restricted_tv_l1,exact_support_restricted_l1,,,,,,
9,2035,190,Maximum-based,0.41016938155768384,0.9892172092873567,0.078125,0.4146403617999878,8x8,0.99,0.5,5,exact,fixed,perturbation_seed,support_restricted_tv_l1,exact_support_restricted_l1,,,,,,
9,2035,195,Maximum-based,0.41016938155768384,0.9892172092873567,0.078125,0.4146403617999878,8x8,0.99,0.5,5,exact,fixed,perturbation_seed,support_restricted_tv_l1,exact_support_restricted_l1,,,,,,
9,2035,200,Maximum-based,0.4101411403013252,0.989149099043009,0.09375,0.4146403617999878,8x8,0.99,0.5,5,exact,fixed,perturbation_seed,support_restricted_tv_l1,exact_support_restricted_l1,,,,,,
9,2035,205,Maximum-based,0.4101411403013252,0.989149099043009,0.09375,0.4146403617999878,8x8,0.99,0.5,5,exact,fixed,perturbation_seed,support_restricted_tv_l1,exact_support_restricted_l1,,,,,,
9,2035,210,Maximum-based,0.4101411403013252,0.989149099043009,0.09375,0.4146403617999878,8x8,0.99,0.5,5,exact,fixed,perturbation_seed,support_restricted_tv_l1,exact_support_restricted_l1,,,,,,
9,2035,215,Maximum-based,0.4101411403013252,0.989149099043009,0.09375,0.4146403617999878,8x8,0.99,0.5,5,exact,fixed,perturbation_seed,support_restricted_tv_l1,exact_support_restricted_l1,,,,,,
9,2035,220,Maximum-based,0.4101411403013252,0.989149099043009,0.09375,0.4146403617999878,8x8,0.99,0.5,5,exact,fixed,perturbation_seed,support_restricted_tv_l1,exact_support_restricted_l1,,,,,,
9,2035,225,Maximum-based,0.4101411403013252,0.989149099043009,0.09375,0.4146403617999878,8x8,0.99,0.5,5,exact,fixed,perturbation_seed,support_restricted_tv_l1,exact_support_restricted_l1,,,,,,
9,2035,230,Maximum-based,0.4101411403013252,0.989149099043009,0.09375,0.4146403617999878,8x8,0.99,0.5,5,exact,fixed,perturbation_seed,support_restricted_tv_l1,exact_support_restricted_l1,,,,,,
9,2035,235,Maximum-based,0.4101411403013252,0.989149099043009,0.09375,0.4146403617999878,8x8,0.99,0.5,5,exact,fixed,perturbation_seed,support_restricted_tv_l1,exact_support_restricted_l1,,,,,,
9,2035,240,Maximum-based,0.4101411403013252,0.989149099043009,0.09375,0.4146403617999878,8x8,0.99,0.5,5,exact,fixed,perturbation_seed,support_restricted_tv_l1,exact_support_restricted_l1,,,,,,
9,2035,245,Maximum-based,0.4101411403013252,0.989149099043009,0.09375,0.4146403617999878,8x8,0.99,0.5,5,exact,fixed,perturbation_seed,support_restricted_tv_l1,exact_support_restricted_l1,,,,,,
9,2035,250,Maximum-based,0.4101411403013252,0.989149099043009,0.09375,0.4146403617999878,8x8,0.99,0.5,5,exact,fixed,perturbation_seed,support_restricted_tv_l1,exact_support_restricted_l1,,,,,,
9,2035,255,Maximum-based,0.4101411403013252,0.989149099043009,0.09375,0.4146403617999878,8x8,0.99,0.5,5,exact,fixed,perturbation_seed,support_restricted_tv_l1,exact_support_restricted_l1,,,,,,
9,2035,260,Maximum-based,0.4101411403013252,0.989149099043009,0.09375,0.4146403617999878,8x8,0.99,0.5,5,exact,fixed,perturbation_seed,support_restricted_tv_l1,exact_support_restricted_l1,,,,,,
9,2035,265,Maximum-based,0.4101411403013252,0.989149099043009,0.09375,0.4146403617999878,8x8,0.99,0.5,5,exact,fixed,perturbation_seed,support_restricted_tv_l1,exact_support_restricted_l1,,,,,,
9,2035,270,Maximum-based,0.4101411403013252,0.989149099043009,0.09375,0.4146403617999878,8x8,0.99,0.5,5,exact,fixed,perturbation_seed,support_restricted_tv_l1,exact_support_restricted_l1,,,,,,
9,2035,275,Maximum-based,0.4101411403013252,0.989149099043009,0.09375,0.4146403617999878,8x8,0.99,0.5,5,exact,fixed,perturbation_seed,support_restricted_tv_l1,exact_support_restricted_l1,,,,,,
9,2035,280,Maximum-based,0.4101411403013252,0.989149099043009,0.09375,0.4146403617999878,8x8,0.99,0.5,5,exact,fixed,perturbation_seed,support_restricted_tv_l1,exact_support_restricted_l1,,,,,,
9,2035,285,Maximum-based,0.4101411403013252,0.989149099043009,0.09375,0.4146403617999878,8x8,0.99,0.5,5,exact,fixed,perturbation_seed,support_restricted_tv_l1,exact_support_restricted_l1,,,,,,
9,2035,290,Maximum-based,0.4101411403013252,0.989149099043009,0.09375,0.4146403617999878,8x8,0.99,0.5,5,exact,fixed,perturbation_seed,support_restricted_tv_l1,exact_support_restricted_l1,,,,,,
9,2035,295,Maximum-based,0.4101411403013252,0.989149099043009,0.09375,0.4146403617999878,8x8,0.99,0.5,5,exact,fixed,perturbation_seed,support_restricted_tv_l1,exact_support_restricted_l1,,,,,,
9,2035,300,Maximum-based,0.4101529844128594,0.9891776638249872,0.078125,0.4146403617999878,8x8,0.99,0.5,5,exact,fixed,perturbation_seed,support_restricted_tv_l1,exact_support_restricted_l1,,,,,,
9,2035,305,Maximum-based,0.4101529844128594,0.9891776638249872,0.078125,0.4146403617999878,8x8,0.99,0.5,5,exact,fixed,perturbation_seed,support_restricted_tv_l1,exact_support_restricted_l1,,,,,,
9,2035,310,Maximum-based,0.4101529844128594,0.9891776638249872,0.078125,0.4146403617999878,8x8,0.99,0.5,5,exact,fixed,perturbation_seed,support_restricted_tv_l1,exact_support_restricted_l1,,,,,,
9,2035,315,Maximum-based,0.4101529844128594,0.9891776638249872,0.078125,0.4146403617999878,8x8,0.99,0.5,5,exact,fixed,perturbation_seed,support_restricted_tv_l1,exact_support_restricted_l1,,,,,,
9,2035,320,Maximum-based,0.4101529844128594,0.9891776638249872,0.078125,0.4146403617999878,8x8,0.99,0.5,5,exact,fixed,perturbation_seed,support_restricted_tv_l1,exact_support_restricted_l1,,,,,,
9,2035,325,Maximum-based,0.4101529844128594,0.9891776638249872,0.078125,0.4146403617999878,8x8,0.99,0.5,5,exact,fixed,perturbation_seed,support_restricted_tv_l1,exact_support_restricted_l1,,,,,,
9,2035,330,Maximum-based,0.4101529844128594,0.9891776638249872,0.078125,0.4146403617999878,8x8,0.99,0.5,5,exact,fixed,perturbation_seed,support_restricted_tv_l1,exact_support_restricted_l1,,,,,,
9,2035,335,Maximum-based,0.4101529844128594,0.9891776638249872,0.078125,0.4146403617999878,8x8,0.99,0.5,5,exact,fixed,perturbation_seed,support_restricted_tv_l1,exact_support_restricted_l1,,,,,,
9,2035,340,Maximum-based,0.4101529844128594,0.9891776638249872,0.078125,0.4146403617999878,8x8,0.99,0.5,5,exact,fixed,perturbation_seed,support_restricted_tv_l1,exact_support_restricted_l1,,,,,,
9,2035,345,Maximum-based,0.4101529844128594,0.9891776638249872,0.078125,0.4146403617999878,8x8,0.99,0.5,5,exact,fixed,perturbation_seed,support_restricted_tv_l1,exact_support_restricted_l1,,,,,,
9,2035,350,Maximum-based,0.4101529844128594,0.9891776638249872,0.078125,0.4146403617999878,8x8,0.99,0.5,5,exact,fixed,perturbation_seed,support_restricted_tv_l1,exact_support_restricted_l1,,,,,,
9,2035,355,Maximum-based,0.4101529844128594,0.9891776638249872,0.078125,0.4146403617999878,8x8,0.99,0.5,5,exact,fixed,perturbation_seed,support_restricted_tv_l1,exact_support_restricted_l1,,,,,,
9,2035,360,Maximum-based,0.4101529844128594,0.9891776638249872,0.078125,0.4146403617999878,8x8,0.99,0.5,5,exact,fixed,perturbation_seed,support_restricted_tv_l1,exact_support_restricted_l1,,,,,,
9,2035,365,Maximum-based,0.4101529844128594,0.9891776638249872,0.078125,0.4146403617999878,8x8,0.99,0.5,5,exact,fixed,perturbation_seed,support_restricted_tv_l1,exact_support_restricted_l1,,,,,,
9,2035,370,Maximum-based,0.4101529844128594,0.9891776638249872,0.078125,0.4146403617999878,8x8,0.99,0.5,5,exact,fixed,perturbation_seed,support_restricted_tv_l1,exact_support_restricted_l1,,,,,,
9,2035,375,Maximum-based,0.4101529844128594,0.9891776638249872,0.078125,0.4146403617999878,8x8,0.99,0.5,5,exact,fixed,perturbation_seed,support_restricted_tv_l1,exact_support_restricted_l1,,,,,,
9,2035,380,Maximum-based,0.4101529844128594,0.9891776638249872,0.078125,0.4146403617999878,8x8,0.99,0.5,5,exact,fixed,perturbation_seed,support_restricted_tv_l1,exact_support_restricted_l1,,,,,,
9,2035,385,Maximum-based,0.4101529844128594,0.9891776638249872,0.078125,0.4146403617999878,8x8,0.99,0.5,5,exact,fixed,perturbation_seed,support_restricted_tv_l1,exact_support_restricted_l1,,,,,,
9,2035,390,Maximum-based,0.4101529844128594,0.9891776638249872,0.078125,0.4146403617999878,8x8,0.99,0.5,5,exact,fixed,perturbation_seed,support_restricted_tv_l1,exact_support_restricted_l1,,,,,,
9,2035,395,Maximum-based,0.4101529844128594,0.9891776638249872,0.078125,0.4146403617999878,8x8,0.99,0.5,5,exact,fixed,perturbation_seed,support_restricted_tv_l1,exact_support_restricted_l1,,,,,,
9,2035,400,Maximum-based,0.4101529844128594,0.9891776638249872,0.078125,0.4146403617999878,8x8,0.99,0.5,5,exact,fixed,perturbation_seed,support_restricted_tv_l1,exact_support_restricted_l1,,,,,,
9,2035,405,Maximum-based,0.4101529844128594,0.9891776638249872,0.078125,0.4146403617999878,8x8,0.99,0.5,5,exact,fixed,perturbation_seed,support_restricted_tv_l1,exact_support_restricted_l1,,,,,,
9,2035,410,Maximum-based,0.4101529844128594,0.9891776638249872,0.078125,0.4146403617999878,8x8,0.99,0.5,5,exact,fixed,perturbation_seed,support_restricted_tv_l1,exact_support_restricted_l1,,,,,,
9,2035,415,Maximum-based,0.4101529844128594,0.9891776638249872,0.078125,0.4146403617999878,8x8,0.99,0.5,5,exact,fixed,perturbation_seed,support_restricted_tv_l1,exact_support_restricted_l1,,,,,,
9,2035,420,Maximum-based,0.4101529844128594,0.9891776638249872,0.078125,0.4146403617999878,8x8,0.99,0.5,5,exact,fixed,perturbation_seed,support_restricted_tv_l1,exact_support_restricted_l1,,,,,,
9,2035,425,Maximum-based,0.4101529844128594,0.9891776638249872,0.078125,0.4146403617999878,8x8,0.99,0.5,5,exact,fixed,perturbation_seed,support_restricted_tv_l1,exact_support_restricted_l1,,,,,,
9,2035,430,Maximum-based,0.4101529844128594,0.9891776638249872,0.078125,0.4146403617999878,8x8,0.99,0.5,5,exact,fixed,perturbation_seed,support_restricted_tv_l1,exact_support_restricted_l1,,,,,,
9,2035,435,Maximum-based,0.4101529844128594,0.9891776638249872,0.078125,0.4146403617999878,8x8,0.99,0.5,5,exact,fixed,perturbation_seed,support_restricted_tv_l1,exact_support_restricted_l1,,,,,,
9,2035,440,Maximum-based,0.4101529844128594,0.9891776638249872,0.078125,0.4146403617999878,8x8,0.99,0.5,5,exact,fixed,perturbation_seed,support_restricted_tv_l1,exact_support_restricted_l1,,,,,,
9,2035,445,Maximum-based,0.4101529844128594,0.9891776638249872,0.078125,0.4146403617999878,8x8,0.99,0.5,5,exact,fixed,perturbation_seed,support_restricted_tv_l1,exact_support_restricted_l1,,,,,,
9,2035,450,Maximum-based,0.4101529844128594,0.9891776638249872,0.078125,0.4146403617999878,8x8,0.99,0.5,5,exact,fixed,perturbation_seed,support_restricted_tv_l1,exact_support_restricted_l1,,,,,,
9,2035,455,Maximum-based,0.4101529844128594,0.9891776638249872,0.078125,0.4146403617999878,8x8,0.99,0.5,5,exact,fixed,perturbation_seed,support_restricted_tv_l1,exact_support_restricted_l1,,,,,,
9,2035,460,Maximum-based,0.4101529844128594,0.9891776638249872,0.078125,0.4146403617999878,8x8,0.99,0.5,5,exact,fixed,perturbation_seed,support_restricted_tv_l1,exact_support_restricted_l1,,,,,,
9,2035,465,Maximum-based,0.4101529844128594,0.9891776638249872,0.078125,0.4146403617999878,8x8,0.99,0.5,5,exact,fixed,perturbation_seed,support_restricted_tv_l1,exact_support_restricted_l1,,,,,,
9,2035,470,Maximum-based,0.4101529844128594,0.9891776638249872,0.078125,0.4146403617999878,8x8,0.99,0.5,5,exact,fixed,perturbation_seed,support_restricted_tv_l1,exact_support_restricted_l1,,,,,,
9,2035,475,Maximum-based,0.4101529844128594,0.9891776638249872,0.078125,0.4146403617999878,8x8,0.99,0.5,5,exact,fixed,perturbation_seed,support_restricted_tv_l1,exact_support_restricted_l1,,,,,,
9,2035,480,Maximum-based,0.4101529844128594,0.9891776638249872,0.078125,0.4146403617999878,8x8,0.99,0.5,5,exact,fixed,perturbation_seed,support_restricted_tv_l1,exact_support_restricted_l1,,,,,,
9,2035,485,Maximum-based,0.4101529844128594,0.9891776638249872,0.078125,0.4146403617999878,8x8,0.99,0.5,5,exact,fixed,perturbation_seed,support_restricted_tv_l1,exact_support_restricted_l1,,,,,,
9,2035,490,Maximum-based,0.4101529844128594,0.9891776638249872,0.078125,0.4146403617999878,8x8,0.99,0.5,5,exact,fixed,perturbation_seed,support_restricted_tv_l1,exact_support_restricted_l1,,,,,,
9,2035,495,Maximum-based,0.4101529844128594,0.9891776638249872,0.078125,0.4146403617999878,8x8,0.99,0.5,5,exact,fixed,perturbation_seed,support_restricted_tv_l1,exact_support_restricted_l1,,,,,,
9,2035,500,Maximum-based,0.4101529844128594,0.9891776638249872,0.078125,0.4146403617999878,8x8,0.99,0.5,5,exact,fixed,perturbation_seed,support_restricted_tv_l1,exact_support_restricted_l1,,,,,,
9,2035,0,Similarity-aware,0.0,0.0,0.65625,0.4146403617999878,8x8,0.99,0.5,5,exact,fixed,perturbation_seed,support_restricted_tv_l1,exact_support_restricted_l1,,,,,,
9,2035,5,Similarity-aware,0.0,0.0,0.578125,0.4146403617999878,8x8,0.99,0.5,5,exact,fixed,perturbation_seed,support_restricted_tv_l1,exact_support_restricted_l1,,,,,,
9,2035,10,Similarity-aware,-6.790209990035338e-19,-1.6376143317448595e-18,0.546875,0.4146403617999878,8x8,0.99,0.5,5,exact,fixed,perturbation_seed,support_restricted_tv_l1,exact_support_restricted_l1,,,,,,
9,2035,15,Similarity-aware,0.0393800272530471,0.0949739361650544,0.515625,0.4146403617999878,8x8,0.99,0.5,5,exact,fixed,perturbation_seed,support_restricted_tv_l1,exact_support_restricted_l1,,,,,,
9,2035,20,Similarity-aware,0.07096564010155756,0.1711498605526242,0.4375,0.4146403617999878,8x8,0.99,0.5,5,exact,fixed,perturbation_seed,support_restricted_tv_l1,exact_support_restricted_l1,,,,,,
9,2035,25,Similarity-aware,0.1878621734288668,0.45307256778703764,0.359375,0.4146403617999878,8x8,0.99,0.5,5,exact,fixed,perturbation_seed,support_restricted_tv_l1,exact_support_restricted_l1,,,,,,
9,2035,30,Similarity-aware,0.2381756877177678,0.5744151068261363,0.3125,0.4146403617999878,8x8,0.99,0.5,5,exact,fixed,perturbation_seed,support_restricted_tv_l1,exact_support_restricted_l1,,,,,,
9,2035,35,Similarity-aware,0.3247886207282918,0.7833019904727986,0.265625,0.4146403617999878,8x8,0.99,0.5,5,exact,fixed,perturbation_seed,support_restricted_tv_l1,exact_support_restricted_l1,,,,,,
9,2035,40,Similarity-aware,0.3250366177993406,0.7839000920902394,0.25,0.4146403617999878,8x8,0.99,0.5,5,exact,fixed,perturbation_seed,support_restricted_tv_l1,exact_support_restricted_l1,,,,,,
9,2035,45,Similarity-aware,0.3250366177993406,0.7839000920902394,0.25,0.4146403617999878,8x8,0.99,0.5,5,exact,fixed,perturbation_seed,support_restricted_tv_l1,exact_support_restricted_l1,,,,,,
9,2035,50,Similarity-aware,0.3341348991440808,0.8058426769974196,0.234375,0.4146403617999878,8x8,0.99,0.5,5,exact,fixed,perturbation_seed,support_restricted_tv_l1,exact_support_restricted_l1,,,,,,
9,2035,55,Similarity-aware,0.3544771748478662,0.8549027241560656,0.21875,0.4146403617999878,8x8,0.99,0.5,5,exact,fixed,perturbation_seed,support_restricted_tv_l1,exact_support_restricted_l1,,,,,,
9,2035,60,Similarity-aware,0.3544771748478662,0.8549027241560656,0.21875,0.4146403617999878,8x8,0.99,0.5,5,exact,fixed,perturbation_seed,support_restricted_tv_l1,exact_support_restricted_l1,,,,,,
9,2035,65,Similarity-aware,0.3544771748478663,0.8549027241560657,0.203125,0.4146403617999878,8x8,0.99,0.5,5,exact,fixed,perturbation_seed,support_restricted_tv_l1,exact_support_restricted_l1,,,,,,
9,2035,70,Similarity-aware,0.38049090120093654,0.9176407707855413,0.1875,0.4146403617999878,8x8,0.99,0.5,5,exact,fixed,perturbation_seed,support_restricted_tv_l1,exact_support_restricted_l1,,,,,,
9,2035,75,Similarity-aware,0.38049090120093654,0.9176407707855413,0.171875,0.4146403617999878,8x8,0.99,0.5,5,exact,fixed,perturbation_seed,support_restricted_tv_l1,exact_support_restricted_l1,,,,,,
9,2035,80,Similarity-aware,0.3983767125295802,0.9607764926699229,0.140625,0.4146403617999878,8x8,0.99,0.5,5,exact,fixed,perturbation_seed,support_restricted_tv_l1,exact_support_restricted_l1,,,,,,
9,2035,85,Similarity-aware,0.40970139175659565,0.9880885449213104,0.125,0.4146403617999878,8x8,0.99,0.5,5,exact,fixed,perturbation_seed,support_restricted_tv_l1,exact_support_restricted_l1,,,,,,
9,2035,90,Similarity-aware,0.40970139175659565,0.9880885449213104,0.125,0.4146403617999878,8x8,0.99,0.5,5,exact,fixed,perturbation_seed,support_restricted_tv_l1,exact_support_restricted_l1,,,,,,
9,2035,95,Similarity-aware,0.40970139175659565,0.9880885449213104,0.125,0.4146403617999878,8x8,0.99,0.5,5,exact,fixed,perturbation_seed,support_restricted_tv_l1,exact_support_restricted_l1,,,,,,
9,2035,100,Similarity-aware,0.40970139175659565,0.9880885449213104,0.125,0.4146403617999878,8x8,0.99,0.5,5,exact,fixed,perturbation_seed,support_restricted_tv_l1,exact_support_restricted_l1,,,,,,
9,2035,105,Similarity-aware,0.40970139175659565,0.9880885449213104,0.125,0.4146403617999878,8x8,0.99,0.5,5,exact,fixed,perturbation_seed,support_restricted_tv_l1,exact_support_restricted_l1,,,,,,
9,2035,110,Similarity-aware,0.40970139175659565,0.9880885449213104,0.125,0.4146403617999878,8x8,0.99,0.5,5,exact,fixed,perturbation_seed,support_restricted_tv_l1,exact_support_restricted_l1,,,,,,
9,2035,115,Similarity-aware,0.40970139175659565,0.9880885449213104,0.125,0.4146403617999878,8x8,0.99,0.5,5,exact,fixed,perturbation_seed,support_restricted_tv_l1,exact_support_restricted_l1,,,,,,
9,2035,120,Similarity-aware,0.40970139175659565,0.9880885449213104,0.125,0.4146403617999878,8x8,0.99,0.5,5,exact,fixed,perturbation_seed,support_restricted_tv_l1,exact_support_restricted_l1,,,,,,
9,2035,125,Similarity-aware,0.40967809995826016,0.9880323714262016,0.140625,0.4146403617999878,8x8,0.99,0.5,5,exact,fixed,perturbation_seed,support_restricted_tv_l1,exact_support_restricted_l1,,,,,,
9,2035,130,Similarity-aware,0.40967809995826016,0.9880323714262016,0.140625,0.4146403617999878,8x8,0.99,0.5,5,exact,fixed,perturbation_seed,support_restricted_tv_l1,exact_support_restricted_l1,,,,,,
9,2035,135,Similarity-aware,0.40967809995826016,0.9880323714262016,0.140625,0.4146403617999878,8x8,0.99,0.5,5,exact,fixed,perturbation_seed,support_restricted_tv_l1,exact_support_restricted_l1,,,,,,
9,2035,140,Similarity-aware,0.40967809995826016,0.9880323714262016,0.140625,0.4146403617999878,8x8,0.99,0.5,5,exact,fixed,perturbation_seed,support_restricted_tv_l1,exact_support_restricted_l1,,,,,,
9,2035,145,Similarity-aware,0.40967809995826016,0.9880323714262016,0.140625,0.4146403617999878,8x8,0.99,0.5,5,exact,fixed,perturbation_seed,support_restricted_tv_l1,exact_support_restricted_l1,,,,,,
9,2035,150,Similarity-aware,0.40967809995826016,0.9880323714262016,0.140625,0.4146403617999878,8x8,0.99,0.5,5,exact,fixed,perturbation_seed,support_restricted_tv_l1,exact_support_restricted_l1,,,,,,
9,2035,155,Similarity-aware,0.40967809995826016,0.9880323714262016,0.125,0.4146403617999878,8x8,0.99,0.5,5,exact,fixed,perturbation_seed,support_restricted_tv_l1,exact_support_restricted_l1,,,,,,
9,2035,160,Similarity-aware,0.40967809995826016,0.9880323714262016,0.125,0.4146403617999878,8x8,0.99,0.5,5,exact,fixed,perturbation_seed,support_restricted_tv_l1,exact_support_restricted_l1,,,,,,
9,2035,165,Similarity-aware,0.40967809995826016,0.9880323714262016,0.125,0.4146403617999878,8x8,0.99,0.5,5,exact,fixed,perturbation_seed,support_restricted_tv_l1,exact_support_restricted_l1,,,,,,
9,2035,170,Similarity-aware,0.40967809995826016,0.9880323714262016,0.125,0.4146403617999878,8x8,0.99,0.5,5,exact,fixed,perturbation_seed,support_restricted_tv_l1,exact_support_restricted_l1,,,,,,
9,2035,175,Similarity-aware,0.40967809995826016,0.9880323714262016,0.125,0.4146403617999878,8x8,0.99,0.5,5,exact,fixed,perturbation_seed,support_restricted_tv_l1,exact_support_restricted_l1,,,,,,
9,2035,180,Similarity-aware,0.40967809995826016,0.9880323714262016,0.125,0.4146403617999878,8x8,0.99,0.5,5,exact,fixed,perturbation_seed,support_restricted_tv_l1,exact_support_restricted_l1,,,,,,
9,2035,185,Similarity-aware,0.40967809995826016,0.9880323714262016,0.125,0.4146403617999878,8x8,0.99,0.5,5,exact,fixed,perturbation_seed,support_restricted_tv_l1,exact_support_restricted_l1,,,,,,
9,2035,190,Similarity-aware,0.40967809995826016,0.9880323714262016,0.125,0.4146403617999878,8x8,0.99,0.5,5,exact,fixed,perturbation_seed,support_restricted_tv_l1,exact_support_restricted_l1,,,,,,
9,2035,195,Similarity-aware,0.40967809995826016,0.9880323714262016,0.125,0.4146403617999878,8x8,0.99,0.5,5,exact,fixed,perturbation_seed,support_restricted_tv_l1,exact_support_restricted_l1,,,,,,
9,2035,200,Similarity-aware,0.40967809995826016,0.9880323714262016,0.125,0.4146403617999878,8x8,0.99,0.5,5,exact,fixed,perturbation_seed,support_restricted_tv_l1,exact_support_restricted_l1,,,,,,
9,2035,205,Similarity-aware,0.40967809995826016,0.9880323714262016,0.125,0.4146403617999878,8x8,0.99,0.5,5,exact,fixed,perturbation_seed,support_restricted_tv_l1,exact_support_restricted_l1,,,,,,
9,2035,210,Similarity-aware,0.40967809995826016,0.9880323714262016,0.125,0.4146403617999878,8x8,0.99,0.5,5,exact,fixed,perturbation_seed,support_restricted_tv_l1,exact_support_restricted_l1,,,,,,
9,2035,215,Similarity-aware,0.40967809995826016,0.9880323714262016,0.125,0.4146403617999878,8x8,0.99,0.5,5,exact,fixed,perturbation_seed,support_restricted_tv_l1,exact_support_restricted_l1,,,,,,
9,2035,220,Similarity-aware,0.40967809995826016,0.9880323714262016,0.125,0.4146403617999878,8x8,0.99,0.5,5,exact,fixed,perturbation_seed,support_restricted_tv_l1,exact_support_restricted_l1,,,,,,
9,2035,225,Similarity-aware,0.40967809995826016,0.9880323714262016,0.125,0.4146403617999878,8x8,0.99,0.5,5,exact,fixed,perturbation_seed,support_restricted_tv_l1,exact_support_restricted_l1,,,,,,
9,2035,230,Similarity-aware,0.40967809995826016,0.9880323714262016,0.125,0.4146403617999878,8x8,0.99,0.5,5,exact,fixed,perturbation_seed,support_restricted_tv_l1,exact_support_restricted_l1,,,,,,
9,2035,235,Similarity-aware,0.40967809995826016,0.9880323714262016,0.125,0.4146403617999878,8x8,0.99,0.5,5,exact,fixed,perturbation_seed,support_restricted_tv_l1,exact_support_restricted_l1,,,,,,
9,2035,240,Similarity-aware,0.40967809995826016,0.9880323714262016,0.125,0.4146403617999878,8x8,0.99,0.5,5,exact,fixed,perturbation_seed,support_restricted_tv_l1,exact_support_restricted_l1,,,,,,
9,2035,245,Similarity-aware,0.40967809995826016,0.9880323714262016,0.125,0.4146403617999878,8x8,0.99,0.5,5,exact,fixed,perturbation_seed,support_restricted_tv_l1,exact_support_restricted_l1,,,,,,
9,2035,250,Similarity-aware,0.40967809995826016,0.9880323714262016,0.125,0.4146403617999878,8x8,0.99,0.5,5,exact,fixed,perturbation_seed,support_restricted_tv_l1,exact_support_restricted_l1,,,,,,
9,2035,255,Similarity-aware,0.40967809995826016,0.9880323714262016,0.125,0.4146403617999878,8x8,0.99,0.5,5,exact,fixed,perturbation_seed,support_restricted_tv_l1,exact_support_restricted_l1,,,,,,
9,2035,260,Similarity-aware,0.40967809995826016,0.9880323714262016,0.125,0.4146403617999878,8x8,0.99,0.5,5,exact,fixed,perturbation_seed,support_restricted_tv_l1,exact_support_restricted_l1,,,,,,
9,2035,265,Similarity-aware,0.40967809995826016,0.9880323714262016,0.109375,0.4146403617999878,8x8,0.99,0.5,5,exact,fixed,perturbation_seed,support_restricted_tv_l1,exact_support_restricted_l1,,,,,,
9,2035,270,Similarity-aware,0.40967809995826016,0.9880323714262016,0.109375,0.4146403617999878,8x8,0.99,0.5,5,exact,fixed,perturbation_seed,support_restricted_tv_l1,exact_support_restricted_l1,,,,,,
9,2035,275,Similarity-aware,0.40967809995826016,0.9880323714262016,0.109375,0.4146403617999878,8x8,0.99,0.5,5,exact,fixed,perturbation_seed,support_restricted_tv_l1,exact_support_restricted_l1,,,,,,
9,2035,280,Similarity-aware,0.40967809995826016,0.9880323714262016,0.109375,0.4146403617999878,8x8,0.99,0.5,5,exact,fixed,perturbation_seed,support_restricted_tv_l1,exact_support_restricted_l1,,,,,,
9,2035,285,Similarity-aware,0.40967809995826016,0.9880323714262016,0.109375,0.4146403617999878,8x8,0.99,0.5,5,exact,fixed,perturbation_seed,support_restricted_tv_l1,exact_support_restricted_l1,,,,,,
9,2035,290,Similarity-aware,0.40967809995826016,0.9880323714262016,0.109375,0.4146403617999878,8x8,0.99,0.5,5,exact,fixed,perturbation_seed,support_restricted_tv_l1,exact_support_restricted_l1,,,,,,
9,2035,295,Similarity-aware,0.40967809995826016,0.9880323714262016,0.109375,0.4146403617999878,8x8,0.99,0.5,5,exact,fixed,perturbation_seed,support_restricted_tv_l1,exact_support_restricted_l1,,,,,,
9,2035,300,Similarity-aware,0.40967809995826016,0.9880323714262016,0.109375,0.4146403617999878,8x8,0.99,0.5,5,exact,fixed,perturbation_seed,support_restricted_tv_l1,exact_support_restricted_l1,,,,,,
9,2035,305,Similarity-aware,0.40967809995826016,0.9880323714262016,0.109375,0.4146403617999878,8x8,0.99,0.5,5,exact,fixed,perturbation_seed,support_restricted_tv_l1,exact_support_restricted_l1,,,,,,
9,2035,310,Similarity-aware,0.4096780999582598,0.9880323714262007,0.125,0.4146403617999878,8x8,0.99,0.5,5,exact,fixed,perturbation_seed,support_restricted_tv_l1,exact_support_restricted_l1,,,,,,
9,2035,315,Similarity-aware,0.4096780999582598,0.9880323714262007,0.125,0.4146403617999878,8x8,0.99,0.5,5,exact,fixed,perturbation_seed,support_restricted_tv_l1,exact_support_restricted_l1,,,,,,
9,2035,320,Similarity-aware,0.4096780999582598,0.9880323714262007,0.125,0.4146403617999878,8x8,0.99,0.5,5,exact,fixed,perturbation_seed,support_restricted_tv_l1,exact_support_restricted_l1,,,,,,
9,2035,325,Similarity-aware,0.4096780999582598,0.9880323714262007,0.125,0.4146403617999878,8x8,0.99,0.5,5,exact,fixed,perturbation_seed,support_restricted_tv_l1,exact_support_restricted_l1,,,,,,
9,2035,330,Similarity-aware,0.4096780999582598,0.9880323714262007,0.125,0.4146403617999878,8x8,0.99,0.5,5,exact,fixed,perturbation_seed,support_restricted_tv_l1,exact_support_restricted_l1,,,,,,
9,2035,335,Similarity-aware,0.4096780999582598,0.9880323714262007,0.125,0.4146403617999878,8x8,0.99,0.5,5,exact,fixed,perturbation_seed,support_restricted_tv_l1,exact_support_restricted_l1,,,,,,
9,2035,340,Similarity-aware,0.40968519879324633,0.9880494918892345,0.109375,0.4146403617999878,8x8,0.99,0.5,5,exact,fixed,perturbation_seed,support_restricted_tv_l1,exact_support_restricted_l1,,,,,,
9,2035,345,Similarity-aware,0.40968519879324633,0.9880494918892345,0.109375,0.4146403617999878,8x8,0.99,0.5,5,exact,fixed,perturbation_seed,support_restricted_tv_l1,exact_support_restricted_l1,,,,,,
9,2035,350,Similarity-aware,0.40968519879324633,0.9880494918892345,0.109375,0.4146403617999878,8x8,0.99,0.5,5,exact,fixed,perturbation_seed,support_restricted_tv_l1,exact_support_restricted_l1,,,,,,
9,2035,355,Similarity-aware,0.40968519879324633,0.9880494918892345,0.109375,0.4146403617999878,8x8,0.99,0.5,5,exact,fixed,perturbation_seed,support_restricted_tv_l1,exact_support_restricted_l1,,,,,,
9,2035,360,Similarity-aware,0.40968519879324633,0.9880494918892345,0.109375,0.4146403617999878,8x8,0.99,0.5,5,exact,fixed,perturbation_seed,support_restricted_tv_l1,exact_support_restricted_l1,,,,,,
9,2035,365,Similarity-aware,0.40968519879324633,0.9880494918892345,0.109375,0.4146403617999878,8x8,0.99,0.5,5,exact,fixed,perturbation_seed,support_restricted_tv_l1,exact_support_restricted_l1,,,,,,
9,2035,370,Similarity-aware,0.40968519879324633,0.9880494918892345,0.109375,0.4146403617999878,8x8,0.99,0.5,5,exact,fixed,perturbation_seed,support_restricted_tv_l1,exact_support_restricted_l1,,,,,,
9,2035,375,Similarity-aware,0.40968519879324633,0.9880494918892345,0.109375,0.4146403617999878,8x8,0.99,0.5,5,exact,fixed,perturbation_seed,support_restricted_tv_l1,exact_support_restricted_l1,,,,,,
9,2035,380,Similarity-aware,0.40968519879324633,0.9880494918892345,0.109375,0.4146403617999878,8x8,0.99,0.5,5,exact,fixed,perturbation_seed,support_restricted_tv_l1,exact_support_restricted_l1,,,,,,
9,2035,385,Similarity-aware,0.40968519879324633,0.9880494918892345,0.109375,0.4146403617999878,8x8,0.99,0.5,5,exact,fixed,perturbation_seed,support_restricted_tv_l1,exact_support_restricted_l1,,,,,,
9,2035,390,Similarity-aware,0.40968519879324633,0.9880494918892345,0.109375,0.4146403617999878,8x8,0.99,0.5,5,exact,fixed,perturbation_seed,support_restricted_tv_l1,exact_support_restricted_l1,,,,,,
9,2035,395,Similarity-aware,0.40968519879324633,0.9880494918892345,0.109375,0.4146403617999878,8x8,0.99,0.5,5,exact,fixed,perturbation_seed,support_restricted_tv_l1,exact_support_restricted_l1,,,,,,
9,2035,400,Similarity-aware,0.40968519879324633,0.9880494918892345,0.109375,0.4146403617999878,8x8,0.99,0.5,5,exact,fixed,perturbation_seed,support_restricted_tv_l1,exact_support_restricted_l1,,,,,,
9,2035,405,Similarity-aware,0.40968519879324633,0.9880494918892345,0.109375,0.4146403617999878,8x8,0.99,0.5,5,exact,fixed,perturbation_seed,support_restricted_tv_l1,exact_support_restricted_l1,,,,,,
9,2035,410,Similarity-aware,0.40968519879324633,0.9880494918892345,0.109375,0.4146403617999878,8x8,0.99,0.5,5,exact,fixed,perturbation_seed,support_restricted_tv_l1,exact_support_restricted_l1,,,,,,
9,2035,415,Similarity-aware,0.40968519879324633,0.9880494918892345,0.109375,0.4146403617999878,8x8,0.99,0.5,5,exact,fixed,perturbation_seed,support_restricted_tv_l1,exact_support_restricted_l1,,,,,,
9,2035,420,Similarity-aware,0.40968519879324633,0.9880494918892345,0.109375,0.4146403617999878,8x8,0.99,0.5,5,exact,fixed,perturbation_seed,support_restricted_tv_l1,exact_support_restricted_l1,,,,,,
9,2035,425,Similarity-aware,0.40968519879324633,0.9880494918892345,0.109375,0.4146403617999878,8x8,0.99,0.5,5,exact,fixed,perturbation_seed,support_restricted_tv_l1,exact_support_restricted_l1,,,,,,
9,2035,430,Similarity-aware,0.40968519879324633,0.9880494918892345,0.109375,0.4146403617999878,8x8,0.99,0.5,5,exact,fixed,perturbation_seed,support_restricted_tv_l1,exact_support_restricted_l1,,,,,,
9,2035,435,Similarity-aware,0.40968519879324633,0.9880494918892345,0.109375,0.4146403617999878,8x8,0.99,0.5,5,exact,fixed,perturbation_seed,support_restricted_tv_l1,exact_support_restricted_l1,,,,,,
9,2035,440,Similarity-aware,0.40968519879324633,0.9880494918892345,0.109375,0.4146403617999878,8x8,0.99,0.5,5,exact,fixed,perturbation_seed,support_restricted_tv_l1,exact_support_restricted_l1,,,,,,
9,2035,445,Similarity-aware,0.40968519879324633,0.9880494918892345,0.109375,0.4146403617999878,8x8,0.99,0.5,5,exact,fixed,perturbation_seed,support_restricted_tv_l1,exact_support_restricted_l1,,,,,,
9,2035,450,Similarity-aware,0.40968519879324633,0.9880494918892345,0.109375,0.4146403617999878,8x8,0.99,0.5,5,exact,fixed,perturbation_seed,support_restricted_tv_l1,exact_support_restricted_l1,,,,,,
9,2035,455,Similarity-aware,0.40968519879324633,0.9880494918892345,0.109375,0.4146403617999878,8x8,0.99,0.5,5,exact,fixed,perturbation_seed,support_restricted_tv_l1,exact_support_restricted_l1,,,,,,
9,2035,460,Similarity-aware,0.40968519879324633,0.9880494918892345,0.109375,0.4146403617999878,8x8,0.99,0.5,5,exact,fixed,perturbation_seed,support_restricted_tv_l1,exact_support_restricted_l1,,,,,,
9,2035,465,Similarity-aware,0.40968519879324633,0.9880494918892345,0.109375,0.4146403617999878,8x8,0.99,0.5,5,exact,fixed,perturbation_seed,support_restricted_tv_l1,exact_support_restricted_l1,,,,,,
9,2035,470,Similarity-aware,0.40968519879324633,0.9880494918892345,0.109375,0.4146403617999878,8x8,0.99,0.5,5,exact,fixed,perturbation_seed,support_restricted_tv_l1,exact_support_restricted_l1,,,,,,
9,2035,475,Similarity-aware,0.40968519879324633,0.9880494918892345,0.109375,0.4146403617999878,8x8,0.99,0.5,5,exact,fixed,perturbation_seed,support_restricted_tv_l1,exact_support_restricted_l1,,,,,,
9,2035,480,Similarity-aware,0.40968519879324633,0.9880494918892345,0.109375,0.4146403617999878,8x8,0.99,0.5,5,exact,fixed,perturbation_seed,support_restricted_tv_l1,exact_support_restricted_l1,,,,,,
9,2035,485,Similarity-aware,0.40968519879324633,0.9880494918892345,0.109375,0.4146403617999878,8x8,0.99,0.5,5,exact,fixed,perturbation_seed,support_restricted_tv_l1,exact_support_restricted_l1,,,,,,
9,2035,490,Similarity-aware,0.40968519879324633,0.9880494918892345,0.109375,0.4146403617999878,8x8,0.99,0.5,5,exact,fixed,perturbation_seed,support_restricted_tv_l1,exact_support_restricted_l1,,,,,,
9,2035,495,Similarity-aware,0.40968519879324633,0.9880494918892345,0.109375,0.4146403617999878,8x8,0.99,0.5,5,exact,fixed,perturbation_seed,support_restricted_tv_l1,exact_support_restricted_l1,,,,,,
9,2035,500,Similarity-aware,0.40968519879324633,0.9880494918892345,0.109375,0.4146403617999878,8x8,0.99,0.5,5,exact,fixed,perturbation_seed,support_restricted_tv_l1,exact_support_restricted_l1,,,,,,
9,2035,0,Uniform,0.0,0.0,0.65625,0.4146403617999878,8x8,0.99,0.5,5,exact,fixed,perturbation_seed,support_restricted_tv_l1,exact_support_restricted_l1,,,,,,
9,2035,5,Uniform,0.0,0.0,0.5625,0.4146403617999878,8x8,0.99,0.5,5,exact,fixed,perturbation_seed,support_restricted_tv_l1,exact_support_restricted_l1,,,,,,
9,2035,10,Uniform,-1.5260526413126982e-18,-3.680424729247241e-18,0.515625,0.4146403617999878,8x8,0.99,0.5,5,exact,fixed,perturbation_seed,support_restricted_tv_l1,exact_support_restricted_l1,,,,,,
9,2035,15,Uniform,0.028603536136223188,0.06898396483172282,0.53125,0.4146403617999878,8x8,0.99,0.5,5,exact,fixed,perturbation_seed,support_restricted_tv_l1,exact_support_restricted_l1,,,,,,
9,2035,20,Uniform,0.07926988210978318,0.19117743811930446,0.453125,0.4146403617999878,8x8,0.99,0.5,5,exact,fixed,perturbation_seed,support_restricted_tv_l1,exact_support_restricted_l1,,,,,,
9,2035,25,Uniform,0.1865154083084408,0.44982453589120486,0.328125,0.4146403617999878,8x8,0.99,0.5,5,exact,fixed,perturbation_seed,support_restricted_tv_l1,exact_support_restricted_l1,,,,,,
9,2035,30,Uniform,0.1865154083084408,0.44982453589120486,0.3125,0.4146403617999878,8x8,0.99,0.5,5,exact,fixed,perturbation_seed,support_restricted_tv_l1,exact_support_restricted_l1,,,,,,
9,2035,35,Uniform,0.20022255220759486,0.482882446220171,0.265625,0.4146403617999878,8x8,0.99,0.5,5,exact,fixed,perturbation_seed,support_restricted_tv_l1,exact_support_restricted_l1,,,,,,
9,2035,40,Uniform,0.2003744609312685,0.4832488088265854,0.234375,0.4146403617999878,8x8,0.99,0.5,5,exact,fixed,perturbation_seed,support_restricted_tv_l1,exact_support_restricted_l1,,,,,,
9,2035,45,Uniform,0.2003744609312685,0.4832488088265854,0.25,0.4146403617999878,8x8,0.99,0.5,5,exact,fixed,perturbation_seed,support_restricted_tv_l1,exact_support_restricted_l1,,,,,,
9,2035,50,Uniform,0.21837486858880997,0.5266609059494999,0.21875,0.4146403617999878,8x8,0.99,0.5,5,exact,fixed,perturbation_seed,support_restricted_tv_l1,exact_support_restricted_l1,,,,,,
9,2035,55,Uniform,0.21837486858880997,0.5266609059494999,0.21875,0.4146403617999878,8x8,0.99,0.5,5,exact,fixed,perturbation_seed,support_restricted_tv_l1,exact_support_restricted_l1,,,,,,
9,2035,60,Uniform,0.21837486858880997,0.5266609059494999,0.21875,0.4146403617999878,8x8,0.99,0.5,5,exact,fixed,perturbation_seed,support_restricted_tv_l1,exact_support_restricted_l1,,,,,,
9,2035,65,Uniform,0.21837486858880997,0.5266609059494999,0.21875,0.4146403617999878,8x8,0.99,0.5,5,exact,fixed,perturbation_seed,support_restricted_tv_l1,exact_support_restricted_l1,,,,,,
9,2035,70,Uniform,0.21837486858880997,0.5266609059494999,0.21875,0.4146403617999878,8x8,0.99,0.5,5,exact,fixed,perturbation_seed,support_restricted_tv_l1,exact_support_restricted_l1,,,,,,
9,2035,75,Uniform,0.2183748685888102,0.5266609059495004,0.203125,0.4146403617999878,8x8,0.99,0.5,5,exact,fixed,perturbation_seed,support_restricted_tv_l1,exact_support_restricted_l1,,,,,,
9,2035,80,Uniform,0.22996219451920458,0.5546063907549179,0.171875,0.4146403617999878,8x8,0.99,0.5,5,exact,fixed,perturbation_seed,support_restricted_tv_l1,exact_support_restricted_l1,,,,,,
9,2035,85,Uniform,0.22996219451920458,0.5546063907549179,0.171875,0.4146403617999878,8x8,0.99,0.5,5,exact,fixed,perturbation_seed,support_restricted_tv_l1,exact_support_restricted_l1,,,,,,
9,2035,90,Uniform,0.22996219451920458,0.5546063907549179,0.171875,0.4146403617999878,8x8,0.99,0.5,5,exact,fixed,perturbation_seed,support_restricted_tv_l1,exact_support_restricted_l1,,,,,,
9,2035,95,Uniform,0.22996219451920458,0.5546063907549179,0.171875,0.4146403617999878,8x8,0.99,0.5,5,exact,fixed,perturbation_seed,support_restricted_tv_l1,exact_support_restricted_l1,,,,,,
9,2035,100,Uniform,0.22996219451920458,0.5546063907549179,0.171875,0.4146403617999878,8x8,0.99,0.5,5,exact,fixed,perturbation_seed,support_restricted_tv_l1,exact_support_restricted_l1,,,,,,
9,2035,105,Uniform,0.22996219451920458,0.5546063907549179,0.171875,0.4146403617999878,8x8,0.99,0.5,5,exact,fixed,perturbation_seed,support_restricted_tv_l1,exact_support_restricted_l1,,,,,,
9,2035,110,Uniform,0.22996219451920458,0.5546063907549179,0.171875,0.4146403617999878,8x8,0.99,0.5,5,exact,fixed,perturbation_seed,support_restricted_tv_l1,exact_support_restricted_l1,,,,,,
9,2035,115,Uniform,0.22996219451920458,0.5546063907549179,0.171875,0.4146403617999878,8x8,0.99,0.5,5,exact,fixed,perturbation_seed,support_restricted_tv_l1,exact_support_restricted_l1,,,,,,
9,2035,120,Uniform,0.22996219451920458,0.5546063907549179,0.171875,0.4146403617999878,8x8,0.99,0.5,5,exact,fixed,perturbation_seed,support_restricted_tv_l1,exact_support_restricted_l1,,,,,,
9,2035,125,Uniform,0.22996219451920458,0.5546063907549179,0.1875,0.4146403617999878,8x8,0.99,0.5,5,exact,fixed,perturbation_seed,support_restricted_tv_l1,exact_support_restricted_l1,,,,,,
9,2035,130,Uniform,0.22996219451920458,0.5546063907549179,0.1875,0.4146403617999878,8x8,0.99,0.5,5,exact,fixed,perturbation_seed,support_restricted_tv_l1,exact_support_restricted_l1,,,,,,
9,2035,135,Uniform,0.22996219451920458,0.5546063907549179,0.1875,0.4146403617999878,8x8,0.99,0.5,5,exact,fixed,perturbation_seed,support_restricted_tv_l1,exact_support_restricted_l1,,,,,,
9,2035,140,Uniform,0.22996219451920458,0.5546063907549179,0.1875,0.4146403617999878,8x8,0.99,0.5,5,exact,fixed,perturbation_seed,support_restricted_tv_l1,exact_support_restricted_l1,,,,,,
9,2035,145,Uniform,0.22996219451920458,0.5546063907549179,0.1875,0.4146403617999878,8x8,0.99,0.5,5,exact,fixed,perturbation_seed,support_restricted_tv_l1,exact_support_restricted_l1,,,,,,
9,2035,150,Uniform,0.22996219451920458,0.5546063907549179,0.1875,0.4146403617999878,8x8,0.99,0.5,5,exact,fixed,perturbation_seed,support_restricted_tv_l1,exact_support_restricted_l1,,,,,,
9,2035,155,Uniform,0.22996219451920458,0.5546063907549179,0.1875,0.4146403617999878,8x8,0.99,0.5,5,exact,fixed,perturbation_seed,support_restricted_tv_l1,exact_support_restricted_l1,,,,,,
9,2035,160,Uniform,0.22996219451920458,0.5546063907549179,0.1875,0.4146403617999878,8x8,0.99,0.5,5,exact,fixed,perturbation_seed,support_restricted_tv_l1,exact_support_restricted_l1,,,,,,
9,2035,165,Uniform,0.2299621945192045,0.5546063907549177,0.171875,0.4146403617999878,8x8,0.99,0.5,5,exact,fixed,perturbation_seed,support_restricted_tv_l1,exact_support_restricted_l1,,,,,,
9,2035,170,Uniform,0.2299621945192045,0.5546063907549177,0.171875,0.4146403617999878,8x8,0.99,0.5,5,exact,fixed,perturbation_seed,support_restricted_tv_l1,exact_support_restricted_l1,,,,,,
9,2035,175,Uniform,0.2299621945192045,0.5546063907549177,0.171875,0.4146403617999878,8x8,0.99,0.5,5,exact,fixed,perturbation_seed,support_restricted_tv_l1,exact_support_restricted_l1,,,,,,
9,2035,180,Uniform,0.2299621945192045,0.5546063907549177,0.171875,0.4146403617999878,8x8,0.99,0.5,5,exact,fixed,perturbation_seed,support_restricted_tv_l1,exact_support_restricted_l1,,,,,,
9,2035,185,Uniform,0.2299621945192045,0.5546063907549177,0.171875,0.4146403617999878,8x8,0.99,0.5,5,exact,fixed,perturbation_seed,support_restricted_tv_l1,exact_support_restricted_l1,,,,,,
9,2035,190,Uniform,0.2299621945192045,0.5546063907549177,0.171875,0.4146403617999878,8x8,0.99,0.5,5,exact,fixed,perturbation_seed,support_restricted_tv_l1,exact_support_restricted_l1,,,,,,
9,2035,195,Uniform,0.2299621945192045,0.5546063907549177,0.171875,0.4146403617999878,8x8,0.99,0.5,5,exact,fixed,perturbation_seed,support_restricted_tv_l1,exact_support_restricted_l1,,,,,,
9,2035,200,Uniform,0.2299621945192045,0.5546063907549177,0.171875,0.4146403617999878,8x8,0.99,0.5,5,exact,fixed,perturbation_seed,support_restricted_tv_l1,exact_support_restricted_l1,,,,,,
9,2035,205,Uniform,0.2299621945192045,0.5546063907549177,0.171875,0.4146403617999878,8x8,0.99,0.5,5,exact,fixed,perturbation_seed,support_restricted_tv_l1,exact_support_restricted_l1,,,,,,
9,2035,210,Uniform,0.2299621945192045,0.5546063907549177,0.171875,0.4146403617999878,8x8,0.99,0.5,5,exact,fixed,perturbation_seed,support_restricted_tv_l1,exact_support_restricted_l1,,,,,,
9,2035,215,Uniform,0.2299621945192045,0.5546063907549177,0.171875,0.4146403617999878,8x8,0.99,0.5,5,exact,fixed,perturbation_seed,support_restricted_tv_l1,exact_support_restricted_l1,,,,,,
9,2035,220,Uniform,0.2299621945192045,0.5546063907549177,0.171875,0.4146403617999878,8x8,0.99,0.5,5,exact,fixed,perturbation_seed,support_restricted_tv_l1,exact_support_restricted_l1,,,,,,
9,2035,225,Uniform,0.2299621945192045,0.5546063907549177,0.171875,0.4146403617999878,8x8,0.99,0.5,5,exact,fixed,perturbation_seed,support_restricted_tv_l1,exact_support_restricted_l1,,,,,,
9,2035,230,Uniform,0.2299621945192045,0.5546063907549177,0.171875,0.4146403617999878,8x8,0.99,0.5,5,exact,fixed,perturbation_seed,support_restricted_tv_l1,exact_support_restricted_l1,,,,,,
9,2035,235,Uniform,0.2299621945192045,0.5546063907549177,0.171875,0.4146403617999878,8x8,0.99,0.5,5,exact,fixed,perturbation_seed,support_restricted_tv_l1,exact_support_restricted_l1,,,,,,
9,2035,240,Uniform,0.2299621945192045,0.5546063907549177,0.171875,0.4146403617999878,8x8,0.99,0.5,5,exact,fixed,perturbation_seed,support_restricted_tv_l1,exact_support_restricted_l1,,,,,,
9,2035,245,Uniform,0.2299621945192045,0.5546063907549177,0.171875,0.4146403617999878,8x8,0.99,0.5,5,exact,fixed,perturbation_seed,support_restricted_tv_l1,exact_support_restricted_l1,,,,,,
9,2035,250,Uniform,0.23288763644480645,0.5616617625785925,0.15625,0.4146403617999878,8x8,0.99,0.5,5,exact,fixed,perturbation_seed,support_restricted_tv_l1,exact_support_restricted_l1,,,,,,
9,2035,255,Uniform,0.23288763644480645,0.5616617625785925,0.15625,0.4146403617999878,8x8,0.99,0.5,5,exact,fixed,perturbation_seed,support_restricted_tv_l1,exact_support_restricted_l1,,,,,,
9,2035,260,Uniform,0.23288763644480645,0.5616617625785925,0.15625,0.4146403617999878,8x8,0.99,0.5,5,exact,fixed,perturbation_seed,support_restricted_tv_l1,exact_support_restricted_l1,,,,,,
9,2035,265,Uniform,0.23288763644480645,0.5616617625785925,0.15625,0.4146403617999878,8x8,0.99,0.5,5,exact,fixed,perturbation_seed,support_restricted_tv_l1,exact_support_restricted_l1,,,,,,
9,2035,270,Uniform,0.23288763644480645,0.5616617625785925,0.15625,0.4146403617999878,8x8,0.99,0.5,5,exact,fixed,perturbation_seed,support_restricted_tv_l1,exact_support_restricted_l1,,,,,,
9,2035,275,Uniform,0.23288763644480645,0.5616617625785925,0.15625,0.4146403617999878,8x8,0.99,0.5,5,exact,fixed,perturbation_seed,support_restricted_tv_l1,exact_support_restricted_l1,,,,,,
9,2035,280,Uniform,0.2328913606263946,0.5616707442936671,0.140625,0.4146403617999878,8x8,0.99,0.5,5,exact,fixed,perturbation_seed,support_restricted_tv_l1,exact_support_restricted_l1,,,,,,
9,2035,285,Uniform,0.2328913606263946,0.5616707442936671,0.140625,0.4146403617999878,8x8,0.99,0.5,5,exact,fixed,perturbation_seed,support_restricted_tv_l1,exact_support_restricted_l1,,,,,,
9,2035,290,Uniform,0.2328913606263946,0.5616707442936671,0.140625,0.4146403617999878,8x8,0.99,0.5,5,exact,fixed,perturbation_seed,support_restricted_tv_l1,exact_support_restricted_l1,,,,,,
9,2035,295,Uniform,0.2328913606263946,0.5616707442936671,0.140625,0.4146403617999878,8x8,0.99,0.5,5,exact,fixed,perturbation_seed,support_restricted_tv_l1,exact_support_restricted_l1,,,,,,
9,2035,300,Uniform,0.2328913606263946,0.5616707442936671,0.140625,0.4146403617999878,8x8,0.99,0.5,5,exact,fixed,perturbation_seed,support_restricted_tv_l1,exact_support_restricted_l1,,,,,,
9,2035,305,Uniform,0.2328913606263946,0.5616707442936671,0.140625,0.4146403617999878,8x8,0.99,0.5,5,exact,fixed,perturbation_seed,support_restricted_tv_l1,exact_support_restricted_l1,,,,,,
9,2035,310,Uniform,0.2328913606263946,0.5616707442936671,0.140625,0.4146403617999878,8x8,0.99,0.5,5,exact,fixed,perturbation_seed,support_restricted_tv_l1,exact_support_restricted_l1,,,,,,
9,2035,315,Uniform,0.2328913606263946,0.5616707442936671,0.140625,0.4146403617999878,8x8,0.99,0.5,5,exact,fixed,perturbation_seed,support_restricted_tv_l1,exact_support_restricted_l1,,,,,,
9,2035,320,Uniform,0.2328913606263946,0.5616707442936671,0.140625,0.4146403617999878,8x8,0.99,0.5,5,exact,fixed,perturbation_seed,support_restricted_tv_l1,exact_support_restricted_l1,,,,,,
9,2035,325,Uniform,0.2328913606263946,0.5616707442936671,0.140625,0.4146403617999878,8x8,0.99,0.5,5,exact,fixed,perturbation_seed,support_restricted_tv_l1,exact_support_restricted_l1,,,,,,
9,2035,330,Uniform,0.2328913606263946,0.5616707442936671,0.140625,0.4146403617999878,8x8,0.99,0.5,5,exact,fixed,perturbation_seed,support_restricted_tv_l1,exact_support_restricted_l1,,,,,,
9,2035,335,Uniform,0.2328913606263946,0.5616707442936671,0.140625,0.4146403617999878,8x8,0.99,0.5,5,exact,fixed,perturbation_seed,support_restricted_tv_l1,exact_support_restricted_l1,,,,,,
9,2035,340,Uniform,0.2308263525591352,0.5566905053745831,0.15625,0.4146403617999878,8x8,0.99,0.5,5,exact,fixed,perturbation_seed,support_restricted_tv_l1,exact_support_restricted_l1,,,,,,
9,2035,345,Uniform,0.2308263525591352,0.5566905053745831,0.15625,0.4146403617999878,8x8,0.99,0.5,5,exact,fixed,perturbation_seed,support_restricted_tv_l1,exact_support_restricted_l1,,,,,,
9,2035,350,Uniform,0.2308263525591352,0.5566905053745831,0.15625,0.4146403617999878,8x8,0.99,0.5,5,exact,fixed,perturbation_seed,support_restricted_tv_l1,exact_support_restricted_l1,,,,,,
9,2035,355,Uniform,0.2308263525591352,0.5566905053745831,0.15625,0.4146403617999878,8x8,0.99,0.5,5,exact,fixed,perturbation_seed,support_restricted_tv_l1,exact_support_restricted_l1,,,,,,
9,2035,360,Uniform,0.2308263525591352,0.5566905053745831,0.15625,0.4146403617999878,8x8,0.99,0.5,5,exact,fixed,perturbation_seed,support_restricted_tv_l1,exact_support_restricted_l1,,,,,,
9,2035,365,Uniform,0.2308263525591352,0.5566905053745831,0.15625,0.4146403617999878,8x8,0.99,0.5,5,exact,fixed,perturbation_seed,support_restricted_tv_l1,exact_support_restricted_l1,,,,,,
9,2035,370,Uniform,0.2308263525591352,0.5566905053745831,0.15625,0.4146403617999878,8x8,0.99,0.5,5,exact,fixed,perturbation_seed,support_restricted_tv_l1,exact_support_restricted_l1,,,,,,
9,2035,375,Uniform,0.2308263525591352,0.5566905053745831,0.15625,0.4146403617999878,8x8,0.99,0.5,5,exact,fixed,perturbation_seed,support_restricted_tv_l1,exact_support_restricted_l1,,,,,,
9,2035,380,Uniform,0.2308263525591352,0.5566905053745831,0.15625,0.4146403617999878,8x8,0.99,0.5,5,exact,fixed,perturbation_seed,support_restricted_tv_l1,exact_support_restricted_l1,,,,,,
9,2035,385,Uniform,0.2308263525591352,0.5566905053745831,0.15625,0.4146403617999878,8x8,0.99,0.5,5,exact,fixed,perturbation_seed,support_restricted_tv_l1,exact_support_restricted_l1,,,,,,
9,2035,390,Uniform,0.2308263525591352,0.5566905053745831,0.15625,0.4146403617999878,8x8,0.99,0.5,5,exact,fixed,perturbation_seed,support_restricted_tv_l1,exact_support_restricted_l1,,,,,,
9,2035,395,Uniform,0.2308263525591352,0.5566905053745831,0.15625,0.4146403617999878,8x8,0.99,0.5,5,exact,fixed,perturbation_seed,support_restricted_tv_l1,exact_support_restricted_l1,,,,,,
9,2035,400,Uniform,0.2308263525591352,0.5566905053745831,0.15625,0.4146403617999878,8x8,0.99,0.5,5,exact,fixed,perturbation_seed,support_restricted_tv_l1,exact_support_restricted_l1,,,,,,
9,2035,405,Uniform,0.2308263525591352,0.5566905053745831,0.15625,0.4146403617999878,8x8,0.99,0.5,5,exact,fixed,perturbation_seed,support_restricted_tv_l1,exact_support_restricted_l1,,,,,,
9,2035,410,Uniform,0.2308263525591352,0.5566905053745831,0.15625,0.4146403617999878,8x8,0.99,0.5,5,exact,fixed,perturbation_seed,support_restricted_tv_l1,exact_support_restricted_l1,,,,,,
9,2035,415,Uniform,0.2308263525591352,0.5566905053745831,0.15625,0.4146403617999878,8x8,0.99,0.5,5,exact,fixed,perturbation_seed,support_restricted_tv_l1,exact_support_restricted_l1,,,,,,
9,2035,420,Uniform,0.2308263525591352,0.5566905053745831,0.15625,0.4146403617999878,8x8,0.99,0.5,5,exact,fixed,perturbation_seed,support_restricted_tv_l1,exact_support_restricted_l1,,,,,,
9,2035,425,Uniform,0.2308263525591352,0.5566905053745831,0.15625,0.4146403617999878,8x8,0.99,0.5,5,exact,fixed,perturbation_seed,support_restricted_tv_l1,exact_support_restricted_l1,,,,,,
9,2035,430,Uniform,0.2308263525591352,0.5566905053745831,0.15625,0.4146403617999878,8x8,0.99,0.5,5,exact,fixed,perturbation_seed,support_restricted_tv_l1,exact_support_restricted_l1,,,,,,
9,2035,435,Uniform,0.2308263525591352,0.5566905053745831,0.15625,0.4146403617999878,8x8,0.99,0.5,5,exact,fixed,perturbation_seed,support_restricted_tv_l1,exact_support_restricted_l1,,,,,,
9,2035,440,Uniform,0.2308263525591352,0.5566905053745831,0.15625,0.4146403617999878,8x8,0.99,0.5,5,exact,fixed,perturbation_seed,support_restricted_tv_l1,exact_support_restricted_l1,,,,,,
9,2035,445,Uniform,0.2308263525591352,0.5566905053745831,0.15625,0.4146403617999878,8x8,0.99,0.5,5,exact,fixed,perturbation_seed,support_restricted_tv_l1,exact_support_restricted_l1,,,,,,
9,2035,450,Uniform,0.2308263525591352,0.5566905053745831,0.15625,0.4146403617999878,8x8,0.99,0.5,5,exact,fixed,perturbation_seed,support_restricted_tv_l1,exact_support_restricted_l1,,,,,,
9,2035,455,Uniform,0.2308263525591352,0.5566905053745831,0.15625,0.4146403617999878,8x8,0.99,0.5,5,exact,fixed,perturbation_seed,support_restricted_tv_l1,exact_support_restricted_l1,,,,,,
9,2035,460,Uniform,0.2308263525591352,0.5566905053745831,0.15625,0.4146403617999878,8x8,0.99,0.5,5,exact,fixed,perturbation_seed,support_restricted_tv_l1,exact_support_restricted_l1,,,,,,
9,2035,465,Uniform,0.2308263525591352,0.5566905053745831,0.15625,0.4146403617999878,8x8,0.99,0.5,5,exact,fixed,perturbation_seed,support_restricted_tv_l1,exact_support_restricted_l1,,,,,,
9,2035,470,Uniform,0.2308263525591352,0.5566905053745831,0.15625,0.4146403617999878,8x8,0.99,0.5,5,exact,fixed,perturbation_seed,support_restricted_tv_l1,exact_support_restricted_l1,,,,,,
9,2035,475,Uniform,0.2308263525591352,0.5566905053745831,0.15625,0.4146403617999878,8x8,0.99,0.5,5,exact,fixed,perturbation_seed,support_restricted_tv_l1,exact_support_restricted_l1,,,,,,
9,2035,480,Uniform,0.2308263525591352,0.5566905053745831,0.15625,0.4146403617999878,8x8,0.99,0.5,5,exact,fixed,perturbation_seed,support_restricted_tv_l1,exact_support_restricted_l1,,,,,,
9,2035,485,Uniform,0.2308263525591352,0.5566905053745831,0.15625,0.4146403617999878,8x8,0.99,0.5,5,exact,fixed,perturbation_seed,support_restricted_tv_l1,exact_support_restricted_l1,,,,,,
9,2035,490,Uniform,0.2308263525591352,0.5566905053745831,0.15625,0.4146403617999878,8x8,0.99,0.5,5,exact,fixed,perturbation_seed,support_restricted_tv_l1,exact_support_restricted_l1,,,,,,
9,2035,495,Uniform,0.2308263525591352,0.5566905053745831,0.15625,0.4146403617999878,8x8,0.99,0.5,5,exact,fixed,perturbation_seed,support_restricted_tv_l1,exact_support_restricted_l1,,,,,,
9,2035,500,Uniform,0.2308263525591352,0.5566905053745831,0.15625,0.4146403617999878,8x8,0.99,0.5,5,exact,fixed,perturbation_seed,support_restricted_tv_l1,exact_support_restricted_l1,,,,,,
9,2035,-1,source_metadata,,,,0.4146403617999878,8x8,0.99,0.5,5,exact,fixed,perturbation_seed,support_restricted_tv_l1,exact_support_restricted_l1,0.0,0.1,0.25387043593958336,0.0932474806865434,0.25,0.515787968688333
9,2035,-1,source_metadata,,,,0.4146403617999878,8x8,0.99,0.5,5,exact,fixed,perturbation_seed,support_restricted_tv_l1,exact_support_restricted_l1,1.0,0.2,0.5130654789322122,0.2051905740925576,0.25,0.2552180616511659
9,2035,-1,source_metadata,,,,0.4146403617999878,8x8,0.99,0.5,5,exact,fixed,perturbation_seed,support_restricted_tv_l1,exact_support_restricted_l1,2.0,0.3,1.004442277221489,0.3207929006277348,0.25,0.13036458625467373
9,2035,-1,source_metadata,,,,0.4146403617999878,8x8,0.99,0.5,5,exact,fixed,perturbation_seed,support_restricted_tv_l1,exact_support_restricted_l1,3.0,0.35,1.3276341096354045,0.39284205635377734,0.25,0.09862938340582737
