run_id,source_domain_seed,iteration,method,target_performance,normalized_performance,policy_error_rate,oracle_performance,map_name,discount,evaluation_discount,stepsize,sync_period,aggregation,evaluation_type,target_domain,source_randomness,uncertainty_distance,robust_backup_type,source_index,perturb_epsilon,empirical_gamma_l1,mean_local_l1_radius,uniform_weight,similarity_weight
0,2026,0,Non-robust DR,0.0,0.0,0.65625,0.4146403617999878,8x8,0.98,0.99,0.4,1,uniform_model_mixture,exact,fixed,perturbation_seed,none,nominal_mixture_bellman,,,,,,
0,2026,5,Non-robust DR,0.0,0.0,0.59375,0.4146403617999878,8x8,0.98,0.99,0.4,1,uniform_model_mixture,exact,fixed,perturbation_seed,none,nominal_mixture_bellman,,,,,,
0,2026,10,Non-robust DR,-1.9754978000226425e-18,-4.7643644517548766e-18,0.5,0.4146403617999878,8x8,0.98,0.99,0.4,1,uniform_model_mixture,exact,fixed,perturbation_seed,none,nominal_mixture_bellman,,,,,,
0,2026,15,Non-robust DR,0.024061189857445278,0.058029058611162886,0.5,0.4146403617999878,8x8,0.98,0.99,0.4,1,uniform_model_mixture,exact,fixed,perturbation_seed,none,nominal_mixture_bellman,,,,,,
0,2026,20,Non-robust DR,0.05878777128945109,0.14178014661729638,0.453125,0.4146403617999878,8x8,0.98,0.99,0.4,1,uniform_model_mixture,exact,fixed,perturbation_seed,none,nominal_mixture_bellman,,,,,,
0,2026,25,Non-robust DR,0.15538202023946707,0.3747392549170587,0.390625,0.4146403617999878,8x8,0.98,0.99,0.4,1,uniform_model_mixture,exact,fixed,perturbation_seed,none,nominal_mixture_bellman,,,,,,
0,2026,30,Non-robust DR,0.1565761656733686,0.37761920955706924,0.375,0.4146403617999878,8x8,0.98,0.99,0.4,1,uniform_model_mixture,exact,fixed,perturbation_seed,none,nominal_mixture_bellman,,,,,,
0,2026,35,Non-robust DR,0.17593329875074384,0.4243033601142999,0.359375,0.4146403617999878,8x8,0.98,0.99,0.4,1,uniform_model_mixture,exact,fixed,perturbation_seed,none,nominal_mixture_bellman,,,,,,
0,2026,40,Non-robust DR,0.2458747844022741,0.5929832381365661,0.328125,0.4146403617999878,8x8,0.98,0.99,0.4,1,uniform_model_mixture,exact,fixed,perturbation_seed,none,nominal_mixture_bellman,,,,,,
0,2026,45,Non-robust DR,0.2458747844022741,0.5929832381365661,0.328125,0.4146403617999878,8x8,0.98,0.99,0.4,1,uniform_model_mixture,exact,fixed,perturbation_seed,none,nominal_mixture_bellman,,,,,,
0,2026,50,Non-robust DR,0.31387041361824486,0.7569702386321189,0.28125,0.4146403617999878,8x8,0.98,0.99,0.4,1,uniform_model_mixture,exact,fixed,perturbation_seed,none,nominal_mixture_bellman,,,,,,
0,2026,55,Non-robust DR,0.31387041361824486,0.7569702386321189,0.28125,0.4146403617999878,8x8,0.98,0.99,0.4,1,uniform_model_mixture,exact,fixed,perturbation_seed,none,nominal_mixture_bellman,,,,,,
0,2026,60,Non-robust DR,0.31387041361824486,0.7569702386321189,0.28125,0.4146403617999878,8x8,0.98,0.99,0.4,1,uniform_model_mixture,exact,fixed,perturbation_seed,none,nominal_mixture_bellman,,,,,,
0,2026,65,Non-robust DR,0.3156573154325659,0.7612797607600756,0.265625,0.4146403617999878,8x8,0.98,0.99,0.4,1,uniform_model_mixture,exact,fixed,perturbation_seed,none,nominal_mixture_bellman,,,,,,
0,2026,70,Non-robust DR,0.3156573154325655,0.7612797607600745,0.265625,0.4146403617999878,8x8,0.98,0.99,0.4,1,uniform_model_mixture,exact,fixed,perturbation_seed,none,nominal_mixture_bellman,,,,,,
0,2026,75,Non-robust DR,0.3205836081644998,0.7731606416047393,0.25,0.4146403617999878,8x8,0.98,0.99,0.4,1,uniform_model_mixture,exact,fixed,perturbation_seed,none,nominal_mixture_bellman,,,,,,
0,2026,80,Non-robust DR,0.32402272377059776,0.7814548549108643,0.234375,0.4146403617999878,8x8,0.98,0.99,0.4,1,uniform_model_mixture,exact,fixed,perturbation_seed,none,nominal_mixture_bellman,,,,,,
0,2026,85,Non-robust DR,0.32402272377059776,0.7814548549108643,0.234375,0.4146403617999878,8x8,0.98,0.99,0.4,1,uniform_model_mixture,exact,fixed,perturbation_seed,none,nominal_mixture_bellman,,,,,,
0,2026,90,Non-robust DR,0.3240227237705976,0.781454854910864,0.21875,0.4146403617999878,8x8,0.98,0.99,0.4,1,uniform_model_mixture,exact,fixed,perturbation_seed,none,nominal_mixture_bellman,,,,,,
0,2026,95,Non-robust DR,0.35529530867489256,0.8568758408673157,0.203125,0.4146403617999878,8x8,0.98,0.99,0.4,1,uniform_model_mixture,exact,fixed,perturbation_seed,none,nominal_mixture_bellman,,,,,,
0,2026,100,Non-robust DR,0.35529530867489256,0.8568758408673157,0.203125,0.4146403617999878,8x8,0.98,0.99,0.4,1,uniform_model_mixture,exact,fixed,perturbation_seed,none,nominal_mixture_bellman,,,,,,
0,2026,105,Non-robust DR,0.35529530867489256,0.8568758408673157,0.203125,0.4146403617999878,8x8,0.98,0.99,0.4,1,uniform_model_mixture,exact,fixed,perturbation_seed,none,nominal_mixture_bellman,,,,,,
0,2026,110,Non-robust DR,0.35529530867489256,0.8568758408673157,0.203125,0.4146403617999878,8x8,0.98,0.99,0.4,1,uniform_model_mixture,exact,fixed,perturbation_seed,none,nominal_mixture_bellman,,,,,,
0,2026,115,Non-robust DR,0.35529530867489256,0.8568758408673157,0.203125,0.4146403617999878,8x8,0.98,0.99,0.4,1,uniform_model_mixture,exact,fixed,perturbation_seed,none,nominal_mixture_bellman,,,,,,
0,2026,120,Non-robust DR,0.3552953086748928,0.8568758408673163,0.1875,0.4146403617999878,8x8,0.98,0.99,0.4,1,uniform_model_mixture,exact,fixed,perturbation_seed,none,nominal_mixture_bellman,,,,,,
0,2026,125,Non-robust DR,0.3552953086748928,0.8568758408673163,0.1875,0.4146403617999878,8x8,0.98,0.99,0.4,1,uniform_model_mixture,exact,fixed,perturbation_seed,none,nominal_mixture_bellman,,,,,,
0,2026,130,Non-robust DR,0.3552953086748928,0.8568758408673163,0.1875,0.4146403617999878,8x8,0.98,0.99,0.4,1,uniform_model_mixture,exact,fixed,perturbation_seed,none,nominal_mixture_bellman,,,,,,
0,2026,135,Non-robust DR,0.35529530867489256,0.8568758408673157,0.203125,0.4146403617999878,8x8,0.98,0.99,0.4,1,uniform_model_mixture,exact,fixed,perturbation_seed,none,nominal_mixture_bellman,,,,,,
0,2026,140,Non-robust DR,0.35529530867489256,0.8568758408673157,0.203125,0.4146403617999878,8x8,0.98,0.99,0.4,1,uniform_model_mixture,exact,fixed,perturbation_seed,none,nominal_mixture_bellman,,,,,,
0,2026,145,Non-robust DR,0.35529530867489245,0.8568758408673154,0.1875,0.4146403617999878,8x8,0.98,0.99,0.4,1,uniform_model_mixture,exact,fixed,perturbation_seed,none,nominal_mixture_bellman,,,,,,
0,2026,150,Non-robust DR,0.35529530867489245,0.8568758408673154,0.1875,0.4146403617999878,8x8,0.98,0.99,0.4,1,uniform_model_mixture,exact,fixed,perturbation_seed,none,nominal_mixture_bellman,,,,,,
0,2026,155,Non-robust DR,0.35529530867489245,0.8568758408673154,0.1875,0.4146403617999878,8x8,0.98,0.99,0.4,1,uniform_model_mixture,exact,fixed,perturbation_seed,none,nominal_mixture_bellman,,,,,,
0,2026,160,Non-robust DR,0.35529530867489273,0.856875840867316,0.171875,0.4146403617999878,8x8,0.98,0.99,0.4,1,uniform_model_mixture,exact,fixed,perturbation_seed,none,nominal_mixture_bellman,,,,,,
0,2026,165,Non-robust DR,0.35529530867489273,0.856875840867316,0.171875,0.4146403617999878,8x8,0.98,0.99,0.4,1,uniform_model_mixture,exact,fixed,perturbation_seed,none,nominal_mixture_bellman,,,,,,
0,2026,170,Non-robust DR,0.35529530867489273,0.856875840867316,0.171875,0.4146403617999878,8x8,0.98,0.99,0.4,1,uniform_model_mixture,exact,fixed,perturbation_seed,none,nominal_mixture_bellman,,,,,,
0,2026,175,Non-robust DR,0.35529530867489273,0.856875840867316,0.171875,0.4146403617999878,8x8,0.98,0.99,0.4,1,uniform_model_mixture,exact,fixed,perturbation_seed,none,nominal_mixture_bellman,,,,,,
0,2026,180,Non-robust DR,0.3552953086748926,0.8568758408673158,0.1875,0.4146403617999878,8x8,0.98,0.99,0.4,1,uniform_model_mixture,exact,fixed,perturbation_seed,none,nominal_mixture_bellman,,,,,,
0,2026,185,Non-robust DR,0.3552953086748926,0.8568758408673158,0.1875,0.4146403617999878,8x8,0.98,0.99,0.4,1,uniform_model_mixture,exact,fixed,perturbation_seed,none,nominal_mixture_bellman,,,,,,
0,2026,190,Non-robust DR,0.3552953086748926,0.8568758408673158,0.1875,0.4146403617999878,8x8,0.98,0.99,0.4,1,uniform_model_mixture,exact,fixed,perturbation_seed,none,nominal_mixture_bellman,,,,,,
0,2026,195,Non-robust DR,0.3552953086748926,0.8568758408673158,0.1875,0.4146403617999878,8x8,0.98,0.99,0.4,1,uniform_model_mixture,exact,fixed,perturbation_seed,none,nominal_mixture_bellman,,,,,,
0,2026,200,Non-robust DR,0.3552953086748926,0.8568758408673158,0.1875,0.4146403617999878,8x8,0.98,0.99,0.4,1,uniform_model_mixture,exact,fixed,perturbation_seed,none,nominal_mixture_bellman,,,,,,
0,2026,205,Non-robust DR,0.3552953086748926,0.8568758408673158,0.1875,0.4146403617999878,8x8,0.98,0.99,0.4,1,uniform_model_mixture,exact,fixed,perturbation_seed,none,nominal_mixture_bellman,,,,,,
0,2026,210,Non-robust DR,0.3552953086748926,0.8568758408673158,0.1875,0.4146403617999878,8x8,0.98,0.99,0.4,1,uniform_model_mixture,exact,fixed,perturbation_seed,none,nominal_mixture_bellman,,,,,,
0,2026,215,Non-robust DR,0.3552953086748926,0.8568758408673158,0.1875,0.4146403617999878,8x8,0.98,0.99,0.4,1,uniform_model_mixture,exact,fixed,perturbation_seed,none,nominal_mixture_bellman,,,,,,
0,2026,220,Non-robust DR,0.3552953086748926,0.8568758408673158,0.1875,0.4146403617999878,8x8,0.98,0.99,0.4,1,uniform_model_mixture,exact,fixed,perturbation_seed,none,nominal_mixture_bellman,,,,,,
0,2026,225,Non-robust DR,0.3552953086748926,0.8568758408673158,0.1875,0.4146403617999878,8x8,0.98,0.99,0.4,1,uniform_model_mixture,exact,fixed,perturbation_seed,none,nominal_mixture_bellman,,,,,,
0,2026,230,Non-robust DR,0.3552953086748926,0.8568758408673158,0.1875,0.4146403617999878,8x8,0.98,0.99,0.4,1,uniform_model_mixture,exact,fixed,perturbation_seed,none,nominal_mixture_bellman,,,,,,
0,2026,235,Non-robust DR,0.3552953086748926,0.8568758408673158,0.1875,0.4146403617999878,8x8,0.98,0.99,0.4,1,uniform_model_mixture,exact,fixed,perturbation_seed,none,nominal_mixture_bellman,,,,,,
0,2026,240,Non-robust DR,0.3552953086748926,0.8568758408673158,0.1875,0.4146403617999878,8x8,0.98,0.99,0.4,1,uniform_model_mixture,exact,fixed,perturbation_seed,none,nominal_mixture_bellman,,,,,,
0,2026,245,Non-robust DR,0.3552953086748926,0.8568758408673158,0.1875,0.4146403617999878,8x8,0.98,0.99,0.4,1,uniform_model_mixture,exact,fixed,perturbation_seed,none,nominal_mixture_bellman,,,,,,
0,2026,250,Non-robust DR,0.3552953086748926,0.8568758408673158,0.1875,0.4146403617999878,8x8,0.98,0.99,0.4,1,uniform_model_mixture,exact,fixed,perturbation_seed,none,nominal_mixture_bellman,,,,,,
0,2026,255,Non-robust DR,0.3552953086748926,0.8568758408673158,0.1875,0.4146403617999878,8x8,0.98,0.99,0.4,1,uniform_model_mixture,exact,fixed,perturbation_seed,none,nominal_mixture_bellman,,,,,,
0,2026,260,Non-robust DR,0.3552953086748926,0.8568758408673158,0.1875,0.4146403617999878,8x8,0.98,0.99,0.4,1,uniform_model_mixture,exact,fixed,perturbation_seed,none,nominal_mixture_bellman,,,,,,
0,2026,265,Non-robust DR,0.3552953086748926,0.8568758408673158,0.1875,0.4146403617999878,8x8,0.98,0.99,0.4,1,uniform_model_mixture,exact,fixed,perturbation_seed,none,nominal_mixture_bellman,,,,,,
0,2026,270,Non-robust DR,0.3552953086748926,0.8568758408673158,0.1875,0.4146403617999878,8x8,0.98,0.99,0.4,1,uniform_model_mixture,exact,fixed,perturbation_seed,none,nominal_mixture_bellman,,,,,,
0,2026,275,Non-robust DR,0.3552953086748926,0.8568758408673158,0.1875,0.4146403617999878,8x8,0.98,0.99,0.4,1,uniform_model_mixture,exact,fixed,perturbation_seed,none,nominal_mixture_bellman,,,,,,
0,2026,280,Non-robust DR,0.3552953086748926,0.8568758408673158,0.1875,0.4146403617999878,8x8,0.98,0.99,0.4,1,uniform_model_mixture,exact,fixed,perturbation_seed,none,nominal_mixture_bellman,,,,,,
0,2026,285,Non-robust DR,0.3552953086748926,0.8568758408673158,0.1875,0.4146403617999878,8x8,0.98,0.99,0.4,1,uniform_model_mixture,exact,fixed,perturbation_seed,none,nominal_mixture_bellman,,,,,,
0,2026,290,Non-robust DR,0.35466268130110895,0.8553501153662156,0.203125,0.4146403617999878,8x8,0.98,0.99,0.4,1,uniform_model_mixture,exact,fixed,perturbation_seed,none,nominal_mixture_bellman,,,,,,
0,2026,295,Non-robust DR,0.35466268130110895,0.8553501153662156,0.203125,0.4146403617999878,8x8,0.98,0.99,0.4,1,uniform_model_mixture,exact,fixed,perturbation_seed,none,nominal_mixture_bellman,,,,,,
0,2026,300,Non-robust DR,0.35466268130110895,0.8553501153662156,0.203125,0.4146403617999878,8x8,0.98,0.99,0.4,1,uniform_model_mixture,exact,fixed,perturbation_seed,none,nominal_mixture_bellman,,,,,,
0,2026,305,Non-robust DR,0.35466268130110895,0.8553501153662156,0.203125,0.4146403617999878,8x8,0.98,0.99,0.4,1,uniform_model_mixture,exact,fixed,perturbation_seed,none,nominal_mixture_bellman,,,,,,
0,2026,310,Non-robust DR,0.35466268130110895,0.8553501153662156,0.203125,0.4146403617999878,8x8,0.98,0.99,0.4,1,uniform_model_mixture,exact,fixed,perturbation_seed,none,nominal_mixture_bellman,,,,,,
0,2026,315,Non-robust DR,0.35466268130110895,0.8553501153662156,0.203125,0.4146403617999878,8x8,0.98,0.99,0.4,1,uniform_model_mixture,exact,fixed,perturbation_seed,none,nominal_mixture_bellman,,,,,,
0,2026,320,Non-robust DR,0.35466268130110895,0.8553501153662156,0.203125,0.4146403617999878,8x8,0.98,0.99,0.4,1,uniform_model_mixture,exact,fixed,perturbation_seed,none,nominal_mixture_bellman,,,,,,
0,2026,325,Non-robust DR,0.35466268130110895,0.8553501153662156,0.203125,0.4146403617999878,8x8,0.98,0.99,0.4,1,uniform_model_mixture,exact,fixed,perturbation_seed,none,nominal_mixture_bellman,,,,,,
0,2026,330,Non-robust DR,0.35466268130110895,0.8553501153662156,0.203125,0.4146403617999878,8x8,0.98,0.99,0.4,1,uniform_model_mixture,exact,fixed,perturbation_seed,none,nominal_mixture_bellman,,,,,,
0,2026,335,Non-robust DR,0.35466268130110895,0.8553501153662156,0.203125,0.4146403617999878,8x8,0.98,0.99,0.4,1,uniform_model_mixture,exact,fixed,perturbation_seed,none,nominal_mixture_bellman,,,,,,
0,2026,340,Non-robust DR,0.35466268130110895,0.8553501153662156,0.203125,0.4146403617999878,8x8,0.98,0.99,0.4,1,uniform_model_mixture,exact,fixed,perturbation_seed,none,nominal_mixture_bellman,,,,,,
0,2026,345,Non-robust DR,0.35466268130110895,0.8553501153662156,0.203125,0.4146403617999878,8x8,0.98,0.99,0.4,1,uniform_model_mixture,exact,fixed,perturbation_seed,none,nominal_mixture_bellman,,,,,,
0,2026,350,Non-robust DR,0.35466268130110895,0.8553501153662156,0.203125,0.4146403617999878,8x8,0.98,0.99,0.4,1,uniform_model_mixture,exact,fixed,perturbation_seed,none,nominal_mixture_bellman,,,,,,
0,2026,355,Non-robust DR,0.35466268130110895,0.8553501153662156,0.203125,0.4146403617999878,8x8,0.98,0.99,0.4,1,uniform_model_mixture,exact,fixed,perturbation_seed,none,nominal_mixture_bellman,,,,,,
0,2026,360,Non-robust DR,0.35466268130110895,0.8553501153662156,0.203125,0.4146403617999878,8x8,0.98,0.99,0.4,1,uniform_model_mixture,exact,fixed,perturbation_seed,none,nominal_mixture_bellman,,,,,,
0,2026,365,Non-robust DR,0.35466268130110895,0.8553501153662156,0.203125,0.4146403617999878,8x8,0.98,0.99,0.4,1,uniform_model_mixture,exact,fixed,perturbation_seed,none,nominal_mixture_bellman,,,,,,
0,2026,370,Non-robust DR,0.35466268130110895,0.8553501153662156,0.203125,0.4146403617999878,8x8,0.98,0.99,0.4,1,uniform_model_mixture,exact,fixed,perturbation_seed,none,nominal_mixture_bellman,,,,,,
0,2026,375,Non-robust DR,0.35466268130110895,0.8553501153662156,0.203125,0.4146403617999878,8x8,0.98,0.99,0.4,1,uniform_model_mixture,exact,fixed,perturbation_seed,none,nominal_mixture_bellman,,,,,,
0,2026,380,Non-robust DR,0.35466268130110895,0.8553501153662156,0.203125,0.4146403617999878,8x8,0.98,0.99,0.4,1,uniform_model_mixture,exact,fixed,perturbation_seed,none,nominal_mixture_bellman,,,,,,
0,2026,385,Non-robust DR,0.35466268130110895,0.8553501153662156,0.203125,0.4146403617999878,8x8,0.98,0.99,0.4,1,uniform_model_mixture,exact,fixed,perturbation_seed,none,nominal_mixture_bellman,,,,,,
0,2026,390,Non-robust DR,0.35466268130110895,0.8553501153662156,0.203125,0.4146403617999878,8x8,0.98,0.99,0.4,1,uniform_model_mixture,exact,fixed,perturbation_seed,none,nominal_mixture_bellman,,,,,,
0,2026,395,Non-robust DR,0.35466268130110895,0.8553501153662156,0.203125,0.4146403617999878,8x8,0.98,0.99,0.4,1,uniform_model_mixture,exact,fixed,perturbation_seed,none,nominal_mixture_bellman,,,,,,
0,2026,400,Non-robust DR,0.35466268130110895,0.8553501153662156,0.203125,0.4146403617999878,8x8,0.98,0.99,0.4,1,uniform_model_mixture,exact,fixed,perturbation_seed,none,nominal_mixture_bellman,,,,,,
0,2026,405,Non-robust DR,0.35466268130110895,0.8553501153662156,0.203125,0.4146403617999878,8x8,0.98,0.99,0.4,1,uniform_model_mixture,exact,fixed,perturbation_seed,none,nominal_mixture_bellman,,,,,,
0,2026,410,Non-robust DR,0.35466268130110895,0.8553501153662156,0.203125,0.4146403617999878,8x8,0.98,0.99,0.4,1,uniform_model_mixture,exact,fixed,perturbation_seed,none,nominal_mixture_bellman,,,,,,
0,2026,415,Non-robust DR,0.35466268130110895,0.8553501153662156,0.203125,0.4146403617999878,8x8,0.98,0.99,0.4,1,uniform_model_mixture,exact,fixed,perturbation_seed,none,nominal_mixture_bellman,,,,,,
0,2026,420,Non-robust DR,0.35466268130110895,0.8553501153662156,0.203125,0.4146403617999878,8x8,0.98,0.99,0.4,1,uniform_model_mixture,exact,fixed,perturbation_seed,none,nominal_mixture_bellman,,,,,,
0,2026,425,Non-robust DR,0.35466268130110895,0.8553501153662156,0.203125,0.4146403617999878,8x8,0.98,0.99,0.4,1,uniform_model_mixture,exact,fixed,perturbation_seed,none,nominal_mixture_bellman,,,,,,
0,2026,430,Non-robust DR,0.35466268130110895,0.8553501153662156,0.203125,0.4146403617999878,8x8,0.98,0.99,0.4,1,uniform_model_mixture,exact,fixed,perturbation_seed,none,nominal_mixture_bellman,,,,,,
0,2026,435,Non-robust DR,0.35466268130110895,0.8553501153662156,0.203125,0.4146403617999878,8x8,0.98,0.99,0.4,1,uniform_model_mixture,exact,fixed,perturbation_seed,none,nominal_mixture_bellman,,,,,,
0,2026,440,Non-robust DR,0.35466268130110895,0.8553501153662156,0.203125,0.4146403617999878,8x8,0.98,0.99,0.4,1,uniform_model_mixture,exact,fixed,perturbation_seed,none,nominal_mixture_bellman,,,,,,
0,2026,445,Non-robust DR,0.35466268130110895,0.8553501153662156,0.203125,0.4146403617999878,8x8,0.98,0.99,0.4,1,uniform_model_mixture,exact,fixed,perturbation_seed,none,nominal_mixture_bellman,,,,,,
0,2026,450,Non-robust DR,0.35466268130110895,0.8553501153662156,0.203125,0.4146403617999878,8x8,0.98,0.99,0.4,1,uniform_model_mixture,exact,fixed,perturbation_seed,none,nominal_mixture_bellman,,,,,,
0,2026,455,Non-robust DR,0.35466268130110895,0.8553501153662156,0.203125,0.4146403617999878,8x8,0.98,0.99,0.4,1,uniform_model_mixture,exact,fixed,perturbation_seed,none,nominal_mixture_bellman,,,,,,
0,2026,460,Non-robust DR,0.35466268130110895,0.8553501153662156,0.203125,0.4146403617999878,8x8,0.98,0.99,0.4,1,uniform_model_mixture,exact,fixed,perturbation_seed,none,nominal_mixture_bellman,,,,,,
0,2026,465,Non-robust DR,0.35466268130110895,0.8553501153662156,0.203125,0.4146403617999878,8x8,0.98,0.99,0.4,1,uniform_model_mixture,exact,fixed,perturbation_seed,none,nominal_mixture_bellman,,,,,,
0,2026,470,Non-robust DR,0.35466268130110895,0.8553501153662156,0.203125,0.4146403617999878,8x8,0.98,0.99,0.4,1,uniform_model_mixture,exact,fixed,perturbation_seed,none,nominal_mixture_bellman,,,,,,
0,2026,475,Non-robust DR,0.35466268130110895,0.8553501153662156,0.203125,0.4146403617999878,8x8,0.98,0.99,0.4,1,uniform_model_mixture,exact,fixed,perturbation_seed,none,nominal_mixture_bellman,,,,,,
0,2026,480,Non-robust DR,0.35466268130110895,0.8553501153662156,0.203125,0.4146403617999878,8x8,0.98,0.99,0.4,1,uniform_model_mixture,exact,fixed,perturbation_seed,none,nominal_mixture_bellman,,,,,,
0,2026,485,Non-robust DR,0.35466268130110895,0.8553501153662156,0.203125,0.4146403617999878,8x8,0.98,0.99,0.4,1,uniform_model_mixture,exact,fixed,perturbation_seed,none,nominal_mixture_bellman,,,,,,
0,2026,490,Non-robust DR,0.35466268130110895,0.8553501153662156,0.203125,0.4146403617999878,8x8,0.98,0.99,0.4,1,uniform_model_mixture,exact,fixed,perturbation_seed,none,nominal_mixture_bellman,,,,,,
0,2026,495,Non-robust DR,0.35466268130110895,0.8553501153662156,0.203125,0.4146403617999878,8x8,0.98,0.99,0.4,1,uniform_model_mixture,exact,fixed,perturbation_seed,none,nominal_mixture_bellman,,,,,,
0,2026,500,Non-robust DR,0.35466268130110895,0.8553501153662156,0.203125,0.4146403617999878,8x8,0.98,0.99,0.4,1,uniform_model_mixture,exact,fixed,perturbation_seed,none,nominal_mixture_bellman,,,,,,
0,2026,-1,source_metadata,,,,0.4146403617999878,8x8,0.98,0.99,0.4,1,uniform_model_mixture,exact,fixed,perturbation_seed,none,nominal_mixture_bellman,0.0,0.1,0.2727787065013047,0.09565562855317489,0.25,0.5108147119276197
0,2026,-1,source_metadata,,,,0.4146403617999878,8x8,0.98,0.99,0.4,1,uniform_model_mixture,exact,fixed,perturbation_seed,none,nominal_mixture_bellman,1.0,0.2,0.6003917601723736,0.1919418693586275,0.25,0.23208122489045324
0,2026,-1,source_metadata,,,,0.4146403617999878,8x8,0.98,0.99,0.4,1,uniform_model_mixture,exact,fixed,perturbation_seed,none,nominal_mixture_bellman,2.0,0.3,0.9678370019327427,0.3152271384763484,0.25,0.14397025836752342
0,2026,-1,source_metadata,,,,0.4146403617999878,8x8,0.98,0.99,0.4,1,uniform_model_mixture,exact,fixed,perturbation_seed,none,nominal_mixture_bellman,3.0,0.35,1.2316369478684746,0.373592535796788,0.25,0.11313380481440362
1,2027,0,Non-robust DR,0.0,0.0,0.65625,0.4146403617999878,8x8,0.98,0.99,0.4,1,uniform_model_mixture,exact,fixed,perturbation_seed,none,nominal_mixture_bellman,,,,,,
1,2027,5,Non-robust DR,0.0,0.0,0.59375,0.4146403617999878,8x8,0.98,0.99,0.4,1,uniform_model_mixture,exact,fixed,perturbation_seed,none,nominal_mixture_bellman,,,,,,
1,2027,10,Non-robust DR,-1.4424732305842103e-18,-3.478853877905942e-18,0.53125,0.4146403617999878,8x8,0.98,0.99,0.4,1,uniform_model_mixture,exact,fixed,perturbation_seed,none,nominal_mixture_bellman,,,,,,
1,2027,15,Non-robust DR,0.025752678462513987,0.06210846997798163,0.484375,0.4146403617999878,8x8,0.98,0.99,0.4,1,uniform_model_mixture,exact,fixed,perturbation_seed,none,nominal_mixture_bellman,,,,,,
1,2027,20,Non-robust DR,0.03930335139840453,0.09478901481704642,0.453125,0.4146403617999878,8x8,0.98,0.99,0.4,1,uniform_model_mixture,exact,fixed,perturbation_seed,none,nominal_mixture_bellman,,,,,,
1,2027,25,Non-robust DR,0.09366989294481148,0.22590635542131693,0.375,0.4146403617999878,8x8,0.98,0.99,0.4,1,uniform_model_mixture,exact,fixed,perturbation_seed,none,nominal_mixture_bellman,,,,,,
1,2027,30,Non-robust DR,0.12892097767757257,0.31092240301430385,0.34375,0.4146403617999878,8x8,0.98,0.99,0.4,1,uniform_model_mixture,exact,fixed,perturbation_seed,none,nominal_mixture_bellman,,,,,,
1,2027,35,Non-robust DR,0.17290801894480246,0.4170072064238864,0.296875,0.4146403617999878,8x8,0.98,0.99,0.4,1,uniform_model_mixture,exact,fixed,perturbation_seed,none,nominal_mixture_bellman,,,,,,
1,2027,40,Non-robust DR,0.19189566780021577,0.46280026133293184,0.265625,0.4146403617999878,8x8,0.98,0.99,0.4,1,uniform_model_mixture,exact,fixed,perturbation_seed,none,nominal_mixture_bellman,,,,,,
1,2027,45,Non-robust DR,0.1973593117945051,0.4759770875602948,0.234375,0.4146403617999878,8x8,0.98,0.99,0.4,1,uniform_model_mixture,exact,fixed,perturbation_seed,none,nominal_mixture_bellman,,,,,,
1,2027,50,Non-robust DR,0.19809270624657901,0.4777458359013636,0.203125,0.4146403617999878,8x8,0.98,0.99,0.4,1,uniform_model_mixture,exact,fixed,perturbation_seed,none,nominal_mixture_bellman,,,,,,
1,2027,55,Non-robust DR,0.20812646309256866,0.5019445337860372,0.1875,0.4146403617999878,8x8,0.98,0.99,0.4,1,uniform_model_mixture,exact,fixed,perturbation_seed,none,nominal_mixture_bellman,,,,,,
1,2027,60,Non-robust DR,0.20812646309256866,0.5019445337860372,0.1875,0.4146403617999878,8x8,0.98,0.99,0.4,1,uniform_model_mixture,exact,fixed,perturbation_seed,none,nominal_mixture_bellman,,,,,,
1,2027,65,Non-robust DR,0.20812646309256866,0.5019445337860372,0.1875,0.4146403617999878,8x8,0.98,0.99,0.4,1,uniform_model_mixture,exact,fixed,perturbation_seed,none,nominal_mixture_bellman,,,,,,
1,2027,70,Non-robust DR,0.317777707643577,0.7663935712000586,0.171875,0.4146403617999878,8x8,0.98,0.99,0.4,1,uniform_model_mixture,exact,fixed,perturbation_seed,none,nominal_mixture_bellman,,,,,,
1,2027,75,Non-robust DR,0.32350306846710014,0.7802015873774246,0.1875,0.4146403617999878,8x8,0.98,0.99,0.4,1,uniform_model_mixture,exact,fixed,perturbation_seed,none,nominal_mixture_bellman,,,,,,
1,2027,80,Non-robust DR,0.32350306846710014,0.7802015873774246,0.1875,0.4146403617999878,8x8,0.98,0.99,0.4,1,uniform_model_mixture,exact,fixed,perturbation_seed,none,nominal_mixture_bellman,,,,,,
1,2027,85,Non-robust DR,0.32910584688915645,0.7937139680770126,0.171875,0.4146403617999878,8x8,0.98,0.99,0.4,1,uniform_model_mixture,exact,fixed,perturbation_seed,none,nominal_mixture_bellman,,,,,,
1,2027,90,Non-robust DR,0.32960394976962487,0.794915257016435,0.15625,0.4146403617999878,8x8,0.98,0.99,0.4,1,uniform_model_mixture,exact,fixed,perturbation_seed,none,nominal_mixture_bellman,,,,,,
1,2027,95,Non-robust DR,0.32960394976962487,0.794915257016435,0.15625,0.4146403617999878,8x8,0.98,0.99,0.4,1,uniform_model_mixture,exact,fixed,perturbation_seed,none,nominal_mixture_bellman,,,,,,
1,2027,100,Non-robust DR,0.33847045882632026,0.81629887007862,0.140625,0.4146403617999878,8x8,0.98,0.99,0.4,1,uniform_model_mixture,exact,fixed,perturbation_seed,none,nominal_mixture_bellman,,,,,,
1,2027,105,Non-robust DR,0.33864280312957534,0.8167145177558189,0.125,0.4146403617999878,8x8,0.98,0.99,0.4,1,uniform_model_mixture,exact,fixed,perturbation_seed,none,nominal_mixture_bellman,,,,,,
1,2027,110,Non-robust DR,0.33864280312957534,0.8167145177558189,0.125,0.4146403617999878,8x8,0.98,0.99,0.4,1,uniform_model_mixture,exact,fixed,perturbation_seed,none,nominal_mixture_bellman,,,,,,
1,2027,115,Non-robust DR,0.33864280312957534,0.8167145177558189,0.125,0.4146403617999878,8x8,0.98,0.99,0.4,1,uniform_model_mixture,exact,fixed,perturbation_seed,none,nominal_mixture_bellman,,,,,,
1,2027,120,Non-robust DR,0.33864280312957534,0.8167145177558189,0.125,0.4146403617999878,8x8,0.98,0.99,0.4,1,uniform_model_mixture,exact,fixed,perturbation_seed,none,nominal_mixture_bellman,,,,,,
1,2027,125,Non-robust DR,0.33864280312957534,0.8167145177558189,0.125,0.4146403617999878,8x8,0.98,0.99,0.4,1,uniform_model_mixture,exact,fixed,perturbation_seed,none,nominal_mixture_bellman,,,,,,
1,2027,130,Non-robust DR,0.33864280312957534,0.8167145177558189,0.125,0.4146403617999878,8x8,0.98,0.99,0.4,1,uniform_model_mixture,exact,fixed,perturbation_seed,none,nominal_mixture_bellman,,,,,,
1,2027,135,Non-robust DR,0.33864280312957534,0.8167145177558189,0.125,0.4146403617999878,8x8,0.98,0.99,0.4,1,uniform_model_mixture,exact,fixed,perturbation_seed,none,nominal_mixture_bellman,,,,,,
1,2027,140,Non-robust DR,0.33864280312957534,0.8167145177558189,0.125,0.4146403617999878,8x8,0.98,0.99,0.4,1,uniform_model_mixture,exact,fixed,perturbation_seed,none,nominal_mixture_bellman,,,,,,
1,2027,145,Non-robust DR,0.33864280312957534,0.8167145177558189,0.125,0.4146403617999878,8x8,0.98,0.99,0.4,1,uniform_model_mixture,exact,fixed,perturbation_seed,none,nominal_mixture_bellman,,,,,,
1,2027,150,Non-robust DR,0.33864280312957534,0.8167145177558189,0.125,0.4146403617999878,8x8,0.98,0.99,0.4,1,uniform_model_mixture,exact,fixed,perturbation_seed,none,nominal_mixture_bellman,,,,,,
1,2027,155,Non-robust DR,0.33864280312957534,0.8167145177558189,0.125,0.4146403617999878,8x8,0.98,0.99,0.4,1,uniform_model_mixture,exact,fixed,perturbation_seed,none,nominal_mixture_bellman,,,,,,
1,2027,160,Non-robust DR,0.3748576839390565,0.9040549798668142,0.109375,0.4146403617999878,8x8,0.98,0.99,0.4,1,uniform_model_mixture,exact,fixed,perturbation_seed,none,nominal_mixture_bellman,,,,,,
1,2027,165,Non-robust DR,0.3748576839390565,0.9040549798668142,0.109375,0.4146403617999878,8x8,0.98,0.99,0.4,1,uniform_model_mixture,exact,fixed,perturbation_seed,none,nominal_mixture_bellman,,,,,,
1,2027,170,Non-robust DR,0.3748576839390565,0.9040549798668142,0.109375,0.4146403617999878,8x8,0.98,0.99,0.4,1,uniform_model_mixture,exact,fixed,perturbation_seed,none,nominal_mixture_bellman,,,,,,
1,2027,175,Non-robust DR,0.3748576839390565,0.9040549798668142,0.109375,0.4146403617999878,8x8,0.98,0.99,0.4,1,uniform_model_mixture,exact,fixed,perturbation_seed,none,nominal_mixture_bellman,,,,,,
1,2027,180,Non-robust DR,0.3748576839390565,0.9040549798668142,0.109375,0.4146403617999878,8x8,0.98,0.99,0.4,1,uniform_model_mixture,exact,fixed,perturbation_seed,none,nominal_mixture_bellman,,,,,,
1,2027,185,Non-robust DR,0.3748576839390565,0.9040549798668142,0.109375,0.4146403617999878,8x8,0.98,0.99,0.4,1,uniform_model_mixture,exact,fixed,perturbation_seed,none,nominal_mixture_bellman,,,,,,
1,2027,190,Non-robust DR,0.3748576839390565,0.9040549798668142,0.109375,0.4146403617999878,8x8,0.98,0.99,0.4,1,uniform_model_mixture,exact,fixed,perturbation_seed,none,nominal_mixture_bellman,,,,,,
1,2027,195,Non-robust DR,0.3748576839390565,0.9040549798668142,0.109375,0.4146403617999878,8x8,0.98,0.99,0.4,1,uniform_model_mixture,exact,fixed,perturbation_seed,none,nominal_mixture_bellman,,,,,,
1,2027,200,Non-robust DR,0.3748576839390565,0.9040549798668142,0.109375,0.4146403617999878,8x8,0.98,0.99,0.4,1,uniform_model_mixture,exact,fixed,perturbation_seed,none,nominal_mixture_bellman,,,,,,
1,2027,205,Non-robust DR,0.3748576839390565,0.9040549798668142,0.109375,0.4146403617999878,8x8,0.98,0.99,0.4,1,uniform_model_mixture,exact,fixed,perturbation_seed,none,nominal_mixture_bellman,,,,,,
1,2027,210,Non-robust DR,0.3748576839390565,0.9040549798668142,0.109375,0.4146403617999878,8x8,0.98,0.99,0.4,1,uniform_model_mixture,exact,fixed,perturbation_seed,none,nominal_mixture_bellman,,,,,,
1,2027,215,Non-robust DR,0.3748576839390565,0.9040549798668142,0.109375,0.4146403617999878,8x8,0.98,0.99,0.4,1,uniform_model_mixture,exact,fixed,perturbation_seed,none,nominal_mixture_bellman,,,,,,
1,2027,220,Non-robust DR,0.3748576839390565,0.9040549798668142,0.109375,0.4146403617999878,8x8,0.98,0.99,0.4,1,uniform_model_mixture,exact,fixed,perturbation_seed,none,nominal_mixture_bellman,,,,,,
1,2027,225,Non-robust DR,0.3748576839390565,0.9040549798668142,0.109375,0.4146403617999878,8x8,0.98,0.99,0.4,1,uniform_model_mixture,exact,fixed,perturbation_seed,none,nominal_mixture_bellman,,,,,,
1,2027,230,Non-robust DR,0.3748576839390565,0.9040549798668142,0.109375,0.4146403617999878,8x8,0.98,0.99,0.4,1,uniform_model_mixture,exact,fixed,perturbation_seed,none,nominal_mixture_bellman,,,,,,
1,2027,235,Non-robust DR,0.3748576839390565,0.9040549798668142,0.109375,0.4146403617999878,8x8,0.98,0.99,0.4,1,uniform_model_mixture,exact,fixed,perturbation_seed,none,nominal_mixture_bellman,,,,,,
1,2027,240,Non-robust DR,0.3748576839390565,0.9040549798668142,0.109375,0.4146403617999878,8x8,0.98,0.99,0.4,1,uniform_model_mixture,exact,fixed,perturbation_seed,none,nominal_mixture_bellman,,,,,,
1,2027,245,Non-robust DR,0.3748576839390565,0.9040549798668142,0.109375,0.4146403617999878,8x8,0.98,0.99,0.4,1,uniform_model_mixture,exact,fixed,perturbation_seed,none,nominal_mixture_bellman,,,,,,
1,2027,250,Non-robust DR,0.3748576839390565,0.9040549798668142,0.109375,0.4146403617999878,8x8,0.98,0.99,0.4,1,uniform_model_mixture,exact,fixed,perturbation_seed,none,nominal_mixture_bellman,,,,,,
1,2027,255,Non-robust DR,0.3748576839390565,0.9040549798668142,0.109375,0.4146403617999878,8x8,0.98,0.99,0.4,1,uniform_model_mixture,exact,fixed,perturbation_seed,none,nominal_mixture_bellman,,,,,,
1,2027,260,Non-robust DR,0.3748576839390565,0.9040549798668142,0.109375,0.4146403617999878,8x8,0.98,0.99,0.4,1,uniform_model_mixture,exact,fixed,perturbation_seed,none,nominal_mixture_bellman,,,,,,
1,2027,265,Non-robust DR,0.3748576839390565,0.9040549798668142,0.109375,0.4146403617999878,8x8,0.98,0.99,0.4,1,uniform_model_mixture,exact,fixed,perturbation_seed,none,nominal_mixture_bellman,,,,,,
1,2027,270,Non-robust DR,0.3748576839390565,0.9040549798668142,0.109375,0.4146403617999878,8x8,0.98,0.99,0.4,1,uniform_model_mixture,exact,fixed,perturbation_seed,none,nominal_mixture_bellman,,,,,,
1,2027,275,Non-robust DR,0.3748576839390565,0.9040549798668142,0.109375,0.4146403617999878,8x8,0.98,0.99,0.4,1,uniform_model_mixture,exact,fixed,perturbation_seed,none,nominal_mixture_bellman,,,,,,
1,2027,280,Non-robust DR,0.3748576839390565,0.9040549798668142,0.109375,0.4146403617999878,8x8,0.98,0.99,0.4,1,uniform_model_mixture,exact,fixed,perturbation_seed,none,nominal_mixture_bellman,,,,,,
1,2027,285,Non-robust DR,0.3748576839390565,0.9040549798668142,0.109375,0.4146403617999878,8x8,0.98,0.99,0.4,1,uniform_model_mixture,exact,fixed,perturbation_seed,none,nominal_mixture_bellman,,,,,,
1,2027,290,Non-robust DR,0.3748576839390565,0.9040549798668142,0.109375,0.4146403617999878,8x8,0.98,0.99,0.4,1,uniform_model_mixture,exact,fixed,perturbation_seed,none,nominal_mixture_bellman,,,,,,
1,2027,295,Non-robust DR,0.3748576839390565,0.9040549798668142,0.109375,0.4146403617999878,8x8,0.98,0.99,0.4,1,uniform_model_mixture,exact,fixed,perturbation_seed,none,nominal_mixture_bellman,,,,,,
1,2027,300,Non-robust DR,0.3748576839390565,0.9040549798668142,0.109375,0.4146403617999878,8x8,0.98,0.99,0.4,1,uniform_model_mixture,exact,fixed,perturbation_seed,none,nominal_mixture_bellman,,,,,,
1,2027,305,Non-robust DR,0.3748576839390565,0.9040549798668142,0.109375,0.4146403617999878,8x8,0.98,0.99,0.4,1,uniform_model_mixture,exact,fixed,perturbation_seed,none,nominal_mixture_bellman,,,,,,
1,2027,310,Non-robust DR,0.3748576839390565,0.9040549798668142,0.109375,0.4146403617999878,8x8,0.98,0.99,0.4,1,uniform_model_mixture,exact,fixed,perturbation_seed,none,nominal_mixture_bellman,,,,,,
1,2027,315,Non-robust DR,0.3748576839390565,0.9040549798668142,0.109375,0.4146403617999878,8x8,0.98,0.99,0.4,1,uniform_model_mixture,exact,fixed,perturbation_seed,none,nominal_mixture_bellman,,,,,,
1,2027,320,Non-robust DR,0.3748576839390565,0.9040549798668142,0.109375,0.4146403617999878,8x8,0.98,0.99,0.4,1,uniform_model_mixture,exact,fixed,perturbation_seed,none,nominal_mixture_bellman,,,,,,
1,2027,325,Non-robust DR,0.3748576839390565,0.9040549798668142,0.109375,0.4146403617999878,8x8,0.98,0.99,0.4,1,uniform_model_mixture,exact,fixed,perturbation_seed,none,nominal_mixture_bellman,,,,,,
1,2027,330,Non-robust DR,0.3748576839390565,0.9040549798668142,0.109375,0.4146403617999878,8x8,0.98,0.99,0.4,1,uniform_model_mixture,exact,fixed,perturbation_seed,none,nominal_mixture_bellman,,,,,,
1,2027,335,Non-robust DR,0.3748576839390565,0.9040549798668142,0.109375,0.4146403617999878,8x8,0.98,0.99,0.4,1,uniform_model_mixture,exact,fixed,perturbation_seed,none,nominal_mixture_bellman,,,,,,
1,2027,340,Non-robust DR,0.3748576839390565,0.9040549798668142,0.109375,0.4146403617999878,8x8,0.98,0.99,0.4,1,uniform_model_mixture,exact,fixed,perturbation_seed,none,nominal_mixture_bellman,,,,,,
1,2027,345,Non-robust DR,0.3748576839390565,0.9040549798668142,0.109375,0.4146403617999878,8x8,0.98,0.99,0.4,1,uniform_model_mixture,exact,fixed,perturbation_seed,none,nominal_mixture_bellman,,,,,,
1,2027,350,Non-robust DR,0.3748576839390565,0.9040549798668142,0.109375,0.4146403617999878,8x8,0.98,0.99,0.4,1,uniform_model_mixture,exact,fixed,perturbation_seed,none,nominal_mixture_bellman,,,,,,
1,2027,355,Non-robust DR,0.3748576839390565,0.9040549798668142,0.109375,0.4146403617999878,8x8,0.98,0.99,0.4,1,uniform_model_mixture,exact,fixed,perturbation_seed,none,nominal_mixture_bellman,,,,,,
1,2027,360,Non-robust DR,0.3748576839390565,0.9040549798668142,0.109375,0.4146403617999878,8x8,0.98,0.99,0.4,1,uniform_model_mixture,exact,fixed,perturbation_seed,none,nominal_mixture_bellman,,,,,,
1,2027,365,Non-robust DR,0.3748576839390565,0.9040549798668142,0.109375,0.4146403617999878,8x8,0.98,0.99,0.4,1,uniform_model_mixture,exact,fixed,perturbation_seed,none,nominal_mixture_bellman,,,,,,
1,2027,370,Non-robust DR,0.3748576839390565,0.9040549798668142,0.109375,0.4146403617999878,8x8,0.98,0.99,0.4,1,uniform_model_mixture,exact,fixed,perturbation_seed,none,nominal_mixture_bellman,,,,,,
1,2027,375,Non-robust DR,0.3748576839390565,0.9040549798668142,0.109375,0.4146403617999878,8x8,0.98,0.99,0.4,1,uniform_model_mixture,exact,fixed,perturbation_seed,none,nominal_mixture_bellman,,,,,,
1,2027,380,Non-robust DR,0.3748576839390565,0.9040549798668142,0.109375,0.4146403617999878,8x8,0.98,0.99,0.4,1,uniform_model_mixture,exact,fixed,perturbation_seed,none,nominal_mixture_bellman,,,,,,
1,2027,385,Non-robust DR,0.3748576839390565,0.9040549798668142,0.109375,0.4146403617999878,8x8,0.98,0.99,0.4,1,uniform_model_mixture,exact,fixed,perturbation_seed,none,nominal_mixture_bellman,,,,,,
1,2027,390,Non-robust DR,0.3748576839390565,0.9040549798668142,0.109375,0.4146403617999878,8x8,0.98,0.99,0.4,1,uniform_model_mixture,exact,fixed,perturbation_seed,none,nominal_mixture_bellman,,,,,,
1,2027,395,Non-robust DR,0.3748576839390565,0.9040549798668142,0.109375,0.4146403617999878,8x8,0.98,0.99,0.4,1,uniform_model_mixture,exact,fixed,perturbation_seed,none,nominal_mixture_bellman,,,,,,
1,2027,400,Non-robust DR,0.3748576839390565,0.9040549798668142,0.109375,0.4146403617999878,8x8,0.98,0.99,0.4,1,uniform_model_mixture,exact,fixed,perturbation_seed,none,nominal_mixture_bellman,,,,,,
1,2027,405,Non-robust DR,0.3748576839390565,0.9040549798668142,0.109375,0.4146403617999878,8x8,0.98,0.99,0.4,1,uniform_model_mixture,exact,fixed,perturbation_seed,none,nominal_mixture_bellman,,,,,,
1,2027,410,Non-robust DR,0.3748576839390565,0.9040549798668142,0.109375,0.4146403617999878,8x8,0.98,0.99,0.4,1,uniform_model_mixture,exact,fixed,perturbation_seed,none,nominal_mixture_bellman,,,,,,
1,2027,415,Non-robust DR,0.3748576839390565,0.9040549798668142,0.109375,0.4146403617999878,8x8,0.98,0.99,0.4,1,uniform_model_mixture,exact,fixed,perturbation_seed,none,nominal_mixture_bellman,,,,,,
1,2027,420,Non-robust DR,0.3748576839390565,0.9040549798668142,0.109375,0.4146403617999878,8x8,0.98,0.99,0.4,1,uniform_model_mixture,exact,fixed,perturbation_seed,none,nominal_mixture_bellman,,,,,,
1,2027,425,Non-robust DR,0.3748576839390565,0.9040549798668142,0.109375,0.4146403617999878,8x8,0.98,0.99,0.4,1,uniform_model_mixture,exact,fixed,perturbation_seed,none,nominal_mixture_bellman,,,,,,
1,2027,430,Non-robust DR,0.3748576839390565,0.9040549798668142,0.109375,0.4146403617999878,8x8,0.98,0.99,0.4,1,uniform_model_mixture,exact,fixed,perturbation_seed,none,nominal_mixture_bellman,,,,,,
1,2027,435,Non-robust DR,0.3748576839390565,0.9040549798668142,0.109375,0.4146403617999878,8x8,0.98,0.99,0.4,1,uniform_model_mixture,exact,fixed,perturbation_seed,none,nominal_mixture_bellman,,,,,,
1,2027,440,Non-robust DR,0.3748576839390565,0.9040549798668142,0.109375,0.4146403617999878,8x8,0.98,0.99,0.4,1,uniform_model_mixture,exact,fixed,perturbation_seed,none,nominal_mixture_bellman,,,,,,
1,2027,445,Non-robust DR,0.3748576839390565,0.9040549798668142,0.109375,0.4146403617999878,8x8,0.98,0.99,0.4,1,uniform_model_mixture,exact,fixed,perturbation_seed,none,nominal_mixture_bellman,,,,,,
1,2027,450,Non-robust DR,0.3748576839390565,0.9040549798668142,0.109375,0.4146403617999878,8x8,0.98,0.99,0.4,1,uniform_model_mixture,exact,fixed,perturbation_seed,none,nominal_mixture_bellman,,,,,,
1,2027,455,Non-robust DR,0.3748576839390565,0.9040549798668142,0.109375,0.4146403617999878,8x8,0.98,0.99,0.4,1,uniform_model_mixture,exact,fixed,perturbation_seed,none,nominal_mixture_bellman,,,,,,
1,2027,460,Non-robust DR,0.3748576839390565,0.9040549798668142,0.109375,0.4146403617999878,8x8,0.98,0.99,0.4,1,uniform_model_mixture,exact,fixed,perturbation_seed,none,nominal_mixture_bellman,,,,,,
1,2027,465,Non-robust DR,0.3748576839390565,0.9040549798668142,0.109375,0.4146403617999878,8x8,0.98,0.99,0.4,1,uniform_model_mixture,exact,fixed,perturbation_seed,none,nominal_mixture_bellman,,,,,,
1,2027,470,Non-robust DR,0.3748576839390565,0.9040549798668142,0.109375,0.4146403617999878,8x8,0.98,0.99,0.4,1,uniform_model_mixture,exact,fixed,perturbation_seed,none,nominal_mixture_bellman,,,,,,
1,2027,475,Non-robust DR,0.3748576839390565,0.9040549798668142,0.109375,0.4146403617999878,8x8,0.98,0.99,0.4,1,uniform_model_mixture,exact,fixed,perturbation_seed,none,nominal_mixture_bellman,,,,,,
1,2027,480,Non-robust DR,0.3748576839390565,0.9040549798668142,0.109375,0.4146403617999878,8x8,0.98,0.99,0.4,1,uniform_model_mixture,exact,fixed,perturbation_seed,none,nominal_mixture_bellman,,,,,,
1,2027,485,Non-robust DR,0.3748576839390565,0.9040549798668142,0.109375,0.4146403617999878,8x8,0.98,0.99,0.4,1,uniform_model_mixture,exact,fixed,perturbation_seed,none,nominal_mixture_bellman,,,,,,
1,2027,490,Non-robust DR,0.3748576839390565,0.9040549798668142,0.109375,0.4146403617999878,8x8,0.98,0.99,0.4,1,uniform_model_mixture,exact,fixed,perturbation_seed,none,nominal_mixture_bellman,,,,,,
1,2027,495,Non-robust DR,0.3748576839390565,0.9040549798668142,0.109375,0.4146403617999878,8x8,0.98,0.99,0.4,1,uniform_model_mixture,exact,fixed,perturbation_seed,none,nominal_mixture_bellman,,,,,,
1,2027,500,Non-robust DR,0.3748576839390565,0.9040549798668142,0.109375,0.4146403617999878,8x8,0.98,0.99,0.4,1,uniform_model_mixture,exact,fixed,perturbation_seed,none,nominal_mixture_bellman,,,,,,
1,2027,-1,source_metadata,,,,0.4146403617999878,8x8,0.98,0.99,0.4,1,uniform_model_mixture,exact,fixed,perturbation_seed,none,nominal_mixture_bellman,0.0,0.1,0.282627115656144,0.09697953624276096,0.25,0.4844312684776693
1,2027,-1,source_metadata,,,,0.4146403617999878,8x8,0.98,0.99,0.4,1,uniform_model_mixture,exact,fixed,perturbation_seed,none,nominal_mixture_bellman,1.0,0.2,0.5154808709837009,0.18237724668811214,0.25,0.2656037084553229
1,2027,-1,source_metadata,,,,0.4146403617999878,8x8,0.98,0.99,0.4,1,uniform_model_mixture,exact,fixed,perturbation_seed,none,nominal_mixture_bellman,2.0,0.3,1.0416291096435484,0.302588162637072,0.25,0.1314419536332451
1,2027,-1,source_metadata,,,,0.4146403617999878,8x8,0.98,0.99,0.4,1,uniform_model_mixture,exact,fixed,perturbation_seed,none,nominal_mixture_bellman,3.0,0.35,1.1551656458593897,0.40226951947467626,0.25,0.11852306943376274
2,2028,0,Non-robust DR,0.0,0.0,0.65625,0.4146403617999878,8x8,0.98,0.99,0.4,1,uniform_model_mixture,exact,fixed,perturbation_seed,none,nominal_mixture_bellman,,,,,,
2,2028,5,Non-robust DR,0.0,0.0,0.59375,0.4146403617999878,8x8,0.98,0.99,0.4,1,uniform_model_mixture,exact,fixed,perturbation_seed,none,nominal_mixture_bellman,,,,,,
2,2028,10,Non-robust DR,7.107246561086487e-20,1.7140749468366629e-19,0.5,0.4146403617999878,8x8,0.98,0.99,0.4,1,uniform_model_mixture,exact,fixed,perturbation_seed,none,nominal_mixture_bellman,,,,,,
2,2028,15,Non-robust DR,0.0882338242253172,0.2127960332715487,0.453125,0.4146403617999878,8x8,0.98,0.99,0.4,1,uniform_model_mixture,exact,fixed,perturbation_seed,none,nominal_mixture_bellman,,,,,,
2,2028,20,Non-robust DR,0.1484333009250937,0.3579808301361029,0.453125,0.4146403617999878,8x8,0.98,0.99,0.4,1,uniform_model_mixture,exact,fixed,perturbation_seed,none,nominal_mixture_bellman,,,,,,
2,2028,25,Non-robust DR,0.1866262002741577,0.4500917360384263,0.40625,0.4146403617999878,8x8,0.98,0.99,0.4,1,uniform_model_mixture,exact,fixed,perturbation_seed,none,nominal_mixture_bellman,,,,,,
2,2028,30,Non-robust DR,0.20574323775601946,0.49619684119237983,0.375,0.4146403617999878,8x8,0.98,0.99,0.4,1,uniform_model_mixture,exact,fixed,perturbation_seed,none,nominal_mixture_bellman,,,,,,
2,2028,35,Non-robust DR,0.21705174661513313,0.5234698949057773,0.359375,0.4146403617999878,8x8,0.98,0.99,0.4,1,uniform_model_mixture,exact,fixed,perturbation_seed,none,nominal_mixture_bellman,,,,,,
2,2028,40,Non-robust DR,0.243867365286848,0.5881418881369864,0.3125,0.4146403617999878,8x8,0.98,0.99,0.4,1,uniform_model_mixture,exact,fixed,perturbation_seed,none,nominal_mixture_bellman,,,,,,
2,2028,45,Non-robust DR,0.258475366322747,0.6233724213452936,0.28125,0.4146403617999878,8x8,0.98,0.99,0.4,1,uniform_model_mixture,exact,fixed,perturbation_seed,none,nominal_mixture_bellman,,,,,,
2,2028,50,Non-robust DR,0.27540432855502056,0.664200482942538,0.265625,0.4146403617999878,8x8,0.98,0.99,0.4,1,uniform_model_mixture,exact,fixed,perturbation_seed,none,nominal_mixture_bellman,,,,,,
2,2028,55,Non-robust DR,0.27540432855502056,0.664200482942538,0.265625,0.4146403617999878,8x8,0.98,0.99,0.4,1,uniform_model_mixture,exact,fixed,perturbation_seed,none,nominal_mixture_bellman,,,,,,
2,2028,60,Non-robust DR,0.27540432855502056,0.664200482942538,0.265625,0.4146403617999878,8x8,0.98,0.99,0.4,1,uniform_model_mixture,exact,fixed,perturbation_seed,none,nominal_mixture_bellman,,,,,,
2,2028,65,Non-robust DR,0.27540432855502056,0.664200482942538,0.265625,0.4146403617999878,8x8,0.98,0.99,0.4,1,uniform_model_mixture,exact,fixed,perturbation_seed,none,nominal_mixture_bellman,,,,,,
2,2028,70,Non-robust DR,0.2755299471316248,0.6645034408505885,0.265625,0.4146403617999878,8x8,0.98,0.99,0.4,1,uniform_model_mixture,exact,fixed,perturbation_seed,none,nominal_mixture_bellman,,,,,,
2,2028,75,Non-robust DR,0.30379923572291767,0.7326812913342547,0.21875,0.4146403617999878,8x8,0.98,0.99,0.4,1,uniform_model_mixture,exact,fixed,perturbation_seed,none,nominal_mixture_bellman,,,,,,
2,2028,80,Non-robust DR,0.3057871363196467,0.7374755679649702,0.203125,0.4146403617999878,8x8,0.98,0.99,0.4,1,uniform_model_mixture,exact,fixed,perturbation_seed,none,nominal_mixture_bellman,,,,,,
2,2028,85,Non-robust DR,0.3057871363196467,0.7374755679649702,0.203125,0.4146403617999878,8x8,0.98,0.99,0.4,1,uniform_model_mixture,exact,fixed,perturbation_seed,none,nominal_mixture_bellman,,,,,,
2,2028,90,Non-robust DR,0.37629868710558423,0.9075302883492595,0.1875,0.4146403617999878,8x8,0.98,0.99,0.4,1,uniform_model_mixture,exact,fixed,perturbation_seed,none,nominal_mixture_bellman,,,,,,
2,2028,95,Non-robust DR,0.37645462202012664,0.9079063610351541,0.171875,0.4146403617999878,8x8,0.98,0.99,0.4,1,uniform_model_mixture,exact,fixed,perturbation_seed,none,nominal_mixture_bellman,,,,,,
2,2028,100,Non-robust DR,0.37645462202012664,0.9079063610351541,0.171875,0.4146403617999878,8x8,0.98,0.99,0.4,1,uniform_model_mixture,exact,fixed,perturbation_seed,none,nominal_mixture_bellman,,,,,,
2,2028,105,Non-robust DR,0.37645462202012664,0.9079063610351541,0.171875,0.4146403617999878,8x8,0.98,0.99,0.4,1,uniform_model_mixture,exact,fixed,perturbation_seed,none,nominal_mixture_bellman,,,,,,
2,2028,110,Non-robust DR,0.37645462202012664,0.9079063610351541,0.171875,0.4146403617999878,8x8,0.98,0.99,0.4,1,uniform_model_mixture,exact,fixed,perturbation_seed,none,nominal_mixture_bellman,,,,,,
2,2028,115,Non-robust DR,0.37645462202012664,0.9079063610351541,0.171875,0.4146403617999878,8x8,0.98,0.99,0.4,1,uniform_model_mixture,exact,fixed,perturbation_seed,none,nominal_mixture_bellman,,,,,,
2,2028,120,Non-robust DR,0.37645462202012664,0.9079063610351541,0.171875,0.4146403617999878,8x8,0.98,0.99,0.4,1,uniform_model_mixture,exact,fixed,perturbation_seed,none,nominal_mixture_bellman,,,,,,
2,2028,125,Non-robust DR,0.37645462202012664,0.9079063610351541,0.171875,0.4146403617999878,8x8,0.98,0.99,0.4,1,uniform_model_mixture,exact,fixed,perturbation_seed,none,nominal_mixture_bellman,,,,,,
2,2028,130,Non-robust DR,0.37645462202012664,0.9079063610351541,0.171875,0.4146403617999878,8x8,0.98,0.99,0.4,1,uniform_model_mixture,exact,fixed,perturbation_seed,none,nominal_mixture_bellman,,,,,,
2,2028,135,Non-robust DR,0.37645462202012664,0.9079063610351541,0.171875,0.4146403617999878,8x8,0.98,0.99,0.4,1,uniform_model_mixture,exact,fixed,perturbation_seed,none,nominal_mixture_bellman,,,,,,
2,2028,140,Non-robust DR,0.37645462202012664,0.9079063610351541,0.171875,0.4146403617999878,8x8,0.98,0.99,0.4,1,uniform_model_mixture,exact,fixed,perturbation_seed,none,nominal_mixture_bellman,,,,,,
2,2028,145,Non-robust DR,0.37645462202012664,0.9079063610351541,0.171875,0.4146403617999878,8x8,0.98,0.99,0.4,1,uniform_model_mixture,exact,fixed,perturbation_seed,none,nominal_mixture_bellman,,,,,,
2,2028,150,Non-robust DR,0.37645462202012664,0.9079063610351541,0.171875,0.4146403617999878,8x8,0.98,0.99,0.4,1,uniform_model_mixture,exact,fixed,perturbation_seed,none,nominal_mixture_bellman,,,,,,
2,2028,155,Non-robust DR,0.37645462202012664,0.9079063610351541,0.171875,0.4146403617999878,8x8,0.98,0.99,0.4,1,uniform_model_mixture,exact,fixed,perturbation_seed,none,nominal_mixture_bellman,,,,,,
2,2028,160,Non-robust DR,0.37645462202012664,0.9079063610351541,0.171875,0.4146403617999878,8x8,0.98,0.99,0.4,1,uniform_model_mixture,exact,fixed,perturbation_seed,none,nominal_mixture_bellman,,,,,,
2,2028,165,Non-robust DR,0.37645462202012664,0.9079063610351541,0.171875,0.4146403617999878,8x8,0.98,0.99,0.4,1,uniform_model_mixture,exact,fixed,perturbation_seed,none,nominal_mixture_bellman,,,,,,
2,2028,170,Non-robust DR,0.37645462202012664,0.9079063610351541,0.171875,0.4146403617999878,8x8,0.98,0.99,0.4,1,uniform_model_mixture,exact,fixed,perturbation_seed,none,nominal_mixture_bellman,,,,,,
2,2028,175,Non-robust DR,0.37645462202012664,0.9079063610351541,0.171875,0.4146403617999878,8x8,0.98,0.99,0.4,1,uniform_model_mixture,exact,fixed,perturbation_seed,none,nominal_mixture_bellman,,,,,,
2,2028,180,Non-robust DR,0.37645462202012664,0.9079063610351541,0.171875,0.4146403617999878,8x8,0.98,0.99,0.4,1,uniform_model_mixture,exact,fixed,perturbation_seed,none,nominal_mixture_bellman,,,,,,
2,2028,185,Non-robust DR,0.37645462202012664,0.9079063610351541,0.171875,0.4146403617999878,8x8,0.98,0.99,0.4,1,uniform_model_mixture,exact,fixed,perturbation_seed,none,nominal_mixture_bellman,,,,,,
2,2028,190,Non-robust DR,0.37645462202012664,0.9079063610351541,0.171875,0.4146403617999878,8x8,0.98,0.99,0.4,1,uniform_model_mixture,exact,fixed,perturbation_seed,none,nominal_mixture_bellman,,,,,,
2,2028,195,Non-robust DR,0.37645462202012664,0.9079063610351541,0.171875,0.4146403617999878,8x8,0.98,0.99,0.4,1,uniform_model_mixture,exact,fixed,perturbation_seed,none,nominal_mixture_bellman,,,,,,
2,2028,200,Non-robust DR,0.37645462202012664,0.9079063610351541,0.171875,0.4146403617999878,8x8,0.98,0.99,0.4,1,uniform_model_mixture,exact,fixed,perturbation_seed,none,nominal_mixture_bellman,,,,,,
2,2028,205,Non-robust DR,0.37645462202012664,0.9079063610351541,0.171875,0.4146403617999878,8x8,0.98,0.99,0.4,1,uniform_model_mixture,exact,fixed,perturbation_seed,none,nominal_mixture_bellman,,,,,,
2,2028,210,Non-robust DR,0.37645462202012664,0.9079063610351541,0.171875,0.4146403617999878,8x8,0.98,0.99,0.4,1,uniform_model_mixture,exact,fixed,perturbation_seed,none,nominal_mixture_bellman,,,,,,
2,2028,215,Non-robust DR,0.37645462202012664,0.9079063610351541,0.171875,0.4146403617999878,8x8,0.98,0.99,0.4,1,uniform_model_mixture,exact,fixed,perturbation_seed,none,nominal_mixture_bellman,,,,,,
2,2028,220,Non-robust DR,0.37645462202012664,0.9079063610351541,0.171875,0.4146403617999878,8x8,0.98,0.99,0.4,1,uniform_model_mixture,exact,fixed,perturbation_seed,none,nominal_mixture_bellman,,,,,,
2,2028,225,Non-robust DR,0.37645462202012664,0.9079063610351541,0.171875,0.4146403617999878,8x8,0.98,0.99,0.4,1,uniform_model_mixture,exact,fixed,perturbation_seed,none,nominal_mixture_bellman,,,,,,
2,2028,230,Non-robust DR,0.37645462202012664,0.9079063610351541,0.171875,0.4146403617999878,8x8,0.98,0.99,0.4,1,uniform_model_mixture,exact,fixed,perturbation_seed,none,nominal_mixture_bellman,,,,,,
2,2028,235,Non-robust DR,0.37645462202012664,0.9079063610351541,0.171875,0.4146403617999878,8x8,0.98,0.99,0.4,1,uniform_model_mixture,exact,fixed,perturbation_seed,none,nominal_mixture_bellman,,,,,,
2,2028,240,Non-robust DR,0.37645462202012664,0.9079063610351541,0.171875,0.4146403617999878,8x8,0.98,0.99,0.4,1,uniform_model_mixture,exact,fixed,perturbation_seed,none,nominal_mixture_bellman,,,,,,
2,2028,245,Non-robust DR,0.38685577970009466,0.9329911300017248,0.15625,0.4146403617999878,8x8,0.98,0.99,0.4,1,uniform_model_mixture,exact,fixed,perturbation_seed,none,nominal_mixture_bellman,,,,,,
2,2028,250,Non-robust DR,0.38685577970009466,0.9329911300017248,0.15625,0.4146403617999878,8x8,0.98,0.99,0.4,1,uniform_model_mixture,exact,fixed,perturbation_seed,none,nominal_mixture_bellman,,,,,,
2,2028,255,Non-robust DR,0.38685577970009466,0.9329911300017248,0.15625,0.4146403617999878,8x8,0.98,0.99,0.4,1,uniform_model_mixture,exact,fixed,perturbation_seed,none,nominal_mixture_bellman,,,,,,
2,2028,260,Non-robust DR,0.38685577970009466,0.9329911300017248,0.15625,0.4146403617999878,8x8,0.98,0.99,0.4,1,uniform_model_mixture,exact,fixed,perturbation_seed,none,nominal_mixture_bellman,,,,,,
2,2028,265,Non-robust DR,0.38685577970009466,0.9329911300017248,0.15625,0.4146403617999878,8x8,0.98,0.99,0.4,1,uniform_model_mixture,exact,fixed,perturbation_seed,none,nominal_mixture_bellman,,,,,,
2,2028,270,Non-robust DR,0.38685577970009466,0.9329911300017248,0.15625,0.4146403617999878,8x8,0.98,0.99,0.4,1,uniform_model_mixture,exact,fixed,perturbation_seed,none,nominal_mixture_bellman,,,,,,
2,2028,275,Non-robust DR,0.38685577970009466,0.9329911300017248,0.15625,0.4146403617999878,8x8,0.98,0.99,0.4,1,uniform_model_mixture,exact,fixed,perturbation_seed,none,nominal_mixture_bellman,,,,,,
2,2028,280,Non-robust DR,0.38685577970009466,0.9329911300017248,0.15625,0.4146403617999878,8x8,0.98,0.99,0.4,1,uniform_model_mixture,exact,fixed,perturbation_seed,none,nominal_mixture_bellman,,,,,,
2,2028,285,Non-robust DR,0.38685577970009466,0.9329911300017248,0.15625,0.4146403617999878,8x8,0.98,0.99,0.4,1,uniform_model_mixture,exact,fixed,perturbation_seed,none,nominal_mixture_bellman,,,,,,
2,2028,290,Non-robust DR,0.38685577970009466,0.9329911300017248,0.15625,0.4146403617999878,8x8,0.98,0.99,0.4,1,uniform_model_mixture,exact,fixed,perturbation_seed,none,nominal_mixture_bellman,,,,,,
2,2028,295,Non-robust DR,0.38685577970009466,0.9329911300017248,0.15625,0.4146403617999878,8x8,0.98,0.99,0.4,1,uniform_model_mixture,exact,fixed,perturbation_seed,none,nominal_mixture_bellman,,,,,,
2,2028,300,Non-robust DR,0.38685577970009466,0.9329911300017248,0.15625,0.4146403617999878,8x8,0.98,0.99,0.4,1,uniform_model_mixture,exact,fixed,perturbation_seed,none,nominal_mixture_bellman,,,,,,
2,2028,305,Non-robust DR,0.38685577970009466,0.9329911300017248,0.15625,0.4146403617999878,8x8,0.98,0.99,0.4,1,uniform_model_mixture,exact,fixed,perturbation_seed,none,nominal_mixture_bellman,,,,,,
2,2028,310,Non-robust DR,0.38685577970009466,0.9329911300017248,0.15625,0.4146403617999878,8x8,0.98,0.99,0.4,1,uniform_model_mixture,exact,fixed,perturbation_seed,none,nominal_mixture_bellman,,,,,,
2,2028,315,Non-robust DR,0.38685577970009466,0.9329911300017248,0.15625,0.4146403617999878,8x8,0.98,0.99,0.4,1,uniform_model_mixture,exact,fixed,perturbation_seed,none,nominal_mixture_bellman,,,,,,
2,2028,320,Non-robust DR,0.38685577970009466,0.9329911300017248,0.15625,0.4146403617999878,8x8,0.98,0.99,0.4,1,uniform_model_mixture,exact,fixed,perturbation_seed,none,nominal_mixture_bellman,,,,,,
2,2028,325,Non-robust DR,0.38685577970009466,0.9329911300017248,0.15625,0.4146403617999878,8x8,0.98,0.99,0.4,1,uniform_model_mixture,exact,fixed,perturbation_seed,none,nominal_mixture_bellman,,,,,,
2,2028,330,Non-robust DR,0.38685577970009466,0.9329911300017248,0.15625,0.4146403617999878,8x8,0.98,0.99,0.4,1,uniform_model_mixture,exact,fixed,perturbation_seed,none,nominal_mixture_bellman,,,,,,
2,2028,335,Non-robust DR,0.38685577970009466,0.9329911300017248,0.15625,0.4146403617999878,8x8,0.98,0.99,0.4,1,uniform_model_mixture,exact,fixed,perturbation_seed,none,nominal_mixture_bellman,,,,,,
2,2028,340,Non-robust DR,0.38685577970009466,0.9329911300017248,0.15625,0.4146403617999878,8x8,0.98,0.99,0.4,1,uniform_model_mixture,exact,fixed,perturbation_seed,none,nominal_mixture_bellman,,,,,,
2,2028,345,Non-robust DR,0.38685577970009466,0.9329911300017248,0.15625,0.4146403617999878,8x8,0.98,0.99,0.4,1,uniform_model_mixture,exact,fixed,perturbation_seed,none,nominal_mixture_bellman,,,,,,
2,2028,350,Non-robust DR,0.38685577970009466,0.9329911300017248,0.15625,0.4146403617999878,8x8,0.98,0.99,0.4,1,uniform_model_mixture,exact,fixed,perturbation_seed,none,nominal_mixture_bellman,,,,,,
2,2028,355,Non-robust DR,0.38685577970009466,0.9329911300017248,0.15625,0.4146403617999878,8x8,0.98,0.99,0.4,1,uniform_model_mixture,exact,fixed,perturbation_seed,none,nominal_mixture_bellman,,,,,,
2,2028,360,Non-robust DR,0.38685577970009466,0.9329911300017248,0.15625,0.4146403617999878,8x8,0.98,0.99,0.4,1,uniform_model_mixture,exact,fixed,perturbation_seed,none,nominal_mixture_bellman,,,,,,
2,2028,365,Non-robust DR,0.38685577970009466,0.9329911300017248,0.15625,0.4146403617999878,8x8,0.98,0.99,0.4,1,uniform_model_mixture,exact,fixed,perturbation_seed,none,nominal_mixture_bellman,,,,,,
2,2028,370,Non-robust DR,0.38685577970009466,0.9329911300017248,0.15625,0.4146403617999878,8x8,0.98,0.99,0.4,1,uniform_model_mixture,exact,fixed,perturbation_seed,none,nominal_mixture_bellman,,,,,,
2,2028,375,Non-robust DR,0.38685577970009466,0.9329911300017248,0.15625,0.4146403617999878,8x8,0.98,0.99,0.4,1,uniform_model_mixture,exact,fixed,perturbation_seed,none,nominal_mixture_bellman,,,,,,
2,2028,380,Non-robust DR,0.38685577970009466,0.9329911300017248,0.15625,0.4146403617999878,8x8,0.98,0.99,0.4,1,uniform_model_mixture,exact,fixed,perturbation_seed,none,nominal_mixture_bellman,,,,,,
2,2028,385,Non-robust DR,0.38685577970009466,0.9329911300017248,0.15625,0.4146403617999878,8x8,0.98,0.99,0.4,1,uniform_model_mixture,exact,fixed,perturbation_seed,none,nominal_mixture_bellman,,,,,,
2,2028,390,Non-robust DR,0.38685577970009466,0.9329911300017248,0.15625,0.4146403617999878,8x8,0.98,0.99,0.4,1,uniform_model_mixture,exact,fixed,perturbation_seed,none,nominal_mixture_bellman,,,,,,
2,2028,395,Non-robust DR,0.38685577970009466,0.9329911300017248,0.15625,0.4146403617999878,8x8,0.98,0.99,0.4,1,uniform_model_mixture,exact,fixed,perturbation_seed,none,nominal_mixture_bellman,,,,,,
2,2028,400,Non-robust DR,0.38685577970009466,0.9329911300017248,0.15625,0.4146403617999878,8x8,0.98,0.99,0.4,1,uniform_model_mixture,exact,fixed,perturbation_seed,none,nominal_mixture_bellman,,,,,,
2,2028,405,Non-robust DR,0.38685577970009466,0.9329911300017248,0.15625,0.4146403617999878,8x8,0.98,0.99,0.4,1,uniform_model_mixture,exact,fixed,perturbation_seed,none,nominal_mixture_bellman,,,,,,
2,2028,410,Non-robust DR,0.38685577970009466,0.9329911300017248,0.15625,0.4146403617999878,8x8,0.98,0.99,0.4,1,uniform_model_mixture,exact,fixed,perturbation_seed,none,nominal_mixture_bellman,,,,,,
2,2028,415,Non-robust DR,0.38685577970009466,0.9329911300017248,0.15625,0.4146403617999878,8x8,0.98,0.99,0.4,1,uniform_model_mixture,exact,fixed,perturbation_seed,none,nominal_mixture_bellman,,,,,,
2,2028,420,Non-robust DR,0.38685577970009466,0.9329911300017248,0.15625,0.4146403617999878,8x8,0.98,0.99,0.4,1,uniform_model_mixture,exact,fixed,perturbation_seed,none,nominal_mixture_bellman,,,,,,
2,2028,425,Non-robust DR,0.38685577970009466,0.9329911300017248,0.15625,0.4146403617999878,8x8,0.98,0.99,0.4,1,uniform_model_mixture,exact,fixed,perturbation_seed,none,nominal_mixture_bellman,,,,,,
2,2028,430,Non-robust DR,0.38685577970009466,0.9329911300017248,0.15625,0.4146403617999878,8x8,0.98,0.99,0.4,1,uniform_model_mixture,exact,fixed,perturbation_seed,none,nominal_mixture_bellman,,,,,,
2,2028,435,Non-robust DR,0.38685577970009466,0.9329911300017248,0.15625,0.4146403617999878,8x8,0.98,0.99,0.4,1,uniform_model_mixture,exact,fixed,perturbation_seed,none,nominal_mixture_bellman,,,,,,
2,2028,440,Non-robust DR,0.38685577970009466,0.9329911300017248,0.15625,0.4146403617999878,8x8,0.98,0.99,0.4,1,uniform_model_mixture,exact,fixed,perturbation_seed,none,nominal_mixture_bellman,,,,,,
2,2028,445,Non-robust DR,0.38685577970009466,0.9329911300017248,0.15625,0.4146403617999878,8x8,0.98,0.99,0.4,1,uniform_model_mixture,exact,fixed,perturbation_seed,none,nominal_mixture_bellman,,,,,,
2,2028,450,Non-robust DR,0.38685577970009466,0.9329911300017248,0.15625,0.4146403617999878,8x8,0.98,0.99,0.4,1,uniform_model_mixture,exact,fixed,perturbation_seed,none,nominal_mixture_bellman,,,,,,
2,2028,455,Non-robust DR,0.38685577970009466,0.9329911300017248,0.15625,0.4146403617999878,8x8,0.98,0.99,0.4,1,uniform_model_mixture,exact,fixed,perturbation_seed,none,nominal_mixture_bellman,,,,,,
2,2028,460,Non-robust DR,0.38685577970009466,0.9329911300017248,0.15625,0.4146403617999878,8x8,0.98,0.99,0.4,1,uniform_model_mixture,exact,fixed,perturbation_seed,none,nominal_mixture_bellman,,,,,,
2,2028,465,Non-robust DR,0.38685577970009466,0.9329911300017248,0.15625,0.4146403617999878,8x8,0.98,0.99,0.4,1,uniform_model_mixture,exact,fixed,perturbation_seed,none,nominal_mixture_bellman,,,,,,
2,2028,470,Non-robust DR,0.38685577970009466,0.9329911300017248,0.15625,0.4146403617999878,8x8,0.98,0.99,0.4,1,uniform_model_mixture,exact,fixed,perturbation_seed,none,nominal_mixture_bellman,,,,,,
2,2028,475,Non-robust DR,0.38685577970009466,0.9329911300017248,0.15625,0.4146403617999878,8x8,0.98,0.99,0.4,1,uniform_model_mixture,exact,fixed,perturbation_seed,none,nominal_mixture_bellman,,,,,,
2,2028,480,Non-robust DR,0.38685577970009466,0.9329911300017248,0.15625,0.4146403617999878,8x8,0.98,0.99,0.4,1,uniform_model_mixture,exact,fixed,perturbation_seed,none,nominal_mixture_bellman,,,,,,
2,2028,485,Non-robust DR,0.38685577970009466,0.9329911300017248,0.15625,0.4146403617999878,8x8,0.98,0.99,0.4,1,uniform_model_mixture,exact,fixed,perturbation_seed,none,nominal_mixture_bellman,,,,,,
2,2028,490,Non-robust DR,0.38685577970009466,0.9329911300017248,0.15625,0.4146403617999878,8x8,0.98,0.99,0.4,1,uniform_model_mixture,exact,fixed,perturbation_seed,none,nominal_mixture_bellman,,,,,,
2,2028,495,Non-robust DR,0.38685577970009466,0.9329911300017248,0.15625,0.4146403617999878,8x8,0.98,0.99,0.4,1,uniform_model_mixture,exact,fixed,perturbation_seed,none,nominal_mixture_bellman,,,,,,
2,2028,500,Non-robust DR,0.38685577970009466,0.9329911300017248,0.15625,0.4146403617999878,8x8,0.98,0.99,0.4,1,uniform_model_mixture,exact,fixed,perturbation_seed,none,nominal_mixture_bellman,,,,,,
2,2028,-1,source_metadata,,,,0.4146403617999878,8x8,0.98,0.99,0.4,1,uniform_model_mixture,exact,fixed,perturbation_seed,none,nominal_mixture_bellman,0.0,0.1,0.2664929428452598,0.09540286476470107,0.25,0.5067425493985351
2,2028,-1,source_metadata,,,,0.4146403617999878,8x8,0.98,0.99,0.4,1,uniform_model_mixture,exact,fixed,perturbation_seed,none,nominal_mixture_bellman,1.0,0.2,0.5494866954118968,0.18717926450284442,0.25,0.24576313741738184
2,2028,-1,source_metadata,,,,0.4146403617999878,8x8,0.98,0.99,0.4,1,uniform_model_mixture,exact,fixed,perturbation_seed,none,nominal_mixture_bellman,2.0,0.3,0.9236185353477118,0.30931700564647885,0.25,0.14621152414866906
2,2028,-1,source_metadata,,,,0.4146403617999878,8x8,0.98,0.99,0.4,1,uniform_model_mixture,exact,fixed,perturbation_seed,none,nominal_mixture_bellman,3.0,0.35,1.3333333333333333,0.40455931536233036,0.25,0.10128278903541409
3,2029,0,Non-robust DR,0.0,0.0,0.65625,0.4146403617999878,8x8,0.98,0.99,0.4,1,uniform_model_mixture,exact,fixed,perturbation_seed,none,nominal_mixture_bellman,,,,,,
3,2029,5,Non-robust DR,0.0,0.0,0.625,0.4146403617999878,8x8,0.98,0.99,0.4,1,uniform_model_mixture,exact,fixed,perturbation_seed,none,nominal_mixture_bellman,,,,,,
3,2029,10,Non-robust DR,-1.0725243362042135e-18,-2.586637565981993e-18,0.546875,0.4146403617999878,8x8,0.98,0.99,0.4,1,uniform_model_mixture,exact,fixed,perturbation_seed,none,nominal_mixture_bellman,,,,,,
3,2029,15,Non-robust DR,0.027952557563973215,0.06741398122128987,0.515625,0.4146403617999878,8x8,0.98,0.99,0.4,1,uniform_model_mixture,exact,fixed,perturbation_seed,none,nominal_mixture_bellman,,,,,,
3,2029,20,Non-robust DR,0.04481533644718609,0.10808242654583611,0.484375,0.4146403617999878,8x8,0.98,0.99,0.4,1,uniform_model_mixture,exact,fixed,perturbation_seed,none,nominal_mixture_bellman,,,,,,
3,2029,25,Non-robust DR,0.0560408028601051,0.13515520442059084,0.453125,0.4146403617999878,8x8,0.98,0.99,0.4,1,uniform_model_mixture,exact,fixed,perturbation_seed,none,nominal_mixture_bellman,,,,,,
3,2029,30,Non-robust DR,0.06445253069442904,0.15544200862317242,0.421875,0.4146403617999878,8x8,0.98,0.99,0.4,1,uniform_model_mixture,exact,fixed,perturbation_seed,none,nominal_mixture_bellman,,,,,,
3,2029,35,Non-robust DR,0.075278805168963,0.18155204390178403,0.375,0.4146403617999878,8x8,0.98,0.99,0.4,1,uniform_model_mixture,exact,fixed,perturbation_seed,none,nominal_mixture_bellman,,,,,,
3,2029,40,Non-robust DR,0.11983971461843224,0.2890208615924369,0.328125,0.4146403617999878,8x8,0.98,0.99,0.4,1,uniform_model_mixture,exact,fixed,perturbation_seed,none,nominal_mixture_bellman,,,,,,
3,2029,45,Non-robust DR,0.12920797281029742,0.31161455737062116,0.296875,0.4146403617999878,8x8,0.98,0.99,0.4,1,uniform_model_mixture,exact,fixed,perturbation_seed,none,nominal_mixture_bellman,,,,,,
3,2029,50,Non-robust DR,0.13491586779876513,0.32538045069487276,0.28125,0.4146403617999878,8x8,0.98,0.99,0.4,1,uniform_model_mixture,exact,fixed,perturbation_seed,none,nominal_mixture_bellman,,,,,,
3,2029,55,Non-robust DR,0.14413113909868003,0.3476051836174244,0.28125,0.4146403617999878,8x8,0.98,0.99,0.4,1,uniform_model_mixture,exact,fixed,perturbation_seed,none,nominal_mixture_bellman,,,,,,
3,2029,60,Non-robust DR,0.14413113909868003,0.3476051836174244,0.28125,0.4146403617999878,8x8,0.98,0.99,0.4,1,uniform_model_mixture,exact,fixed,perturbation_seed,none,nominal_mixture_bellman,,,,,,
3,2029,65,Non-robust DR,0.1441311390986801,0.34760518361742454,0.28125,0.4146403617999878,8x8,0.98,0.99,0.4,1,uniform_model_mixture,exact,fixed,perturbation_seed,none,nominal_mixture_bellman,,,,,,
3,2029,70,Non-robust DR,0.1483519439018359,0.3577846190800817,0.265625,0.4146403617999878,8x8,0.98,0.99,0.4,1,uniform_model_mixture,exact,fixed,perturbation_seed,none,nominal_mixture_bellman,,,,,,
3,2029,75,Non-robust DR,0.1483519439018359,0.3577846190800817,0.265625,0.4146403617999878,8x8,0.98,0.99,0.4,1,uniform_model_mixture,exact,fixed,perturbation_seed,none,nominal_mixture_bellman,,,,,,
3,2029,80,Non-robust DR,0.14835194390183581,0.3577846190800815,0.25,0.4146403617999878,8x8,0.98,0.99,0.4,1,uniform_model_mixture,exact,fixed,perturbation_seed,none,nominal_mixture_bellman,,,,,,
3,2029,85,Non-robust DR,0.1536162508613022,0.37048069848878545,0.234375,0.4146403617999878,8x8,0.98,0.99,0.4,1,uniform_model_mixture,exact,fixed,perturbation_seed,none,nominal_mixture_bellman,,,,,,
3,2029,90,Non-robust DR,0.1536162508613022,0.37048069848878545,0.234375,0.4146403617999878,8x8,0.98,0.99,0.4,1,uniform_model_mixture,exact,fixed,perturbation_seed,none,nominal_mixture_bellman,,,,,,
3,2029,95,Non-robust DR,0.1536162508613022,0.37048069848878545,0.234375,0.4146403617999878,8x8,0.98,0.99,0.4,1,uniform_model_mixture,exact,fixed,perturbation_seed,none,nominal_mixture_bellman,,,,,,
3,2029,100,Non-robust DR,0.1536162508613022,0.37048069848878545,0.234375,0.4146403617999878,8x8,0.98,0.99,0.4,1,uniform_model_mixture,exact,fixed,perturbation_seed,none,nominal_mixture_bellman,,,,,,
3,2029,105,Non-robust DR,0.15361625086130204,0.37048069848878507,0.21875,0.4146403617999878,8x8,0.98,0.99,0.4,1,uniform_model_mixture,exact,fixed,perturbation_seed,none,nominal_mixture_bellman,,,,,,
3,2029,110,Non-robust DR,0.15361625086130204,0.37048069848878507,0.21875,0.4146403617999878,8x8,0.98,0.99,0.4,1,uniform_model_mixture,exact,fixed,perturbation_seed,none,nominal_mixture_bellman,,,,,,
3,2029,115,Non-robust DR,0.15361625086130218,0.3704806984887854,0.21875,0.4146403617999878,8x8,0.98,0.99,0.4,1,uniform_model_mixture,exact,fixed,perturbation_seed,none,nominal_mixture_bellman,,,,,,
3,2029,120,Non-robust DR,0.15673278794746717,0.3779969399676319,0.203125,0.4146403617999878,8x8,0.98,0.99,0.4,1,uniform_model_mixture,exact,fixed,perturbation_seed,none,nominal_mixture_bellman,,,,,,
3,2029,125,Non-robust DR,0.15673278794746717,0.3779969399676319,0.203125,0.4146403617999878,8x8,0.98,0.99,0.4,1,uniform_model_mixture,exact,fixed,perturbation_seed,none,nominal_mixture_bellman,,,,,,
3,2029,130,Non-robust DR,0.15673278794746717,0.3779969399676319,0.203125,0.4146403617999878,8x8,0.98,0.99,0.4,1,uniform_model_mixture,exact,fixed,perturbation_seed,none,nominal_mixture_bellman,,,,,,
3,2029,135,Non-robust DR,0.15673278794746717,0.3779969399676319,0.203125,0.4146403617999878,8x8,0.98,0.99,0.4,1,uniform_model_mixture,exact,fixed,perturbation_seed,none,nominal_mixture_bellman,,,,,,
3,2029,140,Non-robust DR,0.15673278794746717,0.3779969399676319,0.203125,0.4146403617999878,8x8,0.98,0.99,0.4,1,uniform_model_mixture,exact,fixed,perturbation_seed,none,nominal_mixture_bellman,,,,,,
3,2029,145,Non-robust DR,0.15673278794746717,0.3779969399676319,0.203125,0.4146403617999878,8x8,0.98,0.99,0.4,1,uniform_model_mixture,exact,fixed,perturbation_seed,none,nominal_mixture_bellman,,,,,,
3,2029,150,Non-robust DR,0.1665679001663636,0.401716560933139,0.1875,0.4146403617999878,8x8,0.98,0.99,0.4,1,uniform_model_mixture,exact,fixed,perturbation_seed,none,nominal_mixture_bellman,,,,,,
3,2029,155,Non-robust DR,0.1664735863500364,0.40148910160931006,0.203125,0.4146403617999878,8x8,0.98,0.99,0.4,1,uniform_model_mixture,exact,fixed,perturbation_seed,none,nominal_mixture_bellman,,,,,,
3,2029,160,Non-robust DR,0.1664735863500363,0.4014891016093099,0.1875,0.4146403617999878,8x8,0.98,0.99,0.4,1,uniform_model_mixture,exact,fixed,perturbation_seed,none,nominal_mixture_bellman,,,,,,
3,2029,165,Non-robust DR,0.1664735863500363,0.4014891016093099,0.1875,0.4146403617999878,8x8,0.98,0.99,0.4,1,uniform_model_mixture,exact,fixed,perturbation_seed,none,nominal_mixture_bellman,,,,,,
3,2029,170,Non-robust DR,0.1664735863500363,0.4014891016093099,0.1875,0.4146403617999878,8x8,0.98,0.99,0.4,1,uniform_model_mixture,exact,fixed,perturbation_seed,none,nominal_mixture_bellman,,,,,,
3,2029,175,Non-robust DR,0.1664735863500363,0.4014891016093099,0.1875,0.4146403617999878,8x8,0.98,0.99,0.4,1,uniform_model_mixture,exact,fixed,perturbation_seed,none,nominal_mixture_bellman,,,,,,
3,2029,180,Non-robust DR,0.1664735863500363,0.4014891016093099,0.1875,0.4146403617999878,8x8,0.98,0.99,0.4,1,uniform_model_mixture,exact,fixed,perturbation_seed,none,nominal_mixture_bellman,,,,,,
3,2029,185,Non-robust DR,0.1664735863500363,0.4014891016093099,0.1875,0.4146403617999878,8x8,0.98,0.99,0.4,1,uniform_model_mixture,exact,fixed,perturbation_seed,none,nominal_mixture_bellman,,,,,,
3,2029,190,Non-robust DR,0.1664735863500363,0.4014891016093099,0.1875,0.4146403617999878,8x8,0.98,0.99,0.4,1,uniform_model_mixture,exact,fixed,perturbation_seed,none,nominal_mixture_bellman,,,,,,
3,2029,195,Non-robust DR,0.1664735863500363,0.4014891016093099,0.1875,0.4146403617999878,8x8,0.98,0.99,0.4,1,uniform_model_mixture,exact,fixed,perturbation_seed,none,nominal_mixture_bellman,,,,,,
3,2029,200,Non-robust DR,0.1664735863500363,0.4014891016093099,0.1875,0.4146403617999878,8x8,0.98,0.99,0.4,1,uniform_model_mixture,exact,fixed,perturbation_seed,none,nominal_mixture_bellman,,,,,,
3,2029,205,Non-robust DR,0.1664735863500363,0.4014891016093099,0.1875,0.4146403617999878,8x8,0.98,0.99,0.4,1,uniform_model_mixture,exact,fixed,perturbation_seed,none,nominal_mixture_bellman,,,,,,
3,2029,210,Non-robust DR,0.1664735863500363,0.4014891016093099,0.1875,0.4146403617999878,8x8,0.98,0.99,0.4,1,uniform_model_mixture,exact,fixed,perturbation_seed,none,nominal_mixture_bellman,,,,,,
3,2029,215,Non-robust DR,0.1664735863500363,0.4014891016093099,0.1875,0.4146403617999878,8x8,0.98,0.99,0.4,1,uniform_model_mixture,exact,fixed,perturbation_seed,none,nominal_mixture_bellman,,,,,,
3,2029,220,Non-robust DR,0.1664735863500363,0.4014891016093099,0.1875,0.4146403617999878,8x8,0.98,0.99,0.4,1,uniform_model_mixture,exact,fixed,perturbation_seed,none,nominal_mixture_bellman,,,,,,
3,2029,225,Non-robust DR,0.1664735863500363,0.4014891016093099,0.1875,0.4146403617999878,8x8,0.98,0.99,0.4,1,uniform_model_mixture,exact,fixed,perturbation_seed,none,nominal_mixture_bellman,,,,,,
3,2029,230,Non-robust DR,0.1664735863500363,0.4014891016093099,0.1875,0.4146403617999878,8x8,0.98,0.99,0.4,1,uniform_model_mixture,exact,fixed,perturbation_seed,none,nominal_mixture_bellman,,,,,,
3,2029,235,Non-robust DR,0.1664735863500363,0.4014891016093099,0.1875,0.4146403617999878,8x8,0.98,0.99,0.4,1,uniform_model_mixture,exact,fixed,perturbation_seed,none,nominal_mixture_bellman,,,,,,
3,2029,240,Non-robust DR,0.1664735863500363,0.4014891016093099,0.1875,0.4146403617999878,8x8,0.98,0.99,0.4,1,uniform_model_mixture,exact,fixed,perturbation_seed,none,nominal_mixture_bellman,,,,,,
3,2029,245,Non-robust DR,0.1664735863500363,0.4014891016093099,0.1875,0.4146403617999878,8x8,0.98,0.99,0.4,1,uniform_model_mixture,exact,fixed,perturbation_seed,none,nominal_mixture_bellman,,,,,,
3,2029,250,Non-robust DR,0.1664735863500363,0.4014891016093099,0.1875,0.4146403617999878,8x8,0.98,0.99,0.4,1,uniform_model_mixture,exact,fixed,perturbation_seed,none,nominal_mixture_bellman,,,,,,
3,2029,255,Non-robust DR,0.1664735863500363,0.4014891016093099,0.1875,0.4146403617999878,8x8,0.98,0.99,0.4,1,uniform_model_mixture,exact,fixed,perturbation_seed,none,nominal_mixture_bellman,,,,,,
3,2029,260,Non-robust DR,0.1664735863500363,0.4014891016093099,0.1875,0.4146403617999878,8x8,0.98,0.99,0.4,1,uniform_model_mixture,exact,fixed,perturbation_seed,none,nominal_mixture_bellman,,,,,,
3,2029,265,Non-robust DR,0.1664735863500363,0.4014891016093099,0.1875,0.4146403617999878,8x8,0.98,0.99,0.4,1,uniform_model_mixture,exact,fixed,perturbation_seed,none,nominal_mixture_bellman,,,,,,
3,2029,270,Non-robust DR,0.1664735863500363,0.4014891016093099,0.1875,0.4146403617999878,8x8,0.98,0.99,0.4,1,uniform_model_mixture,exact,fixed,perturbation_seed,none,nominal_mixture_bellman,,,,,,
3,2029,275,Non-robust DR,0.1664735863500363,0.4014891016093099,0.1875,0.4146403617999878,8x8,0.98,0.99,0.4,1,uniform_model_mixture,exact,fixed,perturbation_seed,none,nominal_mixture_bellman,,,,,,
3,2029,280,Non-robust DR,0.1664735863500363,0.4014891016093099,0.1875,0.4146403617999878,8x8,0.98,0.99,0.4,1,uniform_model_mixture,exact,fixed,perturbation_seed,none,nominal_mixture_bellman,,,,,,
3,2029,285,Non-robust DR,0.1664735863500363,0.4014891016093099,0.1875,0.4146403617999878,8x8,0.98,0.99,0.4,1,uniform_model_mixture,exact,fixed,perturbation_seed,none,nominal_mixture_bellman,,,,,,
3,2029,290,Non-robust DR,0.1664735863500363,0.4014891016093099,0.1875,0.4146403617999878,8x8,0.98,0.99,0.4,1,uniform_model_mixture,exact,fixed,perturbation_seed,none,nominal_mixture_bellman,,,,,,
3,2029,295,Non-robust DR,0.1664735863500363,0.4014891016093099,0.1875,0.4146403617999878,8x8,0.98,0.99,0.4,1,uniform_model_mixture,exact,fixed,perturbation_seed,none,nominal_mixture_bellman,,,,,,
3,2029,300,Non-robust DR,0.1664735863500363,0.4014891016093099,0.1875,0.4146403617999878,8x8,0.98,0.99,0.4,1,uniform_model_mixture,exact,fixed,perturbation_seed,none,nominal_mixture_bellman,,,,,,
3,2029,305,Non-robust DR,0.1664735863500363,0.4014891016093099,0.1875,0.4146403617999878,8x8,0.98,0.99,0.4,1,uniform_model_mixture,exact,fixed,perturbation_seed,none,nominal_mixture_bellman,,,,,,
3,2029,310,Non-robust DR,0.1664735863500363,0.4014891016093099,0.1875,0.4146403617999878,8x8,0.98,0.99,0.4,1,uniform_model_mixture,exact,fixed,perturbation_seed,none,nominal_mixture_bellman,,,,,,
3,2029,315,Non-robust DR,0.1664735863500363,0.4014891016093099,0.1875,0.4146403617999878,8x8,0.98,0.99,0.4,1,uniform_model_mixture,exact,fixed,perturbation_seed,none,nominal_mixture_bellman,,,,,,
3,2029,320,Non-robust DR,0.1664735863500363,0.4014891016093099,0.1875,0.4146403617999878,8x8,0.98,0.99,0.4,1,uniform_model_mixture,exact,fixed,perturbation_seed,none,nominal_mixture_bellman,,,,,,
3,2029,325,Non-robust DR,0.1664735863500363,0.4014891016093099,0.1875,0.4146403617999878,8x8,0.98,0.99,0.4,1,uniform_model_mixture,exact,fixed,perturbation_seed,none,nominal_mixture_bellman,,,,,,
3,2029,330,Non-robust DR,0.1664735863500363,0.4014891016093099,0.1875,0.4146403617999878,8x8,0.98,0.99,0.4,1,uniform_model_mixture,exact,fixed,perturbation_seed,none,nominal_mixture_bellman,,,,,,
3,2029,335,Non-robust DR,0.1664735863500363,0.4014891016093099,0.1875,0.4146403617999878,8x8,0.98,0.99,0.4,1,uniform_model_mixture,exact,fixed,perturbation_seed,none,nominal_mixture_bellman,,,,,,
3,2029,340,Non-robust DR,0.1664735863500363,0.4014891016093099,0.1875,0.4146403617999878,8x8,0.98,0.99,0.4,1,uniform_model_mixture,exact,fixed,perturbation_seed,none,nominal_mixture_bellman,,,,,,
3,2029,345,Non-robust DR,0.1664735863500363,0.4014891016093099,0.1875,0.4146403617999878,8x8,0.98,0.99,0.4,1,uniform_model_mixture,exact,fixed,perturbation_seed,none,nominal_mixture_bellman,,,,,,
3,2029,350,Non-robust DR,0.1664735863500363,0.4014891016093099,0.1875,0.4146403617999878,8x8,0.98,0.99,0.4,1,uniform_model_mixture,exact,fixed,perturbation_seed,none,nominal_mixture_bellman,,,,,,
3,2029,355,Non-robust DR,0.1664735863500363,0.4014891016093099,0.1875,0.4146403617999878,8x8,0.98,0.99,0.4,1,uniform_model_mixture,exact,fixed,perturbation_seed,none,nominal_mixture_bellman,,,,,,
3,2029,360,Non-robust DR,0.1664735863500363,0.4014891016093099,0.1875,0.4146403617999878,8x8,0.98,0.99,0.4,1,uniform_model_mixture,exact,fixed,perturbation_seed,none,nominal_mixture_bellman,,,,,,
3,2029,365,Non-robust DR,0.1664735863500363,0.4014891016093099,0.1875,0.4146403617999878,8x8,0.98,0.99,0.4,1,uniform_model_mixture,exact,fixed,perturbation_seed,none,nominal_mixture_bellman,,,,,,
3,2029,370,Non-robust DR,0.1664735863500363,0.4014891016093099,0.1875,0.4146403617999878,8x8,0.98,0.99,0.4,1,uniform_model_mixture,exact,fixed,perturbation_seed,none,nominal_mixture_bellman,,,,,,
3,2029,375,Non-robust DR,0.1664735863500363,0.4014891016093099,0.1875,0.4146403617999878,8x8,0.98,0.99,0.4,1,uniform_model_mixture,exact,fixed,perturbation_seed,none,nominal_mixture_bellman,,,,,,
3,2029,380,Non-robust DR,0.1664735863500363,0.4014891016093099,0.1875,0.4146403617999878,8x8,0.98,0.99,0.4,1,uniform_model_mixture,exact,fixed,perturbation_seed,none,nominal_mixture_bellman,,,,,,
3,2029,385,Non-robust DR,0.1664735863500363,0.4014891016093099,0.1875,0.4146403617999878,8x8,0.98,0.99,0.4,1,uniform_model_mixture,exact,fixed,perturbation_seed,none,nominal_mixture_bellman,,,,,,
3,2029,390,Non-robust DR,0.1664735863500363,0.4014891016093099,0.1875,0.4146403617999878,8x8,0.98,0.99,0.4,1,uniform_model_mixture,exact,fixed,perturbation_seed,none,nominal_mixture_bellman,,,,,,
3,2029,395,Non-robust DR,0.1664735863500363,0.4014891016093099,0.1875,0.4146403617999878,8x8,0.98,0.99,0.4,1,uniform_model_mixture,exact,fixed,perturbation_seed,none,nominal_mixture_bellman,,,,,,
3,2029,400,Non-robust DR,0.1664735863500363,0.4014891016093099,0.1875,0.4146403617999878,8x8,0.98,0.99,0.4,1,uniform_model_mixture,exact,fixed,perturbation_seed,none,nominal_mixture_bellman,,,,,,
3,2029,405,Non-robust DR,0.1664735863500363,0.4014891016093099,0.1875,0.4146403617999878,8x8,0.98,0.99,0.4,1,uniform_model_mixture,exact,fixed,perturbation_seed,none,nominal_mixture_bellman,,,,,,
3,2029,410,Non-robust DR,0.1664735863500363,0.4014891016093099,0.1875,0.4146403617999878,8x8,0.98,0.99,0.4,1,uniform_model_mixture,exact,fixed,perturbation_seed,none,nominal_mixture_bellman,,,,,,
3,2029,415,Non-robust DR,0.1664735863500363,0.4014891016093099,0.1875,0.4146403617999878,8x8,0.98,0.99,0.4,1,uniform_model_mixture,exact,fixed,perturbation_seed,none,nominal_mixture_bellman,,,,,,
3,2029,420,Non-robust DR,0.1664735863500363,0.4014891016093099,0.1875,0.4146403617999878,8x8,0.98,0.99,0.4,1,uniform_model_mixture,exact,fixed,perturbation_seed,none,nominal_mixture_bellman,,,,,,
3,2029,425,Non-robust DR,0.1664735863500363,0.4014891016093099,0.1875,0.4146403617999878,8x8,0.98,0.99,0.4,1,uniform_model_mixture,exact,fixed,perturbation_seed,none,nominal_mixture_bellman,,,,,,
3,2029,430,Non-robust DR,0.1664735863500363,0.4014891016093099,0.1875,0.4146403617999878,8x8,0.98,0.99,0.4,1,uniform_model_mixture,exact,fixed,perturbation_seed,none,nominal_mixture_bellman,,,,,,
3,2029,435,Non-robust DR,0.1664735863500363,0.4014891016093099,0.1875,0.4146403617999878,8x8,0.98,0.99,0.4,1,uniform_model_mixture,exact,fixed,perturbation_seed,none,nominal_mixture_bellman,,,,,,
3,2029,440,Non-robust DR,0.1664735863500363,0.4014891016093099,0.1875,0.4146403617999878,8x8,0.98,0.99,0.4,1,uniform_model_mixture,exact,fixed,perturbation_seed,none,nominal_mixture_bellman,,,,,,
3,2029,445,Non-robust DR,0.1664735863500363,0.4014891016093099,0.1875,0.4146403617999878,8x8,0.98,0.99,0.4,1,uniform_model_mixture,exact,fixed,perturbation_seed,none,nominal_mixture_bellman,,,,,,
3,2029,450,Non-robust DR,0.1664735863500363,0.4014891016093099,0.1875,0.4146403617999878,8x8,0.98,0.99,0.4,1,uniform_model_mixture,exact,fixed,perturbation_seed,none,nominal_mixture_bellman,,,,,,
3,2029,455,Non-robust DR,0.1664735863500363,0.4014891016093099,0.1875,0.4146403617999878,8x8,0.98,0.99,0.4,1,uniform_model_mixture,exact,fixed,perturbation_seed,none,nominal_mixture_bellman,,,,,,
3,2029,460,Non-robust DR,0.1664735863500363,0.4014891016093099,0.1875,0.4146403617999878,8x8,0.98,0.99,0.4,1,uniform_model_mixture,exact,fixed,perturbation_seed,none,nominal_mixture_bellman,,,,,,
3,2029,465,Non-robust DR,0.1664735863500363,0.4014891016093099,0.1875,0.4146403617999878,8x8,0.98,0.99,0.4,1,uniform_model_mixture,exact,fixed,perturbation_seed,none,nominal_mixture_bellman,,,,,,
3,2029,470,Non-robust DR,0.1664735863500363,0.4014891016093099,0.1875,0.4146403617999878,8x8,0.98,0.99,0.4,1,uniform_model_mixture,exact,fixed,perturbation_seed,none,nominal_mixture_bellman,,,,,,
3,2029,475,Non-robust DR,0.1664735863500363,0.4014891016093099,0.1875,0.4146403617999878,8x8,0.98,0.99,0.4,1,uniform_model_mixture,exact,fixed,perturbation_seed,none,nominal_mixture_bellman,,,,,,
3,2029,480,Non-robust DR,0.1664735863500363,0.4014891016093099,0.1875,0.4146403617999878,8x8,0.98,0.99,0.4,1,uniform_model_mixture,exact,fixed,perturbation_seed,none,nominal_mixture_bellman,,,,,,
3,2029,485,Non-robust DR,0.1664735863500363,0.4014891016093099,0.1875,0.4146403617999878,8x8,0.98,0.99,0.4,1,uniform_model_mixture,exact,fixed,perturbation_seed,none,nominal_mixture_bellman,,,,,,
3,2029,490,Non-robust DR,0.1664735863500363,0.4014891016093099,0.1875,0.4146403617999878,8x8,0.98,0.99,0.4,1,uniform_model_mixture,exact,fixed,perturbation_seed,none,nominal_mixture_bellman,,,,,,
3,2029,495,Non-robust DR,0.1664735863500363,0.4014891016093099,0.1875,0.4146403617999878,8x8,0.98,0.99,0.4,1,uniform_model_mixture,exact,fixed,perturbation_seed,none,nominal_mixture_bellman,,,,,,
3,2029,500,Non-robust DR,0.1664735863500363,0.4014891016093099,0.1875,0.4146403617999878,8x8,0.98,0.99,0.4,1,uniform_model_mixture,exact,fixed,perturbation_seed,none,nominal_mixture_bellman,,,,,,
3,2029,-1,source_metadata,,,,0.4146403617999878,8x8,0.98,0.99,0.4,1,uniform_model_mixture,exact,fixed,perturbation_seed,none,nominal_mixture_bellman,0.0,0.1,0.28518202654442215,0.09151653539427919,0.25,0.4895630544309144
3,2029,-1,source_metadata,,,,0.4146403617999878,8x8,0.98,0.99,0.4,1,uniform_model_mixture,exact,fixed,perturbation_seed,none,nominal_mixture_bellman,1.0,0.2,0.5606363933531131,0.20354113305519983,0.25,0.24902918571292007
3,2029,-1,source_metadata,,,,0.4146403617999878,8x8,0.98,0.99,0.4,1,uniform_model_mixture,exact,fixed,perturbation_seed,none,nominal_mixture_bellman,2.0,0.3,0.9482427818596311,0.32414607993039385,0.25,0.14723542217501945
3,2029,-1,source_metadata,,,,0.4146403617999878,8x8,0.98,0.99,0.4,1,uniform_model_mixture,exact,fixed,perturbation_seed,none,nominal_mixture_bellman,3.0,0.35,1.2228440111694203,0.3872019751356749,0.25,0.11417233768114604
4,2030,0,Non-robust DR,0.0,0.0,0.65625,0.4146403617999878,8x8,0.98,0.99,0.4,1,uniform_model_mixture,exact,fixed,perturbation_seed,none,nominal_mixture_bellman,,,,,,
4,2030,5,Non-robust DR,0.0,0.0,0.578125,0.4146403617999878,8x8,0.98,0.99,0.4,1,uniform_model_mixture,exact,fixed,perturbation_seed,none,nominal_mixture_bellman,,,,,,
4,2030,10,Non-robust DR,-1.5568253957489327e-18,-3.7546402597919456e-18,0.515625,0.4146403617999878,8x8,0.98,0.99,0.4,1,uniform_model_mixture,exact,fixed,perturbation_seed,none,nominal_mixture_bellman,,,,,,
4,2030,15,Non-robust DR,0.039417498059930355,0.09506430557993863,0.46875,0.4146403617999878,8x8,0.98,0.99,0.4,1,uniform_model_mixture,exact,fixed,perturbation_seed,none,nominal_mixture_bellman,,,,,,
4,2030,20,Non-robust DR,0.04835243221516496,0.11661294140604907,0.4375,0.4146403617999878,8x8,0.98,0.99,0.4,1,uniform_model_mixture,exact,fixed,perturbation_seed,none,nominal_mixture_bellman,,,,,,
4,2030,25,Non-robust DR,0.07182670267265005,0.17322650974170592,0.375,0.4146403617999878,8x8,0.98,0.99,0.4,1,uniform_model_mixture,exact,fixed,perturbation_seed,none,nominal_mixture_bellman,,,,,,
4,2030,30,Non-robust DR,0.1972262937863285,0.47565628423184125,0.296875,0.4146403617999878,8x8,0.98,0.99,0.4,1,uniform_model_mixture,exact,fixed,perturbation_seed,none,nominal_mixture_bellman,,,,,,
4,2030,35,Non-robust DR,0.1972262937863285,0.47565628423184125,0.296875,0.4146403617999878,8x8,0.98,0.99,0.4,1,uniform_model_mixture,exact,fixed,perturbation_seed,none,nominal_mixture_bellman,,,,,,
4,2030,40,Non-robust DR,0.24218307412581633,0.5840798350514642,0.28125,0.4146403617999878,8x8,0.98,0.99,0.4,1,uniform_model_mixture,exact,fixed,perturbation_seed,none,nominal_mixture_bellman,,,,,,
4,2030,45,Non-robust DR,0.24218307412581633,0.5840798350514642,0.28125,0.4146403617999878,8x8,0.98,0.99,0.4,1,uniform_model_mixture,exact,fixed,perturbation_seed,none,nominal_mixture_bellman,,,,,,
4,2030,50,Non-robust DR,0.24218307412581586,0.5840798350514631,0.25,0.4146403617999878,8x8,0.98,0.99,0.4,1,uniform_model_mixture,exact,fixed,perturbation_seed,none,nominal_mixture_bellman,,,,,,
4,2030,55,Non-robust DR,0.24295243122402674,0.585935315533081,0.234375,0.4146403617999878,8x8,0.98,0.99,0.4,1,uniform_model_mixture,exact,fixed,perturbation_seed,none,nominal_mixture_bellman,,,,,,
4,2030,60,Non-robust DR,0.24707992212066626,0.5958897031829513,0.25,0.4146403617999878,8x8,0.98,0.99,0.4,1,uniform_model_mixture,exact,fixed,perturbation_seed,none,nominal_mixture_bellman,,,,,,
4,2030,65,Non-robust DR,0.25719579893755945,0.6202864521462681,0.234375,0.4146403617999878,8x8,0.98,0.99,0.4,1,uniform_model_mixture,exact,fixed,perturbation_seed,none,nominal_mixture_bellman,,,,,,
4,2030,70,Non-robust DR,0.27532101082844723,0.6639995432023457,0.21875,0.4146403617999878,8x8,0.98,0.99,0.4,1,uniform_model_mixture,exact,fixed,perturbation_seed,none,nominal_mixture_bellman,,,,,,
4,2030,75,Non-robust DR,0.27532101082844723,0.6639995432023457,0.21875,0.4146403617999878,8x8,0.98,0.99,0.4,1,uniform_model_mixture,exact,fixed,perturbation_seed,none,nominal_mixture_bellman,,,,,,
4,2030,80,Non-robust DR,0.27532101082844723,0.6639995432023457,0.21875,0.4146403617999878,8x8,0.98,0.99,0.4,1,uniform_model_mixture,exact,fixed,perturbation_seed,none,nominal_mixture_bellman,,,,,,
4,2030,85,Non-robust DR,0.29645036131976193,0.7149578010998413,0.171875,0.4146403617999878,8x8,0.98,0.99,0.4,1,uniform_model_mixture,exact,fixed,perturbation_seed,none,nominal_mixture_bellman,,,,,,
4,2030,90,Non-robust DR,0.29645036131976193,0.7149578010998413,0.171875,0.4146403617999878,8x8,0.98,0.99,0.4,1,uniform_model_mixture,exact,fixed,perturbation_seed,none,nominal_mixture_bellman,,,,,,
4,2030,95,Non-robust DR,0.29645036131976193,0.7149578010998413,0.171875,0.4146403617999878,8x8,0.98,0.99,0.4,1,uniform_model_mixture,exact,fixed,perturbation_seed,none,nominal_mixture_bellman,,,,,,
4,2030,100,Non-robust DR,0.2964503613197616,0.7149578010998405,0.171875,0.4146403617999878,8x8,0.98,0.99,0.4,1,uniform_model_mixture,exact,fixed,perturbation_seed,none,nominal_mixture_bellman,,,,,,
4,2030,105,Non-robust DR,0.3124659230462262,0.7535829886164146,0.15625,0.4146403617999878,8x8,0.98,0.99,0.4,1,uniform_model_mixture,exact,fixed,perturbation_seed,none,nominal_mixture_bellman,,,,,,
4,2030,110,Non-robust DR,0.3124659230462262,0.7535829886164146,0.15625,0.4146403617999878,8x8,0.98,0.99,0.4,1,uniform_model_mixture,exact,fixed,perturbation_seed,none,nominal_mixture_bellman,,,,,,
4,2030,115,Non-robust DR,0.3124659230462262,0.7535829886164146,0.15625,0.4146403617999878,8x8,0.98,0.99,0.4,1,uniform_model_mixture,exact,fixed,perturbation_seed,none,nominal_mixture_bellman,,,,,,
4,2030,120,Non-robust DR,0.3124659230462262,0.7535829886164146,0.15625,0.4146403617999878,8x8,0.98,0.99,0.4,1,uniform_model_mixture,exact,fixed,perturbation_seed,none,nominal_mixture_bellman,,,,,,
4,2030,125,Non-robust DR,0.3124659230462262,0.7535829886164146,0.15625,0.4146403617999878,8x8,0.98,0.99,0.4,1,uniform_model_mixture,exact,fixed,perturbation_seed,none,nominal_mixture_bellman,,,,,,
4,2030,130,Non-robust DR,0.3124659230462262,0.7535829886164146,0.15625,0.4146403617999878,8x8,0.98,0.99,0.4,1,uniform_model_mixture,exact,fixed,perturbation_seed,none,nominal_mixture_bellman,,,,,,
4,2030,135,Non-robust DR,0.3958812561088068,0.9547581291658482,0.140625,0.4146403617999878,8x8,0.98,0.99,0.4,1,uniform_model_mixture,exact,fixed,perturbation_seed,none,nominal_mixture_bellman,,,,,,
4,2030,140,Non-robust DR,0.39588125610880714,0.954758129165849,0.125,0.4146403617999878,8x8,0.98,0.99,0.4,1,uniform_model_mixture,exact,fixed,perturbation_seed,none,nominal_mixture_bellman,,,,,,
4,2030,145,Non-robust DR,0.39588125610880714,0.954758129165849,0.125,0.4146403617999878,8x8,0.98,0.99,0.4,1,uniform_model_mixture,exact,fixed,perturbation_seed,none,nominal_mixture_bellman,,,,,,
4,2030,150,Non-robust DR,0.39588125610880714,0.954758129165849,0.125,0.4146403617999878,8x8,0.98,0.99,0.4,1,uniform_model_mixture,exact,fixed,perturbation_seed,none,nominal_mixture_bellman,,,,,,
4,2030,155,Non-robust DR,0.39588125610880714,0.954758129165849,0.125,0.4146403617999878,8x8,0.98,0.99,0.4,1,uniform_model_mixture,exact,fixed,perturbation_seed,none,nominal_mixture_bellman,,,,,,
4,2030,160,Non-robust DR,0.39588125610880714,0.954758129165849,0.125,0.4146403617999878,8x8,0.98,0.99,0.4,1,uniform_model_mixture,exact,fixed,perturbation_seed,none,nominal_mixture_bellman,,,,,,
4,2030,165,Non-robust DR,0.39588125610880714,0.954758129165849,0.125,0.4146403617999878,8x8,0.98,0.99,0.4,1,uniform_model_mixture,exact,fixed,perturbation_seed,none,nominal_mixture_bellman,,,,,,
4,2030,170,Non-robust DR,0.39588125610880714,0.954758129165849,0.125,0.4146403617999878,8x8,0.98,0.99,0.4,1,uniform_model_mixture,exact,fixed,perturbation_seed,none,nominal_mixture_bellman,,,,,,
4,2030,175,Non-robust DR,0.39588125610880714,0.954758129165849,0.125,0.4146403617999878,8x8,0.98,0.99,0.4,1,uniform_model_mixture,exact,fixed,perturbation_seed,none,nominal_mixture_bellman,,,,,,
4,2030,180,Non-robust DR,0.39588125610880714,0.954758129165849,0.125,0.4146403617999878,8x8,0.98,0.99,0.4,1,uniform_model_mixture,exact,fixed,perturbation_seed,none,nominal_mixture_bellman,,,,,,
4,2030,185,Non-robust DR,0.39588125610880714,0.954758129165849,0.125,0.4146403617999878,8x8,0.98,0.99,0.4,1,uniform_model_mixture,exact,fixed,perturbation_seed,none,nominal_mixture_bellman,,,,,,
4,2030,190,Non-robust DR,0.39588125610880714,0.954758129165849,0.125,0.4146403617999878,8x8,0.98,0.99,0.4,1,uniform_model_mixture,exact,fixed,perturbation_seed,none,nominal_mixture_bellman,,,,,,
4,2030,195,Non-robust DR,0.39588125610880714,0.954758129165849,0.125,0.4146403617999878,8x8,0.98,0.99,0.4,1,uniform_model_mixture,exact,fixed,perturbation_seed,none,nominal_mixture_bellman,,,,,,
4,2030,200,Non-robust DR,0.39588125610880714,0.954758129165849,0.125,0.4146403617999878,8x8,0.98,0.99,0.4,1,uniform_model_mixture,exact,fixed,perturbation_seed,none,nominal_mixture_bellman,,,,,,
4,2030,205,Non-robust DR,0.39588125610880714,0.954758129165849,0.125,0.4146403617999878,8x8,0.98,0.99,0.4,1,uniform_model_mixture,exact,fixed,perturbation_seed,none,nominal_mixture_bellman,,,,,,
4,2030,210,Non-robust DR,0.39588125610880714,0.954758129165849,0.125,0.4146403617999878,8x8,0.98,0.99,0.4,1,uniform_model_mixture,exact,fixed,perturbation_seed,none,nominal_mixture_bellman,,,,,,
4,2030,215,Non-robust DR,0.39588125610880714,0.954758129165849,0.125,0.4146403617999878,8x8,0.98,0.99,0.4,1,uniform_model_mixture,exact,fixed,perturbation_seed,none,nominal_mixture_bellman,,,,,,
4,2030,220,Non-robust DR,0.39611399047434376,0.9553194212806019,0.125,0.4146403617999878,8x8,0.98,0.99,0.4,1,uniform_model_mixture,exact,fixed,perturbation_seed,none,nominal_mixture_bellman,,,,,,
4,2030,225,Non-robust DR,0.39611399047434376,0.9553194212806019,0.125,0.4146403617999878,8x8,0.98,0.99,0.4,1,uniform_model_mixture,exact,fixed,perturbation_seed,none,nominal_mixture_bellman,,,,,,
4,2030,230,Non-robust DR,0.39611399047434376,0.9553194212806019,0.125,0.4146403617999878,8x8,0.98,0.99,0.4,1,uniform_model_mixture,exact,fixed,perturbation_seed,none,nominal_mixture_bellman,,,,,,
4,2030,235,Non-robust DR,0.39611399047434376,0.9553194212806019,0.125,0.4146403617999878,8x8,0.98,0.99,0.4,1,uniform_model_mixture,exact,fixed,perturbation_seed,none,nominal_mixture_bellman,,,,,,
4,2030,240,Non-robust DR,0.39611399047434376,0.9553194212806019,0.125,0.4146403617999878,8x8,0.98,0.99,0.4,1,uniform_model_mixture,exact,fixed,perturbation_seed,none,nominal_mixture_bellman,,,,,,
4,2030,245,Non-robust DR,0.39611399047434376,0.9553194212806019,0.125,0.4146403617999878,8x8,0.98,0.99,0.4,1,uniform_model_mixture,exact,fixed,perturbation_seed,none,nominal_mixture_bellman,,,,,,
4,2030,250,Non-robust DR,0.39611399047434376,0.9553194212806019,0.125,0.4146403617999878,8x8,0.98,0.99,0.4,1,uniform_model_mixture,exact,fixed,perturbation_seed,none,nominal_mixture_bellman,,,,,,
4,2030,255,Non-robust DR,0.39611399047434376,0.9553194212806019,0.125,0.4146403617999878,8x8,0.98,0.99,0.4,1,uniform_model_mixture,exact,fixed,perturbation_seed,none,nominal_mixture_bellman,,,,,,
4,2030,260,Non-robust DR,0.39611399047434376,0.9553194212806019,0.125,0.4146403617999878,8x8,0.98,0.99,0.4,1,uniform_model_mixture,exact,fixed,perturbation_seed,none,nominal_mixture_bellman,,,,,,
4,2030,265,Non-robust DR,0.39611399047434376,0.9553194212806019,0.125,0.4146403617999878,8x8,0.98,0.99,0.4,1,uniform_model_mixture,exact,fixed,perturbation_seed,none,nominal_mixture_bellman,,,,,,
4,2030,270,Non-robust DR,0.39611399047434376,0.9553194212806019,0.125,0.4146403617999878,8x8,0.98,0.99,0.4,1,uniform_model_mixture,exact,fixed,perturbation_seed,none,nominal_mixture_bellman,,,,,,
4,2030,275,Non-robust DR,0.39611399047434376,0.9553194212806019,0.125,0.4146403617999878,8x8,0.98,0.99,0.4,1,uniform_model_mixture,exact,fixed,perturbation_seed,none,nominal_mixture_bellman,,,,,,
4,2030,280,Non-robust DR,0.39611399047434376,0.9553194212806019,0.125,0.4146403617999878,8x8,0.98,0.99,0.4,1,uniform_model_mixture,exact,fixed,perturbation_seed,none,nominal_mixture_bellman,,,,,,
4,2030,285,Non-robust DR,0.39611399047434376,0.9553194212806019,0.125,0.4146403617999878,8x8,0.98,0.99,0.4,1,uniform_model_mixture,exact,fixed,perturbation_seed,none,nominal_mixture_bellman,,,,,,
4,2030,290,Non-robust DR,0.39611399047434376,0.9553194212806019,0.125,0.4146403617999878,8x8,0.98,0.99,0.4,1,uniform_model_mixture,exact,fixed,perturbation_seed,none,nominal_mixture_bellman,,,,,,
4,2030,295,Non-robust DR,0.39611399047434376,0.9553194212806019,0.125,0.4146403617999878,8x8,0.98,0.99,0.4,1,uniform_model_mixture,exact,fixed,perturbation_seed,none,nominal_mixture_bellman,,,,,,
4,2030,300,Non-robust DR,0.39611399047434376,0.9553194212806019,0.125,0.4146403617999878,8x8,0.98,0.99,0.4,1,uniform_model_mixture,exact,fixed,perturbation_seed,none,nominal_mixture_bellman,,,,,,
4,2030,305,Non-robust DR,0.39611399047434376,0.9553194212806019,0.125,0.4146403617999878,8x8,0.98,0.99,0.4,1,uniform_model_mixture,exact,fixed,perturbation_seed,none,nominal_mixture_bellman,,,,,,
4,2030,310,Non-robust DR,0.39611399047434376,0.9553194212806019,0.125,0.4146403617999878,8x8,0.98,0.99,0.4,1,uniform_model_mixture,exact,fixed,perturbation_seed,none,nominal_mixture_bellman,,,,,,
4,2030,315,Non-robust DR,0.39611399047434376,0.9553194212806019,0.125,0.4146403617999878,8x8,0.98,0.99,0.4,1,uniform_model_mixture,exact,fixed,perturbation_seed,none,nominal_mixture_bellman,,,,,,
4,2030,320,Non-robust DR,0.39611399047434376,0.9553194212806019,0.125,0.4146403617999878,8x8,0.98,0.99,0.4,1,uniform_model_mixture,exact,fixed,perturbation_seed,none,nominal_mixture_bellman,,,,,,
4,2030,325,Non-robust DR,0.39611399047434376,0.9553194212806019,0.125,0.4146403617999878,8x8,0.98,0.99,0.4,1,uniform_model_mixture,exact,fixed,perturbation_seed,none,nominal_mixture_bellman,,,,,,
4,2030,330,Non-robust DR,0.39611399047434376,0.9553194212806019,0.125,0.4146403617999878,8x8,0.98,0.99,0.4,1,uniform_model_mixture,exact,fixed,perturbation_seed,none,nominal_mixture_bellman,,,,,,
4,2030,335,Non-robust DR,0.39611399047434376,0.9553194212806019,0.125,0.4146403617999878,8x8,0.98,0.99,0.4,1,uniform_model_mixture,exact,fixed,perturbation_seed,none,nominal_mixture_bellman,,,,,,
4,2030,340,Non-robust DR,0.39611399047434376,0.9553194212806019,0.125,0.4146403617999878,8x8,0.98,0.99,0.4,1,uniform_model_mixture,exact,fixed,perturbation_seed,none,nominal_mixture_bellman,,,,,,
4,2030,345,Non-robust DR,0.39611399047434376,0.9553194212806019,0.125,0.4146403617999878,8x8,0.98,0.99,0.4,1,uniform_model_mixture,exact,fixed,perturbation_seed,none,nominal_mixture_bellman,,,,,,
4,2030,350,Non-robust DR,0.39611399047434376,0.9553194212806019,0.125,0.4146403617999878,8x8,0.98,0.99,0.4,1,uniform_model_mixture,exact,fixed,perturbation_seed,none,nominal_mixture_bellman,,,,,,
4,2030,355,Non-robust DR,0.39611399047434376,0.9553194212806019,0.125,0.4146403617999878,8x8,0.98,0.99,0.4,1,uniform_model_mixture,exact,fixed,perturbation_seed,none,nominal_mixture_bellman,,,,,,
4,2030,360,Non-robust DR,0.39611399047434376,0.9553194212806019,0.125,0.4146403617999878,8x8,0.98,0.99,0.4,1,uniform_model_mixture,exact,fixed,perturbation_seed,none,nominal_mixture_bellman,,,,,,
4,2030,365,Non-robust DR,0.39611399047434376,0.9553194212806019,0.125,0.4146403617999878,8x8,0.98,0.99,0.4,1,uniform_model_mixture,exact,fixed,perturbation_seed,none,nominal_mixture_bellman,,,,,,
4,2030,370,Non-robust DR,0.39611399047434376,0.9553194212806019,0.125,0.4146403617999878,8x8,0.98,0.99,0.4,1,uniform_model_mixture,exact,fixed,perturbation_seed,none,nominal_mixture_bellman,,,,,,
4,2030,375,Non-robust DR,0.39611399047434376,0.9553194212806019,0.125,0.4146403617999878,8x8,0.98,0.99,0.4,1,uniform_model_mixture,exact,fixed,perturbation_seed,none,nominal_mixture_bellman,,,,,,
4,2030,380,Non-robust DR,0.39611399047434376,0.9553194212806019,0.125,0.4146403617999878,8x8,0.98,0.99,0.4,1,uniform_model_mixture,exact,fixed,perturbation_seed,none,nominal_mixture_bellman,,,,,,
4,2030,385,Non-robust DR,0.39611399047434376,0.9553194212806019,0.125,0.4146403617999878,8x8,0.98,0.99,0.4,1,uniform_model_mixture,exact,fixed,perturbation_seed,none,nominal_mixture_bellman,,,,,,
4,2030,390,Non-robust DR,0.39611399047434376,0.9553194212806019,0.125,0.4146403617999878,8x8,0.98,0.99,0.4,1,uniform_model_mixture,exact,fixed,perturbation_seed,none,nominal_mixture_bellman,,,,,,
4,2030,395,Non-robust DR,0.39611399047434376,0.9553194212806019,0.125,0.4146403617999878,8x8,0.98,0.99,0.4,1,uniform_model_mixture,exact,fixed,perturbation_seed,none,nominal_mixture_bellman,,,,,,
4,2030,400,Non-robust DR,0.39611399047434376,0.9553194212806019,0.125,0.4146403617999878,8x8,0.98,0.99,0.4,1,uniform_model_mixture,exact,fixed,perturbation_seed,none,nominal_mixture_bellman,,,,,,
4,2030,405,Non-robust DR,0.39611399047434376,0.9553194212806019,0.125,0.4146403617999878,8x8,0.98,0.99,0.4,1,uniform_model_mixture,exact,fixed,perturbation_seed,none,nominal_mixture_bellman,,,,,,
4,2030,410,Non-robust DR,0.39611399047434376,0.9553194212806019,0.125,0.4146403617999878,8x8,0.98,0.99,0.4,1,uniform_model_mixture,exact,fixed,perturbation_seed,none,nominal_mixture_bellman,,,,,,
4,2030,415,Non-robust DR,0.39611399047434376,0.9553194212806019,0.125,0.4146403617999878,8x8,0.98,0.99,0.4,1,uniform_model_mixture,exact,fixed,perturbation_seed,none,nominal_mixture_bellman,,,,,,
4,2030,420,Non-robust DR,0.39611399047434376,0.9553194212806019,0.125,0.4146403617999878,8x8,0.98,0.99,0.4,1,uniform_model_mixture,exact,fixed,perturbation_seed,none,nominal_mixture_bellman,,,,,,
4,2030,425,Non-robust DR,0.39611399047434376,0.9553194212806019,0.125,0.4146403617999878,8x8,0.98,0.99,0.4,1,uniform_model_mixture,exact,fixed,perturbation_seed,none,nominal_mixture_bellman,,,,,,
4,2030,430,Non-robust DR,0.39611399047434376,0.9553194212806019,0.125,0.4146403617999878,8x8,0.98,0.99,0.4,1,uniform_model_mixture,exact,fixed,perturbation_seed,none,nominal_mixture_bellman,,,,,,
4,2030,435,Non-robust DR,0.39611399047434376,0.9553194212806019,0.125,0.4146403617999878,8x8,0.98,0.99,0.4,1,uniform_model_mixture,exact,fixed,perturbation_seed,none,nominal_mixture_bellman,,,,,,
4,2030,440,Non-robust DR,0.39611399047434376,0.9553194212806019,0.125,0.4146403617999878,8x8,0.98,0.99,0.4,1,uniform_model_mixture,exact,fixed,perturbation_seed,none,nominal_mixture_bellman,,,,,,
4,2030,445,Non-robust DR,0.39611399047434376,0.9553194212806019,0.125,0.4146403617999878,8x8,0.98,0.99,0.4,1,uniform_model_mixture,exact,fixed,perturbation_seed,none,nominal_mixture_bellman,,,,,,
4,2030,450,Non-robust DR,0.39611399047434376,0.9553194212806019,0.125,0.4146403617999878,8x8,0.98,0.99,0.4,1,uniform_model_mixture,exact,fixed,perturbation_seed,none,nominal_mixture_bellman,,,,,,
4,2030,455,Non-robust DR,0.39611399047434376,0.9553194212806019,0.125,0.4146403617999878,8x8,0.98,0.99,0.4,1,uniform_model_mixture,exact,fixed,perturbation_seed,none,nominal_mixture_bellman,,,,,,
4,2030,460,Non-robust DR,0.39611399047434376,0.9553194212806019,0.125,0.4146403617999878,8x8,0.98,0.99,0.4,1,uniform_model_mixture,exact,fixed,perturbation_seed,none,nominal_mixture_bellman,,,,,,
4,2030,465,Non-robust DR,0.39611399047434376,0.9553194212806019,0.125,0.4146403617999878,8x8,0.98,0.99,0.4,1,uniform_model_mixture,exact,fixed,perturbation_seed,none,nominal_mixture_bellman,,,,,,
4,2030,470,Non-robust DR,0.39611399047434376,0.9553194212806019,0.125,0.4146403617999878,8x8,0.98,0.99,0.4,1,uniform_model_mixture,exact,fixed,perturbation_seed,none,nominal_mixture_bellman,,,,,,
4,2030,475,Non-robust DR,0.39611399047434376,0.9553194212806019,0.125,0.4146403617999878,8x8,0.98,0.99,0.4,1,uniform_model_mixture,exact,fixed,perturbation_seed,none,nominal_mixture_bellman,,,,,,
4,2030,480,Non-robust DR,0.39611399047434376,0.9553194212806019,0.125,0.4146403617999878,8x8,0.98,0.99,0.4,1,uniform_model_mixture,exact,fixed,perturbation_seed,none,nominal_mixture_bellman,,,,,,
4,2030,485,Non-robust DR,0.39611399047434376,0.9553194212806019,0.125,0.4146403617999878,8x8,0.98,0.99,0.4,1,uniform_model_mixture,exact,fixed,perturbation_seed,none,nominal_mixture_bellman,,,,,,
4,2030,490,Non-robust DR,0.39611399047434376,0.9553194212806019,0.125,0.4146403617999878,8x8,0.98,0.99,0.4,1,uniform_model_mixture,exact,fixed,perturbation_seed,none,nominal_mixture_bellman,,,,,,
4,2030,495,Non-robust DR,0.39611399047434376,0.9553194212806019,0.125,0.4146403617999878,8x8,0.98,0.99,0.4,1,uniform_model_mixture,exact,fixed,perturbation_seed,none,nominal_mixture_bellman,,,,,,
4,2030,500,Non-robust DR,0.39611399047434376,0.9553194212806019,0.125,0.4146403617999878,8x8,0.98,0.99,0.4,1,uniform_model_mixture,exact,fixed,perturbation_seed,none,nominal_mixture_bellman,,,,,,
4,2030,-1,source_metadata,,,,0.4146403617999878,8x8,0.98,0.99,0.4,1,uniform_model_mixture,exact,fixed,perturbation_seed,none,nominal_mixture_bellman,0.0,0.1,0.2816553637976897,0.09599012560975263,0.25,0.5038194613371688
4,2030,-1,source_metadata,,,,0.4146403617999878,8x8,0.98,0.99,0.4,1,uniform_model_mixture,exact,fixed,perturbation_seed,none,nominal_mixture_bellman,1.0,0.2,0.5962274232982294,0.19042841001544844,0.25,0.23800267136838302
4,2030,-1,source_metadata,,,,0.4146403617999878,8x8,0.98,0.99,0.4,1,uniform_model_mixture,exact,fixed,perturbation_seed,none,nominal_mixture_bellman,2.0,0.3,0.9351158179947634,0.29356812109119956,0.25,0.15174997899731102
4,2030,-1,source_metadata,,,,0.4146403617999878,8x8,0.98,0.99,0.4,1,uniform_model_mixture,exact,fixed,perturbation_seed,none,nominal_mixture_bellman,3.0,0.35,1.3333333333333333,0.3640134383420902,0.25,0.10642788829713704
5,2031,0,Non-robust DR,0.0,0.0,0.65625,0.4146403617999878,8x8,0.98,0.99,0.4,1,uniform_model_mixture,exact,fixed,perturbation_seed,none,nominal_mixture_bellman,,,,,,
5,2031,5,Non-robust DR,0.0,0.0,0.625,0.4146403617999878,8x8,0.98,0.99,0.4,1,uniform_model_mixture,exact,fixed,perturbation_seed,none,nominal_mixture_bellman,,,,,,
5,2031,10,Non-robust DR,9.388990286682277e-19,2.2643695963229198e-18,0.53125,0.4146403617999878,8x8,0.98,0.99,0.4,1,uniform_model_mixture,exact,fixed,perturbation_seed,none,nominal_mixture_bellman,,,,,,
5,2031,15,Non-robust DR,0.011514964266858014,0.02777096811528576,0.515625,0.4146403617999878,8x8,0.98,0.99,0.4,1,uniform_model_mixture,exact,fixed,perturbation_seed,none,nominal_mixture_bellman,,,,,,
5,2031,20,Non-robust DR,0.042162085307455785,0.10168350501245638,0.4375,0.4146403617999878,8x8,0.98,0.99,0.4,1,uniform_model_mixture,exact,fixed,perturbation_seed,none,nominal_mixture_bellman,,,,,,
5,2031,25,Non-robust DR,0.05884282478012321,0.14191292069272196,0.421875,0.4146403617999878,8x8,0.98,0.99,0.4,1,uniform_model_mixture,exact,fixed,perturbation_seed,none,nominal_mixture_bellman,,,,,,
5,2031,30,Non-robust DR,0.08225931289686242,0.19838713370731204,0.40625,0.4146403617999878,8x8,0.98,0.99,0.4,1,uniform_model_mixture,exact,fixed,perturbation_seed,none,nominal_mixture_bellman,,,,,,
5,2031,35,Non-robust DR,0.17201565536514518,0.4148550676986946,0.375,0.4146403617999878,8x8,0.98,0.99,0.4,1,uniform_model_mixture,exact,fixed,perturbation_seed,none,nominal_mixture_bellman,,,,,,
5,2031,40,Non-robust DR,0.18855635681950975,0.45474674969163914,0.359375,0.4146403617999878,8x8,0.98,0.99,0.4,1,uniform_model_mixture,exact,fixed,perturbation_seed,none,nominal_mixture_bellman,,,,,,
5,2031,45,Non-robust DR,0.24410663471252694,0.5887189410428836,0.3125,0.4146403617999878,8x8,0.98,0.99,0.4,1,uniform_model_mixture,exact,fixed,perturbation_seed,none,nominal_mixture_bellman,,,,,,
5,2031,50,Non-robust DR,0.24494595131802763,0.5907431448658234,0.296875,0.4146403617999878,8x8,0.98,0.99,0.4,1,uniform_model_mixture,exact,fixed,perturbation_seed,none,nominal_mixture_bellman,,,,,,
5,2031,55,Non-robust DR,0.30105253994451325,0.7260570066976102,0.28125,0.4146403617999878,8x8,0.98,0.99,0.4,1,uniform_model_mixture,exact,fixed,perturbation_seed,none,nominal_mixture_bellman,,,,,,
5,2031,60,Non-robust DR,0.3148070689610877,0.7592291970672714,0.265625,0.4146403617999878,8x8,0.98,0.99,0.4,1,uniform_model_mixture,exact,fixed,perturbation_seed,none,nominal_mixture_bellman,,,,,,
5,2031,65,Non-robust DR,0.3148070689610877,0.7592291970672714,0.265625,0.4146403617999878,8x8,0.98,0.99,0.4,1,uniform_model_mixture,exact,fixed,perturbation_seed,none,nominal_mixture_bellman,,,,,,
5,2031,70,Non-robust DR,0.3352473130643075,0.8085255174121772,0.234375,0.4146403617999878,8x8,0.98,0.99,0.4,1,uniform_model_mixture,exact,fixed,perturbation_seed,none,nominal_mixture_bellman,,,,,,
5,2031,75,Non-robust DR,0.3352473130643075,0.8085255174121772,0.234375,0.4146403617999878,8x8,0.98,0.99,0.4,1,uniform_model_mixture,exact,fixed,perturbation_seed,none,nominal_mixture_bellman,,,,,,
5,2031,80,Non-robust DR,0.35443068142592793,0.8547905946428256,0.21875,0.4146403617999878,8x8,0.98,0.99,0.4,1,uniform_model_mixture,exact,fixed,perturbation_seed,none,nominal_mixture_bellman,,,,,,
5,2031,85,Non-robust DR,0.35443068142592793,0.8547905946428256,0.21875,0.4146403617999878,8x8,0.98,0.99,0.4,1,uniform_model_mixture,exact,fixed,perturbation_seed,none,nominal_mixture_bellman,,,,,,
5,2031,90,Non-robust DR,0.3546101302693842,0.8552233765424875,0.21875,0.4146403617999878,8x8,0.98,0.99,0.4,1,uniform_model_mixture,exact,fixed,perturbation_seed,none,nominal_mixture_bellman,,,,,,
5,2031,95,Non-robust DR,0.3546101302693842,0.8552233765424875,0.21875,0.4146403617999878,8x8,0.98,0.99,0.4,1,uniform_model_mixture,exact,fixed,perturbation_seed,none,nominal_mixture_bellman,,,,,,
5,2031,100,Non-robust DR,0.3546101302693842,0.8552233765424875,0.21875,0.4146403617999878,8x8,0.98,0.99,0.4,1,uniform_model_mixture,exact,fixed,perturbation_seed,none,nominal_mixture_bellman,,,,,,
5,2031,105,Non-robust DR,0.3546101302693842,0.8552233765424875,0.21875,0.4146403617999878,8x8,0.98,0.99,0.4,1,uniform_model_mixture,exact,fixed,perturbation_seed,none,nominal_mixture_bellman,,,,,,
5,2031,110,Non-robust DR,0.35461013026938454,0.8552233765424883,0.21875,0.4146403617999878,8x8,0.98,0.99,0.4,1,uniform_model_mixture,exact,fixed,perturbation_seed,none,nominal_mixture_bellman,,,,,,
5,2031,115,Non-robust DR,0.35461013026938454,0.8552233765424883,0.21875,0.4146403617999878,8x8,0.98,0.99,0.4,1,uniform_model_mixture,exact,fixed,perturbation_seed,none,nominal_mixture_bellman,,,,,,
5,2031,120,Non-robust DR,0.35474986505302236,0.8555603789101093,0.203125,0.4146403617999878,8x8,0.98,0.99,0.4,1,uniform_model_mixture,exact,fixed,perturbation_seed,none,nominal_mixture_bellman,,,,,,
5,2031,125,Non-robust DR,0.3647882704384231,0.8797702878100128,0.1875,0.4146403617999878,8x8,0.98,0.99,0.4,1,uniform_model_mixture,exact,fixed,perturbation_seed,none,nominal_mixture_bellman,,,,,,
5,2031,130,Non-robust DR,0.3646626778894978,0.8794673926736587,0.203125,0.4146403617999878,8x8,0.98,0.99,0.4,1,uniform_model_mixture,exact,fixed,perturbation_seed,none,nominal_mixture_bellman,,,,,,
5,2031,135,Non-robust DR,0.3646626778894978,0.8794673926736587,0.203125,0.4146403617999878,8x8,0.98,0.99,0.4,1,uniform_model_mixture,exact,fixed,perturbation_seed,none,nominal_mixture_bellman,,,,,,
5,2031,140,Non-robust DR,0.3646626778894978,0.8794673926736587,0.203125,0.4146403617999878,8x8,0.98,0.99,0.4,1,uniform_model_mixture,exact,fixed,perturbation_seed,none,nominal_mixture_bellman,,,,,,
5,2031,145,Non-robust DR,0.3646626778894978,0.8794673926736587,0.203125,0.4146403617999878,8x8,0.98,0.99,0.4,1,uniform_model_mixture,exact,fixed,perturbation_seed,none,nominal_mixture_bellman,,,,,,
5,2031,150,Non-robust DR,0.3646626778894978,0.8794673926736587,0.203125,0.4146403617999878,8x8,0.98,0.99,0.4,1,uniform_model_mixture,exact,fixed,perturbation_seed,none,nominal_mixture_bellman,,,,,,
5,2031,155,Non-robust DR,0.3646930988510148,0.8795407597751752,0.1875,0.4146403617999878,8x8,0.98,0.99,0.4,1,uniform_model_mixture,exact,fixed,perturbation_seed,none,nominal_mixture_bellman,,,,,,
5,2031,160,Non-robust DR,0.3646930988510148,0.8795407597751752,0.1875,0.4146403617999878,8x8,0.98,0.99,0.4,1,uniform_model_mixture,exact,fixed,perturbation_seed,none,nominal_mixture_bellman,,,,,,
5,2031,165,Non-robust DR,0.3646930988510148,0.8795407597751752,0.1875,0.4146403617999878,8x8,0.98,0.99,0.4,1,uniform_model_mixture,exact,fixed,perturbation_seed,none,nominal_mixture_bellman,,,,,,
5,2031,170,Non-robust DR,0.3646930988510148,0.8795407597751752,0.1875,0.4146403617999878,8x8,0.98,0.99,0.4,1,uniform_model_mixture,exact,fixed,perturbation_seed,none,nominal_mixture_bellman,,,,,,
5,2031,175,Non-robust DR,0.3646930988510148,0.8795407597751752,0.1875,0.4146403617999878,8x8,0.98,0.99,0.4,1,uniform_model_mixture,exact,fixed,perturbation_seed,none,nominal_mixture_bellman,,,,,,
5,2031,180,Non-robust DR,0.3646930988510148,0.8795407597751752,0.1875,0.4146403617999878,8x8,0.98,0.99,0.4,1,uniform_model_mixture,exact,fixed,perturbation_seed,none,nominal_mixture_bellman,,,,,,
5,2031,185,Non-robust DR,0.3646930988510148,0.8795407597751752,0.1875,0.4146403617999878,8x8,0.98,0.99,0.4,1,uniform_model_mixture,exact,fixed,perturbation_seed,none,nominal_mixture_bellman,,,,,,
5,2031,190,Non-robust DR,0.3646930988510148,0.8795407597751752,0.1875,0.4146403617999878,8x8,0.98,0.99,0.4,1,uniform_model_mixture,exact,fixed,perturbation_seed,none,nominal_mixture_bellman,,,,,,
5,2031,195,Non-robust DR,0.3646930988510148,0.8795407597751752,0.1875,0.4146403617999878,8x8,0.98,0.99,0.4,1,uniform_model_mixture,exact,fixed,perturbation_seed,none,nominal_mixture_bellman,,,,,,
5,2031,200,Non-robust DR,0.3646930988510148,0.8795407597751752,0.1875,0.4146403617999878,8x8,0.98,0.99,0.4,1,uniform_model_mixture,exact,fixed,perturbation_seed,none,nominal_mixture_bellman,,,,,,
5,2031,205,Non-robust DR,0.3646930988510148,0.8795407597751752,0.203125,0.4146403617999878,8x8,0.98,0.99,0.4,1,uniform_model_mixture,exact,fixed,perturbation_seed,none,nominal_mixture_bellman,,,,,,
5,2031,210,Non-robust DR,0.3646930988510148,0.8795407597751752,0.203125,0.4146403617999878,8x8,0.98,0.99,0.4,1,uniform_model_mixture,exact,fixed,perturbation_seed,none,nominal_mixture_bellman,,,,,,
5,2031,215,Non-robust DR,0.3646930988510148,0.8795407597751752,0.203125,0.4146403617999878,8x8,0.98,0.99,0.4,1,uniform_model_mixture,exact,fixed,perturbation_seed,none,nominal_mixture_bellman,,,,,,
5,2031,220,Non-robust DR,0.3646930988510148,0.8795407597751752,0.203125,0.4146403617999878,8x8,0.98,0.99,0.4,1,uniform_model_mixture,exact,fixed,perturbation_seed,none,nominal_mixture_bellman,,,,,,
5,2031,225,Non-robust DR,0.3646930988510148,0.8795407597751752,0.203125,0.4146403617999878,8x8,0.98,0.99,0.4,1,uniform_model_mixture,exact,fixed,perturbation_seed,none,nominal_mixture_bellman,,,,,,
5,2031,230,Non-robust DR,0.3646930988510148,0.8795407597751752,0.203125,0.4146403617999878,8x8,0.98,0.99,0.4,1,uniform_model_mixture,exact,fixed,perturbation_seed,none,nominal_mixture_bellman,,,,,,
5,2031,235,Non-robust DR,0.3646930988510148,0.8795407597751752,0.203125,0.4146403617999878,8x8,0.98,0.99,0.4,1,uniform_model_mixture,exact,fixed,perturbation_seed,none,nominal_mixture_bellman,,,,,,
5,2031,240,Non-robust DR,0.3646930988510148,0.8795407597751752,0.203125,0.4146403617999878,8x8,0.98,0.99,0.4,1,uniform_model_mixture,exact,fixed,perturbation_seed,none,nominal_mixture_bellman,,,,,,
5,2031,245,Non-robust DR,0.3646930988510148,0.8795407597751752,0.203125,0.4146403617999878,8x8,0.98,0.99,0.4,1,uniform_model_mixture,exact,fixed,perturbation_seed,none,nominal_mixture_bellman,,,,,,
5,2031,250,Non-robust DR,0.3646930988510148,0.8795407597751752,0.203125,0.4146403617999878,8x8,0.98,0.99,0.4,1,uniform_model_mixture,exact,fixed,perturbation_seed,none,nominal_mixture_bellman,,,,,,
5,2031,255,Non-robust DR,0.3646930988510148,0.8795407597751752,0.203125,0.4146403617999878,8x8,0.98,0.99,0.4,1,uniform_model_mixture,exact,fixed,perturbation_seed,none,nominal_mixture_bellman,,,,,,
5,2031,260,Non-robust DR,0.3646930988510148,0.8795407597751752,0.203125,0.4146403617999878,8x8,0.98,0.99,0.4,1,uniform_model_mixture,exact,fixed,perturbation_seed,none,nominal_mixture_bellman,,,,,,
5,2031,265,Non-robust DR,0.3646930988510148,0.8795407597751752,0.203125,0.4146403617999878,8x8,0.98,0.99,0.4,1,uniform_model_mixture,exact,fixed,perturbation_seed,none,nominal_mixture_bellman,,,,,,
5,2031,270,Non-robust DR,0.3646930988510148,0.8795407597751752,0.203125,0.4146403617999878,8x8,0.98,0.99,0.4,1,uniform_model_mixture,exact,fixed,perturbation_seed,none,nominal_mixture_bellman,,,,,,
5,2031,275,Non-robust DR,0.3646930988510148,0.8795407597751752,0.203125,0.4146403617999878,8x8,0.98,0.99,0.4,1,uniform_model_mixture,exact,fixed,perturbation_seed,none,nominal_mixture_bellman,,,,,,
5,2031,280,Non-robust DR,0.3646930988510148,0.8795407597751752,0.203125,0.4146403617999878,8x8,0.98,0.99,0.4,1,uniform_model_mixture,exact,fixed,perturbation_seed,none,nominal_mixture_bellman,,,,,,
5,2031,285,Non-robust DR,0.3646930988510148,0.8795407597751752,0.203125,0.4146403617999878,8x8,0.98,0.99,0.4,1,uniform_model_mixture,exact,fixed,perturbation_seed,none,nominal_mixture_bellman,,,,,,
5,2031,290,Non-robust DR,0.3646930988510148,0.8795407597751752,0.203125,0.4146403617999878,8x8,0.98,0.99,0.4,1,uniform_model_mixture,exact,fixed,perturbation_seed,none,nominal_mixture_bellman,,,,,,
5,2031,295,Non-robust DR,0.3646930988510148,0.8795407597751752,0.203125,0.4146403617999878,8x8,0.98,0.99,0.4,1,uniform_model_mixture,exact,fixed,perturbation_seed,none,nominal_mixture_bellman,,,,,,
5,2031,300,Non-robust DR,0.3646930988510148,0.8795407597751752,0.203125,0.4146403617999878,8x8,0.98,0.99,0.4,1,uniform_model_mixture,exact,fixed,perturbation_seed,none,nominal_mixture_bellman,,,,,,
5,2031,305,Non-robust DR,0.3646930988510148,0.8795407597751752,0.203125,0.4146403617999878,8x8,0.98,0.99,0.4,1,uniform_model_mixture,exact,fixed,perturbation_seed,none,nominal_mixture_bellman,,,,,,
5,2031,310,Non-robust DR,0.3646930988510148,0.8795407597751752,0.203125,0.4146403617999878,8x8,0.98,0.99,0.4,1,uniform_model_mixture,exact,fixed,perturbation_seed,none,nominal_mixture_bellman,,,,,,
5,2031,315,Non-robust DR,0.3646930988510148,0.8795407597751752,0.203125,0.4146403617999878,8x8,0.98,0.99,0.4,1,uniform_model_mixture,exact,fixed,perturbation_seed,none,nominal_mixture_bellman,,,,,,
5,2031,320,Non-robust DR,0.3646930988510148,0.8795407597751752,0.203125,0.4146403617999878,8x8,0.98,0.99,0.4,1,uniform_model_mixture,exact,fixed,perturbation_seed,none,nominal_mixture_bellman,,,,,,
5,2031,325,Non-robust DR,0.3646930988510148,0.8795407597751752,0.203125,0.4146403617999878,8x8,0.98,0.99,0.4,1,uniform_model_mixture,exact,fixed,perturbation_seed,none,nominal_mixture_bellman,,,,,,
5,2031,330,Non-robust DR,0.3646930988510148,0.8795407597751752,0.203125,0.4146403617999878,8x8,0.98,0.99,0.4,1,uniform_model_mixture,exact,fixed,perturbation_seed,none,nominal_mixture_bellman,,,,,,
5,2031,335,Non-robust DR,0.3646930988510148,0.8795407597751752,0.203125,0.4146403617999878,8x8,0.98,0.99,0.4,1,uniform_model_mixture,exact,fixed,perturbation_seed,none,nominal_mixture_bellman,,,,,,
5,2031,340,Non-robust DR,0.3646930988510148,0.8795407597751752,0.203125,0.4146403617999878,8x8,0.98,0.99,0.4,1,uniform_model_mixture,exact,fixed,perturbation_seed,none,nominal_mixture_bellman,,,,,,
5,2031,345,Non-robust DR,0.3646930988510148,0.8795407597751752,0.203125,0.4146403617999878,8x8,0.98,0.99,0.4,1,uniform_model_mixture,exact,fixed,perturbation_seed,none,nominal_mixture_bellman,,,,,,
5,2031,350,Non-robust DR,0.3646930988510148,0.8795407597751752,0.203125,0.4146403617999878,8x8,0.98,0.99,0.4,1,uniform_model_mixture,exact,fixed,perturbation_seed,none,nominal_mixture_bellman,,,,,,
5,2031,355,Non-robust DR,0.3646930988510148,0.8795407597751752,0.203125,0.4146403617999878,8x8,0.98,0.99,0.4,1,uniform_model_mixture,exact,fixed,perturbation_seed,none,nominal_mixture_bellman,,,,,,
5,2031,360,Non-robust DR,0.3646930988510148,0.8795407597751752,0.203125,0.4146403617999878,8x8,0.98,0.99,0.4,1,uniform_model_mixture,exact,fixed,perturbation_seed,none,nominal_mixture_bellman,,,,,,
5,2031,365,Non-robust DR,0.3646930988510148,0.8795407597751752,0.203125,0.4146403617999878,8x8,0.98,0.99,0.4,1,uniform_model_mixture,exact,fixed,perturbation_seed,none,nominal_mixture_bellman,,,,,,
5,2031,370,Non-robust DR,0.3646930988510148,0.8795407597751752,0.203125,0.4146403617999878,8x8,0.98,0.99,0.4,1,uniform_model_mixture,exact,fixed,perturbation_seed,none,nominal_mixture_bellman,,,,,,
5,2031,375,Non-robust DR,0.3646930988510148,0.8795407597751752,0.203125,0.4146403617999878,8x8,0.98,0.99,0.4,1,uniform_model_mixture,exact,fixed,perturbation_seed,none,nominal_mixture_bellman,,,,,,
5,2031,380,Non-robust DR,0.3646930988510148,0.8795407597751752,0.203125,0.4146403617999878,8x8,0.98,0.99,0.4,1,uniform_model_mixture,exact,fixed,perturbation_seed,none,nominal_mixture_bellman,,,,,,
5,2031,385,Non-robust DR,0.3646930988510148,0.8795407597751752,0.203125,0.4146403617999878,8x8,0.98,0.99,0.4,1,uniform_model_mixture,exact,fixed,perturbation_seed,none,nominal_mixture_bellman,,,,,,
5,2031,390,Non-robust DR,0.3646930988510148,0.8795407597751752,0.203125,0.4146403617999878,8x8,0.98,0.99,0.4,1,uniform_model_mixture,exact,fixed,perturbation_seed,none,nominal_mixture_bellman,,,,,,
5,2031,395,Non-robust DR,0.3646930988510148,0.8795407597751752,0.203125,0.4146403617999878,8x8,0.98,0.99,0.4,1,uniform_model_mixture,exact,fixed,perturbation_seed,none,nominal_mixture_bellman,,,,,,
5,2031,400,Non-robust DR,0.3646930988510148,0.8795407597751752,0.203125,0.4146403617999878,8x8,0.98,0.99,0.4,1,uniform_model_mixture,exact,fixed,perturbation_seed,none,nominal_mixture_bellman,,,,,,
5,2031,405,Non-robust DR,0.3646930988510148,0.8795407597751752,0.203125,0.4146403617999878,8x8,0.98,0.99,0.4,1,uniform_model_mixture,exact,fixed,perturbation_seed,none,nominal_mixture_bellman,,,,,,
5,2031,410,Non-robust DR,0.3646930988510148,0.8795407597751752,0.203125,0.4146403617999878,8x8,0.98,0.99,0.4,1,uniform_model_mixture,exact,fixed,perturbation_seed,none,nominal_mixture_bellman,,,,,,
5,2031,415,Non-robust DR,0.3646930988510148,0.8795407597751752,0.203125,0.4146403617999878,8x8,0.98,0.99,0.4,1,uniform_model_mixture,exact,fixed,perturbation_seed,none,nominal_mixture_bellman,,,,,,
5,2031,420,Non-robust DR,0.3646930988510148,0.8795407597751752,0.203125,0.4146403617999878,8x8,0.98,0.99,0.4,1,uniform_model_mixture,exact,fixed,perturbation_seed,none,nominal_mixture_bellman,,,,,,
5,2031,425,Non-robust DR,0.3646930988510148,0.8795407597751752,0.203125,0.4146403617999878,8x8,0.98,0.99,0.4,1,uniform_model_mixture,exact,fixed,perturbation_seed,none,nominal_mixture_bellman,,,,,,
5,2031,430,Non-robust DR,0.3646930988510148,0.8795407597751752,0.203125,0.4146403617999878,8x8,0.98,0.99,0.4,1,uniform_model_mixture,exact,fixed,perturbation_seed,none,nominal_mixture_bellman,,,,,,
5,2031,435,Non-robust DR,0.3646930988510148,0.8795407597751752,0.203125,0.4146403617999878,8x8,0.98,0.99,0.4,1,uniform_model_mixture,exact,fixed,perturbation_seed,none,nominal_mixture_bellman,,,,,,
5,2031,440,Non-robust DR,0.3646930988510148,0.8795407597751752,0.203125,0.4146403617999878,8x8,0.98,0.99,0.4,1,uniform_model_mixture,exact,fixed,perturbation_seed,none,nominal_mixture_bellman,,,,,,
5,2031,445,Non-robust DR,0.3646930988510148,0.8795407597751752,0.203125,0.4146403617999878,8x8,0.98,0.99,0.4,1,uniform_model_mixture,exact,fixed,perturbation_seed,none,nominal_mixture_bellman,,,,,,
5,2031,450,Non-robust DR,0.3646930988510148,0.8795407597751752,0.203125,0.4146403617999878,8x8,0.98,0.99,0.4,1,uniform_model_mixture,exact,fixed,perturbation_seed,none,nominal_mixture_bellman,,,,,,
5,2031,455,Non-robust DR,0.3646930988510148,0.8795407597751752,0.203125,0.4146403617999878,8x8,0.98,0.99,0.4,1,uniform_model_mixture,exact,fixed,perturbation_seed,none,nominal_mixture_bellman,,,,,,
5,2031,460,Non-robust DR,0.3646930988510148,0.8795407597751752,0.203125,0.4146403617999878,8x8,0.98,0.99,0.4,1,uniform_model_mixture,exact,fixed,perturbation_seed,none,nominal_mixture_bellman,,,,,,
5,2031,465,Non-robust DR,0.3646930988510148,0.8795407597751752,0.203125,0.4146403617999878,8x8,0.98,0.99,0.4,1,uniform_model_mixture,exact,fixed,perturbation_seed,none,nominal_mixture_bellman,,,,,,
5,2031,470,Non-robust DR,0.3646930988510148,0.8795407597751752,0.203125,0.4146403617999878,8x8,0.98,0.99,0.4,1,uniform_model_mixture,exact,fixed,perturbation_seed,none,nominal_mixture_bellman,,,,,,
5,2031,475,Non-robust DR,0.3646930988510148,0.8795407597751752,0.203125,0.4146403617999878,8x8,0.98,0.99,0.4,1,uniform_model_mixture,exact,fixed,perturbation_seed,none,nominal_mixture_bellman,,,,,,
5,2031,480,Non-robust DR,0.3646930988510148,0.8795407597751752,0.203125,0.4146403617999878,8x8,0.98,0.99,0.4,1,uniform_model_mixture,exact,fixed,perturbation_seed,none,nominal_mixture_bellman,,,,,,
5,2031,485,Non-robust DR,0.3646930988510148,0.8795407597751752,0.203125,0.4146403617999878,8x8,0.98,0.99,0.4,1,uniform_model_mixture,exact,fixed,perturbation_seed,none,nominal_mixture_bellman,,,,,,
5,2031,490,Non-robust DR,0.3646930988510148,0.8795407597751752,0.203125,0.4146403617999878,8x8,0.98,0.99,0.4,1,uniform_model_mixture,exact,fixed,perturbation_seed,none,nominal_mixture_bellman,,,,,,
5,2031,495,Non-robust DR,0.3646930988510148,0.8795407597751752,0.203125,0.4146403617999878,8x8,0.98,0.99,0.4,1,uniform_model_mixture,exact,fixed,perturbation_seed,none,nominal_mixture_bellman,,,,,,
5,2031,500,Non-robust DR,0.3646930988510148,0.8795407597751752,0.203125,0.4146403617999878,8x8,0.98,0.99,0.4,1,uniform_model_mixture,exact,fixed,perturbation_seed,none,nominal_mixture_bellman,,,,,,
5,2031,-1,source_metadata,,,,0.4146403617999878,8x8,0.98,0.99,0.4,1,uniform_model_mixture,exact,fixed,perturbation_seed,none,nominal_mixture_bellman,0.0,0.1,0.24892199688828925,0.09548702622130946,0.25,0.5385684610298584
5,2031,-1,source_metadata,,,,0.4146403617999878,8x8,0.98,0.99,0.4,1,uniform_model_mixture,exact,fixed,perturbation_seed,none,nominal_mixture_bellman,1.0,0.2,0.5844600805025637,0.1987186815259817,0.25,0.22937724995099673
5,2031,-1,source_metadata,,,,0.4146403617999878,8x8,0.98,0.99,0.4,1,uniform_model_mixture,exact,fixed,perturbation_seed,none,nominal_mixture_bellman,2.0,0.3,1.0194219336821462,0.3146684008869126,0.25,0.1315078079172059
5,2031,-1,source_metadata,,,,0.4146403617999878,8x8,0.98,0.99,0.4,1,uniform_model_mixture,exact,fixed,perturbation_seed,none,nominal_mixture_bellman,3.0,0.35,1.3333333333333335,0.3857253419020843,0.25,0.10054648110193883
6,2032,0,Non-robust DR,0.0,0.0,0.65625,0.4146403617999878,8x8,0.98,0.99,0.4,1,uniform_model_mixture,exact,fixed,perturbation_seed,none,nominal_mixture_bellman,,,,,,
6,2032,5,Non-robust DR,0.0,0.0,0.609375,0.4146403617999878,8x8,0.98,0.99,0.4,1,uniform_model_mixture,exact,fixed,perturbation_seed,none,nominal_mixture_bellman,,,,,,
6,2032,10,Non-robust DR,-4.745217689894754e-19,-1.1444176995445825e-18,0.5,0.4146403617999878,8x8,0.98,0.99,0.4,1,uniform_model_mixture,exact,fixed,perturbation_seed,none,nominal_mixture_bellman,,,,,,
6,2032,15,Non-robust DR,0.045816442901871285,0.11049682356772589,0.5,0.4146403617999878,8x8,0.98,0.99,0.4,1,uniform_model_mixture,exact,fixed,perturbation_seed,none,nominal_mixture_bellman,,,,,,
6,2032,20,Non-robust DR,0.04575242839255982,0.11034243794777908,0.5,0.4146403617999878,8x8,0.98,0.99,0.4,1,uniform_model_mixture,exact,fixed,perturbation_seed,none,nominal_mixture_bellman,,,,,,
6,2032,25,Non-robust DR,0.07799248205046552,0.18809669592196418,0.453125,0.4146403617999878,8x8,0.98,0.99,0.4,1,uniform_model_mixture,exact,fixed,perturbation_seed,none,nominal_mixture_bellman,,,,,,
6,2032,30,Non-robust DR,0.10093482179144073,0.24342739176011324,0.40625,0.4146403617999878,8x8,0.98,0.99,0.4,1,uniform_model_mixture,exact,fixed,perturbation_seed,none,nominal_mixture_bellman,,,,,,
6,2032,35,Non-robust DR,0.21819135819295732,0.526218328687952,0.359375,0.4146403617999878,8x8,0.98,0.99,0.4,1,uniform_model_mixture,exact,fixed,perturbation_seed,none,nominal_mixture_bellman,,,,,,
6,2032,40,Non-robust DR,0.21819135819295732,0.526218328687952,0.359375,0.4146403617999878,8x8,0.98,0.99,0.4,1,uniform_model_mixture,exact,fixed,perturbation_seed,none,nominal_mixture_bellman,,,,,,
6,2032,45,Non-robust DR,0.23206341394944194,0.5596739616520583,0.328125,0.4146403617999878,8x8,0.98,0.99,0.4,1,uniform_model_mixture,exact,fixed,perturbation_seed,none,nominal_mixture_bellman,,,,,,
6,2032,50,Non-robust DR,0.24031654863537247,0.5795782822302649,0.28125,0.4146403617999878,8x8,0.98,0.99,0.4,1,uniform_model_mixture,exact,fixed,perturbation_seed,none,nominal_mixture_bellman,,,,,,
6,2032,55,Non-robust DR,0.32137906006971656,0.7750790556775122,0.265625,0.4146403617999878,8x8,0.98,0.99,0.4,1,uniform_model_mixture,exact,fixed,perturbation_seed,none,nominal_mixture_bellman,,,,,,
6,2032,60,Non-robust DR,0.32137906006971656,0.7750790556775122,0.265625,0.4146403617999878,8x8,0.98,0.99,0.4,1,uniform_model_mixture,exact,fixed,perturbation_seed,none,nominal_mixture_bellman,,,,,,
6,2032,65,Non-robust DR,0.3333008751692914,0.8038312375630896,0.25,0.4146403617999878,8x8,0.98,0.99,0.4,1,uniform_model_mixture,exact,fixed,perturbation_seed,none,nominal_mixture_bellman,,,,,,
6,2032,70,Non-robust DR,0.3333008751692914,0.8038312375630896,0.25,0.4146403617999878,8x8,0.98,0.99,0.4,1,uniform_model_mixture,exact,fixed,perturbation_seed,none,nominal_mixture_bellman,,,,,,
6,2032,75,Non-robust DR,0.3333008751692914,0.8038312375630896,0.25,0.4146403617999878,8x8,0.98,0.99,0.4,1,uniform_model_mixture,exact,fixed,perturbation_seed,none,nominal_mixture_bellman,,,,,,
6,2032,80,Non-robust DR,0.346334842967479,0.8352656298677993,0.234375,0.4146403617999878,8x8,0.98,0.99,0.4,1,uniform_model_mixture,exact,fixed,perturbation_seed,none,nominal_mixture_bellman,,,,,,
6,2032,85,Non-robust DR,0.346334842967479,0.8352656298677993,0.234375,0.4146403617999878,8x8,0.98,0.99,0.4,1,uniform_model_mixture,exact,fixed,perturbation_seed,none,nominal_mixture_bellman,,,,,,
6,2032,90,Non-robust DR,0.346334842967479,0.8352656298677993,0.234375,0.4146403617999878,8x8,0.98,0.99,0.4,1,uniform_model_mixture,exact,fixed,perturbation_seed,none,nominal_mixture_bellman,,,,,,
6,2032,95,Non-robust DR,0.346334842967479,0.8352656298677993,0.234375,0.4146403617999878,8x8,0.98,0.99,0.4,1,uniform_model_mixture,exact,fixed,perturbation_seed,none,nominal_mixture_bellman,,,,,,
6,2032,100,Non-robust DR,0.34633484296747885,0.835265629867799,0.21875,0.4146403617999878,8x8,0.98,0.99,0.4,1,uniform_model_mixture,exact,fixed,perturbation_seed,none,nominal_mixture_bellman,,,,,,
6,2032,105,Non-robust DR,0.34633484296747885,0.835265629867799,0.21875,0.4146403617999878,8x8,0.98,0.99,0.4,1,uniform_model_mixture,exact,fixed,perturbation_seed,none,nominal_mixture_bellman,,,,,,
6,2032,110,Non-robust DR,0.34633484296747885,0.835265629867799,0.21875,0.4146403617999878,8x8,0.98,0.99,0.4,1,uniform_model_mixture,exact,fixed,perturbation_seed,none,nominal_mixture_bellman,,,,,,
6,2032,115,Non-robust DR,0.3686583626073148,0.8891038995985308,0.203125,0.4146403617999878,8x8,0.98,0.99,0.4,1,uniform_model_mixture,exact,fixed,perturbation_seed,none,nominal_mixture_bellman,,,,,,
6,2032,120,Non-robust DR,0.3686583626073148,0.8891038995985308,0.203125,0.4146403617999878,8x8,0.98,0.99,0.4,1,uniform_model_mixture,exact,fixed,perturbation_seed,none,nominal_mixture_bellman,,,,,,
6,2032,125,Non-robust DR,0.3686583626073148,0.8891038995985308,0.203125,0.4146403617999878,8x8,0.98,0.99,0.4,1,uniform_model_mixture,exact,fixed,perturbation_seed,none,nominal_mixture_bellman,,,,,,
6,2032,130,Non-robust DR,0.3686583626073148,0.8891038995985308,0.203125,0.4146403617999878,8x8,0.98,0.99,0.4,1,uniform_model_mixture,exact,fixed,perturbation_seed,none,nominal_mixture_bellman,,,,,,
6,2032,135,Non-robust DR,0.3686583626073148,0.8891038995985308,0.203125,0.4146403617999878,8x8,0.98,0.99,0.4,1,uniform_model_mixture,exact,fixed,perturbation_seed,none,nominal_mixture_bellman,,,,,,
6,2032,140,Non-robust DR,0.3686583626073148,0.8891038995985308,0.203125,0.4146403617999878,8x8,0.98,0.99,0.4,1,uniform_model_mixture,exact,fixed,perturbation_seed,none,nominal_mixture_bellman,,,,,,
6,2032,145,Non-robust DR,0.3686583626073148,0.8891038995985308,0.203125,0.4146403617999878,8x8,0.98,0.99,0.4,1,uniform_model_mixture,exact,fixed,perturbation_seed,none,nominal_mixture_bellman,,,,,,
6,2032,150,Non-robust DR,0.3686583626073148,0.8891038995985308,0.203125,0.4146403617999878,8x8,0.98,0.99,0.4,1,uniform_model_mixture,exact,fixed,perturbation_seed,none,nominal_mixture_bellman,,,,,,
6,2032,155,Non-robust DR,0.3686583626073148,0.8891038995985308,0.203125,0.4146403617999878,8x8,0.98,0.99,0.4,1,uniform_model_mixture,exact,fixed,perturbation_seed,none,nominal_mixture_bellman,,,,,,
6,2032,160,Non-robust DR,0.3629983973607646,0.875453599801425,0.21875,0.4146403617999878,8x8,0.98,0.99,0.4,1,uniform_model_mixture,exact,fixed,perturbation_seed,none,nominal_mixture_bellman,,,,,,
6,2032,165,Non-robust DR,0.3629983973607646,0.875453599801425,0.21875,0.4146403617999878,8x8,0.98,0.99,0.4,1,uniform_model_mixture,exact,fixed,perturbation_seed,none,nominal_mixture_bellman,,,,,,
6,2032,170,Non-robust DR,0.3629983973607646,0.875453599801425,0.21875,0.4146403617999878,8x8,0.98,0.99,0.4,1,uniform_model_mixture,exact,fixed,perturbation_seed,none,nominal_mixture_bellman,,,,,,
6,2032,175,Non-robust DR,0.3629983973607646,0.875453599801425,0.21875,0.4146403617999878,8x8,0.98,0.99,0.4,1,uniform_model_mixture,exact,fixed,perturbation_seed,none,nominal_mixture_bellman,,,,,,
6,2032,180,Non-robust DR,0.3629983973607646,0.875453599801425,0.21875,0.4146403617999878,8x8,0.98,0.99,0.4,1,uniform_model_mixture,exact,fixed,perturbation_seed,none,nominal_mixture_bellman,,,,,,
6,2032,185,Non-robust DR,0.3629983973607646,0.875453599801425,0.21875,0.4146403617999878,8x8,0.98,0.99,0.4,1,uniform_model_mixture,exact,fixed,perturbation_seed,none,nominal_mixture_bellman,,,,,,
6,2032,190,Non-robust DR,0.3629983973607646,0.875453599801425,0.21875,0.4146403617999878,8x8,0.98,0.99,0.4,1,uniform_model_mixture,exact,fixed,perturbation_seed,none,nominal_mixture_bellman,,,,,,
6,2032,195,Non-robust DR,0.3629983973607646,0.875453599801425,0.21875,0.4146403617999878,8x8,0.98,0.99,0.4,1,uniform_model_mixture,exact,fixed,perturbation_seed,none,nominal_mixture_bellman,,,,,,
6,2032,200,Non-robust DR,0.3629983973607646,0.875453599801425,0.21875,0.4146403617999878,8x8,0.98,0.99,0.4,1,uniform_model_mixture,exact,fixed,perturbation_seed,none,nominal_mixture_bellman,,,,,,
6,2032,205,Non-robust DR,0.3629983973607646,0.875453599801425,0.21875,0.4146403617999878,8x8,0.98,0.99,0.4,1,uniform_model_mixture,exact,fixed,perturbation_seed,none,nominal_mixture_bellman,,,,,,
6,2032,210,Non-robust DR,0.3629983973607646,0.875453599801425,0.21875,0.4146403617999878,8x8,0.98,0.99,0.4,1,uniform_model_mixture,exact,fixed,perturbation_seed,none,nominal_mixture_bellman,,,,,,
6,2032,215,Non-robust DR,0.3629983973607646,0.875453599801425,0.21875,0.4146403617999878,8x8,0.98,0.99,0.4,1,uniform_model_mixture,exact,fixed,perturbation_seed,none,nominal_mixture_bellman,,,,,,
6,2032,220,Non-robust DR,0.3629983973607646,0.875453599801425,0.21875,0.4146403617999878,8x8,0.98,0.99,0.4,1,uniform_model_mixture,exact,fixed,perturbation_seed,none,nominal_mixture_bellman,,,,,,
6,2032,225,Non-robust DR,0.3629983973607646,0.875453599801425,0.21875,0.4146403617999878,8x8,0.98,0.99,0.4,1,uniform_model_mixture,exact,fixed,perturbation_seed,none,nominal_mixture_bellman,,,,,,
6,2032,230,Non-robust DR,0.3629983973607646,0.875453599801425,0.21875,0.4146403617999878,8x8,0.98,0.99,0.4,1,uniform_model_mixture,exact,fixed,perturbation_seed,none,nominal_mixture_bellman,,,,,,
6,2032,235,Non-robust DR,0.3629983973607646,0.875453599801425,0.21875,0.4146403617999878,8x8,0.98,0.99,0.4,1,uniform_model_mixture,exact,fixed,perturbation_seed,none,nominal_mixture_bellman,,,,,,
6,2032,240,Non-robust DR,0.36286328058701,0.8751277348200999,0.234375,0.4146403617999878,8x8,0.98,0.99,0.4,1,uniform_model_mixture,exact,fixed,perturbation_seed,none,nominal_mixture_bellman,,,,,,
6,2032,245,Non-robust DR,0.36286328058701,0.8751277348200999,0.234375,0.4146403617999878,8x8,0.98,0.99,0.4,1,uniform_model_mixture,exact,fixed,perturbation_seed,none,nominal_mixture_bellman,,,,,,
6,2032,250,Non-robust DR,0.36286328058701,0.8751277348200999,0.234375,0.4146403617999878,8x8,0.98,0.99,0.4,1,uniform_model_mixture,exact,fixed,perturbation_seed,none,nominal_mixture_bellman,,,,,,
6,2032,255,Non-robust DR,0.36286328058701,0.8751277348200999,0.234375,0.4146403617999878,8x8,0.98,0.99,0.4,1,uniform_model_mixture,exact,fixed,perturbation_seed,none,nominal_mixture_bellman,,,,,,
6,2032,260,Non-robust DR,0.36286328058701,0.8751277348200999,0.234375,0.4146403617999878,8x8,0.98,0.99,0.4,1,uniform_model_mixture,exact,fixed,perturbation_seed,none,nominal_mixture_bellman,,,,,,
6,2032,265,Non-robust DR,0.36286328058701,0.8751277348200999,0.234375,0.4146403617999878,8x8,0.98,0.99,0.4,1,uniform_model_mixture,exact,fixed,perturbation_seed,none,nominal_mixture_bellman,,,,,,
6,2032,270,Non-robust DR,0.36286328058701,0.8751277348200999,0.234375,0.4146403617999878,8x8,0.98,0.99,0.4,1,uniform_model_mixture,exact,fixed,perturbation_seed,none,nominal_mixture_bellman,,,,,,
6,2032,275,Non-robust DR,0.36286328058701,0.8751277348200999,0.234375,0.4146403617999878,8x8,0.98,0.99,0.4,1,uniform_model_mixture,exact,fixed,perturbation_seed,none,nominal_mixture_bellman,,,,,,
6,2032,280,Non-robust DR,0.36286328058701,0.8751277348200999,0.234375,0.4146403617999878,8x8,0.98,0.99,0.4,1,uniform_model_mixture,exact,fixed,perturbation_seed,none,nominal_mixture_bellman,,,,,,
6,2032,285,Non-robust DR,0.36286328058701,0.8751277348200999,0.234375,0.4146403617999878,8x8,0.98,0.99,0.4,1,uniform_model_mixture,exact,fixed,perturbation_seed,none,nominal_mixture_bellman,,,,,,
6,2032,290,Non-robust DR,0.36286328058701,0.8751277348200999,0.234375,0.4146403617999878,8x8,0.98,0.99,0.4,1,uniform_model_mixture,exact,fixed,perturbation_seed,none,nominal_mixture_bellman,,,,,,
6,2032,295,Non-robust DR,0.36286328058701,0.8751277348200999,0.234375,0.4146403617999878,8x8,0.98,0.99,0.4,1,uniform_model_mixture,exact,fixed,perturbation_seed,none,nominal_mixture_bellman,,,,,,
6,2032,300,Non-robust DR,0.36286328058701,0.8751277348200999,0.234375,0.4146403617999878,8x8,0.98,0.99,0.4,1,uniform_model_mixture,exact,fixed,perturbation_seed,none,nominal_mixture_bellman,,,,,,
6,2032,305,Non-robust DR,0.36286328058701,0.8751277348200999,0.234375,0.4146403617999878,8x8,0.98,0.99,0.4,1,uniform_model_mixture,exact,fixed,perturbation_seed,none,nominal_mixture_bellman,,,,,,
6,2032,310,Non-robust DR,0.36286328058701,0.8751277348200999,0.234375,0.4146403617999878,8x8,0.98,0.99,0.4,1,uniform_model_mixture,exact,fixed,perturbation_seed,none,nominal_mixture_bellman,,,,,,
6,2032,315,Non-robust DR,0.36286328058701,0.8751277348200999,0.234375,0.4146403617999878,8x8,0.98,0.99,0.4,1,uniform_model_mixture,exact,fixed,perturbation_seed,none,nominal_mixture_bellman,,,,,,
6,2032,320,Non-robust DR,0.36286328058701,0.8751277348200999,0.234375,0.4146403617999878,8x8,0.98,0.99,0.4,1,uniform_model_mixture,exact,fixed,perturbation_seed,none,nominal_mixture_bellman,,,,,,
6,2032,325,Non-robust DR,0.36286328058701,0.8751277348200999,0.234375,0.4146403617999878,8x8,0.98,0.99,0.4,1,uniform_model_mixture,exact,fixed,perturbation_seed,none,nominal_mixture_bellman,,,,,,
6,2032,330,Non-robust DR,0.36286328058701,0.8751277348200999,0.234375,0.4146403617999878,8x8,0.98,0.99,0.4,1,uniform_model_mixture,exact,fixed,perturbation_seed,none,nominal_mixture_bellman,,,,,,
6,2032,335,Non-robust DR,0.36286328058701,0.8751277348200999,0.234375,0.4146403617999878,8x8,0.98,0.99,0.4,1,uniform_model_mixture,exact,fixed,perturbation_seed,none,nominal_mixture_bellman,,,,,,
6,2032,340,Non-robust DR,0.36286328058701,0.8751277348200999,0.234375,0.4146403617999878,8x8,0.98,0.99,0.4,1,uniform_model_mixture,exact,fixed,perturbation_seed,none,nominal_mixture_bellman,,,,,,
6,2032,345,Non-robust DR,0.36286328058701,0.8751277348200999,0.234375,0.4146403617999878,8x8,0.98,0.99,0.4,1,uniform_model_mixture,exact,fixed,perturbation_seed,none,nominal_mixture_bellman,,,,,,
6,2032,350,Non-robust DR,0.36286328058701,0.8751277348200999,0.234375,0.4146403617999878,8x8,0.98,0.99,0.4,1,uniform_model_mixture,exact,fixed,perturbation_seed,none,nominal_mixture_bellman,,,,,,
6,2032,355,Non-robust DR,0.36286328058701,0.8751277348200999,0.234375,0.4146403617999878,8x8,0.98,0.99,0.4,1,uniform_model_mixture,exact,fixed,perturbation_seed,none,nominal_mixture_bellman,,,,,,
6,2032,360,Non-robust DR,0.36286328058701,0.8751277348200999,0.234375,0.4146403617999878,8x8,0.98,0.99,0.4,1,uniform_model_mixture,exact,fixed,perturbation_seed,none,nominal_mixture_bellman,,,,,,
6,2032,365,Non-robust DR,0.36286328058701,0.8751277348200999,0.234375,0.4146403617999878,8x8,0.98,0.99,0.4,1,uniform_model_mixture,exact,fixed,perturbation_seed,none,nominal_mixture_bellman,,,,,,
6,2032,370,Non-robust DR,0.36286328058701,0.8751277348200999,0.234375,0.4146403617999878,8x8,0.98,0.99,0.4,1,uniform_model_mixture,exact,fixed,perturbation_seed,none,nominal_mixture_bellman,,,,,,
6,2032,375,Non-robust DR,0.36286328058701,0.8751277348200999,0.234375,0.4146403617999878,8x8,0.98,0.99,0.4,1,uniform_model_mixture,exact,fixed,perturbation_seed,none,nominal_mixture_bellman,,,,,,
6,2032,380,Non-robust DR,0.36286328058701,0.8751277348200999,0.234375,0.4146403617999878,8x8,0.98,0.99,0.4,1,uniform_model_mixture,exact,fixed,perturbation_seed,none,nominal_mixture_bellman,,,,,,
6,2032,385,Non-robust DR,0.36286328058701,0.8751277348200999,0.234375,0.4146403617999878,8x8,0.98,0.99,0.4,1,uniform_model_mixture,exact,fixed,perturbation_seed,none,nominal_mixture_bellman,,,,,,
6,2032,390,Non-robust DR,0.36286328058701,0.8751277348200999,0.234375,0.4146403617999878,8x8,0.98,0.99,0.4,1,uniform_model_mixture,exact,fixed,perturbation_seed,none,nominal_mixture_bellman,,,,,,
6,2032,395,Non-robust DR,0.36286328058701,0.8751277348200999,0.234375,0.4146403617999878,8x8,0.98,0.99,0.4,1,uniform_model_mixture,exact,fixed,perturbation_seed,none,nominal_mixture_bellman,,,,,,
6,2032,400,Non-robust DR,0.36286328058701,0.8751277348200999,0.234375,0.4146403617999878,8x8,0.98,0.99,0.4,1,uniform_model_mixture,exact,fixed,perturbation_seed,none,nominal_mixture_bellman,,,,,,
6,2032,405,Non-robust DR,0.36286328058701,0.8751277348200999,0.234375,0.4146403617999878,8x8,0.98,0.99,0.4,1,uniform_model_mixture,exact,fixed,perturbation_seed,none,nominal_mixture_bellman,,,,,,
6,2032,410,Non-robust DR,0.36286328058701,0.8751277348200999,0.234375,0.4146403617999878,8x8,0.98,0.99,0.4,1,uniform_model_mixture,exact,fixed,perturbation_seed,none,nominal_mixture_bellman,,,,,,
6,2032,415,Non-robust DR,0.36286328058701,0.8751277348200999,0.234375,0.4146403617999878,8x8,0.98,0.99,0.4,1,uniform_model_mixture,exact,fixed,perturbation_seed,none,nominal_mixture_bellman,,,,,,
6,2032,420,Non-robust DR,0.36286328058701,0.8751277348200999,0.234375,0.4146403617999878,8x8,0.98,0.99,0.4,1,uniform_model_mixture,exact,fixed,perturbation_seed,none,nominal_mixture_bellman,,,,,,
6,2032,425,Non-robust DR,0.36286328058701,0.8751277348200999,0.234375,0.4146403617999878,8x8,0.98,0.99,0.4,1,uniform_model_mixture,exact,fixed,perturbation_seed,none,nominal_mixture_bellman,,,,,,
6,2032,430,Non-robust DR,0.36286328058701,0.8751277348200999,0.234375,0.4146403617999878,8x8,0.98,0.99,0.4,1,uniform_model_mixture,exact,fixed,perturbation_seed,none,nominal_mixture_bellman,,,,,,
6,2032,435,Non-robust DR,0.36286328058701,0.8751277348200999,0.234375,0.4146403617999878,8x8,0.98,0.99,0.4,1,uniform_model_mixture,exact,fixed,perturbation_seed,none,nominal_mixture_bellman,,,,,,
6,2032,440,Non-robust DR,0.36286328058701,0.8751277348200999,0.234375,0.4146403617999878,8x8,0.98,0.99,0.4,1,uniform_model_mixture,exact,fixed,perturbation_seed,none,nominal_mixture_bellman,,,,,,
6,2032,445,Non-robust DR,0.36286328058701,0.8751277348200999,0.234375,0.4146403617999878,8x8,0.98,0.99,0.4,1,uniform_model_mixture,exact,fixed,perturbation_seed,none,nominal_mixture_bellman,,,,,,
6,2032,450,Non-robust DR,0.36286328058701,0.8751277348200999,0.234375,0.4146403617999878,8x8,0.98,0.99,0.4,1,uniform_model_mixture,exact,fixed,perturbation_seed,none,nominal_mixture_bellman,,,,,,
6,2032,455,Non-robust DR,0.36286328058701,0.8751277348200999,0.234375,0.4146403617999878,8x8,0.98,0.99,0.4,1,uniform_model_mixture,exact,fixed,perturbation_seed,none,nominal_mixture_bellman,,,,,,
6,2032,460,Non-robust DR,0.36286328058701,0.8751277348200999,0.234375,0.4146403617999878,8x8,0.98,0.99,0.4,1,uniform_model_mixture,exact,fixed,perturbation_seed,none,nominal_mixture_bellman,,,,,,
6,2032,465,Non-robust DR,0.36286328058701,0.8751277348200999,0.234375,0.4146403617999878,8x8,0.98,0.99,0.4,1,uniform_model_mixture,exact,fixed,perturbation_seed,none,nominal_mixture_bellman,,,,,,
6,2032,470,Non-robust DR,0.36286328058701,0.8751277348200999,0.234375,0.4146403617999878,8x8,0.98,0.99,0.4,1,uniform_model_mixture,exact,fixed,perturbation_seed,none,nominal_mixture_bellman,,,,,,
6,2032,475,Non-robust DR,0.36286328058701,0.8751277348200999,0.234375,0.4146403617999878,8x8,0.98,0.99,0.4,1,uniform_model_mixture,exact,fixed,perturbation_seed,none,nominal_mixture_bellman,,,,,,
6,2032,480,Non-robust DR,0.36286328058701,0.8751277348200999,0.234375,0.4146403617999878,8x8,0.98,0.99,0.4,1,uniform_model_mixture,exact,fixed,perturbation_seed,none,nominal_mixture_bellman,,,,,,
6,2032,485,Non-robust DR,0.36286328058701,0.8751277348200999,0.234375,0.4146403617999878,8x8,0.98,0.99,0.4,1,uniform_model_mixture,exact,fixed,perturbation_seed,none,nominal_mixture_bellman,,,,,,
6,2032,490,Non-robust DR,0.36286328058701,0.8751277348200999,0.234375,0.4146403617999878,8x8,0.98,0.99,0.4,1,uniform_model_mixture,exact,fixed,perturbation_seed,none,nominal_mixture_bellman,,,,,,
6,2032,495,Non-robust DR,0.36286328058701,0.8751277348200999,0.234375,0.4146403617999878,8x8,0.98,0.99,0.4,1,uniform_model_mixture,exact,fixed,perturbation_seed,none,nominal_mixture_bellman,,,,,,
6,2032,500,Non-robust DR,0.36286328058701,0.8751277348200999,0.234375,0.4146403617999878,8x8,0.98,0.99,0.4,1,uniform_model_mixture,exact,fixed,perturbation_seed,none,nominal_mixture_bellman,,,,,,
6,2032,-1,source_metadata,,,,0.4146403617999878,8x8,0.98,0.99,0.4,1,uniform_model_mixture,exact,fixed,perturbation_seed,none,nominal_mixture_bellman,0.0,0.1,0.2732435740552769,0.09834233743488235,0.25,0.48280281835195654
6,2032,-1,source_metadata,,,,0.4146403617999878,8x8,0.98,0.99,0.4,1,uniform_model_mixture,exact,fixed,perturbation_seed,none,nominal_mixture_bellman,1.0,0.2,0.5078649750885061,0.1949441181807372,0.25,0.259759970000505
6,2032,-1,source_metadata,,,,0.4146403617999878,8x8,0.98,0.99,0.4,1,uniform_model_mixture,exact,fixed,perturbation_seed,none,nominal_mixture_bellman,2.0,0.3,0.9288128794167261,0.3248592107328241,0.25,0.14203410756104587
6,2032,-1,source_metadata,,,,0.4146403617999878,8x8,0.98,0.99,0.4,1,uniform_model_mixture,exact,fixed,perturbation_seed,none,nominal_mixture_bellman,3.0,0.35,1.1431506638789317,0.39183893729327,0.25,0.11540310408649261
7,2033,0,Non-robust DR,0.0,0.0,0.65625,0.4146403617999878,8x8,0.98,0.99,0.4,1,uniform_model_mixture,exact,fixed,perturbation_seed,none,nominal_mixture_bellman,,,,,,
7,2033,5,Non-robust DR,0.0,0.0,0.609375,0.4146403617999878,8x8,0.98,0.99,0.4,1,uniform_model_mixture,exact,fixed,perturbation_seed,none,nominal_mixture_bellman,,,,,,
7,2033,10,Non-robust DR,-3.566195295835468e-17,-8.600695022439015e-17,0.546875,0.4146403617999878,8x8,0.98,0.99,0.4,1,uniform_model_mixture,exact,fixed,perturbation_seed,none,nominal_mixture_bellman,,,,,,
7,2033,15,Non-robust DR,0.018904462195702538,0.045592431266547995,0.53125,0.4146403617999878,8x8,0.98,0.99,0.4,1,uniform_model_mixture,exact,fixed,perturbation_seed,none,nominal_mixture_bellman,,,,,,
7,2033,20,Non-robust DR,0.0372108726949386,0.08974252418023936,0.5,0.4146403617999878,8x8,0.98,0.99,0.4,1,uniform_model_mixture,exact,fixed,perturbation_seed,none,nominal_mixture_bellman,,,,,,
7,2033,25,Non-robust DR,0.05810497122773213,0.14013341821209513,0.421875,0.4146403617999878,8x8,0.98,0.99,0.4,1,uniform_model_mixture,exact,fixed,perturbation_seed,none,nominal_mixture_bellman,,,,,,
7,2033,30,Non-robust DR,0.12642939365648959,0.30491337868713314,0.34375,0.4146403617999878,8x8,0.98,0.99,0.4,1,uniform_model_mixture,exact,fixed,perturbation_seed,none,nominal_mixture_bellman,,,,,,
7,2033,35,Non-robust DR,0.1364100997544094,0.3289841325679005,0.328125,0.4146403617999878,8x8,0.98,0.99,0.4,1,uniform_model_mixture,exact,fixed,perturbation_seed,none,nominal_mixture_bellman,,,,,,
7,2033,40,Non-robust DR,0.13641009975440935,0.3289841325679003,0.3125,0.4146403617999878,8x8,0.98,0.99,0.4,1,uniform_model_mixture,exact,fixed,perturbation_seed,none,nominal_mixture_bellman,,,,,,
7,2033,45,Non-robust DR,0.2092365511871829,0.5046217649407546,0.28125,0.4146403617999878,8x8,0.98,0.99,0.4,1,uniform_model_mixture,exact,fixed,perturbation_seed,none,nominal_mixture_bellman,,,,,,
7,2033,50,Non-robust DR,0.2092365511871829,0.5046217649407546,0.28125,0.4146403617999878,8x8,0.98,0.99,0.4,1,uniform_model_mixture,exact,fixed,perturbation_seed,none,nominal_mixture_bellman,,,,,,
7,2033,55,Non-robust DR,0.2092365511871829,0.5046217649407546,0.28125,0.4146403617999878,8x8,0.98,0.99,0.4,1,uniform_model_mixture,exact,fixed,perturbation_seed,none,nominal_mixture_bellman,,,,,,
7,2033,60,Non-robust DR,0.23031778271333678,0.5554639729560056,0.25,0.4146403617999878,8x8,0.98,0.99,0.4,1,uniform_model_mixture,exact,fixed,perturbation_seed,none,nominal_mixture_bellman,,,,,,
7,2033,65,Non-robust DR,0.2857102225118852,0.6890555016679846,0.21875,0.4146403617999878,8x8,0.98,0.99,0.4,1,uniform_model_mixture,exact,fixed,perturbation_seed,none,nominal_mixture_bellman,,,,,,
7,2033,70,Non-robust DR,0.2857102225118852,0.6890555016679846,0.21875,0.4146403617999878,8x8,0.98,0.99,0.4,1,uniform_model_mixture,exact,fixed,perturbation_seed,none,nominal_mixture_bellman,,,,,,
7,2033,75,Non-robust DR,0.2857102225118852,0.6890555016679846,0.203125,0.4146403617999878,8x8,0.98,0.99,0.4,1,uniform_model_mixture,exact,fixed,perturbation_seed,none,nominal_mixture_bellman,,,,,,
7,2033,80,Non-robust DR,0.2857102225118852,0.6890555016679846,0.203125,0.4146403617999878,8x8,0.98,0.99,0.4,1,uniform_model_mixture,exact,fixed,perturbation_seed,none,nominal_mixture_bellman,,,,,,
7,2033,85,Non-robust DR,0.2857102225118852,0.6890555016679846,0.203125,0.4146403617999878,8x8,0.98,0.99,0.4,1,uniform_model_mixture,exact,fixed,perturbation_seed,none,nominal_mixture_bellman,,,,,,
7,2033,90,Non-robust DR,0.2857102225118852,0.6890555016679846,0.203125,0.4146403617999878,8x8,0.98,0.99,0.4,1,uniform_model_mixture,exact,fixed,perturbation_seed,none,nominal_mixture_bellman,,,,,,
7,2033,95,Non-robust DR,0.3136356745478874,0.7564041117135081,0.171875,0.4146403617999878,8x8,0.98,0.99,0.4,1,uniform_model_mixture,exact,fixed,perturbation_seed,none,nominal_mixture_bellman,,,,,,
7,2033,100,Non-robust DR,0.33530282088468266,0.8086593872075203,0.15625,0.4146403617999878,8x8,0.98,0.99,0.4,1,uniform_model_mixture,exact,fixed,perturbation_seed,none,nominal_mixture_bellman,,,,,,
7,2033,105,Non-robust DR,0.33530282088468266,0.8086593872075203,0.15625,0.4146403617999878,8x8,0.98,0.99,0.4,1,uniform_model_mixture,exact,fixed,perturbation_seed,none,nominal_mixture_bellman,,,,,,
7,2033,110,Non-robust DR,0.33530282088468266,0.8086593872075203,0.140625,0.4146403617999878,8x8,0.98,0.99,0.4,1,uniform_model_mixture,exact,fixed,perturbation_seed,none,nominal_mixture_bellman,,,,,,
7,2033,115,Non-robust DR,0.3723016551755183,0.8978905323141391,0.140625,0.4146403617999878,8x8,0.98,0.99,0.4,1,uniform_model_mixture,exact,fixed,perturbation_seed,none,nominal_mixture_bellman,,,,,,
7,2033,120,Non-robust DR,0.3723016551755183,0.8978905323141391,0.140625,0.4146403617999878,8x8,0.98,0.99,0.4,1,uniform_model_mixture,exact,fixed,perturbation_seed,none,nominal_mixture_bellman,,,,,,
7,2033,125,Non-robust DR,0.37230165517551805,0.8978905323141385,0.15625,0.4146403617999878,8x8,0.98,0.99,0.4,1,uniform_model_mixture,exact,fixed,perturbation_seed,none,nominal_mixture_bellman,,,,,,
7,2033,130,Non-robust DR,0.37230165517551805,0.8978905323141385,0.15625,0.4146403617999878,8x8,0.98,0.99,0.4,1,uniform_model_mixture,exact,fixed,perturbation_seed,none,nominal_mixture_bellman,,,,,,
7,2033,135,Non-robust DR,0.37230165517551805,0.8978905323141385,0.15625,0.4146403617999878,8x8,0.98,0.99,0.4,1,uniform_model_mixture,exact,fixed,perturbation_seed,none,nominal_mixture_bellman,,,,,,
7,2033,140,Non-robust DR,0.37230165517551794,0.8978905323141383,0.140625,0.4146403617999878,8x8,0.98,0.99,0.4,1,uniform_model_mixture,exact,fixed,perturbation_seed,none,nominal_mixture_bellman,,,,,,
7,2033,145,Non-robust DR,0.37230165517551794,0.8978905323141383,0.140625,0.4146403617999878,8x8,0.98,0.99,0.4,1,uniform_model_mixture,exact,fixed,perturbation_seed,none,nominal_mixture_bellman,,,,,,
7,2033,150,Non-robust DR,0.37230165517551794,0.8978905323141383,0.140625,0.4146403617999878,8x8,0.98,0.99,0.4,1,uniform_model_mixture,exact,fixed,perturbation_seed,none,nominal_mixture_bellman,,,,,,
7,2033,155,Non-robust DR,0.37230165517551794,0.8978905323141383,0.140625,0.4146403617999878,8x8,0.98,0.99,0.4,1,uniform_model_mixture,exact,fixed,perturbation_seed,none,nominal_mixture_bellman,,,,,,
7,2033,160,Non-robust DR,0.37230165517551794,0.8978905323141383,0.140625,0.4146403617999878,8x8,0.98,0.99,0.4,1,uniform_model_mixture,exact,fixed,perturbation_seed,none,nominal_mixture_bellman,,,,,,
7,2033,165,Non-robust DR,0.37230165517551794,0.8978905323141383,0.140625,0.4146403617999878,8x8,0.98,0.99,0.4,1,uniform_model_mixture,exact,fixed,perturbation_seed,none,nominal_mixture_bellman,,,,,,
7,2033,170,Non-robust DR,0.37230165517551794,0.8978905323141383,0.140625,0.4146403617999878,8x8,0.98,0.99,0.4,1,uniform_model_mixture,exact,fixed,perturbation_seed,none,nominal_mixture_bellman,,,,,,
7,2033,175,Non-robust DR,0.37230165517551794,0.8978905323141383,0.140625,0.4146403617999878,8x8,0.98,0.99,0.4,1,uniform_model_mixture,exact,fixed,perturbation_seed,none,nominal_mixture_bellman,,,,,,
7,2033,180,Non-robust DR,0.37230165517551794,0.8978905323141383,0.140625,0.4146403617999878,8x8,0.98,0.99,0.4,1,uniform_model_mixture,exact,fixed,perturbation_seed,none,nominal_mixture_bellman,,,,,,
7,2033,185,Non-robust DR,0.37230165517551794,0.8978905323141383,0.140625,0.4146403617999878,8x8,0.98,0.99,0.4,1,uniform_model_mixture,exact,fixed,perturbation_seed,none,nominal_mixture_bellman,,,,,,
7,2033,190,Non-robust DR,0.37230165517551794,0.8978905323141383,0.140625,0.4146403617999878,8x8,0.98,0.99,0.4,1,uniform_model_mixture,exact,fixed,perturbation_seed,none,nominal_mixture_bellman,,,,,,
7,2033,195,Non-robust DR,0.37230165517551794,0.8978905323141383,0.140625,0.4146403617999878,8x8,0.98,0.99,0.4,1,uniform_model_mixture,exact,fixed,perturbation_seed,none,nominal_mixture_bellman,,,,,,
7,2033,200,Non-robust DR,0.37230165517551794,0.8978905323141383,0.140625,0.4146403617999878,8x8,0.98,0.99,0.4,1,uniform_model_mixture,exact,fixed,perturbation_seed,none,nominal_mixture_bellman,,,,,,
7,2033,205,Non-robust DR,0.37230165517551794,0.8978905323141383,0.140625,0.4146403617999878,8x8,0.98,0.99,0.4,1,uniform_model_mixture,exact,fixed,perturbation_seed,none,nominal_mixture_bellman,,,,,,
7,2033,210,Non-robust DR,0.37230165517551794,0.8978905323141383,0.140625,0.4146403617999878,8x8,0.98,0.99,0.4,1,uniform_model_mixture,exact,fixed,perturbation_seed,none,nominal_mixture_bellman,,,,,,
7,2033,215,Non-robust DR,0.37230165517551794,0.8978905323141383,0.140625,0.4146403617999878,8x8,0.98,0.99,0.4,1,uniform_model_mixture,exact,fixed,perturbation_seed,none,nominal_mixture_bellman,,,,,,
7,2033,220,Non-robust DR,0.37230165517551794,0.8978905323141383,0.140625,0.4146403617999878,8x8,0.98,0.99,0.4,1,uniform_model_mixture,exact,fixed,perturbation_seed,none,nominal_mixture_bellman,,,,,,
7,2033,225,Non-robust DR,0.37230165517551794,0.8978905323141383,0.140625,0.4146403617999878,8x8,0.98,0.99,0.4,1,uniform_model_mixture,exact,fixed,perturbation_seed,none,nominal_mixture_bellman,,,,,,
7,2033,230,Non-robust DR,0.37230165517551794,0.8978905323141383,0.140625,0.4146403617999878,8x8,0.98,0.99,0.4,1,uniform_model_mixture,exact,fixed,perturbation_seed,none,nominal_mixture_bellman,,,,,,
7,2033,235,Non-robust DR,0.37230165517551794,0.8978905323141383,0.140625,0.4146403617999878,8x8,0.98,0.99,0.4,1,uniform_model_mixture,exact,fixed,perturbation_seed,none,nominal_mixture_bellman,,,,,,
7,2033,240,Non-robust DR,0.37230165517551794,0.8978905323141383,0.140625,0.4146403617999878,8x8,0.98,0.99,0.4,1,uniform_model_mixture,exact,fixed,perturbation_seed,none,nominal_mixture_bellman,,,,,,
7,2033,245,Non-robust DR,0.37230165517551794,0.8978905323141383,0.140625,0.4146403617999878,8x8,0.98,0.99,0.4,1,uniform_model_mixture,exact,fixed,perturbation_seed,none,nominal_mixture_bellman,,,,,,
7,2033,250,Non-robust DR,0.37230165517551794,0.8978905323141383,0.140625,0.4146403617999878,8x8,0.98,0.99,0.4,1,uniform_model_mixture,exact,fixed,perturbation_seed,none,nominal_mixture_bellman,,,,,,
7,2033,255,Non-robust DR,0.37230165517551794,0.8978905323141383,0.140625,0.4146403617999878,8x8,0.98,0.99,0.4,1,uniform_model_mixture,exact,fixed,perturbation_seed,none,nominal_mixture_bellman,,,,,,
7,2033,260,Non-robust DR,0.37230165517551794,0.8978905323141383,0.140625,0.4146403617999878,8x8,0.98,0.99,0.4,1,uniform_model_mixture,exact,fixed,perturbation_seed,none,nominal_mixture_bellman,,,,,,
7,2033,265,Non-robust DR,0.37230165517551794,0.8978905323141383,0.140625,0.4146403617999878,8x8,0.98,0.99,0.4,1,uniform_model_mixture,exact,fixed,perturbation_seed,none,nominal_mixture_bellman,,,,,,
7,2033,270,Non-robust DR,0.37230165517551794,0.8978905323141383,0.140625,0.4146403617999878,8x8,0.98,0.99,0.4,1,uniform_model_mixture,exact,fixed,perturbation_seed,none,nominal_mixture_bellman,,,,,,
7,2033,275,Non-robust DR,0.37230165517551794,0.8978905323141383,0.140625,0.4146403617999878,8x8,0.98,0.99,0.4,1,uniform_model_mixture,exact,fixed,perturbation_seed,none,nominal_mixture_bellman,,,,,,
7,2033,280,Non-robust DR,0.37230165517551794,0.8978905323141383,0.140625,0.4146403617999878,8x8,0.98,0.99,0.4,1,uniform_model_mixture,exact,fixed,perturbation_seed,none,nominal_mixture_bellman,,,,,,
7,2033,285,Non-robust DR,0.37230165517551794,0.8978905323141383,0.140625,0.4146403617999878,8x8,0.98,0.99,0.4,1,uniform_model_mixture,exact,fixed,perturbation_seed,none,nominal_mixture_bellman,,,,,,
7,2033,290,Non-robust DR,0.37230165517551794,0.8978905323141383,0.140625,0.4146403617999878,8x8,0.98,0.99,0.4,1,uniform_model_mixture,exact,fixed,perturbation_seed,none,nominal_mixture_bellman,,,,,,
7,2033,295,Non-robust DR,0.37230165517551794,0.8978905323141383,0.140625,0.4146403617999878,8x8,0.98,0.99,0.4,1,uniform_model_mixture,exact,fixed,perturbation_seed,none,nominal_mixture_bellman,,,,,,
7,2033,300,Non-robust DR,0.37230165517551794,0.8978905323141383,0.140625,0.4146403617999878,8x8,0.98,0.99,0.4,1,uniform_model_mixture,exact,fixed,perturbation_seed,none,nominal_mixture_bellman,,,,,,
7,2033,305,Non-robust DR,0.37230165517551794,0.8978905323141383,0.140625,0.4146403617999878,8x8,0.98,0.99,0.4,1,uniform_model_mixture,exact,fixed,perturbation_seed,none,nominal_mixture_bellman,,,,,,
7,2033,310,Non-robust DR,0.37230165517551794,0.8978905323141383,0.140625,0.4146403617999878,8x8,0.98,0.99,0.4,1,uniform_model_mixture,exact,fixed,perturbation_seed,none,nominal_mixture_bellman,,,,,,
7,2033,315,Non-robust DR,0.37230165517551794,0.8978905323141383,0.140625,0.4146403617999878,8x8,0.98,0.99,0.4,1,uniform_model_mixture,exact,fixed,perturbation_seed,none,nominal_mixture_bellman,,,,,,
7,2033,320,Non-robust DR,0.37230165517551794,0.8978905323141383,0.140625,0.4146403617999878,8x8,0.98,0.99,0.4,1,uniform_model_mixture,exact,fixed,perturbation_seed,none,nominal_mixture_bellman,,,,,,
7,2033,325,Non-robust DR,0.37230165517551794,0.8978905323141383,0.140625,0.4146403617999878,8x8,0.98,0.99,0.4,1,uniform_model_mixture,exact,fixed,perturbation_seed,none,nominal_mixture_bellman,,,,,,
7,2033,330,Non-robust DR,0.37230165517551794,0.8978905323141383,0.140625,0.4146403617999878,8x8,0.98,0.99,0.4,1,uniform_model_mixture,exact,fixed,perturbation_seed,none,nominal_mixture_bellman,,,,,,
7,2033,335,Non-robust DR,0.37230165517551794,0.8978905323141383,0.140625,0.4146403617999878,8x8,0.98,0.99,0.4,1,uniform_model_mixture,exact,fixed,perturbation_seed,none,nominal_mixture_bellman,,,,,,
7,2033,340,Non-robust DR,0.37230165517551794,0.8978905323141383,0.140625,0.4146403617999878,8x8,0.98,0.99,0.4,1,uniform_model_mixture,exact,fixed,perturbation_seed,none,nominal_mixture_bellman,,,,,,
7,2033,345,Non-robust DR,0.37230165517551794,0.8978905323141383,0.140625,0.4146403617999878,8x8,0.98,0.99,0.4,1,uniform_model_mixture,exact,fixed,perturbation_seed,none,nominal_mixture_bellman,,,,,,
7,2033,350,Non-robust DR,0.37230165517551794,0.8978905323141383,0.140625,0.4146403617999878,8x8,0.98,0.99,0.4,1,uniform_model_mixture,exact,fixed,perturbation_seed,none,nominal_mixture_bellman,,,,,,
7,2033,355,Non-robust DR,0.37230165517551794,0.8978905323141383,0.140625,0.4146403617999878,8x8,0.98,0.99,0.4,1,uniform_model_mixture,exact,fixed,perturbation_seed,none,nominal_mixture_bellman,,,,,,
7,2033,360,Non-robust DR,0.37230165517551794,0.8978905323141383,0.140625,0.4146403617999878,8x8,0.98,0.99,0.4,1,uniform_model_mixture,exact,fixed,perturbation_seed,none,nominal_mixture_bellman,,,,,,
7,2033,365,Non-robust DR,0.37230165517551794,0.8978905323141383,0.140625,0.4146403617999878,8x8,0.98,0.99,0.4,1,uniform_model_mixture,exact,fixed,perturbation_seed,none,nominal_mixture_bellman,,,,,,
7,2033,370,Non-robust DR,0.37230165517551794,0.8978905323141383,0.140625,0.4146403617999878,8x8,0.98,0.99,0.4,1,uniform_model_mixture,exact,fixed,perturbation_seed,none,nominal_mixture_bellman,,,,,,
7,2033,375,Non-robust DR,0.37230165517551794,0.8978905323141383,0.140625,0.4146403617999878,8x8,0.98,0.99,0.4,1,uniform_model_mixture,exact,fixed,perturbation_seed,none,nominal_mixture_bellman,,,,,,
7,2033,380,Non-robust DR,0.37230165517551794,0.8978905323141383,0.140625,0.4146403617999878,8x8,0.98,0.99,0.4,1,uniform_model_mixture,exact,fixed,perturbation_seed,none,nominal_mixture_bellman,,,,,,
7,2033,385,Non-robust DR,0.37230165517551794,0.8978905323141383,0.140625,0.4146403617999878,8x8,0.98,0.99,0.4,1,uniform_model_mixture,exact,fixed,perturbation_seed,none,nominal_mixture_bellman,,,,,,
7,2033,390,Non-robust DR,0.37230165517551794,0.8978905323141383,0.140625,0.4146403617999878,8x8,0.98,0.99,0.4,1,uniform_model_mixture,exact,fixed,perturbation_seed,none,nominal_mixture_bellman,,,,,,
7,2033,395,Non-robust DR,0.37230165517551794,0.8978905323141383,0.140625,0.4146403617999878,8x8,0.98,0.99,0.4,1,uniform_model_mixture,exact,fixed,perturbation_seed,none,nominal_mixture_bellman,,,,,,
7,2033,400,Non-robust DR,0.37230165517551794,0.8978905323141383,0.140625,0.4146403617999878,8x8,0.98,0.99,0.4,1,uniform_model_mixture,exact,fixed,perturbation_seed,none,nominal_mixture_bellman,,,,,,
7,2033,405,Non-robust DR,0.37230165517551794,0.8978905323141383,0.140625,0.4146403617999878,8x8,0.98,0.99,0.4,1,uniform_model_mixture,exact,fixed,perturbation_seed,none,nominal_mixture_bellman,,,,,,
7,2033,410,Non-robust DR,0.37230165517551794,0.8978905323141383,0.140625,0.4146403617999878,8x8,0.98,0.99,0.4,1,uniform_model_mixture,exact,fixed,perturbation_seed,none,nominal_mixture_bellman,,,,,,
7,2033,415,Non-robust DR,0.37230165517551794,0.8978905323141383,0.140625,0.4146403617999878,8x8,0.98,0.99,0.4,1,uniform_model_mixture,exact,fixed,perturbation_seed,none,nominal_mixture_bellman,,,,,,
7,2033,420,Non-robust DR,0.37230165517551794,0.8978905323141383,0.140625,0.4146403617999878,8x8,0.98,0.99,0.4,1,uniform_model_mixture,exact,fixed,perturbation_seed,none,nominal_mixture_bellman,,,,,,
7,2033,425,Non-robust DR,0.37230165517551794,0.8978905323141383,0.140625,0.4146403617999878,8x8,0.98,0.99,0.4,1,uniform_model_mixture,exact,fixed,perturbation_seed,none,nominal_mixture_bellman,,,,,,
7,2033,430,Non-robust DR,0.37230165517551794,0.8978905323141383,0.140625,0.4146403617999878,8x8,0.98,0.99,0.4,1,uniform_model_mixture,exact,fixed,perturbation_seed,none,nominal_mixture_bellman,,,,,,
7,2033,435,Non-robust DR,0.37230165517551794,0.8978905323141383,0.140625,0.4146403617999878,8x8,0.98,0.99,0.4,1,uniform_model_mixture,exact,fixed,perturbation_seed,none,nominal_mixture_bellman,,,,,,
7,2033,440,Non-robust DR,0.37230165517551794,0.8978905323141383,0.140625,0.4146403617999878,8x8,0.98,0.99,0.4,1,uniform_model_mixture,exact,fixed,perturbation_seed,none,nominal_mixture_bellman,,,,,,
7,2033,445,Non-robust DR,0.37230165517551794,0.8978905323141383,0.140625,0.4146403617999878,8x8,0.98,0.99,0.4,1,uniform_model_mixture,exact,fixed,perturbation_seed,none,nominal_mixture_bellman,,,,,,
7,2033,450,Non-robust DR,0.37230165517551794,0.8978905323141383,0.140625,0.4146403617999878,8x8,0.98,0.99,0.4,1,uniform_model_mixture,exact,fixed,perturbation_seed,none,nominal_mixture_bellman,,,,,,
7,2033,455,Non-robust DR,0.37230165517551794,0.8978905323141383,0.140625,0.4146403617999878,8x8,0.98,0.99,0.4,1,uniform_model_mixture,exact,fixed,perturbation_seed,none,nominal_mixture_bellman,,,,,,
7,2033,460,Non-robust DR,0.37230165517551794,0.8978905323141383,0.140625,0.4146403617999878,8x8,0.98,0.99,0.4,1,uniform_model_mixture,exact,fixed,perturbation_seed,none,nominal_mixture_bellman,,,,,,
7,2033,465,Non-robust DR,0.37230165517551794,0.8978905323141383,0.140625,0.4146403617999878,8x8,0.98,0.99,0.4,1,uniform_model_mixture,exact,fixed,perturbation_seed,none,nominal_mixture_bellman,,,,,,
7,2033,470,Non-robust DR,0.37230165517551794,0.8978905323141383,0.140625,0.4146403617999878,8x8,0.98,0.99,0.4,1,uniform_model_mixture,exact,fixed,perturbation_seed,none,nominal_mixture_bellman,,,,,,
7,2033,475,Non-robust DR,0.37230165517551794,0.8978905323141383,0.140625,0.4146403617999878,8x8,0.98,0.99,0.4,1,uniform_model_mixture,exact,fixed,perturbation_seed,none,nominal_mixture_bellman,,,,,,
7,2033,480,Non-robust DR,0.37230165517551794,0.8978905323141383,0.140625,0.4146403617999878,8x8,0.98,0.99,0.4,1,uniform_model_mixture,exact,fixed,perturbation_seed,none,nominal_mixture_bellman,,,,,,
7,2033,485,Non-robust DR,0.37230165517551794,0.8978905323141383,0.140625,0.4146403617999878,8x8,0.98,0.99,0.4,1,uniform_model_mixture,exact,fixed,perturbation_seed,none,nominal_mixture_bellman,,,,,,
7,2033,490,Non-robust DR,0.37230165517551794,0.8978905323141383,0.140625,0.4146403617999878,8x8,0.98,0.99,0.4,1,uniform_model_mixture,exact,fixed,perturbation_seed,none,nominal_mixture_bellman,,,,,,
7,2033,495,Non-robust DR,0.37230165517551794,0.8978905323141383,0.140625,0.4146403617999878,8x8,0.98,0.99,0.4,1,uniform_model_mixture,exact,fixed,perturbation_seed,none,nominal_mixture_bellman,,,,,,
7,2033,500,Non-robust DR,0.37230165517551794,0.8978905323141383,0.140625,0.4146403617999878,8x8,0.98,0.99,0.4,1,uniform_model_mixture,exact,fixed,perturbation_seed,none,nominal_mixture_bellman,,,,,,
7,2033,-1,source_metadata,,,,0.4146403617999878,8x8,0.98,0.99,0.4,1,uniform_model_mixture,exact,fixed,perturbation_seed,none,nominal_mixture_bellman,0.0,0.1,0.268090609766526,0.09800581985575321,0.25,0.5111283587668864
7,2033,-1,source_metadata,,,,0.4146403617999878,8x8,0.98,0.99,0.4,1,uniform_model_mixture,exact,fixed,perturbation_seed,none,nominal_mixture_bellman,1.0,0.2,0.5635051291435371,0.18957908098598225,0.25,0.2431725537881997
7,2033,-1,source_metadata,,,,0.4146403617999878,8x8,0.98,0.99,0.4,1,uniform_model_mixture,exact,fixed,perturbation_seed,none,nominal_mixture_bellman,2.0,0.3,0.9587330985767107,0.31379822397827845,0.25,0.14292724614944205
7,2033,-1,source_metadata,,,,0.4146403617999878,8x8,0.98,0.99,0.4,1,uniform_model_mixture,exact,fixed,perturbation_seed,none,nominal_mixture_bellman,3.0,0.35,1.3333333333333335,0.38937404330351355,0.25,0.10277184129547177
8,2034,0,Non-robust DR,0.0,0.0,0.65625,0.4146403617999878,8x8,0.98,0.99,0.4,1,uniform_model_mixture,exact,fixed,perturbation_seed,none,nominal_mixture_bellman,,,,,,
8,2034,5,Non-robust DR,0.0,0.0,0.625,0.4146403617999878,8x8,0.98,0.99,0.4,1,uniform_model_mixture,exact,fixed,perturbation_seed,none,nominal_mixture_bellman,,,,,,
8,2034,10,Non-robust DR,-1.7208341605761778e-18,-4.150184880955379e-18,0.515625,0.4146403617999878,8x8,0.98,0.99,0.4,1,uniform_model_mixture,exact,fixed,perturbation_seed,none,nominal_mixture_bellman,,,,,,
8,2034,15,Non-robust DR,0.05518779192458257,0.13309797359091585,0.453125,0.4146403617999878,8x8,0.98,0.99,0.4,1,uniform_model_mixture,exact,fixed,perturbation_seed,none,nominal_mixture_bellman,,,,,,
8,2034,20,Non-robust DR,0.06001654177234899,0.14474360747663895,0.4375,0.4146403617999878,8x8,0.98,0.99,0.4,1,uniform_model_mixture,exact,fixed,perturbation_seed,none,nominal_mixture_bellman,,,,,,
8,2034,25,Non-robust DR,0.07018106340719228,0.16925767453638746,0.421875,0.4146403617999878,8x8,0.98,0.99,0.4,1,uniform_model_mixture,exact,fixed,perturbation_seed,none,nominal_mixture_bellman,,,,,,
8,2034,30,Non-robust DR,0.10363375688886779,0.24993649059870862,0.390625,0.4146403617999878,8x8,0.98,0.99,0.4,1,uniform_model_mixture,exact,fixed,perturbation_seed,none,nominal_mixture_bellman,,,,,,
8,2034,35,Non-robust DR,0.17160159746917178,0.4138564724481601,0.359375,0.4146403617999878,8x8,0.98,0.99,0.4,1,uniform_model_mixture,exact,fixed,perturbation_seed,none,nominal_mixture_bellman,,,,,,
8,2034,40,Non-robust DR,0.21841825990712466,0.5267655540308548,0.328125,0.4146403617999878,8x8,0.98,0.99,0.4,1,uniform_model_mixture,exact,fixed,perturbation_seed,none,nominal_mixture_bellman,,,,,,
8,2034,45,Non-robust DR,0.27527341748942685,0.6638847609876722,0.296875,0.4146403617999878,8x8,0.98,0.99,0.4,1,uniform_model_mixture,exact,fixed,perturbation_seed,none,nominal_mixture_bellman,,,,,,
8,2034,50,Non-robust DR,0.28391067556555544,0.6847154829140991,0.28125,0.4146403617999878,8x8,0.98,0.99,0.4,1,uniform_model_mixture,exact,fixed,perturbation_seed,none,nominal_mixture_bellman,,,,,,
8,2034,55,Non-robust DR,0.28619496453423315,0.690224567844378,0.265625,0.4146403617999878,8x8,0.98,0.99,0.4,1,uniform_model_mixture,exact,fixed,perturbation_seed,none,nominal_mixture_bellman,,,,,,
8,2034,60,Non-robust DR,0.28629034737126785,0.6904546053559716,0.265625,0.4146403617999878,8x8,0.98,0.99,0.4,1,uniform_model_mixture,exact,fixed,perturbation_seed,none,nominal_mixture_bellman,,,,,,
8,2034,65,Non-robust DR,0.286999055450645,0.6921638168671246,0.25,0.4146403617999878,8x8,0.98,0.99,0.4,1,uniform_model_mixture,exact,fixed,perturbation_seed,none,nominal_mixture_bellman,,,,,,
8,2034,70,Non-robust DR,0.286999055450645,0.6921638168671246,0.25,0.4146403617999878,8x8,0.98,0.99,0.4,1,uniform_model_mixture,exact,fixed,perturbation_seed,none,nominal_mixture_bellman,,,,,,
8,2034,75,Non-robust DR,0.286999055450645,0.6921638168671246,0.25,0.4146403617999878,8x8,0.98,0.99,0.4,1,uniform_model_mixture,exact,fixed,perturbation_seed,none,nominal_mixture_bellman,,,,,,
8,2034,80,Non-robust DR,0.2870774681652185,0.6923529270498214,0.234375,0.4146403617999878,8x8,0.98,0.99,0.4,1,uniform_model_mixture,exact,fixed,perturbation_seed,none,nominal_mixture_bellman,,,,,,
8,2034,85,Non-robust DR,0.2870774681652185,0.6923529270498214,0.234375,0.4146403617999878,8x8,0.98,0.99,0.4,1,uniform_model_mixture,exact,fixed,perturbation_seed,none,nominal_mixture_bellman,,,,,,
8,2034,90,Non-robust DR,0.31070322897318126,0.7493318489893098,0.21875,0.4146403617999878,8x8,0.98,0.99,0.4,1,uniform_model_mixture,exact,fixed,perturbation_seed,none,nominal_mixture_bellman,,,,,,
8,2034,95,Non-robust DR,0.32639143931255965,0.7871675538186096,0.203125,0.4146403617999878,8x8,0.98,0.99,0.4,1,uniform_model_mixture,exact,fixed,perturbation_seed,none,nominal_mixture_bellman,,,,,,
8,2034,100,Non-robust DR,0.32639143931255965,0.7871675538186096,0.203125,0.4146403617999878,8x8,0.98,0.99,0.4,1,uniform_model_mixture,exact,fixed,perturbation_seed,none,nominal_mixture_bellman,,,,,,
8,2034,105,Non-robust DR,0.32639143931255965,0.7871675538186096,0.203125,0.4146403617999878,8x8,0.98,0.99,0.4,1,uniform_model_mixture,exact,fixed,perturbation_seed,none,nominal_mixture_bellman,,,,,,
8,2034,110,Non-robust DR,0.32639143931255965,0.7871675538186096,0.203125,0.4146403617999878,8x8,0.98,0.99,0.4,1,uniform_model_mixture,exact,fixed,perturbation_seed,none,nominal_mixture_bellman,,,,,,
8,2034,115,Non-robust DR,0.33973227258088223,0.819342022339737,0.1875,0.4146403617999878,8x8,0.98,0.99,0.4,1,uniform_model_mixture,exact,fixed,perturbation_seed,none,nominal_mixture_bellman,,,,,,
8,2034,120,Non-robust DR,0.34805238971490204,0.839407886400586,0.1875,0.4146403617999878,8x8,0.98,0.99,0.4,1,uniform_model_mixture,exact,fixed,perturbation_seed,none,nominal_mixture_bellman,,,,,,
8,2034,125,Non-robust DR,0.34805238971490204,0.839407886400586,0.1875,0.4146403617999878,8x8,0.98,0.99,0.4,1,uniform_model_mixture,exact,fixed,perturbation_seed,none,nominal_mixture_bellman,,,,,,
8,2034,130,Non-robust DR,0.34805238971490204,0.839407886400586,0.1875,0.4146403617999878,8x8,0.98,0.99,0.4,1,uniform_model_mixture,exact,fixed,perturbation_seed,none,nominal_mixture_bellman,,,,,,
8,2034,135,Non-robust DR,0.34805238971490204,0.839407886400586,0.1875,0.4146403617999878,8x8,0.98,0.99,0.4,1,uniform_model_mixture,exact,fixed,perturbation_seed,none,nominal_mixture_bellman,,,,,,
8,2034,140,Non-robust DR,0.3675377567668502,0.886401302495827,0.15625,0.4146403617999878,8x8,0.98,0.99,0.4,1,uniform_model_mixture,exact,fixed,perturbation_seed,none,nominal_mixture_bellman,,,,,,
8,2034,145,Non-robust DR,0.3675377567668502,0.886401302495827,0.15625,0.4146403617999878,8x8,0.98,0.99,0.4,1,uniform_model_mixture,exact,fixed,perturbation_seed,none,nominal_mixture_bellman,,,,,,
8,2034,150,Non-robust DR,0.3675377567668502,0.886401302495827,0.15625,0.4146403617999878,8x8,0.98,0.99,0.4,1,uniform_model_mixture,exact,fixed,perturbation_seed,none,nominal_mixture_bellman,,,,,,
8,2034,155,Non-robust DR,0.3675377567668502,0.886401302495827,0.15625,0.4146403617999878,8x8,0.98,0.99,0.4,1,uniform_model_mixture,exact,fixed,perturbation_seed,none,nominal_mixture_bellman,,,,,,
8,2034,160,Non-robust DR,0.3675377567668502,0.886401302495827,0.15625,0.4146403617999878,8x8,0.98,0.99,0.4,1,uniform_model_mixture,exact,fixed,perturbation_seed,none,nominal_mixture_bellman,,,,,,
8,2034,165,Non-robust DR,0.3675377567668502,0.886401302495827,0.15625,0.4146403617999878,8x8,0.98,0.99,0.4,1,uniform_model_mixture,exact,fixed,perturbation_seed,none,nominal_mixture_bellman,,,,,,
8,2034,170,Non-robust DR,0.3675377567668502,0.886401302495827,0.15625,0.4146403617999878,8x8,0.98,0.99,0.4,1,uniform_model_mixture,exact,fixed,perturbation_seed,none,nominal_mixture_bellman,,,,,,
8,2034,175,Non-robust DR,0.3675377567668502,0.886401302495827,0.15625,0.4146403617999878,8x8,0.98,0.99,0.4,1,uniform_model_mixture,exact,fixed,perturbation_seed,none,nominal_mixture_bellman,,,,,,
8,2034,180,Non-robust DR,0.3675377567668502,0.886401302495827,0.15625,0.4146403617999878,8x8,0.98,0.99,0.4,1,uniform_model_mixture,exact,fixed,perturbation_seed,none,nominal_mixture_bellman,,,,,,
8,2034,185,Non-robust DR,0.3675377567668502,0.886401302495827,0.15625,0.4146403617999878,8x8,0.98,0.99,0.4,1,uniform_model_mixture,exact,fixed,perturbation_seed,none,nominal_mixture_bellman,,,,,,
8,2034,190,Non-robust DR,0.3675377567668502,0.886401302495827,0.15625,0.4146403617999878,8x8,0.98,0.99,0.4,1,uniform_model_mixture,exact,fixed,perturbation_seed,none,nominal_mixture_bellman,,,,,,
8,2034,195,Non-robust DR,0.3675377567668502,0.886401302495827,0.15625,0.4146403617999878,8x8,0.98,0.99,0.4,1,uniform_model_mixture,exact,fixed,perturbation_seed,none,nominal_mixture_bellman,,,,,,
8,2034,200,Non-robust DR,0.3675377567668502,0.886401302495827,0.15625,0.4146403617999878,8x8,0.98,0.99,0.4,1,uniform_model_mixture,exact,fixed,perturbation_seed,none,nominal_mixture_bellman,,,,,,
8,2034,205,Non-robust DR,0.3675377567668502,0.886401302495827,0.15625,0.4146403617999878,8x8,0.98,0.99,0.4,1,uniform_model_mixture,exact,fixed,perturbation_seed,none,nominal_mixture_bellman,,,,,,
8,2034,210,Non-robust DR,0.3675377567668502,0.886401302495827,0.15625,0.4146403617999878,8x8,0.98,0.99,0.4,1,uniform_model_mixture,exact,fixed,perturbation_seed,none,nominal_mixture_bellman,,,,,,
8,2034,215,Non-robust DR,0.3675377567668502,0.886401302495827,0.15625,0.4146403617999878,8x8,0.98,0.99,0.4,1,uniform_model_mixture,exact,fixed,perturbation_seed,none,nominal_mixture_bellman,,,,,,
8,2034,220,Non-robust DR,0.36754476918023826,0.8864182145334243,0.140625,0.4146403617999878,8x8,0.98,0.99,0.4,1,uniform_model_mixture,exact,fixed,perturbation_seed,none,nominal_mixture_bellman,,,,,,
8,2034,225,Non-robust DR,0.36754476918023826,0.8864182145334243,0.140625,0.4146403617999878,8x8,0.98,0.99,0.4,1,uniform_model_mixture,exact,fixed,perturbation_seed,none,nominal_mixture_bellman,,,,,,
8,2034,230,Non-robust DR,0.36754476918023826,0.8864182145334243,0.140625,0.4146403617999878,8x8,0.98,0.99,0.4,1,uniform_model_mixture,exact,fixed,perturbation_seed,none,nominal_mixture_bellman,,,,,,
8,2034,235,Non-robust DR,0.36754476918023826,0.8864182145334243,0.140625,0.4146403617999878,8x8,0.98,0.99,0.4,1,uniform_model_mixture,exact,fixed,perturbation_seed,none,nominal_mixture_bellman,,,,,,
8,2034,240,Non-robust DR,0.36754476918023826,0.8864182145334243,0.140625,0.4146403617999878,8x8,0.98,0.99,0.4,1,uniform_model_mixture,exact,fixed,perturbation_seed,none,nominal_mixture_bellman,,,,,,
8,2034,245,Non-robust DR,0.36754476918023826,0.8864182145334243,0.140625,0.4146403617999878,8x8,0.98,0.99,0.4,1,uniform_model_mixture,exact,fixed,perturbation_seed,none,nominal_mixture_bellman,,,,,,
8,2034,250,Non-robust DR,0.36754476918023826,0.8864182145334243,0.140625,0.4146403617999878,8x8,0.98,0.99,0.4,1,uniform_model_mixture,exact,fixed,perturbation_seed,none,nominal_mixture_bellman,,,,,,
8,2034,255,Non-robust DR,0.36754476918023826,0.8864182145334243,0.140625,0.4146403617999878,8x8,0.98,0.99,0.4,1,uniform_model_mixture,exact,fixed,perturbation_seed,none,nominal_mixture_bellman,,,,,,
8,2034,260,Non-robust DR,0.36754476918023826,0.8864182145334243,0.140625,0.4146403617999878,8x8,0.98,0.99,0.4,1,uniform_model_mixture,exact,fixed,perturbation_seed,none,nominal_mixture_bellman,,,,,,
8,2034,265,Non-robust DR,0.36754476918023826,0.8864182145334243,0.140625,0.4146403617999878,8x8,0.98,0.99,0.4,1,uniform_model_mixture,exact,fixed,perturbation_seed,none,nominal_mixture_bellman,,,,,,
8,2034,270,Non-robust DR,0.36754476918023826,0.8864182145334243,0.140625,0.4146403617999878,8x8,0.98,0.99,0.4,1,uniform_model_mixture,exact,fixed,perturbation_seed,none,nominal_mixture_bellman,,,,,,
8,2034,275,Non-robust DR,0.36754476918023826,0.8864182145334243,0.140625,0.4146403617999878,8x8,0.98,0.99,0.4,1,uniform_model_mixture,exact,fixed,perturbation_seed,none,nominal_mixture_bellman,,,,,,
8,2034,280,Non-robust DR,0.36754476918023826,0.8864182145334243,0.140625,0.4146403617999878,8x8,0.98,0.99,0.4,1,uniform_model_mixture,exact,fixed,perturbation_seed,none,nominal_mixture_bellman,,,,,,
8,2034,285,Non-robust DR,0.36754476918023826,0.8864182145334243,0.140625,0.4146403617999878,8x8,0.98,0.99,0.4,1,uniform_model_mixture,exact,fixed,perturbation_seed,none,nominal_mixture_bellman,,,,,,
8,2034,290,Non-robust DR,0.36754476918023826,0.8864182145334243,0.140625,0.4146403617999878,8x8,0.98,0.99,0.4,1,uniform_model_mixture,exact,fixed,perturbation_seed,none,nominal_mixture_bellman,,,,,,
8,2034,295,Non-robust DR,0.36754476918023826,0.8864182145334243,0.140625,0.4146403617999878,8x8,0.98,0.99,0.4,1,uniform_model_mixture,exact,fixed,perturbation_seed,none,nominal_mixture_bellman,,,,,,
8,2034,300,Non-robust DR,0.36754476918023826,0.8864182145334243,0.140625,0.4146403617999878,8x8,0.98,0.99,0.4,1,uniform_model_mixture,exact,fixed,perturbation_seed,none,nominal_mixture_bellman,,,,,,
8,2034,305,Non-robust DR,0.36754476918023826,0.8864182145334243,0.140625,0.4146403617999878,8x8,0.98,0.99,0.4,1,uniform_model_mixture,exact,fixed,perturbation_seed,none,nominal_mixture_bellman,,,,,,
8,2034,310,Non-robust DR,0.36754476918023826,0.8864182145334243,0.140625,0.4146403617999878,8x8,0.98,0.99,0.4,1,uniform_model_mixture,exact,fixed,perturbation_seed,none,nominal_mixture_bellman,,,,,,
8,2034,315,Non-robust DR,0.36754476918023826,0.8864182145334243,0.140625,0.4146403617999878,8x8,0.98,0.99,0.4,1,uniform_model_mixture,exact,fixed,perturbation_seed,none,nominal_mixture_bellman,,,,,,
8,2034,320,Non-robust DR,0.36754476918023826,0.8864182145334243,0.140625,0.4146403617999878,8x8,0.98,0.99,0.4,1,uniform_model_mixture,exact,fixed,perturbation_seed,none,nominal_mixture_bellman,,,,,,
8,2034,325,Non-robust DR,0.36754476918023826,0.8864182145334243,0.140625,0.4146403617999878,8x8,0.98,0.99,0.4,1,uniform_model_mixture,exact,fixed,perturbation_seed,none,nominal_mixture_bellman,,,,,,
8,2034,330,Non-robust DR,0.36754476918023826,0.8864182145334243,0.140625,0.4146403617999878,8x8,0.98,0.99,0.4,1,uniform_model_mixture,exact,fixed,perturbation_seed,none,nominal_mixture_bellman,,,,,,
8,2034,335,Non-robust DR,0.36754476918023826,0.8864182145334243,0.140625,0.4146403617999878,8x8,0.98,0.99,0.4,1,uniform_model_mixture,exact,fixed,perturbation_seed,none,nominal_mixture_bellman,,,,,,
8,2034,340,Non-robust DR,0.36754476918023826,0.8864182145334243,0.140625,0.4146403617999878,8x8,0.98,0.99,0.4,1,uniform_model_mixture,exact,fixed,perturbation_seed,none,nominal_mixture_bellman,,,,,,
8,2034,345,Non-robust DR,0.36754476918023826,0.8864182145334243,0.140625,0.4146403617999878,8x8,0.98,0.99,0.4,1,uniform_model_mixture,exact,fixed,perturbation_seed,none,nominal_mixture_bellman,,,,,,
8,2034,350,Non-robust DR,0.36754476918023826,0.8864182145334243,0.140625,0.4146403617999878,8x8,0.98,0.99,0.4,1,uniform_model_mixture,exact,fixed,perturbation_seed,none,nominal_mixture_bellman,,,,,,
8,2034,355,Non-robust DR,0.36754476918023826,0.8864182145334243,0.140625,0.4146403617999878,8x8,0.98,0.99,0.4,1,uniform_model_mixture,exact,fixed,perturbation_seed,none,nominal_mixture_bellman,,,,,,
8,2034,360,Non-robust DR,0.36754476918023826,0.8864182145334243,0.140625,0.4146403617999878,8x8,0.98,0.99,0.4,1,uniform_model_mixture,exact,fixed,perturbation_seed,none,nominal_mixture_bellman,,,,,,
8,2034,365,Non-robust DR,0.36754476918023826,0.8864182145334243,0.140625,0.4146403617999878,8x8,0.98,0.99,0.4,1,uniform_model_mixture,exact,fixed,perturbation_seed,none,nominal_mixture_bellman,,,,,,
8,2034,370,Non-robust DR,0.36754476918023826,0.8864182145334243,0.140625,0.4146403617999878,8x8,0.98,0.99,0.4,1,uniform_model_mixture,exact,fixed,perturbation_seed,none,nominal_mixture_bellman,,,,,,
8,2034,375,Non-robust DR,0.36754476918023826,0.8864182145334243,0.140625,0.4146403617999878,8x8,0.98,0.99,0.4,1,uniform_model_mixture,exact,fixed,perturbation_seed,none,nominal_mixture_bellman,,,,,,
8,2034,380,Non-robust DR,0.36754476918023826,0.8864182145334243,0.140625,0.4146403617999878,8x8,0.98,0.99,0.4,1,uniform_model_mixture,exact,fixed,perturbation_seed,none,nominal_mixture_bellman,,,,,,
8,2034,385,Non-robust DR,0.36754476918023826,0.8864182145334243,0.140625,0.4146403617999878,8x8,0.98,0.99,0.4,1,uniform_model_mixture,exact,fixed,perturbation_seed,none,nominal_mixture_bellman,,,,,,
8,2034,390,Non-robust DR,0.36754476918023826,0.8864182145334243,0.140625,0.4146403617999878,8x8,0.98,0.99,0.4,1,uniform_model_mixture,exact,fixed,perturbation_seed,none,nominal_mixture_bellman,,,,,,
8,2034,395,Non-robust DR,0.36754476918023826,0.8864182145334243,0.140625,0.4146403617999878,8x8,0.98,0.99,0.4,1,uniform_model_mixture,exact,fixed,perturbation_seed,none,nominal_mixture_bellman,,,,,,
8,2034,400,Non-robust DR,0.36754476918023826,0.8864182145334243,0.140625,0.4146403617999878,8x8,0.98,0.99,0.4,1,uniform_model_mixture,exact,fixed,perturbation_seed,none,nominal_mixture_bellman,,,,,,
8,2034,405,Non-robust DR,0.36754476918023826,0.8864182145334243,0.140625,0.4146403617999878,8x8,0.98,0.99,0.4,1,uniform_model_mixture,exact,fixed,perturbation_seed,none,nominal_mixture_bellman,,,,,,
8,2034,410,Non-robust DR,0.36754476918023826,0.8864182145334243,0.140625,0.4146403617999878,8x8,0.98,0.99,0.4,1,uniform_model_mixture,exact,fixed,perturbation_seed,none,nominal_mixture_bellman,,,,,,
8,2034,415,Non-robust DR,0.36754476918023826,0.8864182145334243,0.140625,0.4146403617999878,8x8,0.98,0.99,0.4,1,uniform_model_mixture,exact,fixed,perturbation_seed,none,nominal_mixture_bellman,,,,,,
8,2034,420,Non-robust DR,0.36754476918023826,0.8864182145334243,0.140625,0.4146403617999878,8x8,0.98,0.99,0.4,1,uniform_model_mixture,exact,fixed,perturbation_seed,none,nominal_mixture_bellman,,,,,,
8,2034,425,Non-robust DR,0.36754476918023826,0.8864182145334243,0.140625,0.4146403617999878,8x8,0.98,0.99,0.4,1,uniform_model_mixture,exact,fixed,perturbation_seed,none,nominal_mixture_bellman,,,,,,
8,2034,430,Non-robust DR,0.36754476918023826,0.8864182145334243,0.140625,0.4146403617999878,8x8,0.98,0.99,0.4,1,uniform_model_mixture,exact,fixed,perturbation_seed,none,nominal_mixture_bellman,,,,,,
8,2034,435,Non-robust DR,0.36754476918023826,0.8864182145334243,0.140625,0.4146403617999878,8x8,0.98,0.99,0.4,1,uniform_model_mixture,exact,fixed,perturbation_seed,none,nominal_mixture_bellman,,,,,,
8,2034,440,Non-robust DR,0.36754476918023826,0.8864182145334243,0.140625,0.4146403617999878,8x8,0.98,0.99,0.4,1,uniform_model_mixture,exact,fixed,perturbation_seed,none,nominal_mixture_bellman,,,,,,
8,2034,445,Non-robust DR,0.36754476918023826,0.8864182145334243,0.140625,0.4146403617999878,8x8,0.98,0.99,0.4,1,uniform_model_mixture,exact,fixed,perturbation_seed,none,nominal_mixture_bellman,,,,,,
8,2034,450,Non-robust DR,0.36754476918023826,0.8864182145334243,0.140625,0.4146403617999878,8x8,0.98,0.99,0.4,1,uniform_model_mixture,exact,fixed,perturbation_seed,none,nominal_mixture_bellman,,,,,,
8,2034,455,Non-robust DR,0.36754476918023826,0.8864182145334243,0.140625,0.4146403617999878,8x8,0.98,0.99,0.4,1,uniform_model_mixture,exact,fixed,perturbation_seed,none,nominal_mixture_bellman,,,,,,
8,2034,460,Non-robust DR,0.36754476918023826,0.8864182145334243,0.140625,0.4146403617999878,8x8,0.98,0.99,0.4,1,uniform_model_mixture,exact,fixed,perturbation_seed,none,nominal_mixture_bellman,,,,,,
8,2034,465,Non-robust DR,0.36754476918023826,0.8864182145334243,0.140625,0.4146403617999878,8x8,0.98,0.99,0.4,1,uniform_model_mixture,exact,fixed,perturbation_seed,none,nominal_mixture_bellman,,,,,,
8,2034,470,Non-robust DR,0.36754476918023826,0.8864182145334243,0.140625,0.4146403617999878,8x8,0.98,0.99,0.4,1,uniform_model_mixture,exact,fixed,perturbation_seed,none,nominal_mixture_bellman,,,,,,
8,2034,475,Non-robust DR,0.36754476918023826,0.8864182145334243,0.140625,0.4146403617999878,8x8,0.98,0.99,0.4,1,uniform_model_mixture,exact,fixed,perturbation_seed,none,nominal_mixture_bellman,,,,,,
8,2034,480,Non-robust DR,0.36754476918023826,0.8864182145334243,0.140625,0.4146403617999878,8x8,0.98,0.99,0.4,1,uniform_model_mixture,exact,fixed,perturbation_seed,none,nominal_mixture_bellman,,,,,,
8,2034,485,Non-robust DR,0.36754476918023826,0.8864182145334243,0.140625,0.4146403617999878,8x8,0.98,0.99,0.4,1,uniform_model_mixture,exact,fixed,perturbation_seed,none,nominal_mixture_bellman,,,,,,
8,2034,490,Non-robust DR,0.36754476918023826,0.8864182145334243,0.140625,0.4146403617999878,8x8,0.98,0.99,0.4,1,uniform_model_mixture,exact,fixed,perturbation_seed,none,nominal_mixture_bellman,,,,,,
8,2034,495,Non-robust DR,0.36754476918023826,0.8864182145334243,0.140625,0.4146403617999878,8x8,0.98,0.99,0.4,1,uniform_model_mixture,exact,fixed,perturbation_seed,none,nominal_mixture_bellman,,,,,,
8,2034,500,Non-robust DR,0.36754476918023826,0.8864182145334243,0.140625,0.4146403617999878,8x8,0.98,0.99,0.4,1,uniform_model_mixture,exact,fixed,perturbation_seed,none,nominal_mixture_bellman,,,,,,
8,2034,-1,source_metadata,,,,0.4146403617999878,8x8,0.98,0.99,0.4,1,uniform_model_mixture,exact,fixed,perturbation_seed,none,nominal_mixture_bellman,0.0,0.1,0.2408866249482503,0.09807510551137809,0.25,0.530062304466802
8,2034,-1,source_metadata,,,,0.4146403617999878,8x8,0.98,0.99,0.4,1,uniform_model_mixture,exact,fixed,perturbation_seed,none,nominal_mixture_bellman,1.0,0.2,0.5319095536015531,0.19155671816810005,0.25,0.2400506038713638
8,2034,-1,source_metadata,,,,0.4146403617999878,8x8,0.98,0.99,0.4,1,uniform_model_mixture,exact,fixed,perturbation_seed,none,nominal_mixture_bellman,2.0,0.3,0.989216690860055,0.3007818390527469,0.25,0.12907719986951582
8,2034,-1,source_metadata,,,,0.4146403617999878,8x8,0.98,0.99,0.4,1,uniform_model_mixture,exact,fixed,perturbation_seed,none,nominal_mixture_bellman,3.0,0.35,1.2665954354039104,0.38292424305734046,0.25,0.10080989179231829
9,2035,0,Non-robust DR,0.0,0.0,0.65625,0.4146403617999878,8x8,0.98,0.99,0.4,1,uniform_model_mixture,exact,fixed,perturbation_seed,none,nominal_mixture_bellman,,,,,,
9,2035,5,Non-robust DR,0.0,0.0,0.5625,0.4146403617999878,8x8,0.98,0.99,0.4,1,uniform_model_mixture,exact,fixed,perturbation_seed,none,nominal_mixture_bellman,,,,,,
9,2035,10,Non-robust DR,-2.862365499452993e-18,-6.903248605676566e-18,0.46875,0.4146403617999878,8x8,0.98,0.99,0.4,1,uniform_model_mixture,exact,fixed,perturbation_seed,none,nominal_mixture_bellman,,,,,,
9,2035,15,Non-robust DR,0.059605213198763565,0.14375159461083925,0.484375,0.4146403617999878,8x8,0.98,0.99,0.4,1,uniform_model_mixture,exact,fixed,perturbation_seed,none,nominal_mixture_bellman,,,,,,
9,2035,20,Non-robust DR,0.10293249131361198,0.2482452283872549,0.46875,0.4146403617999878,8x8,0.98,0.99,0.4,1,uniform_model_mixture,exact,fixed,perturbation_seed,none,nominal_mixture_bellman,,,,,,
9,2035,25,Non-robust DR,0.20825577208211887,0.5022563919683638,0.40625,0.4146403617999878,8x8,0.98,0.99,0.4,1,uniform_model_mixture,exact,fixed,perturbation_seed,none,nominal_mixture_bellman,,,,,,
9,2035,30,Non-robust DR,0.21507089537944474,0.5186926194203679,0.375,0.4146403617999878,8x8,0.98,0.99,0.4,1,uniform_model_mixture,exact,fixed,perturbation_seed,none,nominal_mixture_bellman,,,,,,
9,2035,35,Non-robust DR,0.2929697108093556,0.7065634168790275,0.3125,0.4146403617999878,8x8,0.98,0.99,0.4,1,uniform_model_mixture,exact,fixed,perturbation_seed,none,nominal_mixture_bellman,,,,,,
9,2035,40,Non-robust DR,0.32162792786953975,0.7756792572564005,0.28125,0.4146403617999878,8x8,0.98,0.99,0.4,1,uniform_model_mixture,exact,fixed,perturbation_seed,none,nominal_mixture_bellman,,,,,,
9,2035,45,Non-robust DR,0.32162792786953975,0.7756792572564005,0.28125,0.4146403617999878,8x8,0.98,0.99,0.4,1,uniform_model_mixture,exact,fixed,perturbation_seed,none,nominal_mixture_bellman,,,,,,
9,2035,50,Non-robust DR,0.32197949259268205,0.7765271359376176,0.265625,0.4146403617999878,8x8,0.98,0.99,0.4,1,uniform_model_mixture,exact,fixed,perturbation_seed,none,nominal_mixture_bellman,,,,,,
9,2035,55,Non-robust DR,0.33548421709926957,0.8090968656377422,0.234375,0.4146403617999878,8x8,0.98,0.99,0.4,1,uniform_model_mixture,exact,fixed,perturbation_seed,none,nominal_mixture_bellman,,,,,,
9,2035,60,Non-robust DR,0.35107265969876283,0.8466919577600397,0.203125,0.4146403617999878,8x8,0.98,0.99,0.4,1,uniform_model_mixture,exact,fixed,perturbation_seed,none,nominal_mixture_bellman,,,,,,
9,2035,65,Non-robust DR,0.35107265969876283,0.8466919577600397,0.203125,0.4146403617999878,8x8,0.98,0.99,0.4,1,uniform_model_mixture,exact,fixed,perturbation_seed,none,nominal_mixture_bellman,,,,,,
9,2035,70,Non-robust DR,0.35107265969876283,0.8466919577600397,0.203125,0.4146403617999878,8x8,0.98,0.99,0.4,1,uniform_model_mixture,exact,fixed,perturbation_seed,none,nominal_mixture_bellman,,,,,,
9,2035,75,Non-robust DR,0.3669071837147963,0.8848805314611007,0.1875,0.4146403617999878,8x8,0.98,0.99,0.4,1,uniform_model_mixture,exact,fixed,perturbation_seed,none,nominal_mixture_bellman,,,,,,
9,2035,80,Non-robust DR,0.3669071837147963,0.8848805314611007,0.1875,0.4146403617999878,8x8,0.98,0.99,0.4,1,uniform_model_mixture,exact,fixed,perturbation_seed,none,nominal_mixture_bellman,,,,,,
9,2035,85,Non-robust DR,0.3669071837147963,0.8848805314611007,0.1875,0.4146403617999878,8x8,0.98,0.99,0.4,1,uniform_model_mixture,exact,fixed,perturbation_seed,none,nominal_mixture_bellman,,,,,,
9,2035,90,Non-robust DR,0.3669071837147965,0.8848805314611012,0.171875,0.4146403617999878,8x8,0.98,0.99,0.4,1,uniform_model_mixture,exact,fixed,perturbation_seed,none,nominal_mixture_bellman,,,,,,
9,2035,95,Non-robust DR,0.3669071837147965,0.8848805314611012,0.171875,0.4146403617999878,8x8,0.98,0.99,0.4,1,uniform_model_mixture,exact,fixed,perturbation_seed,none,nominal_mixture_bellman,,,,,,
9,2035,100,Non-robust DR,0.3669071837147965,0.8848805314611012,0.171875,0.4146403617999878,8x8,0.98,0.99,0.4,1,uniform_model_mixture,exact,fixed,perturbation_seed,none,nominal_mixture_bellman,,,,,,
9,2035,105,Non-robust DR,0.3669071837147965,0.8848805314611012,0.171875,0.4146403617999878,8x8,0.98,0.99,0.4,1,uniform_model_mixture,exact,fixed,perturbation_seed,none,nominal_mixture_bellman,,,,,,
9,2035,110,Non-robust DR,0.3669071837147965,0.8848805314611012,0.171875,0.4146403617999878,8x8,0.98,0.99,0.4,1,uniform_model_mixture,exact,fixed,perturbation_seed,none,nominal_mixture_bellman,,,,,,
9,2035,115,Non-robust DR,0.3669071837147965,0.8848805314611012,0.171875,0.4146403617999878,8x8,0.98,0.99,0.4,1,uniform_model_mixture,exact,fixed,perturbation_seed,none,nominal_mixture_bellman,,,,,,
9,2035,120,Non-robust DR,0.38083053758468666,0.91845988155005,0.15625,0.4146403617999878,8x8,0.98,0.99,0.4,1,uniform_model_mixture,exact,fixed,perturbation_seed,none,nominal_mixture_bellman,,,,,,
9,2035,125,Non-robust DR,0.38083053758468666,0.91845988155005,0.15625,0.4146403617999878,8x8,0.98,0.99,0.4,1,uniform_model_mixture,exact,fixed,perturbation_seed,none,nominal_mixture_bellman,,,,,,
9,2035,130,Non-robust DR,0.38083053758468666,0.91845988155005,0.171875,0.4146403617999878,8x8,0.98,0.99,0.4,1,uniform_model_mixture,exact,fixed,perturbation_seed,none,nominal_mixture_bellman,,,,,,
9,2035,135,Non-robust DR,0.38083053758468666,0.91845988155005,0.171875,0.4146403617999878,8x8,0.98,0.99,0.4,1,uniform_model_mixture,exact,fixed,perturbation_seed,none,nominal_mixture_bellman,,,,,,
9,2035,140,Non-robust DR,0.38083053758468666,0.91845988155005,0.171875,0.4146403617999878,8x8,0.98,0.99,0.4,1,uniform_model_mixture,exact,fixed,perturbation_seed,none,nominal_mixture_bellman,,,,,,
9,2035,145,Non-robust DR,0.38083053758468666,0.91845988155005,0.171875,0.4146403617999878,8x8,0.98,0.99,0.4,1,uniform_model_mixture,exact,fixed,perturbation_seed,none,nominal_mixture_bellman,,,,,,
9,2035,150,Non-robust DR,0.38083053758468666,0.91845988155005,0.171875,0.4146403617999878,8x8,0.98,0.99,0.4,1,uniform_model_mixture,exact,fixed,perturbation_seed,none,nominal_mixture_bellman,,,,,,
9,2035,155,Non-robust DR,0.38083053758468666,0.91845988155005,0.171875,0.4146403617999878,8x8,0.98,0.99,0.4,1,uniform_model_mixture,exact,fixed,perturbation_seed,none,nominal_mixture_bellman,,,,,,
9,2035,160,Non-robust DR,0.38083053758468666,0.91845988155005,0.171875,0.4146403617999878,8x8,0.98,0.99,0.4,1,uniform_model_mixture,exact,fixed,perturbation_seed,none,nominal_mixture_bellman,,,,,,
9,2035,165,Non-robust DR,0.38083053758468666,0.91845988155005,0.171875,0.4146403617999878,8x8,0.98,0.99,0.4,1,uniform_model_mixture,exact,fixed,perturbation_seed,none,nominal_mixture_bellman,,,,,,
9,2035,170,Non-robust DR,0.38083053758468666,0.91845988155005,0.171875,0.4146403617999878,8x8,0.98,0.99,0.4,1,uniform_model_mixture,exact,fixed,perturbation_seed,none,nominal_mixture_bellman,,,,,,
9,2035,175,Non-robust DR,0.38083053758468666,0.91845988155005,0.171875,0.4146403617999878,8x8,0.98,0.99,0.4,1,uniform_model_mixture,exact,fixed,perturbation_seed,none,nominal_mixture_bellman,,,,,,
9,2035,180,Non-robust DR,0.38083053758468666,0.91845988155005,0.171875,0.4146403617999878,8x8,0.98,0.99,0.4,1,uniform_model_mixture,exact,fixed,perturbation_seed,none,nominal_mixture_bellman,,,,,,
9,2035,185,Non-robust DR,0.38083053758468666,0.91845988155005,0.171875,0.4146403617999878,8x8,0.98,0.99,0.4,1,uniform_model_mixture,exact,fixed,perturbation_seed,none,nominal_mixture_bellman,,,,,,
9,2035,190,Non-robust DR,0.38083053758468666,0.91845988155005,0.171875,0.4146403617999878,8x8,0.98,0.99,0.4,1,uniform_model_mixture,exact,fixed,perturbation_seed,none,nominal_mixture_bellman,,,,,,
9,2035,195,Non-robust DR,0.38083053758468666,0.91845988155005,0.171875,0.4146403617999878,8x8,0.98,0.99,0.4,1,uniform_model_mixture,exact,fixed,perturbation_seed,none,nominal_mixture_bellman,,,,,,
9,2035,200,Non-robust DR,0.38083053758468666,0.91845988155005,0.171875,0.4146403617999878,8x8,0.98,0.99,0.4,1,uniform_model_mixture,exact,fixed,perturbation_seed,none,nominal_mixture_bellman,,,,,,
9,2035,205,Non-robust DR,0.3861228657264648,0.9312235404442389,0.15625,0.4146403617999878,8x8,0.98,0.99,0.4,1,uniform_model_mixture,exact,fixed,perturbation_seed,none,nominal_mixture_bellman,,,,,,
9,2035,210,Non-robust DR,0.3861228657264648,0.9312235404442389,0.15625,0.4146403617999878,8x8,0.98,0.99,0.4,1,uniform_model_mixture,exact,fixed,perturbation_seed,none,nominal_mixture_bellman,,,,,,
9,2035,215,Non-robust DR,0.3861228657264648,0.9312235404442389,0.15625,0.4146403617999878,8x8,0.98,0.99,0.4,1,uniform_model_mixture,exact,fixed,perturbation_seed,none,nominal_mixture_bellman,,,,,,
9,2035,220,Non-robust DR,0.3861228657264648,0.9312235404442389,0.15625,0.4146403617999878,8x8,0.98,0.99,0.4,1,uniform_model_mixture,exact,fixed,perturbation_seed,none,nominal_mixture_bellman,,,,,,
9,2035,225,Non-robust DR,0.3861228657264648,0.9312235404442389,0.15625,0.4146403617999878,8x8,0.98,0.99,0.4,1,uniform_model_mixture,exact,fixed,perturbation_seed,none,nominal_mixture_bellman,,,,,,
9,2035,230,Non-robust DR,0.3861228657264648,0.9312235404442389,0.15625,0.4146403617999878,8x8,0.98,0.99,0.4,1,uniform_model_mixture,exact,fixed,perturbation_seed,none,nominal_mixture_bellman,,,,,,
9,2035,235,Non-robust DR,0.3861228657264648,0.9312235404442389,0.15625,0.4146403617999878,8x8,0.98,0.99,0.4,1,uniform_model_mixture,exact,fixed,perturbation_seed,none,nominal_mixture_bellman,,,,,,
9,2035,240,Non-robust DR,0.3861228657264648,0.9312235404442389,0.15625,0.4146403617999878,8x8,0.98,0.99,0.4,1,uniform_model_mixture,exact,fixed,perturbation_seed,none,nominal_mixture_bellman,,,,,,
9,2035,245,Non-robust DR,0.3861228657264648,0.9312235404442389,0.15625,0.4146403617999878,8x8,0.98,0.99,0.4,1,uniform_model_mixture,exact,fixed,perturbation_seed,none,nominal_mixture_bellman,,,,,,
9,2035,250,Non-robust DR,0.3861228657264648,0.9312235404442389,0.15625,0.4146403617999878,8x8,0.98,0.99,0.4,1,uniform_model_mixture,exact,fixed,perturbation_seed,none,nominal_mixture_bellman,,,,,,
9,2035,255,Non-robust DR,0.3861228657264648,0.9312235404442389,0.15625,0.4146403617999878,8x8,0.98,0.99,0.4,1,uniform_model_mixture,exact,fixed,perturbation_seed,none,nominal_mixture_bellman,,,,,,
9,2035,260,Non-robust DR,0.3861228657264648,0.9312235404442389,0.15625,0.4146403617999878,8x8,0.98,0.99,0.4,1,uniform_model_mixture,exact,fixed,perturbation_seed,none,nominal_mixture_bellman,,,,,,
9,2035,265,Non-robust DR,0.3861228657264648,0.9312235404442389,0.15625,0.4146403617999878,8x8,0.98,0.99,0.4,1,uniform_model_mixture,exact,fixed,perturbation_seed,none,nominal_mixture_bellman,,,,,,
9,2035,270,Non-robust DR,0.3861228657264648,0.9312235404442389,0.15625,0.4146403617999878,8x8,0.98,0.99,0.4,1,uniform_model_mixture,exact,fixed,perturbation_seed,none,nominal_mixture_bellman,,,,,,
9,2035,275,Non-robust DR,0.3861228657264648,0.9312235404442389,0.15625,0.4146403617999878,8x8,0.98,0.99,0.4,1,uniform_model_mixture,exact,fixed,perturbation_seed,none,nominal_mixture_bellman,,,,,,
9,2035,280,Non-robust DR,0.3861228657264648,0.9312235404442389,0.15625,0.4146403617999878,8x8,0.98,0.99,0.4,1,uniform_model_mixture,exact,fixed,perturbation_seed,none,nominal_mixture_bellman,,,,,,
9,2035,285,Non-robust DR,0.3861228657264648,0.9312235404442389,0.15625,0.4146403617999878,8x8,0.98,0.99,0.4,1,uniform_model_mixture,exact,fixed,perturbation_seed,none,nominal_mixture_bellman,,,,,,
9,2035,290,Non-robust DR,0.3861228657264648,0.9312235404442389,0.15625,0.4146403617999878,8x8,0.98,0.99,0.4,1,uniform_model_mixture,exact,fixed,perturbation_seed,none,nominal_mixture_bellman,,,,,,
9,2035,295,Non-robust DR,0.3861228657264648,0.9312235404442389,0.15625,0.4146403617999878,8x8,0.98,0.99,0.4,1,uniform_model_mixture,exact,fixed,perturbation_seed,none,nominal_mixture_bellman,,,,,,
9,2035,300,Non-robust DR,0.3861228657264648,0.9312235404442389,0.15625,0.4146403617999878,8x8,0.98,0.99,0.4,1,uniform_model_mixture,exact,fixed,perturbation_seed,none,nominal_mixture_bellman,,,,,,
9,2035,305,Non-robust DR,0.3861228657264648,0.9312235404442389,0.15625,0.4146403617999878,8x8,0.98,0.99,0.4,1,uniform_model_mixture,exact,fixed,perturbation_seed,none,nominal_mixture_bellman,,,,,,
9,2035,310,Non-robust DR,0.3861228657264648,0.9312235404442389,0.15625,0.4146403617999878,8x8,0.98,0.99,0.4,1,uniform_model_mixture,exact,fixed,perturbation_seed,none,nominal_mixture_bellman,,,,,,
9,2035,315,Non-robust DR,0.3861228657264648,0.9312235404442389,0.15625,0.4146403617999878,8x8,0.98,0.99,0.4,1,uniform_model_mixture,exact,fixed,perturbation_seed,none,nominal_mixture_bellman,,,,,,
9,2035,320,Non-robust DR,0.3861228657264648,0.9312235404442389,0.15625,0.4146403617999878,8x8,0.98,0.99,0.4,1,uniform_model_mixture,exact,fixed,perturbation_seed,none,nominal_mixture_bellman,,,,,,
9,2035,325,Non-robust DR,0.3861228657264648,0.9312235404442389,0.15625,0.4146403617999878,8x8,0.98,0.99,0.4,1,uniform_model_mixture,exact,fixed,perturbation_seed,none,nominal_mixture_bellman,,,,,,
9,2035,330,Non-robust DR,0.3861228657264648,0.9312235404442389,0.15625,0.4146403617999878,8x8,0.98,0.99,0.4,1,uniform_model_mixture,exact,fixed,perturbation_seed,none,nominal_mixture_bellman,,,,,,
9,2035,335,Non-robust DR,0.3861228657264648,0.9312235404442389,0.15625,0.4146403617999878,8x8,0.98,0.99,0.4,1,uniform_model_mixture,exact,fixed,perturbation_seed,none,nominal_mixture_bellman,,,,,,
9,2035,340,Non-robust DR,0.3861228657264648,0.9312235404442389,0.15625,0.4146403617999878,8x8,0.98,0.99,0.4,1,uniform_model_mixture,exact,fixed,perturbation_seed,none,nominal_mixture_bellman,,,,,,
9,2035,345,Non-robust DR,0.3861228657264648,0.9312235404442389,0.15625,0.4146403617999878,8x8,0.98,0.99,0.4,1,uniform_model_mixture,exact,fixed,perturbation_seed,none,nominal_mixture_bellman,,,,,,
9,2035,350,Non-robust DR,0.3861228657264648,0.9312235404442389,0.15625,0.4146403617999878,8x8,0.98,0.99,0.4,1,uniform_model_mixture,exact,fixed,perturbation_seed,none,nominal_mixture_bellman,,,,,,
9,2035,355,Non-robust DR,0.3861228657264648,0.9312235404442389,0.15625,0.4146403617999878,8x8,0.98,0.99,0.4,1,uniform_model_mixture,exact,fixed,perturbation_seed,none,nominal_mixture_bellman,,,,,,
9,2035,360,Non-robust DR,0.3861228657264648,0.9312235404442389,0.15625,0.4146403617999878,8x8,0.98,0.99,0.4,1,uniform_model_mixture,exact,fixed,perturbation_seed,none,nominal_mixture_bellman,,,,,,
9,2035,365,Non-robust DR,0.3861228657264648,0.9312235404442389,0.15625,0.4146403617999878,8x8,0.98,0.99,0.4,1,uniform_model_mixture,exact,fixed,perturbation_seed,none,nominal_mixture_bellman,,,,,,
9,2035,370,Non-robust DR,0.3861228657264648,0.9312235404442389,0.15625,0.4146403617999878,8x8,0.98,0.99,0.4,1,uniform_model_mixture,exact,fixed,perturbation_seed,none,nominal_mixture_bellman,,,,,,
9,2035,375,Non-robust DR,0.3861228657264648,0.9312235404442389,0.15625,0.4146403617999878,8x8,0.98,0.99,0.4,1,uniform_model_mixture,exact,fixed,perturbation_seed,none,nominal_mixture_bellman,,,,,,
9,2035,380,Non-robust DR,0.3861228657264648,0.9312235404442389,0.15625,0.4146403617999878,8x8,0.98,0.99,0.4,1,uniform_model_mixture,exact,fixed,perturbation_seed,none,nominal_mixture_bellman,,,,,,
9,2035,385,Non-robust DR,0.3861228657264648,0.9312235404442389,0.15625,0.4146403617999878,8x8,0.98,0.99,0.4,1,uniform_model_mixture,exact,fixed,perturbation_seed,none,nominal_mixture_bellman,,,,,,
9,2035,390,Non-robust DR,0.3861228657264648,0.9312235404442389,0.15625,0.4146403617999878,8x8,0.98,0.99,0.4,1,uniform_model_mixture,exact,fixed,perturbation_seed,none,nominal_mixture_bellman,,,,,,
9,2035,395,Non-robust DR,0.3861228657264648,0.9312235404442389,0.15625,0.4146403617999878,8x8,0.98,0.99,0.4,1,uniform_model_mixture,exact,fixed,perturbation_seed,none,nominal_mixture_bellman,,,,,,
9,2035,400,Non-robust DR,0.3861228657264648,0.9312235404442389,0.15625,0.4146403617999878,8x8,0.98,0.99,0.4,1,uniform_model_mixture,exact,fixed,perturbation_seed,none,nominal_mixture_bellman,,,,,,
9,2035,405,Non-robust DR,0.3861228657264648,0.9312235404442389,0.15625,0.4146403617999878,8x8,0.98,0.99,0.4,1,uniform_model_mixture,exact,fixed,perturbation_seed,none,nominal_mixture_bellman,,,,,,
9,2035,410,Non-robust DR,0.3861228657264648,0.9312235404442389,0.15625,0.4146403617999878,8x8,0.98,0.99,0.4,1,uniform_model_mixture,exact,fixed,perturbation_seed,none,nominal_mixture_bellman,,,,,,
9,2035,415,Non-robust DR,0.3861228657264648,0.9312235404442389,0.15625,0.4146403617999878,8x8,0.98,0.99,0.4,1,uniform_model_mixture,exact,fixed,perturbation_seed,none,nominal_mixture_bellman,,,,,,
9,2035,420,Non-robust DR,0.3861228657264648,0.9312235404442389,0.15625,0.4146403617999878,8x8,0.98,0.99,0.4,1,uniform_model_mixture,exact,fixed,perturbation_seed,none,nominal_mixture_bellman,,,,,,
9,2035,425,Non-robust DR,0.3861228657264648,0.9312235404442389,0.15625,0.4146403617999878,8x8,0.98,0.99,0.4,1,uniform_model_mixture,exact,fixed,perturbation_seed,none,nominal_mixture_bellman,,,,,,
9,2035,430,Non-robust DR,0.3861228657264648,0.9312235404442389,0.15625,0.4146403617999878,8x8,0.98,0.99,0.4,1,uniform_model_mixture,exact,fixed,perturbation_seed,none,nominal_mixture_bellman,,,,,,
9,2035,435,Non-robust DR,0.3861228657264648,0.9312235404442389,0.15625,0.4146403617999878,8x8,0.98,0.99,0.4,1,uniform_model_mixture,exact,fixed,perturbation_seed,none,nominal_mixture_bellman,,,,,,
9,2035,440,Non-robust DR,0.3861228657264648,0.9312235404442389,0.15625,0.4146403617999878,8x8,0.98,0.99,0.4,1,uniform_model_mixture,exact,fixed,perturbation_seed,none,nominal_mixture_bellman,,,,,,
9,2035,445,Non-robust DR,0.3861228657264648,0.9312235404442389,0.15625,0.4146403617999878,8x8,0.98,0.99,0.4,1,uniform_model_mixture,exact,fixed,perturbation_seed,none,nominal_mixture_bellman,,,,,,
9,2035,450,Non-robust DR,0.3861228657264648,0.9312235404442389,0.15625,0.4146403617999878,8x8,0.98,0.99,0.4,1,uniform_model_mixture,exact,fixed,perturbation_seed,none,nominal_mixture_bellman,,,,,,
9,2035,455,Non-robust DR,0.3861228657264648,0.9312235404442389,0.15625,0.4146403617999878,8x8,0.98,0.99,0.4,1,uniform_model_mixture,exact,fixed,perturbation_seed,none,nominal_mixture_bellman,,,,,,
9,2035,460,Non-robust DR,0.3861228657264648,0.9312235404442389,0.15625,0.4146403617999878,8x8,0.98,0.99,0.4,1,uniform_model_mixture,exact,fixed,perturbation_seed,none,nominal_mixture_bellman,,,,,,
9,2035,465,Non-robust DR,0.3861228657264648,0.9312235404442389,0.15625,0.4146403617999878,8x8,0.98,0.99,0.4,1,uniform_model_mixture,exact,fixed,perturbation_seed,none,nominal_mixture_bellman,,,,,,
9,2035,470,Non-robust DR,0.3861228657264648,0.9312235404442389,0.15625,0.4146403617999878,8x8,0.98,0.99,0.4,1,uniform_model_mixture,exact,fixed,perturbation_seed,none,nominal_mixture_bellman,,,,,,
9,2035,475,Non-robust DR,0.3861228657264648,0.9312235404442389,0.15625,0.4146403617999878,8x8,0.98,0.99,0.4,1,uniform_model_mixture,exact,fixed,perturbation_seed,none,nominal_mixture_bellman,,,,,,
9,2035,480,Non-robust DR,0.3861228657264648,0.9312235404442389,0.15625,0.4146403617999878,8x8,0.98,0.99,0.4,1,uniform_model_mixture,exact,fixed,perturbation_seed,none,nominal_mixture_bellman,,,,,,
9,2035,485,Non-robust DR,0.3861228657264648,0.9312235404442389,0.15625,0.4146403617999878,8x8,0.98,0.99,0.4,1,uniform_model_mixture,exact,fixed,perturbation_seed,none,nominal_mixture_bellman,,,,,,
9,2035,490,Non-robust DR,0.3861228657264648,0.9312235404442389,0.15625,0.4146403617999878,8x8,0.98,0.99,0.4,1,uniform_model_mixture,exact,fixed,perturbation_seed,none,nominal_mixture_bellman,,,,,,
9,2035,495,Non-robust DR,0.3861228657264648,0.9312235404442389,0.15625,0.4146403617999878,8x8,0.98,0.99,0.4,1,uniform_model_mixture,exact,fixed,perturbation_seed,none,nominal_mixture_bellman,,,,,,
9,2035,500,Non-robust DR,0.3861228657264648,0.9312235404442389,0.15625,0.4146403617999878,8x8,0.98,0.99,0.4,1,uniform_model_mixture,exact,fixed,perturbation_seed,none,nominal_mixture_bellman,,,,,,
9,2035,-1,source_metadata,,,,0.4146403617999878,8x8,0.98,0.99,0.4,1,uniform_model_mixture,exact,fixed,perturbation_seed,none,nominal_mixture_bellman,0.0,0.1,0.25387043593958336,0.0932474806865434,0.25,0.515787968688333
9,2035,-1,source_metadata,,,,0.4146403617999878,8x8,0.98,0.99,0.4,1,uniform_model_mixture,exact,fixed,perturbation_seed,none,nominal_mixture_bellman,1.0,0.2,0.5130654789322122,0.2051905740925576,0.25,0.2552180616511659
9,2035,-1,source_metadata,,,,0.4146403617999878,8x8,0.98,0.99,0.4,1,uniform_model_mixture,exact,fixed,perturbation_seed,none,nominal_mixture_bellman,2.0,0.3,1.004442277221489,0.3207929006277348,0.25,0.13036458625467373
9,2035,-1,source_metadata,,,,0.4146403617999878,8x8,0.98,0.99,0.4,1,uniform_model_mixture,exact,fixed,perturbation_seed,none,nominal_mixture_bellman,3.0,0.35,1.3276341096354045,0.39284205635377734,0.25,0.09862938340582737
