run_id,source_domain_seed,iteration,method,noise_level,signed_selection_bias,positive_selection_bias,selection_bias_inf_norm,max_positive_selection_bias,min_signed_selection_bias,signed_selection_bias_percent,positive_selection_bias_percent,selection_bias_inf_norm_percent,max_positive_selection_bias_percent,min_signed_selection_bias_percent,oracle_performance,num_noise_trajectories,sync_period,stepsize,discount,selection_bias_definition,noise_location,aggregation_is_written_back,map_name,target_domain,source_randomness,bellman_noise_seed,source_domain_base_seed,bellman_noise_base_seed,uncertainty_distance,robust_backup_type,source_index,perturb_epsilon,empirical_gamma_l1,mean_local_l1_radius,similarity_weight
0,2026,5,Maximum-based,0.008,0.0028483373401842023,0.0028483373401842023,0.0042931285950519905,0.0042931285950519905,0.0,0.6869416493414525,0.6869416493414525,1.0353860816672953,1.0353860816672953,0.0,0.4146403617999878,60,5,0.5,0.99,E[Agg(Q_xi)] - Agg(E[Q_xi]),bellman_backup,True,8x8,fixed,perturbation_seed,3000.0,2026.0,3000.0,support_restricted_tv_l1,exact_support_restricted_l1,,,,,
0,2026,10,Maximum-based,0.008,0.002786365024652582,0.002786365024652582,0.004137950227838451,0.004137950227838451,9.002184729128837e-05,0.6719956090518402,0.6719956090518402,0.9979612717573536,0.9979612717573536,0.02171082595541258,0.4146403617999878,60,5,0.5,0.99,E[Agg(Q_xi)] - Agg(E[Q_xi]),bellman_backup,True,8x8,fixed,perturbation_seed,3000.0,2026.0,3000.0,support_restricted_tv_l1,exact_support_restricted_l1,,,,,
0,2026,15,Maximum-based,0.008,0.002758894728041753,0.002758894728041753,0.00411024133677966,0.00411024133677966,0.00013753244298020384,0.6653705191808065,0.6653705191808065,0.9912786393820335,0.9912786393820335,0.03316909197724125,0.4146403617999878,60,5,0.5,0.99,E[Agg(Q_xi)] - Agg(E[Q_xi]),bellman_backup,True,8x8,fixed,perturbation_seed,3000.0,2026.0,3000.0,support_restricted_tv_l1,exact_support_restricted_l1,,,,,
0,2026,20,Maximum-based,0.008,0.002706823699144334,0.002706823699144334,0.004048956033377016,0.004048956033377016,6.918685460560736e-05,0.6528124004604352,0.6528124004604352,0.9764982877692286,0.9764982877692286,0.016685991278143197,0.4146403617999878,60,5,0.5,0.99,E[Agg(Q_xi)] - Agg(E[Q_xi]),bellman_backup,True,8x8,fixed,perturbation_seed,3000.0,2026.0,3000.0,support_restricted_tv_l1,exact_support_restricted_l1,,,,,
0,2026,25,Maximum-based,0.008,0.0026855662807180707,0.0026855662807180707,0.004068347669296354,0.004068347669296354,2.532879830874357e-06,0.6476856881611349,0.6476856881611349,0.9811750239738658,0.9811750239738658,0.0006108618610785786,0.4146403617999878,60,5,0.5,0.99,E[Agg(Q_xi)] - Agg(E[Q_xi]),bellman_backup,True,8x8,fixed,perturbation_seed,3000.0,2026.0,3000.0,support_restricted_tv_l1,exact_support_restricted_l1,,,,,
0,2026,30,Maximum-based,0.008,0.0026767784985071664,0.0026767784985071664,0.0039937776950355885,0.0039937776950355885,0.00012075312411863326,0.6455663136331088,0.6455663136331088,0.96319077035778,0.96319077035778,0.02912237573651394,0.4146403617999878,60,5,0.5,0.99,E[Agg(Q_xi)] - Agg(E[Q_xi]),bellman_backup,True,8x8,fixed,perturbation_seed,3000.0,2026.0,3000.0,support_restricted_tv_l1,exact_support_restricted_l1,,,,,
0,2026,35,Maximum-based,0.008,0.002639841383483913,0.002639841383483913,0.003995765157226015,0.003995765157226015,2.9022465624528593e-05,0.63665808413444,0.63665808413444,0.9636700922891518,0.9636700922891518,0.006999430904058565,0.4146403617999878,60,5,0.5,0.99,E[Agg(Q_xi)] - Agg(E[Q_xi]),bellman_backup,True,8x8,fixed,perturbation_seed,3000.0,2026.0,3000.0,support_restricted_tv_l1,exact_support_restricted_l1,,,,,
0,2026,40,Maximum-based,0.008,0.00261684192490443,0.00261684192490443,0.004120495016219944,0.004120495016219944,7.524600926245295e-05,0.6311112390372478,0.6311112390372478,0.9937515485305234,0.9937515485305234,0.018147294907761475,0.4146403617999878,60,5,0.5,0.99,E[Agg(Q_xi)] - Agg(E[Q_xi]),bellman_backup,True,8x8,fixed,perturbation_seed,3000.0,2026.0,3000.0,support_restricted_tv_l1,exact_support_restricted_l1,,,,,
0,2026,45,Maximum-based,0.008,0.0025764514808937515,0.0025764514808937515,0.0039266293824755105,0.0039266293824755105,6.155794797030323e-05,0.6213701603262076,0.6213701603262076,0.9469964200855147,0.9469964200855147,0.014846106081683685,0.4146403617999878,60,5,0.5,0.99,E[Agg(Q_xi)] - Agg(E[Q_xi]),bellman_backup,True,8x8,fixed,perturbation_seed,3000.0,2026.0,3000.0,support_restricted_tv_l1,exact_support_restricted_l1,,,,,
0,2026,50,Maximum-based,0.008,0.002607794499816121,0.002607794499816121,0.004063020230515649,0.004063020230515649,0.00017945425558496542,0.6289292456951058,0.6289292456951058,0.9798901903514035,0.9798901903514035,0.043279495224714686,0.4146403617999878,60,5,0.5,0.99,E[Agg(Q_xi)] - Agg(E[Q_xi]),bellman_backup,True,8x8,fixed,perturbation_seed,3000.0,2026.0,3000.0,support_restricted_tv_l1,exact_support_restricted_l1,,,,,
0,2026,55,Maximum-based,0.008,0.002589133874023969,0.002589133874023969,0.0039661304489072985,0.0039661304489072985,0.0,0.6244288092901343,0.6244288092901343,0.9565230050663667,0.9565230050663667,0.0,0.4146403617999878,60,5,0.5,0.99,E[Agg(Q_xi)] - Agg(E[Q_xi]),bellman_backup,True,8x8,fixed,perturbation_seed,3000.0,2026.0,3000.0,support_restricted_tv_l1,exact_support_restricted_l1,,,,,
0,2026,60,Maximum-based,0.008,0.002588116436856627,0.002588116436856627,0.004318678240495866,0.004318678240495866,7.304136421915075e-05,0.624183431063344,0.624183431063344,1.0415479626122575,1.0415479626122575,0.017615594367627937,0.4146403617999878,60,5,0.5,0.99,E[Agg(Q_xi)] - Agg(E[Q_xi]),bellman_backup,True,8x8,fixed,perturbation_seed,3000.0,2026.0,3000.0,support_restricted_tv_l1,exact_support_restricted_l1,,,,,
0,2026,65,Maximum-based,0.008,0.0025472098344723844,0.0025472098344723844,0.004221029219439246,0.004221029219439246,4.539759981581071e-05,0.6143178689635369,0.6143178689635369,1.0179976693815844,1.0179976693815844,0.010948668773762401,0.4146403617999878,60,5,0.5,0.99,E[Agg(Q_xi)] - Agg(E[Q_xi]),bellman_backup,True,8x8,fixed,perturbation_seed,3000.0,2026.0,3000.0,support_restricted_tv_l1,exact_support_restricted_l1,,,,,
0,2026,70,Maximum-based,0.008,0.0025373176330054942,0.0025373176330054942,0.004090170273274171,0.004090170273274171,0.00013473106479056085,0.6119321384900376,0.6119321384900376,0.9864380436864387,0.9864380436864387,0.03249347560032078,0.4146403617999878,60,5,0.5,0.99,E[Agg(Q_xi)] - Agg(E[Q_xi]),bellman_backup,True,8x8,fixed,perturbation_seed,3000.0,2026.0,3000.0,support_restricted_tv_l1,exact_support_restricted_l1,,,,,
0,2026,75,Maximum-based,0.008,0.002501536861228363,0.002501536861228363,0.004109639547090399,0.004109639547090399,9.39605300802615e-05,0.6033027875938045,0.6033027875938045,0.9911335040443523,0.9911335040443523,0.02266072932995986,0.4146403617999878,60,5,0.5,0.99,E[Agg(Q_xi)] - Agg(E[Q_xi]),bellman_backup,True,8x8,fixed,perturbation_seed,3000.0,2026.0,3000.0,support_restricted_tv_l1,exact_support_restricted_l1,,,,,
0,2026,80,Maximum-based,0.008,0.0025208560906689204,0.0025208560906689204,0.004184966201460277,0.004184966201460277,3.0079992495601893e-05,0.6079620613212079,0.6079620613212079,1.0093002483629419,1.0093002483629419,0.007254477679168082,0.4146403617999878,60,5,0.5,0.99,E[Agg(Q_xi)] - Agg(E[Q_xi]),bellman_backup,True,8x8,fixed,perturbation_seed,3000.0,2026.0,3000.0,support_restricted_tv_l1,exact_support_restricted_l1,,,,,
0,2026,85,Maximum-based,0.008,0.0024756353617847427,0.0024756353617847427,0.003983826151456982,0.003983826151456982,1.631666484436245e-05,0.5970560490150565,0.5970560490150565,0.9607907281777552,0.9607907281777552,0.003935136650356581,0.4146403617999878,60,5,0.5,0.99,E[Agg(Q_xi)] - Agg(E[Q_xi]),bellman_backup,True,8x8,fixed,perturbation_seed,3000.0,2026.0,3000.0,support_restricted_tv_l1,exact_support_restricted_l1,,,,,
0,2026,90,Maximum-based,0.008,0.0025232121109992475,0.0025232121109992475,0.003954968696423172,0.003954968696423172,5.76361278176174e-05,0.6085302694715431,0.6085302694715431,0.9538310933490239,0.9538310933490239,0.013900269517278598,0.4146403617999878,60,5,0.5,0.99,E[Agg(Q_xi)] - Agg(E[Q_xi]),bellman_backup,True,8x8,fixed,perturbation_seed,3000.0,2026.0,3000.0,support_restricted_tv_l1,exact_support_restricted_l1,,,,,
0,2026,95,Maximum-based,0.008,0.002513650747141938,0.002513650747141938,0.0040941830478862795,0.0040941830478862795,3.7938781015656176e-06,0.6062243280490046,0.6062243280490046,0.9874058159975299,0.9874058159975299,0.0009149804146166768,0.4146403617999878,60,5,0.5,0.99,E[Agg(Q_xi)] - Agg(E[Q_xi]),bellman_backup,True,8x8,fixed,perturbation_seed,3000.0,2026.0,3000.0,support_restricted_tv_l1,exact_support_restricted_l1,,,,,
0,2026,100,Maximum-based,0.008,0.002506579583190955,0.002506579583190955,0.004058472597130908,0.004058472597130908,3.6933438050112954e-05,0.6045189552482753,0.6045189552482753,0.9787934246229059,0.9787934246229059,0.008907342712557425,0.4146403617999878,60,5,0.5,0.99,E[Agg(Q_xi)] - Agg(E[Q_xi]),bellman_backup,True,8x8,fixed,perturbation_seed,3000.0,2026.0,3000.0,support_restricted_tv_l1,exact_support_restricted_l1,,,,,
0,2026,105,Maximum-based,0.008,0.0024654383709206383,0.0024654383709206383,0.004007340755350891,0.004007340755350891,0.0,0.5945968116123497,0.5945968116123497,0.9664618123413495,0.9664618123413495,0.0,0.4146403617999878,60,5,0.5,0.99,E[Agg(Q_xi)] - Agg(E[Q_xi]),bellman_backup,True,8x8,fixed,perturbation_seed,3000.0,2026.0,3000.0,support_restricted_tv_l1,exact_support_restricted_l1,,,,,
0,2026,110,Maximum-based,0.008,0.0024971512563895554,0.0024971512563895554,0.004265884016419114,0.004265884016419114,4.833307378770968e-05,0.6022450987523783,0.6022450987523783,1.0288154288455087,1.0288154288455087,0.011656625413380367,0.4146403617999878,60,5,0.5,0.99,E[Agg(Q_xi)] - Agg(E[Q_xi]),bellman_backup,True,8x8,fixed,perturbation_seed,3000.0,2026.0,3000.0,support_restricted_tv_l1,exact_support_restricted_l1,,,,,
0,2026,115,Maximum-based,0.008,0.00248042287922988,0.00248042287922988,0.003940043049503711,0.003940043049503711,3.350150000724916e-05,0.5982106682673536,0.5982106682673536,0.9502314324634633,0.9502314324634633,0.008079652415364583,0.4146403617999878,60,5,0.5,0.99,E[Agg(Q_xi)] - Agg(E[Q_xi]),bellman_backup,True,8x8,fixed,perturbation_seed,3000.0,2026.0,3000.0,support_restricted_tv_l1,exact_support_restricted_l1,,,,,
0,2026,120,Maximum-based,0.008,0.002457046263014409,0.002457046263014409,0.004051442682541345,0.004051442682541345,3.464283191556561e-05,0.5925728629861718,0.5925728629861718,0.9770980000484517,0.9770980000484517,0.008354910690599014,0.4146403617999878,60,5,0.5,0.99,E[Agg(Q_xi)] - Agg(E[Q_xi]),bellman_backup,True,8x8,fixed,perturbation_seed,3000.0,2026.0,3000.0,support_restricted_tv_l1,exact_support_restricted_l1,,,,,
0,2026,125,Maximum-based,0.008,0.002439548799710177,0.002439548799710177,0.003939720897513044,0.003939720897513044,4.6823849320198896e-05,0.5883529497996519,0.5883529497996519,0.9501537381480163,0.9501537381480163,0.01129264143918183,0.4146403617999878,60,5,0.5,0.99,E[Agg(Q_xi)] - Agg(E[Q_xi]),bellman_backup,True,8x8,fixed,perturbation_seed,3000.0,2026.0,3000.0,support_restricted_tv_l1,exact_support_restricted_l1,,,,,
0,2026,130,Maximum-based,0.008,0.0024693694099885014,0.0024693694099885014,0.003992165449659774,0.003992165449659774,9.983264446788986e-06,0.5955448715288513,0.5955448715288513,0.9628019405369647,0.9628019405369647,0.002407692392378498,0.4146403617999878,60,5,0.5,0.99,E[Agg(Q_xi)] - Agg(E[Q_xi]),bellman_backup,True,8x8,fixed,perturbation_seed,3000.0,2026.0,3000.0,support_restricted_tv_l1,exact_support_restricted_l1,,,,,
0,2026,135,Maximum-based,0.008,0.0024547986017973843,0.0024547986017973843,0.004117552687818826,0.004117552687818826,1.630059762414149e-05,0.5920307881125954,0.5920307881125954,0.993041938788639,0.993041938788639,0.0039312616729783026,0.4146403617999878,60,5,0.5,0.99,E[Agg(Q_xi)] - Agg(E[Q_xi]),bellman_backup,True,8x8,fixed,perturbation_seed,3000.0,2026.0,3000.0,support_restricted_tv_l1,exact_support_restricted_l1,,,,,
0,2026,140,Maximum-based,0.008,0.002433530467140633,0.002433530467140633,0.004134743302819405,0.004134743302819405,1.3843861415896441e-05,0.5869014913493896,0.5869014913493896,0.9971878484936066,0.9971878484936066,0.0033387635867861737,0.4146403617999878,60,5,0.5,0.99,E[Agg(Q_xi)] - Agg(E[Q_xi]),bellman_backup,True,8x8,fixed,perturbation_seed,3000.0,2026.0,3000.0,support_restricted_tv_l1,exact_support_restricted_l1,,,,,
0,2026,145,Maximum-based,0.008,0.0024307374403783914,0.0024307374403783914,0.004112573947865489,0.004112573947865489,3.809102679719345e-06,0.5862278891100617,0.5862278891100617,0.9918412018580314,0.9918412018580314,0.0009186521696015597,0.4146403617999878,60,5,0.5,0.99,E[Agg(Q_xi)] - Agg(E[Q_xi]),bellman_backup,True,8x8,fixed,perturbation_seed,3000.0,2026.0,3000.0,support_restricted_tv_l1,exact_support_restricted_l1,,,,,
0,2026,150,Maximum-based,0.008,0.002404750817872898,0.002404750817872898,0.0041682348993066776,0.0041682348993066776,1.8323648349971577e-05,0.5799606211594254,0.5799606211594254,1.0052651124487804,1.0052651124487804,0.004419166593051173,0.4146403617999878,60,5,0.5,0.99,E[Agg(Q_xi)] - Agg(E[Q_xi]),bellman_backup,True,8x8,fixed,perturbation_seed,3000.0,2026.0,3000.0,support_restricted_tv_l1,exact_support_restricted_l1,,,,,
0,2026,155,Maximum-based,0.008,0.002404106791523513,0.002404106791523513,0.00422030712819646,0.00422030712819646,4.4339916231206367e-05,0.5798052994858215,0.5798052994858215,1.0178235205747364,1.0178235205747364,0.01069358420360313,0.4146403617999878,60,5,0.5,0.99,E[Agg(Q_xi)] - Agg(E[Q_xi]),bellman_backup,True,8x8,fixed,perturbation_seed,3000.0,2026.0,3000.0,support_restricted_tv_l1,exact_support_restricted_l1,,,,,
0,2026,160,Maximum-based,0.008,0.002437201693674335,0.002437201693674335,0.0042528610385515475,0.0042528610385515475,0.0,0.5877868915351709,0.5877868915351709,1.025674640087986,1.025674640087986,0.0,0.4146403617999878,60,5,0.5,0.99,E[Agg(Q_xi)] - Agg(E[Q_xi]),bellman_backup,True,8x8,fixed,perturbation_seed,3000.0,2026.0,3000.0,support_restricted_tv_l1,exact_support_restricted_l1,,,,,
0,2026,165,Maximum-based,0.008,0.002397833228525363,0.002397833228525363,0.003961701315559396,0.003961701315559396,3.765642608966058e-05,0.5782922863843192,0.5782922863843192,0.9554548183301128,0.9554548183301128,0.00908170780244136,0.4146403617999878,60,5,0.5,0.99,E[Agg(Q_xi)] - Agg(E[Q_xi]),bellman_backup,True,8x8,fixed,perturbation_seed,3000.0,2026.0,3000.0,support_restricted_tv_l1,exact_support_restricted_l1,,,,,
0,2026,170,Maximum-based,0.008,0.002420498336845693,0.002420498336845693,0.004151630932634154,0.004151630932634154,2.3157165167653204e-05,0.5837584952748235,0.5837584952748235,1.001260686396178,1.001260686396178,0.005584879645369315,0.4146403617999878,60,5,0.5,0.99,E[Agg(Q_xi)] - Agg(E[Q_xi]),bellman_backup,True,8x8,fixed,perturbation_seed,3000.0,2026.0,3000.0,support_restricted_tv_l1,exact_support_restricted_l1,,,,,
0,2026,175,Maximum-based,0.008,0.0024225254520507124,0.0024225254520507124,0.004228607018894853,0.004228607018894853,0.0,0.584247380436948,0.584247380436948,1.0198252289135876,1.0198252289135876,0.0,0.4146403617999878,60,5,0.5,0.99,E[Agg(Q_xi)] - Agg(E[Q_xi]),bellman_backup,True,8x8,fixed,perturbation_seed,3000.0,2026.0,3000.0,support_restricted_tv_l1,exact_support_restricted_l1,,,,,
0,2026,180,Maximum-based,0.008,0.0023855216564642283,0.0023855216564642283,0.003875496337665346,0.003875496337665346,7.662136183861357e-06,0.5753230693964484,0.5753230693964484,0.9346645176657427,0.9346645176657427,0.0018478992615671556,0.4146403617999878,60,5,0.5,0.99,E[Agg(Q_xi)] - Agg(E[Q_xi]),bellman_backup,True,8x8,fixed,perturbation_seed,3000.0,2026.0,3000.0,support_restricted_tv_l1,exact_support_restricted_l1,,,,,
0,2026,185,Maximum-based,0.008,0.0024122465449260334,0.0024122465449260334,0.00420638661998976,0.00420638661998976,0.0,0.5817683870557785,0.5817683870557785,1.0144662718625586,1.0144662718625586,0.0,0.4146403617999878,60,5,0.5,0.99,E[Agg(Q_xi)] - Agg(E[Q_xi]),bellman_backup,True,8x8,fixed,perturbation_seed,3000.0,2026.0,3000.0,support_restricted_tv_l1,exact_support_restricted_l1,,,,,
0,2026,190,Maximum-based,0.008,0.002389988070404013,0.002389988070404013,0.004221320303546633,0.004221320303546633,0.0,0.5764002471994957,0.5764002471994957,1.018067870966911,1.018067870966911,0.0,0.4146403617999878,60,5,0.5,0.99,E[Agg(Q_xi)] - Agg(E[Q_xi]),bellman_backup,True,8x8,fixed,perturbation_seed,3000.0,2026.0,3000.0,support_restricted_tv_l1,exact_support_restricted_l1,,,,,
0,2026,195,Maximum-based,0.008,0.002421646311462156,0.002421646311462156,0.004031999398037944,0.004031999398037944,0.0,0.5840353555909489,0.5840353555909489,0.9724088076073213,0.9724088076073213,0.0,0.4146403617999878,60,5,0.5,0.99,E[Agg(Q_xi)] - Agg(E[Q_xi]),bellman_backup,True,8x8,fixed,perturbation_seed,3000.0,2026.0,3000.0,support_restricted_tv_l1,exact_support_restricted_l1,,,,,
0,2026,200,Maximum-based,0.008,0.002389327652880824,0.002389327652880824,0.004352662789037398,0.004352662789037398,0.0,0.576240972419703,0.576240972419703,1.0497441132219092,1.0497441132219092,0.0,0.4146403617999878,60,5,0.5,0.99,E[Agg(Q_xi)] - Agg(E[Q_xi]),bellman_backup,True,8x8,fixed,perturbation_seed,3000.0,2026.0,3000.0,support_restricted_tv_l1,exact_support_restricted_l1,,,,,
0,2026,205,Maximum-based,0.008,0.0024123334731315726,0.0024123334731315726,0.0041515288581475684,0.0041515288581475684,1.347760675218801e-05,0.5817893517793191,0.5817893517793191,1.0012360688007895,1.0012360688007895,0.003250432903753174,0.4146403617999878,60,5,0.5,0.99,E[Agg(Q_xi)] - Agg(E[Q_xi]),bellman_backup,True,8x8,fixed,perturbation_seed,3000.0,2026.0,3000.0,support_restricted_tv_l1,exact_support_restricted_l1,,,,,
0,2026,210,Maximum-based,0.008,0.002379676432165124,0.002379676432165124,0.00400804872630639,0.00400804872630639,8.824949738306387e-06,0.5739133599620532,0.5739133599620532,0.9666325557181944,0.9666325557181944,0.0021283383267361035,0.4146403617999878,60,5,0.5,0.99,E[Agg(Q_xi)] - Agg(E[Q_xi]),bellman_backup,True,8x8,fixed,perturbation_seed,3000.0,2026.0,3000.0,support_restricted_tv_l1,exact_support_restricted_l1,,,,,
0,2026,215,Maximum-based,0.008,0.00242008758897375,0.00242008758897375,0.004125865518875005,0.004125865518875005,0.0,0.5836594340377168,0.5836594340377168,0.9950467679905266,0.9950467679905266,0.0,0.4146403617999878,60,5,0.5,0.99,E[Agg(Q_xi)] - Agg(E[Q_xi]),bellman_backup,True,8x8,fixed,perturbation_seed,3000.0,2026.0,3000.0,support_restricted_tv_l1,exact_support_restricted_l1,,,,,
0,2026,220,Maximum-based,0.008,0.0024001371227791776,0.0024001371227791776,0.0042913989819916565,0.0042913989819916565,0.0,0.5788479231399436,0.5788479231399436,1.0349689459468783,1.0349689459468783,0.0,0.4146403617999878,60,5,0.5,0.99,E[Agg(Q_xi)] - Agg(E[Q_xi]),bellman_backup,True,8x8,fixed,perturbation_seed,3000.0,2026.0,3000.0,support_restricted_tv_l1,exact_support_restricted_l1,,,,,
0,2026,225,Maximum-based,0.008,0.002384376571027097,0.002384376571027097,0.004005157105569035,0.004005157105569035,1.5871516290899557e-05,0.575046905871952,0.575046905871952,0.9659351752883678,0.9659351752883678,0.003827778902661575,0.4146403617999878,60,5,0.5,0.99,E[Agg(Q_xi)] - Agg(E[Q_xi]),bellman_backup,True,8x8,fixed,perturbation_seed,3000.0,2026.0,3000.0,support_restricted_tv_l1,exact_support_restricted_l1,,,,,
0,2026,230,Maximum-based,0.008,0.0024085510408463785,0.0024085510408463785,0.004468862403845031,0.004468862403845031,0.0,0.5808771317849186,0.5808771317849186,1.0777683061160117,1.0777683061160117,0.0,0.4146403617999878,60,5,0.5,0.99,E[Agg(Q_xi)] - Agg(E[Q_xi]),bellman_backup,True,8x8,fixed,perturbation_seed,3000.0,2026.0,3000.0,support_restricted_tv_l1,exact_support_restricted_l1,,,,,
0,2026,235,Maximum-based,0.008,0.0024295801680082017,0.0024295801680082017,0.004249606274522533,0.004249606274522533,0.0,0.5859487864281218,0.5859487864281218,1.0248896793536073,1.0248896793536073,0.0,0.4146403617999878,60,5,0.5,0.99,E[Agg(Q_xi)] - Agg(E[Q_xi]),bellman_backup,True,8x8,fixed,perturbation_seed,3000.0,2026.0,3000.0,support_restricted_tv_l1,exact_support_restricted_l1,,,,,
0,2026,240,Maximum-based,0.008,0.0023835525312126595,0.0023835525312126595,0.004055921972785204,0.004055921972785204,0.0,0.5748481698369794,0.5748481698369794,0.9781782832665189,0.9781782832665189,0.0,0.4146403617999878,60,5,0.5,0.99,E[Agg(Q_xi)] - Agg(E[Q_xi]),bellman_backup,True,8x8,fixed,perturbation_seed,3000.0,2026.0,3000.0,support_restricted_tv_l1,exact_support_restricted_l1,,,,,
0,2026,245,Maximum-based,0.008,0.002399305235848973,0.002399305235848973,0.004240287703057621,0.004240287703057621,0.0,0.5786472945936552,0.5786472945936552,1.0226422928656016,1.0226422928656016,0.0,0.4146403617999878,60,5,0.5,0.99,E[Agg(Q_xi)] - Agg(E[Q_xi]),bellman_backup,True,8x8,fixed,perturbation_seed,3000.0,2026.0,3000.0,support_restricted_tv_l1,exact_support_restricted_l1,,,,,
0,2026,250,Maximum-based,0.008,0.002388149324305243,0.002388149324305243,0.004094322044270293,0.004094322044270293,0.0,0.5759567915525857,0.5759567915525857,0.9874393381523462,0.9874393381523462,0.0,0.4146403617999878,60,5,0.5,0.99,E[Agg(Q_xi)] - Agg(E[Q_xi]),bellman_backup,True,8x8,fixed,perturbation_seed,3000.0,2026.0,3000.0,support_restricted_tv_l1,exact_support_restricted_l1,,,,,
0,2026,255,Maximum-based,0.008,0.0024078947617830557,0.0024078947617830557,0.0041343278830363595,0.0041343278830363595,0.0,0.5807188550893085,0.5807188550893085,0.9970876605183594,0.9970876605183594,0.0,0.4146403617999878,60,5,0.5,0.99,E[Agg(Q_xi)] - Agg(E[Q_xi]),bellman_backup,True,8x8,fixed,perturbation_seed,3000.0,2026.0,3000.0,support_restricted_tv_l1,exact_support_restricted_l1,,,,,
0,2026,260,Maximum-based,0.008,0.002367318783806733,0.002367318783806733,0.004083906549215532,0.004083906549215532,0.0,0.5709330306220088,0.5709330306220088,0.984927403470072,0.984927403470072,0.0,0.4146403617999878,60,5,0.5,0.99,E[Agg(Q_xi)] - Agg(E[Q_xi]),bellman_backup,True,8x8,fixed,perturbation_seed,3000.0,2026.0,3000.0,support_restricted_tv_l1,exact_support_restricted_l1,,,,,
0,2026,265,Maximum-based,0.008,0.0023858951261354817,0.0023858951261354817,0.003998403581061349,0.003998403581061349,3.0274012771225323e-05,0.5754131401434524,0.5754131401434524,0.9643064084991513,0.9643064084991513,0.007301270103036606,0.4146403617999878,60,5,0.5,0.99,E[Agg(Q_xi)] - Agg(E[Q_xi]),bellman_backup,True,8x8,fixed,perturbation_seed,3000.0,2026.0,3000.0,support_restricted_tv_l1,exact_support_restricted_l1,,,,,
0,2026,270,Maximum-based,0.008,0.002386168029916719,0.002386168029916719,0.004171377569833434,0.004171377569833434,1.143868184971808e-05,0.57547895712761,0.57547895712761,1.0060230392731528,1.0060230392731528,0.002758699563173692,0.4146403617999878,60,5,0.5,0.99,E[Agg(Q_xi)] - Agg(E[Q_xi]),bellman_backup,True,8x8,fixed,perturbation_seed,3000.0,2026.0,3000.0,support_restricted_tv_l1,exact_support_restricted_l1,,,,,
0,2026,275,Maximum-based,0.008,0.002339176012925932,0.002339176012925932,0.004512905668976108,0.004512905668976108,0.0,0.5641457582111343,0.5641457582111343,1.088390346126753,1.088390346126753,0.0,0.4146403617999878,60,5,0.5,0.99,E[Agg(Q_xi)] - Agg(E[Q_xi]),bellman_backup,True,8x8,fixed,perturbation_seed,3000.0,2026.0,3000.0,support_restricted_tv_l1,exact_support_restricted_l1,,,,,
0,2026,280,Maximum-based,0.008,0.0024028461886970364,0.0024028461886970364,0.004144483774935148,0.004144483774935148,3.8305096610180556e-06,0.5795012763026938,0.5795012763026938,0.999536985966249,0.999536985966249,0.000923814952405863,0.4146403617999878,60,5,0.5,0.99,E[Agg(Q_xi)] - Agg(E[Q_xi]),bellman_backup,True,8x8,fixed,perturbation_seed,3000.0,2026.0,3000.0,support_restricted_tv_l1,exact_support_restricted_l1,,,,,
0,2026,285,Maximum-based,0.008,0.0023709400725659066,0.0023709400725659066,0.0039977568597752144,0.0039977568597752144,0.0,0.5718063871721174,0.5718063871721174,0.9641504368799564,0.9641504368799564,0.0,0.4146403617999878,60,5,0.5,0.99,E[Agg(Q_xi)] - Agg(E[Q_xi]),bellman_backup,True,8x8,fixed,perturbation_seed,3000.0,2026.0,3000.0,support_restricted_tv_l1,exact_support_restricted_l1,,,,,
0,2026,290,Maximum-based,0.008,0.0023790073304168257,0.0023790073304168257,0.004422243817482685,0.004422243817482685,4.0734682306142744e-06,0.5737519907828943,0.5737519907828943,1.0665251685304735,1.0665251685304735,0.00098240996436792,0.4146403617999878,60,5,0.5,0.99,E[Agg(Q_xi)] - Agg(E[Q_xi]),bellman_backup,True,8x8,fixed,perturbation_seed,3000.0,2026.0,3000.0,support_restricted_tv_l1,exact_support_restricted_l1,,,,,
0,2026,295,Maximum-based,0.008,0.002411498605262393,0.002411498605262393,0.004262737536927186,0.004262737536927186,0.0,0.5815880043114664,0.5815880043114664,1.0280565834021302,1.0280565834021302,0.0,0.4146403617999878,60,5,0.5,0.99,E[Agg(Q_xi)] - Agg(E[Q_xi]),bellman_backup,True,8x8,fixed,perturbation_seed,3000.0,2026.0,3000.0,support_restricted_tv_l1,exact_support_restricted_l1,,,,,
0,2026,300,Maximum-based,0.008,0.0023993458685777286,0.0023993458685777286,0.003895440643996606,0.003895440643996606,7.908203717355011e-05,0.5786570941048699,0.5786570941048699,0.9394745429716921,0.9394745429716921,0.019072440712295472,0.4146403617999878,60,5,0.5,0.99,E[Agg(Q_xi)] - Agg(E[Q_xi]),bellman_backup,True,8x8,fixed,perturbation_seed,3000.0,2026.0,3000.0,support_restricted_tv_l1,exact_support_restricted_l1,,,,,
0,2026,305,Maximum-based,0.008,0.002384584456378392,0.002384584456378392,0.0040384670457501715,0.0040384670457501715,0.0,0.5750970421757099,0.5750970421757099,0.9739686286734979,0.9739686286734979,0.0,0.4146403617999878,60,5,0.5,0.99,E[Agg(Q_xi)] - Agg(E[Q_xi]),bellman_backup,True,8x8,fixed,perturbation_seed,3000.0,2026.0,3000.0,support_restricted_tv_l1,exact_support_restricted_l1,,,,,
0,2026,310,Maximum-based,0.008,0.0023691569447951196,0.0023691569447951196,0.004011153411481949,0.004011153411481949,0.0,0.5713763451561771,0.5713763451561771,0.9673813215069569,0.9673813215069569,0.0,0.4146403617999878,60,5,0.5,0.99,E[Agg(Q_xi)] - Agg(E[Q_xi]),bellman_backup,True,8x8,fixed,perturbation_seed,3000.0,2026.0,3000.0,support_restricted_tv_l1,exact_support_restricted_l1,,,,,
0,2026,315,Maximum-based,0.008,0.002391543414121437,0.002391543414121437,0.004881565317758851,0.004881565317758851,2.7373681459330612e-06,0.5767753538848825,0.5767753538848825,1.1773010462772067,1.1773010462772067,0.0006601788919076574,0.4146403617999878,60,5,0.5,0.99,E[Agg(Q_xi)] - Agg(E[Q_xi]),bellman_backup,True,8x8,fixed,perturbation_seed,3000.0,2026.0,3000.0,support_restricted_tv_l1,exact_support_restricted_l1,,,,,
0,2026,320,Maximum-based,0.008,0.0023610318884579274,0.0023610318884579274,0.004193781117883322,0.004193781117883322,4.749158050154634e-07,0.5694168021194305,0.5694168021194305,1.0114261669263875,1.0114261669263875,0.0001145368007479578,0.4146403617999878,60,5,0.5,0.99,E[Agg(Q_xi)] - Agg(E[Q_xi]),bellman_backup,True,8x8,fixed,perturbation_seed,3000.0,2026.0,3000.0,support_restricted_tv_l1,exact_support_restricted_l1,,,,,
0,2026,325,Maximum-based,0.008,0.002382902600898436,0.002382902600898436,0.004192461040643303,0.004192461040643303,0.0,0.5746914242873175,0.5746914242873175,1.0111078001291254,1.0111078001291254,0.0,0.4146403617999878,60,5,0.5,0.99,E[Agg(Q_xi)] - Agg(E[Q_xi]),bellman_backup,True,8x8,fixed,perturbation_seed,3000.0,2026.0,3000.0,support_restricted_tv_l1,exact_support_restricted_l1,,,,,
0,2026,330,Maximum-based,0.008,0.0023779938751869803,0.0023779938751869803,0.004360505691736516,0.004360505691736516,0.0,0.5735075728913398,0.5735075728913398,1.051635608460113,1.051635608460113,0.0,0.4146403617999878,60,5,0.5,0.99,E[Agg(Q_xi)] - Agg(E[Q_xi]),bellman_backup,True,8x8,fixed,perturbation_seed,3000.0,2026.0,3000.0,support_restricted_tv_l1,exact_support_restricted_l1,,,,,
0,2026,335,Maximum-based,0.008,0.002377149822151086,0.002377149822151086,0.00407426445461101,0.00407426445461101,0.0,0.5733040102106037,0.5733040102106037,0.9826019919827133,0.9826019919827133,0.0,0.4146403617999878,60,5,0.5,0.99,E[Agg(Q_xi)] - Agg(E[Q_xi]),bellman_backup,True,8x8,fixed,perturbation_seed,3000.0,2026.0,3000.0,support_restricted_tv_l1,exact_support_restricted_l1,,,,,
0,2026,340,Maximum-based,0.008,0.0023742063363491397,0.0023742063363491397,0.004825214278219525,0.004825214278219525,1.90683908456446e-05,0.5725941213350566,0.5725941213350566,1.1637107051693845,1.1637107051693845,0.0045987782672355275,0.4146403617999878,60,5,0.5,0.99,E[Agg(Q_xi)] - Agg(E[Q_xi]),bellman_backup,True,8x8,fixed,perturbation_seed,3000.0,2026.0,3000.0,support_restricted_tv_l1,exact_support_restricted_l1,,,,,
0,2026,345,Maximum-based,0.008,0.002389983325488041,0.002389983325488041,0.004114181345023227,0.004114181345023227,0.0,0.5763991028545623,0.5763991028545623,0.9922288624202498,0.9922288624202498,0.0,0.4146403617999878,60,5,0.5,0.99,E[Agg(Q_xi)] - Agg(E[Q_xi]),bellman_backup,True,8x8,fixed,perturbation_seed,3000.0,2026.0,3000.0,support_restricted_tv_l1,exact_support_restricted_l1,,,,,
0,2026,350,Maximum-based,0.008,0.0023497761209091772,0.0023497761209091772,0.004535397114115491,0.004535397114115491,1.8858605271399043e-05,0.5667022165205062,0.5667022165205062,1.0938146721720385,1.0938146721720385,0.004548183681282809,0.4146403617999878,60,5,0.5,0.99,E[Agg(Q_xi)] - Agg(E[Q_xi]),bellman_backup,True,8x8,fixed,perturbation_seed,3000.0,2026.0,3000.0,support_restricted_tv_l1,exact_support_restricted_l1,,,,,
0,2026,355,Maximum-based,0.008,0.00236062862771496,0.00236062862771496,0.004177610670570764,0.004177610670570764,5.049804598256102e-06,0.5693195465745972,0.5693195465745972,1.0075262939756788,1.0075262939756788,0.0012178757939373017,0.4146403617999878,60,5,0.5,0.99,E[Agg(Q_xi)] - Agg(E[Q_xi]),bellman_backup,True,8x8,fixed,perturbation_seed,3000.0,2026.0,3000.0,support_restricted_tv_l1,exact_support_restricted_l1,,,,,
0,2026,360,Maximum-based,0.008,0.0023715302628393633,0.0023715302628393633,0.004085763322720926,0.004085763322720926,4.671685002177739e-06,0.5719487250455687,0.5719487250455687,0.985375206838112,0.985375206838112,0.0011266836112860724,0.4146403617999878,60,5,0.5,0.99,E[Agg(Q_xi)] - Agg(E[Q_xi]),bellman_backup,True,8x8,fixed,perturbation_seed,3000.0,2026.0,3000.0,support_restricted_tv_l1,exact_support_restricted_l1,,,,,
0,2026,365,Maximum-based,0.008,0.002371813479607043,0.002371813479607043,0.004103443248768046,0.004103443248768046,0.0,0.5720170292421138,0.5720170292421138,0.9896391250853299,0.9896391250853299,0.0,0.4146403617999878,60,5,0.5,0.99,E[Agg(Q_xi)] - Agg(E[Q_xi]),bellman_backup,True,8x8,fixed,perturbation_seed,3000.0,2026.0,3000.0,support_restricted_tv_l1,exact_support_restricted_l1,,,,,
0,2026,370,Maximum-based,0.008,0.0024104277859706125,0.0024104277859706125,0.004588378063726695,0.004588378063726695,0.0,0.5813297517653003,0.5813297517653003,1.106592239069098,1.106592239069098,0.0,0.4146403617999878,60,5,0.5,0.99,E[Agg(Q_xi)] - Agg(E[Q_xi]),bellman_backup,True,8x8,fixed,perturbation_seed,3000.0,2026.0,3000.0,support_restricted_tv_l1,exact_support_restricted_l1,,,,,
0,2026,375,Maximum-based,0.008,0.002374603819130185,0.002374603819130185,0.004389669117606854,0.004389669117606854,0.0,0.572689983392315,0.572689983392315,1.0586690351491448,1.0586690351491448,0.0,0.4146403617999878,60,5,0.5,0.99,E[Agg(Q_xi)] - Agg(E[Q_xi]),bellman_backup,True,8x8,fixed,perturbation_seed,3000.0,2026.0,3000.0,support_restricted_tv_l1,exact_support_restricted_l1,,,,,
0,2026,380,Maximum-based,0.008,0.002360572581068879,0.002360572581068879,0.004496044490313822,0.004496044490313822,2.082172876582966e-05,0.5693060296449288,0.5693060296449288,1.0843238875241483,1.0843238875241483,0.005021635779845654,0.4146403617999878,60,5,0.5,0.99,E[Agg(Q_xi)] - Agg(E[Q_xi]),bellman_backup,True,8x8,fixed,perturbation_seed,3000.0,2026.0,3000.0,support_restricted_tv_l1,exact_support_restricted_l1,,,,,
0,2026,385,Maximum-based,0.008,0.0023703342857307242,0.0023703342857307242,0.004165293678428106,0.004165293678428106,6.945352281850781e-06,0.571660287831341,0.571660287831341,1.0045557698112708,1.0045557698112708,0.001675030441248034,0.4146403617999878,60,5,0.5,0.99,E[Agg(Q_xi)] - Agg(E[Q_xi]),bellman_backup,True,8x8,fixed,perturbation_seed,3000.0,2026.0,3000.0,support_restricted_tv_l1,exact_support_restricted_l1,,,,,
0,2026,390,Maximum-based,0.008,0.0023576260991780736,0.0023576260991780736,0.004017024419905202,0.004017024419905202,0.0,0.5685954181940767,0.5685954181940767,0.9687972493721956,0.9687972493721956,0.0,0.4146403617999878,60,5,0.5,0.99,E[Agg(Q_xi)] - Agg(E[Q_xi]),bellman_backup,True,8x8,fixed,perturbation_seed,3000.0,2026.0,3000.0,support_restricted_tv_l1,exact_support_restricted_l1,,,,,
0,2026,395,Maximum-based,0.008,0.002333691923356024,0.002333691923356024,0.004212400884611556,0.004212400884611556,0.0,0.5628231446705468,0.5628231446705468,1.0159167492342467,1.0159167492342467,0.0,0.4146403617999878,60,5,0.5,0.99,E[Agg(Q_xi)] - Agg(E[Q_xi]),bellman_backup,True,8x8,fixed,perturbation_seed,3000.0,2026.0,3000.0,support_restricted_tv_l1,exact_support_restricted_l1,,,,,
0,2026,400,Maximum-based,0.008,0.0023882847192835902,0.0023882847192835902,0.004076923228763962,0.004076923228763962,0.0,0.5759894451461142,0.5759894451461142,0.9832432161369202,0.9832432161369202,0.0,0.4146403617999878,60,5,0.5,0.99,E[Agg(Q_xi)] - Agg(E[Q_xi]),bellman_backup,True,8x8,fixed,perturbation_seed,3000.0,2026.0,3000.0,support_restricted_tv_l1,exact_support_restricted_l1,,,,,
0,2026,405,Maximum-based,0.008,0.0023795709084041636,0.0023795709084041636,0.0043556093679112395,0.0043556093679112395,0.0,0.5738879104953148,0.5738879104953148,1.050454748062437,1.050454748062437,0.0,0.4146403617999878,60,5,0.5,0.99,E[Agg(Q_xi)] - Agg(E[Q_xi]),bellman_backup,True,8x8,fixed,perturbation_seed,3000.0,2026.0,3000.0,support_restricted_tv_l1,exact_support_restricted_l1,,,,,
0,2026,410,Maximum-based,0.008,0.002343622624427215,0.002343622624427215,0.004103279049840758,0.004103279049840758,0.0,0.5652181602035453,0.5652181602035453,0.98959952476119,0.98959952476119,0.0,0.4146403617999878,60,5,0.5,0.99,E[Agg(Q_xi)] - Agg(E[Q_xi]),bellman_backup,True,8x8,fixed,perturbation_seed,3000.0,2026.0,3000.0,support_restricted_tv_l1,exact_support_restricted_l1,,,,,
0,2026,415,Maximum-based,0.008,0.0023882850784262455,0.0023882850784262455,0.004366829542409523,0.004366829542409523,6.0516028779766806e-05,0.5759895317615739,0.5759895317615739,1.0531607495837496,1.0531607495837496,0.01459482345545469,0.4146403617999878,60,5,0.5,0.99,E[Agg(Q_xi)] - Agg(E[Q_xi]),bellman_backup,True,8x8,fixed,perturbation_seed,3000.0,2026.0,3000.0,support_restricted_tv_l1,exact_support_restricted_l1,,,,,
0,2026,420,Maximum-based,0.008,0.0023616195893565286,0.0023616195893565286,0.004130668004877491,0.004130668004877491,2.7722139361863185e-08,0.5695585396232399,0.5695585396232399,0.9962049972525402,0.9962049972525402,6.6858275064007525e-06,0.4146403617999878,60,5,0.5,0.99,E[Agg(Q_xi)] - Agg(E[Q_xi]),bellman_backup,True,8x8,fixed,perturbation_seed,3000.0,2026.0,3000.0,support_restricted_tv_l1,exact_support_restricted_l1,,,,,
0,2026,425,Maximum-based,0.008,0.002384935914849736,0.002384935914849736,0.004345463440500186,0.004345463440500186,2.747739775776914e-05,0.575181804418782,0.575181804418782,1.0480078257785066,1.0480078257785066,0.006626802474917662,0.4146403617999878,60,5,0.5,0.99,E[Agg(Q_xi)] - Agg(E[Q_xi]),bellman_backup,True,8x8,fixed,perturbation_seed,3000.0,2026.0,3000.0,support_restricted_tv_l1,exact_support_restricted_l1,,,,,
0,2026,430,Maximum-based,0.008,0.0023723571574160085,0.0023723571574160085,0.003903651231392913,0.003903651231392913,0.0,0.5721481495716942,0.5721481495716942,0.9414547137781867,0.9414547137781867,0.0,0.4146403617999878,60,5,0.5,0.99,E[Agg(Q_xi)] - Agg(E[Q_xi]),bellman_backup,True,8x8,fixed,perturbation_seed,3000.0,2026.0,3000.0,support_restricted_tv_l1,exact_support_restricted_l1,,,,,
0,2026,435,Maximum-based,0.008,0.002382632728641013,0.002382632728641013,0.004569795793086029,0.004569795793086029,0.0,0.574626338424414,0.574626338424414,1.1021106997997423,1.1021106997997423,0.0,0.4146403617999878,60,5,0.5,0.99,E[Agg(Q_xi)] - Agg(E[Q_xi]),bellman_backup,True,8x8,fixed,perturbation_seed,3000.0,2026.0,3000.0,support_restricted_tv_l1,exact_support_restricted_l1,,,,,
0,2026,440,Maximum-based,0.008,0.0023454277028914254,0.0023454277028914254,0.003953281237314088,0.003953281237314088,0.0,0.5656534961308956,0.5656534961308956,0.9534241240173943,0.9534241240173943,0.0,0.4146403617999878,60,5,0.5,0.99,E[Agg(Q_xi)] - Agg(E[Q_xi]),bellman_backup,True,8x8,fixed,perturbation_seed,3000.0,2026.0,3000.0,support_restricted_tv_l1,exact_support_restricted_l1,,,,,
0,2026,445,Maximum-based,0.008,0.0024070185611684454,0.0024070185611684454,0.004577588628400797,0.004577588628400797,0.0,0.5805075392852207,0.5805075392852207,1.1039901201439024,1.1039901201439024,0.0,0.4146403617999878,60,5,0.5,0.99,E[Agg(Q_xi)] - Agg(E[Q_xi]),bellman_backup,True,8x8,fixed,perturbation_seed,3000.0,2026.0,3000.0,support_restricted_tv_l1,exact_support_restricted_l1,,,,,
0,2026,450,Maximum-based,0.008,0.002357809869048236,0.002357809869048236,0.004674257820551364,0.004674257820551364,0.0,0.5686397384983918,0.5686397384983918,1.127304105239545,1.127304105239545,0.0,0.4146403617999878,60,5,0.5,0.99,E[Agg(Q_xi)] - Agg(E[Q_xi]),bellman_backup,True,8x8,fixed,perturbation_seed,3000.0,2026.0,3000.0,support_restricted_tv_l1,exact_support_restricted_l1,,,,,
0,2026,455,Maximum-based,0.008,0.0023755012986488066,0.0023755012986488066,0.003975503364127941,0.003975503364127941,0.0,0.572906431090442,0.572906431090442,0.9587834977931129,0.9587834977931129,0.0,0.4146403617999878,60,5,0.5,0.99,E[Agg(Q_xi)] - Agg(E[Q_xi]),bellman_backup,True,8x8,fixed,perturbation_seed,3000.0,2026.0,3000.0,support_restricted_tv_l1,exact_support_restricted_l1,,,,,
0,2026,460,Maximum-based,0.008,0.0023521571964181236,0.0023521571964181236,0.004405113904915492,0.004405113904915492,0.0,0.5672764672998105,0.5672764672998105,1.0623938986046924,1.0623938986046924,0.0,0.4146403617999878,60,5,0.5,0.99,E[Agg(Q_xi)] - Agg(E[Q_xi]),bellman_backup,True,8x8,fixed,perturbation_seed,3000.0,2026.0,3000.0,support_restricted_tv_l1,exact_support_restricted_l1,,,,,
0,2026,465,Maximum-based,0.008,0.002371600733907852,0.002371600733907852,0.004400878313571166,0.004400878313571166,0.0,0.5719657207543759,0.5719657207543759,1.0613723889460718,1.0613723889460718,0.0,0.4146403617999878,60,5,0.5,0.99,E[Agg(Q_xi)] - Agg(E[Q_xi]),bellman_backup,True,8x8,fixed,perturbation_seed,3000.0,2026.0,3000.0,support_restricted_tv_l1,exact_support_restricted_l1,,,,,
0,2026,470,Maximum-based,0.008,0.002391827403017562,0.002391827403017562,0.004281866175972093,0.004281866175972093,0.0,0.5768438442978496,0.5768438442978496,1.0326698918996118,1.0326698918996118,0.0,0.4146403617999878,60,5,0.5,0.99,E[Agg(Q_xi)] - Agg(E[Q_xi]),bellman_backup,True,8x8,fixed,perturbation_seed,3000.0,2026.0,3000.0,support_restricted_tv_l1,exact_support_restricted_l1,,,,,
0,2026,475,Maximum-based,0.008,0.0023600879437018695,0.0023600879437018695,0.004237885987602608,0.004237885987602608,0.0,0.5691891482673164,0.5691891482673164,1.02206306429157,1.02206306429157,0.0,0.4146403617999878,60,5,0.5,0.99,E[Agg(Q_xi)] - Agg(E[Q_xi]),bellman_backup,True,8x8,fixed,perturbation_seed,3000.0,2026.0,3000.0,support_restricted_tv_l1,exact_support_restricted_l1,,,,,
0,2026,480,Maximum-based,0.008,0.0023570556528506132,0.0023570556528506132,0.004605208036529307,0.004605208036529307,5.709659021135849e-06,0.5684578420244574,0.5684578420244574,1.1106511716654213,1.1106511716654213,0.001377014769220669,0.4146403617999878,60,5,0.5,0.99,E[Agg(Q_xi)] - Agg(E[Q_xi]),bellman_backup,True,8x8,fixed,perturbation_seed,3000.0,2026.0,3000.0,support_restricted_tv_l1,exact_support_restricted_l1,,,,,
0,2026,485,Maximum-based,0.008,0.0023487007008719087,0.0023487007008719087,0.003982579565238398,0.003982579565238398,9.8863016217976e-08,0.5664428543994141,0.5664428543994141,0.9604900854199754,0.9604900854199754,2.3843075910122096e-05,0.4146403617999878,60,5,0.5,0.99,E[Agg(Q_xi)] - Agg(E[Q_xi]),bellman_backup,True,8x8,fixed,perturbation_seed,3000.0,2026.0,3000.0,support_restricted_tv_l1,exact_support_restricted_l1,,,,,
0,2026,490,Maximum-based,0.008,0.0023727954120769013,0.0023727954120769013,0.00405399019333802,0.00405399019333802,0.0,0.5722538446996336,0.5722538446996336,0.9777123905013289,0.9777123905013289,0.0,0.4146403617999878,60,5,0.5,0.99,E[Agg(Q_xi)] - Agg(E[Q_xi]),bellman_backup,True,8x8,fixed,perturbation_seed,3000.0,2026.0,3000.0,support_restricted_tv_l1,exact_support_restricted_l1,,,,,
0,2026,495,Maximum-based,0.008,0.0024027605468080436,0.0024027605468080436,0.00407135685124288,0.00407135685124288,0.0,0.5794806218037876,0.5794806218037876,0.9819007569761868,0.9819007569761868,0.0,0.4146403617999878,60,5,0.5,0.99,E[Agg(Q_xi)] - Agg(E[Q_xi]),bellman_backup,True,8x8,fixed,perturbation_seed,3000.0,2026.0,3000.0,support_restricted_tv_l1,exact_support_restricted_l1,,,,,
0,2026,500,Maximum-based,0.008,0.0024041734122732944,0.0024041734122732944,0.0046910276183121935,0.0046910276183121935,6.6810806881312246e-06,0.579821366602272,0.579821366602272,1.1313485252492204,1.1313485252492204,0.0016112953064019396,0.4146403617999878,60,5,0.5,0.99,E[Agg(Q_xi)] - Agg(E[Q_xi]),bellman_backup,True,8x8,fixed,perturbation_seed,3000.0,2026.0,3000.0,support_restricted_tv_l1,exact_support_restricted_l1,,,,,
0,2026,5,Similarity-aware,0.008,-2.6291902682773483e-18,9.24959978401696e-19,1.6653345369377348e-16,4.163336342344337e-17,-1.6653345369377348e-16,-6.340893242673766e-16,2.230752390786003e-16,4.016334853916249e-14,1.0040837134790623e-14,-4.016334853916249e-14,0.4146403617999878,60,5,0.5,0.99,E[Agg(Q_xi)] - Agg(E[Q_xi]),bellman_backup,True,8x8,fixed,perturbation_seed,3000.0,2026.0,3000.0,support_restricted_tv_l1,exact_support_restricted_l1,,,,,
0,2026,10,Similarity-aware,0.008,-4.472333961502706e-19,3.618524750670371e-18,2.220446049250313e-16,2.220446049250313e-16,-2.220446049250313e-16,-1.0786055515888365e-16,8.726899462855131e-16,5.3551131385549994e-14,5.3551131385549994e-14,-5.3551131385549994e-14,0.4146403617999878,60,5,0.5,0.99,E[Agg(Q_xi)] - Agg(E[Q_xi]),bellman_backup,True,8x8,fixed,perturbation_seed,3000.0,2026.0,3000.0,support_restricted_tv_l1,exact_support_restricted_l1,,,,,
0,2026,15,Similarity-aware,0.008,1.2197274440461925e-19,5.3261431723350405e-18,2.220446049250313e-16,1.6653345369377348e-16,-2.220446049250313e-16,2.9416515043331906e-17,1.2845211568921598e-15,5.3551131385549994e-14,4.016334853916249e-14,-5.3551131385549994e-14,0.4146403617999878,60,5,0.5,0.99,E[Agg(Q_xi)] - Agg(E[Q_xi]),bellman_backup,True,8x8,fixed,perturbation_seed,3000.0,2026.0,3000.0,support_restricted_tv_l1,exact_support_restricted_l1,,,,,
0,2026,20,Similarity-aware,0.008,3.767602549387128e-18,7.440337408681774e-18,2.220446049250313e-16,2.220446049250313e-16,-1.1102230246251565e-16,9.086434646718077e-16,1.794407417643246e-15,5.3551131385549994e-14,5.3551131385549994e-14,-2.6775565692774997e-14,0.4146403617999878,60,5,0.5,0.99,E[Agg(Q_xi)] - Agg(E[Q_xi]),bellman_backup,True,8x8,fixed,perturbation_seed,3000.0,2026.0,3000.0,support_restricted_tv_l1,exact_support_restricted_l1,,,,,
0,2026,25,Similarity-aware,0.008,-3.279711571768651e-18,5.800481622797449e-18,2.7755575615628914e-16,2.7755575615628914e-16,-2.220446049250313e-16,-7.909774044984801e-16,1.3989187153940061e-15,6.693891423193748e-14,6.693891423193748e-14,-5.3551131385549994e-14,0.4146403617999878,60,5,0.5,0.99,E[Agg(Q_xi)] - Agg(E[Q_xi]),bellman_backup,True,8x8,fixed,perturbation_seed,3000.0,2026.0,3000.0,support_restricted_tv_l1,exact_support_restricted_l1,,,,,
0,2026,30,Similarity-aware,0.008,-2.710505431213761e-20,7.860465750519907e-18,2.7755575615628914e-16,1.1102230246251565e-16,-2.7755575615628914e-16,-6.537003342962646e-18,1.895730969459167e-15,6.693891423193748e-14,2.6775565692774997e-14,-6.693891423193748e-14,0.4146403617999878,60,5,0.5,0.99,E[Agg(Q_xi)] - Agg(E[Q_xi]),bellman_backup,True,8x8,fixed,perturbation_seed,3000.0,2026.0,3000.0,support_restricted_tv_l1,exact_support_restricted_l1,,,,,
0,2026,35,Similarity-aware,0.008,3.1712913545201005e-18,1.1628068299907035e-17,2.220446049250313e-16,2.220446049250313e-16,-2.220446049250313e-16,7.648293911266295e-16,2.804374434130975e-15,5.3551131385549994e-14,5.3551131385549994e-14,-5.3551131385549994e-14,0.4146403617999878,60,5,0.5,0.99,E[Agg(Q_xi)] - Agg(E[Q_xi]),bellman_backup,True,8x8,fixed,perturbation_seed,3000.0,2026.0,3000.0,support_restricted_tv_l1,exact_support_restricted_l1,,,,,
0,2026,40,Similarity-aware,0.008,1.3552527156068805e-19,9.0801931945661e-18,3.3306690738754696e-16,3.3306690738754696e-16,-1.1102230246251565e-16,3.2685016714813225e-17,2.1898961198924864e-15,8.032669707832498e-14,8.032669707832498e-14,-2.6775565692774997e-14,0.4146403617999878,60,5,0.5,0.99,E[Agg(Q_xi)] - Agg(E[Q_xi]),bellman_backup,True,8x8,fixed,perturbation_seed,3000.0,2026.0,3000.0,support_restricted_tv_l1,exact_support_restricted_l1,,,,,
0,2026,45,Similarity-aware,0.008,-1.8973538018496328e-18,1.111307226797642e-17,3.3306690738754696e-16,2.220446049250313e-16,-3.3306690738754696e-16,-4.575902340073852e-16,2.6801713706146844e-15,8.032669707832498e-14,5.3551131385549994e-14,-8.032669707832498e-14,0.4146403617999878,60,5,0.5,0.99,E[Agg(Q_xi)] - Agg(E[Q_xi]),bellman_backup,True,8x8,fixed,perturbation_seed,3000.0,2026.0,3000.0,support_restricted_tv_l1,exact_support_restricted_l1,,,,,
0,2026,50,Similarity-aware,0.008,1.463672932855431e-18,1.3417001884508117e-17,2.220446049250313e-16,2.220446049250313e-16,-2.220446049250313e-16,3.5299818051998284e-16,3.2358166547665094e-15,5.3551131385549994e-14,5.3551131385549994e-14,-5.3551131385549994e-14,0.4146403617999878,60,5,0.5,0.99,E[Agg(Q_xi)] - Agg(E[Q_xi]),bellman_backup,True,8x8,fixed,perturbation_seed,3000.0,2026.0,3000.0,support_restricted_tv_l1,exact_support_restricted_l1,,,,,
0,2026,55,Similarity-aware,0.008,3.577867169202165e-18,1.56396163381034e-17,2.220446049250313e-16,2.220446049250313e-16,-2.220446049250313e-16,8.628844412710692e-16,3.771850928889446e-15,5.3551131385549994e-14,5.3551131385549994e-14,-5.3551131385549994e-14,0.4146403617999878,60,5,0.5,0.99,E[Agg(Q_xi)] - Agg(E[Q_xi]),bellman_backup,True,8x8,fixed,perturbation_seed,3000.0,2026.0,3000.0,support_restricted_tv_l1,exact_support_restricted_l1,,,,,
0,2026,60,Similarity-aware,0.008,4.1470733097570545e-18,1.7536970139953034e-17,4.440892098500626e-16,4.440892098500626e-16,-3.3306690738754696e-16,1.0001615114732847e-15,4.2294411628968315e-15,1.0710226277109999e-13,1.0710226277109999e-13,-8.032669707832498e-14,0.4146403617999878,60,5,0.5,0.99,E[Agg(Q_xi)] - Agg(E[Q_xi]),bellman_backup,True,8x8,fixed,perturbation_seed,3000.0,2026.0,3000.0,support_restricted_tv_l1,exact_support_restricted_l1,,,,,
0,2026,65,Similarity-aware,0.008,-4.824699667560495e-18,1.2685165418080402e-17,2.220446049250313e-16,1.6653345369377348e-16,-2.220446049250313e-16,-1.1635865950473508e-15,3.059317564506518e-15,5.3551131385549994e-14,4.016334853916249e-14,-5.3551131385549994e-14,0.4146403617999878,60,5,0.5,0.99,E[Agg(Q_xi)] - Agg(E[Q_xi]),bellman_backup,True,8x8,fixed,perturbation_seed,3000.0,2026.0,3000.0,support_restricted_tv_l1,exact_support_restricted_l1,,,,,
0,2026,70,Similarity-aware,0.008,1.8973538018496328e-18,1.8756697583999227e-17,5.551115123125783e-16,5.551115123125783e-16,-3.3306690738754696e-16,4.575902340073852e-16,4.52360631333015e-15,1.3387782846387497e-13,1.3387782846387497e-13,-8.032669707832498e-14,0.4146403617999878,60,5,0.5,0.99,E[Agg(Q_xi)] - Agg(E[Q_xi]),bellman_backup,True,8x8,fixed,perturbation_seed,3000.0,2026.0,3000.0,support_restricted_tv_l1,exact_support_restricted_l1,,,,,
0,2026,75,Similarity-aware,0.008,-1.463672932855431e-18,1.5829351718288365e-17,4.440892098500626e-16,4.440892098500626e-16,-4.440892098500626e-16,-3.5299818051998284e-16,3.817609952290185e-15,1.0710226277109999e-13,1.0710226277109999e-13,-1.0710226277109999e-13,0.4146403617999878,60,5,0.5,0.99,E[Agg(Q_xi)] - Agg(E[Q_xi]),bellman_backup,True,8x8,fixed,perturbation_seed,3000.0,2026.0,3000.0,support_restricted_tv_l1,exact_support_restricted_l1,,,,,
0,2026,80,Similarity-aware,0.008,3.0357660829594124e-18,2.1141942363467336e-17,3.3306690738754696e-16,3.3306690738754696e-16,-2.220446049250313e-16,7.321443744118162e-16,5.0988626075108635e-15,8.032669707832498e-14,8.032669707832498e-14,-5.3551131385549994e-14,0.4146403617999878,60,5,0.5,0.99,E[Agg(Q_xi)] - Agg(E[Q_xi]),bellman_backup,True,8x8,fixed,perturbation_seed,3000.0,2026.0,3000.0,support_restricted_tv_l1,exact_support_restricted_l1,,,,,
0,2026,85,Similarity-aware,0.008,-1.0570971181733668e-17,1.474514954580286e-17,2.7755575615628914e-16,1.6653345369377348e-16,-2.7755575615628914e-16,-2.5494313037554318e-15,3.5561298185716795e-15,6.693891423193748e-14,4.016334853916249e-14,-6.693891423193748e-14,0.4146403617999878,60,5,0.5,0.99,E[Agg(Q_xi)] - Agg(E[Q_xi]),bellman_backup,True,8x8,fixed,perturbation_seed,3000.0,2026.0,3000.0,support_restricted_tv_l1,exact_support_restricted_l1,,,,,
0,2026,90,Similarity-aware,0.008,-9.540979117872439e-18,1.7184604433895245e-17,3.3306690738754696e-16,2.220446049250313e-16,-3.3306690738754696e-16,-2.3010251767228512e-15,4.144460119438317e-15,8.032669707832498e-14,5.3551131385549994e-14,-8.032669707832498e-14,0.4146403617999878,60,5,0.5,0.99,E[Agg(Q_xi)] - Agg(E[Q_xi]),bellman_backup,True,8x8,fixed,perturbation_seed,3000.0,2026.0,3000.0,support_restricted_tv_l1,exact_support_restricted_l1,,,,,
0,2026,95,Similarity-aware,0.008,2.7647155398380363e-18,2.0925101928970236e-17,3.3306690738754696e-16,3.3306690738754696e-16,-3.3306690738754696e-16,6.667743409821898e-16,5.0465665807671626e-15,8.032669707832498e-14,8.032669707832498e-14,-8.032669707832498e-14,0.4146403617999878,60,5,0.5,0.99,E[Agg(Q_xi)] - Agg(E[Q_xi]),bellman_backup,True,8x8,fixed,perturbation_seed,3000.0,2026.0,3000.0,support_restricted_tv_l1,exact_support_restricted_l1,,,,,
0,2026,100,Similarity-aware,0.008,2.3310346708438345e-18,2.2442984970449942e-17,3.3306690738754696e-16,3.3306690738754696e-16,-3.3306690738754696e-16,5.621822874947875e-16,5.4126387679730706e-15,8.032669707832498e-14,8.032669707832498e-14,-8.032669707832498e-14,0.4146403617999878,60,5,0.5,0.99,E[Agg(Q_xi)] - Agg(E[Q_xi]),bellman_backup,True,8x8,fixed,perturbation_seed,3000.0,2026.0,3000.0,support_restricted_tv_l1,exact_support_restricted_l1,,,,,
0,2026,105,Similarity-aware,0.008,-2.168404344971009e-18,2.2822455730819868e-17,4.440892098500626e-16,2.220446049250313e-16,-4.440892098500626e-16,-5.229602674370116e-16,5.504156814774547e-15,1.0710226277109999e-13,5.3551131385549994e-14,-1.0710226277109999e-13,0.4146403617999878,60,5,0.5,0.99,E[Agg(Q_xi)] - Agg(E[Q_xi]),bellman_backup,True,8x8,fixed,perturbation_seed,3000.0,2026.0,3000.0,support_restricted_tv_l1,exact_support_restricted_l1,,,,,
0,2026,110,Similarity-aware,0.008,-1.6263032587282567e-18,2.4123498337802474e-17,3.885780586188048e-16,3.885780586188048e-16,-3.3306690738754696e-16,-3.922202005777587e-16,5.817932975236754e-15,9.371447992471248e-14,9.371447992471248e-14,-8.032669707832498e-14,0.4146403617999878,60,5,0.5,0.99,E[Agg(Q_xi)] - Agg(E[Q_xi]),bellman_backup,True,8x8,fixed,perturbation_seed,3000.0,2026.0,3000.0,support_restricted_tv_l1,exact_support_restricted_l1,,,,,
0,2026,115,Similarity-aware,0.008,-4.716279450311944e-18,2.2605615296322767e-17,3.3306690738754696e-16,3.3306690738754696e-16,-2.7755575615628914e-16,-1.1374385816755004e-15,5.451860788030846e-15,8.032669707832498e-14,8.032669707832498e-14,-6.693891423193748e-14,0.4146403617999878,60,5,0.5,0.99,E[Agg(Q_xi)] - Agg(E[Q_xi]),bellman_backup,True,8x8,fixed,perturbation_seed,3000.0,2026.0,3000.0,support_restricted_tv_l1,exact_support_restricted_l1,,,,,
0,2026,120,Similarity-aware,0.008,4.933119884809045e-18,2.824346659324739e-17,3.885780586188048e-16,3.3306690738754696e-16,-3.885780586188048e-16,1.1897346084192015e-15,6.811557483367076e-15,9.371447992471248e-14,8.032669707832498e-14,-9.371447992471248e-14,0.4146403617999878,60,5,0.5,0.99,E[Agg(Q_xi)] - Agg(E[Q_xi]),bellman_backup,True,8x8,fixed,perturbation_seed,3000.0,2026.0,3000.0,support_restricted_tv_l1,exact_support_restricted_l1,,,,,
0,2026,125,Similarity-aware,0.008,-5.204170427930421e-18,2.2388774861825667e-17,3.3306690738754696e-16,3.3306690738754696e-16,-3.3306690738754696e-16,-1.2551046418488278e-15,5.399564761287145e-15,8.032669707832498e-14,8.032669707832498e-14,-8.032669707832498e-14,0.4146403617999878,60,5,0.5,0.99,E[Agg(Q_xi)] - Agg(E[Q_xi]),bellman_backup,True,8x8,fixed,perturbation_seed,3000.0,2026.0,3000.0,support_restricted_tv_l1,exact_support_restricted_l1,,,,,
0,2026,130,Similarity-aware,0.008,-4.2825985813177425e-18,2.5207700510287978e-17,3.3306690738754696e-16,3.3306690738754696e-16,-2.7755575615628914e-16,-1.032846528188098e-15,6.07941310895526e-15,8.032669707832498e-14,8.032669707832498e-14,-6.693891423193748e-14,0.4146403617999878,60,5,0.5,0.99,E[Agg(Q_xi)] - Agg(E[Q_xi]),bellman_backup,True,8x8,fixed,perturbation_seed,3000.0,2026.0,3000.0,support_restricted_tv_l1,exact_support_restricted_l1,,,,,
0,2026,135,Similarity-aware,0.008,2.8189256484623115e-18,3.1929753979698106e-17,4.440892098500626e-16,3.3306690738754696e-16,-4.440892098500626e-16,6.798483476681151e-16,7.700589938009997e-15,1.0710226277109999e-13,8.032669707832498e-14,-1.0710226277109999e-13,0.4146403617999878,60,5,0.5,0.99,E[Agg(Q_xi)] - Agg(E[Q_xi]),bellman_backup,True,8x8,fixed,perturbation_seed,3000.0,2026.0,3000.0,support_restricted_tv_l1,exact_support_restricted_l1,,,,,
0,2026,140,Similarity-aware,0.008,7.48099499014998e-18,3.008661028647275e-17,2.220446049250313e-16,2.220446049250313e-16,-2.220446049250313e-16,1.80421292265769e-15,7.256073710688536e-15,5.3551131385549994e-14,5.3551131385549994e-14,-5.3551131385549994e-14,0.4146403617999878,60,5,0.5,0.99,E[Agg(Q_xi)] - Agg(E[Q_xi]),bellman_backup,True,8x8,fixed,perturbation_seed,3000.0,2026.0,3000.0,support_restricted_tv_l1,exact_support_restricted_l1,,,,,
0,2026,145,Similarity-aware,0.008,-2.8731357570865868e-18,2.5912431922403556e-17,3.3306690738754696e-16,2.220446049250313e-16,-3.3306690738754696e-16,-6.929223543540405e-16,6.249375195872289e-15,8.032669707832498e-14,5.3551131385549994e-14,-8.032669707832498e-14,0.4146403617999878,60,5,0.5,0.99,E[Agg(Q_xi)] - Agg(E[Q_xi]),bellman_backup,True,8x8,fixed,perturbation_seed,3000.0,2026.0,3000.0,support_restricted_tv_l1,exact_support_restricted_l1,,,,,
0,2026,150,Similarity-aware,0.008,-1.0842021724855044e-18,2.7321894746634712e-17,3.3306690738754696e-16,3.3306690738754696e-16,-2.220446049250313e-16,-2.614801337185058e-16,6.589299369706347e-15,8.032669707832498e-14,8.032669707832498e-14,-5.3551131385549994e-14,0.4146403617999878,60,5,0.5,0.99,E[Agg(Q_xi)] - Agg(E[Q_xi]),bellman_backup,True,8x8,fixed,perturbation_seed,3000.0,2026.0,3000.0,support_restricted_tv_l1,exact_support_restricted_l1,,,,,
0,2026,155,Similarity-aware,0.008,3.577867169202165e-18,2.970713952610282e-17,3.3306690738754696e-16,3.3306690738754696e-16,-3.3306690738754696e-16,8.628844412710692e-16,7.16455566388706e-15,8.032669707832498e-14,8.032669707832498e-14,-8.032669707832498e-14,0.4146403617999878,60,5,0.5,0.99,E[Agg(Q_xi)] - Agg(E[Q_xi]),bellman_backup,True,8x8,fixed,perturbation_seed,3000.0,2026.0,3000.0,support_restricted_tv_l1,exact_support_restricted_l1,,,,,
0,2026,160,Similarity-aware,0.008,-1.4094628242311558e-18,3.0682921481339775e-17,3.3306690738754696e-16,3.3306690738754696e-16,-2.7755575615628914e-16,-3.3992417383405756e-16,7.399887784233714e-15,8.032669707832498e-14,8.032669707832498e-14,-6.693891423193748e-14,0.4146403617999878,60,5,0.5,0.99,E[Agg(Q_xi)] - Agg(E[Q_xi]),bellman_backup,True,8x8,fixed,perturbation_seed,3000.0,2026.0,3000.0,support_restricted_tv_l1,exact_support_restricted_l1,,,,,
0,2026,165,Similarity-aware,0.008,4.336808689942018e-18,3.491130995403324e-17,4.440892098500626e-16,4.440892098500626e-16,-2.7755575615628914e-16,1.0459205348740232e-15,8.419660305735887e-15,1.0710226277109999e-13,1.0710226277109999e-13,-6.693891423193748e-14,0.4146403617999878,60,5,0.5,0.99,E[Agg(Q_xi)] - Agg(E[Q_xi]),bellman_backup,True,8x8,fixed,perturbation_seed,3000.0,2026.0,3000.0,support_restricted_tv_l1,exact_support_restricted_l1,,,,,
0,2026,170,Similarity-aware,0.008,-2.927345865710862e-18,3.0357660829594124e-17,3.3306690738754696e-16,3.3306690738754696e-16,-3.3306690738754696e-16,-7.059963610399657e-16,7.321443744118163e-15,8.032669707832498e-14,8.032669707832498e-14,-8.032669707832498e-14,0.4146403617999878,60,5,0.5,0.99,E[Agg(Q_xi)] - Agg(E[Q_xi]),bellman_backup,True,8x8,fixed,perturbation_seed,3000.0,2026.0,3000.0,support_restricted_tv_l1,exact_support_restricted_l1,,,,,
0,2026,175,Similarity-aware,0.008,3.903127820947816e-18,3.415236843329339e-17,4.440892098500626e-16,4.440892098500626e-16,-3.3306690738754696e-16,9.41328481386621e-16,8.236624212132933e-15,1.0710226277109999e-13,1.0710226277109999e-13,-8.032669707832498e-14,0.4146403617999878,60,5,0.5,0.99,E[Agg(Q_xi)] - Agg(E[Q_xi]),bellman_backup,True,8x8,fixed,perturbation_seed,3000.0,2026.0,3000.0,support_restricted_tv_l1,exact_support_restricted_l1,,,,,
0,2026,180,Similarity-aware,0.008,5.854691731421724e-18,3.404394821604484e-17,6.661338147750939e-16,6.661338147750939e-16,-3.3306690738754696e-16,1.4119927220799314e-15,8.210476198761083e-15,1.6065339415664996e-13,1.6065339415664996e-13,-8.032669707832498e-14,0.4146403617999878,60,5,0.5,0.99,E[Agg(Q_xi)] - Agg(E[Q_xi]),bellman_backup,True,8x8,fixed,perturbation_seed,3000.0,2026.0,3000.0,support_restricted_tv_l1,exact_support_restricted_l1,,,,,
0,2026,185,Similarity-aware,0.008,5.421010862427522e-18,3.5019730171281793e-17,4.440892098500626e-16,4.440892098500626e-16,-4.440892098500626e-16,1.3074006685925291e-15,8.445808319107739e-15,1.0710226277109999e-13,1.0710226277109999e-13,-1.0710226277109999e-13,0.4146403617999878,60,5,0.5,0.99,E[Agg(Q_xi)] - Agg(E[Q_xi]),bellman_backup,True,8x8,fixed,perturbation_seed,3000.0,2026.0,3000.0,support_restricted_tv_l1,exact_support_restricted_l1,,,,,
0,2026,190,Similarity-aware,0.008,-9.64939933512099e-18,2.7755575615628914e-17,3.3306690738754696e-16,2.7755575615628914e-16,-3.3306690738754696e-16,-2.3271731900947017e-15,6.693891423193749e-15,8.032669707832498e-14,6.693891423193748e-14,-8.032669707832498e-14,0.4146403617999878,60,5,0.5,0.99,E[Agg(Q_xi)] - Agg(E[Q_xi]),bellman_backup,True,8x8,fixed,perturbation_seed,3000.0,2026.0,3000.0,support_restricted_tv_l1,exact_support_restricted_l1,,,,,
0,2026,195,Similarity-aware,0.008,1.3010426069826053e-18,3.491130995403324e-17,3.3306690738754696e-16,3.3306690738754696e-16,-3.3306690738754696e-16,3.1377616046220696e-16,8.419660305735887e-15,8.032669707832498e-14,8.032669707832498e-14,-8.032669707832498e-14,0.4146403617999878,60,5,0.5,0.99,E[Agg(Q_xi)] - Agg(E[Q_xi]),bellman_backup,True,8x8,fixed,perturbation_seed,3000.0,2026.0,3000.0,support_restricted_tv_l1,exact_support_restricted_l1,,,,,
0,2026,200,Similarity-aware,0.008,1.0191500421363742e-17,4.0332320816460765e-17,6.661338147750939e-16,6.661338147750939e-16,-2.7755575615628914e-16,2.4579132569539548e-15,9.727060974328416e-15,1.6065339415664996e-13,1.6065339415664996e-13,-6.693891423193748e-14,0.4146403617999878,60,5,0.5,0.99,E[Agg(Q_xi)] - Agg(E[Q_xi]),bellman_backup,True,8x8,fixed,perturbation_seed,3000.0,2026.0,3000.0,support_restricted_tv_l1,exact_support_restricted_l1,,,,,
0,2026,205,Similarity-aware,0.008,4.228388472693467e-18,3.69712940817557e-17,3.3306690738754696e-16,3.3306690738754696e-16,-3.3306690738754696e-16,1.0197725215021727e-15,8.916472559801048e-15,8.032669707832498e-14,8.032669707832498e-14,-8.032669707832498e-14,0.4146403617999878,60,5,0.5,0.99,E[Agg(Q_xi)] - Agg(E[Q_xi]),bellman_backup,True,8x8,fixed,perturbation_seed,3000.0,2026.0,3000.0,support_restricted_tv_l1,exact_support_restricted_l1,,,,,
0,2026,210,Similarity-aware,0.008,-8.782037597132586e-18,3.0249240612345574e-17,4.440892098500626e-16,4.440892098500626e-16,-3.3306690738754696e-16,-2.1179890831198972e-15,7.295295730746312e-15,1.0710226277109999e-13,1.0710226277109999e-13,-8.032669707832498e-14,0.4146403617999878,60,5,0.5,0.99,E[Agg(Q_xi)] - Agg(E[Q_xi]),bellman_backup,True,8x8,fixed,perturbation_seed,3000.0,2026.0,3000.0,support_restricted_tv_l1,exact_support_restricted_l1,,,,,
0,2026,215,Similarity-aware,0.008,-1.5829351718288365e-17,2.8406096919120216e-17,6.661338147750939e-16,3.3306690738754696e-16,-6.661338147750939e-16,-3.817609952290185e-15,6.850779503424852e-15,1.6065339415664996e-13,8.032669707832498e-14,-1.6065339415664996e-13,0.4146403617999878,60,5,0.5,0.99,E[Agg(Q_xi)] - Agg(E[Q_xi]),bellman_backup,True,8x8,fixed,perturbation_seed,3000.0,2026.0,3000.0,support_restricted_tv_l1,exact_support_restricted_l1,,,,,
0,2026,220,Similarity-aware,0.008,1.2034644114589099e-17,4.206704429243757e-17,4.440892098500626e-16,4.440892098500626e-16,-3.3306690738754696e-16,2.9024294842754145e-15,1.0145429188278026e-14,1.0710226277109999e-13,1.0710226277109999e-13,-8.032669707832498e-14,0.4146403617999878,60,5,0.5,0.99,E[Agg(Q_xi)] - Agg(E[Q_xi]),bellman_backup,True,8x8,fixed,perturbation_seed,3000.0,2026.0,3000.0,support_restricted_tv_l1,exact_support_restricted_l1,,,,,
0,2026,225,Similarity-aware,0.008,-6.505213034913027e-19,3.447762908503904e-17,3.3306690738754696e-16,3.3306690738754696e-16,-2.220446049250313e-16,-1.5688808023110348e-16,8.315068252248485e-15,8.032669707832498e-14,8.032669707832498e-14,-5.3551131385549994e-14,0.4146403617999878,60,5,0.5,0.99,E[Agg(Q_xi)] - Agg(E[Q_xi]),bellman_backup,True,8x8,fixed,perturbation_seed,3000.0,2026.0,3000.0,support_restricted_tv_l1,exact_support_restricted_l1,,,,,
0,2026,230,Similarity-aware,0.008,-3.3610267347050637e-18,3.382710778154774e-17,3.3306690738754696e-16,3.3306690738754696e-16,-3.3306690738754696e-16,-8.10588414527368e-16,8.158180172017382e-15,8.032669707832498e-14,8.032669707832498e-14,-8.032669707832498e-14,0.4146403617999878,60,5,0.5,0.99,E[Agg(Q_xi)] - Agg(E[Q_xi]),bellman_backup,True,8x8,fixed,perturbation_seed,3000.0,2026.0,3000.0,support_restricted_tv_l1,exact_support_restricted_l1,,,,,
0,2026,235,Similarity-aware,0.008,-6.613633252161577e-18,3.63207727782644e-17,3.3306690738754696e-16,3.3306690738754696e-16,-3.3306690738754696e-16,-1.5950288156828856e-15,8.759584479569946e-15,8.032669707832498e-14,8.032669707832498e-14,-8.032669707832498e-14,0.4146403617999878,60,5,0.5,0.99,E[Agg(Q_xi)] - Agg(E[Q_xi]),bellman_backup,True,8x8,fixed,perturbation_seed,3000.0,2026.0,3000.0,support_restricted_tv_l1,exact_support_restricted_l1,,,,,
0,2026,240,Similarity-aware,0.008,-9.107298248878237e-18,3.2851325826310784e-17,3.3306690738754696e-16,3.3306690738754696e-16,-3.3306690738754696e-16,-2.196433123235449e-15,7.922848051670726e-15,8.032669707832498e-14,8.032669707832498e-14,-8.032669707832498e-14,0.4146403617999878,60,5,0.5,0.99,E[Agg(Q_xi)] - Agg(E[Q_xi]),bellman_backup,True,8x8,fixed,perturbation_seed,3000.0,2026.0,3000.0,support_restricted_tv_l1,exact_support_restricted_l1,,,,,
0,2026,245,Similarity-aware,0.008,-3.577867169202165e-18,3.5887091909270197e-17,4.440892098500626e-16,3.3306690738754696e-16,-4.440892098500626e-16,-8.628844412710692e-16,8.654992426082542e-15,1.0710226277109999e-13,8.032669707832498e-14,-1.0710226277109999e-13,0.4146403617999878,60,5,0.5,0.99,E[Agg(Q_xi)] - Agg(E[Q_xi]),bellman_backup,True,8x8,fixed,perturbation_seed,3000.0,2026.0,3000.0,support_restricted_tv_l1,exact_support_restricted_l1,,,,,
0,2026,250,Similarity-aware,0.008,-1.0083080204115191e-17,3.2851325826310784e-17,4.440892098500626e-16,3.3306690738754696e-16,-4.440892098500626e-16,-2.431765243582104e-15,7.922848051670726e-15,1.0710226277109999e-13,8.032669707832498e-14,-1.0710226277109999e-13,0.4146403617999878,60,5,0.5,0.99,E[Agg(Q_xi)] - Agg(E[Q_xi]),bellman_backup,True,8x8,fixed,perturbation_seed,3000.0,2026.0,3000.0,support_restricted_tv_l1,exact_support_restricted_l1,,,,,
0,2026,255,Similarity-aware,0.008,4.9873299934333204e-18,4.228388472693467e-17,4.996003610813204e-16,4.996003610813204e-16,-3.3306690738754696e-16,1.2028086151051267e-15,1.0197725215021727e-14,1.2049004561748749e-13,1.2049004561748749e-13,-8.032669707832498e-14,0.4146403617999878,60,5,0.5,0.99,E[Agg(Q_xi)] - Agg(E[Q_xi]),bellman_backup,True,8x8,fixed,perturbation_seed,3000.0,2026.0,3000.0,support_restricted_tv_l1,exact_support_restricted_l1,,,,,
0,2026,260,Similarity-aware,0.008,-2.927345865710862e-18,3.838075690598686e-17,4.440892098500626e-16,4.440892098500626e-16,-3.3306690738754696e-16,-7.059963610399657e-16,9.256396733635106e-15,1.0710226277109999e-13,1.0710226277109999e-13,-8.032669707832498e-14,0.4146403617999878,60,5,0.5,0.99,E[Agg(Q_xi)] - Agg(E[Q_xi]),bellman_backup,True,8x8,fixed,perturbation_seed,3000.0,2026.0,3000.0,support_restricted_tv_l1,exact_support_restricted_l1,,,,,
0,2026,265,Similarity-aware,0.008,-8.239936510889834e-18,3.220080452281948e-17,5.551115123125783e-16,5.551115123125783e-16,-3.3306690738754696e-16,-1.987249016260644e-15,7.765959971439622e-15,1.3387782846387497e-13,1.3387782846387497e-13,-8.032669707832498e-14,0.4146403617999878,60,5,0.5,0.99,E[Agg(Q_xi)] - Agg(E[Q_xi]),bellman_backup,True,8x8,fixed,perturbation_seed,3000.0,2026.0,3000.0,support_restricted_tv_l1,exact_support_restricted_l1,,,,,
0,2026,270,Similarity-aware,0.008,5.095750210681871e-18,4.0440741033709315e-17,5.551115123125783e-16,5.551115123125783e-16,-3.3306690738754696e-16,1.2289566284769774e-15,9.753208987700268e-15,1.3387782846387497e-13,1.3387782846387497e-13,-8.032669707832498e-14,0.4146403617999878,60,5,0.5,0.99,E[Agg(Q_xi)] - Agg(E[Q_xi]),bellman_backup,True,8x8,fixed,perturbation_seed,3000.0,2026.0,3000.0,support_restricted_tv_l1,exact_support_restricted_l1,,,,,
0,2026,275,Similarity-aware,0.008,4.445228907190568e-18,4.141652298894627e-17,5.551115123125783e-16,5.551115123125783e-16,-4.440892098500626e-16,1.0720685482458739e-15,9.988541108046922e-15,1.3387782846387497e-13,1.3387782846387497e-13,-1.0710226277109999e-13,0.4146403617999878,60,5,0.5,0.99,E[Agg(Q_xi)] - Agg(E[Q_xi]),bellman_backup,True,8x8,fixed,perturbation_seed,3000.0,2026.0,3000.0,support_restricted_tv_l1,exact_support_restricted_l1,,,,,
0,2026,280,Similarity-aware,0.008,-3.686287386450715e-18,3.74049749507499e-17,3.3306690738754696e-16,3.3306690738754696e-16,-3.3306690738754696e-16,-8.890324546429199e-16,9.02106461328845e-15,8.032669707832498e-14,8.032669707832498e-14,-8.032669707832498e-14,0.4146403617999878,60,5,0.5,0.99,E[Agg(Q_xi)] - Agg(E[Q_xi]),bellman_backup,True,8x8,fixed,perturbation_seed,3000.0,2026.0,3000.0,support_restricted_tv_l1,exact_support_restricted_l1,,,,,
0,2026,285,Similarity-aware,0.008,4.9873299934333204e-18,4.2500725161431774e-17,5.551115123125783e-16,5.551115123125783e-16,-4.440892098500626e-16,1.2028086151051267e-15,1.0250021241765428e-14,1.3387782846387497e-13,1.3387782846387497e-13,-1.0710226277109999e-13,0.4146403617999878,60,5,0.5,0.99,E[Agg(Q_xi)] - Agg(E[Q_xi]),bellman_backup,True,8x8,fixed,perturbation_seed,3000.0,2026.0,3000.0,support_restricted_tv_l1,exact_support_restricted_l1,,,,,
0,2026,290,Similarity-aware,0.008,1.1167282376600696e-17,4.445228907190568e-17,3.3306690738754696e-16,3.3306690738754696e-16,-3.3306690738754696e-16,2.69324537730061e-15,1.0720685482458738e-14,8.032669707832498e-14,8.032669707832498e-14,-8.032669707832498e-14,0.4146403617999878,60,5,0.5,0.99,E[Agg(Q_xi)] - Agg(E[Q_xi]),bellman_backup,True,8x8,fixed,perturbation_seed,3000.0,2026.0,3000.0,support_restricted_tv_l1,exact_support_restricted_l1,,,,,
0,2026,295,Similarity-aware,0.008,-7.37257477290143e-18,3.5778671692021646e-17,4.440892098500626e-16,3.3306690738754696e-16,-4.440892098500626e-16,-1.7780649092858397e-15,8.628844412710692e-15,1.0710226277109999e-13,8.032669707832498e-14,-1.0710226277109999e-13,0.4146403617999878,60,5,0.5,0.99,E[Agg(Q_xi)] - Agg(E[Q_xi]),bellman_backup,True,8x8,fixed,perturbation_seed,3000.0,2026.0,3000.0,support_restricted_tv_l1,exact_support_restricted_l1,,,,,
0,2026,300,Similarity-aware,0.008,6.071532165918825e-18,4.195862407518902e-17,4.440892098500626e-16,4.440892098500626e-16,-4.440892098500626e-16,1.4642887488236325e-15,1.0119281174906176e-14,1.0710226277109999e-13,1.0710226277109999e-13,-1.0710226277109999e-13,0.4146403617999878,60,5,0.5,0.99,E[Agg(Q_xi)] - Agg(E[Q_xi]),bellman_backup,True,8x8,fixed,perturbation_seed,3000.0,2026.0,3000.0,support_restricted_tv_l1,exact_support_restricted_l1,,,,,
0,2026,305,Similarity-aware,0.008,-9.540979117872439e-18,3.5561831257524545e-17,4.440892098500626e-16,4.440892098500626e-16,-4.440892098500626e-16,-2.3010251767228512e-15,8.576548385966991e-15,1.0710226277109999e-13,1.0710226277109999e-13,-1.0710226277109999e-13,0.4146403617999878,60,5,0.5,0.99,E[Agg(Q_xi)] - Agg(E[Q_xi]),bellman_backup,True,8x8,fixed,perturbation_seed,3000.0,2026.0,3000.0,support_restricted_tv_l1,exact_support_restricted_l1,,,,,
0,2026,310,Similarity-aware,0.008,-7.589415207398531e-19,3.8163916471489756e-17,5.551115123125783e-16,4.440892098500626e-16,-5.551115123125783e-16,-1.8303609360295406e-16,9.204100706891405e-15,1.3387782846387497e-13,1.0710226277109999e-13,-1.3387782846387497e-13,0.4146403617999878,60,5,0.5,0.99,E[Agg(Q_xi)] - Agg(E[Q_xi]),bellman_backup,True,8x8,fixed,perturbation_seed,3000.0,2026.0,3000.0,support_restricted_tv_l1,exact_support_restricted_l1,,,,,
0,2026,315,Similarity-aware,0.008,9.215718466126788e-18,4.152494320619482e-17,3.3306690738754696e-16,3.3306690738754696e-16,-2.220446049250313e-16,2.2225811366072995e-15,1.0014689121418772e-14,8.032669707832498e-14,8.032669707832498e-14,-5.3551131385549994e-14,0.4146403617999878,60,5,0.5,0.99,E[Agg(Q_xi)] - Agg(E[Q_xi]),bellman_backup,True,8x8,fixed,perturbation_seed,3000.0,2026.0,3000.0,support_restricted_tv_l1,exact_support_restricted_l1,,,,,
0,2026,320,Similarity-aware,0.008,-1.1926223897340549e-18,4.0440741033709315e-17,5.551115123125783e-16,5.551115123125783e-16,-4.440892098500626e-16,-2.876281470903564e-16,9.753208987700268e-15,1.3387782846387497e-13,1.3387782846387497e-13,-1.0710226277109999e-13,0.4146403617999878,60,5,0.5,0.99,E[Agg(Q_xi)] - Agg(E[Q_xi]),bellman_backup,True,8x8,fixed,perturbation_seed,3000.0,2026.0,3000.0,support_restricted_tv_l1,exact_support_restricted_l1,,,,,
0,2026,325,Similarity-aware,0.008,-1.0191500421363742e-17,3.664603343001005e-17,4.440892098500626e-16,4.440892098500626e-16,-4.440892098500626e-16,-2.4579132569539548e-15,8.838028519685497e-15,1.0710226277109999e-13,1.0710226277109999e-13,-1.0710226277109999e-13,0.4146403617999878,60,5,0.5,0.99,E[Agg(Q_xi)] - Agg(E[Q_xi]),bellman_backup,True,8x8,fixed,perturbation_seed,3000.0,2026.0,3000.0,support_restricted_tv_l1,exact_support_restricted_l1,,,,,
0,2026,330,Similarity-aware,0.008,4.7704895589362195e-18,3.946495907847236e-17,3.3306690738754696e-16,3.3306690738754696e-16,-3.3306690738754696e-16,1.1505125883614256e-15,9.517876867353612e-15,8.032669707832498e-14,8.032669707832498e-14,-8.032669707832498e-14,0.4146403617999878,60,5,0.5,0.99,E[Agg(Q_xi)] - Agg(E[Q_xi]),bellman_backup,True,8x8,fixed,perturbation_seed,3000.0,2026.0,3000.0,support_restricted_tv_l1,exact_support_restricted_l1,,,,,
0,2026,335,Similarity-aware,0.008,-8.239936510889834e-18,3.892285799222961e-17,4.440892098500626e-16,4.440892098500626e-16,-3.3306690738754696e-16,-1.987249016260644e-15,9.387136800494358e-15,1.0710226277109999e-13,1.0710226277109999e-13,-8.032669707832498e-14,0.4146403617999878,60,5,0.5,0.99,E[Agg(Q_xi)] - Agg(E[Q_xi]),bellman_backup,True,8x8,fixed,perturbation_seed,3000.0,2026.0,3000.0,support_restricted_tv_l1,exact_support_restricted_l1,,,,,
0,2026,340,Similarity-aware,0.008,-3.7947076036992655e-18,4.109126233720062e-17,6.661338147750939e-16,4.440892098500626e-16,-6.661338147750939e-16,-9.151804680147703e-16,9.91009706793137e-15,1.6065339415664996e-13,1.0710226277109999e-13,-1.6065339415664996e-13,0.4146403617999878,60,5,0.5,0.99,E[Agg(Q_xi)] - Agg(E[Q_xi]),bellman_backup,True,8x8,fixed,perturbation_seed,3000.0,2026.0,3000.0,support_restricted_tv_l1,exact_support_restricted_l1,,,,,
0,2026,345,Similarity-aware,0.008,1.5178830414797062e-18,4.0440741033709315e-17,3.3306690738754696e-16,3.3306690738754696e-16,-3.3306690738754696e-16,3.660721872059081e-16,9.753208987700268e-15,8.032669707832498e-14,8.032669707832498e-14,-8.032669707832498e-14,0.4146403617999878,60,5,0.5,0.99,E[Agg(Q_xi)] - Agg(E[Q_xi]),bellman_backup,True,8x8,fixed,perturbation_seed,3000.0,2026.0,3000.0,support_restricted_tv_l1,exact_support_restricted_l1,,,,,
0,2026,350,Similarity-aware,0.008,7.26415455565288e-18,4.4885969940899884e-17,4.440892098500626e-16,4.440892098500626e-16,-4.440892098500626e-16,1.7519168959139889e-15,1.0825277535946141e-14,1.0710226277109999e-13,1.0710226277109999e-13,-1.0710226277109999e-13,0.4146403617999878,60,5,0.5,0.99,E[Agg(Q_xi)] - Agg(E[Q_xi]),bellman_backup,True,8x8,fixed,perturbation_seed,3000.0,2026.0,3000.0,support_restricted_tv_l1,exact_support_restricted_l1,,,,,
0,2026,355,Similarity-aware,0.008,1.5178830414797062e-18,4.206704429243757e-17,5.551115123125783e-16,5.551115123125783e-16,-3.3306690738754696e-16,3.660721872059081e-16,1.0145429188278026e-14,1.3387782846387497e-13,1.3387782846387497e-13,-8.032669707832498e-14,0.4146403617999878,60,5,0.5,0.99,E[Agg(Q_xi)] - Agg(E[Q_xi]),bellman_backup,True,8x8,fixed,perturbation_seed,3000.0,2026.0,3000.0,support_restricted_tv_l1,exact_support_restricted_l1,,,,,
0,2026,360,Similarity-aware,0.008,-3.0357660829594124e-18,4.0766001685454967e-17,4.440892098500626e-16,4.440892098500626e-16,-2.220446049250313e-16,-7.321443744118162e-16,9.831653027815819e-15,1.0710226277109999e-13,1.0710226277109999e-13,-5.3551131385549994e-14,0.4146403617999878,60,5,0.5,0.99,E[Agg(Q_xi)] - Agg(E[Q_xi]),bellman_backup,True,8x8,fixed,perturbation_seed,3000.0,2026.0,3000.0,support_restricted_tv_l1,exact_support_restricted_l1,,,,,
0,2026,365,Similarity-aware,0.008,-2.3852447794681098e-18,4.0007060164715114e-17,3.3306690738754696e-16,3.3306690738754696e-16,-3.3306690738754696e-16,-5.752562941807128e-16,9.648616934212864e-15,8.032669707832498e-14,8.032669707832498e-14,-8.032669707832498e-14,0.4146403617999878,60,5,0.5,0.99,E[Agg(Q_xi)] - Agg(E[Q_xi]),bellman_backup,True,8x8,fixed,perturbation_seed,3000.0,2026.0,3000.0,support_restricted_tv_l1,exact_support_restricted_l1,,,,,
0,2026,370,Similarity-aware,0.008,-3.0357660829594124e-18,3.686287386450715e-17,4.440892098500626e-16,3.3306690738754696e-16,-4.440892098500626e-16,-7.321443744118162e-16,8.890324546429198e-15,1.0710226277109999e-13,8.032669707832498e-14,-1.0710226277109999e-13,0.4146403617999878,60,5,0.5,0.99,E[Agg(Q_xi)] - Agg(E[Q_xi]),bellman_backup,True,8x8,fixed,perturbation_seed,3000.0,2026.0,3000.0,support_restricted_tv_l1,exact_support_restricted_l1,,,,,
0,2026,375,Similarity-aware,0.008,-1.5070410197548512e-17,2.5370330836160804e-17,4.440892098500626e-16,4.440892098500626e-16,-3.3306690738754696e-16,-3.634573858687231e-15,6.118635129013036e-15,1.0710226277109999e-13,1.0710226277109999e-13,-8.032669707832498e-14,0.4146403617999878,60,5,0.5,0.99,E[Agg(Q_xi)] - Agg(E[Q_xi]),bellman_backup,True,8x8,fixed,perturbation_seed,3000.0,2026.0,3000.0,support_restricted_tv_l1,exact_support_restricted_l1,,,,,
0,2026,380,Similarity-aware,0.008,-5.204170427930421e-18,3.74049749507499e-17,4.440892098500626e-16,4.440892098500626e-16,-4.440892098500626e-16,-1.2551046418488278e-15,9.02106461328845e-15,1.0710226277109999e-13,1.0710226277109999e-13,-1.0710226277109999e-13,0.4146403617999878,60,5,0.5,0.99,E[Agg(Q_xi)] - Agg(E[Q_xi]),bellman_backup,True,8x8,fixed,perturbation_seed,3000.0,2026.0,3000.0,support_restricted_tv_l1,exact_support_restricted_l1,,,,,
0,2026,385,Similarity-aware,0.008,-5.5294310796760726e-18,3.729655473350135e-17,4.440892098500626e-16,3.3306690738754696e-16,-4.440892098500626e-16,-1.3335486819643796e-15,8.9949165999166e-15,1.0710226277109999e-13,8.032669707832498e-14,-1.0710226277109999e-13,0.4146403617999878,60,5,0.5,0.99,E[Agg(Q_xi)] - Agg(E[Q_xi]),bellman_backup,True,8x8,fixed,perturbation_seed,3000.0,2026.0,3000.0,support_restricted_tv_l1,exact_support_restricted_l1,,,,,
0,2026,390,Similarity-aware,0.008,-2.8189256484623115e-18,4.174178364069192e-17,4.440892098500626e-16,4.440892098500626e-16,-3.3306690738754696e-16,-6.798483476681151e-16,1.0066985148162473e-14,1.0710226277109999e-13,1.0710226277109999e-13,-8.032669707832498e-14,0.4146403617999878,60,5,0.5,0.99,E[Agg(Q_xi)] - Agg(E[Q_xi]),bellman_backup,True,8x8,fixed,perturbation_seed,3000.0,2026.0,3000.0,support_restricted_tv_l1,exact_support_restricted_l1,,,,,
0,2026,395,Similarity-aware,0.008,-2.3852447794681098e-18,4.119968255444917e-17,4.440892098500626e-16,4.440892098500626e-16,-3.3306690738754696e-16,-5.752562941807128e-16,9.936245081303221e-15,1.0710226277109999e-13,1.0710226277109999e-13,-8.032669707832498e-14,0.4146403617999878,60,5,0.5,0.99,E[Agg(Q_xi)] - Agg(E[Q_xi]),bellman_backup,True,8x8,fixed,perturbation_seed,3000.0,2026.0,3000.0,support_restricted_tv_l1,exact_support_restricted_l1,,,,,
0,2026,400,Similarity-aware,0.008,1.6046192152785466e-17,4.607859233063394e-17,6.661338147750939e-16,6.661338147750939e-16,-3.3306690738754696e-16,3.869905979033886e-15,1.1112905683036498e-14,1.6065339415664996e-13,1.6065339415664996e-13,-8.032669707832498e-14,0.4146403617999878,60,5,0.5,0.99,E[Agg(Q_xi)] - Agg(E[Q_xi]),bellman_backup,True,8x8,fixed,perturbation_seed,3000.0,2026.0,3000.0,support_restricted_tv_l1,exact_support_restricted_l1,,,,,
0,2026,405,Similarity-aware,0.008,7.806255641895632e-18,4.716279450311944e-17,4.440892098500626e-16,4.440892098500626e-16,-4.440892098500626e-16,1.882656962773242e-15,1.1374385816755002e-14,1.0710226277109999e-13,1.0710226277109999e-13,-1.0710226277109999e-13,0.4146403617999878,60,5,0.5,0.99,E[Agg(Q_xi)] - Agg(E[Q_xi]),bellman_backup,True,8x8,fixed,perturbation_seed,3000.0,2026.0,3000.0,support_restricted_tv_l1,exact_support_restricted_l1,,,,,
0,2026,410,Similarity-aware,0.008,8.456776945386935e-18,4.8138576458356397e-17,3.3306690738754696e-16,3.3306690738754696e-16,-3.3306690738754696e-16,2.0395450430043455e-15,1.1609717937101658e-14,8.032669707832498e-14,8.032669707832498e-14,-8.032669707832498e-14,0.4146403617999878,60,5,0.5,0.99,E[Agg(Q_xi)] - Agg(E[Q_xi]),bellman_backup,True,8x8,fixed,perturbation_seed,3000.0,2026.0,3000.0,support_restricted_tv_l1,exact_support_restricted_l1,,,,,
0,2026,415,Similarity-aware,0.008,-3.2526065174565133e-19,4.228388472693467e-17,4.440892098500626e-16,3.3306690738754696e-16,-4.440892098500626e-16,-7.844404011555174e-17,1.0197725215021727e-14,1.0710226277109999e-13,8.032669707832498e-14,-1.0710226277109999e-13,0.4146403617999878,60,5,0.5,0.99,E[Agg(Q_xi)] - Agg(E[Q_xi]),bellman_backup,True,8x8,fixed,perturbation_seed,3000.0,2026.0,3000.0,support_restricted_tv_l1,exact_support_restricted_l1,,,,,
0,2026,420,Similarity-aware,0.008,2.2768245622195593e-18,3.881443777498106e-17,3.3306690738754696e-16,3.3306690738754696e-16,-3.3306690738754696e-16,5.491082808088623e-16,9.360988787122508e-15,8.032669707832498e-14,8.032669707832498e-14,-8.032669707832498e-14,0.4146403617999878,60,5,0.5,0.99,E[Agg(Q_xi)] - Agg(E[Q_xi]),bellman_backup,True,8x8,fixed,perturbation_seed,3000.0,2026.0,3000.0,support_restricted_tv_l1,exact_support_restricted_l1,,,,,
0,2026,425,Similarity-aware,0.008,3.2526065174565133e-19,4.098284211995207e-17,4.440892098500626e-16,4.440892098500626e-16,-3.3306690738754696e-16,7.844404011555174e-17,9.88394905455952e-15,1.0710226277109999e-13,1.0710226277109999e-13,-8.032669707832498e-14,0.4146403617999878,60,5,0.5,0.99,E[Agg(Q_xi)] - Agg(E[Q_xi]),bellman_backup,True,8x8,fixed,perturbation_seed,3000.0,2026.0,3000.0,support_restricted_tv_l1,exact_support_restricted_l1,,,,,
0,2026,430,Similarity-aware,0.008,-1.0842021724855044e-18,4.0657581468206416e-17,4.440892098500626e-16,4.440892098500626e-16,-4.440892098500626e-16,-2.614801337185058e-16,9.805505014443969e-15,1.0710226277109999e-13,1.0710226277109999e-13,-1.0710226277109999e-13,0.4146403617999878,60,5,0.5,0.99,E[Agg(Q_xi)] - Agg(E[Q_xi]),bellman_backup,True,8x8,fixed,perturbation_seed,3000.0,2026.0,3000.0,support_restricted_tv_l1,exact_support_restricted_l1,,,,,
0,2026,435,Similarity-aware,0.008,-1.8431436932253575e-18,4.466912950640278e-17,5.551115123125783e-16,4.440892098500626e-16,-5.551115123125783e-16,-4.445162273214599e-16,1.077298150920244e-14,1.3387782846387497e-13,1.0710226277109999e-13,-1.3387782846387497e-13,0.4146403617999878,60,5,0.5,0.99,E[Agg(Q_xi)] - Agg(E[Q_xi]),bellman_backup,True,8x8,fixed,perturbation_seed,3000.0,2026.0,3000.0,support_restricted_tv_l1,exact_support_restricted_l1,,,,,
0,2026,440,Similarity-aware,0.008,-3.2526065174565133e-18,4.694595406862234e-17,5.551115123125783e-16,3.3306690738754696e-16,-5.551115123125783e-16,-7.844404011555174e-16,1.1322089790011301e-14,1.3387782846387497e-13,8.032669707832498e-14,-1.3387782846387497e-13,0.4146403617999878,60,5,0.5,0.99,E[Agg(Q_xi)] - Agg(E[Q_xi]),bellman_backup,True,8x8,fixed,perturbation_seed,3000.0,2026.0,3000.0,support_restricted_tv_l1,exact_support_restricted_l1,,,,,
0,2026,445,Similarity-aware,0.008,4.553649124439119e-18,4.3259666682171627e-17,5.551115123125783e-16,5.551115123125783e-16,-4.440892098500626e-16,1.0982165616177245e-15,1.0433057335368383e-14,1.3387782846387497e-13,1.3387782846387497e-13,-1.0710226277109999e-13,0.4146403617999878,60,5,0.5,0.99,E[Agg(Q_xi)] - Agg(E[Q_xi]),bellman_backup,True,8x8,fixed,perturbation_seed,3000.0,2026.0,3000.0,support_restricted_tv_l1,exact_support_restricted_l1,,,,,
0,2026,450,Similarity-aware,0.008,1.734723475976807e-18,4.0115480381963664e-17,3.3306690738754696e-16,3.3306690738754696e-16,-3.3306690738754696e-16,4.1836821394960933e-16,9.674764947584715e-15,8.032669707832498e-14,8.032669707832498e-14,-8.032669707832498e-14,0.4146403617999878,60,5,0.5,0.99,E[Agg(Q_xi)] - Agg(E[Q_xi]),bellman_backup,True,8x8,fixed,perturbation_seed,3000.0,2026.0,3000.0,support_restricted_tv_l1,exact_support_restricted_l1,,,,,
0,2026,455,Similarity-aware,0.008,-8.673617379884035e-19,4.369334755116583e-17,4.440892098500626e-16,4.440892098500626e-16,-4.440892098500626e-16,-2.0918410697480466e-16,1.0537649388855785e-14,1.0710226277109999e-13,1.0710226277109999e-13,-1.0710226277109999e-13,0.4146403617999878,60,5,0.5,0.99,E[Agg(Q_xi)] - Agg(E[Q_xi]),bellman_backup,True,8x8,fixed,perturbation_seed,3000.0,2026.0,3000.0,support_restricted_tv_l1,exact_support_restricted_l1,,,,,
0,2026,460,Similarity-aware,0.008,-8.890457814381136e-18,4.336808689942018e-17,4.440892098500626e-16,4.440892098500626e-16,-4.440892098500626e-16,-2.1441370964917477e-15,1.0459205348740233e-14,1.0710226277109999e-13,1.0710226277109999e-13,-1.0710226277109999e-13,0.4146403617999878,60,5,0.5,0.99,E[Agg(Q_xi)] - Agg(E[Q_xi]),bellman_backup,True,8x8,fixed,perturbation_seed,3000.0,2026.0,3000.0,support_restricted_tv_l1,exact_support_restricted_l1,,,,,
0,2026,465,Similarity-aware,0.008,-6.7220534694101275e-18,4.380176776841438e-17,4.440892098500626e-16,4.440892098500626e-16,-3.3306690738754696e-16,-1.621176829054736e-15,1.0563797402227635e-14,1.0710226277109999e-13,1.0710226277109999e-13,-8.032669707832498e-14,0.4146403617999878,60,5,0.5,0.99,E[Agg(Q_xi)] - Agg(E[Q_xi]),bellman_backup,True,8x8,fixed,perturbation_seed,3000.0,2026.0,3000.0,support_restricted_tv_l1,exact_support_restricted_l1,,,,,
0,2026,470,Similarity-aware,0.008,-9.75781955236954e-19,4.5211230592645535e-17,4.440892098500626e-16,4.440892098500626e-16,-4.440892098500626e-16,-2.3533212034665524e-16,1.0903721576061693e-14,1.0710226277109999e-13,1.0710226277109999e-13,-1.0710226277109999e-13,0.4146403617999878,60,5,0.5,0.99,E[Agg(Q_xi)] - Agg(E[Q_xi]),bellman_backup,True,8x8,fixed,perturbation_seed,3000.0,2026.0,3000.0,support_restricted_tv_l1,exact_support_restricted_l1,,,,,
0,2026,475,Similarity-aware,0.008,4.87890977618477e-18,4.4994390158148434e-17,4.440892098500626e-16,4.440892098500626e-16,-4.440892098500626e-16,1.176660601733276e-15,1.0851425549317992e-14,1.0710226277109999e-13,1.0710226277109999e-13,-1.0710226277109999e-13,0.4146403617999878,60,5,0.5,0.99,E[Agg(Q_xi)] - Agg(E[Q_xi]),bellman_backup,True,8x8,fixed,perturbation_seed,3000.0,2026.0,3000.0,support_restricted_tv_l1,exact_support_restricted_l1,,,,,
0,2026,480,Similarity-aware,0.008,-1.0083080204115191e-17,4.347650711666873e-17,4.440892098500626e-16,4.440892098500626e-16,-3.3306690738754696e-16,-2.431765243582104e-15,1.0485353362112084e-14,1.0710226277109999e-13,1.0710226277109999e-13,-8.032669707832498e-14,0.4146403617999878,60,5,0.5,0.99,E[Agg(Q_xi)] - Agg(E[Q_xi]),bellman_backup,True,8x8,fixed,perturbation_seed,3000.0,2026.0,3000.0,support_restricted_tv_l1,exact_support_restricted_l1,,,,,
0,2026,485,Similarity-aware,0.008,2.168404344971009e-18,4.185020385794047e-17,4.440892098500626e-16,4.440892098500626e-16,-3.3306690738754696e-16,5.229602674370116e-16,1.0093133161534325e-14,1.0710226277109999e-13,1.0710226277109999e-13,-8.032669707832498e-14,0.4146403617999878,60,5,0.5,0.99,E[Agg(Q_xi)] - Agg(E[Q_xi]),bellman_backup,True,8x8,fixed,perturbation_seed,3000.0,2026.0,3000.0,support_restricted_tv_l1,exact_support_restricted_l1,,,,,
0,2026,490,Similarity-aware,0.008,2.168404344971009e-19,4.5102810375396984e-17,5.551115123125783e-16,3.3306690738754696e-16,-5.551115123125783e-16,5.2296026743701166e-17,1.0877573562689842e-14,1.3387782846387497e-13,8.032669707832498e-14,-1.3387782846387497e-13,0.4146403617999878,60,5,0.5,0.99,E[Agg(Q_xi)] - Agg(E[Q_xi]),bellman_backup,True,8x8,fixed,perturbation_seed,3000.0,2026.0,3000.0,support_restricted_tv_l1,exact_support_restricted_l1,,,,,
0,2026,495,Similarity-aware,0.008,6.288372600415926e-18,4.672911363412524e-17,4.440892098500626e-16,4.440892098500626e-16,-4.440892098500626e-16,1.5165847755673338e-15,1.12697937632676e-14,1.0710226277109999e-13,1.0710226277109999e-13,-1.0710226277109999e-13,0.4146403617999878,60,5,0.5,0.99,E[Agg(Q_xi)] - Agg(E[Q_xi]),bellman_backup,True,8x8,fixed,perturbation_seed,3000.0,2026.0,3000.0,support_restricted_tv_l1,exact_support_restricted_l1,,,,,
0,2026,500,Similarity-aware,0.008,-4.119968255444917e-18,4.0766001685454967e-17,4.440892098500626e-16,3.3306690738754696e-16,-4.440892098500626e-16,-9.93624508130322e-16,9.831653027815819e-15,1.0710226277109999e-13,8.032669707832498e-14,-1.0710226277109999e-13,0.4146403617999878,60,5,0.5,0.99,E[Agg(Q_xi)] - Agg(E[Q_xi]),bellman_backup,True,8x8,fixed,perturbation_seed,3000.0,2026.0,3000.0,support_restricted_tv_l1,exact_support_restricted_l1,,,,,
0,2026,-1,metadata,,,,,,,,,,,,0.4146403617999878,60,5,0.5,0.99,,,,8x8,fixed,perturbation_seed,,,,support_restricted_tv_l1,exact_support_restricted_l1,0.0,0.01,0.024992912806844958,0.009559211168238092,0.3961350353772109
0,2026,-1,metadata,,,,,,,,,,,,0.4146403617999878,60,5,0.5,0.99,,,,8x8,fixed,perturbation_seed,,,,support_restricted_tv_l1,exact_support_restricted_l1,1.0,0.015,0.03784405183674722,0.014180262692494613,0.2616184693487644
0,2026,-1,metadata,,,,,,,,,,,,0.4146403617999878,60,5,0.5,0.99,,,,8x8,fixed,perturbation_seed,,,,support_restricted_tv_l1,exact_support_restricted_l1,2.0,0.02,0.04701704974649895,0.019451971651461293,0.2105779501135454
0,2026,-1,metadata,,,,,,,,,,,,0.4146403617999878,60,5,0.5,0.99,,,,8x8,fixed,perturbation_seed,,,,support_restricted_tv_l1,exact_support_restricted_l1,3.0,0.03,0.07519512616579793,0.028157072953697262,0.13166854516047916
1,2027,5,Maximum-based,0.008,0.002807793669488381,0.002807793669488381,0.004185705190946359,0.004185705190946359,0.0,0.6771636165132402,0.6771636165132402,1.009478472567376,1.009478472567376,0.0,0.4146403617999878,60,5,0.5,0.99,E[Agg(Q_xi)] - Agg(E[Q_xi]),bellman_backup,True,8x8,fixed,perturbation_seed,4000.0,2026.0,3000.0,support_restricted_tv_l1,exact_support_restricted_l1,,,,,
1,2027,10,Maximum-based,0.008,0.002749066842887871,0.002749066842887871,0.00399838024231077,0.00399838024231077,5.404797457042587e-05,0.6630003000561611,0.6630003000561611,0.9643007798260336,0.9643007798260336,0.013034904353208449,0.4146403617999878,60,5,0.5,0.99,E[Agg(Q_xi)] - Agg(E[Q_xi]),bellman_backup,True,8x8,fixed,perturbation_seed,4000.0,2026.0,3000.0,support_restricted_tv_l1,exact_support_restricted_l1,,,,,
1,2027,15,Maximum-based,0.008,0.0027513624846422537,0.0027513624846422537,0.004458958866358331,0.004458958866358331,8.439969510831702e-06,0.6635539465329336,0.6635539465329336,1.0753798417022467,1.0753798417022467,0.0020354915460214975,0.4146403617999878,60,5,0.5,0.99,E[Agg(Q_xi)] - Agg(E[Q_xi]),bellman_backup,True,8x8,fixed,perturbation_seed,4000.0,2026.0,3000.0,support_restricted_tv_l1,exact_support_restricted_l1,,,,,
1,2027,20,Maximum-based,0.008,0.0027241957047653468,0.0027241957047653468,0.004102132059835457,0.004102132059835457,3.8506776544933174e-05,0.6570020566592674,0.6570020566592674,0.9893229019065499,0.9893229019065499,0.009286789249790373,0.4146403617999878,60,5,0.5,0.99,E[Agg(Q_xi)] - Agg(E[Q_xi]),bellman_backup,True,8x8,fixed,perturbation_seed,4000.0,2026.0,3000.0,support_restricted_tv_l1,exact_support_restricted_l1,,,,,
1,2027,25,Maximum-based,0.008,0.0027057081667240766,0.0027057081667240766,0.004030582668484127,0.004030582668484127,0.0,0.6525433643214027,0.6525433643214027,0.972067130895564,0.972067130895564,0.0,0.4146403617999878,60,5,0.5,0.99,E[Agg(Q_xi)] - Agg(E[Q_xi]),bellman_backup,True,8x8,fixed,perturbation_seed,4000.0,2026.0,3000.0,support_restricted_tv_l1,exact_support_restricted_l1,,,,,
1,2027,30,Maximum-based,0.008,0.0026772337988069488,0.0026772337988069488,0.004221868722528006,0.004221868722528006,1.7615406542215162e-05,0.6456761197064506,0.6456761197064506,1.0182001347385787,1.0182001347385787,0.004248357893994023,0.4146403617999878,60,5,0.5,0.99,E[Agg(Q_xi)] - Agg(E[Q_xi]),bellman_backup,True,8x8,fixed,perturbation_seed,4000.0,2026.0,3000.0,support_restricted_tv_l1,exact_support_restricted_l1,,,,,
1,2027,35,Maximum-based,0.008,0.0026741003424287898,0.0026741003424287898,0.0040368350998384595,0.0040368350998384595,0.0,0.6449204150846051,0.6449204150846051,0.9735750476181882,0.9735750476181882,0.0,0.4146403617999878,60,5,0.5,0.99,E[Agg(Q_xi)] - Agg(E[Q_xi]),bellman_backup,True,8x8,fixed,perturbation_seed,4000.0,2026.0,3000.0,support_restricted_tv_l1,exact_support_restricted_l1,,,,,
1,2027,40,Maximum-based,0.008,0.0026265084597271986,0.0026265084597271986,0.004077109429041922,0.004077109429041922,3.148777977302064e-05,0.6334425448418263,0.6334425448418263,0.9832881225896235,0.9832881225896235,0.007593997756593113,0.4146403617999878,60,5,0.5,0.99,E[Agg(Q_xi)] - Agg(E[Q_xi]),bellman_backup,True,8x8,fixed,perturbation_seed,4000.0,2026.0,3000.0,support_restricted_tv_l1,exact_support_restricted_l1,,,,,
1,2027,45,Maximum-based,0.008,0.002590522744763772,0.002590522744763772,0.004011972210185816,0.004011972210185816,0.0,0.6247637672121692,0.6247637672121692,0.9675787935283279,0.9675787935283279,0.0,0.4146403617999878,60,5,0.5,0.99,E[Agg(Q_xi)] - Agg(E[Q_xi]),bellman_backup,True,8x8,fixed,perturbation_seed,4000.0,2026.0,3000.0,support_restricted_tv_l1,exact_support_restricted_l1,,,,,
1,2027,50,Maximum-based,0.008,0.0026004494818905825,0.0026004494818905825,0.004240385958248355,0.004240385958248355,1.446724358122875e-05,0.627157826749383,0.627157826749383,1.0226659893505041,1.0226659893505041,0.003489106443575647,0.4146403617999878,60,5,0.5,0.99,E[Agg(Q_xi)] - Agg(E[Q_xi]),bellman_backup,True,8x8,fixed,perturbation_seed,4000.0,2026.0,3000.0,support_restricted_tv_l1,exact_support_restricted_l1,,,,,
1,2027,55,Maximum-based,0.008,0.0026289652602909316,0.0026289652602909316,0.004133676083733551,0.004133676083733551,0.0,0.6340350584488152,0.6340350584488152,0.9969304642193837,0.9969304642193837,0.0,0.4146403617999878,60,5,0.5,0.99,E[Agg(Q_xi)] - Agg(E[Q_xi]),bellman_backup,True,8x8,fixed,perturbation_seed,4000.0,2026.0,3000.0,support_restricted_tv_l1,exact_support_restricted_l1,,,,,
1,2027,60,Maximum-based,0.008,0.002597327829185281,0.002597327829185281,0.003957055339022658,0.003957055339022658,9.637416151120348e-06,0.6264049688530244,0.6264049688530244,0.9543343349028436,0.9543343349028436,0.0023242831713930438,0.4146403617999878,60,5,0.5,0.99,E[Agg(Q_xi)] - Agg(E[Q_xi]),bellman_backup,True,8x8,fixed,perturbation_seed,4000.0,2026.0,3000.0,support_restricted_tv_l1,exact_support_restricted_l1,,,,,
1,2027,65,Maximum-based,0.008,0.0025874832681428307,0.0025874832681428307,0.004099144650374795,0.004099144650374795,1.2970721214866643e-06,0.6240307279567173,0.6240307279567173,0.9886024198368127,0.9886024198368127,0.0003128185871380123,0.4146403617999878,60,5,0.5,0.99,E[Agg(Q_xi)] - Agg(E[Q_xi]),bellman_backup,True,8x8,fixed,perturbation_seed,4000.0,2026.0,3000.0,support_restricted_tv_l1,exact_support_restricted_l1,,,,,
1,2027,70,Maximum-based,0.008,0.0025882682252157275,0.0025882682252157275,0.004048393457804972,0.004048393457804972,0.0,0.6242200382953176,0.6242200382953176,0.9763626098121668,0.9763626098121668,0.0,0.4146403617999878,60,5,0.5,0.99,E[Agg(Q_xi)] - Agg(E[Q_xi]),bellman_backup,True,8x8,fixed,perturbation_seed,4000.0,2026.0,3000.0,support_restricted_tv_l1,exact_support_restricted_l1,,,,,
1,2027,75,Maximum-based,0.008,0.0025569294540436016,0.0025569294540436016,0.003936156025222209,0.003936156025222209,2.0676420114051908e-05,0.6166619773684745,0.6166619773684745,0.9492939877186662,0.9492939877186662,0.004986591277388886,0.4146403617999878,60,5,0.5,0.99,E[Agg(Q_xi)] - Agg(E[Q_xi]),bellman_backup,True,8x8,fixed,perturbation_seed,4000.0,2026.0,3000.0,support_restricted_tv_l1,exact_support_restricted_l1,,,,,
1,2027,80,Maximum-based,0.008,0.002545976240187505,0.002545976240187505,0.004015885779454609,0.004015885779454609,5.156041501974684e-06,0.6140203595075051,0.6140203595075051,0.9685226402035053,0.9685226402035053,0.0012434972513509985,0.4146403617999878,60,5,0.5,0.99,E[Agg(Q_xi)] - Agg(E[Q_xi]),bellman_backup,True,8x8,fixed,perturbation_seed,4000.0,2026.0,3000.0,support_restricted_tv_l1,exact_support_restricted_l1,,,,,
1,2027,85,Maximum-based,0.008,0.002531683676198864,0.002531683676198864,0.0040100120374483295,0.0040100120374483295,0.0,0.6105733810400459,0.6105733810400459,0.9671060530722427,0.9671060530722427,0.0,0.4146403617999878,60,5,0.5,0.99,E[Agg(Q_xi)] - Agg(E[Q_xi]),bellman_backup,True,8x8,fixed,perturbation_seed,4000.0,2026.0,3000.0,support_restricted_tv_l1,exact_support_restricted_l1,,,,,
1,2027,90,Maximum-based,0.008,0.0025296671899602448,0.0025296671899602448,0.004100848709138738,0.004100848709138738,0.0,0.6100870592960974,0.6100870592960974,0.9890133925546026,0.9890133925546026,0.0,0.4146403617999878,60,5,0.5,0.99,E[Agg(Q_xi)] - Agg(E[Q_xi]),bellman_backup,True,8x8,fixed,perturbation_seed,4000.0,2026.0,3000.0,support_restricted_tv_l1,exact_support_restricted_l1,,,,,
1,2027,95,Maximum-based,0.008,0.0025158781672661662,0.0025158781672661662,0.0040930133253915535,0.0040930133253915535,0.0,0.606761521320436,0.606761521320436,0.9871237106835058,0.9871237106835058,0.0,0.4146403617999878,60,5,0.5,0.99,E[Agg(Q_xi)] - Agg(E[Q_xi]),bellman_backup,True,8x8,fixed,perturbation_seed,4000.0,2026.0,3000.0,support_restricted_tv_l1,exact_support_restricted_l1,,,,,
1,2027,100,Maximum-based,0.008,0.0025213882561368525,0.0025213882561368525,0.004121351492413466,0.004121351492413466,0.0,0.6080904051866295,0.6080904051866295,0.9939581073396574,0.9939581073396574,0.0,0.4146403617999878,60,5,0.5,0.99,E[Agg(Q_xi)] - Agg(E[Q_xi]),bellman_backup,True,8x8,fixed,perturbation_seed,4000.0,2026.0,3000.0,support_restricted_tv_l1,exact_support_restricted_l1,,,,,
1,2027,105,Maximum-based,0.008,0.0024939708499230598,0.0024939708499230598,0.004167739444041835,0.004167739444041835,0.0,0.6014780710436697,0.6014780710436697,1.0051456220878585,1.0051456220878585,0.0,0.4146403617999878,60,5,0.5,0.99,E[Agg(Q_xi)] - Agg(E[Q_xi]),bellman_backup,True,8x8,fixed,perturbation_seed,4000.0,2026.0,3000.0,support_restricted_tv_l1,exact_support_restricted_l1,,,,,
1,2027,110,Maximum-based,0.008,0.002458883181885925,0.002458883181885925,0.0040433896054188345,0.0040433896054188345,0.0,0.5930158779554676,0.5930158779554676,0.975155816444436,0.975155816444436,0.0,0.4146403617999878,60,5,0.5,0.99,E[Agg(Q_xi)] - Agg(E[Q_xi]),bellman_backup,True,8x8,fixed,perturbation_seed,4000.0,2026.0,3000.0,support_restricted_tv_l1,exact_support_restricted_l1,,,,,
1,2027,115,Maximum-based,0.008,0.0024696091288965985,0.0024696091288965985,0.004239838889422726,0.004239838889422726,0.0,0.5956026852223992,0.5956026852223992,1.0225340511997523,1.0225340511997523,0.0,0.4146403617999878,60,5,0.5,0.99,E[Agg(Q_xi)] - Agg(E[Q_xi]),bellman_backup,True,8x8,fixed,perturbation_seed,4000.0,2026.0,3000.0,support_restricted_tv_l1,exact_support_restricted_l1,,,,,
1,2027,120,Maximum-based,0.008,0.002502387830776686,0.002502387830776686,0.0040132875911871035,0.0040132875911871035,0.0,0.6035080183495922,0.6035080183495922,0.9678960277202858,0.9678960277202858,0.0,0.4146403617999878,60,5,0.5,0.99,E[Agg(Q_xi)] - Agg(E[Q_xi]),bellman_backup,True,8x8,fixed,perturbation_seed,4000.0,2026.0,3000.0,support_restricted_tv_l1,exact_support_restricted_l1,,,,,
1,2027,125,Maximum-based,0.008,0.0024722093464527623,0.0024722093464527623,0.004144175206170192,0.004144175206170192,7.918683348040467e-06,0.5962297871149588,0.5962297871149588,0.9994625675561317,0.9994625675561317,0.001909771473685006,0.4146403617999878,60,5,0.5,0.99,E[Agg(Q_xi)] - Agg(E[Q_xi]),bellman_backup,True,8x8,fixed,perturbation_seed,4000.0,2026.0,3000.0,support_restricted_tv_l1,exact_support_restricted_l1,,,,,
1,2027,130,Maximum-based,0.008,0.002443424264160517,0.002443424264160517,0.0042218468273182985,0.0042218468273182985,0.0,0.5892876066269602,0.5892876066269602,1.018194854208335,1.018194854208335,0.0,0.4146403617999878,60,5,0.5,0.99,E[Agg(Q_xi)] - Agg(E[Q_xi]),bellman_backup,True,8x8,fixed,perturbation_seed,4000.0,2026.0,3000.0,support_restricted_tv_l1,exact_support_restricted_l1,,,,,
1,2027,135,Maximum-based,0.008,0.002434819764814113,0.002434819764814113,0.00391159439366856,0.00391159439366856,0.0,0.5872124349507031,0.5872124349507031,0.9433703889047387,0.9433703889047387,0.0,0.4146403617999878,60,5,0.5,0.99,E[Agg(Q_xi)] - Agg(E[Q_xi]),bellman_backup,True,8x8,fixed,perturbation_seed,4000.0,2026.0,3000.0,support_restricted_tv_l1,exact_support_restricted_l1,,,,,
1,2027,140,Maximum-based,0.008,0.0024967755948720628,0.0024967755948720628,0.004205261913967029,0.004205261913967029,0.0,0.6021544993915583,0.6021544993915583,1.0141950232996233,1.0141950232996233,0.0,0.4146403617999878,60,5,0.5,0.99,E[Agg(Q_xi)] - Agg(E[Q_xi]),bellman_backup,True,8x8,fixed,perturbation_seed,4000.0,2026.0,3000.0,support_restricted_tv_l1,exact_support_restricted_l1,,,,,
1,2027,145,Maximum-based,0.008,0.0024458864627802017,0.0024458864627802017,0.004113863927554917,0.004113863927554917,0.0,0.5898814220985165,0.5898814220985165,0.9921523099430785,0.9921523099430785,0.0,0.4146403617999878,60,5,0.5,0.99,E[Agg(Q_xi)] - Agg(E[Q_xi]),bellman_backup,True,8x8,fixed,perturbation_seed,4000.0,2026.0,3000.0,support_restricted_tv_l1,exact_support_restricted_l1,,,,,
1,2027,150,Maximum-based,0.008,0.0024151497447367403,0.0024151497447367403,0.0038557922143456214,0.0038557922143456214,4.744789241473146e-05,0.5824685600437877,0.5824685600437877,0.9299124179824924,0.9299124179824924,0.011443143694153717,0.4146403617999878,60,5,0.5,0.99,E[Agg(Q_xi)] - Agg(E[Q_xi]),bellman_backup,True,8x8,fixed,perturbation_seed,4000.0,2026.0,3000.0,support_restricted_tv_l1,exact_support_restricted_l1,,,,,
1,2027,155,Maximum-based,0.008,0.002422360156529117,0.002422360156529117,0.003935605605665526,0.003935605605665526,1.2901665255249384e-05,0.5842075156440277,0.5842075156440277,0.9491612414625387,0.9491612414625387,0.003111531448420071,0.4146403617999878,60,5,0.5,0.99,E[Agg(Q_xi)] - Agg(E[Q_xi]),bellman_backup,True,8x8,fixed,perturbation_seed,4000.0,2026.0,3000.0,support_restricted_tv_l1,exact_support_restricted_l1,,,,,
1,2027,160,Maximum-based,0.008,0.0024384169613840324,0.0024384169613840324,0.003958674676303314,0.003958674676303314,0.0,0.5880799811187373,0.5880799811187373,0.9547248750985994,0.9547248750985994,0.0,0.4146403617999878,60,5,0.5,0.99,E[Agg(Q_xi)] - Agg(E[Q_xi]),bellman_backup,True,8x8,fixed,perturbation_seed,4000.0,2026.0,3000.0,support_restricted_tv_l1,exact_support_restricted_l1,,,,,
1,2027,165,Maximum-based,0.008,0.002423513811390335,0.002423513811390335,0.003945914866200884,0.003945914866200884,0.0,0.5844857458809999,0.5844857458809999,0.9516475552624312,0.9516475552624312,0.0,0.4146403617999878,60,5,0.5,0.99,E[Agg(Q_xi)] - Agg(E[Q_xi]),bellman_backup,True,8x8,fixed,perturbation_seed,4000.0,2026.0,3000.0,support_restricted_tv_l1,exact_support_restricted_l1,,,,,
1,2027,170,Maximum-based,0.008,0.0024542603021654227,0.0024542603021654227,0.004237186022361589,0.004237186022361589,0.0,0.5919009648533196,0.5919009648533196,1.0218942516757454,1.0218942516757454,0.0,0.4146403617999878,60,5,0.5,0.99,E[Agg(Q_xi)] - Agg(E[Q_xi]),bellman_backup,True,8x8,fixed,perturbation_seed,4000.0,2026.0,3000.0,support_restricted_tv_l1,exact_support_restricted_l1,,,,,
1,2027,175,Maximum-based,0.008,0.002432734953946176,0.002432734953946176,0.004033047319712546,0.004033047319712546,0.0,0.5867096351608112,0.5867096351608112,0.9726615378697715,0.9726615378697715,0.0,0.4146403617999878,60,5,0.5,0.99,E[Agg(Q_xi)] - Agg(E[Q_xi]),bellman_backup,True,8x8,fixed,perturbation_seed,4000.0,2026.0,3000.0,support_restricted_tv_l1,exact_support_restricted_l1,,,,,
1,2027,180,Maximum-based,0.008,0.002413132214926438,0.002413132214926438,0.0040391633137043526,0.0040391633137043526,0.0,0.5819819866186767,0.5819819866186767,0.9741365496040987,0.9741365496040987,0.0,0.4146403617999878,60,5,0.5,0.99,E[Agg(Q_xi)] - Agg(E[Q_xi]),bellman_backup,True,8x8,fixed,perturbation_seed,4000.0,2026.0,3000.0,support_restricted_tv_l1,exact_support_restricted_l1,,,,,
1,2027,185,Maximum-based,0.008,0.0024179707283816885,0.0024179707283816885,0.004114659365501205,0.004114659365501205,7.740797625888085e-06,0.5831489047243446,0.5831489047243446,0.9923441479838412,0.9923441479838412,0.0018668702661469442,0.4146403617999878,60,5,0.5,0.99,E[Agg(Q_xi)] - Agg(E[Q_xi]),bellman_backup,True,8x8,fixed,perturbation_seed,4000.0,2026.0,3000.0,support_restricted_tv_l1,exact_support_restricted_l1,,,,,
1,2027,190,Maximum-based,0.008,0.002438121438572867,0.002438121438572867,0.004094229851953485,0.004094229851953485,0.0,0.5880087090385465,0.5880087090385465,0.9874171038680598,0.9874171038680598,0.0,0.4146403617999878,60,5,0.5,0.99,E[Agg(Q_xi)] - Agg(E[Q_xi]),bellman_backup,True,8x8,fixed,perturbation_seed,4000.0,2026.0,3000.0,support_restricted_tv_l1,exact_support_restricted_l1,,,,,
1,2027,195,Maximum-based,0.008,0.0023964886613760407,0.0023964886613760407,0.003911694837238078,0.003911694837238078,0.0,0.577968013285703,0.577968013285703,0.943394613167201,0.943394613167201,0.0,0.4146403617999878,60,5,0.5,0.99,E[Agg(Q_xi)] - Agg(E[Q_xi]),bellman_backup,True,8x8,fixed,perturbation_seed,4000.0,2026.0,3000.0,support_restricted_tv_l1,exact_support_restricted_l1,,,,,
1,2027,200,Maximum-based,0.008,0.0024447111911511687,0.0024447111911511687,0.004270356950861531,0.004270356950861531,0.0,0.5895979784839269,0.5895979784839269,1.0298941792167944,1.0298941792167944,0.0,0.4146403617999878,60,5,0.5,0.99,E[Agg(Q_xi)] - Agg(E[Q_xi]),bellman_backup,True,8x8,fixed,perturbation_seed,4000.0,2026.0,3000.0,support_restricted_tv_l1,exact_support_restricted_l1,,,,,
1,2027,205,Maximum-based,0.008,0.002424134764601177,0.002424134764601177,0.004141477868096044,0.004141477868096044,0.0,0.5846355029398994,0.5846355029398994,0.9988120428309364,0.9988120428309364,0.0,0.4146403617999878,60,5,0.5,0.99,E[Agg(Q_xi)] - Agg(E[Q_xi]),bellman_backup,True,8x8,fixed,perturbation_seed,4000.0,2026.0,3000.0,support_restricted_tv_l1,exact_support_restricted_l1,,,,,
1,2027,210,Maximum-based,0.008,0.0024176173363843036,0.0024176173363843036,0.004256113249376858,0.004256113249376858,0.0,0.5830636761672763,0.5830636761672763,1.0264589850589367,1.0264589850589367,0.0,0.4146403617999878,60,5,0.5,0.99,E[Agg(Q_xi)] - Agg(E[Q_xi]),bellman_backup,True,8x8,fixed,perturbation_seed,4000.0,2026.0,3000.0,support_restricted_tv_l1,exact_support_restricted_l1,,,,,
1,2027,215,Maximum-based,0.008,0.002398179793601422,0.002398179793601422,0.003993477497694353,0.003993477497694353,0.0,0.578375868473278,0.578375868473278,0.9631183709078248,0.9631183709078248,0.0,0.4146403617999878,60,5,0.5,0.99,E[Agg(Q_xi)] - Agg(E[Q_xi]),bellman_backup,True,8x8,fixed,perturbation_seed,4000.0,2026.0,3000.0,support_restricted_tv_l1,exact_support_restricted_l1,,,,,
1,2027,220,Maximum-based,0.008,0.0024107612641784152,0.0024107612641784152,0.004178283675154326,0.004178283675154326,0.0,0.5814101776568742,0.5814101776568742,1.0076886044127624,1.0076886044127624,0.0,0.4146403617999878,60,5,0.5,0.99,E[Agg(Q_xi)] - Agg(E[Q_xi]),bellman_backup,True,8x8,fixed,perturbation_seed,4000.0,2026.0,3000.0,support_restricted_tv_l1,exact_support_restricted_l1,,,,,
1,2027,225,Maximum-based,0.008,0.002385613501326397,0.002385613501326397,0.003923627454123002,0.003923627454123002,0.0,0.5753452198841071,0.5753452198841071,0.9462724364531744,0.9462724364531744,0.0,0.4146403617999878,60,5,0.5,0.99,E[Agg(Q_xi)] - Agg(E[Q_xi]),bellman_backup,True,8x8,fixed,perturbation_seed,4000.0,2026.0,3000.0,support_restricted_tv_l1,exact_support_restricted_l1,,,,,
1,2027,230,Maximum-based,0.008,0.0024164920218561923,0.0024164920218561923,0.004201735206978863,0.004201735206978863,0.0,0.5827922808493612,0.5827922808493612,1.013344477305293,1.013344477305293,0.0,0.4146403617999878,60,5,0.5,0.99,E[Agg(Q_xi)] - Agg(E[Q_xi]),bellman_backup,True,8x8,fixed,perturbation_seed,4000.0,2026.0,3000.0,support_restricted_tv_l1,exact_support_restricted_l1,,,,,
1,2027,235,Maximum-based,0.008,0.0024017553989142807,0.0024017553989142807,0.004453236616510536,0.004453236616510536,0.0,0.5792382074161964,0.5792382074161964,1.0739997903674092,1.0739997903674092,0.0,0.4146403617999878,60,5,0.5,0.99,E[Agg(Q_xi)] - Agg(E[Q_xi]),bellman_backup,True,8x8,fixed,perturbation_seed,4000.0,2026.0,3000.0,support_restricted_tv_l1,exact_support_restricted_l1,,,,,
1,2027,240,Maximum-based,0.008,0.002382412426124872,0.002382412426124872,0.004566033311743933,0.004566033311743933,0.0,0.5745732074375548,0.5745732074375548,1.1012032914312557,1.1012032914312557,0.0,0.4146403617999878,60,5,0.5,0.99,E[Agg(Q_xi)] - Agg(E[Q_xi]),bellman_backup,True,8x8,fixed,perturbation_seed,4000.0,2026.0,3000.0,support_restricted_tv_l1,exact_support_restricted_l1,,,,,
1,2027,245,Maximum-based,0.008,0.0023841833170584036,0.0023841833170584036,0.004188028354860762,0.004188028354860762,0.0,0.5750002982605139,0.5750002982605139,1.0100387566420663,1.0100387566420663,0.0,0.4146403617999878,60,5,0.5,0.99,E[Agg(Q_xi)] - Agg(E[Q_xi]),bellman_backup,True,8x8,fixed,perturbation_seed,4000.0,2026.0,3000.0,support_restricted_tv_l1,exact_support_restricted_l1,,,,,
1,2027,250,Maximum-based,0.008,0.002401145274614977,0.002401145274614977,0.004062348877190314,0.004062348877190314,0.0,0.5790910619968129,0.5790910619968129,0.9797282781529816,0.9797282781529816,0.0,0.4146403617999878,60,5,0.5,0.99,E[Agg(Q_xi)] - Agg(E[Q_xi]),bellman_backup,True,8x8,fixed,perturbation_seed,4000.0,2026.0,3000.0,support_restricted_tv_l1,exact_support_restricted_l1,,,,,
1,2027,255,Maximum-based,0.008,0.0024038596912049712,0.0024038596912049712,0.0039005067977065933,0.0039005067977065933,0.0,0.57974570559644,0.57974570559644,0.9406963617275881,0.9406963617275881,0.0,0.4146403617999878,60,5,0.5,0.99,E[Agg(Q_xi)] - Agg(E[Q_xi]),bellman_backup,True,8x8,fixed,perturbation_seed,4000.0,2026.0,3000.0,support_restricted_tv_l1,exact_support_restricted_l1,,,,,
1,2027,260,Maximum-based,0.008,0.0023991384761510052,0.0023991384761510052,0.004409236057076771,0.004409236057076771,0.0,0.5786070766811384,0.5786070766811384,1.0633880498116284,1.0633880498116284,0.0,0.4146403617999878,60,5,0.5,0.99,E[Agg(Q_xi)] - Agg(E[Q_xi]),bellman_backup,True,8x8,fixed,perturbation_seed,4000.0,2026.0,3000.0,support_restricted_tv_l1,exact_support_restricted_l1,,,,,
1,2027,265,Maximum-based,0.008,0.002420736556096814,0.002420736556096814,0.004307650807252206,0.004307650807252206,0.0,0.5838159472918165,0.5838159472918165,1.0388884450496667,1.0388884450496667,0.0,0.4146403617999878,60,5,0.5,0.99,E[Agg(Q_xi)] - Agg(E[Q_xi]),bellman_backup,True,8x8,fixed,perturbation_seed,4000.0,2026.0,3000.0,support_restricted_tv_l1,exact_support_restricted_l1,,,,,
1,2027,270,Maximum-based,0.008,0.0023945917208788555,0.0023945917208788555,0.0045327501383106705,0.0045327501383106705,0.0,0.5775105227295617,0.5775105227295617,1.093176293459139,1.093176293459139,0.0,0.4146403617999878,60,5,0.5,0.99,E[Agg(Q_xi)] - Agg(E[Q_xi]),bellman_backup,True,8x8,fixed,perturbation_seed,4000.0,2026.0,3000.0,support_restricted_tv_l1,exact_support_restricted_l1,,,,,
1,2027,275,Maximum-based,0.008,0.002363403977223658,0.002363403977223658,0.003873068334214691,0.003873068334214691,0.0,0.5699888855402131,0.5699888855402131,0.9340789491407406,0.9340789491407406,0.0,0.4146403617999878,60,5,0.5,0.99,E[Agg(Q_xi)] - Agg(E[Q_xi]),bellman_backup,True,8x8,fixed,perturbation_seed,4000.0,2026.0,3000.0,support_restricted_tv_l1,exact_support_restricted_l1,,,,,
1,2027,280,Maximum-based,0.008,0.0023911957292577857,0.0023911957292577857,0.004156823659873243,0.004156823659873243,8.04685883581957e-06,0.5766915017335527,0.5766915017335527,1.0025130312514998,1.0025130312514998,0.0019406839220589853,0.4146403617999878,60,5,0.5,0.99,E[Agg(Q_xi)] - Agg(E[Q_xi]),bellman_backup,True,8x8,fixed,perturbation_seed,4000.0,2026.0,3000.0,support_restricted_tv_l1,exact_support_restricted_l1,,,,,
1,2027,285,Maximum-based,0.008,0.002420152070076712,0.002420152070076712,0.0040584785790769295,0.0040584785790769295,0.0,0.5836749851294344,0.5836749851294344,0.9787948673059085,0.9787948673059085,0.0,0.4146403617999878,60,5,0.5,0.99,E[Agg(Q_xi)] - Agg(E[Q_xi]),bellman_backup,True,8x8,fixed,perturbation_seed,4000.0,2026.0,3000.0,support_restricted_tv_l1,exact_support_restricted_l1,,,,,
1,2027,290,Maximum-based,0.008,0.0023681206481243567,0.0023681206481243567,0.004114564653427688,0.004114564653427688,0.0,0.5711264185290961,0.5711264185290961,0.9923213060026346,0.9923213060026346,0.0,0.4146403617999878,60,5,0.5,0.99,E[Agg(Q_xi)] - Agg(E[Q_xi]),bellman_backup,True,8x8,fixed,perturbation_seed,4000.0,2026.0,3000.0,support_restricted_tv_l1,exact_support_restricted_l1,,,,,
1,2027,295,Maximum-based,0.008,0.0023950144166396455,0.0023950144166396455,0.004171154550457357,0.004171154550457357,0.0,0.5776124654731372,0.5776124654731372,1.005969253053425,1.005969253053425,0.0,0.4146403617999878,60,5,0.5,0.99,E[Agg(Q_xi)] - Agg(E[Q_xi]),bellman_backup,True,8x8,fixed,perturbation_seed,4000.0,2026.0,3000.0,support_restricted_tv_l1,exact_support_restricted_l1,,,,,
1,2027,300,Maximum-based,0.008,0.002369293885056751,0.002369293885056751,0.004060682496810519,0.004060682496810519,0.0,0.5714093714300875,0.5714093714300875,0.9793263924386819,0.9793263924386819,0.0,0.4146403617999878,60,5,0.5,0.99,E[Agg(Q_xi)] - Agg(E[Q_xi]),bellman_backup,True,8x8,fixed,perturbation_seed,4000.0,2026.0,3000.0,support_restricted_tv_l1,exact_support_restricted_l1,,,,,
1,2027,305,Maximum-based,0.008,0.0024068414248401135,0.0024068414248401135,0.004237606170866215,0.004237606170866215,0.0,0.5804648188111301,0.5804648188111301,1.0219955800902785,1.0219955800902785,0.0,0.4146403617999878,60,5,0.5,0.99,E[Agg(Q_xi)] - Agg(E[Q_xi]),bellman_backup,True,8x8,fixed,perturbation_seed,4000.0,2026.0,3000.0,support_restricted_tv_l1,exact_support_restricted_l1,,,,,
1,2027,310,Maximum-based,0.008,0.00237091228417863,0.00237091228417863,0.004350459917419058,0.004350459917419058,0.0,0.5717996853674122,0.5717996853674122,1.0492128403837377,1.0492128403837377,0.0,0.4146403617999878,60,5,0.5,0.99,E[Agg(Q_xi)] - Agg(E[Q_xi]),bellman_backup,True,8x8,fixed,perturbation_seed,4000.0,2026.0,3000.0,support_restricted_tv_l1,exact_support_restricted_l1,,,,,
1,2027,315,Maximum-based,0.008,0.0023693904550920837,0.0023693904550920837,0.003894483000818516,0.003894483000818516,0.0,0.5714326615012503,0.5714326615012503,0.9392435854320226,0.9392435854320226,0.0,0.4146403617999878,60,5,0.5,0.99,E[Agg(Q_xi)] - Agg(E[Q_xi]),bellman_backup,True,8x8,fixed,perturbation_seed,4000.0,2026.0,3000.0,support_restricted_tv_l1,exact_support_restricted_l1,,,,,
1,2027,320,Maximum-based,0.008,0.002408214046773594,0.002408214046773594,0.004105411529506775,0.004105411529506775,0.0,0.580795857962148,0.580795857962148,0.990113820971226,0.990113820971226,0.0,0.4146403617999878,60,5,0.5,0.99,E[Agg(Q_xi)] - Agg(E[Q_xi]),bellman_backup,True,8x8,fixed,perturbation_seed,4000.0,2026.0,3000.0,support_restricted_tv_l1,exact_support_restricted_l1,,,,,
1,2027,325,Maximum-based,0.008,0.002363906378755675,0.002363906378755675,0.004219744404177828,0.004219744404177828,0.0,0.5701100511522236,0.5701100511522236,1.0176878068163868,1.0176878068163868,0.0,0.4146403617999878,60,5,0.5,0.99,E[Agg(Q_xi)] - Agg(E[Q_xi]),bellman_backup,True,8x8,fixed,perturbation_seed,4000.0,2026.0,3000.0,support_restricted_tv_l1,exact_support_restricted_l1,,,,,
1,2027,330,Maximum-based,0.008,0.0024356470781416806,0.0024356470781416806,0.0043534570887180934,0.0043534570887180934,0.0,0.5874119604681842,0.5874119604681842,1.0499356767439088,1.0499356767439088,0.0,0.4146403617999878,60,5,0.5,0.99,E[Agg(Q_xi)] - Agg(E[Q_xi]),bellman_backup,True,8x8,fixed,perturbation_seed,4000.0,2026.0,3000.0,support_restricted_tv_l1,exact_support_restricted_l1,,,,,
1,2027,335,Maximum-based,0.008,0.0023602324114862954,0.0023602324114862954,0.004070961575756815,0.004070961575756815,0.0,0.5692239899753929,0.5692239899753929,0.9818054272585615,0.9818054272585615,0.0,0.4146403617999878,60,5,0.5,0.99,E[Agg(Q_xi)] - Agg(E[Q_xi]),bellman_backup,True,8x8,fixed,perturbation_seed,4000.0,2026.0,3000.0,support_restricted_tv_l1,exact_support_restricted_l1,,,,,
1,2027,340,Maximum-based,0.008,0.0023900880600646575,0.0023900880600646575,0.004101026274616171,0.004101026274616171,0.0,0.5764243619914592,0.5764243619914592,0.9890562165278073,0.9890562165278073,0.0,0.4146403617999878,60,5,0.5,0.99,E[Agg(Q_xi)] - Agg(E[Q_xi]),bellman_backup,True,8x8,fixed,perturbation_seed,4000.0,2026.0,3000.0,support_restricted_tv_l1,exact_support_restricted_l1,,,,,
1,2027,345,Maximum-based,0.008,0.002362271391388473,0.002362271391388473,0.004317830038470971,0.004317830038470971,0.0,0.5697157365804089,0.5697157365804089,1.0413433993079972,1.0413433993079972,0.0,0.4146403617999878,60,5,0.5,0.99,E[Agg(Q_xi)] - Agg(E[Q_xi]),bellman_backup,True,8x8,fixed,perturbation_seed,4000.0,2026.0,3000.0,support_restricted_tv_l1,exact_support_restricted_l1,,,,,
1,2027,350,Maximum-based,0.008,0.0023798149166158926,0.0023798149166158926,0.0042068887599051585,0.0042068887599051585,0.0,0.5739467586524671,0.5739467586524671,1.0145873743797418,1.0145873743797418,0.0,0.4146403617999878,60,5,0.5,0.99,E[Agg(Q_xi)] - Agg(E[Q_xi]),bellman_backup,True,8x8,fixed,perturbation_seed,4000.0,2026.0,3000.0,support_restricted_tv_l1,exact_support_restricted_l1,,,,,
1,2027,355,Maximum-based,0.008,0.0024018450680976374,0.0024018450680976374,0.0047334578814821615,0.0047334578814821615,0.0,0.5792598331891837,0.5792598331891837,1.1415815529713105,1.1415815529713105,0.0,0.4146403617999878,60,5,0.5,0.99,E[Agg(Q_xi)] - Agg(E[Q_xi]),bellman_backup,True,8x8,fixed,perturbation_seed,4000.0,2026.0,3000.0,support_restricted_tv_l1,exact_support_restricted_l1,,,,,
1,2027,360,Maximum-based,0.008,0.002399085118487144,0.002399085118487144,0.003930488858379877,0.003930488858379877,0.0,0.5785942082609901,0.5785942082609901,0.9479272209095377,0.9479272209095377,0.0,0.4146403617999878,60,5,0.5,0.99,E[Agg(Q_xi)] - Agg(E[Q_xi]),bellman_backup,True,8x8,fixed,perturbation_seed,4000.0,2026.0,3000.0,support_restricted_tv_l1,exact_support_restricted_l1,,,,,
1,2027,365,Maximum-based,0.008,0.0023948566953480247,0.0023948566953480247,0.003989823693267447,0.003989823693267447,0.0,0.577574427378887,0.577574427378887,0.9622371724612855,0.9622371724612855,0.0,0.4146403617999878,60,5,0.5,0.99,E[Agg(Q_xi)] - Agg(E[Q_xi]),bellman_backup,True,8x8,fixed,perturbation_seed,4000.0,2026.0,3000.0,support_restricted_tv_l1,exact_support_restricted_l1,,,,,
1,2027,370,Maximum-based,0.008,0.0023887672174522376,0.0023887672174522376,0.00413305856828744,0.00413305856828744,0.0,0.5761058106071496,0.5761058106071496,0.9967815362560205,0.9967815362560205,0.0,0.4146403617999878,60,5,0.5,0.99,E[Agg(Q_xi)] - Agg(E[Q_xi]),bellman_backup,True,8x8,fixed,perturbation_seed,4000.0,2026.0,3000.0,support_restricted_tv_l1,exact_support_restricted_l1,,,,,
1,2027,375,Maximum-based,0.008,0.0023846027064936054,0.0023846027064936054,0.0039058993898822836,0.0039058993898822836,0.0,0.5751014436081064,0.5751014436081064,0.9419969085803548,0.9419969085803548,0.0,0.4146403617999878,60,5,0.5,0.99,E[Agg(Q_xi)] - Agg(E[Q_xi]),bellman_backup,True,8x8,fixed,perturbation_seed,4000.0,2026.0,3000.0,support_restricted_tv_l1,exact_support_restricted_l1,,,,,
1,2027,380,Maximum-based,0.008,0.002395492505121626,0.002395492505121626,0.003985988442873234,0.003985988442873234,6.377285919789699e-06,0.5777277674374478,0.5777277674374478,0.9613122141727186,0.9613122141727186,0.0015380282546796405,0.4146403617999878,60,5,0.5,0.99,E[Agg(Q_xi)] - Agg(E[Q_xi]),bellman_backup,True,8x8,fixed,perturbation_seed,4000.0,2026.0,3000.0,support_restricted_tv_l1,exact_support_restricted_l1,,,,,
1,2027,385,Maximum-based,0.008,0.00238582095999228,0.00238582095999228,0.004148738241958216,0.004148738241958216,3.2532975757781912e-06,0.5753952532829258,0.5753952532829258,1.0005630479262084,1.0005630479262084,0.0007846070656641721,0.4146403617999878,60,5,0.5,0.99,E[Agg(Q_xi)] - Agg(E[Q_xi]),bellman_backup,True,8x8,fixed,perturbation_seed,4000.0,2026.0,3000.0,support_restricted_tv_l1,exact_support_restricted_l1,,,,,
1,2027,390,Maximum-based,0.008,0.002404912011171903,0.002404912011171903,0.004264112267262921,0.004264112267262921,0.0,0.5799994966076103,0.5799994966076103,1.02838813104254,1.02838813104254,0.0,0.4146403617999878,60,5,0.5,0.99,E[Agg(Q_xi)] - Agg(E[Q_xi]),bellman_backup,True,8x8,fixed,perturbation_seed,4000.0,2026.0,3000.0,support_restricted_tv_l1,exact_support_restricted_l1,,,,,
1,2027,395,Maximum-based,0.008,0.0023806540466076607,0.0023806540466076607,0.00427401046131326,0.00427401046131326,0.0,0.5741491340285944,0.5741491340285944,1.0307753067645007,1.0307753067645007,0.0,0.4146403617999878,60,5,0.5,0.99,E[Agg(Q_xi)] - Agg(E[Q_xi]),bellman_backup,True,8x8,fixed,perturbation_seed,4000.0,2026.0,3000.0,support_restricted_tv_l1,exact_support_restricted_l1,,,,,
1,2027,400,Maximum-based,0.008,0.0023790044431207936,0.0023790044431207936,0.003966156071561311,0.003966156071561311,0.0,0.573751294445466,0.573751294445466,0.9565291845549966,0.9565291845549966,0.0,0.4146403617999878,60,5,0.5,0.99,E[Agg(Q_xi)] - Agg(E[Q_xi]),bellman_backup,True,8x8,fixed,perturbation_seed,4000.0,2026.0,3000.0,support_restricted_tv_l1,exact_support_restricted_l1,,,,,
1,2027,405,Maximum-based,0.008,0.0023627691243673175,0.0023627691243673175,0.004086542344872657,0.004086542344872657,0.0,0.5698357762641203,0.5698357762641203,0.9855630858348283,0.9855630858348283,0.0,0.4146403617999878,60,5,0.5,0.99,E[Agg(Q_xi)] - Agg(E[Q_xi]),bellman_backup,True,8x8,fixed,perturbation_seed,4000.0,2026.0,3000.0,support_restricted_tv_l1,exact_support_restricted_l1,,,,,
1,2027,410,Maximum-based,0.008,0.0023888857672576835,0.0023888857672576835,0.004132560146607733,0.004132560146607733,2.5362542942497512e-06,0.5761344016022305,0.5761344016022305,0.9966613304763556,0.9966613304763556,0.0006116756900461073,0.4146403617999878,60,5,0.5,0.99,E[Agg(Q_xi)] - Agg(E[Q_xi]),bellman_backup,True,8x8,fixed,perturbation_seed,4000.0,2026.0,3000.0,support_restricted_tv_l1,exact_support_restricted_l1,,,,,
1,2027,415,Maximum-based,0.008,0.002340801417712578,0.002340801417712578,0.004146071726148781,0.004146071726148781,0.0,0.5645377617246345,0.5645377617246345,0.9999199566946024,0.9999199566946024,0.0,0.4146403617999878,60,5,0.5,0.99,E[Agg(Q_xi)] - Agg(E[Q_xi]),bellman_backup,True,8x8,fixed,perturbation_seed,4000.0,2026.0,3000.0,support_restricted_tv_l1,exact_support_restricted_l1,,,,,
1,2027,420,Maximum-based,0.008,0.0023931737738399263,0.0023931737738399263,0.004178636718806195,0.004178636718806195,0.0,0.5771685523934436,0.5771685523934436,1.0077737489583478,1.0077737489583478,0.0,0.4146403617999878,60,5,0.5,0.99,E[Agg(Q_xi)] - Agg(E[Q_xi]),bellman_backup,True,8x8,fixed,perturbation_seed,4000.0,2026.0,3000.0,support_restricted_tv_l1,exact_support_restricted_l1,,,,,
1,2027,425,Maximum-based,0.008,0.002359534721556384,0.002359534721556384,0.003962895980756942,0.003962895980756942,0.0,0.5690557261028449,0.5690557261028449,0.955742939146996,0.955742939146996,0.0,0.4146403617999878,60,5,0.5,0.99,E[Agg(Q_xi)] - Agg(E[Q_xi]),bellman_backup,True,8x8,fixed,perturbation_seed,4000.0,2026.0,3000.0,support_restricted_tv_l1,exact_support_restricted_l1,,,,,
1,2027,430,Maximum-based,0.008,0.0024022235960264827,0.0024022235960264827,0.004186550409792655,0.004186550409792655,0.0,0.5793511238506143,0.5793511238506143,1.0096823164099358,1.0096823164099358,0.0,0.4146403617999878,60,5,0.5,0.99,E[Agg(Q_xi)] - Agg(E[Q_xi]),bellman_backup,True,8x8,fixed,perturbation_seed,4000.0,2026.0,3000.0,support_restricted_tv_l1,exact_support_restricted_l1,,,,,
1,2027,435,Maximum-based,0.008,0.0023997652412462347,0.0023997652412462347,0.004151523428727821,0.004151523428727821,0.0,0.5787582354087907,0.5787582354087907,1.0012347593721262,1.0012347593721262,0.0,0.4146403617999878,60,5,0.5,0.99,E[Agg(Q_xi)] - Agg(E[Q_xi]),bellman_backup,True,8x8,fixed,perturbation_seed,4000.0,2026.0,3000.0,support_restricted_tv_l1,exact_support_restricted_l1,,,,,
1,2027,440,Maximum-based,0.008,0.0023819024275877647,0.0023819024275877647,0.004147806524602449,0.004147806524602449,0.0,0.5744502096341347,0.5744502096341347,1.0003383429911359,1.0003383429911359,0.0,0.4146403617999878,60,5,0.5,0.99,E[Agg(Q_xi)] - Agg(E[Q_xi]),bellman_backup,True,8x8,fixed,perturbation_seed,4000.0,2026.0,3000.0,support_restricted_tv_l1,exact_support_restricted_l1,,,,,
1,2027,445,Maximum-based,0.008,0.002386436718879503,0.002386436718879503,0.003947353133978482,0.003947353133978482,0.0,0.5755437576119665,0.5755437576119665,0.951994426409117,0.951994426409117,0.0,0.4146403617999878,60,5,0.5,0.99,E[Agg(Q_xi)] - Agg(E[Q_xi]),bellman_backup,True,8x8,fixed,perturbation_seed,4000.0,2026.0,3000.0,support_restricted_tv_l1,exact_support_restricted_l1,,,,,
1,2027,450,Maximum-based,0.008,0.0023975357633123384,0.0023975357633123384,0.004210822376654155,0.004210822376654155,0.0,0.5782205458495259,0.5782205458495259,1.0155360559629627,1.0155360559629627,0.0,0.4146403617999878,60,5,0.5,0.99,E[Agg(Q_xi)] - Agg(E[Q_xi]),bellman_backup,True,8x8,fixed,perturbation_seed,4000.0,2026.0,3000.0,support_restricted_tv_l1,exact_support_restricted_l1,,,,,
1,2027,455,Maximum-based,0.008,0.0024103815790650863,0.0024103815790650863,0.004188500401997641,0.004188500401997641,0.0,0.5813186079139575,0.5813186079139575,1.0101526015979287,1.0101526015979287,0.0,0.4146403617999878,60,5,0.5,0.99,E[Agg(Q_xi)] - Agg(E[Q_xi]),bellman_backup,True,8x8,fixed,perturbation_seed,4000.0,2026.0,3000.0,support_restricted_tv_l1,exact_support_restricted_l1,,,,,
1,2027,460,Maximum-based,0.008,0.002415413934138697,0.002415413934138697,0.004317585926136458,0.004317585926136458,0.0,0.5825322753562115,0.5825322753562115,1.0412845260392556,1.0412845260392556,0.0,0.4146403617999878,60,5,0.5,0.99,E[Agg(Q_xi)] - Agg(E[Q_xi]),bellman_backup,True,8x8,fixed,perturbation_seed,4000.0,2026.0,3000.0,support_restricted_tv_l1,exact_support_restricted_l1,,,,,
1,2027,465,Maximum-based,0.008,0.0024032842312695837,0.0024032842312695837,0.004081013386306953,0.004081013386306953,0.0,0.5796069202806813,0.5796069202806813,0.9842296511104079,0.9842296511104079,0.0,0.4146403617999878,60,5,0.5,0.99,E[Agg(Q_xi)] - Agg(E[Q_xi]),bellman_backup,True,8x8,fixed,perturbation_seed,4000.0,2026.0,3000.0,support_restricted_tv_l1,exact_support_restricted_l1,,,,,
1,2027,470,Maximum-based,0.008,0.0023993905321394423,0.0023993905321394423,0.003846026452295981,0.003846026452295981,0.0,0.5786678657435786,0.5786678657435786,0.9275571812642803,0.9275571812642803,0.0,0.4146403617999878,60,5,0.5,0.99,E[Agg(Q_xi)] - Agg(E[Q_xi]),bellman_backup,True,8x8,fixed,perturbation_seed,4000.0,2026.0,3000.0,support_restricted_tv_l1,exact_support_restricted_l1,,,,,
1,2027,475,Maximum-based,0.008,0.0024121161630006036,0.0024121161630006036,0.004034876505888574,0.004034876505888574,0.0,0.5817369424745361,0.5817369424745361,0.9731026879228167,0.9731026879228167,0.0,0.4146403617999878,60,5,0.5,0.99,E[Agg(Q_xi)] - Agg(E[Q_xi]),bellman_backup,True,8x8,fixed,perturbation_seed,4000.0,2026.0,3000.0,support_restricted_tv_l1,exact_support_restricted_l1,,,,,
1,2027,480,Maximum-based,0.008,0.0024167034869655105,0.0024167034869655105,0.004038351967045328,0.004038351967045328,0.0,0.582843280493583,0.582843280493583,0.9739408748136605,0.9739408748136605,0.0,0.4146403617999878,60,5,0.5,0.99,E[Agg(Q_xi)] - Agg(E[Q_xi]),bellman_backup,True,8x8,fixed,perturbation_seed,4000.0,2026.0,3000.0,support_restricted_tv_l1,exact_support_restricted_l1,,,,,
1,2027,485,Maximum-based,0.008,0.0024287167125451696,0.0024287167125451696,0.004149530144509084,0.004149530144509084,0.0,0.585740544408632,0.585740544408632,1.0007540333255627,1.0007540333255627,0.0,0.4146403617999878,60,5,0.5,0.99,E[Agg(Q_xi)] - Agg(E[Q_xi]),bellman_backup,True,8x8,fixed,perturbation_seed,4000.0,2026.0,3000.0,support_restricted_tv_l1,exact_support_restricted_l1,,,,,
1,2027,490,Maximum-based,0.008,0.002382832150624555,0.002382832150624555,0.004075391357482361,0.004075391357482361,1.4310665622963015e-05,0.5746744335936051,0.5746744335936051,0.9828737703659028,0.9828737703659028,0.0034513440902953206,0.4146403617999878,60,5,0.5,0.99,E[Agg(Q_xi)] - Agg(E[Q_xi]),bellman_backup,True,8x8,fixed,perturbation_seed,4000.0,2026.0,3000.0,support_restricted_tv_l1,exact_support_restricted_l1,,,,,
1,2027,495,Maximum-based,0.008,0.002388009081290573,0.002388009081290573,0.004215998517349329,0.004215998517349329,0.0,0.5759229687442945,0.5759229687442945,1.0167844005941278,1.0167844005941278,0.0,0.4146403617999878,60,5,0.5,0.99,E[Agg(Q_xi)] - Agg(E[Q_xi]),bellman_backup,True,8x8,fixed,perturbation_seed,4000.0,2026.0,3000.0,support_restricted_tv_l1,exact_support_restricted_l1,,,,,
1,2027,500,Maximum-based,0.008,0.002379646930530575,0.002379646930530575,0.0041438648471750494,0.0041438648471750494,0.0,0.5739062449686114,0.5739062449686114,0.9993877173910886,0.9993877173910886,0.0,0.4146403617999878,60,5,0.5,0.99,E[Agg(Q_xi)] - Agg(E[Q_xi]),bellman_backup,True,8x8,fixed,perturbation_seed,4000.0,2026.0,3000.0,support_restricted_tv_l1,exact_support_restricted_l1,,,,,
1,2027,5,Similarity-aware,0.008,1.8295911660692887e-19,1.5788694136820158e-18,1.1102230246251565e-16,5.551115123125783e-17,-1.1102230246251565e-16,4.4124772564997855e-17,3.807804447275741e-16,2.6775565692774997e-14,1.3387782846387499e-14,-2.6775565692774997e-14,0.4146403617999878,60,5,0.5,0.99,E[Agg(Q_xi)] - Agg(E[Q_xi]),bellman_backup,True,8x8,fixed,perturbation_seed,4000.0,2026.0,3000.0,support_restricted_tv_l1,exact_support_restricted_l1,,,,,
1,2027,10,Similarity-aware,0.008,7.047314121155779e-19,3.686287386450715e-18,1.1102230246251565e-16,1.1102230246251565e-16,-5.551115123125783e-17,1.6996208691702878e-16,8.890324546429199e-16,2.6775565692774997e-14,2.6775565692774997e-14,-1.3387782846387499e-14,0.4146403617999878,60,5,0.5,0.99,E[Agg(Q_xi)] - Agg(E[Q_xi]),bellman_backup,True,8x8,fixed,perturbation_seed,4000.0,2026.0,3000.0,support_restricted_tv_l1,exact_support_restricted_l1,,,,,
1,2027,15,Similarity-aware,0.008,3.0493186101154812e-18,5.488773498207866e-18,2.220446049250313e-16,2.220446049250313e-16,-5.551115123125783e-17,7.354128760832976e-16,1.3237431769499357e-15,5.3551131385549994e-14,5.3551131385549994e-14,-1.3387782846387499e-14,0.4146403617999878,60,5,0.5,0.99,E[Agg(Q_xi)] - Agg(E[Q_xi]),bellman_backup,True,8x8,fixed,perturbation_seed,4000.0,2026.0,3000.0,support_restricted_tv_l1,exact_support_restricted_l1,,,,,
1,2027,20,Similarity-aware,0.008,1.748276003132876e-18,6.898236322439022e-18,2.220446049250313e-16,2.220446049250313e-16,-1.6653345369377348e-16,4.2163671562109064e-16,1.6636673507839932e-15,5.3551131385549994e-14,5.3551131385549994e-14,-4.016334853916249e-14,0.4146403617999878,60,5,0.5,0.99,E[Agg(Q_xi)] - Agg(E[Q_xi]),bellman_backup,True,8x8,fixed,perturbation_seed,4000.0,2026.0,3000.0,support_restricted_tv_l1,exact_support_restricted_l1,,,,,
1,2027,25,Similarity-aware,0.008,-4.052205619664573e-18,4.553649124439119e-18,3.3306690738754696e-16,1.1102230246251565e-16,-3.3306690738754696e-16,-9.772819997729156e-16,1.0982165616177245e-15,8.032669707832498e-14,2.6775565692774997e-14,-8.032669707832498e-14,0.4146403617999878,60,5,0.5,0.99,E[Agg(Q_xi)] - Agg(E[Q_xi]),bellman_backup,True,8x8,fixed,perturbation_seed,4000.0,2026.0,3000.0,support_restricted_tv_l1,exact_support_restricted_l1,,,,,
1,2027,30,Similarity-aware,0.008,3.5236570605778894e-19,8.538092108323347e-18,2.220446049250313e-16,2.220446049250313e-16,-2.220446049250313e-16,8.498104345851439e-17,2.0591560530332333e-15,5.3551131385549994e-14,5.3551131385549994e-14,-5.3551131385549994e-14,0.4146403617999878,60,5,0.5,0.99,E[Agg(Q_xi)] - Agg(E[Q_xi]),bellman_backup,True,8x8,fixed,perturbation_seed,4000.0,2026.0,3000.0,support_restricted_tv_l1,exact_support_restricted_l1,,,,,
1,2027,35,Similarity-aware,0.008,-4.0657581468206416e-19,8.890457814381136e-18,2.220446049250313e-16,1.6653345369377348e-16,-2.220446049250313e-16,-9.805505014443968e-17,2.1441370964917477e-15,5.3551131385549994e-14,4.016334853916249e-14,-5.3551131385549994e-14,0.4146403617999878,60,5,0.5,0.99,E[Agg(Q_xi)] - Agg(E[Q_xi]),bellman_backup,True,8x8,fixed,perturbation_seed,4000.0,2026.0,3000.0,support_restricted_tv_l1,exact_support_restricted_l1,,,,,
1,2027,40,Similarity-aware,0.008,-3.1170812458958252e-18,8.754932542820448e-18,3.3306690738754696e-16,2.220446049250313e-16,-3.3306690738754696e-16,-7.517553844407042e-16,2.1114520797769346e-15,8.032669707832498e-14,5.3551131385549994e-14,-8.032669707832498e-14,0.4146403617999878,60,5,0.5,0.99,E[Agg(Q_xi)] - Agg(E[Q_xi]),bellman_backup,True,8x8,fixed,perturbation_seed,4000.0,2026.0,3000.0,support_restricted_tv_l1,exact_support_restricted_l1,,,,,
1,2027,45,Similarity-aware,0.008,-1.7618285302889447e-18,9.459663954936026e-18,2.220446049250313e-16,2.220446049250313e-16,-2.220446049250313e-16,-4.2490521729257194e-16,2.2814141666939634e-15,5.3551131385549994e-14,5.3551131385549994e-14,-5.3551131385549994e-14,0.4146403617999878,60,5,0.5,0.99,E[Agg(Q_xi)] - Agg(E[Q_xi]),bellman_backup,True,8x8,fixed,perturbation_seed,4000.0,2026.0,3000.0,support_restricted_tv_l1,exact_support_restricted_l1,,,,,
1,2027,50,Similarity-aware,0.008,-9.75781955236954e-19,1.2902005852577503e-17,3.3306690738754696e-16,3.3306690738754696e-16,-3.3306690738754696e-16,-2.3533212034665524e-16,3.1116135912502193e-15,8.032669707832498e-14,8.032669707832498e-14,-8.032669707832498e-14,0.4146403617999878,60,5,0.5,0.99,E[Agg(Q_xi)] - Agg(E[Q_xi]),bellman_backup,True,8x8,fixed,perturbation_seed,4000.0,2026.0,3000.0,support_restricted_tv_l1,exact_support_restricted_l1,,,,,
1,2027,55,Similarity-aware,0.008,4.363913744254155e-18,1.5260145577733475e-17,3.3306690738754696e-16,3.3306690738754696e-16,-1.6653345369377348e-16,1.0524575382169858e-15,3.6803328820879695e-15,8.032669707832498e-14,8.032669707832498e-14,-4.016334853916249e-14,0.4146403617999878,60,5,0.5,0.99,E[Agg(Q_xi)] - Agg(E[Q_xi]),bellman_backup,True,8x8,fixed,perturbation_seed,4000.0,2026.0,3000.0,support_restricted_tv_l1,exact_support_restricted_l1,,,,,
1,2027,60,Similarity-aware,0.008,-6.911788849595091e-18,9.784924606681678e-18,3.3306690738754696e-16,2.220446049250313e-16,-3.3306690738754696e-16,-1.6669358524554745e-15,2.359858206809515e-15,8.032669707832498e-14,5.3551131385549994e-14,-8.032669707832498e-14,0.4146403617999878,60,5,0.5,0.99,E[Agg(Q_xi)] - Agg(E[Q_xi]),bellman_backup,True,8x8,fixed,perturbation_seed,4000.0,2026.0,3000.0,support_restricted_tv_l1,exact_support_restricted_l1,,,,,
1,2027,65,Similarity-aware,0.008,-5.2583805365546965e-18,1.2793585635328952e-17,5.551115123125783e-16,1.6653345369377348e-16,-5.551115123125783e-16,-1.2681786485347533e-15,3.0854655778783685e-15,1.3387782846387497e-13,4.016334853916249e-14,-1.3387782846387497e-13,0.4146403617999878,60,5,0.5,0.99,E[Agg(Q_xi)] - Agg(E[Q_xi]),bellman_backup,True,8x8,fixed,perturbation_seed,4000.0,2026.0,3000.0,support_restricted_tv_l1,exact_support_restricted_l1,,,,,
1,2027,70,Similarity-aware,0.008,9.215718466126788e-19,1.7943545954635098e-17,2.7755575615628914e-16,2.7755575615628914e-16,-2.220446049250313e-16,2.2225811366072997e-16,4.327496213041271e-15,6.693891423193748e-14,6.693891423193748e-14,-5.3551131385549994e-14,0.4146403617999878,60,5,0.5,0.99,E[Agg(Q_xi)] - Agg(E[Q_xi]),bellman_backup,True,8x8,fixed,perturbation_seed,4000.0,2026.0,3000.0,support_restricted_tv_l1,exact_support_restricted_l1,,,,,
1,2027,75,Similarity-aware,0.008,-1.6263032587282567e-18,1.555830117516699e-17,3.3306690738754696e-16,3.3306690738754696e-16,-2.220446049250313e-16,-3.922202005777587e-16,3.752239918860559e-15,8.032669707832498e-14,8.032669707832498e-14,-5.3551131385549994e-14,0.4146403617999878,60,5,0.5,0.99,E[Agg(Q_xi)] - Agg(E[Q_xi]),bellman_backup,True,8x8,fixed,perturbation_seed,4000.0,2026.0,3000.0,support_restricted_tv_l1,exact_support_restricted_l1,,,,,
1,2027,80,Similarity-aware,0.008,7.047314121155779e-19,1.81603863891322e-17,4.440892098500626e-16,4.440892098500626e-16,-2.220446049250313e-16,1.6996208691702878e-16,4.379792239784973e-15,1.0710226277109999e-13,1.0710226277109999e-13,-5.3551131385549994e-14,0.4146403617999878,60,5,0.5,0.99,E[Agg(Q_xi)] - Agg(E[Q_xi]),bellman_backup,True,8x8,fixed,perturbation_seed,4000.0,2026.0,3000.0,support_restricted_tv_l1,exact_support_restricted_l1,,,,,
1,2027,85,Similarity-aware,0.008,-1.463672932855431e-18,1.7618285302889447e-17,3.3306690738754696e-16,3.3306690738754696e-16,-2.220446049250313e-16,-3.5299818051998284e-16,4.24905217292572e-15,8.032669707832498e-14,8.032669707832498e-14,-5.3551131385549994e-14,0.4146403617999878,60,5,0.5,0.99,E[Agg(Q_xi)] - Agg(E[Q_xi]),bellman_backup,True,8x8,fixed,perturbation_seed,4000.0,2026.0,3000.0,support_restricted_tv_l1,exact_support_restricted_l1,,,,,
1,2027,90,Similarity-aware,0.008,6.505213034913027e-19,1.85940672581264e-17,2.7755575615628914e-16,2.7755575615628914e-16,-1.6653345369377348e-16,1.5688808023110348e-16,4.484384293272375e-15,6.693891423193748e-14,6.693891423193748e-14,-4.016334853916249e-14,0.4146403617999878,60,5,0.5,0.99,E[Agg(Q_xi)] - Agg(E[Q_xi]),bellman_backup,True,8x8,fixed,perturbation_seed,4000.0,2026.0,3000.0,support_restricted_tv_l1,exact_support_restricted_l1,,,,,
1,2027,95,Similarity-aware,0.008,4.391018798566293e-18,2.4231918555051024e-17,4.440892098500626e-16,4.440892098500626e-16,-2.220446049250313e-16,1.0589945415599486e-15,5.844080988608605e-15,1.0710226277109999e-13,1.0710226277109999e-13,-5.3551131385549994e-14,0.4146403617999878,60,5,0.5,0.99,E[Agg(Q_xi)] - Agg(E[Q_xi]),bellman_backup,True,8x8,fixed,perturbation_seed,4000.0,2026.0,3000.0,support_restricted_tv_l1,exact_support_restricted_l1,,,,,
1,2027,100,Similarity-aware,0.008,9.161508357502512e-18,2.7701365507004638e-17,3.3306690738754696e-16,3.3306690738754696e-16,-2.220446049250313e-16,2.2095071299213742e-15,6.680817416507823e-15,8.032669707832498e-14,8.032669707832498e-14,-5.3551131385549994e-14,0.4146403617999878,60,5,0.5,0.99,E[Agg(Q_xi)] - Agg(E[Q_xi]),bellman_backup,True,8x8,fixed,perturbation_seed,4000.0,2026.0,3000.0,support_restricted_tv_l1,exact_support_restricted_l1,,,,,
1,2027,105,Similarity-aware,0.008,3.0357660829594124e-18,2.3418766925686896e-17,2.7755575615628914e-16,2.220446049250313e-16,-2.7755575615628914e-16,7.321443744118162e-16,5.6479708883197255e-15,6.693891423193748e-14,5.3551131385549994e-14,-6.693891423193748e-14,0.4146403617999878,60,5,0.5,0.99,E[Agg(Q_xi)] - Agg(E[Q_xi]),bellman_backup,True,8x8,fixed,perturbation_seed,4000.0,2026.0,3000.0,support_restricted_tv_l1,exact_support_restricted_l1,,,,,
1,2027,110,Similarity-aware,0.008,2.3310346708438345e-18,2.168404344971009e-17,3.3306690738754696e-16,2.220446049250313e-16,-3.3306690738754696e-16,5.621822874947875e-16,5.2296026743701166e-15,8.032669707832498e-14,5.3551131385549994e-14,-8.032669707832498e-14,0.4146403617999878,60,5,0.5,0.99,E[Agg(Q_xi)] - Agg(E[Q_xi]),bellman_backup,True,8x8,fixed,perturbation_seed,4000.0,2026.0,3000.0,support_restricted_tv_l1,exact_support_restricted_l1,,,,,
1,2027,115,Similarity-aware,0.008,-5.149960319306146e-18,1.8106176280507924e-17,2.220446049250313e-16,1.6653345369377348e-16,-2.220446049250313e-16,-1.2420306351629026e-15,4.366718233099047e-15,5.3551131385549994e-14,4.016334853916249e-14,-5.3551131385549994e-14,0.4146403617999878,60,5,0.5,0.99,E[Agg(Q_xi)] - Agg(E[Q_xi]),bellman_backup,True,8x8,fixed,perturbation_seed,4000.0,2026.0,3000.0,support_restricted_tv_l1,exact_support_restricted_l1,,,,,
1,2027,120,Similarity-aware,0.008,-1.5178830414797062e-18,2.3798237686056822e-17,3.3306690738754696e-16,2.220446049250313e-16,-3.3306690738754696e-16,-3.660721872059081e-16,5.739488935121203e-15,8.032669707832498e-14,5.3551131385549994e-14,-8.032669707832498e-14,0.4146403617999878,60,5,0.5,0.99,E[Agg(Q_xi)] - Agg(E[Q_xi]),bellman_backup,True,8x8,fixed,perturbation_seed,4000.0,2026.0,3000.0,support_restricted_tv_l1,exact_support_restricted_l1,,,,,
1,2027,125,Similarity-aware,0.008,2.168404344971009e-18,2.3960868011929648e-17,2.220446049250313e-16,2.220446049250313e-16,-2.220446049250313e-16,5.229602674370116e-16,5.7787109551789785e-15,5.3551131385549994e-14,5.3551131385549994e-14,-5.3551131385549994e-14,0.4146403617999878,60,5,0.5,0.99,E[Agg(Q_xi)] - Agg(E[Q_xi]),bellman_backup,True,8x8,fixed,perturbation_seed,4000.0,2026.0,3000.0,support_restricted_tv_l1,exact_support_restricted_l1,,,,,
1,2027,130,Similarity-aware,0.008,-1.7889335846010823e-18,2.4774019641293776e-17,4.440892098500626e-16,4.440892098500626e-16,-3.3306690738754696e-16,-4.314422206355346e-16,5.974821055467858e-15,1.0710226277109999e-13,1.0710226277109999e-13,-8.032669707832498e-14,0.4146403617999878,60,5,0.5,0.99,E[Agg(Q_xi)] - Agg(E[Q_xi]),bellman_backup,True,8x8,fixed,perturbation_seed,4000.0,2026.0,3000.0,support_restricted_tv_l1,exact_support_restricted_l1,,,,,
1,2027,135,Similarity-aware,0.008,-6.342582709040201e-18,2.2714035513571318e-17,4.440892098500626e-16,4.440892098500626e-16,-3.3306690738754696e-16,-1.529658782253259e-15,5.478008801402697e-15,1.0710226277109999e-13,1.0710226277109999e-13,-8.032669707832498e-14,0.4146403617999878,60,5,0.5,0.99,E[Agg(Q_xi)] - Agg(E[Q_xi]),bellman_backup,True,8x8,fixed,perturbation_seed,4000.0,2026.0,3000.0,support_restricted_tv_l1,exact_support_restricted_l1,,,,,
1,2027,140,Similarity-aware,0.008,4.391018798566293e-18,2.7267684638010437e-17,3.3306690738754696e-16,3.3306690738754696e-16,-3.3306690738754696e-16,1.0589945415599486e-15,6.5762253630204214e-15,8.032669707832498e-14,8.032669707832498e-14,-8.032669707832498e-14,0.4146403617999878,60,5,0.5,0.99,E[Agg(Q_xi)] - Agg(E[Q_xi]),bellman_backup,True,8x8,fixed,perturbation_seed,4000.0,2026.0,3000.0,support_restricted_tv_l1,exact_support_restricted_l1,,,,,
1,2027,145,Similarity-aware,0.008,-7.697835424647081e-18,2.3527187142935446e-17,5.551115123125783e-16,3.3306690738754696e-16,-5.551115123125783e-16,-1.856508949401391e-15,5.674118901691576e-15,1.3387782846387497e-13,8.032669707832498e-14,-1.3387782846387497e-13,0.4146403617999878,60,5,0.5,0.99,E[Agg(Q_xi)] - Agg(E[Q_xi]),bellman_backup,True,8x8,fixed,perturbation_seed,4000.0,2026.0,3000.0,support_restricted_tv_l1,exact_support_restricted_l1,,,,,
1,2027,150,Similarity-aware,0.008,1.6263032587282567e-18,2.970713952610282e-17,3.3306690738754696e-16,3.3306690738754696e-16,-3.3306690738754696e-16,3.922202005777587e-16,7.16455566388706e-15,8.032669707832498e-14,8.032669707832498e-14,-8.032669707832498e-14,0.4146403617999878,60,5,0.5,0.99,E[Agg(Q_xi)] - Agg(E[Q_xi]),bellman_backup,True,8x8,fixed,perturbation_seed,4000.0,2026.0,3000.0,support_restricted_tv_l1,exact_support_restricted_l1,,,,,
1,2027,155,Similarity-aware,0.008,0.0,2.949029909160572e-17,3.3306690738754696e-16,3.3306690738754696e-16,-3.3306690738754696e-16,0.0,7.112259637143359e-15,8.032669707832498e-14,8.032669707832498e-14,-8.032669707832498e-14,0.4146403617999878,60,5,0.5,0.99,E[Agg(Q_xi)] - Agg(E[Q_xi]),bellman_backup,True,8x8,fixed,perturbation_seed,4000.0,2026.0,3000.0,support_restricted_tv_l1,exact_support_restricted_l1,,,,,
1,2027,160,Similarity-aware,0.008,2.0599841277224584e-18,3.3176586478056436e-17,5.551115123125783e-16,3.3306690738754696e-16,-5.551115123125783e-16,4.96812254065161e-16,8.001292091786278e-15,1.3387782846387497e-13,8.032669707832498e-14,-1.3387782846387497e-13,0.4146403617999878,60,5,0.5,0.99,E[Agg(Q_xi)] - Agg(E[Q_xi]),bellman_backup,True,8x8,fixed,perturbation_seed,4000.0,2026.0,3000.0,support_restricted_tv_l1,exact_support_restricted_l1,,,,,
1,2027,165,Similarity-aware,0.008,1.1926223897340549e-18,3.176712365382528e-17,4.440892098500626e-16,4.440892098500626e-16,-2.220446049250313e-16,2.876281470903564e-16,7.66136791795222e-15,1.0710226277109999e-13,1.0710226277109999e-13,-5.3551131385549994e-14,0.4146403617999878,60,5,0.5,0.99,E[Agg(Q_xi)] - Agg(E[Q_xi]),bellman_backup,True,8x8,fixed,perturbation_seed,4000.0,2026.0,3000.0,support_restricted_tv_l1,exact_support_restricted_l1,,,,,
1,2027,170,Similarity-aware,0.008,-5.421010862427522e-19,2.677979366039196e-17,4.440892098500626e-16,4.440892098500626e-16,-3.3306690738754696e-16,-1.307400668592529e-16,6.4585593028470936e-15,1.0710226277109999e-13,1.0710226277109999e-13,-8.032669707832498e-14,0.4146403617999878,60,5,0.5,0.99,E[Agg(Q_xi)] - Agg(E[Q_xi]),bellman_backup,True,8x8,fixed,perturbation_seed,4000.0,2026.0,3000.0,support_restricted_tv_l1,exact_support_restricted_l1,,,,,
1,2027,175,Similarity-aware,0.008,7.589415207398531e-19,2.883977778811442e-17,3.3306690738754696e-16,3.3306690738754696e-16,-3.3306690738754696e-16,1.8303609360295406e-16,6.955371556912255e-15,8.032669707832498e-14,8.032669707832498e-14,-8.032669707832498e-14,0.4146403617999878,60,5,0.5,0.99,E[Agg(Q_xi)] - Agg(E[Q_xi]),bellman_backup,True,8x8,fixed,perturbation_seed,4000.0,2026.0,3000.0,support_restricted_tv_l1,exact_support_restricted_l1,,,,,
1,2027,180,Similarity-aware,0.008,-9.75781955236954e-18,2.7755575615628914e-17,4.440892098500626e-16,3.3306690738754696e-16,-4.440892098500626e-16,-2.353321203466552e-15,6.693891423193749e-15,1.0710226277109999e-13,8.032669707832498e-14,-1.0710226277109999e-13,0.4146403617999878,60,5,0.5,0.99,E[Agg(Q_xi)] - Agg(E[Q_xi]),bellman_backup,True,8x8,fixed,perturbation_seed,4000.0,2026.0,3000.0,support_restricted_tv_l1,exact_support_restricted_l1,,,,,
1,2027,185,Similarity-aware,0.008,2.168404344971009e-18,3.220080452281948e-17,3.3306690738754696e-16,2.220446049250313e-16,-3.3306690738754696e-16,5.229602674370116e-16,7.765959971439622e-15,8.032669707832498e-14,5.3551131385549994e-14,-8.032669707832498e-14,0.4146403617999878,60,5,0.5,0.99,E[Agg(Q_xi)] - Agg(E[Q_xi]),bellman_backup,True,8x8,fixed,perturbation_seed,4000.0,2026.0,3000.0,support_restricted_tv_l1,exact_support_restricted_l1,,,,,
1,2027,190,Similarity-aware,0.008,1.3010426069826053e-18,3.69712940817557e-17,3.885780586188048e-16,3.885780586188048e-16,-3.3306690738754696e-16,3.1377616046220696e-16,8.916472559801048e-15,9.371447992471248e-14,9.371447992471248e-14,-8.032669707832498e-14,0.4146403617999878,60,5,0.5,0.99,E[Agg(Q_xi)] - Agg(E[Q_xi]),bellman_backup,True,8x8,fixed,perturbation_seed,4000.0,2026.0,3000.0,support_restricted_tv_l1,exact_support_restricted_l1,,,,,
1,2027,195,Similarity-aware,0.008,-2.6020852139652106e-18,3.198396408832238e-17,4.440892098500626e-16,4.440892098500626e-16,-3.3306690738754696e-16,-6.275523209244139e-16,7.713663944695921e-15,1.0710226277109999e-13,1.0710226277109999e-13,-8.032669707832498e-14,0.4146403617999878,60,5,0.5,0.99,E[Agg(Q_xi)] - Agg(E[Q_xi]),bellman_backup,True,8x8,fixed,perturbation_seed,4000.0,2026.0,3000.0,support_restricted_tv_l1,exact_support_restricted_l1,,,,,
1,2027,200,Similarity-aware,0.008,5.637851296924623e-18,3.664603343001005e-17,4.440892098500626e-16,4.440892098500626e-16,-3.3306690738754696e-16,1.3596966953362303e-15,8.838028519685497e-15,1.0710226277109999e-13,1.0710226277109999e-13,-8.032669707832498e-14,0.4146403617999878,60,5,0.5,0.99,E[Agg(Q_xi)] - Agg(E[Q_xi]),bellman_backup,True,8x8,fixed,perturbation_seed,4000.0,2026.0,3000.0,support_restricted_tv_l1,exact_support_restricted_l1,,,,,
1,2027,205,Similarity-aware,0.008,-6.505213034913027e-19,3.5561831257524545e-17,3.3306690738754696e-16,3.3306690738754696e-16,-3.3306690738754696e-16,-1.5688808023110348e-16,8.576548385966991e-15,8.032669707832498e-14,8.032669707832498e-14,-8.032669707832498e-14,0.4146403617999878,60,5,0.5,0.99,E[Agg(Q_xi)] - Agg(E[Q_xi]),bellman_backup,True,8x8,fixed,perturbation_seed,4000.0,2026.0,3000.0,support_restricted_tv_l1,exact_support_restricted_l1,,,,,
1,2027,210,Similarity-aware,0.008,8.131516293641283e-18,3.63207727782644e-17,4.440892098500626e-16,4.440892098500626e-16,-2.220446049250313e-16,1.9611010028887937e-15,8.759584479569946e-15,1.0710226277109999e-13,1.0710226277109999e-13,-5.3551131385549994e-14,0.4146403617999878,60,5,0.5,0.99,E[Agg(Q_xi)] - Agg(E[Q_xi]),bellman_backup,True,8x8,fixed,perturbation_seed,4000.0,2026.0,3000.0,support_restricted_tv_l1,exact_support_restricted_l1,,,,,
1,2027,215,Similarity-aware,0.008,2.168404344971009e-19,3.144186300207963e-17,3.3306690738754696e-16,3.3306690738754696e-16,-3.3306690738754696e-16,5.2296026743701166e-17,7.582923877836669e-15,8.032669707832498e-14,8.032669707832498e-14,-8.032669707832498e-14,0.4146403617999878,60,5,0.5,0.99,E[Agg(Q_xi)] - Agg(E[Q_xi]),bellman_backup,True,8x8,fixed,perturbation_seed,4000.0,2026.0,3000.0,support_restricted_tv_l1,exact_support_restricted_l1,,,,,
1,2027,220,Similarity-aware,0.008,1.3010426069826053e-18,3.7947076036992655e-17,4.440892098500626e-16,3.3306690738754696e-16,-4.440892098500626e-16,3.1377616046220696e-16,9.151804680147704e-15,1.0710226277109999e-13,8.032669707832498e-14,-1.0710226277109999e-13,0.4146403617999878,60,5,0.5,0.99,E[Agg(Q_xi)] - Agg(E[Q_xi]),bellman_backup,True,8x8,fixed,perturbation_seed,4000.0,2026.0,3000.0,support_restricted_tv_l1,exact_support_restricted_l1,,,,,
1,2027,225,Similarity-aware,0.008,-4.553649124439119e-18,3.0574501264091225e-17,4.440892098500626e-16,4.440892098500626e-16,-3.3306690738754696e-16,-1.0982165616177245e-15,7.373739770861864e-15,1.0710226277109999e-13,1.0710226277109999e-13,-8.032669707832498e-14,0.4146403617999878,60,5,0.5,0.99,E[Agg(Q_xi)] - Agg(E[Q_xi]),bellman_backup,True,8x8,fixed,perturbation_seed,4000.0,2026.0,3000.0,support_restricted_tv_l1,exact_support_restricted_l1,,,,,
1,2027,230,Similarity-aware,0.008,-5.9631119486702744e-18,3.209238430557093e-17,3.3306690738754696e-16,3.3306690738754696e-16,-3.3306690738754696e-16,-1.438140735451782e-15,7.739811958067771e-15,8.032669707832498e-14,8.032669707832498e-14,-8.032669707832498e-14,0.4146403617999878,60,5,0.5,0.99,E[Agg(Q_xi)] - Agg(E[Q_xi]),bellman_backup,True,8x8,fixed,perturbation_seed,4000.0,2026.0,3000.0,support_restricted_tv_l1,exact_support_restricted_l1,,,,,
1,2027,235,Similarity-aware,0.008,-9.107298248878237e-18,2.992397996059992e-17,4.440892098500626e-16,2.7755575615628914e-16,-4.440892098500626e-16,-2.196433123235449e-15,7.21685169063076e-15,1.0710226277109999e-13,6.693891423193748e-14,-1.0710226277109999e-13,0.4146403617999878,60,5,0.5,0.99,E[Agg(Q_xi)] - Agg(E[Q_xi]),bellman_backup,True,8x8,fixed,perturbation_seed,4000.0,2026.0,3000.0,support_restricted_tv_l1,exact_support_restricted_l1,,,,,
1,2027,240,Similarity-aware,0.008,-1.3010426069826053e-18,3.979021973021801e-17,6.661338147750939e-16,4.440892098500626e-16,-6.661338147750939e-16,-3.1377616046220696e-16,9.596320907469163e-15,1.6065339415664996e-13,1.0710226277109999e-13,-1.6065339415664996e-13,0.4146403617999878,60,5,0.5,0.99,E[Agg(Q_xi)] - Agg(E[Q_xi]),bellman_backup,True,8x8,fixed,perturbation_seed,4000.0,2026.0,3000.0,support_restricted_tv_l1,exact_support_restricted_l1,,,,,
1,2027,245,Similarity-aware,0.008,-7.48099499014998e-18,3.436920886779049e-17,3.3306690738754696e-16,3.3306690738754696e-16,-3.3306690738754696e-16,-1.80421292265769e-15,8.288920238876634e-15,8.032669707832498e-14,8.032669707832498e-14,-8.032669707832498e-14,0.4146403617999878,60,5,0.5,0.99,E[Agg(Q_xi)] - Agg(E[Q_xi]),bellman_backup,True,8x8,fixed,perturbation_seed,4000.0,2026.0,3000.0,support_restricted_tv_l1,exact_support_restricted_l1,,,,,
1,2027,250,Similarity-aware,0.008,-1.431146867680866e-17,2.710505431213761e-17,4.440892098500626e-16,2.220446049250313e-16,-4.440892098500626e-16,-3.451537765084277e-15,6.537003342962646e-15,1.0710226277109999e-13,5.3551131385549994e-14,-1.0710226277109999e-13,0.4146403617999878,60,5,0.5,0.99,E[Agg(Q_xi)] - Agg(E[Q_xi]),bellman_backup,True,8x8,fixed,perturbation_seed,4000.0,2026.0,3000.0,support_restricted_tv_l1,exact_support_restricted_l1,,,,,
1,2027,255,Similarity-aware,0.008,4.336808689942018e-18,3.7838655819744105e-17,3.3306690738754696e-16,2.220446049250313e-16,-3.3306690738754696e-16,1.0459205348740232e-15,9.125656666775854e-15,8.032669707832498e-14,5.3551131385549994e-14,-8.032669707832498e-14,0.4146403617999878,60,5,0.5,0.99,E[Agg(Q_xi)] - Agg(E[Q_xi]),bellman_backup,True,8x8,fixed,perturbation_seed,4000.0,2026.0,3000.0,support_restricted_tv_l1,exact_support_restricted_l1,,,,,
1,2027,260,Similarity-aware,0.008,2.168404344971009e-19,3.7513395167998453e-17,4.440892098500626e-16,3.3306690738754696e-16,-4.440892098500626e-16,5.2296026743701166e-17,9.0472126266603e-15,1.0710226277109999e-13,8.032669707832498e-14,-1.0710226277109999e-13,0.4146403617999878,60,5,0.5,0.99,E[Agg(Q_xi)] - Agg(E[Q_xi]),bellman_backup,True,8x8,fixed,perturbation_seed,4000.0,2026.0,3000.0,support_restricted_tv_l1,exact_support_restricted_l1,,,,,
1,2027,265,Similarity-aware,0.008,6.505213034913027e-19,3.5019730171281793e-17,3.3306690738754696e-16,3.3306690738754696e-16,-3.3306690738754696e-16,1.5688808023110348e-16,8.445808319107739e-15,8.032669707832498e-14,8.032669707832498e-14,-8.032669707832498e-14,0.4146403617999878,60,5,0.5,0.99,E[Agg(Q_xi)] - Agg(E[Q_xi]),bellman_backup,True,8x8,fixed,perturbation_seed,4000.0,2026.0,3000.0,support_restricted_tv_l1,exact_support_restricted_l1,,,,,
1,2027,270,Similarity-aware,0.008,-3.469446951953614e-18,3.686287386450715e-17,4.440892098500626e-16,4.440892098500626e-16,-4.440892098500626e-16,-8.367364278992187e-16,8.890324546429198e-15,1.0710226277109999e-13,1.0710226277109999e-13,-1.0710226277109999e-13,0.4146403617999878,60,5,0.5,0.99,E[Agg(Q_xi)] - Agg(E[Q_xi]),bellman_backup,True,8x8,fixed,perturbation_seed,4000.0,2026.0,3000.0,support_restricted_tv_l1,exact_support_restricted_l1,,,,,
1,2027,275,Similarity-aware,0.008,1.1926223897340549e-17,4.5428071027142636e-17,6.661338147750939e-16,6.661338147750939e-16,-4.440892098500626e-16,2.876281470903564e-15,1.0956017602805393e-14,1.6065339415664996e-13,1.6065339415664996e-13,-1.0710226277109999e-13,0.4146403617999878,60,5,0.5,0.99,E[Agg(Q_xi)] - Agg(E[Q_xi]),bellman_backup,True,8x8,fixed,perturbation_seed,4000.0,2026.0,3000.0,support_restricted_tv_l1,exact_support_restricted_l1,,,,,
1,2027,280,Similarity-aware,0.008,-5.637851296924623e-18,3.252606517456513e-17,5.551115123125783e-16,5.551115123125783e-16,-3.3306690738754696e-16,-1.3596966953362303e-15,7.844404011555175e-15,1.3387782846387497e-13,1.3387782846387497e-13,-8.032669707832498e-14,0.4146403617999878,60,5,0.5,0.99,E[Agg(Q_xi)] - Agg(E[Q_xi]),bellman_backup,True,8x8,fixed,perturbation_seed,4000.0,2026.0,3000.0,support_restricted_tv_l1,exact_support_restricted_l1,,,,,
1,2027,285,Similarity-aware,0.008,7.589415207398531e-19,3.9898639947466563e-17,4.440892098500626e-16,3.3306690738754696e-16,-4.440892098500626e-16,1.8303609360295406e-16,9.622468920841014e-15,1.0710226277109999e-13,8.032669707832498e-14,-1.0710226277109999e-13,0.4146403617999878,60,5,0.5,0.99,E[Agg(Q_xi)] - Agg(E[Q_xi]),bellman_backup,True,8x8,fixed,perturbation_seed,4000.0,2026.0,3000.0,support_restricted_tv_l1,exact_support_restricted_l1,,,,,
1,2027,290,Similarity-aware,0.008,6.288372600415926e-18,3.707971429900425e-17,3.3306690738754696e-16,3.3306690738754696e-16,-3.3306690738754696e-16,1.5165847755673338e-15,8.942620573172899e-15,8.032669707832498e-14,8.032669707832498e-14,-8.032669707832498e-14,0.4146403617999878,60,5,0.5,0.99,E[Agg(Q_xi)] - Agg(E[Q_xi]),bellman_backup,True,8x8,fixed,perturbation_seed,4000.0,2026.0,3000.0,support_restricted_tv_l1,exact_support_restricted_l1,,,,,
1,2027,295,Similarity-aware,0.008,-6.613633252161577e-18,3.5887091909270197e-17,4.440892098500626e-16,3.3306690738754696e-16,-4.440892098500626e-16,-1.5950288156828856e-15,8.654992426082542e-15,1.0710226277109999e-13,8.032669707832498e-14,-1.0710226277109999e-13,0.4146403617999878,60,5,0.5,0.99,E[Agg(Q_xi)] - Agg(E[Q_xi]),bellman_backup,True,8x8,fixed,perturbation_seed,4000.0,2026.0,3000.0,support_restricted_tv_l1,exact_support_restricted_l1,,,,,
1,2027,300,Similarity-aware,0.008,4.336808689942018e-19,3.838075690598686e-17,4.440892098500626e-16,3.3306690738754696e-16,-4.440892098500626e-16,1.0459205348740233e-16,9.256396733635106e-15,1.0710226277109999e-13,8.032669707832498e-14,-1.0710226277109999e-13,0.4146403617999878,60,5,0.5,0.99,E[Agg(Q_xi)] - Agg(E[Q_xi]),bellman_backup,True,8x8,fixed,perturbation_seed,4000.0,2026.0,3000.0,support_restricted_tv_l1,exact_support_restricted_l1,,,,,
1,2027,305,Similarity-aware,0.008,-1.6263032587282567e-18,4.0007060164715114e-17,3.3306690738754696e-16,3.3306690738754696e-16,-3.3306690738754696e-16,-3.922202005777587e-16,9.648616934212864e-15,8.032669707832498e-14,8.032669707832498e-14,-8.032669707832498e-14,0.4146403617999878,60,5,0.5,0.99,E[Agg(Q_xi)] - Agg(E[Q_xi]),bellman_backup,True,8x8,fixed,perturbation_seed,4000.0,2026.0,3000.0,support_restricted_tv_l1,exact_support_restricted_l1,,,,,
1,2027,310,Similarity-aware,0.008,-4.553649124439119e-18,3.892285799222961e-17,4.440892098500626e-16,4.440892098500626e-16,-4.440892098500626e-16,-1.0982165616177245e-15,9.387136800494358e-15,1.0710226277109999e-13,1.0710226277109999e-13,-1.0710226277109999e-13,0.4146403617999878,60,5,0.5,0.99,E[Agg(Q_xi)] - Agg(E[Q_xi]),bellman_backup,True,8x8,fixed,perturbation_seed,4000.0,2026.0,3000.0,support_restricted_tv_l1,exact_support_restricted_l1,,,,,
1,2027,315,Similarity-aware,0.008,-3.3610267347050637e-18,4.0549161250957866e-17,3.3306690738754696e-16,3.3306690738754696e-16,-3.3306690738754696e-16,-8.10588414527368e-16,9.779357001072118e-15,8.032669707832498e-14,8.032669707832498e-14,-8.032669707832498e-14,0.4146403617999878,60,5,0.5,0.99,E[Agg(Q_xi)] - Agg(E[Q_xi]),bellman_backup,True,8x8,fixed,perturbation_seed,4000.0,2026.0,3000.0,support_restricted_tv_l1,exact_support_restricted_l1,,,,,
1,2027,320,Similarity-aware,0.008,3.2526065174565133e-19,3.957337929572091e-17,5.551115123125783e-16,3.3306690738754696e-16,-5.551115123125783e-16,7.844404011555174e-17,9.544024880725462e-15,1.3387782846387497e-13,8.032669707832498e-14,-1.3387782846387497e-13,0.4146403617999878,60,5,0.5,0.99,E[Agg(Q_xi)] - Agg(E[Q_xi]),bellman_backup,True,8x8,fixed,perturbation_seed,4000.0,2026.0,3000.0,support_restricted_tv_l1,exact_support_restricted_l1,,,,,
1,2027,325,Similarity-aware,0.008,-4.228388472693467e-18,3.859759734048396e-17,4.440892098500626e-16,4.440892098500626e-16,-4.440892098500626e-16,-1.0197725215021727e-15,9.308692760378807e-15,1.0710226277109999e-13,1.0710226277109999e-13,-1.0710226277109999e-13,0.4146403617999878,60,5,0.5,0.99,E[Agg(Q_xi)] - Agg(E[Q_xi]),bellman_backup,True,8x8,fixed,perturbation_seed,4000.0,2026.0,3000.0,support_restricted_tv_l1,exact_support_restricted_l1,,,,,
1,2027,330,Similarity-aware,0.008,-8.565197162635485e-18,3.241764495731658e-17,5.551115123125783e-16,5.551115123125783e-16,-5.551115123125783e-16,-2.065693056376196e-15,7.818255998183324e-15,1.3387782846387497e-13,1.3387782846387497e-13,-1.3387782846387497e-13,0.4146403617999878,60,5,0.5,0.99,E[Agg(Q_xi)] - Agg(E[Q_xi]),bellman_backup,True,8x8,fixed,perturbation_seed,4000.0,2026.0,3000.0,support_restricted_tv_l1,exact_support_restricted_l1,,,,,
1,2027,335,Similarity-aware,0.008,3.577867169202165e-18,4.141652298894627e-17,3.885780586188048e-16,3.3306690738754696e-16,-3.885780586188048e-16,8.628844412710692e-16,9.988541108046922e-15,9.371447992471248e-14,8.032669707832498e-14,-9.371447992471248e-14,0.4146403617999878,60,5,0.5,0.99,E[Agg(Q_xi)] - Agg(E[Q_xi]),bellman_backup,True,8x8,fixed,perturbation_seed,4000.0,2026.0,3000.0,support_restricted_tv_l1,exact_support_restricted_l1,,,,,
1,2027,340,Similarity-aware,0.008,2.0599841277224584e-18,4.3042826247674526e-17,4.440892098500626e-16,3.3306690738754696e-16,-4.440892098500626e-16,4.96812254065161e-16,1.038076130862468e-14,1.0710226277109999e-13,8.032669707832498e-14,-1.0710226277109999e-13,0.4146403617999878,60,5,0.5,0.99,E[Agg(Q_xi)] - Agg(E[Q_xi]),bellman_backup,True,8x8,fixed,perturbation_seed,4000.0,2026.0,3000.0,support_restricted_tv_l1,exact_support_restricted_l1,,,,,
1,2027,345,Similarity-aware,0.008,-1.3010426069826053e-17,3.350184712980209e-17,5.551115123125783e-16,3.3306690738754696e-16,-5.551115123125783e-16,-3.1377616046220698e-15,8.079736131901829e-15,1.3387782846387497e-13,8.032669707832498e-14,-1.3387782846387497e-13,0.4146403617999878,60,5,0.5,0.99,E[Agg(Q_xi)] - Agg(E[Q_xi]),bellman_backup,True,8x8,fixed,perturbation_seed,4000.0,2026.0,3000.0,support_restricted_tv_l1,exact_support_restricted_l1,,,,,
1,2027,350,Similarity-aware,0.008,-6.5052130349130266e-18,3.642919299551295e-17,4.440892098500626e-16,4.440892098500626e-16,-3.3306690738754696e-16,-1.5688808023110349e-15,8.785732492941796e-15,1.0710226277109999e-13,1.0710226277109999e-13,-8.032669707832498e-14,0.4146403617999878,60,5,0.5,0.99,E[Agg(Q_xi)] - Agg(E[Q_xi]),bellman_backup,True,8x8,fixed,perturbation_seed,4000.0,2026.0,3000.0,support_restricted_tv_l1,exact_support_restricted_l1,,,,,
1,2027,355,Similarity-aware,0.008,-2.222614453595284e-17,2.5478751053409354e-17,4.440892098500626e-16,3.3306690738754696e-16,-4.440892098500626e-16,-5.360342741229369e-15,6.1447831423848865e-15,1.0710226277109999e-13,8.032669707832498e-14,-1.0710226277109999e-13,0.4146403617999878,60,5,0.5,0.99,E[Agg(Q_xi)] - Agg(E[Q_xi]),bellman_backup,True,8x8,fixed,perturbation_seed,4000.0,2026.0,3000.0,support_restricted_tv_l1,exact_support_restricted_l1,,,,,
1,2027,360,Similarity-aware,0.008,6.071532165918825e-18,4.141652298894627e-17,5.551115123125783e-16,3.3306690738754696e-16,-5.551115123125783e-16,1.4642887488236325e-15,9.988541108046922e-15,1.3387782846387497e-13,8.032669707832498e-14,-1.3387782846387497e-13,0.4146403617999878,60,5,0.5,0.99,E[Agg(Q_xi)] - Agg(E[Q_xi]),bellman_backup,True,8x8,fixed,perturbation_seed,4000.0,2026.0,3000.0,support_restricted_tv_l1,exact_support_restricted_l1,,,,,
1,2027,365,Similarity-aware,0.008,-9.540979117872439e-18,3.3176586478056436e-17,4.440892098500626e-16,2.220446049250313e-16,-4.440892098500626e-16,-2.3010251767228512e-15,8.001292091786278e-15,1.0710226277109999e-13,5.3551131385549994e-14,-1.0710226277109999e-13,0.4146403617999878,60,5,0.5,0.99,E[Agg(Q_xi)] - Agg(E[Q_xi]),bellman_backup,True,8x8,fixed,perturbation_seed,4000.0,2026.0,3000.0,support_restricted_tv_l1,exact_support_restricted_l1,,,,,
1,2027,370,Similarity-aware,0.008,-1.1384122811097797e-17,3.7621815385247004e-17,5.551115123125783e-16,5.551115123125783e-16,-4.440892098500626e-16,-2.745541404044311e-15,9.073360640032151e-15,1.3387782846387497e-13,1.3387782846387497e-13,-1.0710226277109999e-13,0.4146403617999878,60,5,0.5,0.99,E[Agg(Q_xi)] - Agg(E[Q_xi]),bellman_backup,True,8x8,fixed,perturbation_seed,4000.0,2026.0,3000.0,support_restricted_tv_l1,exact_support_restricted_l1,,,,,
1,2027,375,Similarity-aware,0.008,1.235990476633475e-17,4.683753385137379e-17,4.440892098500626e-16,4.440892098500626e-16,-3.3306690738754696e-16,2.9808735243909663e-15,1.1295941776639451e-14,1.0710226277109999e-13,1.0710226277109999e-13,-8.032669707832498e-14,0.4146403617999878,60,5,0.5,0.99,E[Agg(Q_xi)] - Agg(E[Q_xi]),bellman_backup,True,8x8,fixed,perturbation_seed,4000.0,2026.0,3000.0,support_restricted_tv_l1,exact_support_restricted_l1,,,,,
1,2027,380,Similarity-aware,0.008,-3.144186300207963e-18,4.228388472693467e-17,6.661338147750939e-16,3.3306690738754696e-16,-6.661338147750939e-16,-7.582923877836669e-16,1.0197725215021727e-14,1.6065339415664996e-13,8.032669707832498e-14,-1.6065339415664996e-13,0.4146403617999878,60,5,0.5,0.99,E[Agg(Q_xi)] - Agg(E[Q_xi]),bellman_backup,True,8x8,fixed,perturbation_seed,4000.0,2026.0,3000.0,support_restricted_tv_l1,exact_support_restricted_l1,,,,,
1,2027,385,Similarity-aware,0.008,-7.806255641895632e-18,3.447762908503904e-17,4.440892098500626e-16,2.7755575615628914e-16,-4.440892098500626e-16,-1.882656962773242e-15,8.315068252248485e-15,1.0710226277109999e-13,6.693891423193748e-14,-1.0710226277109999e-13,0.4146403617999878,60,5,0.5,0.99,E[Agg(Q_xi)] - Agg(E[Q_xi]),bellman_backup,True,8x8,fixed,perturbation_seed,4000.0,2026.0,3000.0,support_restricted_tv_l1,exact_support_restricted_l1,,,,,
1,2027,390,Similarity-aware,0.008,-4.662069341687669e-18,4.098284211995207e-17,5.551115123125783e-16,5.551115123125783e-16,-2.7755575615628914e-16,-1.124364574989575e-15,9.88394905455952e-15,1.3387782846387497e-13,1.3387782846387497e-13,-6.693891423193748e-14,0.4146403617999878,60,5,0.5,0.99,E[Agg(Q_xi)] - Agg(E[Q_xi]),bellman_backup,True,8x8,fixed,perturbation_seed,4000.0,2026.0,3000.0,support_restricted_tv_l1,exact_support_restricted_l1,,,,,
1,2027,395,Similarity-aware,0.008,-3.469446951953614e-18,3.913969842672671e-17,4.440892098500626e-16,4.440892098500626e-16,-3.3306690738754696e-16,-8.367364278992187e-16,9.43943282723806e-15,1.0710226277109999e-13,1.0710226277109999e-13,-8.032669707832498e-14,0.4146403617999878,60,5,0.5,0.99,E[Agg(Q_xi)] - Agg(E[Q_xi]),bellman_backup,True,8x8,fixed,perturbation_seed,4000.0,2026.0,3000.0,support_restricted_tv_l1,exact_support_restricted_l1,,,,,
1,2027,400,Similarity-aware,0.008,2.168404344971009e-18,4.4885969940899884e-17,4.440892098500626e-16,4.440892098500626e-16,-3.3306690738754696e-16,5.229602674370116e-16,1.0825277535946141e-14,1.0710226277109999e-13,1.0710226277109999e-13,-8.032669707832498e-14,0.4146403617999878,60,5,0.5,0.99,E[Agg(Q_xi)] - Agg(E[Q_xi]),bellman_backup,True,8x8,fixed,perturbation_seed,4000.0,2026.0,3000.0,support_restricted_tv_l1,exact_support_restricted_l1,,,,,
1,2027,405,Similarity-aware,0.008,1.1817803680091998e-17,4.83554168928535e-17,4.440892098500626e-16,4.440892098500626e-16,-3.3306690738754696e-16,2.850133457531713e-15,1.1662013963845359e-14,1.0710226277109999e-13,1.0710226277109999e-13,-8.032669707832498e-14,0.4146403617999878,60,5,0.5,0.99,E[Agg(Q_xi)] - Agg(E[Q_xi]),bellman_backup,True,8x8,fixed,perturbation_seed,4000.0,2026.0,3000.0,support_restricted_tv_l1,exact_support_restricted_l1,,,,,
1,2027,410,Similarity-aware,0.008,9.75781955236954e-19,4.0007060164715114e-17,5.551115123125783e-16,2.7755575615628914e-16,-5.551115123125783e-16,2.3533212034665524e-16,9.648616934212864e-15,1.3387782846387497e-13,6.693891423193748e-14,-1.3387782846387497e-13,0.4146403617999878,60,5,0.5,0.99,E[Agg(Q_xi)] - Agg(E[Q_xi]),bellman_backup,True,8x8,fixed,perturbation_seed,4000.0,2026.0,3000.0,support_restricted_tv_l1,exact_support_restricted_l1,,,,,
1,2027,415,Similarity-aware,0.008,-5.421010862427522e-18,3.838075690598686e-17,3.3306690738754696e-16,3.3306690738754696e-16,-3.3306690738754696e-16,-1.3074006685925291e-15,9.256396733635106e-15,8.032669707832498e-14,8.032669707832498e-14,-8.032669707832498e-14,0.4146403617999878,60,5,0.5,0.99,E[Agg(Q_xi)] - Agg(E[Q_xi]),bellman_backup,True,8x8,fixed,perturbation_seed,4000.0,2026.0,3000.0,support_restricted_tv_l1,exact_support_restricted_l1,,,,,
1,2027,420,Similarity-aware,0.008,-4.9873299934333204e-18,4.0766001685454967e-17,4.440892098500626e-16,4.440892098500626e-16,-3.3306690738754696e-16,-1.2028086151051267e-15,9.831653027815819e-15,1.0710226277109999e-13,1.0710226277109999e-13,-8.032669707832498e-14,0.4146403617999878,60,5,0.5,0.99,E[Agg(Q_xi)] - Agg(E[Q_xi]),bellman_backup,True,8x8,fixed,perturbation_seed,4000.0,2026.0,3000.0,support_restricted_tv_l1,exact_support_restricted_l1,,,,,
1,2027,425,Similarity-aware,0.008,6.830473686658678e-18,4.4994390158148434e-17,4.440892098500626e-16,4.440892098500626e-16,-3.3306690738754696e-16,1.6473248424265867e-15,1.0851425549317992e-14,1.0710226277109999e-13,1.0710226277109999e-13,-8.032669707832498e-14,0.4146403617999878,60,5,0.5,0.99,E[Agg(Q_xi)] - Agg(E[Q_xi]),bellman_backup,True,8x8,fixed,perturbation_seed,4000.0,2026.0,3000.0,support_restricted_tv_l1,exact_support_restricted_l1,,,,,
1,2027,430,Similarity-aware,0.008,-1.4094628242311558e-18,3.664603343001005e-17,3.3306690738754696e-16,3.3306690738754696e-16,-2.220446049250313e-16,-3.3992417383405756e-16,8.838028519685497e-15,8.032669707832498e-14,8.032669707832498e-14,-5.3551131385549994e-14,0.4146403617999878,60,5,0.5,0.99,E[Agg(Q_xi)] - Agg(E[Q_xi]),bellman_backup,True,8x8,fixed,perturbation_seed,4000.0,2026.0,3000.0,support_restricted_tv_l1,exact_support_restricted_l1,,,,,
1,2027,435,Similarity-aware,0.008,-3.686287386450715e-18,4.087442190270352e-17,6.661338147750939e-16,3.3306690738754696e-16,-6.661338147750939e-16,-8.890324546429199e-16,9.85780104118767e-15,1.6065339415664996e-13,8.032669707832498e-14,-1.6065339415664996e-13,0.4146403617999878,60,5,0.5,0.99,E[Agg(Q_xi)] - Agg(E[Q_xi]),bellman_backup,True,8x8,fixed,perturbation_seed,4000.0,2026.0,3000.0,support_restricted_tv_l1,exact_support_restricted_l1,,,,,
1,2027,440,Similarity-aware,0.008,-8.890457814381136e-18,4.358492733391728e-17,4.440892098500626e-16,4.440892098500626e-16,-4.440892098500626e-16,-2.1441370964917477e-15,1.0511501375483934e-14,1.0710226277109999e-13,1.0710226277109999e-13,-1.0710226277109999e-13,0.4146403617999878,60,5,0.5,0.99,E[Agg(Q_xi)] - Agg(E[Q_xi]),bellman_backup,True,8x8,fixed,perturbation_seed,4000.0,2026.0,3000.0,support_restricted_tv_l1,exact_support_restricted_l1,,,,,
1,2027,445,Similarity-aware,0.008,-3.469446951953614e-18,4.228388472693467e-17,5.551115123125783e-16,4.996003610813204e-16,-5.551115123125783e-16,-8.367364278992187e-16,1.0197725215021727e-14,1.3387782846387497e-13,1.2049004561748749e-13,-1.3387782846387497e-13,0.4146403617999878,60,5,0.5,0.99,E[Agg(Q_xi)] - Agg(E[Q_xi]),bellman_backup,True,8x8,fixed,perturbation_seed,4000.0,2026.0,3000.0,support_restricted_tv_l1,exact_support_restricted_l1,,,,,
1,2027,450,Similarity-aware,0.008,6.071532165918825e-18,4.607859233063394e-17,4.440892098500626e-16,4.440892098500626e-16,-3.3306690738754696e-16,1.4642887488236325e-15,1.1112905683036498e-14,1.0710226277109999e-13,1.0710226277109999e-13,-8.032669707832498e-14,0.4146403617999878,60,5,0.5,0.99,E[Agg(Q_xi)] - Agg(E[Q_xi]),bellman_backup,True,8x8,fixed,perturbation_seed,4000.0,2026.0,3000.0,support_restricted_tv_l1,exact_support_restricted_l1,,,,,
1,2027,455,Similarity-aware,0.008,5.095750210681871e-18,4.4885969940899884e-17,4.440892098500626e-16,3.3306690738754696e-16,-4.440892098500626e-16,1.2289566284769774e-15,1.0825277535946141e-14,1.0710226277109999e-13,8.032669707832498e-14,-1.0710226277109999e-13,0.4146403617999878,60,5,0.5,0.99,E[Agg(Q_xi)] - Agg(E[Q_xi]),bellman_backup,True,8x8,fixed,perturbation_seed,4000.0,2026.0,3000.0,support_restricted_tv_l1,exact_support_restricted_l1,,,,,
1,2027,460,Similarity-aware,0.008,2.710505431213761e-18,4.694595406862234e-17,4.440892098500626e-16,4.440892098500626e-16,-4.440892098500626e-16,6.537003342962646e-16,1.1322089790011301e-14,1.0710226277109999e-13,1.0710226277109999e-13,-1.0710226277109999e-13,0.4146403617999878,60,5,0.5,0.99,E[Agg(Q_xi)] - Agg(E[Q_xi]),bellman_backup,True,8x8,fixed,perturbation_seed,4000.0,2026.0,3000.0,support_restricted_tv_l1,exact_support_restricted_l1,,,,,
1,2027,465,Similarity-aware,0.008,2.8189256484623115e-18,4.217546450968612e-17,3.3306690738754696e-16,3.3306690738754696e-16,-3.3306690738754696e-16,6.798483476681151e-16,1.0171577201649877e-14,8.032669707832498e-14,8.032669707832498e-14,-8.032669707832498e-14,0.4146403617999878,60,5,0.5,0.99,E[Agg(Q_xi)] - Agg(E[Q_xi]),bellman_backup,True,8x8,fixed,perturbation_seed,4000.0,2026.0,3000.0,support_restricted_tv_l1,exact_support_restricted_l1,,,,,
1,2027,470,Similarity-aware,0.008,1.0516761073109393e-17,4.109126233720062e-17,4.440892098500626e-16,4.440892098500626e-16,-3.3306690738754696e-16,2.5363572970695065e-15,9.91009706793137e-15,1.0710226277109999e-13,1.0710226277109999e-13,-8.032669707832498e-14,0.4146403617999878,60,5,0.5,0.99,E[Agg(Q_xi)] - Agg(E[Q_xi]),bellman_backup,True,8x8,fixed,perturbation_seed,4000.0,2026.0,3000.0,support_restricted_tv_l1,exact_support_restricted_l1,,,,,
1,2027,475,Similarity-aware,0.008,1.22514845490862e-17,4.7379634937616544e-17,3.3306690738754696e-16,3.3306690738754696e-16,-3.3306690738754696e-16,2.954725511019116e-15,1.1426681843498705e-14,8.032669707832498e-14,8.032669707832498e-14,-8.032669707832498e-14,0.4146403617999878,60,5,0.5,0.99,E[Agg(Q_xi)] - Agg(E[Q_xi]),bellman_backup,True,8x8,fixed,perturbation_seed,4000.0,2026.0,3000.0,support_restricted_tv_l1,exact_support_restricted_l1,,,,,
1,2027,480,Similarity-aware,0.008,3.0357660829594124e-18,4.3151246464923076e-17,3.3306690738754696e-16,3.3306690738754696e-16,-3.3306690738754696e-16,7.321443744118162e-16,1.040690932199653e-14,8.032669707832498e-14,8.032669707832498e-14,-8.032669707832498e-14,0.4146403617999878,60,5,0.5,0.99,E[Agg(Q_xi)] - Agg(E[Q_xi]),bellman_backup,True,8x8,fixed,perturbation_seed,4000.0,2026.0,3000.0,support_restricted_tv_l1,exact_support_restricted_l1,,,,,
1,2027,485,Similarity-aware,0.008,-6.505213034913027e-19,4.0332320816460765e-17,5.551115123125783e-16,3.3306690738754696e-16,-5.551115123125783e-16,-1.5688808023110348e-16,9.727060974328416e-15,1.3387782846387497e-13,8.032669707832498e-14,-1.3387782846387497e-13,0.4146403617999878,60,5,0.5,0.99,E[Agg(Q_xi)] - Agg(E[Q_xi]),bellman_backup,True,8x8,fixed,perturbation_seed,4000.0,2026.0,3000.0,support_restricted_tv_l1,exact_support_restricted_l1,,,,,
1,2027,490,Similarity-aware,0.008,7.697835424647081e-18,4.954803928258755e-17,6.661338147750939e-16,6.661338147750939e-16,-4.440892098500626e-16,1.856508949401391e-15,1.1949642110935716e-14,1.6065339415664996e-13,1.6065339415664996e-13,-1.0710226277109999e-13,0.4146403617999878,60,5,0.5,0.99,E[Agg(Q_xi)] - Agg(E[Q_xi]),bellman_backup,True,8x8,fixed,perturbation_seed,4000.0,2026.0,3000.0,support_restricted_tv_l1,exact_support_restricted_l1,,,,,
1,2027,495,Similarity-aware,0.008,-6.613633252161577e-18,3.480288973678469e-17,3.3306690738754696e-16,3.3306690738754696e-16,-3.3306690738754696e-16,-1.5950288156828856e-15,8.393512292364036e-15,8.032669707832498e-14,8.032669707832498e-14,-8.032669707832498e-14,0.4146403617999878,60,5,0.5,0.99,E[Agg(Q_xi)] - Agg(E[Q_xi]),bellman_backup,True,8x8,fixed,perturbation_seed,4000.0,2026.0,3000.0,support_restricted_tv_l1,exact_support_restricted_l1,,,,,
1,2027,500,Similarity-aware,0.008,-1.2468324983583301e-17,3.447762908503904e-17,4.440892098500626e-16,4.440892098500626e-16,-4.440892098500626e-16,-3.0070215377628167e-15,8.315068252248485e-15,1.0710226277109999e-13,1.0710226277109999e-13,-1.0710226277109999e-13,0.4146403617999878,60,5,0.5,0.99,E[Agg(Q_xi)] - Agg(E[Q_xi]),bellman_backup,True,8x8,fixed,perturbation_seed,4000.0,2026.0,3000.0,support_restricted_tv_l1,exact_support_restricted_l1,,,,,
1,2027,-1,metadata,,,,,,,,,,,,0.4146403617999878,60,5,0.5,0.99,,,,8x8,fixed,perturbation_seed,,,,support_restricted_tv_l1,exact_support_restricted_l1,0.0,0.01,0.025909340703001105,0.009576237659404152,0.38495032281059965
1,2027,-1,metadata,,,,,,,,,,,,0.4146403617999878,60,5,0.5,0.99,,,,8x8,fixed,perturbation_seed,,,,support_restricted_tv_l1,exact_support_restricted_l1,1.0,0.015,0.03692224944088224,0.013489636075259796,0.27013315915552244
1,2027,-1,metadata,,,,,,,,,,,,0.4146403617999878,60,5,0.5,0.99,,,,8x8,fixed,perturbation_seed,,,,support_restricted_tv_l1,exact_support_restricted_l1,2.0,0.02,0.048680040014688175,0.018635471244670184,0.20488867975588557
1,2027,-1,metadata,,,,,,,,,,,,0.4146403617999878,60,5,0.5,0.99,,,,8x8,fixed,perturbation_seed,,,,support_restricted_tv_l1,exact_support_restricted_l1,3.0,0.03,0.07122907925003802,0.03090245203034733,0.14002783827799226
2,2028,5,Maximum-based,0.008,0.0028223275550282143,0.0028223275550282143,0.0039699215969878415,0.0039699215969878415,0.0,0.6806687951882588,0.6806687951882588,0.9574373270740182,0.9574373270740182,0.0,0.4146403617999878,60,5,0.5,0.99,E[Agg(Q_xi)] - Agg(E[Q_xi]),bellman_backup,True,8x8,fixed,perturbation_seed,5000.0,2026.0,3000.0,support_restricted_tv_l1,exact_support_restricted_l1,,,,,
2,2028,10,Maximum-based,0.008,0.0027754458353635427,0.0027754458353635427,0.004047397561307958,0.004047397561307958,0.0,0.6693621969928601,0.6693621969928601,0.9761224266103457,0.9761224266103457,0.0,0.4146403617999878,60,5,0.5,0.99,E[Agg(Q_xi)] - Agg(E[Q_xi]),bellman_backup,True,8x8,fixed,perturbation_seed,5000.0,2026.0,3000.0,support_restricted_tv_l1,exact_support_restricted_l1,,,,,
2,2028,15,Maximum-based,0.008,0.002735914810730943,0.002735914810730943,0.004036969406560925,0.004036969406560925,0.0,0.6598283869071773,0.6598283869071773,0.9736074387539385,0.9736074387539385,0.0,0.4146403617999878,60,5,0.5,0.99,E[Agg(Q_xi)] - Agg(E[Q_xi]),bellman_backup,True,8x8,fixed,perturbation_seed,5000.0,2026.0,3000.0,support_restricted_tv_l1,exact_support_restricted_l1,,,,,
2,2028,20,Maximum-based,0.008,0.0027181414193770894,0.0027181414193770894,0.004370245267381848,0.004370245267381848,0.0,0.6555419273650579,0.6555419273650579,1.0539845297284265,1.0539845297284265,0.0,0.4146403617999878,60,5,0.5,0.99,E[Agg(Q_xi)] - Agg(E[Q_xi]),bellman_backup,True,8x8,fixed,perturbation_seed,5000.0,2026.0,3000.0,support_restricted_tv_l1,exact_support_restricted_l1,,,,,
2,2028,25,Maximum-based,0.008,0.002669831886687599,0.002669831886687599,0.003987686727762743,0.003987686727762743,5.517529538323629e-05,0.6438909794255532,0.6438909794255532,0.9617217943887247,0.9617217943887247,0.013306783532533062,0.4146403617999878,60,5,0.5,0.99,E[Agg(Q_xi)] - Agg(E[Q_xi]),bellman_backup,True,8x8,fixed,perturbation_seed,5000.0,2026.0,3000.0,support_restricted_tv_l1,exact_support_restricted_l1,,,,,
2,2028,30,Maximum-based,0.008,0.0026200838532642627,0.0026200838532642627,0.004168551222517344,0.004168551222517344,0.0,0.6318931041566392,0.6318931041566392,1.0053414010207116,1.0053414010207116,0.0,0.4146403617999878,60,5,0.5,0.99,E[Agg(Q_xi)] - Agg(E[Q_xi]),bellman_backup,True,8x8,fixed,perturbation_seed,5000.0,2026.0,3000.0,support_restricted_tv_l1,exact_support_restricted_l1,,,,,
2,2028,35,Maximum-based,0.008,0.00263442905706915,0.00263442905706915,0.004216511773890916,0.004216511773890916,6.52463346884069e-06,0.6353527779188879,0.6353527779188879,1.0169081841397911,1.0169081841397911,0.0015735644838135684,0.4146403617999878,60,5,0.5,0.99,E[Agg(Q_xi)] - Agg(E[Q_xi]),bellman_backup,True,8x8,fixed,perturbation_seed,5000.0,2026.0,3000.0,support_restricted_tv_l1,exact_support_restricted_l1,,,,,
2,2028,40,Maximum-based,0.008,0.0026095577466136288,0.0026095577466136288,0.004063175396458341,0.004063175396458341,7.949041752608466e-07,0.6293544929599532,0.6293544929599532,0.979927612164856,0.979927612164856,0.00019170930967986387,0.4146403617999878,60,5,0.5,0.99,E[Agg(Q_xi)] - Agg(E[Q_xi]),bellman_backup,True,8x8,fixed,perturbation_seed,5000.0,2026.0,3000.0,support_restricted_tv_l1,exact_support_restricted_l1,,,,,
2,2028,45,Maximum-based,0.008,0.002607028827301954,0.002607028827301954,0.003991959612275095,0.003991959612275095,4.078606292989839e-05,0.6287445862685986,0.6287445862685986,0.9627522981471632,0.9627522981471632,0.009836491255420179,0.4146403617999878,60,5,0.5,0.99,E[Agg(Q_xi)] - Agg(E[Q_xi]),bellman_backup,True,8x8,fixed,perturbation_seed,5000.0,2026.0,3000.0,support_restricted_tv_l1,exact_support_restricted_l1,,,,,
2,2028,50,Maximum-based,0.008,0.0026229839486382935,0.0026229839486382935,0.004248131286248971,0.004248131286248971,0.0,0.6325925284387909,0.6325925284387909,1.02453395222006,1.02453395222006,0.0,0.4146403617999878,60,5,0.5,0.99,E[Agg(Q_xi)] - Agg(E[Q_xi]),bellman_backup,True,8x8,fixed,perturbation_seed,5000.0,2026.0,3000.0,support_restricted_tv_l1,exact_support_restricted_l1,,,,,
2,2028,55,Maximum-based,0.008,0.00258112611676271,0.00258112611676271,0.0040478660914634035,0.0040478660914634035,1.8073952386954417e-06,0.622497555606461,0.622497555606461,0.9762354233657536,0.9762354233657536,0.0004358946704680149,0.4146403617999878,60,5,0.5,0.99,E[Agg(Q_xi)] - Agg(E[Q_xi]),bellman_backup,True,8x8,fixed,perturbation_seed,5000.0,2026.0,3000.0,support_restricted_tv_l1,exact_support_restricted_l1,,,,,
2,2028,60,Maximum-based,0.008,0.0025850393860634177,0.0025850393860634177,0.004206197646284188,0.004206197646284188,3.600231587230773e-05,0.6234413299374787,0.6234413299374787,1.014420696534399,1.014420696534399,0.00868278131825342,0.4146403617999878,60,5,0.5,0.99,E[Agg(Q_xi)] - Agg(E[Q_xi]),bellman_backup,True,8x8,fixed,perturbation_seed,5000.0,2026.0,3000.0,support_restricted_tv_l1,exact_support_restricted_l1,,,,,
2,2028,65,Maximum-based,0.008,0.002590171425665842,0.002590171425665842,0.003930841498365867,0.003930841498365867,2.545216209570711e-05,0.6246790385821813,0.6246790385821813,0.9480122681018707,0.9480122681018707,0.00613837060753497,0.4146403617999878,60,5,0.5,0.99,E[Agg(Q_xi)] - Agg(E[Q_xi]),bellman_backup,True,8x8,fixed,perturbation_seed,5000.0,2026.0,3000.0,support_restricted_tv_l1,exact_support_restricted_l1,,,,,
2,2028,70,Maximum-based,0.008,0.0025996610189522127,0.0025996610189522127,0.0042472652403477,0.0042472652403477,0.0,0.6269676708911962,0.6269676708911962,1.0243250854571835,1.0243250854571835,0.0,0.4146403617999878,60,5,0.5,0.99,E[Agg(Q_xi)] - Agg(E[Q_xi]),bellman_backup,True,8x8,fixed,perturbation_seed,5000.0,2026.0,3000.0,support_restricted_tv_l1,exact_support_restricted_l1,,,,,
2,2028,75,Maximum-based,0.008,0.0025640554567262124,0.0025640554567262124,0.004065123597634113,0.004065123597634113,0.0,0.6183805757826946,0.6183805757826946,0.9803974654052195,0.9803974654052195,0.0,0.4146403617999878,60,5,0.5,0.99,E[Agg(Q_xi)] - Agg(E[Q_xi]),bellman_backup,True,8x8,fixed,perturbation_seed,5000.0,2026.0,3000.0,support_restricted_tv_l1,exact_support_restricted_l1,,,,,
2,2028,80,Maximum-based,0.008,0.002527439705195783,0.002527439705195783,0.003941913993981444,0.003941913993981444,2.1844288523475974e-05,0.6095498504351965,0.6095498504351965,0.9506826534853655,0.9506826534853655,0.0052682494363665245,0.4146403617999878,60,5,0.5,0.99,E[Agg(Q_xi)] - Agg(E[Q_xi]),bellman_backup,True,8x8,fixed,perturbation_seed,5000.0,2026.0,3000.0,support_restricted_tv_l1,exact_support_restricted_l1,,,,,
2,2028,85,Maximum-based,0.008,0.0025168794256057204,0.0025168794256057204,0.0039061361369928937,0.0039061361369928937,3.923426277863129e-06,0.6070029976531326,0.6070029976531326,0.9420540055570172,0.9420540055570172,0.0009462239182001515,0.4146403617999878,60,5,0.5,0.99,E[Agg(Q_xi)] - Agg(E[Q_xi]),bellman_backup,True,8x8,fixed,perturbation_seed,5000.0,2026.0,3000.0,support_restricted_tv_l1,exact_support_restricted_l1,,,,,
2,2028,90,Maximum-based,0.008,0.0025481337724562,0.0025481337724562,0.003996583801856968,0.003996583801856968,1.1022729517695673e-05,0.614540697725263,0.614540697725263,0.9638675271523182,0.9638675271523182,0.002658383151569013,0.4146403617999878,60,5,0.5,0.99,E[Agg(Q_xi)] - Agg(E[Q_xi]),bellman_backup,True,8x8,fixed,perturbation_seed,5000.0,2026.0,3000.0,support_restricted_tv_l1,exact_support_restricted_l1,,,,,
2,2028,95,Maximum-based,0.008,0.0025411461713327503,0.0025411461713327503,0.004182139144228769,0.004182139144228769,0.0,0.6128554780102512,0.6128554780102512,1.008618438898172,1.008618438898172,0.0,0.4146403617999878,60,5,0.5,0.99,E[Agg(Q_xi)] - Agg(E[Q_xi]),bellman_backup,True,8x8,fixed,perturbation_seed,5000.0,2026.0,3000.0,support_restricted_tv_l1,exact_support_restricted_l1,,,,,
2,2028,100,Maximum-based,0.008,0.002528796517754965,0.002528796517754965,0.0044273269995412645,0.0044273269995412645,0.0,0.6098770767942734,0.6098770767942734,1.0677510940618213,1.0677510940618213,0.0,0.4146403617999878,60,5,0.5,0.99,E[Agg(Q_xi)] - Agg(E[Q_xi]),bellman_backup,True,8x8,fixed,perturbation_seed,5000.0,2026.0,3000.0,support_restricted_tv_l1,exact_support_restricted_l1,,,,,
2,2028,105,Maximum-based,0.008,0.0025209773762611054,0.0025209773762611054,0.004067087809940251,0.004067087809940251,1.838561046996201e-05,0.6079913121137884,0.6079913121137884,0.9808711800956108,0.9808711800956108,0.004434110174453005,0.4146403617999878,60,5,0.5,0.99,E[Agg(Q_xi)] - Agg(E[Q_xi]),bellman_backup,True,8x8,fixed,perturbation_seed,5000.0,2026.0,3000.0,support_restricted_tv_l1,exact_support_restricted_l1,,,,,
2,2028,110,Maximum-based,0.008,0.0025326341282234568,0.0025326341282234568,0.00408885287103028,0.00408885287103028,0.0,0.610802604268693,0.610802604268693,0.9861203220256306,0.9861203220256306,0.0,0.4146403617999878,60,5,0.5,0.99,E[Agg(Q_xi)] - Agg(E[Q_xi]),bellman_backup,True,8x8,fixed,perturbation_seed,5000.0,2026.0,3000.0,support_restricted_tv_l1,exact_support_restricted_l1,,,,,
2,2028,115,Maximum-based,0.008,0.002523664977912124,0.002523664977912124,0.00396237767171187,0.00396237767171187,0.0,0.6086394886780166,0.6086394886780166,0.9556179370746406,0.9556179370746406,0.0,0.4146403617999878,60,5,0.5,0.99,E[Agg(Q_xi)] - Agg(E[Q_xi]),bellman_backup,True,8x8,fixed,perturbation_seed,5000.0,2026.0,3000.0,support_restricted_tv_l1,exact_support_restricted_l1,,,,,
2,2028,120,Maximum-based,0.008,0.0024949922864253675,0.0024949922864253675,0.004051926273395456,0.004051926273395456,6.117621368040282e-05,0.6017244138014933,0.6017244138014933,0.9772146290355604,0.9772146290355604,0.014754042133002167,0.4146403617999878,60,5,0.5,0.99,E[Agg(Q_xi)] - Agg(E[Q_xi]),bellman_backup,True,8x8,fixed,perturbation_seed,5000.0,2026.0,3000.0,support_restricted_tv_l1,exact_support_restricted_l1,,,,,
2,2028,125,Maximum-based,0.008,0.0025251410317568843,0.0025251410317568843,0.004233725388879839,0.004233725388879839,2.513787562008485e-05,0.6089954727984126,0.6089954727984126,1.0210596408176207,1.0210596408176207,0.006062573240810246,0.4146403617999878,60,5,0.5,0.99,E[Agg(Q_xi)] - Agg(E[Q_xi]),bellman_backup,True,8x8,fixed,perturbation_seed,5000.0,2026.0,3000.0,support_restricted_tv_l1,exact_support_restricted_l1,,,,,
2,2028,130,Maximum-based,0.008,0.00250125147486416,0.00250125147486416,0.004100731986519612,0.004100731986519612,5.2688746296492006e-05,0.6032339601494708,0.6032339601494708,0.9889852422272638,0.9889852422272638,0.012707095389306974,0.4146403617999878,60,5,0.5,0.99,E[Agg(Q_xi)] - Agg(E[Q_xi]),bellman_backup,True,8x8,fixed,perturbation_seed,5000.0,2026.0,3000.0,support_restricted_tv_l1,exact_support_restricted_l1,,,,,
2,2028,135,Maximum-based,0.008,0.0024918985991491294,0.0024918985991491294,0.004371073416206933,0.004371073416206933,0.0,0.600978300407513,0.600978300407513,1.0541842567452298,1.0541842567452298,0.0,0.4146403617999878,60,5,0.5,0.99,E[Agg(Q_xi)] - Agg(E[Q_xi]),bellman_backup,True,8x8,fixed,perturbation_seed,5000.0,2026.0,3000.0,support_restricted_tv_l1,exact_support_restricted_l1,,,,,
2,2028,140,Maximum-based,0.008,0.002509983713882397,0.002509983713882397,0.004105179129856307,0.004105179129856307,0.0,0.6053399391671259,0.6053399391671259,0.9900577724839394,0.9900577724839394,0.0,0.4146403617999878,60,5,0.5,0.99,E[Agg(Q_xi)] - Agg(E[Q_xi]),bellman_backup,True,8x8,fixed,perturbation_seed,5000.0,2026.0,3000.0,support_restricted_tv_l1,exact_support_restricted_l1,,,,,
2,2028,145,Maximum-based,0.008,0.002502313089237946,0.002502313089237946,0.003951522360244625,0.003951522360244625,1.2362425632073126e-06,0.6034899927192807,0.6034899927192807,0.9529999306123365,0.9529999306123365,0.00029814814887790526,0.4146403617999878,60,5,0.5,0.99,E[Agg(Q_xi)] - Agg(E[Q_xi]),bellman_backup,True,8x8,fixed,perturbation_seed,5000.0,2026.0,3000.0,support_restricted_tv_l1,exact_support_restricted_l1,,,,,
2,2028,150,Maximum-based,0.008,0.0025122397168747604,0.0025122397168747604,0.004074878377751001,0.004074878377751001,0.0,0.6058840258504795,0.6058840258504795,0.9827500535793525,0.9827500535793525,0.0,0.4146403617999878,60,5,0.5,0.99,E[Agg(Q_xi)] - Agg(E[Q_xi]),bellman_backup,True,8x8,fixed,perturbation_seed,5000.0,2026.0,3000.0,support_restricted_tv_l1,exact_support_restricted_l1,,,,,
2,2028,155,Maximum-based,0.008,0.0025273889815773973,0.0025273889815773973,0.00413875720751436,0.00413875720751436,5.541654402363427e-06,0.6095376172753164,0.6095376172753164,0.9981558933500047,0.9981558933500047,0.001336496615598793,0.4146403617999878,60,5,0.5,0.99,E[Agg(Q_xi)] - Agg(E[Q_xi]),bellman_backup,True,8x8,fixed,perturbation_seed,5000.0,2026.0,3000.0,support_restricted_tv_l1,exact_support_restricted_l1,,,,,
2,2028,160,Maximum-based,0.008,0.0024849619198757276,0.0024849619198757276,0.003942477068969968,0.003942477068969968,3.3644832385437695e-05,0.5993053616604771,0.5993053616604771,0.950818451888126,0.950818451888126,0.00811422029427688,0.4146403617999878,60,5,0.5,0.99,E[Agg(Q_xi)] - Agg(E[Q_xi]),bellman_backup,True,8x8,fixed,perturbation_seed,5000.0,2026.0,3000.0,support_restricted_tv_l1,exact_support_restricted_l1,,,,,
2,2028,165,Maximum-based,0.008,0.0024904271772725486,0.0024904271772725486,0.0041998089888279355,0.0041998089888279355,0.0,0.6006234333921088,0.6006234333921088,1.0128799257738008,1.0128799257738008,0.0,0.4146403617999878,60,5,0.5,0.99,E[Agg(Q_xi)] - Agg(E[Q_xi]),bellman_backup,True,8x8,fixed,perturbation_seed,5000.0,2026.0,3000.0,support_restricted_tv_l1,exact_support_restricted_l1,,,,,
2,2028,170,Maximum-based,0.008,0.0024836998943112134,0.0024836998943112134,0.004175487362344132,0.004175487362344132,8.552039618803242e-06,0.5990009953515544,0.5990009953515544,1.0070142096678671,1.0070142096678671,0.0020625198139607387,0.4146403617999878,60,5,0.5,0.99,E[Agg(Q_xi)] - Agg(E[Q_xi]),bellman_backup,True,8x8,fixed,perturbation_seed,5000.0,2026.0,3000.0,support_restricted_tv_l1,exact_support_restricted_l1,,,,,
2,2028,175,Maximum-based,0.008,0.0024773693054781225,0.0024773693054781225,0.0040741695328948835,0.0040741695328948835,0.0,0.5974742291666106,0.5974742291666106,0.9825790994414001,0.9825790994414001,0.0,0.4146403617999878,60,5,0.5,0.99,E[Agg(Q_xi)] - Agg(E[Q_xi]),bellman_backup,True,8x8,fixed,perturbation_seed,5000.0,2026.0,3000.0,support_restricted_tv_l1,exact_support_restricted_l1,,,,,
2,2028,180,Maximum-based,0.008,0.002495314585159693,0.002495314585159693,0.003980228564034377,0.003980228564034377,2.8122545504549734e-05,0.6018021435075273,0.6018021435075273,0.9599230877466628,0.9599230877466628,0.006782394599133441,0.4146403617999878,60,5,0.5,0.99,E[Agg(Q_xi)] - Agg(E[Q_xi]),bellman_backup,True,8x8,fixed,perturbation_seed,5000.0,2026.0,3000.0,support_restricted_tv_l1,exact_support_restricted_l1,,,,,
2,2028,185,Maximum-based,0.008,0.0024747065252407564,0.0024747065252407564,0.004213225502901319,0.004213225502901319,0.0,0.5968320388535868,0.5968320388535868,1.0161156247817655,1.0161156247817655,0.0,0.4146403617999878,60,5,0.5,0.99,E[Agg(Q_xi)] - Agg(E[Q_xi]),bellman_backup,True,8x8,fixed,perturbation_seed,5000.0,2026.0,3000.0,support_restricted_tv_l1,exact_support_restricted_l1,,,,,
2,2028,190,Maximum-based,0.008,0.0024542316311151457,0.0024542316311151457,0.003930708512433101,0.003930708512433101,0.0,0.5918940501742582,0.5918940501742582,0.9479801955047437,0.9479801955047437,0.0,0.4146403617999878,60,5,0.5,0.99,E[Agg(Q_xi)] - Agg(E[Q_xi]),bellman_backup,True,8x8,fixed,perturbation_seed,5000.0,2026.0,3000.0,support_restricted_tv_l1,exact_support_restricted_l1,,,,,
2,2028,195,Maximum-based,0.008,0.002475706694171894,0.002475706694171894,0.004614500217300477,0.004614500217300477,0.0,0.5970732524505449,0.5970732524505449,1.1128921934344629,1.1128921934344629,0.0,0.4146403617999878,60,5,0.5,0.99,E[Agg(Q_xi)] - Agg(E[Q_xi]),bellman_backup,True,8x8,fixed,perturbation_seed,5000.0,2026.0,3000.0,support_restricted_tv_l1,exact_support_restricted_l1,,,,,
2,2028,200,Maximum-based,0.008,0.0024656832570745216,0.0024656832570745216,0.004091731436665358,0.004091731436665358,0.0,0.5946558715053181,0.5946558715053181,0.9868145539191641,0.9868145539191641,0.0,0.4146403617999878,60,5,0.5,0.99,E[Agg(Q_xi)] - Agg(E[Q_xi]),bellman_backup,True,8x8,fixed,perturbation_seed,5000.0,2026.0,3000.0,support_restricted_tv_l1,exact_support_restricted_l1,,,,,
2,2028,205,Maximum-based,0.008,0.0024669048176214937,0.0024669048176214937,0.0039266811891954245,0.0039266811891954245,1.5363166319004584e-05,0.5949504787504182,0.5949504787504182,0.9470089144600828,0.9470089144600828,0.003705178688420929,0.4146403617999878,60,5,0.5,0.99,E[Agg(Q_xi)] - Agg(E[Q_xi]),bellman_backup,True,8x8,fixed,perturbation_seed,5000.0,2026.0,3000.0,support_restricted_tv_l1,exact_support_restricted_l1,,,,,
2,2028,210,Maximum-based,0.008,0.0024410380615281953,0.0024410380615281953,0.004309755250961611,0.004309755250961611,0.0,0.5887121193246718,0.5887121193246718,1.0393959797479941,1.0393959797479941,0.0,0.4146403617999878,60,5,0.5,0.99,E[Agg(Q_xi)] - Agg(E[Q_xi]),bellman_backup,True,8x8,fixed,perturbation_seed,5000.0,2026.0,3000.0,support_restricted_tv_l1,exact_support_restricted_l1,,,,,
2,2028,215,Maximum-based,0.008,0.002474466768442402,0.002474466768442402,0.0040235590656809705,0.0040235590656809705,4.408934129496167e-05,0.5967742160219374,0.5967742160219374,0.9703732285526596,0.9703732285526596,0.010633152330749043,0.4146403617999878,60,5,0.5,0.99,E[Agg(Q_xi)] - Agg(E[Q_xi]),bellman_backup,True,8x8,fixed,perturbation_seed,5000.0,2026.0,3000.0,support_restricted_tv_l1,exact_support_restricted_l1,,,,,
2,2028,220,Maximum-based,0.008,0.0025074560209676147,0.0025074560209676147,0.004326334572473611,0.004326334572473611,0.0,0.6047303282494116,0.6047303282494116,1.0433944620568625,1.0433944620568625,0.0,0.4146403617999878,60,5,0.5,0.99,E[Agg(Q_xi)] - Agg(E[Q_xi]),bellman_backup,True,8x8,fixed,perturbation_seed,5000.0,2026.0,3000.0,support_restricted_tv_l1,exact_support_restricted_l1,,,,,
2,2028,225,Maximum-based,0.008,0.002454135002897458,0.002454135002897458,0.003993371735467488,0.003993371735467488,3.458657986588065e-05,0.5918707460710908,0.5918707460710908,0.9630928639295832,0.9630928639295832,0.00834134422315702,0.4146403617999878,60,5,0.5,0.99,E[Agg(Q_xi)] - Agg(E[Q_xi]),bellman_backup,True,8x8,fixed,perturbation_seed,5000.0,2026.0,3000.0,support_restricted_tv_l1,exact_support_restricted_l1,,,,,
2,2028,230,Maximum-based,0.008,0.002454658763116477,0.002454658763116477,0.004213145214758629,0.004213145214758629,0.0,0.591997062818632,0.591997062818632,1.016096261461142,1.016096261461142,0.0,0.4146403617999878,60,5,0.5,0.99,E[Agg(Q_xi)] - Agg(E[Q_xi]),bellman_backup,True,8x8,fixed,perturbation_seed,5000.0,2026.0,3000.0,support_restricted_tv_l1,exact_support_restricted_l1,,,,,
2,2028,235,Maximum-based,0.008,0.0024301837851032912,0.0024301837851032912,0.004197444837525044,0.004197444837525044,0.0,0.5860943624864845,0.5860943624864845,1.0123097566535952,1.0123097566535952,0.0,0.4146403617999878,60,5,0.5,0.99,E[Agg(Q_xi)] - Agg(E[Q_xi]),bellman_backup,True,8x8,fixed,perturbation_seed,5000.0,2026.0,3000.0,support_restricted_tv_l1,exact_support_restricted_l1,,,,,
2,2028,240,Maximum-based,0.008,0.002430723838261282,0.002430723838261282,0.004333318632991745,0.004333318632991745,0.0,0.5862246086486396,0.5862246086486396,1.0450788278739807,1.0450788278739807,0.0,0.4146403617999878,60,5,0.5,0.99,E[Agg(Q_xi)] - Agg(E[Q_xi]),bellman_backup,True,8x8,fixed,perturbation_seed,5000.0,2026.0,3000.0,support_restricted_tv_l1,exact_support_restricted_l1,,,,,
2,2028,245,Maximum-based,0.008,0.0024821746645291116,0.0024821746645291116,0.004296095651672882,0.004296095651672882,0.0,0.5986331513299351,0.5986331513299351,1.0361016551845503,1.0361016551845503,0.0,0.4146403617999878,60,5,0.5,0.99,E[Agg(Q_xi)] - Agg(E[Q_xi]),bellman_backup,True,8x8,fixed,perturbation_seed,5000.0,2026.0,3000.0,support_restricted_tv_l1,exact_support_restricted_l1,,,,,
2,2028,250,Maximum-based,0.008,0.002483267170576252,0.002483267170576252,0.00424638932334237,0.00424638932334237,0.0,0.5988966341328146,0.5988966341328146,1.0241138380519557,1.0241138380519557,0.0,0.4146403617999878,60,5,0.5,0.99,E[Agg(Q_xi)] - Agg(E[Q_xi]),bellman_backup,True,8x8,fixed,perturbation_seed,5000.0,2026.0,3000.0,support_restricted_tv_l1,exact_support_restricted_l1,,,,,
2,2028,255,Maximum-based,0.008,0.0024735983615882433,0.0024735983615882433,0.004089830772429914,0.004089830772429914,0.0,0.5965647798613116,0.5965647798613116,0.9863561652984344,0.9863561652984344,0.0,0.4146403617999878,60,5,0.5,0.99,E[Agg(Q_xi)] - Agg(E[Q_xi]),bellman_backup,True,8x8,fixed,perturbation_seed,5000.0,2026.0,3000.0,support_restricted_tv_l1,exact_support_restricted_l1,,,,,
2,2028,260,Maximum-based,0.008,0.002435488341027539,0.002435488341027539,0.004054759900136706,0.004054759900136706,0.0,0.5873736773851163,0.5873736773851163,0.977898022887753,0.977898022887753,0.0,0.4146403617999878,60,5,0.5,0.99,E[Agg(Q_xi)] - Agg(E[Q_xi]),bellman_backup,True,8x8,fixed,perturbation_seed,5000.0,2026.0,3000.0,support_restricted_tv_l1,exact_support_restricted_l1,,,,,
2,2028,265,Maximum-based,0.008,0.002440974327852149,0.002440974327852149,0.0041385838379565665,0.0041385838379565665,2.321830630092059e-06,0.5886967484920376,0.5886967484920376,0.9981140813187204,0.9981140813187204,0.0005599625227058942,0.4146403617999878,60,5,0.5,0.99,E[Agg(Q_xi)] - Agg(E[Q_xi]),bellman_backup,True,8x8,fixed,perturbation_seed,5000.0,2026.0,3000.0,support_restricted_tv_l1,exact_support_restricted_l1,,,,,
2,2028,270,Maximum-based,0.008,0.0024443716286117567,0.0024443716286117567,0.003949226571838882,0.003949226571838882,5.781163374407594e-05,0.5895160852167259,0.5895160852167259,0.9524462487672366,0.9524462487672366,0.013942596782694019,0.4146403617999878,60,5,0.5,0.99,E[Agg(Q_xi)] - Agg(E[Q_xi]),bellman_backup,True,8x8,fixed,perturbation_seed,5000.0,2026.0,3000.0,support_restricted_tv_l1,exact_support_restricted_l1,,,,,
2,2028,275,Maximum-based,0.008,0.0024607111261558045,0.0024607111261558045,0.00496758067826758,0.00496758067826758,1.052657652722555e-05,0.5934567284944611,0.5934567284944611,1.1980456163753344,1.1980456163753344,0.002538724518165289,0.4146403617999878,60,5,0.5,0.99,E[Agg(Q_xi)] - Agg(E[Q_xi]),bellman_backup,True,8x8,fixed,perturbation_seed,5000.0,2026.0,3000.0,support_restricted_tv_l1,exact_support_restricted_l1,,,,,
2,2028,280,Maximum-based,0.008,0.002468690815716968,0.002468690815716968,0.004153412535403633,0.004153412535403633,0.0,0.5953812130107592,0.5953812130107592,1.0016903606231986,1.0016903606231986,0.0,0.4146403617999878,60,5,0.5,0.99,E[Agg(Q_xi)] - Agg(E[Q_xi]),bellman_backup,True,8x8,fixed,perturbation_seed,5000.0,2026.0,3000.0,support_restricted_tv_l1,exact_support_restricted_l1,,,,,
2,2028,285,Maximum-based,0.008,0.0024568434058362594,0.0024568434058362594,0.004011862027312685,0.004011862027312685,0.0,0.5925239393412886,0.5925239393412886,0.9675522204102038,0.9675522204102038,0.0,0.4146403617999878,60,5,0.5,0.99,E[Agg(Q_xi)] - Agg(E[Q_xi]),bellman_backup,True,8x8,fixed,perturbation_seed,5000.0,2026.0,3000.0,support_restricted_tv_l1,exact_support_restricted_l1,,,,,
2,2028,290,Maximum-based,0.008,0.00242373885968024,0.00242373885968024,0.004025990518934097,0.004025990518934097,5.7797951559246386e-06,0.5845400214196685,0.5845400214196685,0.9709596290763741,0.9709596290763741,0.0013939297011111205,0.4146403617999878,60,5,0.5,0.99,E[Agg(Q_xi)] - Agg(E[Q_xi]),bellman_backup,True,8x8,fixed,perturbation_seed,5000.0,2026.0,3000.0,support_restricted_tv_l1,exact_support_restricted_l1,,,,,
2,2028,295,Maximum-based,0.008,0.0024468164861205476,0.0024468164861205476,0.004181460008428894,0.004181460008428894,2.1115034767871244e-05,0.5901057184830528,0.5901057184830528,1.0084546497781435,1.0084546497781435,0.005092373225850264,0.4146403617999878,60,5,0.5,0.99,E[Agg(Q_xi)] - Agg(E[Q_xi]),bellman_backup,True,8x8,fixed,perturbation_seed,5000.0,2026.0,3000.0,support_restricted_tv_l1,exact_support_restricted_l1,,,,,
2,2028,300,Maximum-based,0.008,0.002460687151289157,0.002460687151289157,0.004116352837654269,0.004116352837654269,4.0175551342058746e-05,0.5934509464074149,0.5934509464074149,0.9927525674984568,0.9927525674984568,0.009689252432554656,0.4146403617999878,60,5,0.5,0.99,E[Agg(Q_xi)] - Agg(E[Q_xi]),bellman_backup,True,8x8,fixed,perturbation_seed,5000.0,2026.0,3000.0,support_restricted_tv_l1,exact_support_restricted_l1,,,,,
2,2028,305,Maximum-based,0.008,0.002461030729404879,0.002461030729404879,0.004046760194667376,0.004046760194667376,0.0,0.5935338081226205,0.5935338081226205,0.9759687110777296,0.9759687110777296,0.0,0.4146403617999878,60,5,0.5,0.99,E[Agg(Q_xi)] - Agg(E[Q_xi]),bellman_backup,True,8x8,fixed,perturbation_seed,5000.0,2026.0,3000.0,support_restricted_tv_l1,exact_support_restricted_l1,,,,,
2,2028,310,Maximum-based,0.008,0.0024427993404908914,0.0024427993404908914,0.004232034867410417,0.004232034867410417,0.0,0.5891368920011789,0.5891368920011789,1.0206519329278043,1.0206519329278043,0.0,0.4146403617999878,60,5,0.5,0.99,E[Agg(Q_xi)] - Agg(E[Q_xi]),bellman_backup,True,8x8,fixed,perturbation_seed,5000.0,2026.0,3000.0,support_restricted_tv_l1,exact_support_restricted_l1,,,,,
2,2028,315,Maximum-based,0.008,0.002434880029255391,0.002434880029255391,0.004153118247963716,0.004153118247963716,1.7026464799840824e-05,0.5872269690980823,0.5872269690980823,1.0016193864810192,1.0016193864810192,0.004106321132348897,0.4146403617999878,60,5,0.5,0.99,E[Agg(Q_xi)] - Agg(E[Q_xi]),bellman_backup,True,8x8,fixed,perturbation_seed,5000.0,2026.0,3000.0,support_restricted_tv_l1,exact_support_restricted_l1,,,,,
2,2028,320,Maximum-based,0.008,0.0024049801825436505,0.0024049801825436505,0.004134054496708228,0.004134054496708228,0.0,0.5800159376919879,0.5800159376919879,0.9970217271569894,0.9970217271569894,0.0,0.4146403617999878,60,5,0.5,0.99,E[Agg(Q_xi)] - Agg(E[Q_xi]),bellman_backup,True,8x8,fixed,perturbation_seed,5000.0,2026.0,3000.0,support_restricted_tv_l1,exact_support_restricted_l1,,,,,
2,2028,325,Maximum-based,0.008,0.002445576368691448,0.002445576368691448,0.0038767832549255754,0.0038767832549255754,1.5153760499764246e-05,0.5898066358217036,0.5898066358217036,0.9349748871759954,0.9349748871759954,0.0036546756890671545,0.4146403617999878,60,5,0.5,0.99,E[Agg(Q_xi)] - Agg(E[Q_xi]),bellman_backup,True,8x8,fixed,perturbation_seed,5000.0,2026.0,3000.0,support_restricted_tv_l1,exact_support_restricted_l1,,,,,
2,2028,330,Maximum-based,0.008,0.002406419872929065,0.002406419872929065,0.003952706869209288,0.003952706869209288,0.0,0.5803631519330629,0.5803631519330629,0.9532856020215359,0.9532856020215359,0.0,0.4146403617999878,60,5,0.5,0.99,E[Agg(Q_xi)] - Agg(E[Q_xi]),bellman_backup,True,8x8,fixed,perturbation_seed,5000.0,2026.0,3000.0,support_restricted_tv_l1,exact_support_restricted_l1,,,,,
2,2028,335,Maximum-based,0.008,0.0024360887253657548,0.0024360887253657548,0.003980417793950919,0.003980417793950919,0.0,0.5875184737902731,0.5875184737902731,0.9599687248659534,0.9599687248659534,0.0,0.4146403617999878,60,5,0.5,0.99,E[Agg(Q_xi)] - Agg(E[Q_xi]),bellman_backup,True,8x8,fixed,perturbation_seed,5000.0,2026.0,3000.0,support_restricted_tv_l1,exact_support_restricted_l1,,,,,
2,2028,340,Maximum-based,0.008,0.002448491994668351,0.002448491994668351,0.0041593666849211175,0.0041593666849211175,4.5627386641156065e-05,0.5905098056636953,0.5905098056636953,1.0031263398635304,1.0031263398635304,0.011004087118553494,0.4146403617999878,60,5,0.5,0.99,E[Agg(Q_xi)] - Agg(E[Q_xi]),bellman_backup,True,8x8,fixed,perturbation_seed,5000.0,2026.0,3000.0,support_restricted_tv_l1,exact_support_restricted_l1,,,,,
2,2028,345,Maximum-based,0.008,0.0024427370468909906,0.0024427370468909906,0.004482891016835411,0.004482891016835411,0.0,0.5891218684758206,0.5891218684758206,1.081151626767547,1.081151626767547,0.0,0.4146403617999878,60,5,0.5,0.99,E[Agg(Q_xi)] - Agg(E[Q_xi]),bellman_backup,True,8x8,fixed,perturbation_seed,5000.0,2026.0,3000.0,support_restricted_tv_l1,exact_support_restricted_l1,,,,,
2,2028,350,Maximum-based,0.008,0.002471499303629751,0.002471499303629751,0.004303851409535375,0.004303851409535375,1.6663788595661089e-06,0.5960585440599101,0.5960585440599101,1.0379721334536762,1.0379721334536762,0.0004018853476618199,0.4146403617999878,60,5,0.5,0.99,E[Agg(Q_xi)] - Agg(E[Q_xi]),bellman_backup,True,8x8,fixed,perturbation_seed,5000.0,2026.0,3000.0,support_restricted_tv_l1,exact_support_restricted_l1,,,,,
2,2028,355,Maximum-based,0.008,0.0024746270190022187,0.0024746270190022187,0.00434482473226272,0.00434482473226272,0.0,0.5968128641070204,0.5968128641070204,1.0478537866891393,1.0478537866891393,0.0,0.4146403617999878,60,5,0.5,0.99,E[Agg(Q_xi)] - Agg(E[Q_xi]),bellman_backup,True,8x8,fixed,perturbation_seed,5000.0,2026.0,3000.0,support_restricted_tv_l1,exact_support_restricted_l1,,,,,
2,2028,360,Maximum-based,0.008,0.0024662275160504043,0.0024662275160504043,0.004680427946073651,0.004680427946073651,0.0,0.5947871319965834,0.5947871319965834,1.1287921720296425,1.1287921720296425,0.0,0.4146403617999878,60,5,0.5,0.99,E[Agg(Q_xi)] - Agg(E[Q_xi]),bellman_backup,True,8x8,fixed,perturbation_seed,5000.0,2026.0,3000.0,support_restricted_tv_l1,exact_support_restricted_l1,,,,,
2,2028,365,Maximum-based,0.008,0.0024378267733925043,0.0024378267733925043,0.003921496944740144,0.003921496944740144,4.719708388878363e-05,0.5879376437956253,0.5879376437956253,0.9457586154219536,0.9457586154219536,0.011382655485803944,0.4146403617999878,60,5,0.5,0.99,E[Agg(Q_xi)] - Agg(E[Q_xi]),bellman_backup,True,8x8,fixed,perturbation_seed,5000.0,2026.0,3000.0,support_restricted_tv_l1,exact_support_restricted_l1,,,,,
2,2028,370,Maximum-based,0.008,0.002443977320958024,0.002443977320958024,0.004307798793950324,0.004307798793950324,1.1822812544526329e-05,0.5894209889139875,0.5894209889139875,1.0389241354242063,1.0389241354242063,0.0028513414596694183,0.4146403617999878,60,5,0.5,0.99,E[Agg(Q_xi)] - Agg(E[Q_xi]),bellman_backup,True,8x8,fixed,perturbation_seed,5000.0,2026.0,3000.0,support_restricted_tv_l1,exact_support_restricted_l1,,,,,
2,2028,375,Maximum-based,0.008,0.002430388989347925,0.002430388989347925,0.004039287622098042,0.004039287622098042,6.840368311722411e-05,0.5861438521800935,0.5861438521800935,0.9741665294143492,0.9741665294143492,0.01649711157405857,0.4146403617999878,60,5,0.5,0.99,E[Agg(Q_xi)] - Agg(E[Q_xi]),bellman_backup,True,8x8,fixed,perturbation_seed,5000.0,2026.0,3000.0,support_restricted_tv_l1,exact_support_restricted_l1,,,,,
2,2028,380,Maximum-based,0.008,0.0024504001902691604,0.0024504001902691604,0.004223462080755913,0.004223462080755913,0.0,0.590970010645315,0.590970010645315,1.0185844094920036,1.0185844094920036,0.0,0.4146403617999878,60,5,0.5,0.99,E[Agg(Q_xi)] - Agg(E[Q_xi]),bellman_backup,True,8x8,fixed,perturbation_seed,5000.0,2026.0,3000.0,support_restricted_tv_l1,exact_support_restricted_l1,,,,,
2,2028,385,Maximum-based,0.008,0.002463149055910176,0.002463149055910176,0.004302693906587662,0.004302693906587662,0.0,0.5940446909744734,0.5940446909744734,1.0376929751626964,1.0376929751626964,0.0,0.4146403617999878,60,5,0.5,0.99,E[Agg(Q_xi)] - Agg(E[Q_xi]),bellman_backup,True,8x8,fixed,perturbation_seed,5000.0,2026.0,3000.0,support_restricted_tv_l1,exact_support_restricted_l1,,,,,
2,2028,390,Maximum-based,0.008,0.0024345689505827534,0.0024345689505827534,0.00406961672137357,0.00406961672137357,0.0,0.5871519453663627,0.5871519453663627,0.9814810848869199,0.9814810848869199,0.0,0.4146403617999878,60,5,0.5,0.99,E[Agg(Q_xi)] - Agg(E[Q_xi]),bellman_backup,True,8x8,fixed,perturbation_seed,5000.0,2026.0,3000.0,support_restricted_tv_l1,exact_support_restricted_l1,,,,,
2,2028,395,Maximum-based,0.008,0.002473697888522825,0.002473697888522825,0.004432706305451617,0.004432706305451617,0.0,0.5965887830563092,0.5965887830563092,1.0690484366280397,1.0690484366280397,0.0,0.4146403617999878,60,5,0.5,0.99,E[Agg(Q_xi)] - Agg(E[Q_xi]),bellman_backup,True,8x8,fixed,perturbation_seed,5000.0,2026.0,3000.0,support_restricted_tv_l1,exact_support_restricted_l1,,,,,
2,2028,400,Maximum-based,0.008,0.002451243507465338,0.002451243507465338,0.004192561390386429,0.004192561390386429,0.0,0.5911733958614855,0.5911733958614855,1.011132001763209,1.011132001763209,0.0,0.4146403617999878,60,5,0.5,0.99,E[Agg(Q_xi)] - Agg(E[Q_xi]),bellman_backup,True,8x8,fixed,perturbation_seed,5000.0,2026.0,3000.0,support_restricted_tv_l1,exact_support_restricted_l1,,,,,
2,2028,405,Maximum-based,0.008,0.0024748045666713467,0.0024748045666713467,0.004071828573119052,0.004071828573119052,0.0,0.5968556837853453,0.5968556837853453,0.9820145234879958,0.9820145234879958,0.0,0.4146403617999878,60,5,0.5,0.99,E[Agg(Q_xi)] - Agg(E[Q_xi]),bellman_backup,True,8x8,fixed,perturbation_seed,5000.0,2026.0,3000.0,support_restricted_tv_l1,exact_support_restricted_l1,,,,,
2,2028,410,Maximum-based,0.008,0.0024813950210210546,0.0024813950210210546,0.00444524714632033,0.00444524714632033,1.096489958440916e-05,0.5984451224789394,0.5984451224789394,1.0720729470288777,1.0720729470288777,0.0026444361414334175,0.4146403617999878,60,5,0.5,0.99,E[Agg(Q_xi)] - Agg(E[Q_xi]),bellman_backup,True,8x8,fixed,perturbation_seed,5000.0,2026.0,3000.0,support_restricted_tv_l1,exact_support_restricted_l1,,,,,
2,2028,415,Maximum-based,0.008,0.0024354697903702354,0.0024354697903702354,0.004104659366547747,0.004104659366547747,0.0,0.5873692034701257,0.5873692034701257,0.9899324196827063,0.9899324196827063,0.0,0.4146403617999878,60,5,0.5,0.99,E[Agg(Q_xi)] - Agg(E[Q_xi]),bellman_backup,True,8x8,fixed,perturbation_seed,5000.0,2026.0,3000.0,support_restricted_tv_l1,exact_support_restricted_l1,,,,,
2,2028,420,Maximum-based,0.008,0.0024925350863452115,0.0024925350863452115,0.00419470042190756,0.00419470042190756,2.6555629487612364e-06,0.6011318038419878,0.6011318038419878,1.0116478781028508,1.0116478781028508,0.0006404496989229943,0.4146403617999878,60,5,0.5,0.99,E[Agg(Q_xi)] - Agg(E[Q_xi]),bellman_backup,True,8x8,fixed,perturbation_seed,5000.0,2026.0,3000.0,support_restricted_tv_l1,exact_support_restricted_l1,,,,,
2,2028,425,Maximum-based,0.008,0.0024282526488386613,0.0024282526488386613,0.004308588808482727,0.004308588808482727,0.0,0.5856286248394675,0.5856286248394675,1.0391146654847565,1.0391146654847565,0.0,0.4146403617999878,60,5,0.5,0.99,E[Agg(Q_xi)] - Agg(E[Q_xi]),bellman_backup,True,8x8,fixed,perturbation_seed,5000.0,2026.0,3000.0,support_restricted_tv_l1,exact_support_restricted_l1,,,,,
2,2028,430,Maximum-based,0.008,0.0024607754520781407,0.0024607754520781407,0.004598734276944072,0.004598734276944072,0.0,0.5934722421608241,0.5934722421608241,1.10908987658138,1.10908987658138,0.0,0.4146403617999878,60,5,0.5,0.99,E[Agg(Q_xi)] - Agg(E[Q_xi]),bellman_backup,True,8x8,fixed,perturbation_seed,5000.0,2026.0,3000.0,support_restricted_tv_l1,exact_support_restricted_l1,,,,,
2,2028,435,Maximum-based,0.008,0.0023872079824491426,0.0023872079824491426,0.004115475008091285,0.004115475008091285,2.9874921396055854e-05,0.5757297654492864,0.5757297654492864,0.9925408588362383,0.9925408588362383,0.0072050200965401365,0.4146403617999878,60,5,0.5,0.99,E[Agg(Q_xi)] - Agg(E[Q_xi]),bellman_backup,True,8x8,fixed,perturbation_seed,5000.0,2026.0,3000.0,support_restricted_tv_l1,exact_support_restricted_l1,,,,,
2,2028,440,Maximum-based,0.008,0.0024383193332796604,0.0024383193332796604,0.004312107215547034,0.004312107215547034,0.0,0.5880564358700432,0.5880564358700432,1.0399632097627503,1.0399632097627503,0.0,0.4146403617999878,60,5,0.5,0.99,E[Agg(Q_xi)] - Agg(E[Q_xi]),bellman_backup,True,8x8,fixed,perturbation_seed,5000.0,2026.0,3000.0,support_restricted_tv_l1,exact_support_restricted_l1,,,,,
2,2028,445,Maximum-based,0.008,0.0024303238254843153,0.0024303238254843153,0.003939499242156752,0.003939499242156752,1.1867971744017325e-05,0.5861281364250408,0.5861281364250408,0.9501002808928352,0.9501002808928352,0.002862232632756128,0.4146403617999878,60,5,0.5,0.99,E[Agg(Q_xi)] - Agg(E[Q_xi]),bellman_backup,True,8x8,fixed,perturbation_seed,5000.0,2026.0,3000.0,support_restricted_tv_l1,exact_support_restricted_l1,,,,,
2,2028,450,Maximum-based,0.008,0.002415393390767604,0.002415393390767604,0.004100628613351698,0.004100628613351698,6.0568218712697686e-06,0.5825273208527465,0.5825273208527465,0.9889603114251909,0.9889603114251909,0.0014607410250600324,0.4146403617999878,60,5,0.5,0.99,E[Agg(Q_xi)] - Agg(E[Q_xi]),bellman_backup,True,8x8,fixed,perturbation_seed,5000.0,2026.0,3000.0,support_restricted_tv_l1,exact_support_restricted_l1,,,,,
2,2028,455,Maximum-based,0.008,0.0024241041013710303,0.0024241041013710303,0.004145978031127651,0.004145978031127651,0.0,0.5846281078011305,0.5846281078011305,0.999897359998824,0.999897359998824,0.0,0.4146403617999878,60,5,0.5,0.99,E[Agg(Q_xi)] - Agg(E[Q_xi]),bellman_backup,True,8x8,fixed,perturbation_seed,5000.0,2026.0,3000.0,support_restricted_tv_l1,exact_support_restricted_l1,,,,,
2,2028,460,Maximum-based,0.008,0.0024097393293914973,0.0024097393293914973,0.0040091455622195404,0.0040091455622195404,1.4193780282778512e-05,0.5811637147263284,0.5811637147263284,0.9668970827672229,0.9668970827672229,0.00342315451905409,0.4146403617999878,60,5,0.5,0.99,E[Agg(Q_xi)] - Agg(E[Q_xi]),bellman_backup,True,8x8,fixed,perturbation_seed,5000.0,2026.0,3000.0,support_restricted_tv_l1,exact_support_restricted_l1,,,,,
2,2028,465,Maximum-based,0.008,0.002408867061097342,0.002408867061097342,0.004159759601886748,0.004159759601886748,0.0,0.580953347291193,0.580953347291193,1.003221100770048,1.003221100770048,0.0,0.4146403617999878,60,5,0.5,0.99,E[Agg(Q_xi)] - Agg(E[Q_xi]),bellman_backup,True,8x8,fixed,perturbation_seed,5000.0,2026.0,3000.0,support_restricted_tv_l1,exact_support_restricted_l1,,,,,
2,2028,470,Maximum-based,0.008,0.002441960278829816,0.002441960278829816,0.004001818624339293,0.004001818624339293,1.4576490546258647e-05,0.5889345331045598,0.5889345331045598,0.9651300242376478,0.9651300242376478,0.0035154538460705816,0.4146403617999878,60,5,0.5,0.99,E[Agg(Q_xi)] - Agg(E[Q_xi]),bellman_backup,True,8x8,fixed,perturbation_seed,5000.0,2026.0,3000.0,support_restricted_tv_l1,exact_support_restricted_l1,,,,,
2,2028,475,Maximum-based,0.008,0.002424491869905697,0.002424491869905697,0.004407072057614647,0.004407072057614647,0.0,0.5847216270458522,0.5847216270458522,1.0628661518823652,1.0628661518823652,0.0,0.4146403617999878,60,5,0.5,0.99,E[Agg(Q_xi)] - Agg(E[Q_xi]),bellman_backup,True,8x8,fixed,perturbation_seed,5000.0,2026.0,3000.0,support_restricted_tv_l1,exact_support_restricted_l1,,,,,
2,2028,480,Maximum-based,0.008,0.002443937001498042,0.002443937001498042,0.004685181657526127,0.004685181657526127,0.0,0.5894112649546973,0.5894112649546973,1.1299386381941616,1.1299386381941616,0.0,0.4146403617999878,60,5,0.5,0.99,E[Agg(Q_xi)] - Agg(E[Q_xi]),bellman_backup,True,8x8,fixed,perturbation_seed,5000.0,2026.0,3000.0,support_restricted_tv_l1,exact_support_restricted_l1,,,,,
2,2028,485,Maximum-based,0.008,0.0024019817766460705,0.0024019817766460705,0.004207235869003789,0.004207235869003789,0.0,0.5792928035801606,0.5792928035801606,1.0146710876721776,1.0146710876721776,0.0,0.4146403617999878,60,5,0.5,0.99,E[Agg(Q_xi)] - Agg(E[Q_xi]),bellman_backup,True,8x8,fixed,perturbation_seed,5000.0,2026.0,3000.0,support_restricted_tv_l1,exact_support_restricted_l1,,,,,
2,2028,490,Maximum-based,0.008,0.0024095186065014153,0.0024095186065014153,0.0041474267454842395,0.0041474267454842395,3.4900803994486473e-05,0.5811104823566856,0.5811104823566856,1.0002467505767938,1.0002467505767938,0.008417126553473767,0.4146403617999878,60,5,0.5,0.99,E[Agg(Q_xi)] - Agg(E[Q_xi]),bellman_backup,True,8x8,fixed,perturbation_seed,5000.0,2026.0,3000.0,support_restricted_tv_l1,exact_support_restricted_l1,,,,,
2,2028,495,Maximum-based,0.008,0.002454801635052902,0.002454801635052902,0.004283702879445794,0.004283702879445794,0.0,0.5920315196514896,0.5920315196514896,1.0331128549208015,1.0331128549208015,0.0,0.4146403617999878,60,5,0.5,0.99,E[Agg(Q_xi)] - Agg(E[Q_xi]),bellman_backup,True,8x8,fixed,perturbation_seed,5000.0,2026.0,3000.0,support_restricted_tv_l1,exact_support_restricted_l1,,,,,
2,2028,500,Maximum-based,0.008,0.0024624330538912014,0.0024624330538912014,0.004189714619694029,0.004189714619694029,4.1135341473874654e-05,0.5938720107231187,0.5938720107231187,1.010445437946787,1.010445437946787,0.009920727759184553,0.4146403617999878,60,5,0.5,0.99,E[Agg(Q_xi)] - Agg(E[Q_xi]),bellman_backup,True,8x8,fixed,perturbation_seed,5000.0,2026.0,3000.0,support_restricted_tv_l1,exact_support_restricted_l1,,,,,
2,2028,5,Similarity-aware,0.008,2.846030702774449e-19,1.7143946852427039e-18,1.1102230246251565e-16,1.1102230246251565e-16,-5.551115123125783e-17,6.863853510110778e-17,4.134654614423873e-16,2.6775565692774997e-14,2.6775565692774997e-14,-1.3387782846387499e-14,0.4146403617999878,60,5,0.5,0.99,E[Agg(Q_xi)] - Agg(E[Q_xi]),bellman_backup,True,8x8,fixed,perturbation_seed,5000.0,2026.0,3000.0,support_restricted_tv_l1,exact_support_restricted_l1,,,,,
2,2028,10,Similarity-aware,0.008,-1.497554250745603e-18,2.6834003769016235e-18,2.220446049250313e-16,8.326672684688674e-17,-2.220446049250313e-16,-3.6116943469868616e-16,6.471633309533019e-16,5.3551131385549994e-14,2.0081674269581245e-14,-5.3551131385549994e-14,0.4146403617999878,60,5,0.5,0.99,E[Agg(Q_xi)] - Agg(E[Q_xi]),bellman_backup,True,8x8,fixed,perturbation_seed,5000.0,2026.0,3000.0,support_restricted_tv_l1,exact_support_restricted_l1,,,,,
2,2028,15,Similarity-aware,0.008,-3.97089045672816e-18,3.279711571768651e-18,4.440892098500626e-16,1.1102230246251565e-16,-4.440892098500626e-16,-9.576709897440275e-16,7.909774044984801e-16,1.0710226277109999e-13,2.6775565692774997e-14,-1.0710226277109999e-13,0.4146403617999878,60,5,0.5,0.99,E[Agg(Q_xi)] - Agg(E[Q_xi]),bellman_backup,True,8x8,fixed,perturbation_seed,5000.0,2026.0,3000.0,support_restricted_tv_l1,exact_support_restricted_l1,,,,,
2,2028,20,Similarity-aware,0.008,-3.5236570605778894e-19,5.651403824080692e-18,2.220446049250313e-16,2.220446049250313e-16,-1.1102230246251565e-16,-8.498104345851439e-17,1.3629651970077116e-15,5.3551131385549994e-14,5.3551131385549994e-14,-2.6775565692774997e-14,0.4146403617999878,60,5,0.5,0.99,E[Agg(Q_xi)] - Agg(E[Q_xi]),bellman_backup,True,8x8,fixed,perturbation_seed,5000.0,2026.0,3000.0,support_restricted_tv_l1,exact_support_restricted_l1,,,,,
2,2028,25,Similarity-aware,0.008,1.5043305143236374e-18,7.914675859144182e-18,2.220446049250313e-16,2.220446049250313e-16,-2.220446049250313e-16,3.628036855344268e-16,1.9088049761450924e-15,5.3551131385549994e-14,5.3551131385549994e-14,-5.3551131385549994e-14,0.4146403617999878,60,5,0.5,0.99,E[Agg(Q_xi)] - Agg(E[Q_xi]),bellman_backup,True,8x8,fixed,perturbation_seed,5000.0,2026.0,3000.0,support_restricted_tv_l1,exact_support_restricted_l1,,,,,
2,2028,30,Similarity-aware,0.008,-5.2583805365546965e-18,5.908901840045999e-18,3.3306690738754696e-16,2.220446049250313e-16,-3.3306690738754696e-16,-1.2681786485347533e-15,1.4250667287658566e-15,8.032669707832498e-14,5.3551131385549994e-14,-8.032669707832498e-14,0.4146403617999878,60,5,0.5,0.99,E[Agg(Q_xi)] - Agg(E[Q_xi]),bellman_backup,True,8x8,fixed,perturbation_seed,5000.0,2026.0,3000.0,support_restricted_tv_l1,exact_support_restricted_l1,,,,,
2,2028,35,Similarity-aware,0.008,-1.111307226797642e-18,7.860465750519907e-18,2.220446049250313e-16,1.1102230246251565e-16,-2.220446049250313e-16,-2.6801713706146846e-16,1.895730969459167e-15,5.3551131385549994e-14,2.6775565692774997e-14,-5.3551131385549994e-14,0.4146403617999878,60,5,0.5,0.99,E[Agg(Q_xi)] - Agg(E[Q_xi]),bellman_backup,True,8x8,fixed,perturbation_seed,5000.0,2026.0,3000.0,support_restricted_tv_l1,exact_support_restricted_l1,,,,,
2,2028,40,Similarity-aware,0.008,-1.4907779871675686e-18,1.054386612742153e-17,4.440892098500626e-16,2.220446049250313e-16,-4.440892098500626e-16,-3.595351838629455e-16,2.542894300412469e-15,1.0710226277109999e-13,5.3551131385549994e-14,-1.0710226277109999e-13,0.4146403617999878,60,5,0.5,0.99,E[Agg(Q_xi)] - Agg(E[Q_xi]),bellman_backup,True,8x8,fixed,perturbation_seed,5000.0,2026.0,3000.0,support_restricted_tv_l1,exact_support_restricted_l1,,,,,
2,2028,45,Similarity-aware,0.008,-2.5478751053409354e-18,1.0083080204115191e-17,1.6653345369377348e-16,1.1102230246251565e-16,-1.6653345369377348e-16,-6.144783142384887e-16,2.431765243582104e-15,4.016334853916249e-14,2.6775565692774997e-14,-4.016334853916249e-14,0.4146403617999878,60,5,0.5,0.99,E[Agg(Q_xi)] - Agg(E[Q_xi]),bellman_backup,True,8x8,fixed,perturbation_seed,5000.0,2026.0,3000.0,support_restricted_tv_l1,exact_support_restricted_l1,,,,,
2,2028,50,Similarity-aware,0.008,4.9060148304969076e-18,1.4148838350935833e-17,3.3306690738754696e-16,3.3306690738754696e-16,-2.220446049250313e-16,1.1831976050762389e-15,3.4123157450265008e-15,8.032669707832498e-14,8.032669707832498e-14,-5.3551131385549994e-14,0.4146403617999878,60,5,0.5,0.99,E[Agg(Q_xi)] - Agg(E[Q_xi]),bellman_backup,True,8x8,fixed,perturbation_seed,5000.0,2026.0,3000.0,support_restricted_tv_l1,exact_support_restricted_l1,,,,,
2,2028,55,Similarity-aware,0.008,-2.927345865710862e-18,1.1438332919722072e-17,3.3306690738754696e-16,2.220446049250313e-16,-3.3306690738754696e-16,-7.059963610399657e-16,2.7586154107302362e-15,8.032669707832498e-14,5.3551131385549994e-14,-8.032669707832498e-14,0.4146403617999878,60,5,0.5,0.99,E[Agg(Q_xi)] - Agg(E[Q_xi]),bellman_backup,True,8x8,fixed,perturbation_seed,5000.0,2026.0,3000.0,support_restricted_tv_l1,exact_support_restricted_l1,,,,,
2,2028,60,Similarity-aware,0.008,4.526544070126981e-18,1.6723818510588906e-17,3.3306690738754696e-16,3.3306690738754696e-16,-2.220446049250313e-16,1.0916795582747617e-15,4.033331062607952e-15,8.032669707832498e-14,8.032669707832498e-14,-5.3551131385549994e-14,0.4146403617999878,60,5,0.5,0.99,E[Agg(Q_xi)] - Agg(E[Q_xi]),bellman_backup,True,8x8,fixed,perturbation_seed,5000.0,2026.0,3000.0,support_restricted_tv_l1,exact_support_restricted_l1,,,,,
2,2028,65,Similarity-aware,0.008,-3.2526065174565133e-19,1.5070410197548512e-17,3.3306690738754696e-16,3.3306690738754696e-16,-2.7755575615628914e-16,-7.844404011555174e-17,3.634573858687231e-15,8.032669707832498e-14,8.032669707832498e-14,-6.693891423193748e-14,0.4146403617999878,60,5,0.5,0.99,E[Agg(Q_xi)] - Agg(E[Q_xi]),bellman_backup,True,8x8,fixed,perturbation_seed,5000.0,2026.0,3000.0,support_restricted_tv_l1,exact_support_restricted_l1,,,,,
2,2028,70,Similarity-aware,0.008,-1.5178830414797062e-18,1.3444106938820255e-17,3.3306690738754696e-16,2.220446049250313e-16,-3.3306690738754696e-16,-3.660721872059081e-16,3.242353658109472e-15,8.032669707832498e-14,5.3551131385549994e-14,-8.032669707832498e-14,0.4146403617999878,60,5,0.5,0.99,E[Agg(Q_xi)] - Agg(E[Q_xi]),bellman_backup,True,8x8,fixed,perturbation_seed,5000.0,2026.0,3000.0,support_restricted_tv_l1,exact_support_restricted_l1,,,,,
2,2028,75,Similarity-aware,0.008,4.228388472693467e-18,2.0383000842727483e-17,3.3306690738754696e-16,3.3306690738754696e-16,-2.220446049250313e-16,1.0197725215021727e-15,4.9158265139079095e-15,8.032669707832498e-14,8.032669707832498e-14,-5.3551131385549994e-14,0.4146403617999878,60,5,0.5,0.99,E[Agg(Q_xi)] - Agg(E[Q_xi]),bellman_backup,True,8x8,fixed,perturbation_seed,5000.0,2026.0,3000.0,support_restricted_tv_l1,exact_support_restricted_l1,,,,,
2,2028,80,Similarity-aware,0.008,2.222614453595284e-18,2.0816681711721685e-17,3.3306690738754696e-16,3.3306690738754696e-16,-3.3306690738754696e-16,5.360342741229369e-16,5.020418567395311e-15,8.032669707832498e-14,8.032669707832498e-14,-8.032669707832498e-14,0.4146403617999878,60,5,0.5,0.99,E[Agg(Q_xi)] - Agg(E[Q_xi]),bellman_backup,True,8x8,fixed,perturbation_seed,5000.0,2026.0,3000.0,support_restricted_tv_l1,exact_support_restricted_l1,,,,,
2,2028,85,Similarity-aware,0.008,-1.734723475976807e-18,1.929879867024198e-17,3.3306690738754696e-16,3.3306690738754696e-16,-2.220446049250313e-16,-4.1836821394960933e-16,4.654346380189403e-15,8.032669707832498e-14,8.032669707832498e-14,-5.3551131385549994e-14,0.4146403617999878,60,5,0.5,0.99,E[Agg(Q_xi)] - Agg(E[Q_xi]),bellman_backup,True,8x8,fixed,perturbation_seed,5000.0,2026.0,3000.0,support_restricted_tv_l1,exact_support_restricted_l1,,,,,
2,2028,90,Similarity-aware,0.008,5.963111948670274e-19,2.168404344971009e-17,3.3306690738754696e-16,2.220446049250313e-16,-3.3306690738754696e-16,1.438140735451782e-16,5.2296026743701166e-15,8.032669707832498e-14,5.3551131385549994e-14,-8.032669707832498e-14,0.4146403617999878,60,5,0.5,0.99,E[Agg(Q_xi)] - Agg(E[Q_xi]),bellman_backup,True,8x8,fixed,perturbation_seed,5000.0,2026.0,3000.0,support_restricted_tv_l1,exact_support_restricted_l1,,,,,
2,2028,95,Similarity-aware,0.008,6.1257422745431e-18,2.4069288229178198e-17,3.3306690738754696e-16,3.3306690738754696e-16,-1.6653345369377348e-16,1.477362755509558e-15,5.804858968550829e-15,8.032669707832498e-14,8.032669707832498e-14,-4.016334853916249e-14,0.4146403617999878,60,5,0.5,0.99,E[Agg(Q_xi)] - Agg(E[Q_xi]),bellman_backup,True,8x8,fixed,perturbation_seed,5000.0,2026.0,3000.0,support_restricted_tv_l1,exact_support_restricted_l1,,,,,
2,2028,100,Similarity-aware,0.008,3.5236570605778894e-18,2.7267684638010437e-17,4.440892098500626e-16,3.3306690738754696e-16,-4.440892098500626e-16,8.498104345851439e-16,6.5762253630204214e-15,1.0710226277109999e-13,8.032669707832498e-14,-1.0710226277109999e-13,0.4146403617999878,60,5,0.5,0.99,E[Agg(Q_xi)] - Agg(E[Q_xi]),bellman_backup,True,8x8,fixed,perturbation_seed,5000.0,2026.0,3000.0,support_restricted_tv_l1,exact_support_restricted_l1,,,,,
2,2028,105,Similarity-aware,0.008,-1.0842021724855044e-17,1.8323016715005025e-17,3.3306690738754696e-16,2.220446049250313e-16,-3.3306690738754696e-16,-2.6148013371850583e-15,4.4190142598427485e-15,8.032669707832498e-14,5.3551131385549994e-14,-8.032669707832498e-14,0.4146403617999878,60,5,0.5,0.99,E[Agg(Q_xi)] - Agg(E[Q_xi]),bellman_backup,True,8x8,fixed,perturbation_seed,5000.0,2026.0,3000.0,support_restricted_tv_l1,exact_support_restricted_l1,,,,,
2,2028,110,Similarity-aware,0.008,6.2341624917916505e-18,2.5099280293039428e-17,3.3306690738754696e-16,2.220446049250313e-16,-3.3306690738754696e-16,1.5035107688814084e-15,6.05326509558341e-15,8.032669707832498e-14,5.3551131385549994e-14,-8.032669707832498e-14,0.4146403617999878,60,5,0.5,0.99,E[Agg(Q_xi)] - Agg(E[Q_xi]),bellman_backup,True,8x8,fixed,perturbation_seed,5000.0,2026.0,3000.0,support_restricted_tv_l1,exact_support_restricted_l1,,,,,
2,2028,115,Similarity-aware,0.008,4.119968255444917e-18,2.813504637599884e-17,4.440892098500626e-16,3.3306690738754696e-16,-4.440892098500626e-16,9.93624508130322e-16,6.785409469995226e-15,1.0710226277109999e-13,8.032669707832498e-14,-1.0710226277109999e-13,0.4146403617999878,60,5,0.5,0.99,E[Agg(Q_xi)] - Agg(E[Q_xi]),bellman_backup,True,8x8,fixed,perturbation_seed,5000.0,2026.0,3000.0,support_restricted_tv_l1,exact_support_restricted_l1,,,,,
2,2028,120,Similarity-aware,0.008,6.613633252161577e-18,2.7647155398380363e-17,4.440892098500626e-16,4.440892098500626e-16,-4.440892098500626e-16,1.5950288156828856e-15,6.667743409821898e-15,1.0710226277109999e-13,1.0710226277109999e-13,-1.0710226277109999e-13,0.4146403617999878,60,5,0.5,0.99,E[Agg(Q_xi)] - Agg(E[Q_xi]),bellman_backup,True,8x8,fixed,perturbation_seed,5000.0,2026.0,3000.0,support_restricted_tv_l1,exact_support_restricted_l1,,,,,
2,2028,125,Similarity-aware,0.008,-1.3010426069826053e-18,2.6020852139652106e-17,3.3306690738754696e-16,3.3306690738754696e-16,-3.3306690738754696e-16,-3.1377616046220696e-16,6.2755232092441396e-15,8.032669707832498e-14,8.032669707832498e-14,-8.032669707832498e-14,0.4146403617999878,60,5,0.5,0.99,E[Agg(Q_xi)] - Agg(E[Q_xi]),bellman_backup,True,8x8,fixed,perturbation_seed,5000.0,2026.0,3000.0,support_restricted_tv_l1,exact_support_restricted_l1,,,,,
2,2028,130,Similarity-aware,0.008,-1.8431436932253575e-18,2.4015078120553923e-17,3.3306690738754696e-16,3.3306690738754696e-16,-3.3306690738754696e-16,-4.445162273214599e-16,5.791784961864904e-15,8.032669707832498e-14,8.032669707832498e-14,-8.032669707832498e-14,0.4146403617999878,60,5,0.5,0.99,E[Agg(Q_xi)] - Agg(E[Q_xi]),bellman_backup,True,8x8,fixed,perturbation_seed,5000.0,2026.0,3000.0,support_restricted_tv_l1,exact_support_restricted_l1,,,,,
2,2028,135,Similarity-aware,0.008,-1.328147661294743e-17,2.0166160408230382e-17,3.3306690738754696e-16,3.3306690738754696e-16,-3.3306690738754696e-16,-3.2031316380516963e-15,4.863530487164208e-15,8.032669707832498e-14,8.032669707832498e-14,-8.032669707832498e-14,0.4146403617999878,60,5,0.5,0.99,E[Agg(Q_xi)] - Agg(E[Q_xi]),bellman_backup,True,8x8,fixed,perturbation_seed,5000.0,2026.0,3000.0,support_restricted_tv_l1,exact_support_restricted_l1,,,,,
2,2028,140,Similarity-aware,0.008,1.0028870095490916e-17,3.241764495731658e-17,4.440892098500626e-16,3.3306690738754696e-16,-4.440892098500626e-16,2.4186912368961787e-15,7.818255998183324e-15,1.0710226277109999e-13,8.032669707832498e-14,-1.0710226277109999e-13,0.4146403617999878,60,5,0.5,0.99,E[Agg(Q_xi)] - Agg(E[Q_xi]),bellman_backup,True,8x8,fixed,perturbation_seed,5000.0,2026.0,3000.0,support_restricted_tv_l1,exact_support_restricted_l1,,,,,
2,2028,145,Similarity-aware,0.008,-1.0299920638612292e-18,2.824346659324739e-17,5.551115123125783e-16,5.551115123125783e-16,-3.3306690738754696e-16,-2.484061270325805e-16,6.811557483367076e-15,1.3387782846387497e-13,1.3387782846387497e-13,-8.032669707832498e-14,0.4146403617999878,60,5,0.5,0.99,E[Agg(Q_xi)] - Agg(E[Q_xi]),bellman_backup,True,8x8,fixed,perturbation_seed,5000.0,2026.0,3000.0,support_restricted_tv_l1,exact_support_restricted_l1,,,,,
2,2028,150,Similarity-aware,0.008,-4.119968255444917e-18,2.6454533008646308e-17,3.3306690738754696e-16,3.3306690738754696e-16,-3.3306690738754696e-16,-9.93624508130322e-16,6.380115262731542e-15,8.032669707832498e-14,8.032669707832498e-14,-8.032669707832498e-14,0.4146403617999878,60,5,0.5,0.99,E[Agg(Q_xi)] - Agg(E[Q_xi]),bellman_backup,True,8x8,fixed,perturbation_seed,5000.0,2026.0,3000.0,support_restricted_tv_l1,exact_support_restricted_l1,,,,,
2,2028,155,Similarity-aware,0.008,4.9873299934333204e-18,3.5128150388530344e-17,6.661338147750939e-16,6.661338147750939e-16,-4.440892098500626e-16,1.2028086151051267e-15,8.471956332479589e-15,1.6065339415664996e-13,1.6065339415664996e-13,-1.0710226277109999e-13,0.4146403617999878,60,5,0.5,0.99,E[Agg(Q_xi)] - Agg(E[Q_xi]),bellman_backup,True,8x8,fixed,perturbation_seed,5000.0,2026.0,3000.0,support_restricted_tv_l1,exact_support_restricted_l1,,,,,
2,2028,160,Similarity-aware,0.008,-8.673617379884035e-19,3.187554387107383e-17,4.440892098500626e-16,3.3306690738754696e-16,-4.440892098500626e-16,-2.0918410697480466e-16,7.68751593132407e-15,1.0710226277109999e-13,8.032669707832498e-14,-1.0710226277109999e-13,0.4146403617999878,60,5,0.5,0.99,E[Agg(Q_xi)] - Agg(E[Q_xi]),bellman_backup,True,8x8,fixed,perturbation_seed,5000.0,2026.0,3000.0,support_restricted_tv_l1,exact_support_restricted_l1,,,,,
2,2028,165,Similarity-aware,0.008,-3.0357660829594124e-18,2.894819800536297e-17,3.3306690738754696e-16,3.3306690738754696e-16,-2.7755575615628914e-16,-7.321443744118162e-16,6.981519570284105e-15,8.032669707832498e-14,8.032669707832498e-14,-6.693891423193748e-14,0.4146403617999878,60,5,0.5,0.99,E[Agg(Q_xi)] - Agg(E[Q_xi]),bellman_backup,True,8x8,fixed,perturbation_seed,5000.0,2026.0,3000.0,support_restricted_tv_l1,exact_support_restricted_l1,,,,,
2,2028,170,Similarity-aware,0.008,5.421010862427522e-19,3.176712365382528e-17,3.3306690738754696e-16,3.3306690738754696e-16,-3.3306690738754696e-16,1.307400668592529e-16,7.66136791795222e-15,8.032669707832498e-14,8.032669707832498e-14,-8.032669707832498e-14,0.4146403617999878,60,5,0.5,0.99,E[Agg(Q_xi)] - Agg(E[Q_xi]),bellman_backup,True,8x8,fixed,perturbation_seed,5000.0,2026.0,3000.0,support_restricted_tv_l1,exact_support_restricted_l1,,,,,
2,2028,175,Similarity-aware,0.008,-9.75781955236954e-19,3.187554387107383e-17,3.3306690738754696e-16,2.7755575615628914e-16,-3.3306690738754696e-16,-2.3533212034665524e-16,7.68751593132407e-15,8.032669707832498e-14,6.693891423193748e-14,-8.032669707832498e-14,0.4146403617999878,60,5,0.5,0.99,E[Agg(Q_xi)] - Agg(E[Q_xi]),bellman_backup,True,8x8,fixed,perturbation_seed,5000.0,2026.0,3000.0,support_restricted_tv_l1,exact_support_restricted_l1,,,,,
2,2028,180,Similarity-aware,0.008,1.0733601507606494e-17,3.924811864397526e-17,3.3306690738754696e-16,3.3306690738754696e-16,-3.3306690738754696e-16,2.5886533238132074e-15,9.465580840609911e-15,8.032669707832498e-14,8.032669707832498e-14,-8.032669707832498e-14,0.4146403617999878,60,5,0.5,0.99,E[Agg(Q_xi)] - Agg(E[Q_xi]),bellman_backup,True,8x8,fixed,perturbation_seed,5000.0,2026.0,3000.0,support_restricted_tv_l1,exact_support_restricted_l1,,,,,
2,2028,185,Similarity-aware,0.008,-4.445228907190568e-18,3.2851325826310784e-17,3.3306690738754696e-16,3.3306690738754696e-16,-3.3306690738754696e-16,-1.0720685482458739e-15,7.922848051670726e-15,8.032669707832498e-14,8.032669707832498e-14,-8.032669707832498e-14,0.4146403617999878,60,5,0.5,0.99,E[Agg(Q_xi)] - Agg(E[Q_xi]),bellman_backup,True,8x8,fixed,perturbation_seed,5000.0,2026.0,3000.0,support_restricted_tv_l1,exact_support_restricted_l1,,,,,
2,2028,190,Similarity-aware,0.008,8.782037597132586e-18,4.0332320816460765e-17,3.3306690738754696e-16,3.3306690738754696e-16,-3.3306690738754696e-16,2.1179890831198972e-15,9.727060974328416e-15,8.032669707832498e-14,8.032669707832498e-14,-8.032669707832498e-14,0.4146403617999878,60,5,0.5,0.99,E[Agg(Q_xi)] - Agg(E[Q_xi]),bellman_backup,True,8x8,fixed,perturbation_seed,5000.0,2026.0,3000.0,support_restricted_tv_l1,exact_support_restricted_l1,,,,,
2,2028,195,Similarity-aware,0.008,-2.168404344971009e-18,2.8297676701871666e-17,3.3306690738754696e-16,2.7755575615628914e-16,-3.3306690738754696e-16,-5.229602674370116e-16,6.8246314900530015e-15,8.032669707832498e-14,6.693891423193748e-14,-8.032669707832498e-14,0.4146403617999878,60,5,0.5,0.99,E[Agg(Q_xi)] - Agg(E[Q_xi]),bellman_backup,True,8x8,fixed,perturbation_seed,5000.0,2026.0,3000.0,support_restricted_tv_l1,exact_support_restricted_l1,,,,,
2,2028,200,Similarity-aware,0.008,1.2468324983583301e-17,4.152494320619482e-17,4.440892098500626e-16,4.440892098500626e-16,-2.220446049250313e-16,3.0070215377628167e-15,1.0014689121418772e-14,1.0710226277109999e-13,1.0710226277109999e-13,-5.3551131385549994e-14,0.4146403617999878,60,5,0.5,0.99,E[Agg(Q_xi)] - Agg(E[Q_xi]),bellman_backup,True,8x8,fixed,perturbation_seed,5000.0,2026.0,3000.0,support_restricted_tv_l1,exact_support_restricted_l1,,,,,
2,2028,205,Similarity-aware,0.008,-8.565197162635485e-18,3.122502256758253e-17,4.440892098500626e-16,2.220446049250313e-16,-4.440892098500626e-16,-2.065693056376196e-15,7.530627851092968e-15,1.0710226277109999e-13,5.3551131385549994e-14,-1.0710226277109999e-13,0.4146403617999878,60,5,0.5,0.99,E[Agg(Q_xi)] - Agg(E[Q_xi]),bellman_backup,True,8x8,fixed,perturbation_seed,5000.0,2026.0,3000.0,support_restricted_tv_l1,exact_support_restricted_l1,,,,,
2,2028,210,Similarity-aware,0.008,3.144186300207963e-18,3.5344990823027445e-17,3.885780586188048e-16,3.3306690738754696e-16,-3.885780586188048e-16,7.582923877836669e-16,8.52425235922329e-15,9.371447992471248e-14,8.032669707832498e-14,-9.371447992471248e-14,0.4146403617999878,60,5,0.5,0.99,E[Agg(Q_xi)] - Agg(E[Q_xi]),bellman_backup,True,8x8,fixed,perturbation_seed,5000.0,2026.0,3000.0,support_restricted_tv_l1,exact_support_restricted_l1,,,,,
2,2028,215,Similarity-aware,0.008,-9.324138683375338e-18,3.2851325826310784e-17,4.440892098500626e-16,4.440892098500626e-16,-4.440892098500626e-16,-2.24872914997915e-15,7.922848051670726e-15,1.0710226277109999e-13,1.0710226277109999e-13,-1.0710226277109999e-13,0.4146403617999878,60,5,0.5,0.99,E[Agg(Q_xi)] - Agg(E[Q_xi]),bellman_backup,True,8x8,fixed,perturbation_seed,5000.0,2026.0,3000.0,support_restricted_tv_l1,exact_support_restricted_l1,,,,,
2,2028,220,Similarity-aware,0.008,8.998878031629687e-18,4.0657581468206416e-17,4.440892098500626e-16,4.440892098500626e-16,-4.440892098500626e-16,2.170285109863598e-15,9.805505014443969e-15,1.0710226277109999e-13,1.0710226277109999e-13,-1.0710226277109999e-13,0.4146403617999878,60,5,0.5,0.99,E[Agg(Q_xi)] - Agg(E[Q_xi]),bellman_backup,True,8x8,fixed,perturbation_seed,5000.0,2026.0,3000.0,support_restricted_tv_l1,exact_support_restricted_l1,,,,,
2,2028,225,Similarity-aware,0.008,4.662069341687669e-18,3.881443777498106e-17,4.440892098500626e-16,4.440892098500626e-16,-3.3306690738754696e-16,1.124364574989575e-15,9.360988787122508e-15,1.0710226277109999e-13,1.0710226277109999e-13,-8.032669707832498e-14,0.4146403617999878,60,5,0.5,0.99,E[Agg(Q_xi)] - Agg(E[Q_xi]),bellman_backup,True,8x8,fixed,perturbation_seed,5000.0,2026.0,3000.0,support_restricted_tv_l1,exact_support_restricted_l1,,,,,
2,2028,230,Similarity-aware,0.008,3.469446951953614e-18,3.664603343001005e-17,5.551115123125783e-16,4.440892098500626e-16,-5.551115123125783e-16,8.367364278992187e-16,8.838028519685497e-15,1.3387782846387497e-13,1.0710226277109999e-13,-1.3387782846387497e-13,0.4146403617999878,60,5,0.5,0.99,E[Agg(Q_xi)] - Agg(E[Q_xi]),bellman_backup,True,8x8,fixed,perturbation_seed,5000.0,2026.0,3000.0,support_restricted_tv_l1,exact_support_restricted_l1,,,,,
2,2028,235,Similarity-aware,0.008,-6.505213034913027e-19,3.5561831257524545e-17,4.440892098500626e-16,4.440892098500626e-16,-3.3306690738754696e-16,-1.5688808023110348e-16,8.576548385966991e-15,1.0710226277109999e-13,1.0710226277109999e-13,-8.032669707832498e-14,0.4146403617999878,60,5,0.5,0.99,E[Agg(Q_xi)] - Agg(E[Q_xi]),bellman_backup,True,8x8,fixed,perturbation_seed,5000.0,2026.0,3000.0,support_restricted_tv_l1,exact_support_restricted_l1,,,,,
2,2028,240,Similarity-aware,0.008,-2.168404344971009e-18,4.0766001685454967e-17,4.440892098500626e-16,4.440892098500626e-16,-3.3306690738754696e-16,-5.229602674370116e-16,9.831653027815819e-15,1.0710226277109999e-13,1.0710226277109999e-13,-8.032669707832498e-14,0.4146403617999878,60,5,0.5,0.99,E[Agg(Q_xi)] - Agg(E[Q_xi]),bellman_backup,True,8x8,fixed,perturbation_seed,5000.0,2026.0,3000.0,support_restricted_tv_l1,exact_support_restricted_l1,,,,,
2,2028,245,Similarity-aware,0.008,5.095750210681871e-18,3.935653886122381e-17,5.551115123125783e-16,5.551115123125783e-16,-3.3306690738754696e-16,1.2289566284769774e-15,9.491728853981762e-15,1.3387782846387497e-13,1.3387782846387497e-13,-8.032669707832498e-14,0.4146403617999878,60,5,0.5,0.99,E[Agg(Q_xi)] - Agg(E[Q_xi]),bellman_backup,True,8x8,fixed,perturbation_seed,5000.0,2026.0,3000.0,support_restricted_tv_l1,exact_support_restricted_l1,,,,,
2,2028,250,Similarity-aware,0.008,-9.75781955236954e-18,2.8297676701871666e-17,4.440892098500626e-16,3.3306690738754696e-16,-4.440892098500626e-16,-2.353321203466552e-15,6.8246314900530015e-15,1.0710226277109999e-13,8.032669707832498e-14,-1.0710226277109999e-13,0.4146403617999878,60,5,0.5,0.99,E[Agg(Q_xi)] - Agg(E[Q_xi]),bellman_backup,True,8x8,fixed,perturbation_seed,5000.0,2026.0,3000.0,support_restricted_tv_l1,exact_support_restricted_l1,,,,,
2,2028,255,Similarity-aware,0.008,1.1926223897340549e-17,4.4777549723651333e-17,4.440892098500626e-16,4.440892098500626e-16,-3.3306690738754696e-16,2.876281470903564e-15,1.079912952257429e-14,1.0710226277109999e-13,1.0710226277109999e-13,-8.032669707832498e-14,0.4146403617999878,60,5,0.5,0.99,E[Agg(Q_xi)] - Agg(E[Q_xi]),bellman_backup,True,8x8,fixed,perturbation_seed,5000.0,2026.0,3000.0,support_restricted_tv_l1,exact_support_restricted_l1,,,,,
2,2028,260,Similarity-aware,0.008,3.3610267347050637e-18,3.8055496254241206e-17,4.440892098500626e-16,3.3306690738754696e-16,-4.440892098500626e-16,8.10588414527368e-16,9.177952693519554e-15,1.0710226277109999e-13,8.032669707832498e-14,-1.0710226277109999e-13,0.4146403617999878,60,5,0.5,0.99,E[Agg(Q_xi)] - Agg(E[Q_xi]),bellman_backup,True,8x8,fixed,perturbation_seed,5000.0,2026.0,3000.0,support_restricted_tv_l1,exact_support_restricted_l1,,,,,
2,2028,265,Similarity-aware,0.008,3.144186300207963e-18,4.336808689942018e-17,4.440892098500626e-16,4.440892098500626e-16,-3.3306690738754696e-16,7.582923877836669e-16,1.0459205348740233e-14,1.0710226277109999e-13,1.0710226277109999e-13,-8.032669707832498e-14,0.4146403617999878,60,5,0.5,0.99,E[Agg(Q_xi)] - Agg(E[Q_xi]),bellman_backup,True,8x8,fixed,perturbation_seed,5000.0,2026.0,3000.0,support_restricted_tv_l1,exact_support_restricted_l1,,,,,
2,2028,270,Similarity-aware,0.008,-5.854691731421724e-18,3.65376132127615e-17,4.440892098500626e-16,3.3306690738754696e-16,-4.440892098500626e-16,-1.4119927220799314e-15,8.811880506313647e-15,1.0710226277109999e-13,8.032669707832498e-14,-1.0710226277109999e-13,0.4146403617999878,60,5,0.5,0.99,E[Agg(Q_xi)] - Agg(E[Q_xi]),bellman_backup,True,8x8,fixed,perturbation_seed,5000.0,2026.0,3000.0,support_restricted_tv_l1,exact_support_restricted_l1,,,,,
2,2028,275,Similarity-aware,0.008,4.228388472693467e-18,4.2392304944183223e-17,5.551115123125783e-16,5.551115123125783e-16,-3.3306690738754696e-16,1.0197725215021727e-15,1.0223873228393577e-14,1.3387782846387497e-13,1.3387782846387497e-13,-8.032669707832498e-14,0.4146403617999878,60,5,0.5,0.99,E[Agg(Q_xi)] - Agg(E[Q_xi]),bellman_backup,True,8x8,fixed,perturbation_seed,5000.0,2026.0,3000.0,support_restricted_tv_l1,exact_support_restricted_l1,,,,,
2,2028,280,Similarity-aware,0.008,-4.336808689942018e-19,3.957337929572091e-17,4.440892098500626e-16,4.440892098500626e-16,-3.3306690738754696e-16,-1.0459205348740233e-16,9.544024880725462e-15,1.0710226277109999e-13,1.0710226277109999e-13,-8.032669707832498e-14,0.4146403617999878,60,5,0.5,0.99,E[Agg(Q_xi)] - Agg(E[Q_xi]),bellman_backup,True,8x8,fixed,perturbation_seed,5000.0,2026.0,3000.0,support_restricted_tv_l1,exact_support_restricted_l1,,,,,
2,2028,285,Similarity-aware,0.008,-4.336808689942018e-19,3.729655473350135e-17,4.440892098500626e-16,4.440892098500626e-16,-2.7755575615628914e-16,-1.0459205348740233e-16,8.9949165999166e-15,1.0710226277109999e-13,1.0710226277109999e-13,-6.693891423193748e-14,0.4146403617999878,60,5,0.5,0.99,E[Agg(Q_xi)] - Agg(E[Q_xi]),bellman_backup,True,8x8,fixed,perturbation_seed,5000.0,2026.0,3000.0,support_restricted_tv_l1,exact_support_restricted_l1,,,,,
2,2028,290,Similarity-aware,0.008,7.26415455565288e-18,4.336808689942018e-17,4.440892098500626e-16,4.440892098500626e-16,-4.440892098500626e-16,1.7519168959139889e-15,1.0459205348740233e-14,1.0710226277109999e-13,1.0710226277109999e-13,-1.0710226277109999e-13,0.4146403617999878,60,5,0.5,0.99,E[Agg(Q_xi)] - Agg(E[Q_xi]),bellman_backup,True,8x8,fixed,perturbation_seed,5000.0,2026.0,3000.0,support_restricted_tv_l1,exact_support_restricted_l1,,,,,
2,2028,295,Similarity-aware,0.008,-8.998878031629687e-18,3.5453411040275995e-17,5.551115123125783e-16,3.3306690738754696e-16,-5.551115123125783e-16,-2.170285109863598e-15,8.55040037259514e-15,1.3387782846387497e-13,8.032669707832498e-14,-1.3387782846387497e-13,0.4146403617999878,60,5,0.5,0.99,E[Agg(Q_xi)] - Agg(E[Q_xi]),bellman_backup,True,8x8,fixed,perturbation_seed,5000.0,2026.0,3000.0,support_restricted_tv_l1,exact_support_restricted_l1,,,,,
2,2028,300,Similarity-aware,0.008,-1.0625181290357943e-17,3.133344278483108e-17,3.3306690738754696e-16,2.220446049250313e-16,-3.3306690738754696e-16,-2.562505310441357e-15,7.556775864464818e-15,8.032669707832498e-14,5.3551131385549994e-14,-8.032669707832498e-14,0.4146403617999878,60,5,0.5,0.99,E[Agg(Q_xi)] - Agg(E[Q_xi]),bellman_backup,True,8x8,fixed,perturbation_seed,5000.0,2026.0,3000.0,support_restricted_tv_l1,exact_support_restricted_l1,,,,,
2,2028,305,Similarity-aware,0.008,-7.15573433840433e-18,3.2634485391813683e-17,3.3306690738754696e-16,3.3306690738754696e-16,-3.3306690738754696e-16,-1.7257688825421384e-15,7.870552024927025e-15,8.032669707832498e-14,8.032669707832498e-14,-8.032669707832498e-14,0.4146403617999878,60,5,0.5,0.99,E[Agg(Q_xi)] - Agg(E[Q_xi]),bellman_backup,True,8x8,fixed,perturbation_seed,5000.0,2026.0,3000.0,support_restricted_tv_l1,exact_support_restricted_l1,,,,,
2,2028,310,Similarity-aware,0.008,1.0299920638612292e-17,4.683753385137379e-17,5.551115123125783e-16,3.3306690738754696e-16,-5.551115123125783e-16,2.4840612703258052e-15,1.1295941776639451e-14,1.3387782846387497e-13,8.032669707832498e-14,-1.3387782846387497e-13,0.4146403617999878,60,5,0.5,0.99,E[Agg(Q_xi)] - Agg(E[Q_xi]),bellman_backup,True,8x8,fixed,perturbation_seed,5000.0,2026.0,3000.0,support_restricted_tv_l1,exact_support_restricted_l1,,,,,
2,2028,315,Similarity-aware,0.008,-2.0599841277224584e-18,3.7947076036992655e-17,4.440892098500626e-16,4.440892098500626e-16,-4.440892098500626e-16,-4.96812254065161e-16,9.151804680147704e-15,1.0710226277109999e-13,1.0710226277109999e-13,-1.0710226277109999e-13,0.4146403617999878,60,5,0.5,0.99,E[Agg(Q_xi)] - Agg(E[Q_xi]),bellman_backup,True,8x8,fixed,perturbation_seed,5000.0,2026.0,3000.0,support_restricted_tv_l1,exact_support_restricted_l1,,,,,
2,2028,320,Similarity-aware,0.008,2.3852447794681098e-18,4.130810277169772e-17,4.440892098500626e-16,3.3306690738754696e-16,-4.440892098500626e-16,5.752562941807128e-16,9.962393094675071e-15,1.0710226277109999e-13,8.032669707832498e-14,-1.0710226277109999e-13,0.4146403617999878,60,5,0.5,0.99,E[Agg(Q_xi)] - Agg(E[Q_xi]),bellman_backup,True,8x8,fixed,perturbation_seed,5000.0,2026.0,3000.0,support_restricted_tv_l1,exact_support_restricted_l1,,,,,
2,2028,325,Similarity-aware,0.008,-7.697835424647081e-18,3.5453411040275995e-17,4.440892098500626e-16,3.3306690738754696e-16,-4.440892098500626e-16,-1.856508949401391e-15,8.55040037259514e-15,1.0710226277109999e-13,8.032669707832498e-14,-1.0710226277109999e-13,0.4146403617999878,60,5,0.5,0.99,E[Agg(Q_xi)] - Agg(E[Q_xi]),bellman_backup,True,8x8,fixed,perturbation_seed,5000.0,2026.0,3000.0,support_restricted_tv_l1,exact_support_restricted_l1,,,,,
2,2028,330,Similarity-aware,0.008,-1.3552527156068805e-17,3.144186300207963e-17,3.3306690738754696e-16,3.3306690738754696e-16,-3.3306690738754696e-16,-3.268501671481323e-15,7.582923877836669e-15,8.032669707832498e-14,8.032669707832498e-14,-8.032669707832498e-14,0.4146403617999878,60,5,0.5,0.99,E[Agg(Q_xi)] - Agg(E[Q_xi]),bellman_backup,True,8x8,fixed,perturbation_seed,5000.0,2026.0,3000.0,support_restricted_tv_l1,exact_support_restricted_l1,,,,,
2,2028,335,Similarity-aware,0.008,1.6263032587282567e-18,3.979021973021801e-17,3.3306690738754696e-16,3.3306690738754696e-16,-3.3306690738754696e-16,3.922202005777587e-16,9.596320907469163e-15,8.032669707832498e-14,8.032669707832498e-14,-8.032669707832498e-14,0.4146403617999878,60,5,0.5,0.99,E[Agg(Q_xi)] - Agg(E[Q_xi]),bellman_backup,True,8x8,fixed,perturbation_seed,5000.0,2026.0,3000.0,support_restricted_tv_l1,exact_support_restricted_l1,,,,,
2,2028,340,Similarity-aware,0.008,7.26415455565288e-18,4.434386885465713e-17,4.440892098500626e-16,4.440892098500626e-16,-4.440892098500626e-16,1.7519168959139889e-15,1.0694537469086887e-14,1.0710226277109999e-13,1.0710226277109999e-13,-1.0710226277109999e-13,0.4146403617999878,60,5,0.5,0.99,E[Agg(Q_xi)] - Agg(E[Q_xi]),bellman_backup,True,8x8,fixed,perturbation_seed,5000.0,2026.0,3000.0,support_restricted_tv_l1,exact_support_restricted_l1,,,,,
2,2028,345,Similarity-aware,0.008,-6.613633252161577e-18,3.5344990823027445e-17,4.440892098500626e-16,3.3306690738754696e-16,-4.440892098500626e-16,-1.5950288156828856e-15,8.52425235922329e-15,1.0710226277109999e-13,8.032669707832498e-14,-1.0710226277109999e-13,0.4146403617999878,60,5,0.5,0.99,E[Agg(Q_xi)] - Agg(E[Q_xi]),bellman_backup,True,8x8,fixed,perturbation_seed,5000.0,2026.0,3000.0,support_restricted_tv_l1,exact_support_restricted_l1,,,,,
2,2028,350,Similarity-aware,0.008,-3.7947076036992655e-18,4.0007060164715114e-17,4.440892098500626e-16,4.440892098500626e-16,-3.3306690738754696e-16,-9.151804680147703e-16,9.648616934212864e-15,1.0710226277109999e-13,1.0710226277109999e-13,-8.032669707832498e-14,0.4146403617999878,60,5,0.5,0.99,E[Agg(Q_xi)] - Agg(E[Q_xi]),bellman_backup,True,8x8,fixed,perturbation_seed,5000.0,2026.0,3000.0,support_restricted_tv_l1,exact_support_restricted_l1,,,,,
2,2028,355,Similarity-aware,0.008,9.75781955236954e-18,4.83554168928535e-17,4.440892098500626e-16,4.440892098500626e-16,-3.3306690738754696e-16,2.353321203466552e-15,1.1662013963845359e-14,1.0710226277109999e-13,1.0710226277109999e-13,-8.032669707832498e-14,0.4146403617999878,60,5,0.5,0.99,E[Agg(Q_xi)] - Agg(E[Q_xi]),bellman_backup,True,8x8,fixed,perturbation_seed,5000.0,2026.0,3000.0,support_restricted_tv_l1,exact_support_restricted_l1,,,,,
2,2028,360,Similarity-aware,0.008,-3.2526065174565133e-18,3.5236570605778894e-17,4.440892098500626e-16,4.440892098500626e-16,-3.3306690738754696e-16,-7.844404011555174e-16,8.49810434585144e-15,1.0710226277109999e-13,1.0710226277109999e-13,-8.032669707832498e-14,0.4146403617999878,60,5,0.5,0.99,E[Agg(Q_xi)] - Agg(E[Q_xi]),bellman_backup,True,8x8,fixed,perturbation_seed,5000.0,2026.0,3000.0,support_restricted_tv_l1,exact_support_restricted_l1,,,,,
2,2028,365,Similarity-aware,0.008,9.974659986866641e-18,4.672911363412524e-17,5.551115123125783e-16,5.551115123125783e-16,-3.3306690738754696e-16,2.4056172302102535e-15,1.12697937632676e-14,1.3387782846387497e-13,1.3387782846387497e-13,-8.032669707832498e-14,0.4146403617999878,60,5,0.5,0.99,E[Agg(Q_xi)] - Agg(E[Q_xi]),bellman_backup,True,8x8,fixed,perturbation_seed,5000.0,2026.0,3000.0,support_restricted_tv_l1,exact_support_restricted_l1,,,,,
2,2028,370,Similarity-aware,0.008,-1.3769367590565906e-17,3.3393426912553537e-17,4.440892098500626e-16,3.3306690738754696e-16,-4.440892098500626e-16,-3.3207976982250238e-15,8.053588118529979e-15,1.0710226277109999e-13,8.032669707832498e-14,-1.0710226277109999e-13,0.4146403617999878,60,5,0.5,0.99,E[Agg(Q_xi)] - Agg(E[Q_xi]),bellman_backup,True,8x8,fixed,perturbation_seed,5000.0,2026.0,3000.0,support_restricted_tv_l1,exact_support_restricted_l1,,,,,
2,2028,375,Similarity-aware,0.008,6.179952383167375e-18,4.098284211995207e-17,3.3306690738754696e-16,3.3306690738754696e-16,-3.3306690738754696e-16,1.4904367621954831e-15,9.88394905455952e-15,8.032669707832498e-14,8.032669707832498e-14,-8.032669707832498e-14,0.4146403617999878,60,5,0.5,0.99,E[Agg(Q_xi)] - Agg(E[Q_xi]),bellman_backup,True,8x8,fixed,perturbation_seed,5000.0,2026.0,3000.0,support_restricted_tv_l1,exact_support_restricted_l1,,,,,
2,2028,380,Similarity-aware,0.008,1.3877787807814457e-17,4.7921736023859296e-17,4.440892098500626e-16,4.440892098500626e-16,-3.3306690738754696e-16,3.3469457115968746e-15,1.1557421910357957e-14,1.0710226277109999e-13,1.0710226277109999e-13,-8.032669707832498e-14,0.4146403617999878,60,5,0.5,0.99,E[Agg(Q_xi)] - Agg(E[Q_xi]),bellman_backup,True,8x8,fixed,perturbation_seed,5000.0,2026.0,3000.0,support_restricted_tv_l1,exact_support_restricted_l1,,,,,
2,2028,385,Similarity-aware,0.008,7.697835424647081e-18,4.4994390158148434e-17,4.440892098500626e-16,4.440892098500626e-16,-3.3306690738754696e-16,1.856508949401391e-15,1.0851425549317992e-14,1.0710226277109999e-13,1.0710226277109999e-13,-8.032669707832498e-14,0.4146403617999878,60,5,0.5,0.99,E[Agg(Q_xi)] - Agg(E[Q_xi]),bellman_backup,True,8x8,fixed,perturbation_seed,5000.0,2026.0,3000.0,support_restricted_tv_l1,exact_support_restricted_l1,,,,,
2,2028,390,Similarity-aware,0.008,-5.9631119486702744e-18,3.5019730171281793e-17,4.440892098500626e-16,4.440892098500626e-16,-4.440892098500626e-16,-1.438140735451782e-15,8.445808319107739e-15,1.0710226277109999e-13,1.0710226277109999e-13,-1.0710226277109999e-13,0.4146403617999878,60,5,0.5,0.99,E[Agg(Q_xi)] - Agg(E[Q_xi]),bellman_backup,True,8x8,fixed,perturbation_seed,5000.0,2026.0,3000.0,support_restricted_tv_l1,exact_support_restricted_l1,,,,,
2,2028,395,Similarity-aware,0.008,-2.0708261494473135e-17,3.176712365382528e-17,3.3306690738754696e-16,3.3306690738754696e-16,-3.3306690738754696e-16,-4.994270554023461e-15,7.66136791795222e-15,8.032669707832498e-14,8.032669707832498e-14,-8.032669707832498e-14,0.4146403617999878,60,5,0.5,0.99,E[Agg(Q_xi)] - Agg(E[Q_xi]),bellman_backup,True,8x8,fixed,perturbation_seed,5000.0,2026.0,3000.0,support_restricted_tv_l1,exact_support_restricted_l1,,,,,
2,2028,400,Similarity-aware,0.008,-1.4094628242311558e-18,4.3151246464923076e-17,7.771561172376096e-16,7.771561172376096e-16,-3.3306690738754696e-16,-3.3992417383405756e-16,1.040690932199653e-14,1.8742895984942496e-13,1.8742895984942496e-13,-8.032669707832498e-14,0.4146403617999878,60,5,0.5,0.99,E[Agg(Q_xi)] - Agg(E[Q_xi]),bellman_backup,True,8x8,fixed,perturbation_seed,5000.0,2026.0,3000.0,support_restricted_tv_l1,exact_support_restricted_l1,,,,,
2,2028,405,Similarity-aware,0.008,1.919037845299343e-17,5.2692225582795515e-17,4.440892098500626e-16,4.440892098500626e-16,-4.440892098500626e-16,4.628198366817553e-15,1.2707934498719382e-14,1.0710226277109999e-13,1.0710226277109999e-13,-1.0710226277109999e-13,0.4146403617999878,60,5,0.5,0.99,E[Agg(Q_xi)] - Agg(E[Q_xi]),bellman_backup,True,8x8,fixed,perturbation_seed,5000.0,2026.0,3000.0,support_restricted_tv_l1,exact_support_restricted_l1,,,,,
2,2028,410,Similarity-aware,0.008,-1.951563910473908e-18,4.206704429243757e-17,4.440892098500626e-16,4.440892098500626e-16,-4.440892098500626e-16,-4.706642406933105e-16,1.0145429188278026e-14,1.0710226277109999e-13,1.0710226277109999e-13,-1.0710226277109999e-13,0.4146403617999878,60,5,0.5,0.99,E[Agg(Q_xi)] - Agg(E[Q_xi]),bellman_backup,True,8x8,fixed,perturbation_seed,5000.0,2026.0,3000.0,support_restricted_tv_l1,exact_support_restricted_l1,,,,,
2,2028,415,Similarity-aware,0.008,5.204170427930421e-18,4.597017211338539e-17,4.440892098500626e-16,3.3306690738754696e-16,-4.440892098500626e-16,1.2551046418488278e-15,1.1086757669664647e-14,1.0710226277109999e-13,8.032669707832498e-14,-1.0710226277109999e-13,0.4146403617999878,60,5,0.5,0.99,E[Agg(Q_xi)] - Agg(E[Q_xi]),bellman_backup,True,8x8,fixed,perturbation_seed,5000.0,2026.0,3000.0,support_restricted_tv_l1,exact_support_restricted_l1,,,,,
2,2028,420,Similarity-aware,0.008,6.071532165918825e-18,4.5211230592645535e-17,4.440892098500626e-16,4.440892098500626e-16,-3.3306690738754696e-16,1.4642887488236325e-15,1.0903721576061693e-14,1.0710226277109999e-13,1.0710226277109999e-13,-8.032669707832498e-14,0.4146403617999878,60,5,0.5,0.99,E[Agg(Q_xi)] - Agg(E[Q_xi]),bellman_backup,True,8x8,fixed,perturbation_seed,5000.0,2026.0,3000.0,support_restricted_tv_l1,exact_support_restricted_l1,,,,,
2,2028,425,Similarity-aware,0.008,1.1926223897340549e-18,4.2609145378680324e-17,3.3306690738754696e-16,3.3306690738754696e-16,-3.3306690738754696e-16,2.876281470903564e-16,1.0276169255137278e-14,8.032669707832498e-14,8.032669707832498e-14,-8.032669707832498e-14,0.4146403617999878,60,5,0.5,0.99,E[Agg(Q_xi)] - Agg(E[Q_xi]),bellman_backup,True,8x8,fixed,perturbation_seed,5000.0,2026.0,3000.0,support_restricted_tv_l1,exact_support_restricted_l1,,,,,
2,2028,430,Similarity-aware,0.008,0.0,4.5319650809894085e-17,5.551115123125783e-16,3.885780586188048e-16,-5.551115123125783e-16,0.0,1.0929869589433543e-14,1.3387782846387497e-13,9.371447992471248e-14,-1.3387782846387497e-13,0.4146403617999878,60,5,0.5,0.99,E[Agg(Q_xi)] - Agg(E[Q_xi]),bellman_backup,True,8x8,fixed,perturbation_seed,5000.0,2026.0,3000.0,support_restricted_tv_l1,exact_support_restricted_l1,,,,,
2,2028,435,Similarity-aware,0.008,-4.87890977618477e-18,3.71881345162528e-17,3.3306690738754696e-16,3.3306690738754696e-16,-3.3306690738754696e-16,-1.176660601733276e-15,8.96876858654475e-15,8.032669707832498e-14,8.032669707832498e-14,-8.032669707832498e-14,0.4146403617999878,60,5,0.5,0.99,E[Agg(Q_xi)] - Agg(E[Q_xi]),bellman_backup,True,8x8,fixed,perturbation_seed,5000.0,2026.0,3000.0,support_restricted_tv_l1,exact_support_restricted_l1,,,,,
2,2028,440,Similarity-aware,0.008,-6.938893903907228e-18,3.707971429900425e-17,3.3306690738754696e-16,3.3306690738754696e-16,-3.3306690738754696e-16,-1.6734728557984373e-15,8.942620573172899e-15,8.032669707832498e-14,8.032669707832498e-14,-8.032669707832498e-14,0.4146403617999878,60,5,0.5,0.99,E[Agg(Q_xi)] - Agg(E[Q_xi]),bellman_backup,True,8x8,fixed,perturbation_seed,5000.0,2026.0,3000.0,support_restricted_tv_l1,exact_support_restricted_l1,,,,,
2,2028,445,Similarity-aware,0.008,1.951563910473908e-18,4.4777549723651333e-17,4.440892098500626e-16,3.3306690738754696e-16,-4.440892098500626e-16,4.706642406933105e-16,1.079912952257429e-14,1.0710226277109999e-13,8.032669707832498e-14,-1.0710226277109999e-13,0.4146403617999878,60,5,0.5,0.99,E[Agg(Q_xi)] - Agg(E[Q_xi]),bellman_backup,True,8x8,fixed,perturbation_seed,5000.0,2026.0,3000.0,support_restricted_tv_l1,exact_support_restricted_l1,,,,,
2,2028,450,Similarity-aware,0.008,-1.0842021724855044e-17,3.946495907847236e-17,4.440892098500626e-16,4.440892098500626e-16,-3.3306690738754696e-16,-2.6148013371850583e-15,9.517876867353612e-15,1.0710226277109999e-13,1.0710226277109999e-13,-8.032669707832498e-14,0.4146403617999878,60,5,0.5,0.99,E[Agg(Q_xi)] - Agg(E[Q_xi]),bellman_backup,True,8x8,fixed,perturbation_seed,5000.0,2026.0,3000.0,support_restricted_tv_l1,exact_support_restricted_l1,,,,,
2,2028,455,Similarity-aware,0.008,1.951563910473908e-18,4.5319650809894085e-17,4.440892098500626e-16,3.3306690738754696e-16,-4.440892098500626e-16,4.706642406933105e-16,1.0929869589433543e-14,1.0710226277109999e-13,8.032669707832498e-14,-1.0710226277109999e-13,0.4146403617999878,60,5,0.5,0.99,E[Agg(Q_xi)] - Agg(E[Q_xi]),bellman_backup,True,8x8,fixed,perturbation_seed,5000.0,2026.0,3000.0,support_restricted_tv_l1,exact_support_restricted_l1,,,,,
2,2028,460,Similarity-aware,0.008,9.75781955236954e-19,4.0549161250957866e-17,3.3306690738754696e-16,3.3306690738754696e-16,-3.3306690738754696e-16,2.3533212034665524e-16,9.779357001072118e-15,8.032669707832498e-14,8.032669707832498e-14,-8.032669707832498e-14,0.4146403617999878,60,5,0.5,0.99,E[Agg(Q_xi)] - Agg(E[Q_xi]),bellman_backup,True,8x8,fixed,perturbation_seed,5000.0,2026.0,3000.0,support_restricted_tv_l1,exact_support_restricted_l1,,,,,
2,2028,465,Similarity-aware,0.008,-7.589415207398531e-19,3.903127820947816e-17,4.440892098500626e-16,4.440892098500626e-16,-4.440892098500626e-16,-1.8303609360295406e-16,9.413284813866209e-15,1.0710226277109999e-13,1.0710226277109999e-13,-1.0710226277109999e-13,0.4146403617999878,60,5,0.5,0.99,E[Agg(Q_xi)] - Agg(E[Q_xi]),bellman_backup,True,8x8,fixed,perturbation_seed,5000.0,2026.0,3000.0,support_restricted_tv_l1,exact_support_restricted_l1,,,,,
2,2028,470,Similarity-aware,0.008,1.1709383462843448e-17,4.90059381963448e-17,4.440892098500626e-16,4.440892098500626e-16,-3.3306690738754696e-16,2.8239854441598627e-15,1.1818902044076463e-14,1.0710226277109999e-13,1.0710226277109999e-13,-8.032669707832498e-14,0.4146403617999878,60,5,0.5,0.99,E[Agg(Q_xi)] - Agg(E[Q_xi]),bellman_backup,True,8x8,fixed,perturbation_seed,5000.0,2026.0,3000.0,support_restricted_tv_l1,exact_support_restricted_l1,,,,,
2,2028,475,Similarity-aware,0.008,1.8539857149502126e-17,5.0306980803327406e-17,5.551115123125783e-16,2.7755575615628914e-16,-5.551115123125783e-16,4.4713102865864494e-15,1.213267820453867e-14,1.3387782846387497e-13,6.693891423193748e-14,-1.3387782846387497e-13,0.4146403617999878,60,5,0.5,0.99,E[Agg(Q_xi)] - Agg(E[Q_xi]),bellman_backup,True,8x8,fixed,perturbation_seed,5000.0,2026.0,3000.0,support_restricted_tv_l1,exact_support_restricted_l1,,,,,
2,2028,480,Similarity-aware,0.008,-3.469446951953614e-18,3.946495907847236e-17,3.3306690738754696e-16,3.3306690738754696e-16,-3.3306690738754696e-16,-8.367364278992187e-16,9.517876867353612e-15,8.032669707832498e-14,8.032669707832498e-14,-8.032669707832498e-14,0.4146403617999878,60,5,0.5,0.99,E[Agg(Q_xi)] - Agg(E[Q_xi]),bellman_backup,True,8x8,fixed,perturbation_seed,5000.0,2026.0,3000.0,support_restricted_tv_l1,exact_support_restricted_l1,,,,,
2,2028,485,Similarity-aware,0.008,-1.0842021724855044e-19,4.217546450968612e-17,3.3306690738754696e-16,3.3306690738754696e-16,-3.3306690738754696e-16,-2.6148013371850583e-17,1.0171577201649877e-14,8.032669707832498e-14,8.032669707832498e-14,-8.032669707832498e-14,0.4146403617999878,60,5,0.5,0.99,E[Agg(Q_xi)] - Agg(E[Q_xi]),bellman_backup,True,8x8,fixed,perturbation_seed,5000.0,2026.0,3000.0,support_restricted_tv_l1,exact_support_restricted_l1,,,,,
2,2028,490,Similarity-aware,0.008,-3.7947076036992655e-18,4.185020385794047e-17,6.661338147750939e-16,4.440892098500626e-16,-6.661338147750939e-16,-9.151804680147703e-16,1.0093133161534325e-14,1.6065339415664996e-13,1.0710226277109999e-13,-1.6065339415664996e-13,0.4146403617999878,60,5,0.5,0.99,E[Agg(Q_xi)] - Agg(E[Q_xi]),bellman_backup,True,8x8,fixed,perturbation_seed,5000.0,2026.0,3000.0,support_restricted_tv_l1,exact_support_restricted_l1,,,,,
2,2028,495,Similarity-aware,0.008,-1.0299920638612292e-17,4.206704429243757e-17,4.440892098500626e-16,4.440892098500626e-16,-4.440892098500626e-16,-2.4840612703258052e-15,1.0145429188278026e-14,1.0710226277109999e-13,1.0710226277109999e-13,-1.0710226277109999e-13,0.4146403617999878,60,5,0.5,0.99,E[Agg(Q_xi)] - Agg(E[Q_xi]),bellman_backup,True,8x8,fixed,perturbation_seed,5000.0,2026.0,3000.0,support_restricted_tv_l1,exact_support_restricted_l1,,,,,
2,2028,500,Similarity-aware,0.008,-5.421010862427522e-18,3.7621815385247004e-17,4.440892098500626e-16,4.440892098500626e-16,-4.440892098500626e-16,-1.3074006685925291e-15,9.073360640032151e-15,1.0710226277109999e-13,1.0710226277109999e-13,-1.0710226277109999e-13,0.4146403617999878,60,5,0.5,0.99,E[Agg(Q_xi)] - Agg(E[Q_xi]),bellman_backup,True,8x8,fixed,perturbation_seed,5000.0,2026.0,3000.0,support_restricted_tv_l1,exact_support_restricted_l1,,,,,
2,2028,-1,metadata,,,,,,,,,,,,0.4146403617999878,60,5,0.5,0.99,,,,8x8,fixed,perturbation_seed,,,,support_restricted_tv_l1,exact_support_restricted_l1,0.0,0.01,0.02479062138240462,0.009477180761461493,0.39508662988538
2,2028,-1,metadata,,,,,,,,,,,,0.4146403617999878,60,5,0.5,0.99,,,,8x8,fixed,perturbation_seed,,,,support_restricted_tv_l1,exact_support_restricted_l1,1.0,0.015,0.034995550422487476,0.013777244363235089,0.27988010312795775
2,2028,-1,metadata,,,,,,,,,,,,0.4146403617999878,60,5,0.5,0.99,,,,8x8,fixed,perturbation_seed,,,,support_restricted_tv_l1,exact_support_restricted_l1,2.0,0.02,0.048113213109924335,0.019239111570142263,0.20357473412255023
2,2028,-1,metadata,,,,,,,,,,,,0.4146403617999878,60,5,0.5,0.99,,,,8x8,fixed,perturbation_seed,,,,support_restricted_tv_l1,exact_support_restricted_l1,3.0,0.03,0.08064247485842796,0.030100718630553226,0.12145853286411207
3,2029,5,Maximum-based,0.008,0.002801852141107674,0.002801852141107674,0.003995234099022961,0.003995234099022961,0.0,0.6757306811485027,0.6757306811485027,0.9635420154659624,0.9635420154659624,0.0,0.4146403617999878,60,5,0.5,0.99,E[Agg(Q_xi)] - Agg(E[Q_xi]),bellman_backup,True,8x8,fixed,perturbation_seed,6000.0,2026.0,3000.0,support_restricted_tv_l1,exact_support_restricted_l1,,,,,
3,2029,10,Maximum-based,0.008,0.0027364372419692216,0.0027364372419692216,0.004128654071488699,0.004128654071488699,0.0,0.6599543831406386,0.6599543831406386,0.995719291186674,0.995719291186674,0.0,0.4146403617999878,60,5,0.5,0.99,E[Agg(Q_xi)] - Agg(E[Q_xi]),bellman_backup,True,8x8,fixed,perturbation_seed,6000.0,2026.0,3000.0,support_restricted_tv_l1,exact_support_restricted_l1,,,,,
3,2029,15,Maximum-based,0.008,0.002708642418917764,0.002708642418917764,0.004192406090136137,0.004192406090136137,0.0,0.6532510263012807,0.6532510263012807,1.011094547558409,1.011094547558409,0.0,0.4146403617999878,60,5,0.5,0.99,E[Agg(Q_xi)] - Agg(E[Q_xi]),bellman_backup,True,8x8,fixed,perturbation_seed,6000.0,2026.0,3000.0,support_restricted_tv_l1,exact_support_restricted_l1,,,,,
3,2029,20,Maximum-based,0.008,0.0026919516928403343,0.0026919516928403343,0.0039715558252014505,0.0039715558252014505,0.0,0.6492256762352684,0.6492256762352684,0.957831458558593,0.957831458558593,0.0,0.4146403617999878,60,5,0.5,0.99,E[Agg(Q_xi)] - Agg(E[Q_xi]),bellman_backup,True,8x8,fixed,perturbation_seed,6000.0,2026.0,3000.0,support_restricted_tv_l1,exact_support_restricted_l1,,,,,
3,2029,25,Maximum-based,0.008,0.0026387711668864056,0.0026387711668864056,0.004117348316515564,0.004117348316515564,0.0,0.6363999769417727,0.6363999769417727,0.9929926499778788,0.9929926499778788,0.0,0.4146403617999878,60,5,0.5,0.99,E[Agg(Q_xi)] - Agg(E[Q_xi]),bellman_backup,True,8x8,fixed,perturbation_seed,6000.0,2026.0,3000.0,support_restricted_tv_l1,exact_support_restricted_l1,,,,,
3,2029,30,Maximum-based,0.008,0.0026039658061771487,0.0026039658061771487,0.004015650884225251,0.004015650884225251,0.0,0.6280058687179221,0.6280058687179221,0.9684659898503324,0.9684659898503324,0.0,0.4146403617999878,60,5,0.5,0.99,E[Agg(Q_xi)] - Agg(E[Q_xi]),bellman_backup,True,8x8,fixed,perturbation_seed,6000.0,2026.0,3000.0,support_restricted_tv_l1,exact_support_restricted_l1,,,,,
3,2029,35,Maximum-based,0.008,0.0026390897603176724,0.0026390897603176724,0.004071395735890888,0.004071395735890888,0.0,0.6364768130292882,0.6364768130292882,0.9819101348977763,0.9819101348977763,0.0,0.4146403617999878,60,5,0.5,0.99,E[Agg(Q_xi)] - Agg(E[Q_xi]),bellman_backup,True,8x8,fixed,perturbation_seed,6000.0,2026.0,3000.0,support_restricted_tv_l1,exact_support_restricted_l1,,,,,
3,2029,40,Maximum-based,0.008,0.002624949120236285,0.002624949120236285,0.004078515505506863,0.004078515505506863,0.0,0.6330664744843376,0.6330664744843376,0.9836272300655182,0.9836272300655182,0.0,0.4146403617999878,60,5,0.5,0.99,E[Agg(Q_xi)] - Agg(E[Q_xi]),bellman_backup,True,8x8,fixed,perturbation_seed,6000.0,2026.0,3000.0,support_restricted_tv_l1,exact_support_restricted_l1,,,,,
3,2029,45,Maximum-based,0.008,0.0025943840789291704,0.0025943840789291704,0.004024149870998611,0.004024149870998611,0.0,0.6256950161983114,0.6256950161983114,0.9705157147580729,0.9705157147580729,0.0,0.4146403617999878,60,5,0.5,0.99,E[Agg(Q_xi)] - Agg(E[Q_xi]),bellman_backup,True,8x8,fixed,perturbation_seed,6000.0,2026.0,3000.0,support_restricted_tv_l1,exact_support_restricted_l1,,,,,
3,2029,50,Maximum-based,0.008,0.002608126138471783,0.002608126138471783,0.004230137508676998,0.004230137508676998,0.0,0.6290092279366373,0.6290092279366373,1.0201943415044363,1.0201943415044363,0.0,0.4146403617999878,60,5,0.5,0.99,E[Agg(Q_xi)] - Agg(E[Q_xi]),bellman_backup,True,8x8,fixed,perturbation_seed,6000.0,2026.0,3000.0,support_restricted_tv_l1,exact_support_restricted_l1,,,,,
3,2029,55,Maximum-based,0.008,0.002554987213623363,0.002554987213623363,0.004064711268612645,0.004064711268612645,0.0,0.616193561700543,0.616193561700543,0.9802980228377671,0.9802980228377671,0.0,0.4146403617999878,60,5,0.5,0.99,E[Agg(Q_xi)] - Agg(E[Q_xi]),bellman_backup,True,8x8,fixed,perturbation_seed,6000.0,2026.0,3000.0,support_restricted_tv_l1,exact_support_restricted_l1,,,,,
3,2029,60,Maximum-based,0.008,0.0025853706544068365,0.0025853706544068365,0.004019970450347424,0.004019970450347424,0.0,0.6235212228697492,0.6235212228697492,0.9695077519459038,0.9695077519459038,0.0,0.4146403617999878,60,5,0.5,0.99,E[Agg(Q_xi)] - Agg(E[Q_xi]),bellman_backup,True,8x8,fixed,perturbation_seed,6000.0,2026.0,3000.0,support_restricted_tv_l1,exact_support_restricted_l1,,,,,
3,2029,65,Maximum-based,0.008,0.0025402675865292797,0.0025402675865292797,0.004066439939869729,0.004066439939869729,0.0,0.6126435872045282,0.6126435872045282,0.9807149314208051,0.9807149314208051,0.0,0.4146403617999878,60,5,0.5,0.99,E[Agg(Q_xi)] - Agg(E[Q_xi]),bellman_backup,True,8x8,fixed,perturbation_seed,6000.0,2026.0,3000.0,support_restricted_tv_l1,exact_support_restricted_l1,,,,,
3,2029,70,Maximum-based,0.008,0.0025395355404874012,0.0025395355404874012,0.004253911254642598,0.004253911254642598,0.0,0.6124670375703585,0.6124670375703585,1.0259279237014023,1.0259279237014023,0.0,0.4146403617999878,60,5,0.5,0.99,E[Agg(Q_xi)] - Agg(E[Q_xi]),bellman_backup,True,8x8,fixed,perturbation_seed,6000.0,2026.0,3000.0,support_restricted_tv_l1,exact_support_restricted_l1,,,,,
3,2029,75,Maximum-based,0.008,0.002555752067262585,0.002555752067262585,0.00410254128104226,0.00410254128104226,0.0,0.6163780236366415,0.6163780236366415,0.9894215949534657,0.9894215949534657,0.0,0.4146403617999878,60,5,0.5,0.99,E[Agg(Q_xi)] - Agg(E[Q_xi]),bellman_backup,True,8x8,fixed,perturbation_seed,6000.0,2026.0,3000.0,support_restricted_tv_l1,exact_support_restricted_l1,,,,,
3,2029,80,Maximum-based,0.008,0.0025108999826213606,0.0025108999826213606,0.003980814781534947,0.003980814781534947,0.0,0.6055609183151727,0.6055609183151727,0.9600644674951333,0.9600644674951333,0.0,0.4146403617999878,60,5,0.5,0.99,E[Agg(Q_xi)] - Agg(E[Q_xi]),bellman_backup,True,8x8,fixed,perturbation_seed,6000.0,2026.0,3000.0,support_restricted_tv_l1,exact_support_restricted_l1,,,,,
3,2029,85,Maximum-based,0.008,0.002498581575868165,0.002498581575868165,0.004037978554023353,0.004037978554023353,0.0,0.6025900529851019,0.6025900529851019,0.9738508177289246,0.9738508177289246,0.0,0.4146403617999878,60,5,0.5,0.99,E[Agg(Q_xi)] - Agg(E[Q_xi]),bellman_backup,True,8x8,fixed,perturbation_seed,6000.0,2026.0,3000.0,support_restricted_tv_l1,exact_support_restricted_l1,,,,,
3,2029,90,Maximum-based,0.008,0.0024556691056218704,0.0024556691056218704,0.004058121711176033,0.004058121711176033,0.0,0.5922407300055426,0.5922407300055426,0.9787088004552652,0.9787088004552652,0.0,0.4146403617999878,60,5,0.5,0.99,E[Agg(Q_xi)] - Agg(E[Q_xi]),bellman_backup,True,8x8,fixed,perturbation_seed,6000.0,2026.0,3000.0,support_restricted_tv_l1,exact_support_restricted_l1,,,,,
3,2029,95,Maximum-based,0.008,0.002439904339067599,0.002439904339067599,0.003968082826600022,0.003968082826600022,0.0,0.5884386962416718,0.5884386962416718,0.9569938655692488,0.9569938655692488,0.0,0.4146403617999878,60,5,0.5,0.99,E[Agg(Q_xi)] - Agg(E[Q_xi]),bellman_backup,True,8x8,fixed,perturbation_seed,6000.0,2026.0,3000.0,support_restricted_tv_l1,exact_support_restricted_l1,,,,,
3,2029,100,Maximum-based,0.008,0.0024722771847857728,0.0024722771847857728,0.004080458790540115,0.004080458790540115,0.0,0.5962461478794333,0.5962461478794333,0.9840958976657527,0.9840958976657527,0.0,0.4146403617999878,60,5,0.5,0.99,E[Agg(Q_xi)] - Agg(E[Q_xi]),bellman_backup,True,8x8,fixed,perturbation_seed,6000.0,2026.0,3000.0,support_restricted_tv_l1,exact_support_restricted_l1,,,,,
3,2029,105,Maximum-based,0.008,0.002466655827148295,0.002466655827148295,0.004050857206499836,0.004050857206499836,0.0,0.5948904290070411,0.5948904290070411,0.9769567991197801,0.9769567991197801,0.0,0.4146403617999878,60,5,0.5,0.99,E[Agg(Q_xi)] - Agg(E[Q_xi]),bellman_backup,True,8x8,fixed,perturbation_seed,6000.0,2026.0,3000.0,support_restricted_tv_l1,exact_support_restricted_l1,,,,,
3,2029,110,Maximum-based,0.008,0.0024681320598492476,0.0024681320598492476,0.004008391020891927,0.004008391020891927,0.0,0.5952464562626957,0.5952464562626957,0.9667151078807603,0.9667151078807603,0.0,0.4146403617999878,60,5,0.5,0.99,E[Agg(Q_xi)] - Agg(E[Q_xi]),bellman_backup,True,8x8,fixed,perturbation_seed,6000.0,2026.0,3000.0,support_restricted_tv_l1,exact_support_restricted_l1,,,,,
3,2029,115,Maximum-based,0.008,0.0024851663239712995,0.0024851663239712995,0.004162154410955354,0.004162154410955354,0.0,0.599354658379852,0.599354658379852,1.0037986637111498,1.0037986637111498,0.0,0.4146403617999878,60,5,0.5,0.99,E[Agg(Q_xi)] - Agg(E[Q_xi]),bellman_backup,True,8x8,fixed,perturbation_seed,6000.0,2026.0,3000.0,support_restricted_tv_l1,exact_support_restricted_l1,,,,,
3,2029,120,Maximum-based,0.008,0.002478963128173531,0.002478963128173531,0.004161618819365748,0.004161618819365748,0.0,0.5978586159369891,0.5978586159369891,1.0036694935581811,1.0036694935581811,0.0,0.4146403617999878,60,5,0.5,0.99,E[Agg(Q_xi)] - Agg(E[Q_xi]),bellman_backup,True,8x8,fixed,perturbation_seed,6000.0,2026.0,3000.0,support_restricted_tv_l1,exact_support_restricted_l1,,,,,
3,2029,125,Maximum-based,0.008,0.002467809555059919,0.002467809555059919,0.004203112502564416,0.004203112502564416,0.0,0.5951686768617882,0.5951686768617882,1.0136766436143263,1.0136766436143263,0.0,0.4146403617999878,60,5,0.5,0.99,E[Agg(Q_xi)] - Agg(E[Q_xi]),bellman_backup,True,8x8,fixed,perturbation_seed,6000.0,2026.0,3000.0,support_restricted_tv_l1,exact_support_restricted_l1,,,,,
3,2029,130,Maximum-based,0.008,0.002437399592279136,0.002437399592279136,0.0041919326828903924,0.0041919326828903924,0.0,0.5878346193067613,0.5878346193067613,1.0109803745812078,1.0109803745812078,0.0,0.4146403617999878,60,5,0.5,0.99,E[Agg(Q_xi)] - Agg(E[Q_xi]),bellman_backup,True,8x8,fixed,perturbation_seed,6000.0,2026.0,3000.0,support_restricted_tv_l1,exact_support_restricted_l1,,,,,
3,2029,135,Maximum-based,0.008,0.0024437407557103214,0.0024437407557103214,0.0040975126404900475,0.0040975126404900475,0.0,0.5893639357977217,0.5893639357977217,0.9882088233529436,0.9882088233529436,0.0,0.4146403617999878,60,5,0.5,0.99,E[Agg(Q_xi)] - Agg(E[Q_xi]),bellman_backup,True,8x8,fixed,perturbation_seed,6000.0,2026.0,3000.0,support_restricted_tv_l1,exact_support_restricted_l1,,,,,
3,2029,140,Maximum-based,0.008,0.0024320747979770926,0.0024320747979770926,0.0041141703763684645,0.0041141703763684645,0.0,0.5865504234607689,0.5865504234607689,0.9922262170784614,0.9922262170784614,0.0,0.4146403617999878,60,5,0.5,0.99,E[Agg(Q_xi)] - Agg(E[Q_xi]),bellman_backup,True,8x8,fixed,perturbation_seed,6000.0,2026.0,3000.0,support_restricted_tv_l1,exact_support_restricted_l1,,,,,
3,2029,145,Maximum-based,0.008,0.0024475094682368283,0.0024475094682368283,0.004064930040307391,0.004064930040307391,0.0,0.5902728469587449,0.5902728469587449,0.9803507846320595,0.9803507846320595,0.0,0.4146403617999878,60,5,0.5,0.99,E[Agg(Q_xi)] - Agg(E[Q_xi]),bellman_backup,True,8x8,fixed,perturbation_seed,6000.0,2026.0,3000.0,support_restricted_tv_l1,exact_support_restricted_l1,,,,,
3,2029,150,Maximum-based,0.008,0.002482875908536596,0.002482875908536596,0.0043149957793566784,0.0043149957793566784,0.0,0.5988022723495195,0.5988022723495195,1.0406598529445923,1.0406598529445923,0.0,0.4146403617999878,60,5,0.5,0.99,E[Agg(Q_xi)] - Agg(E[Q_xi]),bellman_backup,True,8x8,fixed,perturbation_seed,6000.0,2026.0,3000.0,support_restricted_tv_l1,exact_support_restricted_l1,,,,,
3,2029,155,Maximum-based,0.008,0.0024293692740113343,0.0024293692740113343,0.00396514181389801,0.00396514181389801,0.0,0.5858979245207203,0.5858979245207203,0.9562845731382744,0.9562845731382744,0.0,0.4146403617999878,60,5,0.5,0.99,E[Agg(Q_xi)] - Agg(E[Q_xi]),bellman_backup,True,8x8,fixed,perturbation_seed,6000.0,2026.0,3000.0,support_restricted_tv_l1,exact_support_restricted_l1,,,,,
3,2029,160,Maximum-based,0.008,0.0024270206510045916,0.0024270206510045916,0.004089641421632095,0.004089641421632095,0.0,0.5853315004040359,0.5853315004040359,0.986310499025861,0.986310499025861,0.0,0.4146403617999878,60,5,0.5,0.99,E[Agg(Q_xi)] - Agg(E[Q_xi]),bellman_backup,True,8x8,fixed,perturbation_seed,6000.0,2026.0,3000.0,support_restricted_tv_l1,exact_support_restricted_l1,,,,,
3,2029,165,Maximum-based,0.008,0.0024550358866881616,0.0024550358866881616,0.004122521068653906,0.004122521068653906,0.0,0.5920880147872363,0.5920880147872363,0.9942401773811175,0.9942401773811175,0.0,0.4146403617999878,60,5,0.5,0.99,E[Agg(Q_xi)] - Agg(E[Q_xi]),bellman_backup,True,8x8,fixed,perturbation_seed,6000.0,2026.0,3000.0,support_restricted_tv_l1,exact_support_restricted_l1,,,,,
3,2029,170,Maximum-based,0.008,0.002433123674421926,0.002433123674421926,0.004049062042375318,0.004049062042375318,0.0,0.586803383987882,0.586803383987882,0.9765238542620422,0.9765238542620422,0.0,0.4146403617999878,60,5,0.5,0.99,E[Agg(Q_xi)] - Agg(E[Q_xi]),bellman_backup,True,8x8,fixed,perturbation_seed,6000.0,2026.0,3000.0,support_restricted_tv_l1,exact_support_restricted_l1,,,,,
3,2029,175,Maximum-based,0.008,0.002437250307201254,0.002437250307201254,0.004148368140207803,0.004148368140207803,0.0,0.5877986157982669,0.5877986157982669,1.0004737894302902,1.0004737894302902,0.0,0.4146403617999878,60,5,0.5,0.99,E[Agg(Q_xi)] - Agg(E[Q_xi]),bellman_backup,True,8x8,fixed,perturbation_seed,6000.0,2026.0,3000.0,support_restricted_tv_l1,exact_support_restricted_l1,,,,,
3,2029,180,Maximum-based,0.008,0.002442289491542957,0.002442289491542957,0.0040047598480367486,0.0040047598480367486,0.0,0.5890139302746067,0.5890139302746067,0.9658393675549958,0.9658393675549958,0.0,0.4146403617999878,60,5,0.5,0.99,E[Agg(Q_xi)] - Agg(E[Q_xi]),bellman_backup,True,8x8,fixed,perturbation_seed,6000.0,2026.0,3000.0,support_restricted_tv_l1,exact_support_restricted_l1,,,,,
3,2029,185,Maximum-based,0.008,0.002430818828670493,0.002430818828670493,0.0043114082956296484,0.0043114082956296484,0.0,0.5862475177568602,0.5862475177568602,1.0397946492506112,1.0397946492506112,0.0,0.4146403617999878,60,5,0.5,0.99,E[Agg(Q_xi)] - Agg(E[Q_xi]),bellman_backup,True,8x8,fixed,perturbation_seed,6000.0,2026.0,3000.0,support_restricted_tv_l1,exact_support_restricted_l1,,,,,
3,2029,190,Maximum-based,0.008,0.002472565442006682,0.002472565442006682,0.004487430989756652,0.004487430989756652,0.0,0.5963156676964763,0.5963156676964763,1.0822465450001892,1.0822465450001892,0.0,0.4146403617999878,60,5,0.5,0.99,E[Agg(Q_xi)] - Agg(E[Q_xi]),bellman_backup,True,8x8,fixed,perturbation_seed,6000.0,2026.0,3000.0,support_restricted_tv_l1,exact_support_restricted_l1,,,,,
3,2029,195,Maximum-based,0.008,0.0024263312516215113,0.0024263312516215113,0.004247815689151446,0.004247815689151446,0.0,0.5851652359863396,0.5851652359863396,1.0244578387669088,1.0244578387669088,0.0,0.4146403617999878,60,5,0.5,0.99,E[Agg(Q_xi)] - Agg(E[Q_xi]),bellman_backup,True,8x8,fixed,perturbation_seed,6000.0,2026.0,3000.0,support_restricted_tv_l1,exact_support_restricted_l1,,,,,
3,2029,200,Maximum-based,0.008,0.0024381136811661985,0.0024381136811661985,0.004144614998894014,0.004144614998894014,0.0,0.5880068381626302,0.5880068381626302,0.9995686336230994,0.9995686336230994,0.0,0.4146403617999878,60,5,0.5,0.99,E[Agg(Q_xi)] - Agg(E[Q_xi]),bellman_backup,True,8x8,fixed,perturbation_seed,6000.0,2026.0,3000.0,support_restricted_tv_l1,exact_support_restricted_l1,,,,,
3,2029,205,Maximum-based,0.008,0.002405556867581975,0.002405556867581975,0.004164602733608691,0.004164602733608691,0.0,0.5801550184693202,0.5801550184693202,1.004389132676281,1.004389132676281,0.0,0.4146403617999878,60,5,0.5,0.99,E[Agg(Q_xi)] - Agg(E[Q_xi]),bellman_backup,True,8x8,fixed,perturbation_seed,6000.0,2026.0,3000.0,support_restricted_tv_l1,exact_support_restricted_l1,,,,,
3,2029,210,Maximum-based,0.008,0.002427545290701381,0.002427545290701381,0.004068660603927909,0.004068660603927909,0.0,0.5854580292577423,0.5854580292577423,0.9812504953124969,0.9812504953124969,0.0,0.4146403617999878,60,5,0.5,0.99,E[Agg(Q_xi)] - Agg(E[Q_xi]),bellman_backup,True,8x8,fixed,perturbation_seed,6000.0,2026.0,3000.0,support_restricted_tv_l1,exact_support_restricted_l1,,,,,
3,2029,215,Maximum-based,0.008,0.00240960849455999,0.00240960849455999,0.0041656869327069135,0.0041656869327069135,0.0,0.5811321609164342,0.5811321609164342,1.0046506120685708,1.0046506120685708,0.0,0.4146403617999878,60,5,0.5,0.99,E[Agg(Q_xi)] - Agg(E[Q_xi]),bellman_backup,True,8x8,fixed,perturbation_seed,6000.0,2026.0,3000.0,support_restricted_tv_l1,exact_support_restricted_l1,,,,,
3,2029,220,Maximum-based,0.008,0.0024223051208180826,0.0024223051208180826,0.004275051713942379,0.004275051713942379,0.0,0.5841942425244512,0.5841942425244512,1.0310264286342095,1.0310264286342095,0.0,0.4146403617999878,60,5,0.5,0.99,E[Agg(Q_xi)] - Agg(E[Q_xi]),bellman_backup,True,8x8,fixed,perturbation_seed,6000.0,2026.0,3000.0,support_restricted_tv_l1,exact_support_restricted_l1,,,,,
3,2029,225,Maximum-based,0.008,0.002465527896018599,0.002465527896018599,0.0040207042362246925,0.0040207042362246925,0.0,0.5946184026358506,0.5946184026358506,0.9696847211811426,0.9696847211811426,0.0,0.4146403617999878,60,5,0.5,0.99,E[Agg(Q_xi)] - Agg(E[Q_xi]),bellman_backup,True,8x8,fixed,perturbation_seed,6000.0,2026.0,3000.0,support_restricted_tv_l1,exact_support_restricted_l1,,,,,
3,2029,230,Maximum-based,0.008,0.0024279555886690157,0.0024279555886690157,0.004415452795186958,0.004415452795186958,0.0,0.5855569819901424,0.5855569819901424,1.0648873582926457,1.0648873582926457,0.0,0.4146403617999878,60,5,0.5,0.99,E[Agg(Q_xi)] - Agg(E[Q_xi]),bellman_backup,True,8x8,fixed,perturbation_seed,6000.0,2026.0,3000.0,support_restricted_tv_l1,exact_support_restricted_l1,,,,,
3,2029,235,Maximum-based,0.008,0.002411566985021216,0.002411566985021216,0.004328966002777546,0.004328966002777546,0.0,0.5816044956531501,0.5816044956531501,1.0440290916169255,1.0440290916169255,0.0,0.4146403617999878,60,5,0.5,0.99,E[Agg(Q_xi)] - Agg(E[Q_xi]),bellman_backup,True,8x8,fixed,perturbation_seed,6000.0,2026.0,3000.0,support_restricted_tv_l1,exact_support_restricted_l1,,,,,
3,2029,240,Maximum-based,0.008,0.0024441237886724514,0.0024441237886724514,0.004343624351577091,0.004343624351577091,0.0,0.5894563129508931,0.5894563129508931,1.0475642874516753,1.0475642874516753,0.0,0.4146403617999878,60,5,0.5,0.99,E[Agg(Q_xi)] - Agg(E[Q_xi]),bellman_backup,True,8x8,fixed,perturbation_seed,6000.0,2026.0,3000.0,support_restricted_tv_l1,exact_support_restricted_l1,,,,,
3,2029,245,Maximum-based,0.008,0.00244167910829502,0.00244167910829502,0.004440469256907387,0.004440469256907387,0.0,0.588866722403842,0.588866722403842,1.0709206497965962,1.0709206497965962,0.0,0.4146403617999878,60,5,0.5,0.99,E[Agg(Q_xi)] - Agg(E[Q_xi]),bellman_backup,True,8x8,fixed,perturbation_seed,6000.0,2026.0,3000.0,support_restricted_tv_l1,exact_support_restricted_l1,,,,,
3,2029,250,Maximum-based,0.008,0.002429329051084555,0.002429329051084555,0.004152001394434057,0.004152001394434057,0.0,0.5858882238426183,0.5858882238426183,1.00135003172626,1.00135003172626,0.0,0.4146403617999878,60,5,0.5,0.99,E[Agg(Q_xi)] - Agg(E[Q_xi]),bellman_backup,True,8x8,fixed,perturbation_seed,6000.0,2026.0,3000.0,support_restricted_tv_l1,exact_support_restricted_l1,,,,,
3,2029,255,Maximum-based,0.008,0.0024130818513945626,0.0024130818513945626,0.003937211826003484,0.003937211826003484,0.0,0.5819698403018887,0.5819698403018887,0.9495486182077704,0.9495486182077704,0.0,0.4146403617999878,60,5,0.5,0.99,E[Agg(Q_xi)] - Agg(E[Q_xi]),bellman_backup,True,8x8,fixed,perturbation_seed,6000.0,2026.0,3000.0,support_restricted_tv_l1,exact_support_restricted_l1,,,,,
3,2029,260,Maximum-based,0.008,0.002405970401378422,0.002405970401378422,0.0044863499311422195,0.0044863499311422195,0.0,0.5802547515957943,0.5802547515957943,1.0819858230073423,1.0819858230073423,0.0,0.4146403617999878,60,5,0.5,0.99,E[Agg(Q_xi)] - Agg(E[Q_xi]),bellman_backup,True,8x8,fixed,perturbation_seed,6000.0,2026.0,3000.0,support_restricted_tv_l1,exact_support_restricted_l1,,,,,
3,2029,265,Maximum-based,0.008,0.0024202049312109673,0.0024202049312109673,0.005035682191789126,0.005035682191789126,0.0,0.58368773380012,0.58368773380012,1.2144698528452023,1.2144698528452023,0.0,0.4146403617999878,60,5,0.5,0.99,E[Agg(Q_xi)] - Agg(E[Q_xi]),bellman_backup,True,8x8,fixed,perturbation_seed,6000.0,2026.0,3000.0,support_restricted_tv_l1,exact_support_restricted_l1,,,,,
3,2029,270,Maximum-based,0.008,0.002443000651847019,0.002443000651847019,0.0041924699131924426,0.0041924699131924426,0.0,0.5891854428357511,0.5891854428357511,1.0111099399471355,1.0111099399471355,0.0,0.4146403617999878,60,5,0.5,0.99,E[Agg(Q_xi)] - Agg(E[Q_xi]),bellman_backup,True,8x8,fixed,perturbation_seed,6000.0,2026.0,3000.0,support_restricted_tv_l1,exact_support_restricted_l1,,,,,
3,2029,275,Maximum-based,0.008,0.002427702802645184,0.002427702802645184,0.004202740887511269,0.004202740887511269,0.0,0.5854960168629815,0.5854960168629815,1.0135870201508668,1.0135870201508668,0.0,0.4146403617999878,60,5,0.5,0.99,E[Agg(Q_xi)] - Agg(E[Q_xi]),bellman_backup,True,8x8,fixed,perturbation_seed,6000.0,2026.0,3000.0,support_restricted_tv_l1,exact_support_restricted_l1,,,,,
3,2029,280,Maximum-based,0.008,0.002435981934196034,0.002435981934196034,0.004238883079897726,0.004238883079897726,0.0,0.587492718658945,0.587492718658945,1.0223035358874344,1.0223035358874344,0.0,0.4146403617999878,60,5,0.5,0.99,E[Agg(Q_xi)] - Agg(E[Q_xi]),bellman_backup,True,8x8,fixed,perturbation_seed,6000.0,2026.0,3000.0,support_restricted_tv_l1,exact_support_restricted_l1,,,,,
3,2029,285,Maximum-based,0.008,0.00242291845325402,0.00242291845325402,0.004412909946821197,0.004412909946821197,0.0,0.584342161659307,0.584342161659307,1.0642740922915448,1.0642740922915448,0.0,0.4146403617999878,60,5,0.5,0.99,E[Agg(Q_xi)] - Agg(E[Q_xi]),bellman_backup,True,8x8,fixed,perturbation_seed,6000.0,2026.0,3000.0,support_restricted_tv_l1,exact_support_restricted_l1,,,,,
3,2029,290,Maximum-based,0.008,0.002417547988044053,0.002417547988044053,0.004302680162690253,0.004302680162690253,0.0,0.583046951230044,0.583046951230044,1.0376896605077146,1.0376896605077146,0.0,0.4146403617999878,60,5,0.5,0.99,E[Agg(Q_xi)] - Agg(E[Q_xi]),bellman_backup,True,8x8,fixed,perturbation_seed,6000.0,2026.0,3000.0,support_restricted_tv_l1,exact_support_restricted_l1,,,,,
3,2029,295,Maximum-based,0.008,0.002407500904543612,0.002407500904543612,0.004076327392801671,0.004076327392801671,0.0,0.5806238674142703,0.5806238674142703,0.9830995166765722,0.9830995166765722,0.0,0.4146403617999878,60,5,0.5,0.99,E[Agg(Q_xi)] - Agg(E[Q_xi]),bellman_backup,True,8x8,fixed,perturbation_seed,6000.0,2026.0,3000.0,support_restricted_tv_l1,exact_support_restricted_l1,,,,,
3,2029,300,Maximum-based,0.008,0.0024136363703238595,0.0024136363703238595,0.0041572493095415886,0.0041572493095415886,0.0,0.5821035752154147,0.5821035752154147,1.0026156863973947,1.0026156863973947,0.0,0.4146403617999878,60,5,0.5,0.99,E[Agg(Q_xi)] - Agg(E[Q_xi]),bellman_backup,True,8x8,fixed,perturbation_seed,6000.0,2026.0,3000.0,support_restricted_tv_l1,exact_support_restricted_l1,,,,,
3,2029,305,Maximum-based,0.008,0.0024429595310271317,0.0024429595310271317,0.004591373529248599,0.004591373529248599,0.0,0.5891755256102045,0.5891755256102045,1.107314664042128,1.107314664042128,0.0,0.4146403617999878,60,5,0.5,0.99,E[Agg(Q_xi)] - Agg(E[Q_xi]),bellman_backup,True,8x8,fixed,perturbation_seed,6000.0,2026.0,3000.0,support_restricted_tv_l1,exact_support_restricted_l1,,,,,
3,2029,310,Maximum-based,0.008,0.002417072252267913,0.002417072252267913,0.004074159475818684,0.004074159475818684,0.0,0.5829322166745186,0.5829322166745186,0.9825766739476166,0.9825766739476166,0.0,0.4146403617999878,60,5,0.5,0.99,E[Agg(Q_xi)] - Agg(E[Q_xi]),bellman_backup,True,8x8,fixed,perturbation_seed,6000.0,2026.0,3000.0,support_restricted_tv_l1,exact_support_restricted_l1,,,,,
3,2029,315,Maximum-based,0.008,0.0024233536836696995,0.0024233536836696995,0.00398941466554692,0.00398941466554692,0.0,0.5844471274213929,0.5844471274213929,0.9621385260780073,0.9621385260780073,0.0,0.4146403617999878,60,5,0.5,0.99,E[Agg(Q_xi)] - Agg(E[Q_xi]),bellman_backup,True,8x8,fixed,perturbation_seed,6000.0,2026.0,3000.0,support_restricted_tv_l1,exact_support_restricted_l1,,,,,
3,2029,320,Maximum-based,0.008,0.0023944317381831217,0.0023944317381831217,0.004285472949039859,0.004285472949039859,0.0,0.5774719392460245,0.5774719392460245,1.033539747658976,1.033539747658976,0.0,0.4146403617999878,60,5,0.5,0.99,E[Agg(Q_xi)] - Agg(E[Q_xi]),bellman_backup,True,8x8,fixed,perturbation_seed,6000.0,2026.0,3000.0,support_restricted_tv_l1,exact_support_restricted_l1,,,,,
3,2029,325,Maximum-based,0.008,0.0024293754801406066,0.0024293754801406066,0.0042354304253525155,0.0042354304253525155,0.0,0.5858994212706377,0.5858994212706377,1.0214708493322175,1.0214708493322175,0.0,0.4146403617999878,60,5,0.5,0.99,E[Agg(Q_xi)] - Agg(E[Q_xi]),bellman_backup,True,8x8,fixed,perturbation_seed,6000.0,2026.0,3000.0,support_restricted_tv_l1,exact_support_restricted_l1,,,,,
3,2029,330,Maximum-based,0.008,0.002411814778133774,0.002411814778133774,0.004152302314591738,0.004152302314591738,0.0,0.5816642566256426,0.5816642566256426,1.0014226054999213,1.0014226054999213,0.0,0.4146403617999878,60,5,0.5,0.99,E[Agg(Q_xi)] - Agg(E[Q_xi]),bellman_backup,True,8x8,fixed,perturbation_seed,6000.0,2026.0,3000.0,support_restricted_tv_l1,exact_support_restricted_l1,,,,,
3,2029,335,Maximum-based,0.008,0.0024257418245901634,0.0024257418245901634,0.004188706957699795,0.004188706957699795,0.0,0.5850230821861672,0.5850230821861672,1.0102024172264066,1.0102024172264066,0.0,0.4146403617999878,60,5,0.5,0.99,E[Agg(Q_xi)] - Agg(E[Q_xi]),bellman_backup,True,8x8,fixed,perturbation_seed,6000.0,2026.0,3000.0,support_restricted_tv_l1,exact_support_restricted_l1,,,,,
3,2029,340,Maximum-based,0.008,0.0023992229630130264,0.0023992229630130264,0.004035291250393647,0.004035291250393647,0.0,0.5786274526188918,0.5786274526188918,0.9732027130393472,0.9732027130393472,0.0,0.4146403617999878,60,5,0.5,0.99,E[Agg(Q_xi)] - Agg(E[Q_xi]),bellman_backup,True,8x8,fixed,perturbation_seed,6000.0,2026.0,3000.0,support_restricted_tv_l1,exact_support_restricted_l1,,,,,
3,2029,345,Maximum-based,0.008,0.00245464061634671,0.00245464061634671,0.004174592541719646,0.004174592541719646,0.0,0.5919926863103518,0.5919926863103518,1.006798403222831,1.006798403222831,0.0,0.4146403617999878,60,5,0.5,0.99,E[Agg(Q_xi)] - Agg(E[Q_xi]),bellman_backup,True,8x8,fixed,perturbation_seed,6000.0,2026.0,3000.0,support_restricted_tv_l1,exact_support_restricted_l1,,,,,
3,2029,350,Maximum-based,0.008,0.002456980706657921,0.002456980706657921,0.004287010381457235,0.004287010381457235,0.0,0.5925570525724911,0.5925570525724911,1.033910534624987,1.033910534624987,0.0,0.4146403617999878,60,5,0.5,0.99,E[Agg(Q_xi)] - Agg(E[Q_xi]),bellman_backup,True,8x8,fixed,perturbation_seed,6000.0,2026.0,3000.0,support_restricted_tv_l1,exact_support_restricted_l1,,,,,
3,2029,355,Maximum-based,0.008,0.002418851378285924,0.002418851378285924,0.004208504983385208,0.004208504983385208,0.0,0.5833612935763156,0.5833612935763156,1.0149771636113145,1.0149771636113145,0.0,0.4146403617999878,60,5,0.5,0.99,E[Agg(Q_xi)] - Agg(E[Q_xi]),bellman_backup,True,8x8,fixed,perturbation_seed,6000.0,2026.0,3000.0,support_restricted_tv_l1,exact_support_restricted_l1,,,,,
3,2029,360,Maximum-based,0.008,0.002418604812401799,0.002418604812401799,0.0041689816407141644,0.0041689816407141644,0.0,0.5833018285780085,0.5833018285780085,1.0054452062062345,1.0054452062062345,0.0,0.4146403617999878,60,5,0.5,0.99,E[Agg(Q_xi)] - Agg(E[Q_xi]),bellman_backup,True,8x8,fixed,perturbation_seed,6000.0,2026.0,3000.0,support_restricted_tv_l1,exact_support_restricted_l1,,,,,
3,2029,365,Maximum-based,0.008,0.0023802808246485337,0.0023802808246485337,0.004229707071257138,0.004229707071257138,0.0,0.5740591230230312,0.5740591230230312,1.020090531682838,1.020090531682838,0.0,0.4146403617999878,60,5,0.5,0.99,E[Agg(Q_xi)] - Agg(E[Q_xi]),bellman_backup,True,8x8,fixed,perturbation_seed,6000.0,2026.0,3000.0,support_restricted_tv_l1,exact_support_restricted_l1,,,,,
3,2029,370,Maximum-based,0.008,0.0024262578566696777,0.0024262578566696777,0.004657991903736225,0.004657991903736225,0.0,0.5851475351162374,0.5851475351162374,1.1233812076362997,1.1233812076362997,0.0,0.4146403617999878,60,5,0.5,0.99,E[Agg(Q_xi)] - Agg(E[Q_xi]),bellman_backup,True,8x8,fixed,perturbation_seed,6000.0,2026.0,3000.0,support_restricted_tv_l1,exact_support_restricted_l1,,,,,
3,2029,375,Maximum-based,0.008,0.002385465419035269,0.002385465419035269,0.004777061609121003,0.004777061609121003,0.0,0.5753095064551285,0.5753095064551285,1.1520975884700144,1.1520975884700144,0.0,0.4146403617999878,60,5,0.5,0.99,E[Agg(Q_xi)] - Agg(E[Q_xi]),bellman_backup,True,8x8,fixed,perturbation_seed,6000.0,2026.0,3000.0,support_restricted_tv_l1,exact_support_restricted_l1,,,,,
3,2029,380,Maximum-based,0.008,0.0024113058347741637,0.0024113058347741637,0.004716864665935461,0.004716864665935461,0.0,0.5815415133023923,0.5815415133023923,1.137579719798421,1.137579719798421,0.0,0.4146403617999878,60,5,0.5,0.99,E[Agg(Q_xi)] - Agg(E[Q_xi]),bellman_backup,True,8x8,fixed,perturbation_seed,6000.0,2026.0,3000.0,support_restricted_tv_l1,exact_support_restricted_l1,,,,,
3,2029,385,Maximum-based,0.008,0.0024107380512756,0.0024107380512756,0.004781685355323362,0.004781685355323362,0.0,0.5814045793348213,0.5814045793348213,1.1532127105440662,1.1532127105440662,0.0,0.4146403617999878,60,5,0.5,0.99,E[Agg(Q_xi)] - Agg(E[Q_xi]),bellman_backup,True,8x8,fixed,perturbation_seed,6000.0,2026.0,3000.0,support_restricted_tv_l1,exact_support_restricted_l1,,,,,
3,2029,390,Maximum-based,0.008,0.002400980593617256,0.002400980593617256,0.003954378454611329,0.003954378454611329,0.0,0.5790513454103702,0.5790513454103702,0.9536887430459129,0.9536887430459129,0.0,0.4146403617999878,60,5,0.5,0.99,E[Agg(Q_xi)] - Agg(E[Q_xi]),bellman_backup,True,8x8,fixed,perturbation_seed,6000.0,2026.0,3000.0,support_restricted_tv_l1,exact_support_restricted_l1,,,,,
3,2029,395,Maximum-based,0.008,0.0024189211880325462,0.0024189211880325462,0.004077134134859106,0.004077134134859106,0.0,0.5833781297922399,0.5833781297922399,0.9832940809620975,0.9832940809620975,0.0,0.4146403617999878,60,5,0.5,0.99,E[Agg(Q_xi)] - Agg(E[Q_xi]),bellman_backup,True,8x8,fixed,perturbation_seed,6000.0,2026.0,3000.0,support_restricted_tv_l1,exact_support_restricted_l1,,,,,
3,2029,400,Maximum-based,0.008,0.0024268161650912046,0.0024268161650912046,0.004347650059841945,0.004347650059841945,0.0,0.5852821839524248,0.5852821839524248,1.0485351790087294,1.0485351790087294,0.0,0.4146403617999878,60,5,0.5,0.99,E[Agg(Q_xi)] - Agg(E[Q_xi]),bellman_backup,True,8x8,fixed,perturbation_seed,6000.0,2026.0,3000.0,support_restricted_tv_l1,exact_support_restricted_l1,,,,,
3,2029,405,Maximum-based,0.008,0.0024136624118699184,0.0024136624118699184,0.004246468876167253,0.004246468876167253,0.0,0.5821098557294355,0.5821098557294355,1.0241330240338842,1.0241330240338842,0.0,0.4146403617999878,60,5,0.5,0.99,E[Agg(Q_xi)] - Agg(E[Q_xi]),bellman_backup,True,8x8,fixed,perturbation_seed,6000.0,2026.0,3000.0,support_restricted_tv_l1,exact_support_restricted_l1,,,,,
3,2029,410,Maximum-based,0.008,0.002415897248611888,0.002415897248611888,0.004247543091409733,0.004247543091409733,0.0,0.5826488376877447,0.5826488376877447,1.024392095591177,1.024392095591177,0.0,0.4146403617999878,60,5,0.5,0.99,E[Agg(Q_xi)] - Agg(E[Q_xi]),bellman_backup,True,8x8,fixed,perturbation_seed,6000.0,2026.0,3000.0,support_restricted_tv_l1,exact_support_restricted_l1,,,,,
3,2029,415,Maximum-based,0.008,0.002423605637718259,0.002423605637718259,0.004526865194264429,0.004526865194264429,0.0,0.5845078918987019,0.5845078918987019,1.091757004699913,1.091757004699913,0.0,0.4146403617999878,60,5,0.5,0.99,E[Agg(Q_xi)] - Agg(E[Q_xi]),bellman_backup,True,8x8,fixed,perturbation_seed,6000.0,2026.0,3000.0,support_restricted_tv_l1,exact_support_restricted_l1,,,,,
3,2029,420,Maximum-based,0.008,0.0024486639039009587,0.0024486639039009587,0.004716095682663013,0.004716095682663013,0.0,0.5905512655041848,0.5905512655041848,1.137394261906886,1.137394261906886,0.0,0.4146403617999878,60,5,0.5,0.99,E[Agg(Q_xi)] - Agg(E[Q_xi]),bellman_backup,True,8x8,fixed,perturbation_seed,6000.0,2026.0,3000.0,support_restricted_tv_l1,exact_support_restricted_l1,,,,,
3,2029,425,Maximum-based,0.008,0.0024023176400347858,0.0024023176400347858,0.004054518901819348,0.004054518901819348,0.0,0.5793738047126256,0.5793738047126256,0.9778399006354204,0.9778399006354204,0.0,0.4146403617999878,60,5,0.5,0.99,E[Agg(Q_xi)] - Agg(E[Q_xi]),bellman_backup,True,8x8,fixed,perturbation_seed,6000.0,2026.0,3000.0,support_restricted_tv_l1,exact_support_restricted_l1,,,,,
3,2029,430,Maximum-based,0.008,0.0023853406302296763,0.0023853406302296763,0.00416106178888942,0.00416106178888942,0.0,0.5752794107825675,0.5752794107825675,1.0035351529276864,1.0035351529276864,0.0,0.4146403617999878,60,5,0.5,0.99,E[Agg(Q_xi)] - Agg(E[Q_xi]),bellman_backup,True,8x8,fixed,perturbation_seed,6000.0,2026.0,3000.0,support_restricted_tv_l1,exact_support_restricted_l1,,,,,
3,2029,435,Maximum-based,0.008,0.0024148368071225884,0.0024148368071225884,0.004145959091807538,0.004145959091807538,0.0,0.5823930879858352,0.5823930879858352,0.9998927923489142,0.9998927923489142,0.0,0.4146403617999878,60,5,0.5,0.99,E[Agg(Q_xi)] - Agg(E[Q_xi]),bellman_backup,True,8x8,fixed,perturbation_seed,6000.0,2026.0,3000.0,support_restricted_tv_l1,exact_support_restricted_l1,,,,,
3,2029,440,Maximum-based,0.008,0.002415311906857908,0.002415311906857908,0.0041476135242790035,0.0041476135242790035,0.0,0.5825076691455798,0.5825076691455798,1.0002917965520466,1.0002917965520466,0.0,0.4146403617999878,60,5,0.5,0.99,E[Agg(Q_xi)] - Agg(E[Q_xi]),bellman_backup,True,8x8,fixed,perturbation_seed,6000.0,2026.0,3000.0,support_restricted_tv_l1,exact_support_restricted_l1,,,,,
3,2029,445,Maximum-based,0.008,0.002401683141991339,0.002401683141991339,0.004145144483232999,0.004145144483232999,0.0,0.5792207810077716,0.5792207810077716,0.9996963308729971,0.9996963308729971,0.0,0.4146403617999878,60,5,0.5,0.99,E[Agg(Q_xi)] - Agg(E[Q_xi]),bellman_backup,True,8x8,fixed,perturbation_seed,6000.0,2026.0,3000.0,support_restricted_tv_l1,exact_support_restricted_l1,,,,,
3,2029,450,Maximum-based,0.008,0.002428947057935606,0.002428947057935606,0.004317413851049667,0.004317413851049667,0.0,0.585796097464161,0.585796097464161,1.0412430261992391,1.0412430261992391,0.0,0.4146403617999878,60,5,0.5,0.99,E[Agg(Q_xi)] - Agg(E[Q_xi]),bellman_backup,True,8x8,fixed,perturbation_seed,6000.0,2026.0,3000.0,support_restricted_tv_l1,exact_support_restricted_l1,,,,,
3,2029,455,Maximum-based,0.008,0.00240817591602882,0.00240817591602882,0.004209419562563321,0.004209419562563321,0.0,0.5807866618615541,0.5807866618615541,1.0151977352831465,1.0151977352831465,0.0,0.4146403617999878,60,5,0.5,0.99,E[Agg(Q_xi)] - Agg(E[Q_xi]),bellman_backup,True,8x8,fixed,perturbation_seed,6000.0,2026.0,3000.0,support_restricted_tv_l1,exact_support_restricted_l1,,,,,
3,2029,460,Maximum-based,0.008,0.002411976206021656,0.002411976206021656,0.004025007641771661,0.004025007641771661,0.0,0.5817031886502967,0.5817031886502967,0.9707225857846478,0.9707225857846478,0.0,0.4146403617999878,60,5,0.5,0.99,E[Agg(Q_xi)] - Agg(E[Q_xi]),bellman_backup,True,8x8,fixed,perturbation_seed,6000.0,2026.0,3000.0,support_restricted_tv_l1,exact_support_restricted_l1,,,,,
3,2029,465,Maximum-based,0.008,0.0024078655504578524,0.0024078655504578524,0.004314166740663095,0.004314166740663095,0.0,0.5807118101106006,0.5807118101106006,1.0404599113156623,1.0404599113156623,0.0,0.4146403617999878,60,5,0.5,0.99,E[Agg(Q_xi)] - Agg(E[Q_xi]),bellman_backup,True,8x8,fixed,perturbation_seed,6000.0,2026.0,3000.0,support_restricted_tv_l1,exact_support_restricted_l1,,,,,
3,2029,470,Maximum-based,0.008,0.0024234077700919354,0.0024234077700919354,0.004299548248225538,0.004299548248225538,0.0,0.5844601715982795,0.5844601715982795,1.036934327753537,1.036934327753537,0.0,0.4146403617999878,60,5,0.5,0.99,E[Agg(Q_xi)] - Agg(E[Q_xi]),bellman_backup,True,8x8,fixed,perturbation_seed,6000.0,2026.0,3000.0,support_restricted_tv_l1,exact_support_restricted_l1,,,,,
3,2029,475,Maximum-based,0.008,0.0024315193742873572,0.0024315193742873572,0.003980336957409847,0.003980336957409847,0.0,0.5864164703435846,0.5864164703435846,0.9599492292865263,0.9599492292865263,0.0,0.4146403617999878,60,5,0.5,0.99,E[Agg(Q_xi)] - Agg(E[Q_xi]),bellman_backup,True,8x8,fixed,perturbation_seed,6000.0,2026.0,3000.0,support_restricted_tv_l1,exact_support_restricted_l1,,,,,
3,2029,480,Maximum-based,0.008,0.0024163151481282823,0.0024163151481282823,0.004464546023646154,0.004464546023646154,0.0,0.5827496237073642,0.5827496237073642,1.0767273123786585,1.0767273123786585,0.0,0.4146403617999878,60,5,0.5,0.99,E[Agg(Q_xi)] - Agg(E[Q_xi]),bellman_backup,True,8x8,fixed,perturbation_seed,6000.0,2026.0,3000.0,support_restricted_tv_l1,exact_support_restricted_l1,,,,,
3,2029,485,Maximum-based,0.008,0.002409471398611753,0.002409471398611753,0.004089439847073162,0.004089439847073162,0.0,0.5810990970951404,0.5810990970951404,0.9862618847139164,0.9862618847139164,0.0,0.4146403617999878,60,5,0.5,0.99,E[Agg(Q_xi)] - Agg(E[Q_xi]),bellman_backup,True,8x8,fixed,perturbation_seed,6000.0,2026.0,3000.0,support_restricted_tv_l1,exact_support_restricted_l1,,,,,
3,2029,490,Maximum-based,0.008,0.0023729118657523926,0.0023729118657523926,0.004304124238607154,0.004304124238607154,0.0,0.5722819301650682,0.5722819301650682,1.0380379324199405,1.0380379324199405,0.0,0.4146403617999878,60,5,0.5,0.99,E[Agg(Q_xi)] - Agg(E[Q_xi]),bellman_backup,True,8x8,fixed,perturbation_seed,6000.0,2026.0,3000.0,support_restricted_tv_l1,exact_support_restricted_l1,,,,,
3,2029,495,Maximum-based,0.008,0.0024343665055896113,0.0024343665055896113,0.00442276691438348,0.00442276691438348,0.0,0.5871031211293147,0.5871031211293147,1.0666513253036647,1.0666513253036647,0.0,0.4146403617999878,60,5,0.5,0.99,E[Agg(Q_xi)] - Agg(E[Q_xi]),bellman_backup,True,8x8,fixed,perturbation_seed,6000.0,2026.0,3000.0,support_restricted_tv_l1,exact_support_restricted_l1,,,,,
3,2029,500,Maximum-based,0.008,0.002385264033769512,0.002385264033769512,0.004237696210819875,0.004237696210819875,0.0,0.5752609377955599,0.5752609377955599,1.0220172952829985,1.0220172952829985,0.0,0.4146403617999878,60,5,0.5,0.99,E[Agg(Q_xi)] - Agg(E[Q_xi]),bellman_backup,True,8x8,fixed,perturbation_seed,6000.0,2026.0,3000.0,support_restricted_tv_l1,exact_support_restricted_l1,,,,,
3,2029,5,Similarity-aware,0.008,-3.3203691532368573e-19,1.5043305143236374e-18,1.6653345369377348e-16,6.938893903907228e-17,-1.6653345369377348e-16,-8.00782909512924e-17,3.628036855344268e-16,4.016334853916249e-14,1.673472855798437e-14,-4.016334853916249e-14,0.4146403617999878,60,5,0.5,0.99,E[Agg(Q_xi)] - Agg(E[Q_xi]),bellman_backup,True,8x8,fixed,perturbation_seed,6000.0,2026.0,3000.0,support_restricted_tv_l1,exact_support_restricted_l1,,,,,
3,2029,10,Similarity-aware,0.008,-3.9979955110402976e-19,2.8392544391964147e-18,1.1102230246251565e-16,1.1102230246251565e-16,-1.1102230246251565e-16,-9.642079930869902e-17,6.847511001753371e-16,2.6775565692774997e-14,2.6775565692774997e-14,-2.6775565692774997e-14,0.4146403617999878,60,5,0.5,0.99,E[Agg(Q_xi)] - Agg(E[Q_xi]),bellman_backup,True,8x8,fixed,perturbation_seed,6000.0,2026.0,3000.0,support_restricted_tv_l1,exact_support_restricted_l1,,,,,
3,2029,15,Similarity-aware,0.008,-1.9786689647860456e-18,4.377466271410224e-18,2.220446049250313e-16,1.6653345369377348e-16,-2.220446049250313e-16,-4.772012440362731e-16,1.0557260398884673e-15,5.3551131385549994e-14,4.016334853916249e-14,-5.3551131385549994e-14,0.4146403617999878,60,5,0.5,0.99,E[Agg(Q_xi)] - Agg(E[Q_xi]),bellman_backup,True,8x8,fixed,perturbation_seed,6000.0,2026.0,3000.0,support_restricted_tv_l1,exact_support_restricted_l1,,,,,
3,2029,20,Similarity-aware,0.008,1.7618285302889447e-18,7.968885967768458e-18,4.440892098500626e-16,4.440892098500626e-16,-1.6653345369377348e-16,4.2490521729257194e-16,1.9218789828310176e-15,1.0710226277109999e-13,1.0710226277109999e-13,-4.016334853916249e-14,0.4146403617999878,60,5,0.5,0.99,E[Agg(Q_xi)] - Agg(E[Q_xi]),bellman_backup,True,8x8,fixed,perturbation_seed,6000.0,2026.0,3000.0,support_restricted_tv_l1,exact_support_restricted_l1,,,,,
3,2029,25,Similarity-aware,0.008,-2.995108501491206e-18,5.2583805365546965e-18,3.3306690738754696e-16,1.1102230246251565e-16,-3.3306690738754696e-16,-7.223388693973723e-16,1.2681786485347533e-15,8.032669707832498e-14,2.6775565692774997e-14,-8.032669707832498e-14,0.4146403617999878,60,5,0.5,0.99,E[Agg(Q_xi)] - Agg(E[Q_xi]),bellman_backup,True,8x8,fixed,perturbation_seed,6000.0,2026.0,3000.0,support_restricted_tv_l1,exact_support_restricted_l1,,,,,
3,2029,30,Similarity-aware,0.008,9.215718466126788e-19,8.809142651444724e-18,4.440892098500626e-16,4.440892098500626e-16,-2.220446049250313e-16,2.2225811366072997e-16,2.12452608646286e-15,1.0710226277109999e-13,1.0710226277109999e-13,-5.3551131385549994e-14,0.4146403617999878,60,5,0.5,0.99,E[Agg(Q_xi)] - Agg(E[Q_xi]),bellman_backup,True,8x8,fixed,perturbation_seed,6000.0,2026.0,3000.0,support_restricted_tv_l1,exact_support_restricted_l1,,,,,
3,2029,35,Similarity-aware,0.008,-5.366800753803247e-18,7.399679827213568e-18,5.551115123125783e-16,1.1102230246251565e-16,-5.551115123125783e-16,-1.2943266619066037e-15,1.7846019126288023e-15,1.3387782846387497e-13,2.6775565692774997e-14,-1.3387782846387497e-13,0.4146403617999878,60,5,0.5,0.99,E[Agg(Q_xi)] - Agg(E[Q_xi]),bellman_backup,True,8x8,fixed,perturbation_seed,6000.0,2026.0,3000.0,support_restricted_tv_l1,exact_support_restricted_l1,,,,,
3,2029,40,Similarity-aware,0.008,4.0657581468206416e-19,1.1628068299907035e-17,4.440892098500626e-16,2.220446049250313e-16,-4.440892098500626e-16,9.805505014443968e-17,2.804374434130975e-15,1.0710226277109999e-13,5.3551131385549994e-14,-1.0710226277109999e-13,0.4146403617999878,60,5,0.5,0.99,E[Agg(Q_xi)] - Agg(E[Q_xi]),bellman_backup,True,8x8,fixed,perturbation_seed,6000.0,2026.0,3000.0,support_restricted_tv_l1,exact_support_restricted_l1,,,,,
3,2029,45,Similarity-aware,0.008,3.1712913545201005e-18,1.3471211993132393e-17,3.3306690738754696e-16,3.3306690738754696e-16,-2.220446049250313e-16,7.648293911266295e-16,3.2488906614524346e-15,8.032669707832498e-14,8.032669707832498e-14,-5.3551131385549994e-14,0.4146403617999878,60,5,0.5,0.99,E[Agg(Q_xi)] - Agg(E[Q_xi]),bellman_backup,True,8x8,fixed,perturbation_seed,6000.0,2026.0,3000.0,support_restricted_tv_l1,exact_support_restricted_l1,,,,,
3,2029,50,Similarity-aware,0.008,-1.8973538018496328e-19,1.2088854223213374e-17,3.3306690738754696e-16,3.3306690738754696e-16,-2.220446049250313e-16,-4.5759023400738515e-17,2.9155034909613397e-15,8.032669707832498e-14,8.032669707832498e-14,-5.3551131385549994e-14,0.4146403617999878,60,5,0.5,0.99,E[Agg(Q_xi)] - Agg(E[Q_xi]),bellman_backup,True,8x8,fixed,perturbation_seed,6000.0,2026.0,3000.0,support_restricted_tv_l1,exact_support_restricted_l1,,,,,
3,2029,55,Similarity-aware,0.008,-1.5178830414797062e-18,1.1248597539537109e-17,2.7755575615628914e-16,2.7755575615628914e-16,-2.220446049250313e-16,-3.660721872059081e-16,2.712856387329498e-15,6.693891423193748e-14,6.693891423193748e-14,-5.3551131385549994e-14,0.4146403617999878,60,5,0.5,0.99,E[Agg(Q_xi)] - Agg(E[Q_xi]),bellman_backup,True,8x8,fixed,perturbation_seed,6000.0,2026.0,3000.0,support_restricted_tv_l1,exact_support_restricted_l1,,,,,
3,2029,60,Similarity-aware,0.008,1.2197274440461925e-18,1.5910666881224778e-17,3.3306690738754696e-16,2.7755575615628914e-16,-3.3306690738754696e-16,2.94165150433319e-16,3.837220962319073e-15,8.032669707832498e-14,6.693891423193748e-14,-8.032669707832498e-14,0.4146403617999878,60,5,0.5,0.99,E[Agg(Q_xi)] - Agg(E[Q_xi]),bellman_backup,True,8x8,fixed,perturbation_seed,6000.0,2026.0,3000.0,support_restricted_tv_l1,exact_support_restricted_l1,,,,,
3,2029,65,Similarity-aware,0.008,-3.848917712323541e-18,1.2956215961201778e-17,4.440892098500626e-16,2.220446049250313e-16,-4.440892098500626e-16,-9.282544747006956e-16,3.1246875979361446e-15,1.0710226277109999e-13,5.3551131385549994e-14,-1.0710226277109999e-13,0.4146403617999878,60,5,0.5,0.99,E[Agg(Q_xi)] - Agg(E[Q_xi]),bellman_backup,True,8x8,fixed,perturbation_seed,6000.0,2026.0,3000.0,support_restricted_tv_l1,exact_support_restricted_l1,,,,,
3,2029,70,Similarity-aware,0.008,-1.463672932855431e-18,1.496198998029996e-17,3.3306690738754696e-16,2.220446049250313e-16,-3.3306690738754696e-16,-3.5299818051998284e-16,3.60842584531538e-15,8.032669707832498e-14,5.3551131385549994e-14,-8.032669707832498e-14,0.4146403617999878,60,5,0.5,0.99,E[Agg(Q_xi)] - Agg(E[Q_xi]),bellman_backup,True,8x8,fixed,perturbation_seed,6000.0,2026.0,3000.0,support_restricted_tv_l1,exact_support_restricted_l1,,,,,
3,2029,75,Similarity-aware,0.008,-2.439454888092385e-18,1.702197410802242e-17,3.3306690738754696e-16,2.220446049250313e-16,-3.3306690738754696e-16,-5.88330300866638e-16,4.1052380993805414e-15,8.032669707832498e-14,5.3551131385549994e-14,-8.032669707832498e-14,0.4146403617999878,60,5,0.5,0.99,E[Agg(Q_xi)] - Agg(E[Q_xi]),bellman_backup,True,8x8,fixed,perturbation_seed,6000.0,2026.0,3000.0,support_restricted_tv_l1,exact_support_restricted_l1,,,,,
3,2029,80,Similarity-aware,0.008,5.204170427930421e-18,2.1033522146218786e-17,3.3306690738754696e-16,2.7755575615628914e-16,-3.3306690738754696e-16,1.2551046418488278e-15,5.072714594139013e-15,8.032669707832498e-14,6.693891423193748e-14,-8.032669707832498e-14,0.4146403617999878,60,5,0.5,0.99,E[Agg(Q_xi)] - Agg(E[Q_xi]),bellman_backup,True,8x8,fixed,perturbation_seed,6000.0,2026.0,3000.0,support_restricted_tv_l1,exact_support_restricted_l1,,,,,
3,2029,85,Similarity-aware,0.008,4.336808689942018e-19,1.9136168344369153e-17,2.7755575615628914e-16,2.7755575615628914e-16,-2.220446049250313e-16,1.0459205348740233e-16,4.615124360131628e-15,6.693891423193748e-14,6.693891423193748e-14,-5.3551131385549994e-14,0.4146403617999878,60,5,0.5,0.99,E[Agg(Q_xi)] - Agg(E[Q_xi]),bellman_backup,True,8x8,fixed,perturbation_seed,6000.0,2026.0,3000.0,support_restricted_tv_l1,exact_support_restricted_l1,,,,,
3,2029,90,Similarity-aware,0.008,-1.3010426069826053e-18,1.929879867024198e-17,2.220446049250313e-16,2.220446049250313e-16,-2.220446049250313e-16,-3.1377616046220696e-16,4.654346380189403e-15,5.3551131385549994e-14,5.3551131385549994e-14,-5.3551131385549994e-14,0.4146403617999878,60,5,0.5,0.99,E[Agg(Q_xi)] - Agg(E[Q_xi]),bellman_backup,True,8x8,fixed,perturbation_seed,6000.0,2026.0,3000.0,support_restricted_tv_l1,exact_support_restricted_l1,,,,,
3,2029,95,Similarity-aware,0.008,6.7220534694101275e-18,2.417770844642675e-17,4.440892098500626e-16,4.440892098500626e-16,-1.6653345369377348e-16,1.621176829054736e-15,5.8310069819226795e-15,1.0710226277109999e-13,1.0710226277109999e-13,-4.016334853916249e-14,0.4146403617999878,60,5,0.5,0.99,E[Agg(Q_xi)] - Agg(E[Q_xi]),bellman_backup,True,8x8,fixed,perturbation_seed,6000.0,2026.0,3000.0,support_restricted_tv_l1,exact_support_restricted_l1,,,,,
3,2029,100,Similarity-aware,0.008,1.463672932855431e-18,2.1467203015212988e-17,3.3306690738754696e-16,3.3306690738754696e-16,-2.220446049250313e-16,3.5299818051998284e-16,5.177306647626415e-15,8.032669707832498e-14,8.032669707832498e-14,-5.3551131385549994e-14,0.4146403617999878,60,5,0.5,0.99,E[Agg(Q_xi)] - Agg(E[Q_xi]),bellman_backup,True,8x8,fixed,perturbation_seed,6000.0,2026.0,3000.0,support_restricted_tv_l1,exact_support_restricted_l1,,,,,
3,2029,105,Similarity-aware,0.008,2.927345865710862e-18,2.4448758989548125e-17,4.440892098500626e-16,4.440892098500626e-16,-1.6653345369377348e-16,7.059963610399657e-16,5.896377015352306e-15,1.0710226277109999e-13,1.0710226277109999e-13,-4.016334853916249e-14,0.4146403617999878,60,5,0.5,0.99,E[Agg(Q_xi)] - Agg(E[Q_xi]),bellman_backup,True,8x8,fixed,perturbation_seed,6000.0,2026.0,3000.0,support_restricted_tv_l1,exact_support_restricted_l1,,,,,
3,2029,110,Similarity-aware,0.008,-2.0599841277224584e-18,2.336455681706262e-17,3.3306690738754696e-16,3.3306690738754696e-16,-2.220446049250313e-16,-4.96812254065161e-16,5.6348968816338e-15,8.032669707832498e-14,8.032669707832498e-14,-5.3551131385549994e-14,0.4146403617999878,60,5,0.5,0.99,E[Agg(Q_xi)] - Agg(E[Q_xi]),bellman_backup,True,8x8,fixed,perturbation_seed,6000.0,2026.0,3000.0,support_restricted_tv_l1,exact_support_restricted_l1,,,,,
3,2029,115,Similarity-aware,0.008,6.5052130349130266e-18,2.9110828331235794e-17,2.220446049250313e-16,2.220446049250313e-16,-2.220446049250313e-16,1.5688808023110349e-15,7.020741590341881e-15,5.3551131385549994e-14,5.3551131385549994e-14,-5.3551131385549994e-14,0.4146403617999878,60,5,0.5,0.99,E[Agg(Q_xi)] - Agg(E[Q_xi]),bellman_backup,True,8x8,fixed,perturbation_seed,6000.0,2026.0,3000.0,support_restricted_tv_l1,exact_support_restricted_l1,,,,,
3,2029,120,Similarity-aware,0.008,9.75781955236954e-19,2.293087594806842e-17,4.440892098500626e-16,4.440892098500626e-16,-2.220446049250313e-16,2.3533212034665524e-16,5.530304828146398e-15,1.0710226277109999e-13,1.0710226277109999e-13,-5.3551131385549994e-14,0.4146403617999878,60,5,0.5,0.99,E[Agg(Q_xi)] - Agg(E[Q_xi]),bellman_backup,True,8x8,fixed,perturbation_seed,6000.0,2026.0,3000.0,support_restricted_tv_l1,exact_support_restricted_l1,,,,,
3,2029,125,Similarity-aware,0.008,-4.336808689942018e-18,2.3744027577432547e-17,4.440892098500626e-16,2.220446049250313e-16,-4.440892098500626e-16,-1.0459205348740232e-15,5.726414928435278e-15,1.0710226277109999e-13,5.3551131385549994e-14,-1.0710226277109999e-13,0.4146403617999878,60,5,0.5,0.99,E[Agg(Q_xi)] - Agg(E[Q_xi]),bellman_backup,True,8x8,fixed,perturbation_seed,6000.0,2026.0,3000.0,support_restricted_tv_l1,exact_support_restricted_l1,,,,,
3,2029,130,Similarity-aware,0.008,4.0115480381963664e-18,3.0249240612345574e-17,5.551115123125783e-16,5.551115123125783e-16,-3.3306690738754696e-16,9.674764947584714e-16,7.295295730746312e-15,1.3387782846387497e-13,1.3387782846387497e-13,-8.032669707832498e-14,0.4146403617999878,60,5,0.5,0.99,E[Agg(Q_xi)] - Agg(E[Q_xi]),bellman_backup,True,8x8,fixed,perturbation_seed,6000.0,2026.0,3000.0,support_restricted_tv_l1,exact_support_restricted_l1,,,,,
3,2029,135,Similarity-aware,0.008,9.703609443745265e-18,3.111660235033398e-17,3.3306690738754696e-16,3.3306690738754696e-16,-2.220446049250313e-16,2.340247196780627e-15,7.504479837721117e-15,8.032669707832498e-14,8.032669707832498e-14,-5.3551131385549994e-14,0.4146403617999878,60,5,0.5,0.99,E[Agg(Q_xi)] - Agg(E[Q_xi]),bellman_backup,True,8x8,fixed,perturbation_seed,6000.0,2026.0,3000.0,support_restricted_tv_l1,exact_support_restricted_l1,,,,,
3,2029,140,Similarity-aware,0.008,-2.656295322589486e-18,2.99781900692242e-17,3.3306690738754696e-16,3.3306690738754696e-16,-3.3306690738754696e-16,-6.406263276103392e-16,7.229925697316685e-15,8.032669707832498e-14,8.032669707832498e-14,-8.032669707832498e-14,0.4146403617999878,60,5,0.5,0.99,E[Agg(Q_xi)] - Agg(E[Q_xi]),bellman_backup,True,8x8,fixed,perturbation_seed,6000.0,2026.0,3000.0,support_restricted_tv_l1,exact_support_restricted_l1,,,,,
3,2029,145,Similarity-aware,0.008,1.7889335846010823e-18,3.133344278483108e-17,4.440892098500626e-16,4.440892098500626e-16,-4.440892098500626e-16,4.314422206355346e-16,7.556775864464818e-15,1.0710226277109999e-13,1.0710226277109999e-13,-1.0710226277109999e-13,0.4146403617999878,60,5,0.5,0.99,E[Agg(Q_xi)] - Agg(E[Q_xi]),bellman_backup,True,8x8,fixed,perturbation_seed,6000.0,2026.0,3000.0,support_restricted_tv_l1,exact_support_restricted_l1,,,,,
3,2029,150,Similarity-aware,0.008,-4.553649124439119e-18,2.5912431922403556e-17,3.3306690738754696e-16,3.3306690738754696e-16,-3.3306690738754696e-16,-1.0982165616177245e-15,6.249375195872289e-15,8.032669707832498e-14,8.032669707832498e-14,-8.032669707832498e-14,0.4146403617999878,60,5,0.5,0.99,E[Agg(Q_xi)] - Agg(E[Q_xi]),bellman_backup,True,8x8,fixed,perturbation_seed,6000.0,2026.0,3000.0,support_restricted_tv_l1,exact_support_restricted_l1,,,,,
3,2029,155,Similarity-aware,0.008,1.1926223897340549e-18,2.992397996059992e-17,3.3306690738754696e-16,3.3306690738754696e-16,-2.7755575615628914e-16,2.876281470903564e-16,7.21685169063076e-15,8.032669707832498e-14,8.032669707832498e-14,-6.693891423193748e-14,0.4146403617999878,60,5,0.5,0.99,E[Agg(Q_xi)] - Agg(E[Q_xi]),bellman_backup,True,8x8,fixed,perturbation_seed,6000.0,2026.0,3000.0,support_restricted_tv_l1,exact_support_restricted_l1,,,,,
3,2029,160,Similarity-aware,0.008,2.4936649967166602e-18,3.0357660829594124e-17,3.3306690738754696e-16,3.3306690738754696e-16,-3.3306690738754696e-16,6.014043075525634e-16,7.321443744118163e-15,8.032669707832498e-14,8.032669707832498e-14,-8.032669707832498e-14,0.4146403617999878,60,5,0.5,0.99,E[Agg(Q_xi)] - Agg(E[Q_xi]),bellman_backup,True,8x8,fixed,perturbation_seed,6000.0,2026.0,3000.0,support_restricted_tv_l1,exact_support_restricted_l1,,,,,
3,2029,165,Similarity-aware,0.008,-3.0357660829594124e-18,2.873135757086587e-17,3.3306690738754696e-16,2.220446049250313e-16,-3.3306690738754696e-16,-7.321443744118162e-16,6.929223543540404e-15,8.032669707832498e-14,5.3551131385549994e-14,-8.032669707832498e-14,0.4146403617999878,60,5,0.5,0.99,E[Agg(Q_xi)] - Agg(E[Q_xi]),bellman_backup,True,8x8,fixed,perturbation_seed,6000.0,2026.0,3000.0,support_restricted_tv_l1,exact_support_restricted_l1,,,,,
3,2029,170,Similarity-aware,0.008,2.927345865710862e-18,3.0682921481339775e-17,4.440892098500626e-16,4.440892098500626e-16,-3.3306690738754696e-16,7.059963610399657e-16,7.399887784233714e-15,1.0710226277109999e-13,1.0710226277109999e-13,-8.032669707832498e-14,0.4146403617999878,60,5,0.5,0.99,E[Agg(Q_xi)] - Agg(E[Q_xi]),bellman_backup,True,8x8,fixed,perturbation_seed,6000.0,2026.0,3000.0,support_restricted_tv_l1,exact_support_restricted_l1,,,,,
3,2029,175,Similarity-aware,0.008,-2.168404344971009e-18,2.8514517136368767e-17,3.3306690738754696e-16,2.7755575615628914e-16,-3.3306690738754696e-16,-5.229602674370116e-16,6.876927516796703e-15,8.032669707832498e-14,6.693891423193748e-14,-8.032669707832498e-14,0.4146403617999878,60,5,0.5,0.99,E[Agg(Q_xi)] - Agg(E[Q_xi]),bellman_backup,True,8x8,fixed,perturbation_seed,6000.0,2026.0,3000.0,support_restricted_tv_l1,exact_support_restricted_l1,,,,,
3,2029,180,Similarity-aware,0.008,-2.0599841277224584e-18,3.0574501264091225e-17,3.3306690738754696e-16,3.3306690738754696e-16,-3.3306690738754696e-16,-4.96812254065161e-16,7.373739770861864e-15,8.032669707832498e-14,8.032669707832498e-14,-8.032669707832498e-14,0.4146403617999878,60,5,0.5,0.99,E[Agg(Q_xi)] - Agg(E[Q_xi]),bellman_backup,True,8x8,fixed,perturbation_seed,6000.0,2026.0,3000.0,support_restricted_tv_l1,exact_support_restricted_l1,,,,,
3,2029,185,Similarity-aware,0.008,-8.782037597132586e-18,2.6020852139652106e-17,4.440892098500626e-16,2.220446049250313e-16,-4.440892098500626e-16,-2.1179890831198972e-15,6.2755232092441396e-15,1.0710226277109999e-13,5.3551131385549994e-14,-1.0710226277109999e-13,0.4146403617999878,60,5,0.5,0.99,E[Agg(Q_xi)] - Agg(E[Q_xi]),bellman_backup,True,8x8,fixed,perturbation_seed,6000.0,2026.0,3000.0,support_restricted_tv_l1,exact_support_restricted_l1,,,,,
3,2029,190,Similarity-aware,0.008,4.336808689942018e-19,3.220080452281948e-17,3.3306690738754696e-16,2.7755575615628914e-16,-3.3306690738754696e-16,1.0459205348740233e-16,7.765959971439622e-15,8.032669707832498e-14,6.693891423193748e-14,-8.032669707832498e-14,0.4146403617999878,60,5,0.5,0.99,E[Agg(Q_xi)] - Agg(E[Q_xi]),bellman_backup,True,8x8,fixed,perturbation_seed,6000.0,2026.0,3000.0,support_restricted_tv_l1,exact_support_restricted_l1,,,,,
3,2029,195,Similarity-aware,0.008,-1.214306433183765e-17,2.7863995832877464e-17,2.220446049250313e-16,2.220446049250313e-16,-2.220446049250313e-16,-2.928577497647265e-15,6.7200394365656e-15,5.3551131385549994e-14,5.3551131385549994e-14,-5.3551131385549994e-14,0.4146403617999878,60,5,0.5,0.99,E[Agg(Q_xi)] - Agg(E[Q_xi]),bellman_backup,True,8x8,fixed,perturbation_seed,6000.0,2026.0,3000.0,support_restricted_tv_l1,exact_support_restricted_l1,,,,,
3,2029,200,Similarity-aware,0.008,-6.071532165918825e-18,3.0682921481339775e-17,4.440892098500626e-16,4.440892098500626e-16,-3.3306690738754696e-16,-1.4642887488236325e-15,7.399887784233714e-15,1.0710226277109999e-13,1.0710226277109999e-13,-8.032669707832498e-14,0.4146403617999878,60,5,0.5,0.99,E[Agg(Q_xi)] - Agg(E[Q_xi]),bellman_backup,True,8x8,fixed,perturbation_seed,6000.0,2026.0,3000.0,support_restricted_tv_l1,exact_support_restricted_l1,,,,,
3,2029,205,Similarity-aware,0.008,1.3444106938820255e-17,4.206704429243757e-17,4.440892098500626e-16,4.440892098500626e-16,-2.7755575615628914e-16,3.242353658109472e-15,1.0145429188278026e-14,1.0710226277109999e-13,1.0710226277109999e-13,-6.693891423193748e-14,0.4146403617999878,60,5,0.5,0.99,E[Agg(Q_xi)] - Agg(E[Q_xi]),bellman_backup,True,8x8,fixed,perturbation_seed,6000.0,2026.0,3000.0,support_restricted_tv_l1,exact_support_restricted_l1,,,,,
3,2029,210,Similarity-aware,0.008,2.2768245622195593e-18,3.5887091909270197e-17,3.3306690738754696e-16,3.3306690738754696e-16,-3.3306690738754696e-16,5.491082808088623e-16,8.654992426082542e-15,8.032669707832498e-14,8.032669707832498e-14,-8.032669707832498e-14,0.4146403617999878,60,5,0.5,0.99,E[Agg(Q_xi)] - Agg(E[Q_xi]),bellman_backup,True,8x8,fixed,perturbation_seed,6000.0,2026.0,3000.0,support_restricted_tv_l1,exact_support_restricted_l1,,,,,
3,2029,215,Similarity-aware,0.008,8.782037597132586e-18,3.935653886122381e-17,4.440892098500626e-16,4.440892098500626e-16,-3.3306690738754696e-16,2.1179890831198972e-15,9.491728853981762e-15,1.0710226277109999e-13,1.0710226277109999e-13,-8.032669707832498e-14,0.4146403617999878,60,5,0.5,0.99,E[Agg(Q_xi)] - Agg(E[Q_xi]),bellman_backup,True,8x8,fixed,perturbation_seed,6000.0,2026.0,3000.0,support_restricted_tv_l1,exact_support_restricted_l1,,,,,
3,2029,220,Similarity-aware,0.008,-1.4094628242311558e-18,3.621235256101585e-17,5.551115123125783e-16,3.885780586188048e-16,-5.551115123125783e-16,-3.3992417383405756e-16,8.733436466198094e-15,1.3387782846387497e-13,9.371447992471248e-14,-1.3387782846387497e-13,0.4146403617999878,60,5,0.5,0.99,E[Agg(Q_xi)] - Agg(E[Q_xi]),bellman_backup,True,8x8,fixed,perturbation_seed,6000.0,2026.0,3000.0,support_restricted_tv_l1,exact_support_restricted_l1,,,,,
3,2029,225,Similarity-aware,0.008,1.5829351718288365e-17,4.5211230592645535e-17,4.440892098500626e-16,4.440892098500626e-16,-3.3306690738754696e-16,3.817609952290185e-15,1.0903721576061693e-14,1.0710226277109999e-13,1.0710226277109999e-13,-8.032669707832498e-14,0.4146403617999878,60,5,0.5,0.99,E[Agg(Q_xi)] - Agg(E[Q_xi]),bellman_backup,True,8x8,fixed,perturbation_seed,6000.0,2026.0,3000.0,support_restricted_tv_l1,exact_support_restricted_l1,,,,,
3,2029,230,Similarity-aware,0.008,-5.095750210681871e-18,3.2959746043559335e-17,3.3306690738754696e-16,3.3306690738754696e-16,-3.3306690738754696e-16,-1.2289566284769774e-15,7.948996065042577e-15,8.032669707832498e-14,8.032669707832498e-14,-8.032669707832498e-14,0.4146403617999878,60,5,0.5,0.99,E[Agg(Q_xi)] - Agg(E[Q_xi]),bellman_backup,True,8x8,fixed,perturbation_seed,6000.0,2026.0,3000.0,support_restricted_tv_l1,exact_support_restricted_l1,,,,,
3,2029,235,Similarity-aware,0.008,3.2526065174565133e-18,3.7621815385247004e-17,4.440892098500626e-16,4.440892098500626e-16,-3.3306690738754696e-16,7.844404011555174e-16,9.073360640032151e-15,1.0710226277109999e-13,1.0710226277109999e-13,-8.032669707832498e-14,0.4146403617999878,60,5,0.5,0.99,E[Agg(Q_xi)] - Agg(E[Q_xi]),bellman_backup,True,8x8,fixed,perturbation_seed,6000.0,2026.0,3000.0,support_restricted_tv_l1,exact_support_restricted_l1,,,,,
3,2029,240,Similarity-aware,0.008,-6.396792817664476e-18,3.5236570605778894e-17,4.440892098500626e-16,3.3306690738754696e-16,-4.440892098500626e-16,-1.5427327889391842e-15,8.49810434585144e-15,1.0710226277109999e-13,8.032669707832498e-14,-1.0710226277109999e-13,0.4146403617999878,60,5,0.5,0.99,E[Agg(Q_xi)] - Agg(E[Q_xi]),bellman_backup,True,8x8,fixed,perturbation_seed,6000.0,2026.0,3000.0,support_restricted_tv_l1,exact_support_restricted_l1,,,,,
3,2029,245,Similarity-aware,0.008,-1.5178830414797062e-18,3.220080452281948e-17,3.3306690738754696e-16,2.220446049250313e-16,-3.3306690738754696e-16,-3.660721872059081e-16,7.765959971439622e-15,8.032669707832498e-14,5.3551131385549994e-14,-8.032669707832498e-14,0.4146403617999878,60,5,0.5,0.99,E[Agg(Q_xi)] - Agg(E[Q_xi]),bellman_backup,True,8x8,fixed,perturbation_seed,6000.0,2026.0,3000.0,support_restricted_tv_l1,exact_support_restricted_l1,,,,,
3,2029,250,Similarity-aware,0.008,4.7704895589362195e-18,3.838075690598686e-17,3.3306690738754696e-16,3.3306690738754696e-16,-2.7755575615628914e-16,1.1505125883614256e-15,9.256396733635106e-15,8.032669707832498e-14,8.032669707832498e-14,-6.693891423193748e-14,0.4146403617999878,60,5,0.5,0.99,E[Agg(Q_xi)] - Agg(E[Q_xi]),bellman_backup,True,8x8,fixed,perturbation_seed,6000.0,2026.0,3000.0,support_restricted_tv_l1,exact_support_restricted_l1,,,,,
3,2029,255,Similarity-aware,0.008,1.5178830414797062e-18,3.67544536472586e-17,3.3306690738754696e-16,3.3306690738754696e-16,-2.220446049250313e-16,3.660721872059081e-16,8.864176533057347e-15,8.032669707832498e-14,8.032669707832498e-14,-5.3551131385549994e-14,0.4146403617999878,60,5,0.5,0.99,E[Agg(Q_xi)] - Agg(E[Q_xi]),bellman_backup,True,8x8,fixed,perturbation_seed,6000.0,2026.0,3000.0,support_restricted_tv_l1,exact_support_restricted_l1,,,,,
3,2029,260,Similarity-aware,0.008,-2.927345865710862e-18,3.5344990823027445e-17,5.551115123125783e-16,5.551115123125783e-16,-3.3306690738754696e-16,-7.059963610399657e-16,8.52425235922329e-15,1.3387782846387497e-13,1.3387782846387497e-13,-8.032669707832498e-14,0.4146403617999878,60,5,0.5,0.99,E[Agg(Q_xi)] - Agg(E[Q_xi]),bellman_backup,True,8x8,fixed,perturbation_seed,6000.0,2026.0,3000.0,support_restricted_tv_l1,exact_support_restricted_l1,,,,,
3,2029,265,Similarity-aware,0.008,3.2526065174565133e-19,3.838075690598686e-17,3.3306690738754696e-16,3.3306690738754696e-16,-3.3306690738754696e-16,7.844404011555174e-17,9.256396733635106e-15,8.032669707832498e-14,8.032669707832498e-14,-8.032669707832498e-14,0.4146403617999878,60,5,0.5,0.99,E[Agg(Q_xi)] - Agg(E[Q_xi]),bellman_backup,True,8x8,fixed,perturbation_seed,6000.0,2026.0,3000.0,support_restricted_tv_l1,exact_support_restricted_l1,,,,,
3,2029,270,Similarity-aware,0.008,2.4936649967166602e-18,3.8163916471489756e-17,4.440892098500626e-16,4.440892098500626e-16,-4.440892098500626e-16,6.014043075525634e-16,9.204100706891405e-15,1.0710226277109999e-13,1.0710226277109999e-13,-1.0710226277109999e-13,0.4146403617999878,60,5,0.5,0.99,E[Agg(Q_xi)] - Agg(E[Q_xi]),bellman_backup,True,8x8,fixed,perturbation_seed,6000.0,2026.0,3000.0,support_restricted_tv_l1,exact_support_restricted_l1,,,,,
3,2029,275,Similarity-aware,0.008,5.421010862427522e-19,3.664603343001005e-17,4.440892098500626e-16,3.3306690738754696e-16,-4.440892098500626e-16,1.307400668592529e-16,8.838028519685497e-15,1.0710226277109999e-13,8.032669707832498e-14,-1.0710226277109999e-13,0.4146403617999878,60,5,0.5,0.99,E[Agg(Q_xi)] - Agg(E[Q_xi]),bellman_backup,True,8x8,fixed,perturbation_seed,6000.0,2026.0,3000.0,support_restricted_tv_l1,exact_support_restricted_l1,,,,,
3,2029,280,Similarity-aware,0.008,-3.144186300207963e-18,3.599551212651875e-17,3.3306690738754696e-16,3.3306690738754696e-16,-3.3306690738754696e-16,-7.582923877836669e-16,8.681140439454393e-15,8.032669707832498e-14,8.032669707832498e-14,-8.032669707832498e-14,0.4146403617999878,60,5,0.5,0.99,E[Agg(Q_xi)] - Agg(E[Q_xi]),bellman_backup,True,8x8,fixed,perturbation_seed,6000.0,2026.0,3000.0,support_restricted_tv_l1,exact_support_restricted_l1,,,,,
3,2029,285,Similarity-aware,0.008,6.071532165918825e-18,4.163336342344337e-17,3.3306690738754696e-16,3.3306690738754696e-16,-3.3306690738754696e-16,1.4642887488236325e-15,1.0040837134790623e-14,8.032669707832498e-14,8.032669707832498e-14,-8.032669707832498e-14,0.4146403617999878,60,5,0.5,0.99,E[Agg(Q_xi)] - Agg(E[Q_xi]),bellman_backup,True,8x8,fixed,perturbation_seed,6000.0,2026.0,3000.0,support_restricted_tv_l1,exact_support_restricted_l1,,,,,
3,2029,290,Similarity-aware,0.008,5.312590645178972e-18,4.2825985813177425e-17,3.3306690738754696e-16,3.3306690738754696e-16,-3.3306690738754696e-16,1.2812526552206785e-15,1.032846528188098e-14,8.032669707832498e-14,8.032669707832498e-14,-8.032669707832498e-14,0.4146403617999878,60,5,0.5,0.99,E[Agg(Q_xi)] - Agg(E[Q_xi]),bellman_backup,True,8x8,fixed,perturbation_seed,6000.0,2026.0,3000.0,support_restricted_tv_l1,exact_support_restricted_l1,,,,,
3,2029,295,Similarity-aware,0.008,1.4094628242311558e-17,4.423544863740858e-17,3.3306690738754696e-16,3.3306690738754696e-16,-3.3306690738754696e-16,3.3992417383405755e-15,1.0668389455715037e-14,8.032669707832498e-14,8.032669707832498e-14,-8.032669707832498e-14,0.4146403617999878,60,5,0.5,0.99,E[Agg(Q_xi)] - Agg(E[Q_xi]),bellman_backup,True,8x8,fixed,perturbation_seed,6000.0,2026.0,3000.0,support_restricted_tv_l1,exact_support_restricted_l1,,,,,
3,2029,300,Similarity-aware,0.008,6.7220534694101275e-18,4.206704429243757e-17,4.440892098500626e-16,4.440892098500626e-16,-4.440892098500626e-16,1.621176829054736e-15,1.0145429188278026e-14,1.0710226277109999e-13,1.0710226277109999e-13,-1.0710226277109999e-13,0.4146403617999878,60,5,0.5,0.99,E[Agg(Q_xi)] - Agg(E[Q_xi]),bellman_backup,True,8x8,fixed,perturbation_seed,6000.0,2026.0,3000.0,support_restricted_tv_l1,exact_support_restricted_l1,,,,,
3,2029,305,Similarity-aware,0.008,3.686287386450715e-18,4.5102810375396984e-17,4.440892098500626e-16,3.3306690738754696e-16,-4.440892098500626e-16,8.890324546429199e-16,1.0877573562689842e-14,1.0710226277109999e-13,8.032669707832498e-14,-1.0710226277109999e-13,0.4146403617999878,60,5,0.5,0.99,E[Agg(Q_xi)] - Agg(E[Q_xi]),bellman_backup,True,8x8,fixed,perturbation_seed,6000.0,2026.0,3000.0,support_restricted_tv_l1,exact_support_restricted_l1,,,,,
3,2029,310,Similarity-aware,0.008,4.87890977618477e-18,4.2609145378680324e-17,6.661338147750939e-16,3.3306690738754696e-16,-6.661338147750939e-16,1.176660601733276e-15,1.0276169255137278e-14,1.6065339415664996e-13,8.032669707832498e-14,-1.6065339415664996e-13,0.4146403617999878,60,5,0.5,0.99,E[Agg(Q_xi)] - Agg(E[Q_xi]),bellman_backup,True,8x8,fixed,perturbation_seed,6000.0,2026.0,3000.0,support_restricted_tv_l1,exact_support_restricted_l1,,,,,
3,2029,315,Similarity-aware,0.008,-2.0599841277224584e-18,3.69712940817557e-17,4.440892098500626e-16,4.440892098500626e-16,-3.3306690738754696e-16,-4.96812254065161e-16,8.916472559801048e-15,1.0710226277109999e-13,1.0710226277109999e-13,-8.032669707832498e-14,0.4146403617999878,60,5,0.5,0.99,E[Agg(Q_xi)] - Agg(E[Q_xi]),bellman_backup,True,8x8,fixed,perturbation_seed,6000.0,2026.0,3000.0,support_restricted_tv_l1,exact_support_restricted_l1,,,,,
3,2029,320,Similarity-aware,0.008,-1.0842021724855044e-19,3.892285799222961e-17,5.551115123125783e-16,3.3306690738754696e-16,-5.551115123125783e-16,-2.6148013371850583e-17,9.387136800494358e-15,1.3387782846387497e-13,8.032669707832498e-14,-1.3387782846387497e-13,0.4146403617999878,60,5,0.5,0.99,E[Agg(Q_xi)] - Agg(E[Q_xi]),bellman_backup,True,8x8,fixed,perturbation_seed,6000.0,2026.0,3000.0,support_restricted_tv_l1,exact_support_restricted_l1,,,,,
3,2029,325,Similarity-aware,0.008,5.854691731421724e-18,4.185020385794047e-17,4.440892098500626e-16,4.440892098500626e-16,-3.3306690738754696e-16,1.4119927220799314e-15,1.0093133161534325e-14,1.0710226277109999e-13,1.0710226277109999e-13,-8.032669707832498e-14,0.4146403617999878,60,5,0.5,0.99,E[Agg(Q_xi)] - Agg(E[Q_xi]),bellman_backup,True,8x8,fixed,perturbation_seed,6000.0,2026.0,3000.0,support_restricted_tv_l1,exact_support_restricted_l1,,,,,
3,2029,330,Similarity-aware,0.008,-5.5294310796760726e-18,3.913969842672671e-17,5.551115123125783e-16,3.3306690738754696e-16,-5.551115123125783e-16,-1.3335486819643796e-15,9.43943282723806e-15,1.3387782846387497e-13,8.032669707832498e-14,-1.3387782846387497e-13,0.4146403617999878,60,5,0.5,0.99,E[Agg(Q_xi)] - Agg(E[Q_xi]),bellman_backup,True,8x8,fixed,perturbation_seed,6000.0,2026.0,3000.0,support_restricted_tv_l1,exact_support_restricted_l1,,,,,
3,2029,335,Similarity-aware,0.008,1.2793585635328952e-17,4.607859233063394e-17,3.3306690738754696e-16,3.3306690738754696e-16,-3.3306690738754696e-16,3.0854655778783685e-15,1.1112905683036498e-14,8.032669707832498e-14,8.032669707832498e-14,-8.032669707832498e-14,0.4146403617999878,60,5,0.5,0.99,E[Agg(Q_xi)] - Agg(E[Q_xi]),bellman_backup,True,8x8,fixed,perturbation_seed,6000.0,2026.0,3000.0,support_restricted_tv_l1,exact_support_restricted_l1,,,,,
3,2029,340,Similarity-aware,0.008,1.4203048459560108e-17,4.705437428587089e-17,5.551115123125783e-16,5.551115123125783e-16,-3.3306690738754696e-16,3.425389751712426e-15,1.1348237803383152e-14,1.3387782846387497e-13,1.3387782846387497e-13,-8.032669707832498e-14,0.4146403617999878,60,5,0.5,0.99,E[Agg(Q_xi)] - Agg(E[Q_xi]),bellman_backup,True,8x8,fixed,perturbation_seed,6000.0,2026.0,3000.0,support_restricted_tv_l1,exact_support_restricted_l1,,,,,
3,2029,345,Similarity-aware,0.008,4.119968255444917e-18,4.163336342344337e-17,5.551115123125783e-16,3.3306690738754696e-16,-5.551115123125783e-16,9.93624508130322e-16,1.0040837134790623e-14,1.3387782846387497e-13,8.032669707832498e-14,-1.3387782846387497e-13,0.4146403617999878,60,5,0.5,0.99,E[Agg(Q_xi)] - Agg(E[Q_xi]),bellman_backup,True,8x8,fixed,perturbation_seed,6000.0,2026.0,3000.0,support_restricted_tv_l1,exact_support_restricted_l1,,,,,
3,2029,350,Similarity-aware,0.008,1.6046192152785466e-17,4.716279450311944e-17,4.440892098500626e-16,4.440892098500626e-16,-4.440892098500626e-16,3.869905979033886e-15,1.1374385816755002e-14,1.0710226277109999e-13,1.0710226277109999e-13,-1.0710226277109999e-13,0.4146403617999878,60,5,0.5,0.99,E[Agg(Q_xi)] - Agg(E[Q_xi]),bellman_backup,True,8x8,fixed,perturbation_seed,6000.0,2026.0,3000.0,support_restricted_tv_l1,exact_support_restricted_l1,,,,,
3,2029,355,Similarity-aware,0.008,-1.3227266504323154e-17,3.426078865054194e-17,4.440892098500626e-16,3.3306690738754696e-16,-4.440892098500626e-16,-3.190057631365771e-15,8.262772225504784e-15,1.0710226277109999e-13,8.032669707832498e-14,-1.0710226277109999e-13,0.4146403617999878,60,5,0.5,0.99,E[Agg(Q_xi)] - Agg(E[Q_xi]),bellman_backup,True,8x8,fixed,perturbation_seed,6000.0,2026.0,3000.0,support_restricted_tv_l1,exact_support_restricted_l1,,,,,
3,2029,360,Similarity-aware,0.008,-8.673617379884035e-18,3.859759734048396e-17,6.661338147750939e-16,3.3306690738754696e-16,-6.661338147750939e-16,-2.0918410697480464e-15,9.308692760378807e-15,1.6065339415664996e-13,8.032669707832498e-14,-1.6065339415664996e-13,0.4146403617999878,60,5,0.5,0.99,E[Agg(Q_xi)] - Agg(E[Q_xi]),bellman_backup,True,8x8,fixed,perturbation_seed,6000.0,2026.0,3000.0,support_restricted_tv_l1,exact_support_restricted_l1,,,,,
3,2029,365,Similarity-aware,0.008,1.0299920638612292e-17,4.629543276513104e-17,4.440892098500626e-16,4.440892098500626e-16,-4.440892098500626e-16,2.4840612703258052e-15,1.1165201709780199e-14,1.0710226277109999e-13,1.0710226277109999e-13,-1.0710226277109999e-13,0.4146403617999878,60,5,0.5,0.99,E[Agg(Q_xi)] - Agg(E[Q_xi]),bellman_backup,True,8x8,fixed,perturbation_seed,6000.0,2026.0,3000.0,support_restricted_tv_l1,exact_support_restricted_l1,,,,,
3,2029,370,Similarity-aware,0.008,2.0599841277224584e-18,3.968179951296946e-17,4.440892098500626e-16,3.3306690738754696e-16,-4.440892098500626e-16,4.96812254065161e-16,9.570172894097313e-15,1.0710226277109999e-13,8.032669707832498e-14,-1.0710226277109999e-13,0.4146403617999878,60,5,0.5,0.99,E[Agg(Q_xi)] - Agg(E[Q_xi]),bellman_backup,True,8x8,fixed,perturbation_seed,6000.0,2026.0,3000.0,support_restricted_tv_l1,exact_support_restricted_l1,,,,,
3,2029,375,Similarity-aware,0.008,1.474514954580286e-17,5.084908188957016e-17,5.551115123125783e-16,5.551115123125783e-16,-3.885780586188048e-16,3.5561298185716795e-15,1.2263418271397923e-14,1.3387782846387497e-13,1.3387782846387497e-13,-9.371447992471248e-14,0.4146403617999878,60,5,0.5,0.99,E[Agg(Q_xi)] - Agg(E[Q_xi]),bellman_backup,True,8x8,fixed,perturbation_seed,6000.0,2026.0,3000.0,support_restricted_tv_l1,exact_support_restricted_l1,,,,,
3,2029,380,Similarity-aware,0.008,4.228388472693467e-18,3.924811864397526e-17,3.3306690738754696e-16,3.3306690738754696e-16,-3.3306690738754696e-16,1.0197725215021727e-15,9.465580840609911e-15,8.032669707832498e-14,8.032669707832498e-14,-8.032669707832498e-14,0.4146403617999878,60,5,0.5,0.99,E[Agg(Q_xi)] - Agg(E[Q_xi]),bellman_backup,True,8x8,fixed,perturbation_seed,6000.0,2026.0,3000.0,support_restricted_tv_l1,exact_support_restricted_l1,,,,,
3,2029,385,Similarity-aware,0.008,-9.107298248878237e-18,3.61039323437673e-17,3.3306690738754696e-16,3.3306690738754696e-16,-3.3306690738754696e-16,-2.196433123235449e-15,8.707288452826243e-15,8.032669707832498e-14,8.032669707832498e-14,-8.032669707832498e-14,0.4146403617999878,60,5,0.5,0.99,E[Agg(Q_xi)] - Agg(E[Q_xi]),bellman_backup,True,8x8,fixed,perturbation_seed,6000.0,2026.0,3000.0,support_restricted_tv_l1,exact_support_restricted_l1,,,,,
3,2029,390,Similarity-aware,0.008,2.6020852139652106e-18,4.2500725161431774e-17,3.3306690738754696e-16,3.3306690738754696e-16,-3.3306690738754696e-16,6.275523209244139e-16,1.0250021241765428e-14,8.032669707832498e-14,8.032669707832498e-14,-8.032669707832498e-14,0.4146403617999878,60,5,0.5,0.99,E[Agg(Q_xi)] - Agg(E[Q_xi]),bellman_backup,True,8x8,fixed,perturbation_seed,6000.0,2026.0,3000.0,support_restricted_tv_l1,exact_support_restricted_l1,,,,,
3,2029,395,Similarity-aware,0.008,-1.734723475976807e-18,3.7947076036992655e-17,4.440892098500626e-16,4.440892098500626e-16,-3.3306690738754696e-16,-4.1836821394960933e-16,9.151804680147704e-15,1.0710226277109999e-13,1.0710226277109999e-13,-8.032669707832498e-14,0.4146403617999878,60,5,0.5,0.99,E[Agg(Q_xi)] - Agg(E[Q_xi]),bellman_backup,True,8x8,fixed,perturbation_seed,6000.0,2026.0,3000.0,support_restricted_tv_l1,exact_support_restricted_l1,,,,,
3,2029,400,Similarity-aware,0.008,1.0842021724855044e-18,4.369334755116583e-17,5.551115123125783e-16,5.551115123125783e-16,-3.3306690738754696e-16,2.614801337185058e-16,1.0537649388855785e-14,1.3387782846387497e-13,1.3387782846387497e-13,-8.032669707832498e-14,0.4146403617999878,60,5,0.5,0.99,E[Agg(Q_xi)] - Agg(E[Q_xi]),bellman_backup,True,8x8,fixed,perturbation_seed,6000.0,2026.0,3000.0,support_restricted_tv_l1,exact_support_restricted_l1,,,,,
3,2029,405,Similarity-aware,0.008,1.5504091066542713e-17,5.0523821237824507e-17,4.440892098500626e-16,4.440892098500626e-16,-4.440892098500626e-16,3.7391659121746335e-15,1.2184974231282371e-14,1.0710226277109999e-13,1.0710226277109999e-13,-1.0710226277109999e-13,0.4146403617999878,60,5,0.5,0.99,E[Agg(Q_xi)] - Agg(E[Q_xi]),bellman_backup,True,8x8,fixed,perturbation_seed,6000.0,2026.0,3000.0,support_restricted_tv_l1,exact_support_restricted_l1,,,,,
3,2029,410,Similarity-aware,0.008,3.7947076036992655e-18,4.2717565595928875e-17,4.440892098500626e-16,4.440892098500626e-16,-4.440892098500626e-16,9.151804680147703e-16,1.0302317268509129e-14,1.0710226277109999e-13,1.0710226277109999e-13,-1.0710226277109999e-13,0.4146403617999878,60,5,0.5,0.99,E[Agg(Q_xi)] - Agg(E[Q_xi]),bellman_backup,True,8x8,fixed,perturbation_seed,6000.0,2026.0,3000.0,support_restricted_tv_l1,exact_support_restricted_l1,,,,,
3,2029,415,Similarity-aware,0.008,6.613633252161577e-18,4.130810277169772e-17,4.440892098500626e-16,3.3306690738754696e-16,-4.440892098500626e-16,1.5950288156828856e-15,9.962393094675071e-15,1.0710226277109999e-13,8.032669707832498e-14,-1.0710226277109999e-13,0.4146403617999878,60,5,0.5,0.99,E[Agg(Q_xi)] - Agg(E[Q_xi]),bellman_backup,True,8x8,fixed,perturbation_seed,6000.0,2026.0,3000.0,support_restricted_tv_l1,exact_support_restricted_l1,,,,,
3,2029,420,Similarity-aware,0.008,5.421010862427522e-19,3.924811864397526e-17,4.440892098500626e-16,3.3306690738754696e-16,-4.440892098500626e-16,1.307400668592529e-16,9.465580840609911e-15,1.0710226277109999e-13,8.032669707832498e-14,-1.0710226277109999e-13,0.4146403617999878,60,5,0.5,0.99,E[Agg(Q_xi)] - Agg(E[Q_xi]),bellman_backup,True,8x8,fixed,perturbation_seed,6000.0,2026.0,3000.0,support_restricted_tv_l1,exact_support_restricted_l1,,,,,
3,2029,425,Similarity-aware,0.008,-9.75781955236954e-18,3.7513395167998453e-17,4.440892098500626e-16,4.440892098500626e-16,-3.3306690738754696e-16,-2.353321203466552e-15,9.0472126266603e-15,1.0710226277109999e-13,1.0710226277109999e-13,-8.032669707832498e-14,0.4146403617999878,60,5,0.5,0.99,E[Agg(Q_xi)] - Agg(E[Q_xi]),bellman_backup,True,8x8,fixed,perturbation_seed,6000.0,2026.0,3000.0,support_restricted_tv_l1,exact_support_restricted_l1,,,,,
3,2029,430,Similarity-aware,0.008,1.0516761073109393e-17,4.8138576458356397e-17,4.440892098500626e-16,4.440892098500626e-16,-4.440892098500626e-16,2.5363572970695065e-15,1.1609717937101658e-14,1.0710226277109999e-13,1.0710226277109999e-13,-1.0710226277109999e-13,0.4146403617999878,60,5,0.5,0.99,E[Agg(Q_xi)] - Agg(E[Q_xi]),bellman_backup,True,8x8,fixed,perturbation_seed,6000.0,2026.0,3000.0,support_restricted_tv_l1,exact_support_restricted_l1,,,,,
3,2029,435,Similarity-aware,0.008,8.673617379884035e-19,4.0007060164715114e-17,5.551115123125783e-16,5.551115123125783e-16,-5.551115123125783e-16,2.0918410697480466e-16,9.648616934212864e-15,1.3387782846387497e-13,1.3387782846387497e-13,-1.3387782846387497e-13,0.4146403617999878,60,5,0.5,0.99,E[Agg(Q_xi)] - Agg(E[Q_xi]),bellman_backup,True,8x8,fixed,perturbation_seed,6000.0,2026.0,3000.0,support_restricted_tv_l1,exact_support_restricted_l1,,,,,
3,2029,440,Similarity-aware,0.008,5.204170427930421e-18,4.456070928915423e-17,3.3306690738754696e-16,3.3306690738754696e-16,-3.3306690738754696e-16,1.2551046418488278e-15,1.074683349583059e-14,8.032669707832498e-14,8.032669707832498e-14,-8.032669707832498e-14,0.4146403617999878,60,5,0.5,0.99,E[Agg(Q_xi)] - Agg(E[Q_xi]),bellman_backup,True,8x8,fixed,perturbation_seed,6000.0,2026.0,3000.0,support_restricted_tv_l1,exact_support_restricted_l1,,,,,
3,2029,445,Similarity-aware,0.008,-2.4936649967166602e-18,3.924811864397526e-17,4.440892098500626e-16,4.440892098500626e-16,-4.440892098500626e-16,-6.014043075525634e-16,9.465580840609911e-15,1.0710226277109999e-13,1.0710226277109999e-13,-1.0710226277109999e-13,0.4146403617999878,60,5,0.5,0.99,E[Agg(Q_xi)] - Agg(E[Q_xi]),bellman_backup,True,8x8,fixed,perturbation_seed,6000.0,2026.0,3000.0,support_restricted_tv_l1,exact_support_restricted_l1,,,,,
3,2029,450,Similarity-aware,0.008,5.7462715141731735e-18,4.4994390158148434e-17,4.440892098500626e-16,4.440892098500626e-16,-3.3306690738754696e-16,1.385844708708081e-15,1.0851425549317992e-14,1.0710226277109999e-13,1.0710226277109999e-13,-8.032669707832498e-14,0.4146403617999878,60,5,0.5,0.99,E[Agg(Q_xi)] - Agg(E[Q_xi]),bellman_backup,True,8x8,fixed,perturbation_seed,6000.0,2026.0,3000.0,support_restricted_tv_l1,exact_support_restricted_l1,,,,,
3,2029,455,Similarity-aware,0.008,-7.697835424647081e-18,4.0007060164715114e-17,4.440892098500626e-16,4.440892098500626e-16,-3.3306690738754696e-16,-1.856508949401391e-15,9.648616934212864e-15,1.0710226277109999e-13,1.0710226277109999e-13,-8.032669707832498e-14,0.4146403617999878,60,5,0.5,0.99,E[Agg(Q_xi)] - Agg(E[Q_xi]),bellman_backup,True,8x8,fixed,perturbation_seed,6000.0,2026.0,3000.0,support_restricted_tv_l1,exact_support_restricted_l1,,,,,
3,2029,460,Similarity-aware,0.008,1.0842021724855044e-18,4.401860820291148e-17,4.440892098500626e-16,4.440892098500626e-16,-4.440892098500626e-16,2.614801337185058e-16,1.0616093428971336e-14,1.0710226277109999e-13,1.0710226277109999e-13,-1.0710226277109999e-13,0.4146403617999878,60,5,0.5,0.99,E[Agg(Q_xi)] - Agg(E[Q_xi]),bellman_backup,True,8x8,fixed,perturbation_seed,6000.0,2026.0,3000.0,support_restricted_tv_l1,exact_support_restricted_l1,,,,,
3,2029,465,Similarity-aware,0.008,9.75781955236954e-19,4.597017211338539e-17,4.440892098500626e-16,3.885780586188048e-16,-4.440892098500626e-16,2.3533212034665524e-16,1.1086757669664647e-14,1.0710226277109999e-13,9.371447992471248e-14,-1.0710226277109999e-13,0.4146403617999878,60,5,0.5,0.99,E[Agg(Q_xi)] - Agg(E[Q_xi]),bellman_backup,True,8x8,fixed,perturbation_seed,6000.0,2026.0,3000.0,support_restricted_tv_l1,exact_support_restricted_l1,,,,,
3,2029,470,Similarity-aware,0.008,2.168404344971009e-18,4.4777549723651333e-17,5.551115123125783e-16,3.3306690738754696e-16,-5.551115123125783e-16,5.229602674370116e-16,1.079912952257429e-14,1.3387782846387497e-13,8.032669707832498e-14,-1.3387782846387497e-13,0.4146403617999878,60,5,0.5,0.99,E[Agg(Q_xi)] - Agg(E[Q_xi]),bellman_backup,True,8x8,fixed,perturbation_seed,6000.0,2026.0,3000.0,support_restricted_tv_l1,exact_support_restricted_l1,,,,,
3,2029,475,Similarity-aware,0.008,-5.7462715141731735e-18,3.946495907847236e-17,5.551115123125783e-16,5.551115123125783e-16,-3.3306690738754696e-16,-1.385844708708081e-15,9.517876867353612e-15,1.3387782846387497e-13,1.3387782846387497e-13,-8.032669707832498e-14,0.4146403617999878,60,5,0.5,0.99,E[Agg(Q_xi)] - Agg(E[Q_xi]),bellman_backup,True,8x8,fixed,perturbation_seed,6000.0,2026.0,3000.0,support_restricted_tv_l1,exact_support_restricted_l1,,,,,
3,2029,480,Similarity-aware,0.008,7.697835424647081e-18,4.85722573273506e-17,4.440892098500626e-16,4.440892098500626e-16,-4.440892098500626e-16,1.856508949401391e-15,1.171430999058906e-14,1.0710226277109999e-13,1.0710226277109999e-13,-1.0710226277109999e-13,0.4146403617999878,60,5,0.5,0.99,E[Agg(Q_xi)] - Agg(E[Q_xi]),bellman_backup,True,8x8,fixed,perturbation_seed,6000.0,2026.0,3000.0,support_restricted_tv_l1,exact_support_restricted_l1,,,,,
3,2029,485,Similarity-aware,0.008,-3.686287386450715e-18,3.903127820947816e-17,4.440892098500626e-16,4.440892098500626e-16,-3.3306690738754696e-16,-8.890324546429199e-16,9.413284813866209e-15,1.0710226277109999e-13,1.0710226277109999e-13,-8.032669707832498e-14,0.4146403617999878,60,5,0.5,0.99,E[Agg(Q_xi)] - Agg(E[Q_xi]),bellman_backup,True,8x8,fixed,perturbation_seed,6000.0,2026.0,3000.0,support_restricted_tv_l1,exact_support_restricted_l1,,,,,
3,2029,490,Similarity-aware,0.008,1.951563910473908e-18,4.5644911461639737e-17,4.440892098500626e-16,4.440892098500626e-16,-3.3306690738754696e-16,4.706642406933105e-16,1.1008313629549094e-14,1.0710226277109999e-13,1.0710226277109999e-13,-8.032669707832498e-14,0.4146403617999878,60,5,0.5,0.99,E[Agg(Q_xi)] - Agg(E[Q_xi]),bellman_backup,True,8x8,fixed,perturbation_seed,6000.0,2026.0,3000.0,support_restricted_tv_l1,exact_support_restricted_l1,,,,,
3,2029,495,Similarity-aware,0.008,-6.5052130349130266e-18,3.881443777498106e-17,5.551115123125783e-16,5.551115123125783e-16,-4.440892098500626e-16,-1.5688808023110349e-15,9.360988787122508e-15,1.3387782846387497e-13,1.3387782846387497e-13,-1.0710226277109999e-13,0.4146403617999878,60,5,0.5,0.99,E[Agg(Q_xi)] - Agg(E[Q_xi]),bellman_backup,True,8x8,fixed,perturbation_seed,6000.0,2026.0,3000.0,support_restricted_tv_l1,exact_support_restricted_l1,,,,,
3,2029,500,Similarity-aware,0.008,3.0357660829594124e-18,4.3259666682171627e-17,4.440892098500626e-16,4.440892098500626e-16,-4.440892098500626e-16,7.321443744118162e-16,1.0433057335368383e-14,1.0710226277109999e-13,1.0710226277109999e-13,-1.0710226277109999e-13,0.4146403617999878,60,5,0.5,0.99,E[Agg(Q_xi)] - Agg(E[Q_xi]),bellman_backup,True,8x8,fixed,perturbation_seed,6000.0,2026.0,3000.0,support_restricted_tv_l1,exact_support_restricted_l1,,,,,
3,2029,-1,metadata,,,,,,,,,,,,0.4146403617999878,60,5,0.5,0.99,,,,8x8,fixed,perturbation_seed,,,,support_restricted_tv_l1,exact_support_restricted_l1,0.0,0.01,0.02596058747191765,0.009086973721561701,0.38214510580919414
3,2029,-1,metadata,,,,,,,,,,,,0.4146403617999878,60,5,0.5,0.99,,,,8x8,fixed,perturbation_seed,,,,support_restricted_tv_l1,exact_support_restricted_l1,1.0,0.015,0.036018785029260425,0.014672050884129673,0.2754345586285784
3,2029,-1,metadata,,,,,,,,,,,,0.4146403617999878,60,5,0.5,0.99,,,,8x8,fixed,perturbation_seed,,,,support_restricted_tv_l1,exact_support_restricted_l1,2.0,0.02,0.046431941983560654,0.02020562475844698,0.2136649793791471
3,2029,-1,metadata,,,,,,,,,,,,0.4146403617999878,60,5,0.5,0.99,,,,8x8,fixed,perturbation_seed,,,,support_restricted_tv_l1,exact_support_restricted_l1,3.0,0.03,0.07705283205436192,0.02838570993289047,0.12875535618308032
4,2030,5,Maximum-based,0.008,0.0028023973617461615,0.0028023973617461615,0.004050470938508219,0.004050470938508219,0.0,0.6758621735666844,0.6758621735666844,0.9768636417653102,0.9768636417653102,0.0,0.4146403617999878,60,5,0.5,0.99,E[Agg(Q_xi)] - Agg(E[Q_xi]),bellman_backup,True,8x8,fixed,perturbation_seed,7000.0,2026.0,3000.0,support_restricted_tv_l1,exact_support_restricted_l1,,,,,
4,2030,10,Maximum-based,0.008,0.002804745508223407,0.002804745508223407,0.003985905052027325,0.003985905052027325,0.0,0.6764284827573892,0.6764284827573892,0.9612921025643003,0.9612921025643003,0.0,0.4146403617999878,60,5,0.5,0.99,E[Agg(Q_xi)] - Agg(E[Q_xi]),bellman_backup,True,8x8,fixed,perturbation_seed,7000.0,2026.0,3000.0,support_restricted_tv_l1,exact_support_restricted_l1,,,,,
4,2030,15,Maximum-based,0.008,0.002754104584711441,0.002754104584711441,0.004356019117423036,0.004356019117423036,0.0,0.6642152666362838,0.6642152666362838,1.0505535685221765,1.0505535685221765,0.0,0.4146403617999878,60,5,0.5,0.99,E[Agg(Q_xi)] - Agg(E[Q_xi]),bellman_backup,True,8x8,fixed,perturbation_seed,7000.0,2026.0,3000.0,support_restricted_tv_l1,exact_support_restricted_l1,,,,,
4,2030,20,Maximum-based,0.008,0.0027388748623367884,0.0027388748623367884,0.00407470646104157,0.00407470646104157,0.0,0.6605422710049519,0.6605422710049519,0.9827085919356562,0.9827085919356562,0.0,0.4146403617999878,60,5,0.5,0.99,E[Agg(Q_xi)] - Agg(E[Q_xi]),bellman_backup,True,8x8,fixed,perturbation_seed,7000.0,2026.0,3000.0,support_restricted_tv_l1,exact_support_restricted_l1,,,,,
4,2030,25,Maximum-based,0.008,0.002684007211970099,0.002684007211970099,0.003998338044776166,0.003998338044776166,0.0,0.6473096830994947,0.6473096830994947,0.9642906029261245,0.9642906029261245,0.0,0.4146403617999878,60,5,0.5,0.99,E[Agg(Q_xi)] - Agg(E[Q_xi]),bellman_backup,True,8x8,fixed,perturbation_seed,7000.0,2026.0,3000.0,support_restricted_tv_l1,exact_support_restricted_l1,,,,,
4,2030,30,Maximum-based,0.008,0.0026513379994971787,0.0026513379994971787,0.004052897455278086,0.004052897455278086,4.154241098008882e-06,0.639430755845259,0.639430755845259,0.9774488517432616,0.9774488517432616,0.0010018901874325453,0.4146403617999878,60,5,0.5,0.99,E[Agg(Q_xi)] - Agg(E[Q_xi]),bellman_backup,True,8x8,fixed,perturbation_seed,7000.0,2026.0,3000.0,support_restricted_tv_l1,exact_support_restricted_l1,,,,,
4,2030,35,Maximum-based,0.008,0.002660961894338856,0.002660961894338856,0.004132681675107247,0.004132681675107247,0.0,0.6417517780438455,0.6417517780438455,0.9966906398515902,0.9966906398515902,0.0,0.4146403617999878,60,5,0.5,0.99,E[Agg(Q_xi)] - Agg(E[Q_xi]),bellman_backup,True,8x8,fixed,perturbation_seed,7000.0,2026.0,3000.0,support_restricted_tv_l1,exact_support_restricted_l1,,,,,
4,2030,40,Maximum-based,0.008,0.002642430140724168,0.002642430140724168,0.0038657754075772655,0.0038657754075772655,0.0,0.6372824221098887,0.6372824221098887,0.9323200931997111,0.9323200931997111,0.0,0.4146403617999878,60,5,0.5,0.99,E[Agg(Q_xi)] - Agg(E[Q_xi]),bellman_backup,True,8x8,fixed,perturbation_seed,7000.0,2026.0,3000.0,support_restricted_tv_l1,exact_support_restricted_l1,,,,,
4,2030,45,Maximum-based,0.008,0.0026371612240022463,0.0026371612240022463,0.004151790335813282,0.004151790335813282,0.0,0.6360117024194445,0.6360117024194445,1.0012991301160408,1.0012991301160408,0.0,0.4146403617999878,60,5,0.5,0.99,E[Agg(Q_xi)] - Agg(E[Q_xi]),bellman_backup,True,8x8,fixed,perturbation_seed,7000.0,2026.0,3000.0,support_restricted_tv_l1,exact_support_restricted_l1,,,,,
4,2030,50,Maximum-based,0.008,0.0026088436428706166,0.0026088436428706166,0.003971718305519095,0.003971718305519095,0.0,0.6291822705212324,0.6291822705212324,0.9578706444007381,0.9578706444007381,0.0,0.4146403617999878,60,5,0.5,0.99,E[Agg(Q_xi)] - Agg(E[Q_xi]),bellman_backup,True,8x8,fixed,perturbation_seed,7000.0,2026.0,3000.0,support_restricted_tv_l1,exact_support_restricted_l1,,,,,
4,2030,55,Maximum-based,0.008,0.002578239374737115,0.002578239374737115,0.003895070254925817,0.003895070254925817,9.376082789724904e-06,0.62180135178948,0.62180135178948,0.9393852151818983,0.9393852151818983,0.002261256658426247,0.4146403617999878,60,5,0.5,0.99,E[Agg(Q_xi)] - Agg(E[Q_xi]),bellman_backup,True,8x8,fixed,perturbation_seed,7000.0,2026.0,3000.0,support_restricted_tv_l1,exact_support_restricted_l1,,,,,
4,2030,60,Maximum-based,0.008,0.002565712497673205,0.002565712497673205,0.004270725106078108,0.004270725106078108,0.0,0.618780209079318,0.618780209079318,1.0299829682615893,1.0299829682615893,0.0,0.4146403617999878,60,5,0.5,0.99,E[Agg(Q_xi)] - Agg(E[Q_xi]),bellman_backup,True,8x8,fixed,perturbation_seed,7000.0,2026.0,3000.0,support_restricted_tv_l1,exact_support_restricted_l1,,,,,
4,2030,65,Maximum-based,0.008,0.0025931944380568677,0.0025931944380568677,0.004087382963561356,0.004087382963561356,0.0,0.6254081071122932,0.6254081071122932,0.9857658202442453,0.9857658202442453,0.0,0.4146403617999878,60,5,0.5,0.99,E[Agg(Q_xi)] - Agg(E[Q_xi]),bellman_backup,True,8x8,fixed,perturbation_seed,7000.0,2026.0,3000.0,support_restricted_tv_l1,exact_support_restricted_l1,,,,,
4,2030,70,Maximum-based,0.008,0.0025456925483739895,0.0025456925483739895,0.004319980089532008,0.004319980089532008,2.4503995663116562e-05,0.6139519407427992,0.6139519407427992,1.0418619332615426,1.0418619332615426,0.00590969860163702,0.4146403617999878,60,5,0.5,0.99,E[Agg(Q_xi)] - Agg(E[Q_xi]),bellman_backup,True,8x8,fixed,perturbation_seed,7000.0,2026.0,3000.0,support_restricted_tv_l1,exact_support_restricted_l1,,,,,
4,2030,75,Maximum-based,0.008,0.0025347650953849504,0.0025347650953849504,0.004649537751789903,0.004649537751789903,0.0,0.6113165357036945,0.6113165357036945,1.121342295671815,1.121342295671815,0.0,0.4146403617999878,60,5,0.5,0.99,E[Agg(Q_xi)] - Agg(E[Q_xi]),bellman_backup,True,8x8,fixed,perturbation_seed,7000.0,2026.0,3000.0,support_restricted_tv_l1,exact_support_restricted_l1,,,,,
4,2030,80,Maximum-based,0.008,0.0025767151822051297,0.0025767151822051297,0.0040464287048662395,0.0040464287048662395,0.0,0.6214337579244331,0.6214337579244331,0.975888764735869,0.975888764735869,0.0,0.4146403617999878,60,5,0.5,0.99,E[Agg(Q_xi)] - Agg(E[Q_xi]),bellman_backup,True,8x8,fixed,perturbation_seed,7000.0,2026.0,3000.0,support_restricted_tv_l1,exact_support_restricted_l1,,,,,
4,2030,85,Maximum-based,0.008,0.002556652269666118,0.002556652269666118,0.0044679292004125015,0.0044679292004125015,4.232018823946415e-05,0.6165951280206975,0.6165951280206975,1.077543242779563,1.077543242779563,0.010206480636797813,0.4146403617999878,60,5,0.5,0.99,E[Agg(Q_xi)] - Agg(E[Q_xi]),bellman_backup,True,8x8,fixed,perturbation_seed,7000.0,2026.0,3000.0,support_restricted_tv_l1,exact_support_restricted_l1,,,,,
4,2030,90,Maximum-based,0.008,0.0025084012496929937,0.0025084012496929937,0.004097516912287241,0.004097516912287241,0.0,0.6049582917600732,0.6049582917600732,0.9882098535944702,0.9882098535944702,0.0,0.4146403617999878,60,5,0.5,0.99,E[Agg(Q_xi)] - Agg(E[Q_xi]),bellman_backup,True,8x8,fixed,perturbation_seed,7000.0,2026.0,3000.0,support_restricted_tv_l1,exact_support_restricted_l1,,,,,
4,2030,95,Maximum-based,0.008,0.0025112957101953064,0.0025112957101953064,0.004138389261578279,0.004138389261578279,0.0,0.6056563570641232,0.6056563570641232,0.9980671547779845,0.9980671547779845,0.0,0.4146403617999878,60,5,0.5,0.99,E[Agg(Q_xi)] - Agg(E[Q_xi]),bellman_backup,True,8x8,fixed,perturbation_seed,7000.0,2026.0,3000.0,support_restricted_tv_l1,exact_support_restricted_l1,,,,,
4,2030,100,Maximum-based,0.008,0.0025111192549374817,0.0025111192549374817,0.004017590633291684,0.004017590633291684,0.0,0.6056138008457514,0.6056138008457514,0.9689338046713528,0.9689338046713528,0.0,0.4146403617999878,60,5,0.5,0.99,E[Agg(Q_xi)] - Agg(E[Q_xi]),bellman_backup,True,8x8,fixed,perturbation_seed,7000.0,2026.0,3000.0,support_restricted_tv_l1,exact_support_restricted_l1,,,,,
4,2030,105,Maximum-based,0.008,0.002497254664611627,0.002497254664611627,0.004269521383927832,0.004269521383927832,4.440055173260404e-05,0.6022700380085624,0.6022700380085624,1.0296926631535555,1.0296926631535555,0.010708207840610983,0.4146403617999878,60,5,0.5,0.99,E[Agg(Q_xi)] - Agg(E[Q_xi]),bellman_backup,True,8x8,fixed,perturbation_seed,7000.0,2026.0,3000.0,support_restricted_tv_l1,exact_support_restricted_l1,,,,,
4,2030,110,Maximum-based,0.008,0.002532666239751576,0.002532666239751576,0.004088095628089844,0.004088095628089844,0.0,0.6108103486976193,0.6108103486976193,0.9859376955834896,0.9859376955834896,0.0,0.4146403617999878,60,5,0.5,0.99,E[Agg(Q_xi)] - Agg(E[Q_xi]),bellman_backup,True,8x8,fixed,perturbation_seed,7000.0,2026.0,3000.0,support_restricted_tv_l1,exact_support_restricted_l1,,,,,
4,2030,115,Maximum-based,0.008,0.0024964803845164843,0.0024964803845164843,0.0039801730404077085,0.0039801730404077085,0.0,0.6020833026671736,0.6020833026671736,0.9599096969550795,0.9599096969550795,0.0,0.4146403617999878,60,5,0.5,0.99,E[Agg(Q_xi)] - Agg(E[Q_xi]),bellman_backup,True,8x8,fixed,perturbation_seed,7000.0,2026.0,3000.0,support_restricted_tv_l1,exact_support_restricted_l1,,,,,
4,2030,120,Maximum-based,0.008,0.00252010733661829,0.00252010733661829,0.004006743527317891,0.004006743527317891,0.0,0.6077814821688601,0.6077814821688601,0.9663177771513339,0.9663177771513339,0.0,0.4146403617999878,60,5,0.5,0.99,E[Agg(Q_xi)] - Agg(E[Q_xi]),bellman_backup,True,8x8,fixed,perturbation_seed,7000.0,2026.0,3000.0,support_restricted_tv_l1,exact_support_restricted_l1,,,,,
4,2030,125,Maximum-based,0.008,0.002489066878996289,0.002489066878996289,0.004055502685891416,0.004055502685891416,0.0,0.6002953663726911,0.6002953663726911,0.9780771626491319,0.9780771626491319,0.0,0.4146403617999878,60,5,0.5,0.99,E[Agg(Q_xi)] - Agg(E[Q_xi]),bellman_backup,True,8x8,fixed,perturbation_seed,7000.0,2026.0,3000.0,support_restricted_tv_l1,exact_support_restricted_l1,,,,,
4,2030,130,Maximum-based,0.008,0.0024922302462387085,0.0024922302462387085,0.004068712417181958,0.004068712417181958,0.0,0.6010582846830764,0.6010582846830764,0.9812629912629208,0.9812629912629208,0.0,0.4146403617999878,60,5,0.5,0.99,E[Agg(Q_xi)] - Agg(E[Q_xi]),bellman_backup,True,8x8,fixed,perturbation_seed,7000.0,2026.0,3000.0,support_restricted_tv_l1,exact_support_restricted_l1,,,,,
4,2030,135,Maximum-based,0.008,0.002481856892059662,0.002481856892059662,0.004146416552312987,0.004146416552312987,0.0,0.5985565132361254,0.5985565132361254,1.0000031194052246,1.0000031194052246,0.0,0.4146403617999878,60,5,0.5,0.99,E[Agg(Q_xi)] - Agg(E[Q_xi]),bellman_backup,True,8x8,fixed,perturbation_seed,7000.0,2026.0,3000.0,support_restricted_tv_l1,exact_support_restricted_l1,,,,,
4,2030,140,Maximum-based,0.008,0.00246891000786908,0.00246891000786908,0.0038963593288161846,0.0038963593288161846,0.0,0.595434076207955,0.595434076207955,0.9396961048127995,0.9396961048127995,0.0,0.4146403617999878,60,5,0.5,0.99,E[Agg(Q_xi)] - Agg(E[Q_xi]),bellman_backup,True,8x8,fixed,perturbation_seed,7000.0,2026.0,3000.0,support_restricted_tv_l1,exact_support_restricted_l1,,,,,
4,2030,145,Maximum-based,0.008,0.0024467907516415597,0.0024467907516415597,0.004044471409035022,0.004044471409035022,0.0,0.5900995120252742,0.5900995120252742,0.9754167181114834,0.9754167181114834,0.0,0.4146403617999878,60,5,0.5,0.99,E[Agg(Q_xi)] - Agg(E[Q_xi]),bellman_backup,True,8x8,fixed,perturbation_seed,7000.0,2026.0,3000.0,support_restricted_tv_l1,exact_support_restricted_l1,,,,,
4,2030,150,Maximum-based,0.008,0.00249817234060124,0.00249817234060124,0.003975853078488523,0.003975853078488523,0.0,0.6024913565472664,0.6024913565472664,0.9588678394040123,0.9588678394040123,0.0,0.4146403617999878,60,5,0.5,0.99,E[Agg(Q_xi)] - Agg(E[Q_xi]),bellman_backup,True,8x8,fixed,perturbation_seed,7000.0,2026.0,3000.0,support_restricted_tv_l1,exact_support_restricted_l1,,,,,
4,2030,155,Maximum-based,0.008,0.0025081023145392973,0.0025081023145392973,0.004320139595545891,0.004320139595545891,0.0,0.6048861967154908,0.6048861967154908,1.0419004017823568,1.0419004017823568,0.0,0.4146403617999878,60,5,0.5,0.99,E[Agg(Q_xi)] - Agg(E[Q_xi]),bellman_backup,True,8x8,fixed,perturbation_seed,7000.0,2026.0,3000.0,support_restricted_tv_l1,exact_support_restricted_l1,,,,,
4,2030,160,Maximum-based,0.008,0.00247362246365307,0.00247362246365307,0.004102090099852684,0.004102090099852684,0.0,0.5965705926251057,0.5965705926251057,0.989312782297694,0.989312782297694,0.0,0.4146403617999878,60,5,0.5,0.99,E[Agg(Q_xi)] - Agg(E[Q_xi]),bellman_backup,True,8x8,fixed,perturbation_seed,7000.0,2026.0,3000.0,support_restricted_tv_l1,exact_support_restricted_l1,,,,,
4,2030,165,Maximum-based,0.008,0.002441280711430193,0.002441280711430193,0.00410319744160853,0.00410319744160853,0.0,0.5887706398943878,0.5887706398943878,0.9895798430708033,0.9895798430708033,0.0,0.4146403617999878,60,5,0.5,0.99,E[Agg(Q_xi)] - Agg(E[Q_xi]),bellman_backup,True,8x8,fixed,perturbation_seed,7000.0,2026.0,3000.0,support_restricted_tv_l1,exact_support_restricted_l1,,,,,
4,2030,170,Maximum-based,0.008,0.0024828126143836,0.0024828126143836,0.004134338022687367,0.004134338022687367,0.0,0.5987870075179142,0.5987870075179142,0.9970901059269451,0.9970901059269451,0.0,0.4146403617999878,60,5,0.5,0.99,E[Agg(Q_xi)] - Agg(E[Q_xi]),bellman_backup,True,8x8,fixed,perturbation_seed,7000.0,2026.0,3000.0,support_restricted_tv_l1,exact_support_restricted_l1,,,,,
4,2030,175,Maximum-based,0.008,0.002455512137575775,0.002455512137575775,0.003992434525575517,0.003992434525575517,0.0,0.5922028735736664,0.5922028735736664,0.9628668343438712,0.9628668343438712,0.0,0.4146403617999878,60,5,0.5,0.99,E[Agg(Q_xi)] - Agg(E[Q_xi]),bellman_backup,True,8x8,fixed,perturbation_seed,7000.0,2026.0,3000.0,support_restricted_tv_l1,exact_support_restricted_l1,,,,,
4,2030,180,Maximum-based,0.008,0.0024804679366748003,0.0024804679366748003,0.003977293288696115,0.003977293288696115,0.0,0.5982215349,0.5982215349,0.9592151790120863,0.9592151790120863,0.0,0.4146403617999878,60,5,0.5,0.99,E[Agg(Q_xi)] - Agg(E[Q_xi]),bellman_backup,True,8x8,fixed,perturbation_seed,7000.0,2026.0,3000.0,support_restricted_tv_l1,exact_support_restricted_l1,,,,,
4,2030,185,Maximum-based,0.008,0.002458995848610125,0.002458995848610125,0.004040035076554371,0.004040035076554371,0.0,0.5930430501110462,0.5930430501110462,0.9743467951398286,0.9743467951398286,0.0,0.4146403617999878,60,5,0.5,0.99,E[Agg(Q_xi)] - Agg(E[Q_xi]),bellman_backup,True,8x8,fixed,perturbation_seed,7000.0,2026.0,3000.0,support_restricted_tv_l1,exact_support_restricted_l1,,,,,
4,2030,190,Maximum-based,0.008,0.0024478824836177346,0.0024478824836177346,0.0041531913545274635,0.0041531913545274635,0.0,0.5903628081432488,0.5903628081432488,1.0016370177997431,1.0016370177997431,0.0,0.4146403617999878,60,5,0.5,0.99,E[Agg(Q_xi)] - Agg(E[Q_xi]),bellman_backup,True,8x8,fixed,perturbation_seed,7000.0,2026.0,3000.0,support_restricted_tv_l1,exact_support_restricted_l1,,,,,
4,2030,195,Maximum-based,0.008,0.0024708966348419856,0.0024708966348419856,0.004166194898422404,0.004166194898422404,0.0,0.5959131967075324,0.5959131967075324,1.0047731196105971,1.0047731196105971,0.0,0.4146403617999878,60,5,0.5,0.99,E[Agg(Q_xi)] - Agg(E[Q_xi]),bellman_backup,True,8x8,fixed,perturbation_seed,7000.0,2026.0,3000.0,support_restricted_tv_l1,exact_support_restricted_l1,,,,,
4,2030,200,Maximum-based,0.008,0.0024358911711768313,0.0024358911711768313,0.004115948662024804,0.004115948662024804,0.0,0.5874708290824434,0.5874708290824434,0.9926550913078345,0.9926550913078345,0.0,0.4146403617999878,60,5,0.5,0.99,E[Agg(Q_xi)] - Agg(E[Q_xi]),bellman_backup,True,8x8,fixed,perturbation_seed,7000.0,2026.0,3000.0,support_restricted_tv_l1,exact_support_restricted_l1,,,,,
4,2030,205,Maximum-based,0.008,0.002433068772808504,0.002433068772808504,0.004397105707746374,0.004397105707746374,0.0,0.5867901432090096,0.5867901432090096,1.0604625388271844,1.0604625388271844,0.0,0.4146403617999878,60,5,0.5,0.99,E[Agg(Q_xi)] - Agg(E[Q_xi]),bellman_backup,True,8x8,fixed,perturbation_seed,7000.0,2026.0,3000.0,support_restricted_tv_l1,exact_support_restricted_l1,,,,,
4,2030,210,Maximum-based,0.008,0.0024629876769409025,0.0024629876769409025,0.003988528403509883,0.003988528403509883,0.0,0.5940057707476598,0.5940057707476598,0.9619247837319441,0.9619247837319441,0.0,0.4146403617999878,60,5,0.5,0.99,E[Agg(Q_xi)] - Agg(E[Q_xi]),bellman_backup,True,8x8,fixed,perturbation_seed,7000.0,2026.0,3000.0,support_restricted_tv_l1,exact_support_restricted_l1,,,,,
4,2030,215,Maximum-based,0.008,0.0024443277315071604,0.0024443277315071604,0.004141483429283999,0.004141483429283999,0.0,0.5895054984266687,0.5895054984266687,0.9988133840385146,0.9988133840385146,0.0,0.4146403617999878,60,5,0.5,0.99,E[Agg(Q_xi)] - Agg(E[Q_xi]),bellman_backup,True,8x8,fixed,perturbation_seed,7000.0,2026.0,3000.0,support_restricted_tv_l1,exact_support_restricted_l1,,,,,
4,2030,220,Maximum-based,0.008,0.0024330126185031016,0.0024330126185031016,0.004178443985207669,0.004178443985207669,0.0,0.5867766003148354,0.5867766003148354,1.007727266846069,1.007727266846069,0.0,0.4146403617999878,60,5,0.5,0.99,E[Agg(Q_xi)] - Agg(E[Q_xi]),bellman_backup,True,8x8,fixed,perturbation_seed,7000.0,2026.0,3000.0,support_restricted_tv_l1,exact_support_restricted_l1,,,,,
4,2030,225,Maximum-based,0.008,0.002475816666622388,0.002475816666622388,0.004309756189685543,0.004309756189685543,0.0,0.5970997748204407,0.5970997748204407,1.0393962061427253,1.0393962061427253,0.0,0.4146403617999878,60,5,0.5,0.99,E[Agg(Q_xi)] - Agg(E[Q_xi]),bellman_backup,True,8x8,fixed,perturbation_seed,7000.0,2026.0,3000.0,support_restricted_tv_l1,exact_support_restricted_l1,,,,,
4,2030,230,Maximum-based,0.008,0.0024023792485057,0.0024023792485057,0.004050396154089031,0.004050396154089031,0.0,0.5793886630034699,0.5793886630034699,0.9768456057933986,0.9768456057933986,0.0,0.4146403617999878,60,5,0.5,0.99,E[Agg(Q_xi)] - Agg(E[Q_xi]),bellman_backup,True,8x8,fixed,perturbation_seed,7000.0,2026.0,3000.0,support_restricted_tv_l1,exact_support_restricted_l1,,,,,
4,2030,235,Maximum-based,0.008,0.0024680165726652906,0.0024680165726652906,0.004054389535229186,0.004054389535229186,0.0,0.5952186038887841,0.5952186038887841,0.9778087009254836,0.9778087009254836,0.0,0.4146403617999878,60,5,0.5,0.99,E[Agg(Q_xi)] - Agg(E[Q_xi]),bellman_backup,True,8x8,fixed,perturbation_seed,7000.0,2026.0,3000.0,support_restricted_tv_l1,exact_support_restricted_l1,,,,,
4,2030,240,Maximum-based,0.008,0.002473858689901066,0.002473858689901066,0.004455018435628677,0.004455018435628677,0.0,0.5966275639838444,0.5966275639838444,1.0744295167718543,1.0744295167718543,0.0,0.4146403617999878,60,5,0.5,0.99,E[Agg(Q_xi)] - Agg(E[Q_xi]),bellman_backup,True,8x8,fixed,perturbation_seed,7000.0,2026.0,3000.0,support_restricted_tv_l1,exact_support_restricted_l1,,,,,
4,2030,245,Maximum-based,0.008,0.0024619398290925323,0.0024619398290925323,0.00456346159671972,0.00456346159671972,0.0,0.5937530582900926,0.5937530582900926,1.1005830635757115,1.1005830635757115,0.0,0.4146403617999878,60,5,0.5,0.99,E[Agg(Q_xi)] - Agg(E[Q_xi]),bellman_backup,True,8x8,fixed,perturbation_seed,7000.0,2026.0,3000.0,support_restricted_tv_l1,exact_support_restricted_l1,,,,,
4,2030,250,Maximum-based,0.008,0.002447751808528578,0.002447751808528578,0.004122751347035325,0.004122751347035325,0.0,0.5903312928588733,0.5903312928588733,0.9942957142758904,0.9942957142758904,0.0,0.4146403617999878,60,5,0.5,0.99,E[Agg(Q_xi)] - Agg(E[Q_xi]),bellman_backup,True,8x8,fixed,perturbation_seed,7000.0,2026.0,3000.0,support_restricted_tv_l1,exact_support_restricted_l1,,,,,
4,2030,255,Maximum-based,0.008,0.002408533977159985,0.002408533977159985,0.004138052773914658,0.004138052773914658,0.0,0.5808730164869482,0.5808730164869482,0.9979860030873577,0.9979860030873577,0.0,0.4146403617999878,60,5,0.5,0.99,E[Agg(Q_xi)] - Agg(E[Q_xi]),bellman_backup,True,8x8,fixed,perturbation_seed,7000.0,2026.0,3000.0,support_restricted_tv_l1,exact_support_restricted_l1,,,,,
4,2030,260,Maximum-based,0.008,0.0024379436783387933,0.0024379436783387933,0.004279207125451545,0.004279207125451545,0.0,0.5879658380953268,0.5879658380953268,1.0320286010930426,1.0320286010930426,0.0,0.4146403617999878,60,5,0.5,0.99,E[Agg(Q_xi)] - Agg(E[Q_xi]),bellman_backup,True,8x8,fixed,perturbation_seed,7000.0,2026.0,3000.0,support_restricted_tv_l1,exact_support_restricted_l1,,,,,
4,2030,265,Maximum-based,0.008,0.002446974578308064,0.002446974578308064,0.004192614392033445,0.004192614392033445,0.0,0.5901438460273252,0.5901438460273252,1.0111447843217582,1.0111447843217582,0.0,0.4146403617999878,60,5,0.5,0.99,E[Agg(Q_xi)] - Agg(E[Q_xi]),bellman_backup,True,8x8,fixed,perturbation_seed,7000.0,2026.0,3000.0,support_restricted_tv_l1,exact_support_restricted_l1,,,,,
4,2030,270,Maximum-based,0.008,0.0024413659173834093,0.0024413659173834093,0.004195792036633839,0.004195792036633839,0.0,0.5887911892574181,0.5887911892574181,1.011911145943333,1.011911145943333,0.0,0.4146403617999878,60,5,0.5,0.99,E[Agg(Q_xi)] - Agg(E[Q_xi]),bellman_backup,True,8x8,fixed,perturbation_seed,7000.0,2026.0,3000.0,support_restricted_tv_l1,exact_support_restricted_l1,,,,,
4,2030,275,Maximum-based,0.008,0.0024446561350831134,0.0024446561350831134,0.004054925814586219,0.004054925814586219,0.0,0.5895847004547895,0.5895847004547895,0.9779380369492862,0.9779380369492862,0.0,0.4146403617999878,60,5,0.5,0.99,E[Agg(Q_xi)] - Agg(E[Q_xi]),bellman_backup,True,8x8,fixed,perturbation_seed,7000.0,2026.0,3000.0,support_restricted_tv_l1,exact_support_restricted_l1,,,,,
4,2030,280,Maximum-based,0.008,0.0024318114932719032,0.0024318114932719032,0.004245171378184642,0.004245171378184642,0.0,0.5864869215131904,0.5864869215131904,1.0238201027406029,1.0238201027406029,0.0,0.4146403617999878,60,5,0.5,0.99,E[Agg(Q_xi)] - Agg(E[Q_xi]),bellman_backup,True,8x8,fixed,perturbation_seed,7000.0,2026.0,3000.0,support_restricted_tv_l1,exact_support_restricted_l1,,,,,
4,2030,285,Maximum-based,0.008,0.002417682142453713,0.002417682142453713,0.00404483664559796,0.00404483664559796,0.0,0.5830793056320799,0.5830793056320799,0.9755048032562466,0.9755048032562466,0.0,0.4146403617999878,60,5,0.5,0.99,E[Agg(Q_xi)] - Agg(E[Q_xi]),bellman_backup,True,8x8,fixed,perturbation_seed,7000.0,2026.0,3000.0,support_restricted_tv_l1,exact_support_restricted_l1,,,,,
4,2030,290,Maximum-based,0.008,0.0024215950218768843,0.0024215950218768843,0.0040535785626028,0.0040535785626028,0.0,0.5840229859352191,0.5840229859352191,0.9776131163415648,0.9776131163415648,0.0,0.4146403617999878,60,5,0.5,0.99,E[Agg(Q_xi)] - Agg(E[Q_xi]),bellman_backup,True,8x8,fixed,perturbation_seed,7000.0,2026.0,3000.0,support_restricted_tv_l1,exact_support_restricted_l1,,,,,
4,2030,295,Maximum-based,0.008,0.0024394588917793017,0.0024394588917793017,0.003906674276404398,0.003906674276404398,0.0,0.5883312664472438,0.5883312664472438,0.9421837901754679,0.9421837901754679,0.0,0.4146403617999878,60,5,0.5,0.99,E[Agg(Q_xi)] - Agg(E[Q_xi]),bellman_backup,True,8x8,fixed,perturbation_seed,7000.0,2026.0,3000.0,support_restricted_tv_l1,exact_support_restricted_l1,,,,,
4,2030,300,Maximum-based,0.008,0.002440032885954244,0.002440032885954244,0.0043193782490489885,0.0043193782490489885,0.0,0.5884696982613706,0.5884696982613706,1.0417167856737857,1.0417167856737857,0.0,0.4146403617999878,60,5,0.5,0.99,E[Agg(Q_xi)] - Agg(E[Q_xi]),bellman_backup,True,8x8,fixed,perturbation_seed,7000.0,2026.0,3000.0,support_restricted_tv_l1,exact_support_restricted_l1,,,,,
4,2030,305,Maximum-based,0.008,0.0024411774687677535,0.0024411774687677535,0.004459936445457668,0.004459936445457668,0.0,0.588745740566693,0.588745740566693,1.0756156072449674,1.0756156072449674,0.0,0.4146403617999878,60,5,0.5,0.99,E[Agg(Q_xi)] - Agg(E[Q_xi]),bellman_backup,True,8x8,fixed,perturbation_seed,7000.0,2026.0,3000.0,support_restricted_tv_l1,exact_support_restricted_l1,,,,,
4,2030,310,Maximum-based,0.008,0.0024557463049584395,0.0024557463049584395,0.003935036804919911,0.003935036804919911,0.0,0.5922593483899743,0.5922593483899743,0.9490240621625917,0.9490240621625917,0.0,0.4146403617999878,60,5,0.5,0.99,E[Agg(Q_xi)] - Agg(E[Q_xi]),bellman_backup,True,8x8,fixed,perturbation_seed,7000.0,2026.0,3000.0,support_restricted_tv_l1,exact_support_restricted_l1,,,,,
4,2030,315,Maximum-based,0.008,0.002398743003911007,0.002398743003911007,0.004257505328908007,0.004257505328908007,0.0,0.578511699511805,0.578511699511805,1.0267947168543425,1.0267947168543425,0.0,0.4146403617999878,60,5,0.5,0.99,E[Agg(Q_xi)] - Agg(E[Q_xi]),bellman_backup,True,8x8,fixed,perturbation_seed,7000.0,2026.0,3000.0,support_restricted_tv_l1,exact_support_restricted_l1,,,,,
4,2030,320,Maximum-based,0.008,0.0024190423990618146,0.0024190423990618146,0.0043533840428673365,0.0043533840428673365,0.0,0.5834073626022689,0.5834073626022689,1.04991806006751,1.04991806006751,0.0,0.4146403617999878,60,5,0.5,0.99,E[Agg(Q_xi)] - Agg(E[Q_xi]),bellman_backup,True,8x8,fixed,perturbation_seed,7000.0,2026.0,3000.0,support_restricted_tv_l1,exact_support_restricted_l1,,,,,
4,2030,325,Maximum-based,0.008,0.0024658292348302842,0.0024658292348302842,0.004554583106874677,0.004554583106874677,0.0,0.5946910773774935,0.5946910773774935,1.0984418128285578,1.0984418128285578,0.0,0.4146403617999878,60,5,0.5,0.99,E[Agg(Q_xi)] - Agg(E[Q_xi]),bellman_backup,True,8x8,fixed,perturbation_seed,7000.0,2026.0,3000.0,support_restricted_tv_l1,exact_support_restricted_l1,,,,,
4,2030,330,Maximum-based,0.008,0.002440058070076676,0.002440058070076676,0.003981117264298006,0.003981117264298006,2.2971083154521565e-06,0.5884757719880872,0.5884757719880872,0.9601374181267954,0.9601374181267954,0.000554000171493248,0.4146403617999878,60,5,0.5,0.99,E[Agg(Q_xi)] - Agg(E[Q_xi]),bellman_backup,True,8x8,fixed,perturbation_seed,7000.0,2026.0,3000.0,support_restricted_tv_l1,exact_support_restricted_l1,,,,,
4,2030,335,Maximum-based,0.008,0.002430733808233528,0.002430733808233528,0.004259261153741978,0.004259261153741978,0.0,0.5862270131353139,0.5862270131353139,1.0272181741430515,1.0272181741430515,0.0,0.4146403617999878,60,5,0.5,0.99,E[Agg(Q_xi)] - Agg(E[Q_xi]),bellman_backup,True,8x8,fixed,perturbation_seed,7000.0,2026.0,3000.0,support_restricted_tv_l1,exact_support_restricted_l1,,,,,
4,2030,340,Maximum-based,0.008,0.0024636894505401918,0.0024636894505401918,0.004270819173304241,0.004270819173304241,0.0,0.5941750194904118,0.5941750194904118,1.0300056547231111,1.0300056547231111,0.0,0.4146403617999878,60,5,0.5,0.99,E[Agg(Q_xi)] - Agg(E[Q_xi]),bellman_backup,True,8x8,fixed,perturbation_seed,7000.0,2026.0,3000.0,support_restricted_tv_l1,exact_support_restricted_l1,,,,,
4,2030,345,Maximum-based,0.008,0.002415733522059973,0.002415733522059973,0.004256086655372082,0.004256086655372082,0.0,0.5826093512877222,0.5826093512877222,1.0264525713068697,1.0264525713068697,0.0,0.4146403617999878,60,5,0.5,0.99,E[Agg(Q_xi)] - Agg(E[Q_xi]),bellman_backup,True,8x8,fixed,perturbation_seed,7000.0,2026.0,3000.0,support_restricted_tv_l1,exact_support_restricted_l1,,,,,
4,2030,350,Maximum-based,0.008,0.002449518414611102,0.002449518414611102,0.004053231440756533,0.004053231440756533,0.0,0.59075735029208,0.59075735029208,0.9775293999747451,0.9775293999747451,0.0,0.4146403617999878,60,5,0.5,0.99,E[Agg(Q_xi)] - Agg(E[Q_xi]),bellman_backup,True,8x8,fixed,perturbation_seed,7000.0,2026.0,3000.0,support_restricted_tv_l1,exact_support_restricted_l1,,,,,
4,2030,355,Maximum-based,0.008,0.0024436313178366875,0.0024436313178366875,0.00425720985398953,0.00425720985398953,0.0,0.5893375423532536,0.5893375423532536,1.0267234563245682,1.0267234563245682,0.0,0.4146403617999878,60,5,0.5,0.99,E[Agg(Q_xi)] - Agg(E[Q_xi]),bellman_backup,True,8x8,fixed,perturbation_seed,7000.0,2026.0,3000.0,support_restricted_tv_l1,exact_support_restricted_l1,,,,,
4,2030,360,Maximum-based,0.008,0.0024391592925438986,0.0024391592925438986,0.00406180991095334,0.00406180991095334,0.0,0.58825901124418,0.58825901124418,0.9795982941266717,0.9795982941266717,0.0,0.4146403617999878,60,5,0.5,0.99,E[Agg(Q_xi)] - Agg(E[Q_xi]),bellman_backup,True,8x8,fixed,perturbation_seed,7000.0,2026.0,3000.0,support_restricted_tv_l1,exact_support_restricted_l1,,,,,
4,2030,365,Maximum-based,0.008,0.0024495570262907727,0.0024495570262907727,0.00418348445235367,0.00418348445235367,0.0,0.5907666623811162,0.5907666623811162,1.008942890699984,1.008942890699984,0.0,0.4146403617999878,60,5,0.5,0.99,E[Agg(Q_xi)] - Agg(E[Q_xi]),bellman_backup,True,8x8,fixed,perturbation_seed,7000.0,2026.0,3000.0,support_restricted_tv_l1,exact_support_restricted_l1,,,,,
4,2030,370,Maximum-based,0.008,0.0024611371641677007,0.0024611371641677007,0.0040754591628126,0.0040754591628126,0.0,0.5935594772982791,0.5935594772982791,0.9828901231710048,0.9828901231710048,0.0,0.4146403617999878,60,5,0.5,0.99,E[Agg(Q_xi)] - Agg(E[Q_xi]),bellman_backup,True,8x8,fixed,perturbation_seed,7000.0,2026.0,3000.0,support_restricted_tv_l1,exact_support_restricted_l1,,,,,
4,2030,375,Maximum-based,0.008,0.002449423924367658,0.002449423924367658,0.004180773227077439,0.004180773227077439,0.0,0.5907345618102656,0.5907345618102656,1.0082890167586096,1.0082890167586096,0.0,0.4146403617999878,60,5,0.5,0.99,E[Agg(Q_xi)] - Agg(E[Q_xi]),bellman_backup,True,8x8,fixed,perturbation_seed,7000.0,2026.0,3000.0,support_restricted_tv_l1,exact_support_restricted_l1,,,,,
4,2030,380,Maximum-based,0.008,0.0024440162445553302,0.0024440162445553302,0.0038901319644760735,0.0038901319644760735,0.0,0.5894303762290904,0.5894303762290904,0.93819423357357,0.93819423357357,0.0,0.4146403617999878,60,5,0.5,0.99,E[Agg(Q_xi)] - Agg(E[Q_xi]),bellman_backup,True,8x8,fixed,perturbation_seed,7000.0,2026.0,3000.0,support_restricted_tv_l1,exact_support_restricted_l1,,,,,
4,2030,385,Maximum-based,0.008,0.0024494421113824263,0.0024494421113824263,0.0041562019811373085,0.0041562019811373085,0.0,0.5907389480245476,0.5907389480245476,1.002363099215642,1.002363099215642,0.0,0.4146403617999878,60,5,0.5,0.99,E[Agg(Q_xi)] - Agg(E[Q_xi]),bellman_backup,True,8x8,fixed,perturbation_seed,7000.0,2026.0,3000.0,support_restricted_tv_l1,exact_support_restricted_l1,,,,,
4,2030,390,Maximum-based,0.008,0.00242844405029521,0.00242844405029521,0.004364936879200365,0.004364936879200365,0.0,0.5856747856752621,0.5856747856752621,1.052704290593375,1.052704290593375,0.0,0.4146403617999878,60,5,0.5,0.99,E[Agg(Q_xi)] - Agg(E[Q_xi]),bellman_backup,True,8x8,fixed,perturbation_seed,7000.0,2026.0,3000.0,support_restricted_tv_l1,exact_support_restricted_l1,,,,,
4,2030,395,Maximum-based,0.008,0.002434860961017824,0.002434860961017824,0.00405197015182579,0.00405197015182579,0.0,0.5872223703567817,0.5872223703567817,0.9772252113218923,0.9772252113218923,0.0,0.4146403617999878,60,5,0.5,0.99,E[Agg(Q_xi)] - Agg(E[Q_xi]),bellman_backup,True,8x8,fixed,perturbation_seed,7000.0,2026.0,3000.0,support_restricted_tv_l1,exact_support_restricted_l1,,,,,
4,2030,400,Maximum-based,0.008,0.0024491549846384943,0.0024491549846384943,0.004183611747125171,0.004183611747125171,0.0,0.5906697008478653,0.5906697008478653,1.0089735907434987,1.0089735907434987,0.0,0.4146403617999878,60,5,0.5,0.99,E[Agg(Q_xi)] - Agg(E[Q_xi]),bellman_backup,True,8x8,fixed,perturbation_seed,7000.0,2026.0,3000.0,support_restricted_tv_l1,exact_support_restricted_l1,,,,,
4,2030,405,Maximum-based,0.008,0.002394613252809106,0.002394613252809106,0.00401680141719013,0.00401680141719013,0.0,0.5775157156466615,0.5775157156466615,0.9687434671706502,0.9687434671706502,0.0,0.4146403617999878,60,5,0.5,0.99,E[Agg(Q_xi)] - Agg(E[Q_xi]),bellman_backup,True,8x8,fixed,perturbation_seed,7000.0,2026.0,3000.0,support_restricted_tv_l1,exact_support_restricted_l1,,,,,
4,2030,410,Maximum-based,0.008,0.002423154627187115,0.002423154627187115,0.0045479227475777595,0.0045479227475777595,0.0,0.5843991204011115,0.5843991204011115,1.0968355149592417,1.0968355149592417,0.0,0.4146403617999878,60,5,0.5,0.99,E[Agg(Q_xi)] - Agg(E[Q_xi]),bellman_backup,True,8x8,fixed,perturbation_seed,7000.0,2026.0,3000.0,support_restricted_tv_l1,exact_support_restricted_l1,,,,,
4,2030,415,Maximum-based,0.008,0.0024165508386997034,0.0024165508386997034,0.004241069204594439,0.004241069204594439,0.0,0.5828064658754536,0.5828064658754536,1.0228307698226988,1.0228307698226988,0.0,0.4146403617999878,60,5,0.5,0.99,E[Agg(Q_xi)] - Agg(E[Q_xi]),bellman_backup,True,8x8,fixed,perturbation_seed,7000.0,2026.0,3000.0,support_restricted_tv_l1,exact_support_restricted_l1,,,,,
4,2030,420,Maximum-based,0.008,0.0024537182417906154,0.0024537182417906154,0.00484221113401867,0.00484221113401867,0.0,0.5917702346049534,0.5917702346049534,1.1678098854144914,1.1678098854144914,0.0,0.4146403617999878,60,5,0.5,0.99,E[Agg(Q_xi)] - Agg(E[Q_xi]),bellman_backup,True,8x8,fixed,perturbation_seed,7000.0,2026.0,3000.0,support_restricted_tv_l1,exact_support_restricted_l1,,,,,
4,2030,425,Maximum-based,0.008,0.002424434631984258,0.002424434631984258,0.004439531735351665,0.004439531735351665,0.0,0.5847078228129043,0.5847078228129043,1.0706945450460474,1.0706945450460474,0.0,0.4146403617999878,60,5,0.5,0.99,E[Agg(Q_xi)] - Agg(E[Q_xi]),bellman_backup,True,8x8,fixed,perturbation_seed,7000.0,2026.0,3000.0,support_restricted_tv_l1,exact_support_restricted_l1,,,,,
4,2030,430,Maximum-based,0.008,0.002403467897079552,0.002403467897079552,0.0040717153546231954,0.0040717153546231954,0.0,0.5796512154885021,0.5796512154885021,0.9819872182600713,0.9819872182600713,0.0,0.4146403617999878,60,5,0.5,0.99,E[Agg(Q_xi)] - Agg(E[Q_xi]),bellman_backup,True,8x8,fixed,perturbation_seed,7000.0,2026.0,3000.0,support_restricted_tv_l1,exact_support_restricted_l1,,,,,
4,2030,435,Maximum-based,0.008,0.0024507471121087737,0.0024507471121087737,0.004367138794476477,0.004367138794476477,0.0,0.5910536787759589,0.5910536787759589,1.0532353327877608,1.0532353327877608,0.0,0.4146403617999878,60,5,0.5,0.99,E[Agg(Q_xi)] - Agg(E[Q_xi]),bellman_backup,True,8x8,fixed,perturbation_seed,7000.0,2026.0,3000.0,support_restricted_tv_l1,exact_support_restricted_l1,,,,,
4,2030,440,Maximum-based,0.008,0.002439303202854782,0.002439303202854782,0.0044552852977931545,0.0044552852977931545,0.0,0.5882937185047704,0.5882937185047704,1.074493876682047,1.074493876682047,0.0,0.4146403617999878,60,5,0.5,0.99,E[Agg(Q_xi)] - Agg(E[Q_xi]),bellman_backup,True,8x8,fixed,perturbation_seed,7000.0,2026.0,3000.0,support_restricted_tv_l1,exact_support_restricted_l1,,,,,
4,2030,445,Maximum-based,0.008,0.0024150188876419865,0.0024150188876419865,0.0042531280901597635,0.0042531280901597635,0.0,0.5824370008646026,0.5824370008646026,1.025739045686866,1.025739045686866,0.0,0.4146403617999878,60,5,0.5,0.99,E[Agg(Q_xi)] - Agg(E[Q_xi]),bellman_backup,True,8x8,fixed,perturbation_seed,7000.0,2026.0,3000.0,support_restricted_tv_l1,exact_support_restricted_l1,,,,,
4,2030,450,Maximum-based,0.008,0.0024264910971588368,0.0024264910971588368,0.004541602682556267,0.004541602682556267,0.0,0.5852037863909919,0.5852037863909919,1.0953112868319903,1.0953112868319903,0.0,0.4146403617999878,60,5,0.5,0.99,E[Agg(Q_xi)] - Agg(E[Q_xi]),bellman_backup,True,8x8,fixed,perturbation_seed,7000.0,2026.0,3000.0,support_restricted_tv_l1,exact_support_restricted_l1,,,,,
4,2030,455,Maximum-based,0.008,0.002387783551671405,0.002387783551671405,0.004125085543724205,0.004125085543724205,0.0,0.575868577122073,0.575868577122073,0.9948586591563037,0.9948586591563037,0.0,0.4146403617999878,60,5,0.5,0.99,E[Agg(Q_xi)] - Agg(E[Q_xi]),bellman_backup,True,8x8,fixed,perturbation_seed,7000.0,2026.0,3000.0,support_restricted_tv_l1,exact_support_restricted_l1,,,,,
4,2030,460,Maximum-based,0.008,0.002417469748415703,0.002417469748415703,0.004128723475933627,0.004128723475933627,0.0,0.5830280819554731,0.5830280819554731,0.9957360296548313,0.9957360296548313,0.0,0.4146403617999878,60,5,0.5,0.99,E[Agg(Q_xi)] - Agg(E[Q_xi]),bellman_backup,True,8x8,fixed,perturbation_seed,7000.0,2026.0,3000.0,support_restricted_tv_l1,exact_support_restricted_l1,,,,,
4,2030,465,Maximum-based,0.008,0.0024003029106530616,0.0024003029106530616,0.004202052765073683,0.004202052765073683,0.0,0.5788879066748711,0.5788879066748711,1.0134210636977614,1.0134210636977614,0.0,0.4146403617999878,60,5,0.5,0.99,E[Agg(Q_xi)] - Agg(E[Q_xi]),bellman_backup,True,8x8,fixed,perturbation_seed,7000.0,2026.0,3000.0,support_restricted_tv_l1,exact_support_restricted_l1,,,,,
4,2030,470,Maximum-based,0.008,0.0024162897769918062,0.0024162897769918062,0.004055225437300525,0.004055225437300525,0.0,0.5827435048779367,0.5827435048779367,0.9780102978148241,0.9780102978148241,0.0,0.4146403617999878,60,5,0.5,0.99,E[Agg(Q_xi)] - Agg(E[Q_xi]),bellman_backup,True,8x8,fixed,perturbation_seed,7000.0,2026.0,3000.0,support_restricted_tv_l1,exact_support_restricted_l1,,,,,
4,2030,475,Maximum-based,0.008,0.002414224853803752,0.002414224853803752,0.004310418554057505,0.004310418554057505,0.0,0.5822455014565885,0.5822455014565885,1.0395559504495955,1.0395559504495955,0.0,0.4146403617999878,60,5,0.5,0.99,E[Agg(Q_xi)] - Agg(E[Q_xi]),bellman_backup,True,8x8,fixed,perturbation_seed,7000.0,2026.0,3000.0,support_restricted_tv_l1,exact_support_restricted_l1,,,,,
4,2030,480,Maximum-based,0.008,0.0024438853611273787,0.0024438853611273787,0.004104139643112792,0.004104139643112792,0.0,0.589398810699053,0.589398810699053,0.9898070764979041,0.9898070764979041,0.0,0.4146403617999878,60,5,0.5,0.99,E[Agg(Q_xi)] - Agg(E[Q_xi]),bellman_backup,True,8x8,fixed,perturbation_seed,7000.0,2026.0,3000.0,support_restricted_tv_l1,exact_support_restricted_l1,,,,,
4,2030,485,Maximum-based,0.008,0.002411421396691425,0.002411421396691425,0.004437616902830399,0.004437616902830399,0.0,0.5815693836999483,0.5815693836999483,1.0702327394193707,1.0702327394193707,0.0,0.4146403617999878,60,5,0.5,0.99,E[Agg(Q_xi)] - Agg(E[Q_xi]),bellman_backup,True,8x8,fixed,perturbation_seed,7000.0,2026.0,3000.0,support_restricted_tv_l1,exact_support_restricted_l1,,,,,
4,2030,490,Maximum-based,0.008,0.0024166363010682938,0.0024166363010682938,0.004193917989663509,0.004193917989663509,0.0,0.5828270770789118,0.5828270770789118,1.0114591766844325,1.0114591766844325,0.0,0.4146403617999878,60,5,0.5,0.99,E[Agg(Q_xi)] - Agg(E[Q_xi]),bellman_backup,True,8x8,fixed,perturbation_seed,7000.0,2026.0,3000.0,support_restricted_tv_l1,exact_support_restricted_l1,,,,,
4,2030,495,Maximum-based,0.008,0.0024259204088367893,0.0024259204088367893,0.004083273904048501,0.004083273904048501,0.0,0.585066151858847,0.585066151858847,0.9847748266287136,0.9847748266287136,0.0,0.4146403617999878,60,5,0.5,0.99,E[Agg(Q_xi)] - Agg(E[Q_xi]),bellman_backup,True,8x8,fixed,perturbation_seed,7000.0,2026.0,3000.0,support_restricted_tv_l1,exact_support_restricted_l1,,,,,
4,2030,500,Maximum-based,0.008,0.0023990275314276516,0.0023990275314276516,0.004037465823062747,0.004037465823062747,0.0,0.5785803198254208,0.5785803198254208,0.9737271609391273,0.9737271609391273,0.0,0.4146403617999878,60,5,0.5,0.99,E[Agg(Q_xi)] - Agg(E[Q_xi]),bellman_backup,True,8x8,fixed,perturbation_seed,7000.0,2026.0,3000.0,support_restricted_tv_l1,exact_support_restricted_l1,,,,,
4,2030,5,Similarity-aware,0.008,1.7279472123987727e-19,1.98544522836408e-18,1.1102230246251565e-16,1.1102230246251565e-16,-8.326672684688674e-17,4.167339631138686e-17,4.788354948720138e-16,2.6775565692774997e-14,2.6775565692774997e-14,-2.0081674269581245e-14,0.4146403617999878,60,5,0.5,0.99,E[Agg(Q_xi)] - Agg(E[Q_xi]),bellman_backup,True,8x8,fixed,perturbation_seed,7000.0,2026.0,3000.0,support_restricted_tv_l1,exact_support_restricted_l1,,,,,
4,2030,10,Similarity-aware,0.008,2.9408983928669308e-18,4.845028458294598e-18,2.220446049250313e-16,2.220446049250313e-16,-5.551115123125783e-17,7.09264862711447e-16,1.168489347554573e-15,5.3551131385549994e-14,5.3551131385549994e-14,-1.3387782846387499e-14,0.4146403617999878,60,5,0.5,0.99,E[Agg(Q_xi)] - Agg(E[Q_xi]),bellman_backup,True,8x8,fixed,perturbation_seed,7000.0,2026.0,3000.0,support_restricted_tv_l1,exact_support_restricted_l1,,,,,
4,2030,15,Similarity-aware,0.008,-3.2526065174565133e-19,4.662069341687669e-18,2.220446049250313e-16,1.6653345369377348e-16,-2.220446049250313e-16,-7.844404011555174e-17,1.124364574989575e-15,5.3551131385549994e-14,4.016334853916249e-14,-5.3551131385549994e-14,0.4146403617999878,60,5,0.5,0.99,E[Agg(Q_xi)] - Agg(E[Q_xi]),bellman_backup,True,8x8,fixed,perturbation_seed,7000.0,2026.0,3000.0,support_restricted_tv_l1,exact_support_restricted_l1,,,,,
4,2030,20,Similarity-aware,0.008,9.215718466126788e-19,6.844026213814747e-18,2.7755575615628914e-16,2.7755575615628914e-16,-1.6653345369377348e-16,2.2225811366072997e-16,1.650593344098068e-15,6.693891423193748e-14,6.693891423193748e-14,-4.016334853916249e-14,0.4146403617999878,60,5,0.5,0.99,E[Agg(Q_xi)] - Agg(E[Q_xi]),bellman_backup,True,8x8,fixed,perturbation_seed,7000.0,2026.0,3000.0,support_restricted_tv_l1,exact_support_restricted_l1,,,,,
4,2030,25,Similarity-aware,0.008,-1.6805133673525319e-18,6.3696877633523385e-18,1.6653345369377348e-16,1.1102230246251565e-16,-1.6653345369377348e-16,-4.05294207263684e-16,1.5361957855962216e-15,4.016334853916249e-14,2.6775565692774997e-14,-4.016334853916249e-14,0.4146403617999878,60,5,0.5,0.99,E[Agg(Q_xi)] - Agg(E[Q_xi]),bellman_backup,True,8x8,fixed,perturbation_seed,7000.0,2026.0,3000.0,support_restricted_tv_l1,exact_support_restricted_l1,,,,,
4,2030,30,Similarity-aware,0.008,9.75781955236954e-19,6.7220534694101275e-18,2.220446049250313e-16,1.1102230246251565e-16,-2.220446049250313e-16,2.3533212034665524e-16,1.621176829054736e-15,5.3551131385549994e-14,2.6775565692774997e-14,-5.3551131385549994e-14,0.4146403617999878,60,5,0.5,0.99,E[Agg(Q_xi)] - Agg(E[Q_xi]),bellman_backup,True,8x8,fixed,perturbation_seed,7000.0,2026.0,3000.0,support_restricted_tv_l1,exact_support_restricted_l1,,,,,
4,2030,35,Similarity-aware,0.008,-1.328147661294743e-18,8.592302216947623e-18,2.220446049250313e-16,2.220446049250313e-16,-2.220446049250313e-16,-3.203131638051696e-16,2.0722300597191586e-15,5.3551131385549994e-14,5.3551131385549994e-14,-5.3551131385549994e-14,0.4146403617999878,60,5,0.5,0.99,E[Agg(Q_xi)] - Agg(E[Q_xi]),bellman_backup,True,8x8,fixed,perturbation_seed,7000.0,2026.0,3000.0,support_restricted_tv_l1,exact_support_restricted_l1,,,,,
4,2030,40,Similarity-aware,0.008,-4.336808689942018e-18,8.646512325571898e-18,3.3306690738754696e-16,1.1102230246251565e-16,-3.3306690738754696e-16,-1.0459205348740232e-15,2.0853040664050838e-15,8.032669707832498e-14,2.6775565692774997e-14,-8.032669707832498e-14,0.4146403617999878,60,5,0.5,0.99,E[Agg(Q_xi)] - Agg(E[Q_xi]),bellman_backup,True,8x8,fixed,perturbation_seed,7000.0,2026.0,3000.0,support_restricted_tv_l1,exact_support_restricted_l1,,,,,
4,2030,45,Similarity-aware,0.008,1.7618285302889447e-18,1.0787811616230769e-17,2.220446049250313e-16,2.220446049250313e-16,-1.6653345369377348e-16,4.2490521729257194e-16,2.6017273304991327e-15,5.3551131385549994e-14,5.3551131385549994e-14,-4.016334853916249e-14,0.4146403617999878,60,5,0.5,0.99,E[Agg(Q_xi)] - Agg(E[Q_xi]),bellman_backup,True,8x8,fixed,perturbation_seed,7000.0,2026.0,3000.0,support_restricted_tv_l1,exact_support_restricted_l1,,,,,
4,2030,50,Similarity-aware,0.008,1.6805133673525319e-18,1.2685165418080402e-17,2.220446049250313e-16,2.220446049250313e-16,-1.6653345369377348e-16,4.05294207263684e-16,3.059317564506518e-15,5.3551131385549994e-14,5.3551131385549994e-14,-4.016334853916249e-14,0.4146403617999878,60,5,0.5,0.99,E[Agg(Q_xi)] - Agg(E[Q_xi]),bellman_backup,True,8x8,fixed,perturbation_seed,7000.0,2026.0,3000.0,support_restricted_tv_l1,exact_support_restricted_l1,,,,,
4,2030,55,Similarity-aware,0.008,3.469446951953614e-18,1.4040418133687282e-17,2.220446049250313e-16,2.220446049250313e-16,-2.220446049250313e-16,8.367364278992187e-16,3.3861677316546503e-15,5.3551131385549994e-14,5.3551131385549994e-14,-5.3551131385549994e-14,0.4146403617999878,60,5,0.5,0.99,E[Agg(Q_xi)] - Agg(E[Q_xi]),bellman_backup,True,8x8,fixed,perturbation_seed,7000.0,2026.0,3000.0,support_restricted_tv_l1,exact_support_restricted_l1,,,,,
4,2030,60,Similarity-aware,0.008,-1.9244588561617704e-18,1.3091741232762466e-17,3.3306690738754696e-16,1.6653345369377348e-16,-3.3306690738754696e-16,-4.641272373503478e-16,3.1573726146509576e-15,8.032669707832498e-14,4.016334853916249e-14,-8.032669707832498e-14,0.4146403617999878,60,5,0.5,0.99,E[Agg(Q_xi)] - Agg(E[Q_xi]),bellman_backup,True,8x8,fixed,perturbation_seed,7000.0,2026.0,3000.0,support_restricted_tv_l1,exact_support_restricted_l1,,,,,
4,2030,65,Similarity-aware,0.008,5.312590645178972e-18,1.8973538018496328e-17,3.3306690738754696e-16,3.3306690738754696e-16,-1.6653345369377348e-16,1.2812526552206785e-15,4.575902340073852e-15,8.032669707832498e-14,8.032669707832498e-14,-4.016334853916249e-14,0.4146403617999878,60,5,0.5,0.99,E[Agg(Q_xi)] - Agg(E[Q_xi]),bellman_backup,True,8x8,fixed,perturbation_seed,7000.0,2026.0,3000.0,support_restricted_tv_l1,exact_support_restricted_l1,,,,,
4,2030,70,Similarity-aware,0.008,-5.095750210681871e-18,1.3010426069826053e-17,3.3306690738754696e-16,2.220446049250313e-16,-3.3306690738754696e-16,-1.2289566284769774e-15,3.1377616046220698e-15,8.032669707832498e-14,5.3551131385549994e-14,-8.032669707832498e-14,0.4146403617999878,60,5,0.5,0.99,E[Agg(Q_xi)] - Agg(E[Q_xi]),bellman_backup,True,8x8,fixed,perturbation_seed,7000.0,2026.0,3000.0,support_restricted_tv_l1,exact_support_restricted_l1,,,,,
4,2030,75,Similarity-aware,0.008,7.047314121155779e-18,2.2280354644577116e-17,3.3306690738754696e-16,3.3306690738754696e-16,-2.220446049250313e-16,1.6996208691702878e-15,5.373416747915295e-15,8.032669707832498e-14,8.032669707832498e-14,-5.3551131385549994e-14,0.4146403617999878,60,5,0.5,0.99,E[Agg(Q_xi)] - Agg(E[Q_xi]),bellman_backup,True,8x8,fixed,perturbation_seed,7000.0,2026.0,3000.0,support_restricted_tv_l1,exact_support_restricted_l1,,,,,
4,2030,80,Similarity-aware,0.008,9.215718466126788e-19,1.9136168344369153e-17,3.3306690738754696e-16,3.3306690738754696e-16,-2.7755575615628914e-16,2.2225811366072997e-16,4.615124360131628e-15,8.032669707832498e-14,8.032669707832498e-14,-6.693891423193748e-14,0.4146403617999878,60,5,0.5,0.99,E[Agg(Q_xi)] - Agg(E[Q_xi]),bellman_backup,True,8x8,fixed,perturbation_seed,7000.0,2026.0,3000.0,support_restricted_tv_l1,exact_support_restricted_l1,,,,,
4,2030,85,Similarity-aware,0.008,-1.3552527156068805e-18,1.826880660638075e-17,3.3306690738754696e-16,3.3306690738754696e-16,-2.220446049250313e-16,-3.268501671481323e-16,4.405940253156823e-15,8.032669707832498e-14,8.032669707832498e-14,-5.3551131385549994e-14,0.4146403617999878,60,5,0.5,0.99,E[Agg(Q_xi)] - Agg(E[Q_xi]),bellman_backup,True,8x8,fixed,perturbation_seed,7000.0,2026.0,3000.0,support_restricted_tv_l1,exact_support_restricted_l1,,,,,
4,2030,90,Similarity-aware,0.008,-2.7647155398380363e-18,1.6425662913155392e-17,3.3306690738754696e-16,3.3306690738754696e-16,-2.220446049250313e-16,-6.667743409821898e-16,3.961424025835363e-15,8.032669707832498e-14,8.032669707832498e-14,-5.3551131385549994e-14,0.4146403617999878,60,5,0.5,0.99,E[Agg(Q_xi)] - Agg(E[Q_xi]),bellman_backup,True,8x8,fixed,perturbation_seed,7000.0,2026.0,3000.0,support_restricted_tv_l1,exact_support_restricted_l1,,,,,
4,2030,95,Similarity-aware,0.008,-1.3552527156068805e-18,2.211772431870429e-17,4.440892098500626e-16,4.440892098500626e-16,-2.220446049250313e-16,-3.268501671481323e-16,5.3341947278575184e-15,1.0710226277109999e-13,1.0710226277109999e-13,-5.3551131385549994e-14,0.4146403617999878,60,5,0.5,0.99,E[Agg(Q_xi)] - Agg(E[Q_xi]),bellman_backup,True,8x8,fixed,perturbation_seed,7000.0,2026.0,3000.0,support_restricted_tv_l1,exact_support_restricted_l1,,,,,
4,2030,100,Similarity-aware,0.008,-1.2468324983583301e-18,2.0274580625478933e-17,3.3306690738754696e-16,3.3306690738754696e-16,-3.3306690738754696e-16,-3.007021537762817e-16,4.889678500536059e-15,8.032669707832498e-14,8.032669707832498e-14,-8.032669707832498e-14,0.4146403617999878,60,5,0.5,0.99,E[Agg(Q_xi)] - Agg(E[Q_xi]),bellman_backup,True,8x8,fixed,perturbation_seed,7000.0,2026.0,3000.0,support_restricted_tv_l1,exact_support_restricted_l1,,,,,
4,2030,105,Similarity-aware,0.008,5.583641188300348e-18,2.6834003769016235e-17,3.3306690738754696e-16,3.3306690738754696e-16,-2.7755575615628914e-16,1.346622688650305e-15,6.471633309533019e-15,8.032669707832498e-14,8.032669707832498e-14,-6.693891423193748e-14,0.4146403617999878,60,5,0.5,0.99,E[Agg(Q_xi)] - Agg(E[Q_xi]),bellman_backup,True,8x8,fixed,perturbation_seed,7000.0,2026.0,3000.0,support_restricted_tv_l1,exact_support_restricted_l1,,,,,
4,2030,110,Similarity-aware,0.008,4.87890977618477e-18,2.780978572425319e-17,3.3306690738754696e-16,3.3306690738754696e-16,-3.3306690738754696e-16,1.176660601733276e-15,6.7069654298796745e-15,8.032669707832498e-14,8.032669707832498e-14,-8.032669707832498e-14,0.4146403617999878,60,5,0.5,0.99,E[Agg(Q_xi)] - Agg(E[Q_xi]),bellman_backup,True,8x8,fixed,perturbation_seed,7000.0,2026.0,3000.0,support_restricted_tv_l1,exact_support_restricted_l1,,,,,
4,2030,115,Similarity-aware,0.008,3.957337929572091e-18,2.3744027577432547e-17,3.3306690738754696e-16,3.3306690738754696e-16,-2.7755575615628914e-16,9.544024880725462e-16,5.726414928435278e-15,8.032669707832498e-14,8.032669707832498e-14,-6.693891423193748e-14,0.4146403617999878,60,5,0.5,0.99,E[Agg(Q_xi)] - Agg(E[Q_xi]),bellman_backup,True,8x8,fixed,perturbation_seed,7000.0,2026.0,3000.0,support_restricted_tv_l1,exact_support_restricted_l1,,,,,
4,2030,120,Similarity-aware,0.008,-1.3552527156068805e-18,2.4936649967166602e-17,3.3306690738754696e-16,3.3306690738754696e-16,-3.3306690738754696e-16,-3.268501671481323e-16,6.0140430755256334e-15,8.032669707832498e-14,8.032669707832498e-14,-8.032669707832498e-14,0.4146403617999878,60,5,0.5,0.99,E[Agg(Q_xi)] - Agg(E[Q_xi]),bellman_backup,True,8x8,fixed,perturbation_seed,7000.0,2026.0,3000.0,support_restricted_tv_l1,exact_support_restricted_l1,,,,,
4,2030,125,Similarity-aware,0.008,6.884683795282953e-18,3.01950305037213e-17,4.440892098500626e-16,4.440892098500626e-16,-4.440892098500626e-16,1.6603988491125119e-15,7.282221724060388e-15,1.0710226277109999e-13,1.0710226277109999e-13,-1.0710226277109999e-13,0.4146403617999878,60,5,0.5,0.99,E[Agg(Q_xi)] - Agg(E[Q_xi]),bellman_backup,True,8x8,fixed,perturbation_seed,7000.0,2026.0,3000.0,support_restricted_tv_l1,exact_support_restricted_l1,,,,,
4,2030,130,Similarity-aware,0.008,-4.607859233063394e-18,2.4774019641293776e-17,4.440892098500626e-16,4.440892098500626e-16,-4.440892098500626e-16,-1.1112905683036497e-15,5.974821055467858e-15,1.0710226277109999e-13,1.0710226277109999e-13,-1.0710226277109999e-13,0.4146403617999878,60,5,0.5,0.99,E[Agg(Q_xi)] - Agg(E[Q_xi]),bellman_backup,True,8x8,fixed,perturbation_seed,7000.0,2026.0,3000.0,support_restricted_tv_l1,exact_support_restricted_l1,,,,,
4,2030,135,Similarity-aware,0.008,-5.9631119486702744e-18,2.1358782797964437e-17,2.220446049250313e-16,2.220446049250313e-16,-2.220446049250313e-16,-1.438140735451782e-15,5.1511586342545644e-15,5.3551131385549994e-14,5.3551131385549994e-14,-5.3551131385549994e-14,0.4146403617999878,60,5,0.5,0.99,E[Agg(Q_xi)] - Agg(E[Q_xi]),bellman_backup,True,8x8,fixed,perturbation_seed,7000.0,2026.0,3000.0,support_restricted_tv_l1,exact_support_restricted_l1,,,,,
4,2030,140,Similarity-aware,0.008,-2.3310346708438345e-18,2.7321894746634712e-17,3.3306690738754696e-16,3.3306690738754696e-16,-3.3306690738754696e-16,-5.621822874947875e-16,6.589299369706347e-15,8.032669707832498e-14,8.032669707832498e-14,-8.032669707832498e-14,0.4146403617999878,60,5,0.5,0.99,E[Agg(Q_xi)] - Agg(E[Q_xi]),bellman_backup,True,8x8,fixed,perturbation_seed,7000.0,2026.0,3000.0,support_restricted_tv_l1,exact_support_restricted_l1,,,,,
4,2030,145,Similarity-aware,0.008,6.288372600415926e-18,2.916503843986007e-17,2.220446049250313e-16,2.220446049250313e-16,-2.220446049250313e-16,1.5165847755673338e-15,7.033815597027807e-15,5.3551131385549994e-14,5.3551131385549994e-14,-5.3551131385549994e-14,0.4146403617999878,60,5,0.5,0.99,E[Agg(Q_xi)] - Agg(E[Q_xi]),bellman_backup,True,8x8,fixed,perturbation_seed,7000.0,2026.0,3000.0,support_restricted_tv_l1,exact_support_restricted_l1,,,,,
4,2030,150,Similarity-aware,0.008,-1.8431436932253575e-18,2.7321894746634712e-17,4.440892098500626e-16,4.440892098500626e-16,-3.3306690738754696e-16,-4.445162273214599e-16,6.589299369706347e-15,1.0710226277109999e-13,1.0710226277109999e-13,-8.032669707832498e-14,0.4146403617999878,60,5,0.5,0.99,E[Agg(Q_xi)] - Agg(E[Q_xi]),bellman_backup,True,8x8,fixed,perturbation_seed,7000.0,2026.0,3000.0,support_restricted_tv_l1,exact_support_restricted_l1,,,,,
4,2030,155,Similarity-aware,0.008,2.3852447794681098e-18,3.415236843329339e-17,4.440892098500626e-16,4.440892098500626e-16,-3.3306690738754696e-16,5.752562941807128e-16,8.236624212132933e-15,1.0710226277109999e-13,1.0710226277109999e-13,-8.032669707832498e-14,0.4146403617999878,60,5,0.5,0.99,E[Agg(Q_xi)] - Agg(E[Q_xi]),bellman_backup,True,8x8,fixed,perturbation_seed,7000.0,2026.0,3000.0,support_restricted_tv_l1,exact_support_restricted_l1,,,,,
4,2030,160,Similarity-aware,0.008,-8.673617379884035e-19,2.970713952610282e-17,4.440892098500626e-16,3.3306690738754696e-16,-4.440892098500626e-16,-2.0918410697480466e-16,7.16455566388706e-15,1.0710226277109999e-13,8.032669707832498e-14,-1.0710226277109999e-13,0.4146403617999878,60,5,0.5,0.99,E[Agg(Q_xi)] - Agg(E[Q_xi]),bellman_backup,True,8x8,fixed,perturbation_seed,7000.0,2026.0,3000.0,support_restricted_tv_l1,exact_support_restricted_l1,,,,,
4,2030,165,Similarity-aware,0.008,-1.1058862159352145e-17,2.6020852139652106e-17,3.3306690738754696e-16,3.3306690738754696e-16,-3.3306690738754696e-16,-2.6670973639287592e-15,6.2755232092441396e-15,8.032669707832498e-14,8.032669707832498e-14,-8.032669707832498e-14,0.4146403617999878,60,5,0.5,0.99,E[Agg(Q_xi)] - Agg(E[Q_xi]),bellman_backup,True,8x8,fixed,perturbation_seed,7000.0,2026.0,3000.0,support_restricted_tv_l1,exact_support_restricted_l1,,,,,
4,2030,170,Similarity-aware,0.008,4.228388472693467e-18,2.959871930885427e-17,3.3306690738754696e-16,2.7755575615628914e-16,-3.3306690738754696e-16,1.0197725215021727e-15,7.13840765051521e-15,8.032669707832498e-14,6.693891423193748e-14,-8.032669707832498e-14,0.4146403617999878,60,5,0.5,0.99,E[Agg(Q_xi)] - Agg(E[Q_xi]),bellman_backup,True,8x8,fixed,perturbation_seed,7000.0,2026.0,3000.0,support_restricted_tv_l1,exact_support_restricted_l1,,,,,
4,2030,175,Similarity-aware,0.008,3.7947076036992655e-18,3.2959746043559335e-17,3.3306690738754696e-16,3.3306690738754696e-16,-3.3306690738754696e-16,9.151804680147703e-16,7.948996065042577e-15,8.032669707832498e-14,8.032669707832498e-14,-8.032669707832498e-14,0.4146403617999878,60,5,0.5,0.99,E[Agg(Q_xi)] - Agg(E[Q_xi]),bellman_backup,True,8x8,fixed,perturbation_seed,7000.0,2026.0,3000.0,support_restricted_tv_l1,exact_support_restricted_l1,,,,,
4,2030,180,Similarity-aware,0.008,-5.312590645178972e-18,2.7647155398380363e-17,3.3306690738754696e-16,2.220446049250313e-16,-3.3306690738754696e-16,-1.2812526552206785e-15,6.667743409821898e-15,8.032669707832498e-14,5.3551131385549994e-14,-8.032669707832498e-14,0.4146403617999878,60,5,0.5,0.99,E[Agg(Q_xi)] - Agg(E[Q_xi]),bellman_backup,True,8x8,fixed,perturbation_seed,7000.0,2026.0,3000.0,support_restricted_tv_l1,exact_support_restricted_l1,,,,,
4,2030,185,Similarity-aware,0.008,-6.938893903907228e-18,2.8189256484623115e-17,6.661338147750939e-16,2.7755575615628914e-16,-6.661338147750939e-16,-1.6734728557984373e-15,6.798483476681151e-15,1.6065339415664996e-13,6.693891423193748e-14,-1.6065339415664996e-13,0.4146403617999878,60,5,0.5,0.99,E[Agg(Q_xi)] - Agg(E[Q_xi]),bellman_backup,True,8x8,fixed,perturbation_seed,7000.0,2026.0,3000.0,support_restricted_tv_l1,exact_support_restricted_l1,,,,,
4,2030,190,Similarity-aware,0.008,-4.87890977618477e-18,2.916503843986007e-17,5.551115123125783e-16,3.3306690738754696e-16,-5.551115123125783e-16,-1.176660601733276e-15,7.033815597027807e-15,1.3387782846387497e-13,8.032669707832498e-14,-1.3387782846387497e-13,0.4146403617999878,60,5,0.5,0.99,E[Agg(Q_xi)] - Agg(E[Q_xi]),bellman_backup,True,8x8,fixed,perturbation_seed,7000.0,2026.0,3000.0,support_restricted_tv_l1,exact_support_restricted_l1,,,,,
4,2030,195,Similarity-aware,0.008,-8.348356728138384e-18,2.916503843986007e-17,4.440892098500626e-16,2.220446049250313e-16,-4.440892098500626e-16,-2.0133970296324946e-15,7.033815597027807e-15,1.0710226277109999e-13,5.3551131385549994e-14,-1.0710226277109999e-13,0.4146403617999878,60,5,0.5,0.99,E[Agg(Q_xi)] - Agg(E[Q_xi]),bellman_backup,True,8x8,fixed,perturbation_seed,7000.0,2026.0,3000.0,support_restricted_tv_l1,exact_support_restricted_l1,,,,,
4,2030,200,Similarity-aware,0.008,7.047314121155779e-18,3.664603343001005e-17,3.3306690738754696e-16,3.3306690738754696e-16,-3.3306690738754696e-16,1.6996208691702878e-15,8.838028519685497e-15,8.032669707832498e-14,8.032669707832498e-14,-8.032669707832498e-14,0.4146403617999878,60,5,0.5,0.99,E[Agg(Q_xi)] - Agg(E[Q_xi]),bellman_backup,True,8x8,fixed,perturbation_seed,7000.0,2026.0,3000.0,support_restricted_tv_l1,exact_support_restricted_l1,,,,,
4,2030,205,Similarity-aware,0.008,-1.6263032587282567e-18,3.436920886779049e-17,5.551115123125783e-16,5.551115123125783e-16,-4.440892098500626e-16,-3.922202005777587e-16,8.288920238876634e-15,1.3387782846387497e-13,1.3387782846387497e-13,-1.0710226277109999e-13,0.4146403617999878,60,5,0.5,0.99,E[Agg(Q_xi)] - Agg(E[Q_xi]),bellman_backup,True,8x8,fixed,perturbation_seed,7000.0,2026.0,3000.0,support_restricted_tv_l1,exact_support_restricted_l1,,,,,
4,2030,210,Similarity-aware,0.008,-4.336808689942018e-19,3.3285006695304986e-17,3.3306690738754696e-16,3.3306690738754696e-16,-3.3306690738754696e-16,-1.0459205348740233e-16,8.027440105158128e-15,8.032669707832498e-14,8.032669707832498e-14,-8.032669707832498e-14,0.4146403617999878,60,5,0.5,0.99,E[Agg(Q_xi)] - Agg(E[Q_xi]),bellman_backup,True,8x8,fixed,perturbation_seed,7000.0,2026.0,3000.0,support_restricted_tv_l1,exact_support_restricted_l1,,,,,
4,2030,215,Similarity-aware,0.008,1.0842021724855044e-19,3.5453411040275995e-17,3.3306690738754696e-16,3.3306690738754696e-16,-3.3306690738754696e-16,2.6148013371850583e-17,8.55040037259514e-15,8.032669707832498e-14,8.032669707832498e-14,-8.032669707832498e-14,0.4146403617999878,60,5,0.5,0.99,E[Agg(Q_xi)] - Agg(E[Q_xi]),bellman_backup,True,8x8,fixed,perturbation_seed,7000.0,2026.0,3000.0,support_restricted_tv_l1,exact_support_restricted_l1,,,,,
4,2030,220,Similarity-aware,0.008,-7.806255641895632e-18,2.992397996059992e-17,3.3306690738754696e-16,2.220446049250313e-16,-3.3306690738754696e-16,-1.882656962773242e-15,7.21685169063076e-15,8.032669707832498e-14,5.3551131385549994e-14,-8.032669707832498e-14,0.4146403617999878,60,5,0.5,0.99,E[Agg(Q_xi)] - Agg(E[Q_xi]),bellman_backup,True,8x8,fixed,perturbation_seed,7000.0,2026.0,3000.0,support_restricted_tv_l1,exact_support_restricted_l1,,,,,
4,2030,225,Similarity-aware,0.008,4.0115480381963664e-18,3.5453411040275995e-17,4.440892098500626e-16,4.440892098500626e-16,-2.220446049250313e-16,9.674764947584714e-16,8.55040037259514e-15,1.0710226277109999e-13,1.0710226277109999e-13,-5.3551131385549994e-14,0.4146403617999878,60,5,0.5,0.99,E[Agg(Q_xi)] - Agg(E[Q_xi]),bellman_backup,True,8x8,fixed,perturbation_seed,7000.0,2026.0,3000.0,support_restricted_tv_l1,exact_support_restricted_l1,,,,,
4,2030,230,Similarity-aware,0.008,7.589415207398531e-19,3.664603343001005e-17,4.440892098500626e-16,3.3306690738754696e-16,-4.440892098500626e-16,1.8303609360295406e-16,8.838028519685497e-15,1.0710226277109999e-13,8.032669707832498e-14,-1.0710226277109999e-13,0.4146403617999878,60,5,0.5,0.99,E[Agg(Q_xi)] - Agg(E[Q_xi]),bellman_backup,True,8x8,fixed,perturbation_seed,7000.0,2026.0,3000.0,support_restricted_tv_l1,exact_support_restricted_l1,,,,,
4,2030,235,Similarity-aware,0.008,9.107298248878237e-18,3.957337929572091e-17,3.3306690738754696e-16,3.3306690738754696e-16,-3.3306690738754696e-16,2.196433123235449e-15,9.544024880725462e-15,8.032669707832498e-14,8.032669707832498e-14,-8.032669707832498e-14,0.4146403617999878,60,5,0.5,0.99,E[Agg(Q_xi)] - Agg(E[Q_xi]),bellman_backup,True,8x8,fixed,perturbation_seed,7000.0,2026.0,3000.0,support_restricted_tv_l1,exact_support_restricted_l1,,,,,
4,2030,240,Similarity-aware,0.008,-7.26415455565288e-18,3.133344278483108e-17,4.440892098500626e-16,3.3306690738754696e-16,-4.440892098500626e-16,-1.7519168959139889e-15,7.556775864464818e-15,1.0710226277109999e-13,8.032669707832498e-14,-1.0710226277109999e-13,0.4146403617999878,60,5,0.5,0.99,E[Agg(Q_xi)] - Agg(E[Q_xi]),bellman_backup,True,8x8,fixed,perturbation_seed,7000.0,2026.0,3000.0,support_restricted_tv_l1,exact_support_restricted_l1,,,,,
4,2030,245,Similarity-aware,0.008,-5.312590645178972e-18,3.361026734705064e-17,3.3306690738754696e-16,3.3306690738754696e-16,-3.3306690738754696e-16,-1.2812526552206785e-15,8.105884145273681e-15,8.032669707832498e-14,8.032669707832498e-14,-8.032669707832498e-14,0.4146403617999878,60,5,0.5,0.99,E[Agg(Q_xi)] - Agg(E[Q_xi]),bellman_backup,True,8x8,fixed,perturbation_seed,7000.0,2026.0,3000.0,support_restricted_tv_l1,exact_support_restricted_l1,,,,,
4,2030,250,Similarity-aware,0.008,3.577867169202165e-18,3.436920886779049e-17,3.3306690738754696e-16,3.3306690738754696e-16,-2.220446049250313e-16,8.628844412710692e-16,8.288920238876634e-15,8.032669707832498e-14,8.032669707832498e-14,-5.3551131385549994e-14,0.4146403617999878,60,5,0.5,0.99,E[Agg(Q_xi)] - Agg(E[Q_xi]),bellman_backup,True,8x8,fixed,perturbation_seed,7000.0,2026.0,3000.0,support_restricted_tv_l1,exact_support_restricted_l1,,,,,
4,2030,255,Similarity-aware,0.008,9.215718466126788e-18,4.2500725161431774e-17,4.440892098500626e-16,3.885780586188048e-16,-4.440892098500626e-16,2.2225811366072995e-15,1.0250021241765428e-14,1.0710226277109999e-13,9.371447992471248e-14,-1.0710226277109999e-13,0.4146403617999878,60,5,0.5,0.99,E[Agg(Q_xi)] - Agg(E[Q_xi]),bellman_backup,True,8x8,fixed,perturbation_seed,7000.0,2026.0,3000.0,support_restricted_tv_l1,exact_support_restricted_l1,,,,,
4,2030,260,Similarity-aware,0.008,3.2526065174565133e-19,3.979021973021801e-17,4.440892098500626e-16,4.440892098500626e-16,-4.440892098500626e-16,7.844404011555174e-17,9.596320907469163e-15,1.0710226277109999e-13,1.0710226277109999e-13,-1.0710226277109999e-13,0.4146403617999878,60,5,0.5,0.99,E[Agg(Q_xi)] - Agg(E[Q_xi]),bellman_backup,True,8x8,fixed,perturbation_seed,7000.0,2026.0,3000.0,support_restricted_tv_l1,exact_support_restricted_l1,,,,,
4,2030,265,Similarity-aware,0.008,3.0357660829594124e-18,3.686287386450715e-17,4.440892098500626e-16,3.3306690738754696e-16,-4.440892098500626e-16,7.321443744118162e-16,8.890324546429198e-15,1.0710226277109999e-13,8.032669707832498e-14,-1.0710226277109999e-13,0.4146403617999878,60,5,0.5,0.99,E[Agg(Q_xi)] - Agg(E[Q_xi]),bellman_backup,True,8x8,fixed,perturbation_seed,7000.0,2026.0,3000.0,support_restricted_tv_l1,exact_support_restricted_l1,,,,,
4,2030,270,Similarity-aware,0.008,-8.673617379884035e-19,3.69712940817557e-17,3.3306690738754696e-16,3.3306690738754696e-16,-3.3306690738754696e-16,-2.0918410697480466e-16,8.916472559801048e-15,8.032669707832498e-14,8.032669707832498e-14,-8.032669707832498e-14,0.4146403617999878,60,5,0.5,0.99,E[Agg(Q_xi)] - Agg(E[Q_xi]),bellman_backup,True,8x8,fixed,perturbation_seed,7000.0,2026.0,3000.0,support_restricted_tv_l1,exact_support_restricted_l1,,,,,
4,2030,275,Similarity-aware,0.008,8.023096076392733e-18,4.466912950640278e-17,3.3306690738754696e-16,3.3306690738754696e-16,-2.7755575615628914e-16,1.934952989516943e-15,1.077298150920244e-14,8.032669707832498e-14,8.032669707832498e-14,-6.693891423193748e-14,0.4146403617999878,60,5,0.5,0.99,E[Agg(Q_xi)] - Agg(E[Q_xi]),bellman_backup,True,8x8,fixed,perturbation_seed,7000.0,2026.0,3000.0,support_restricted_tv_l1,exact_support_restricted_l1,,,,,
4,2030,280,Similarity-aware,0.008,-5.854691731421724e-18,3.5778671692021646e-17,5.551115123125783e-16,3.3306690738754696e-16,-5.551115123125783e-16,-1.4119927220799314e-15,8.628844412710692e-15,1.3387782846387497e-13,8.032669707832498e-14,-1.3387782846387497e-13,0.4146403617999878,60,5,0.5,0.99,E[Agg(Q_xi)] - Agg(E[Q_xi]),bellman_backup,True,8x8,fixed,perturbation_seed,7000.0,2026.0,3000.0,support_restricted_tv_l1,exact_support_restricted_l1,,,,,
4,2030,285,Similarity-aware,0.008,0.0,3.892285799222961e-17,4.440892098500626e-16,3.3306690738754696e-16,-4.440892098500626e-16,0.0,9.387136800494358e-15,1.0710226277109999e-13,8.032669707832498e-14,-1.0710226277109999e-13,0.4146403617999878,60,5,0.5,0.99,E[Agg(Q_xi)] - Agg(E[Q_xi]),bellman_backup,True,8x8,fixed,perturbation_seed,7000.0,2026.0,3000.0,support_restricted_tv_l1,exact_support_restricted_l1,,,,,
4,2030,290,Similarity-aware,0.008,2.927345865710862e-18,4.0223900599212215e-17,3.3306690738754696e-16,3.3306690738754696e-16,-3.3306690738754696e-16,7.059963610399657e-16,9.700912960956565e-15,8.032669707832498e-14,8.032669707832498e-14,-8.032669707832498e-14,0.4146403617999878,60,5,0.5,0.99,E[Agg(Q_xi)] - Agg(E[Q_xi]),bellman_backup,True,8x8,fixed,perturbation_seed,7000.0,2026.0,3000.0,support_restricted_tv_l1,exact_support_restricted_l1,,,,,
4,2030,295,Similarity-aware,0.008,-2.4936649967166602e-18,3.69712940817557e-17,5.551115123125783e-16,4.440892098500626e-16,-5.551115123125783e-16,-6.014043075525634e-16,8.916472559801048e-15,1.3387782846387497e-13,1.0710226277109999e-13,-1.3387782846387497e-13,0.4146403617999878,60,5,0.5,0.99,E[Agg(Q_xi)] - Agg(E[Q_xi]),bellman_backup,True,8x8,fixed,perturbation_seed,7000.0,2026.0,3000.0,support_restricted_tv_l1,exact_support_restricted_l1,,,,,
4,2030,300,Similarity-aware,0.008,-1.0083080204115191e-17,3.74049749507499e-17,5.551115123125783e-16,3.3306690738754696e-16,-5.551115123125783e-16,-2.431765243582104e-15,9.02106461328845e-15,1.3387782846387497e-13,8.032669707832498e-14,-1.3387782846387497e-13,0.4146403617999878,60,5,0.5,0.99,E[Agg(Q_xi)] - Agg(E[Q_xi]),bellman_backup,True,8x8,fixed,perturbation_seed,7000.0,2026.0,3000.0,support_restricted_tv_l1,exact_support_restricted_l1,,,,,
4,2030,305,Similarity-aware,0.008,-6.288372600415926e-18,3.3393426912553537e-17,4.440892098500626e-16,4.440892098500626e-16,-3.3306690738754696e-16,-1.5165847755673338e-15,8.053588118529979e-15,1.0710226277109999e-13,1.0710226277109999e-13,-8.032669707832498e-14,0.4146403617999878,60,5,0.5,0.99,E[Agg(Q_xi)] - Agg(E[Q_xi]),bellman_backup,True,8x8,fixed,perturbation_seed,7000.0,2026.0,3000.0,support_restricted_tv_l1,exact_support_restricted_l1,,,,,
4,2030,310,Similarity-aware,0.008,5.854691731421724e-18,4.2609145378680324e-17,4.440892098500626e-16,3.3306690738754696e-16,-4.440892098500626e-16,1.4119927220799314e-15,1.0276169255137278e-14,1.0710226277109999e-13,8.032669707832498e-14,-1.0710226277109999e-13,0.4146403617999878,60,5,0.5,0.99,E[Agg(Q_xi)] - Agg(E[Q_xi]),bellman_backup,True,8x8,fixed,perturbation_seed,7000.0,2026.0,3000.0,support_restricted_tv_l1,exact_support_restricted_l1,,,,,
4,2030,315,Similarity-aware,0.008,7.15573433840433e-18,3.9898639947466563e-17,3.3306690738754696e-16,3.3306690738754696e-16,-3.3306690738754696e-16,1.7257688825421384e-15,9.622468920841014e-15,8.032669707832498e-14,8.032669707832498e-14,-8.032669707832498e-14,0.4146403617999878,60,5,0.5,0.99,E[Agg(Q_xi)] - Agg(E[Q_xi]),bellman_backup,True,8x8,fixed,perturbation_seed,7000.0,2026.0,3000.0,support_restricted_tv_l1,exact_support_restricted_l1,,,,,
4,2030,320,Similarity-aware,0.008,4.662069341687669e-18,3.7838655819744105e-17,3.3306690738754696e-16,3.3306690738754696e-16,-3.3306690738754696e-16,1.124364574989575e-15,9.125656666775854e-15,8.032669707832498e-14,8.032669707832498e-14,-8.032669707832498e-14,0.4146403617999878,60,5,0.5,0.99,E[Agg(Q_xi)] - Agg(E[Q_xi]),bellman_backup,True,8x8,fixed,perturbation_seed,7000.0,2026.0,3000.0,support_restricted_tv_l1,exact_support_restricted_l1,,,,,
4,2030,325,Similarity-aware,0.008,-4.0115480381963664e-18,3.859759734048396e-17,4.440892098500626e-16,4.440892098500626e-16,-3.3306690738754696e-16,-9.674764947584714e-16,9.308692760378807e-15,1.0710226277109999e-13,1.0710226277109999e-13,-8.032669707832498e-14,0.4146403617999878,60,5,0.5,0.99,E[Agg(Q_xi)] - Agg(E[Q_xi]),bellman_backup,True,8x8,fixed,perturbation_seed,7000.0,2026.0,3000.0,support_restricted_tv_l1,exact_support_restricted_l1,,,,,
4,2030,330,Similarity-aware,0.008,-4.7704895589362195e-18,3.621235256101585e-17,4.440892098500626e-16,3.3306690738754696e-16,-4.440892098500626e-16,-1.1505125883614256e-15,8.733436466198094e-15,1.0710226277109999e-13,8.032669707832498e-14,-1.0710226277109999e-13,0.4146403617999878,60,5,0.5,0.99,E[Agg(Q_xi)] - Agg(E[Q_xi]),bellman_backup,True,8x8,fixed,perturbation_seed,7000.0,2026.0,3000.0,support_restricted_tv_l1,exact_support_restricted_l1,,,,,
4,2030,335,Similarity-aware,0.008,-8.456776945386935e-18,3.491130995403324e-17,4.440892098500626e-16,3.3306690738754696e-16,-4.440892098500626e-16,-2.0395450430043455e-15,8.419660305735887e-15,1.0710226277109999e-13,8.032669707832498e-14,-1.0710226277109999e-13,0.4146403617999878,60,5,0.5,0.99,E[Agg(Q_xi)] - Agg(E[Q_xi]),bellman_backup,True,8x8,fixed,perturbation_seed,7000.0,2026.0,3000.0,support_restricted_tv_l1,exact_support_restricted_l1,,,,,
4,2030,340,Similarity-aware,0.008,9.75781955236954e-18,4.618701254788249e-17,4.440892098500626e-16,4.440892098500626e-16,-3.3306690738754696e-16,2.353321203466552e-15,1.1139053696408348e-14,1.0710226277109999e-13,1.0710226277109999e-13,-8.032669707832498e-14,0.4146403617999878,60,5,0.5,0.99,E[Agg(Q_xi)] - Agg(E[Q_xi]),bellman_backup,True,8x8,fixed,perturbation_seed,7000.0,2026.0,3000.0,support_restricted_tv_l1,exact_support_restricted_l1,,,,,
4,2030,345,Similarity-aware,0.008,-2.168404344971009e-18,4.0223900599212215e-17,4.440892098500626e-16,4.440892098500626e-16,-3.3306690738754696e-16,-5.229602674370116e-16,9.700912960956565e-15,1.0710226277109999e-13,1.0710226277109999e-13,-8.032669707832498e-14,0.4146403617999878,60,5,0.5,0.99,E[Agg(Q_xi)] - Agg(E[Q_xi]),bellman_backup,True,8x8,fixed,perturbation_seed,7000.0,2026.0,3000.0,support_restricted_tv_l1,exact_support_restricted_l1,,,,,
4,2030,350,Similarity-aware,0.008,-1.5178830414797062e-18,3.9898639947466563e-17,4.440892098500626e-16,4.440892098500626e-16,-4.440892098500626e-16,-3.660721872059081e-16,9.622468920841014e-15,1.0710226277109999e-13,1.0710226277109999e-13,-1.0710226277109999e-13,0.4146403617999878,60,5,0.5,0.99,E[Agg(Q_xi)] - Agg(E[Q_xi]),bellman_backup,True,8x8,fixed,perturbation_seed,7000.0,2026.0,3000.0,support_restricted_tv_l1,exact_support_restricted_l1,,,,,
4,2030,355,Similarity-aware,0.008,2.168404344971009e-18,4.466912950640278e-17,5.551115123125783e-16,4.440892098500626e-16,-5.551115123125783e-16,5.229602674370116e-16,1.077298150920244e-14,1.3387782846387497e-13,1.0710226277109999e-13,-1.3387782846387497e-13,0.4146403617999878,60,5,0.5,0.99,E[Agg(Q_xi)] - Agg(E[Q_xi]),bellman_backup,True,8x8,fixed,perturbation_seed,7000.0,2026.0,3000.0,support_restricted_tv_l1,exact_support_restricted_l1,,,,,
4,2030,360,Similarity-aware,0.008,-8.565197162635485e-18,3.5670251474773096e-17,4.440892098500626e-16,3.3306690738754696e-16,-4.440892098500626e-16,-2.065693056376196e-15,8.602696399338841e-15,1.0710226277109999e-13,8.032669707832498e-14,-1.0710226277109999e-13,0.4146403617999878,60,5,0.5,0.99,E[Agg(Q_xi)] - Agg(E[Q_xi]),bellman_backup,True,8x8,fixed,perturbation_seed,7000.0,2026.0,3000.0,support_restricted_tv_l1,exact_support_restricted_l1,,,,,
4,2030,365,Similarity-aware,0.008,-1.3227266504323154e-17,3.458604930228759e-17,3.3306690738754696e-16,3.3306690738754696e-16,-3.3306690738754696e-16,-3.190057631365771e-15,8.341216265620335e-15,8.032669707832498e-14,8.032669707832498e-14,-8.032669707832498e-14,0.4146403617999878,60,5,0.5,0.99,E[Agg(Q_xi)] - Agg(E[Q_xi]),bellman_backup,True,8x8,fixed,perturbation_seed,7000.0,2026.0,3000.0,support_restricted_tv_l1,exact_support_restricted_l1,,,,,
4,2030,370,Similarity-aware,0.008,4.87890977618477e-18,4.391018798566293e-17,5.551115123125783e-16,5.551115123125783e-16,-4.440892098500626e-16,1.176660601733276e-15,1.0589945415599485e-14,1.3387782846387497e-13,1.3387782846387497e-13,-1.0710226277109999e-13,0.4146403617999878,60,5,0.5,0.99,E[Agg(Q_xi)] - Agg(E[Q_xi]),bellman_backup,True,8x8,fixed,perturbation_seed,7000.0,2026.0,3000.0,support_restricted_tv_l1,exact_support_restricted_l1,,,,,
4,2030,375,Similarity-aware,0.008,-2.0491421059976034e-17,2.959871930885427e-17,4.440892098500626e-16,4.440892098500626e-16,-4.440892098500626e-16,-4.94197452727976e-15,7.13840765051521e-15,1.0710226277109999e-13,1.0710226277109999e-13,-1.0710226277109999e-13,0.4146403617999878,60,5,0.5,0.99,E[Agg(Q_xi)] - Agg(E[Q_xi]),bellman_backup,True,8x8,fixed,perturbation_seed,7000.0,2026.0,3000.0,support_restricted_tv_l1,exact_support_restricted_l1,,,,,
4,2030,380,Similarity-aware,0.008,-7.15573433840433e-18,3.7513395167998453e-17,4.440892098500626e-16,4.440892098500626e-16,-3.3306690738754696e-16,-1.7257688825421384e-15,9.0472126266603e-15,1.0710226277109999e-13,1.0710226277109999e-13,-8.032669707832498e-14,0.4146403617999878,60,5,0.5,0.99,E[Agg(Q_xi)] - Agg(E[Q_xi]),bellman_backup,True,8x8,fixed,perturbation_seed,7000.0,2026.0,3000.0,support_restricted_tv_l1,exact_support_restricted_l1,,,,,
4,2030,385,Similarity-aware,0.008,-4.445228907190568e-18,3.65376132127615e-17,4.440892098500626e-16,4.440892098500626e-16,-3.3306690738754696e-16,-1.0720685482458739e-15,8.811880506313647e-15,1.0710226277109999e-13,1.0710226277109999e-13,-8.032669707832498e-14,0.4146403617999878,60,5,0.5,0.99,E[Agg(Q_xi)] - Agg(E[Q_xi]),bellman_backup,True,8x8,fixed,perturbation_seed,7000.0,2026.0,3000.0,support_restricted_tv_l1,exact_support_restricted_l1,,,,,
4,2030,390,Similarity-aware,0.008,-1.680513367352532e-17,3.5453411040275995e-17,5.551115123125783e-16,3.3306690738754696e-16,-5.551115123125783e-16,-4.0529420726368405e-15,8.55040037259514e-15,1.3387782846387497e-13,8.032669707832498e-14,-1.3387782846387497e-13,0.4146403617999878,60,5,0.5,0.99,E[Agg(Q_xi)] - Agg(E[Q_xi]),bellman_backup,True,8x8,fixed,perturbation_seed,7000.0,2026.0,3000.0,support_restricted_tv_l1,exact_support_restricted_l1,,,,,
4,2030,395,Similarity-aware,0.008,-2.168404344971009e-19,4.152494320619482e-17,3.3306690738754696e-16,3.3306690738754696e-16,-3.3306690738754696e-16,-5.2296026743701166e-17,1.0014689121418772e-14,8.032669707832498e-14,8.032669707832498e-14,-8.032669707832498e-14,0.4146403617999878,60,5,0.5,0.99,E[Agg(Q_xi)] - Agg(E[Q_xi]),bellman_backup,True,8x8,fixed,perturbation_seed,7000.0,2026.0,3000.0,support_restricted_tv_l1,exact_support_restricted_l1,,,,,
4,2030,400,Similarity-aware,0.008,-2.927345865710862e-18,4.5319650809894085e-17,4.440892098500626e-16,4.440892098500626e-16,-4.440892098500626e-16,-7.059963610399657e-16,1.0929869589433543e-14,1.0710226277109999e-13,1.0710226277109999e-13,-1.0710226277109999e-13,0.4146403617999878,60,5,0.5,0.99,E[Agg(Q_xi)] - Agg(E[Q_xi]),bellman_backup,True,8x8,fixed,perturbation_seed,7000.0,2026.0,3000.0,support_restricted_tv_l1,exact_support_restricted_l1,,,,,
4,2030,405,Similarity-aware,0.008,9.75781955236954e-19,4.575333167888829e-17,6.661338147750939e-16,6.661338147750939e-16,-3.3306690738754696e-16,2.3533212034665524e-16,1.1034461642920945e-14,1.6065339415664996e-13,1.6065339415664996e-13,-8.032669707832498e-14,0.4146403617999878,60,5,0.5,0.99,E[Agg(Q_xi)] - Agg(E[Q_xi]),bellman_backup,True,8x8,fixed,perturbation_seed,7000.0,2026.0,3000.0,support_restricted_tv_l1,exact_support_restricted_l1,,,,,
4,2030,410,Similarity-aware,0.008,-1.0842021724855044e-19,4.130810277169772e-17,4.440892098500626e-16,4.440892098500626e-16,-4.440892098500626e-16,-2.6148013371850583e-17,9.962393094675071e-15,1.0710226277109999e-13,1.0710226277109999e-13,-1.0710226277109999e-13,0.4146403617999878,60,5,0.5,0.99,E[Agg(Q_xi)] - Agg(E[Q_xi]),bellman_backup,True,8x8,fixed,perturbation_seed,7000.0,2026.0,3000.0,support_restricted_tv_l1,exact_support_restricted_l1,,,,,
4,2030,415,Similarity-aware,0.008,-1.5178830414797062e-18,4.3042826247674526e-17,5.551115123125783e-16,4.440892098500626e-16,-5.551115123125783e-16,-3.660721872059081e-16,1.038076130862468e-14,1.3387782846387497e-13,1.0710226277109999e-13,-1.3387782846387497e-13,0.4146403617999878,60,5,0.5,0.99,E[Agg(Q_xi)] - Agg(E[Q_xi]),bellman_backup,True,8x8,fixed,perturbation_seed,7000.0,2026.0,3000.0,support_restricted_tv_l1,exact_support_restricted_l1,,,,,
4,2030,420,Similarity-aware,0.008,1.0516761073109393e-17,4.90059381963448e-17,5.551115123125783e-16,5.551115123125783e-16,-4.440892098500626e-16,2.5363572970695065e-15,1.1818902044076463e-14,1.3387782846387497e-13,1.3387782846387497e-13,-1.0710226277109999e-13,0.4146403617999878,60,5,0.5,0.99,E[Agg(Q_xi)] - Agg(E[Q_xi]),bellman_backup,True,8x8,fixed,perturbation_seed,7000.0,2026.0,3000.0,support_restricted_tv_l1,exact_support_restricted_l1,,,,,
4,2030,425,Similarity-aware,0.008,5.312590645178972e-18,4.2825985813177425e-17,4.440892098500626e-16,4.440892098500626e-16,-4.440892098500626e-16,1.2812526552206785e-15,1.032846528188098e-14,1.0710226277109999e-13,1.0710226277109999e-13,-1.0710226277109999e-13,0.4146403617999878,60,5,0.5,0.99,E[Agg(Q_xi)] - Agg(E[Q_xi]),bellman_backup,True,8x8,fixed,perturbation_seed,7000.0,2026.0,3000.0,support_restricted_tv_l1,exact_support_restricted_l1,,,,,
4,2030,430,Similarity-aware,0.008,-3.2526065174565133e-18,4.5102810375396984e-17,4.440892098500626e-16,4.440892098500626e-16,-4.440892098500626e-16,-7.844404011555174e-16,1.0877573562689842e-14,1.0710226277109999e-13,1.0710226277109999e-13,-1.0710226277109999e-13,0.4146403617999878,60,5,0.5,0.99,E[Agg(Q_xi)] - Agg(E[Q_xi]),bellman_backup,True,8x8,fixed,perturbation_seed,7000.0,2026.0,3000.0,support_restricted_tv_l1,exact_support_restricted_l1,,,,,
4,2030,435,Similarity-aware,0.008,5.204170427930421e-18,4.217546450968612e-17,3.3306690738754696e-16,3.3306690738754696e-16,-3.3306690738754696e-16,1.2551046418488278e-15,1.0171577201649877e-14,8.032669707832498e-14,8.032669707832498e-14,-8.032669707832498e-14,0.4146403617999878,60,5,0.5,0.99,E[Agg(Q_xi)] - Agg(E[Q_xi]),bellman_backup,True,8x8,fixed,perturbation_seed,7000.0,2026.0,3000.0,support_restricted_tv_l1,exact_support_restricted_l1,,,,,
4,2030,440,Similarity-aware,0.008,-1.452830911130576e-17,3.382710778154774e-17,3.3306690738754696e-16,3.3306690738754696e-16,-3.3306690738754696e-16,-3.5038337918279778e-15,8.158180172017382e-15,8.032669707832498e-14,8.032669707832498e-14,-8.032669707832498e-14,0.4146403617999878,60,5,0.5,0.99,E[Agg(Q_xi)] - Agg(E[Q_xi]),bellman_backup,True,8x8,fixed,perturbation_seed,7000.0,2026.0,3000.0,support_restricted_tv_l1,exact_support_restricted_l1,,,,,
4,2030,445,Similarity-aware,0.008,0.0,4.5536491244391186e-17,4.440892098500626e-16,4.440892098500626e-16,-4.440892098500626e-16,0.0,1.0982165616177244e-14,1.0710226277109999e-13,1.0710226277109999e-13,-1.0710226277109999e-13,0.4146403617999878,60,5,0.5,0.99,E[Agg(Q_xi)] - Agg(E[Q_xi]),bellman_backup,True,8x8,fixed,perturbation_seed,7000.0,2026.0,3000.0,support_restricted_tv_l1,exact_support_restricted_l1,,,,,
4,2030,450,Similarity-aware,0.008,8.890457814381136e-18,4.412702842016003e-17,4.440892098500626e-16,3.3306690738754696e-16,-4.440892098500626e-16,2.1441370964917477e-15,1.0642241442343186e-14,1.0710226277109999e-13,8.032669707832498e-14,-1.0710226277109999e-13,0.4146403617999878,60,5,0.5,0.99,E[Agg(Q_xi)] - Agg(E[Q_xi]),bellman_backup,True,8x8,fixed,perturbation_seed,7000.0,2026.0,3000.0,support_restricted_tv_l1,exact_support_restricted_l1,,,,,
4,2030,455,Similarity-aware,0.008,-2.6020852139652106e-18,4.2825985813177425e-17,4.440892098500626e-16,4.440892098500626e-16,-4.440892098500626e-16,-6.275523209244139e-16,1.032846528188098e-14,1.0710226277109999e-13,1.0710226277109999e-13,-1.0710226277109999e-13,0.4146403617999878,60,5,0.5,0.99,E[Agg(Q_xi)] - Agg(E[Q_xi]),bellman_backup,True,8x8,fixed,perturbation_seed,7000.0,2026.0,3000.0,support_restricted_tv_l1,exact_support_restricted_l1,,,,,
4,2030,460,Similarity-aware,0.008,2.2768245622195593e-18,3.69712940817557e-17,3.3306690738754696e-16,3.3306690738754696e-16,-3.3306690738754696e-16,5.491082808088623e-16,8.916472559801048e-15,8.032669707832498e-14,8.032669707832498e-14,-8.032669707832498e-14,0.4146403617999878,60,5,0.5,0.99,E[Agg(Q_xi)] - Agg(E[Q_xi]),bellman_backup,True,8x8,fixed,perturbation_seed,7000.0,2026.0,3000.0,support_restricted_tv_l1,exact_support_restricted_l1,,,,,
4,2030,465,Similarity-aware,0.008,1.0299920638612292e-17,4.5319650809894085e-17,3.3306690738754696e-16,3.3306690738754696e-16,-3.3306690738754696e-16,2.4840612703258052e-15,1.0929869589433543e-14,8.032669707832498e-14,8.032669707832498e-14,-8.032669707832498e-14,0.4146403617999878,60,5,0.5,0.99,E[Agg(Q_xi)] - Agg(E[Q_xi]),bellman_backup,True,8x8,fixed,perturbation_seed,7000.0,2026.0,3000.0,support_restricted_tv_l1,exact_support_restricted_l1,,,,,
4,2030,470,Similarity-aware,0.008,-4.119968255444917e-18,4.3259666682171627e-17,5.551115123125783e-16,5.551115123125783e-16,-4.440892098500626e-16,-9.93624508130322e-16,1.0433057335368383e-14,1.3387782846387497e-13,1.3387782846387497e-13,-1.0710226277109999e-13,0.4146403617999878,60,5,0.5,0.99,E[Agg(Q_xi)] - Agg(E[Q_xi]),bellman_backup,True,8x8,fixed,perturbation_seed,7000.0,2026.0,3000.0,support_restricted_tv_l1,exact_support_restricted_l1,,,,,
4,2030,475,Similarity-aware,0.008,-8.673617379884035e-18,3.707971429900425e-17,4.440892098500626e-16,3.3306690738754696e-16,-4.440892098500626e-16,-2.0918410697480464e-15,8.942620573172899e-15,1.0710226277109999e-13,8.032669707832498e-14,-1.0710226277109999e-13,0.4146403617999878,60,5,0.5,0.99,E[Agg(Q_xi)] - Agg(E[Q_xi]),bellman_backup,True,8x8,fixed,perturbation_seed,7000.0,2026.0,3000.0,support_restricted_tv_l1,exact_support_restricted_l1,,,,,
4,2030,480,Similarity-aware,0.008,-2.710505431213761e-18,3.859759734048396e-17,6.661338147750939e-16,4.440892098500626e-16,-6.661338147750939e-16,-6.537003342962646e-16,9.308692760378807e-15,1.6065339415664996e-13,1.0710226277109999e-13,-1.6065339415664996e-13,0.4146403617999878,60,5,0.5,0.99,E[Agg(Q_xi)] - Agg(E[Q_xi]),bellman_backup,True,8x8,fixed,perturbation_seed,7000.0,2026.0,3000.0,support_restricted_tv_l1,exact_support_restricted_l1,,,,,
4,2030,485,Similarity-aware,0.008,1.5395670849294163e-17,5.2475385148298415e-17,4.440892098500626e-16,4.440892098500626e-16,-3.3306690738754696e-16,3.713017898802782e-15,1.2655638471975681e-14,1.0710226277109999e-13,1.0710226277109999e-13,-8.032669707832498e-14,0.4146403617999878,60,5,0.5,0.99,E[Agg(Q_xi)] - Agg(E[Q_xi]),bellman_backup,True,8x8,fixed,perturbation_seed,7000.0,2026.0,3000.0,support_restricted_tv_l1,exact_support_restricted_l1,,,,,
4,2030,490,Similarity-aware,0.008,8.456776945386935e-18,4.4885969940899884e-17,4.440892098500626e-16,3.3306690738754696e-16,-4.440892098500626e-16,2.0395450430043455e-15,1.0825277535946141e-14,1.0710226277109999e-13,8.032669707832498e-14,-1.0710226277109999e-13,0.4146403617999878,60,5,0.5,0.99,E[Agg(Q_xi)] - Agg(E[Q_xi]),bellman_backup,True,8x8,fixed,perturbation_seed,7000.0,2026.0,3000.0,support_restricted_tv_l1,exact_support_restricted_l1,,,,,
4,2030,495,Similarity-aware,0.008,-6.179952383167375e-18,3.892285799222961e-17,4.440892098500626e-16,4.440892098500626e-16,-4.440892098500626e-16,-1.4904367621954831e-15,9.387136800494358e-15,1.0710226277109999e-13,1.0710226277109999e-13,-1.0710226277109999e-13,0.4146403617999878,60,5,0.5,0.99,E[Agg(Q_xi)] - Agg(E[Q_xi]),bellman_backup,True,8x8,fixed,perturbation_seed,7000.0,2026.0,3000.0,support_restricted_tv_l1,exact_support_restricted_l1,,,,,
4,2030,500,Similarity-aware,0.008,-2.2768245622195593e-18,4.2609145378680324e-17,4.440892098500626e-16,4.440892098500626e-16,-4.440892098500626e-16,-5.491082808088623e-16,1.0276169255137278e-14,1.0710226277109999e-13,1.0710226277109999e-13,-1.0710226277109999e-13,0.4146403617999878,60,5,0.5,0.99,E[Agg(Q_xi)] - Agg(E[Q_xi]),bellman_backup,True,8x8,fixed,perturbation_seed,7000.0,2026.0,3000.0,support_restricted_tv_l1,exact_support_restricted_l1,,,,,
4,2030,-1,metadata,,,,,,,,,,,,0.4146403617999878,60,5,0.5,0.99,,,,8x8,fixed,perturbation_seed,,,,support_restricted_tv_l1,exact_support_restricted_l1,0.0,0.01,0.025840484106803785,0.009515708803321206,0.3869470800610985
4,2030,-1,metadata,,,,,,,,,,,,0.4146403617999878,60,5,0.5,0.99,,,,8x8,fixed,perturbation_seed,,,,support_restricted_tv_l1,exact_support_restricted_l1,1.0,0.015,0.03780542034169976,0.01372266290404444,0.2644864742336895
4,2030,-1,metadata,,,,,,,,,,,,0.4146403617999878,60,5,0.5,0.99,,,,8x8,fixed,perturbation_seed,,,,support_restricted_tv_l1,exact_support_restricted_l1,2.0,0.02,0.048317535600364725,0.018064682858056798,0.20694515459399662
4,2030,-1,metadata,,,,,,,,,,,,0.4146403617999878,60,5,0.5,0.99,,,,8x8,fixed,perturbation_seed,,,,support_restricted_tv_l1,exact_support_restricted_l1,3.0,0.03,0.07060481598370366,0.02758744059148991,0.1416212911112155
5,2031,5,Maximum-based,0.008,0.0028260012190723964,0.0028260012190723964,0.003895222719163977,0.003895222719163977,0.0,0.6815547832354028,0.6815547832354028,0.9394219854175546,0.9394219854175546,0.0,0.4146403617999878,60,5,0.5,0.99,E[Agg(Q_xi)] - Agg(E[Q_xi]),bellman_backup,True,8x8,fixed,perturbation_seed,8000.0,2026.0,3000.0,support_restricted_tv_l1,exact_support_restricted_l1,,,,,
5,2031,10,Maximum-based,0.008,0.002784573891994488,0.002784573891994488,0.003996517298920234,0.003996517298920234,1.3743731029802753e-05,0.6715636364743712,0.6715636364743712,0.9638514884491766,0.9638514884491766,0.0033146148556643376,0.4146403617999878,60,5,0.5,0.99,E[Agg(Q_xi)] - Agg(E[Q_xi]),bellman_backup,True,8x8,fixed,perturbation_seed,8000.0,2026.0,3000.0,support_restricted_tv_l1,exact_support_restricted_l1,,,,,
5,2031,15,Maximum-based,0.008,0.002773675903801027,0.002773675903801027,0.004211054476741621,0.004211054476741621,0.0,0.6689353375441485,0.6689353375441485,1.0155920322037846,1.0155920322037846,0.0,0.4146403617999878,60,5,0.5,0.99,E[Agg(Q_xi)] - Agg(E[Q_xi]),bellman_backup,True,8x8,fixed,perturbation_seed,8000.0,2026.0,3000.0,support_restricted_tv_l1,exact_support_restricted_l1,,,,,
5,2031,20,Maximum-based,0.008,0.002685177880625848,0.002685177880625848,0.004139265966076576,0.004139265966076576,0.0,0.6475920166018742,0.6475920166018742,0.9982785921051398,0.9982785921051398,0.0,0.4146403617999878,60,5,0.5,0.99,E[Agg(Q_xi)] - Agg(E[Q_xi]),bellman_backup,True,8x8,fixed,perturbation_seed,8000.0,2026.0,3000.0,support_restricted_tv_l1,exact_support_restricted_l1,,,,,
5,2031,25,Maximum-based,0.008,0.002670320319626757,0.002670320319626757,0.004065819899139282,0.004065819899139282,0.0,0.6440087761921385,0.6440087761921385,0.9805653944274081,0.9805653944274081,0.0,0.4146403617999878,60,5,0.5,0.99,E[Agg(Q_xi)] - Agg(E[Q_xi]),bellman_backup,True,8x8,fixed,perturbation_seed,8000.0,2026.0,3000.0,support_restricted_tv_l1,exact_support_restricted_l1,,,,,
5,2031,30,Maximum-based,0.008,0.0026266754779527605,0.0026266754779527605,0.004188229094673979,0.004188229094673979,0.0,0.6334828251041812,0.6334828251041812,1.0100871696360028,1.0100871696360028,0.0,0.4146403617999878,60,5,0.5,0.99,E[Agg(Q_xi)] - Agg(E[Q_xi]),bellman_backup,True,8x8,fixed,perturbation_seed,8000.0,2026.0,3000.0,support_restricted_tv_l1,exact_support_restricted_l1,,,,,
5,2031,35,Maximum-based,0.008,0.002614391939599334,0.002614391939599334,0.0040836294881373,0.0040836294881373,0.0,0.6305203690856442,0.6305203690856442,0.9848605838587274,0.9848605838587274,0.0,0.4146403617999878,60,5,0.5,0.99,E[Agg(Q_xi)] - Agg(E[Q_xi]),bellman_backup,True,8x8,fixed,perturbation_seed,8000.0,2026.0,3000.0,support_restricted_tv_l1,exact_support_restricted_l1,,,,,
5,2031,40,Maximum-based,0.008,0.0026110110441491365,0.0026110110441491365,0.004111361413783043,0.004111361413783043,0.0,0.6297049888762694,0.6297049888762694,0.991548771551155,0.991548771551155,0.0,0.4146403617999878,60,5,0.5,0.99,E[Agg(Q_xi)] - Agg(E[Q_xi]),bellman_backup,True,8x8,fixed,perturbation_seed,8000.0,2026.0,3000.0,support_restricted_tv_l1,exact_support_restricted_l1,,,,,
5,2031,45,Maximum-based,0.008,0.002601998384067692,0.002601998384067692,0.004162586343285202,0.004162586343285202,5.844980694003077e-06,0.6275313799100993,0.6275313799100993,1.0039028340644585,1.0039028340644585,0.0014096506834572343,0.4146403617999878,60,5,0.5,0.99,E[Agg(Q_xi)] - Agg(E[Q_xi]),bellman_backup,True,8x8,fixed,perturbation_seed,8000.0,2026.0,3000.0,support_restricted_tv_l1,exact_support_restricted_l1,,,,,
5,2031,50,Maximum-based,0.008,0.0025398161428358025,0.0025398161428358025,0.00406170448730768,0.00406170448730768,0.0,0.6125347112399411,0.6125347112399411,0.9795728688050259,0.9795728688050259,0.0,0.4146403617999878,60,5,0.5,0.99,E[Agg(Q_xi)] - Agg(E[Q_xi]),bellman_backup,True,8x8,fixed,perturbation_seed,8000.0,2026.0,3000.0,support_restricted_tv_l1,exact_support_restricted_l1,,,,,
5,2031,55,Maximum-based,0.008,0.002549685608507934,0.002549685608507934,0.004278634444170759,0.004278634444170759,0.0,0.6149149584568998,0.6149149584568998,1.0318904859133482,1.0318904859133482,0.0,0.4146403617999878,60,5,0.5,0.99,E[Agg(Q_xi)] - Agg(E[Q_xi]),bellman_backup,True,8x8,fixed,perturbation_seed,8000.0,2026.0,3000.0,support_restricted_tv_l1,exact_support_restricted_l1,,,,,
5,2031,60,Maximum-based,0.008,0.00256295793800773,0.00256295793800773,0.003967371633937539,0.003967371633937539,0.0,0.6181158840595545,0.6181158840595545,0.9568223452041313,0.9568223452041313,0.0,0.4146403617999878,60,5,0.5,0.99,E[Agg(Q_xi)] - Agg(E[Q_xi]),bellman_backup,True,8x8,fixed,perturbation_seed,8000.0,2026.0,3000.0,support_restricted_tv_l1,exact_support_restricted_l1,,,,,
5,2031,65,Maximum-based,0.008,0.0025296451289242698,0.0025296451289242698,0.004059863755520518,0.004059863755520518,0.0,0.6100817387730594,0.6100817387730594,0.9791289342639767,0.9791289342639767,0.0,0.4146403617999878,60,5,0.5,0.99,E[Agg(Q_xi)] - Agg(E[Q_xi]),bellman_backup,True,8x8,fixed,perturbation_seed,8000.0,2026.0,3000.0,support_restricted_tv_l1,exact_support_restricted_l1,,,,,
5,2031,70,Maximum-based,0.008,0.0025149242221998627,0.0025149242221998627,0.0038457590592864965,0.0038457590592864965,0.0,0.6065314556649455,0.6065314556649455,0.9274926933286816,0.9274926933286816,0.0,0.4146403617999878,60,5,0.5,0.99,E[Agg(Q_xi)] - Agg(E[Q_xi]),bellman_backup,True,8x8,fixed,perturbation_seed,8000.0,2026.0,3000.0,support_restricted_tv_l1,exact_support_restricted_l1,,,,,
5,2031,75,Maximum-based,0.008,0.0024939474015456594,0.0024939474015456594,0.0039814427167636085,0.0039814427167636085,0.0,0.6014724159315387,0.6014724159315387,0.9602159084272065,0.9602159084272065,0.0,0.4146403617999878,60,5,0.5,0.99,E[Agg(Q_xi)] - Agg(E[Q_xi]),bellman_backup,True,8x8,fixed,perturbation_seed,8000.0,2026.0,3000.0,support_restricted_tv_l1,exact_support_restricted_l1,,,,,
5,2031,80,Maximum-based,0.008,0.002472054089249187,0.002472054089249187,0.004033483494633006,0.004033483494633006,0.0,0.5961923432918584,0.5961923432918584,0.9727667314207722,0.9727667314207722,0.0,0.4146403617999878,60,5,0.5,0.99,E[Agg(Q_xi)] - Agg(E[Q_xi]),bellman_backup,True,8x8,fixed,perturbation_seed,8000.0,2026.0,3000.0,support_restricted_tv_l1,exact_support_restricted_l1,,,,,
5,2031,85,Maximum-based,0.008,0.002505300932416057,0.002505300932416057,0.00398788242474879,0.00398788242474879,0.0,0.6042105793898934,0.6042105793898934,0.9617689911896337,0.9617689911896337,0.0,0.4146403617999878,60,5,0.5,0.99,E[Agg(Q_xi)] - Agg(E[Q_xi]),bellman_backup,True,8x8,fixed,perturbation_seed,8000.0,2026.0,3000.0,support_restricted_tv_l1,exact_support_restricted_l1,,,,,
5,2031,90,Maximum-based,0.008,0.0024674789949680935,0.0024674789949680935,0.004156972290068783,0.004156972290068783,0.0,0.5950889547405769,0.5950889547405769,1.0025488768201498,1.0025488768201498,0.0,0.4146403617999878,60,5,0.5,0.99,E[Agg(Q_xi)] - Agg(E[Q_xi]),bellman_backup,True,8x8,fixed,perturbation_seed,8000.0,2026.0,3000.0,support_restricted_tv_l1,exact_support_restricted_l1,,,,,
5,2031,95,Maximum-based,0.008,0.002464068400640226,0.002464068400640226,0.004208907868956613,0.004208907868956613,0.0,0.5942664119680735,0.5942664119680735,1.0150743286749506,1.0150743286749506,0.0,0.4146403617999878,60,5,0.5,0.99,E[Agg(Q_xi)] - Agg(E[Q_xi]),bellman_backup,True,8x8,fixed,perturbation_seed,8000.0,2026.0,3000.0,support_restricted_tv_l1,exact_support_restricted_l1,,,,,
5,2031,100,Maximum-based,0.008,0.0024395728215631522,0.0024395728215631522,0.0038354054928462222,0.0038354054928462222,0.0,0.5883587432185248,0.5883587432185248,0.9249956941471912,0.9249956941471912,0.0,0.4146403617999878,60,5,0.5,0.99,E[Agg(Q_xi)] - Agg(E[Q_xi]),bellman_backup,True,8x8,fixed,perturbation_seed,8000.0,2026.0,3000.0,support_restricted_tv_l1,exact_support_restricted_l1,,,,,
5,2031,105,Maximum-based,0.008,0.002461470169539154,0.002461470169539154,0.004139799957097151,0.004139799957097151,0.0,0.5936397891545604,0.5936397891545604,0.9984073762443049,0.9984073762443049,0.0,0.4146403617999878,60,5,0.5,0.99,E[Agg(Q_xi)] - Agg(E[Q_xi]),bellman_backup,True,8x8,fixed,perturbation_seed,8000.0,2026.0,3000.0,support_restricted_tv_l1,exact_support_restricted_l1,,,,,
5,2031,110,Maximum-based,0.008,0.0024678423380899823,0.0024678423380899823,0.004265732520496279,0.004265732520496279,8.33224468632654e-06,0.5951765832387557,0.5951765832387557,1.0287788921412244,1.0287788921412244,0.0020095112425031615,0.4146403617999878,60,5,0.5,0.99,E[Agg(Q_xi)] - Agg(E[Q_xi]),bellman_backup,True,8x8,fixed,perturbation_seed,8000.0,2026.0,3000.0,support_restricted_tv_l1,exact_support_restricted_l1,,,,,
5,2031,115,Maximum-based,0.008,0.0024674228617746078,0.0024674228617746078,0.004107193321139541,0.004107193321139541,0.0,0.5950754169380238,0.5950754169380238,0.9905435407469445,0.9905435407469445,0.0,0.4146403617999878,60,5,0.5,0.99,E[Agg(Q_xi)] - Agg(E[Q_xi]),bellman_backup,True,8x8,fixed,perturbation_seed,8000.0,2026.0,3000.0,support_restricted_tv_l1,exact_support_restricted_l1,,,,,
5,2031,120,Maximum-based,0.008,0.00244578341492475,0.00244578341492475,0.0040447820121995715,0.0040447820121995715,0.0,0.5898565697529791,0.5898565697529791,0.9754916271635595,0.9754916271635595,0.0,0.4146403617999878,60,5,0.5,0.99,E[Agg(Q_xi)] - Agg(E[Q_xi]),bellman_backup,True,8x8,fixed,perturbation_seed,8000.0,2026.0,3000.0,support_restricted_tv_l1,exact_support_restricted_l1,,,,,
5,2031,125,Maximum-based,0.008,0.0024491794053089653,0.0024491794053089653,0.004170512632958756,0.004170512632958756,0.0,0.5906755904506924,0.5906755904506924,1.0058144399773863,1.0058144399773863,0.0,0.4146403617999878,60,5,0.5,0.99,E[Agg(Q_xi)] - Agg(E[Q_xi]),bellman_backup,True,8x8,fixed,perturbation_seed,8000.0,2026.0,3000.0,support_restricted_tv_l1,exact_support_restricted_l1,,,,,
5,2031,130,Maximum-based,0.008,0.002452905151013288,0.002452905151013288,0.004080916727831396,0.004080916727831396,0.0,0.5915741391805239,0.5915741391805239,0.9842063397098638,0.9842063397098638,0.0,0.4146403617999878,60,5,0.5,0.99,E[Agg(Q_xi)] - Agg(E[Q_xi]),bellman_backup,True,8x8,fixed,perturbation_seed,8000.0,2026.0,3000.0,support_restricted_tv_l1,exact_support_restricted_l1,,,,,
5,2031,135,Maximum-based,0.008,0.0024411085671712986,0.0024411085671712986,0.004223680023213328,0.004223680023213328,0.0,0.5887291233719376,0.5887291233719376,1.018636971296761,1.018636971296761,0.0,0.4146403617999878,60,5,0.5,0.99,E[Agg(Q_xi)] - Agg(E[Q_xi]),bellman_backup,True,8x8,fixed,perturbation_seed,8000.0,2026.0,3000.0,support_restricted_tv_l1,exact_support_restricted_l1,,,,,
5,2031,140,Maximum-based,0.008,0.002420919941656277,0.002420919941656277,0.004106499782206785,0.004106499782206785,0.0,0.5838601749108226,0.5838601749108226,0.9903762779822333,0.9903762779822333,0.0,0.4146403617999878,60,5,0.5,0.99,E[Agg(Q_xi)] - Agg(E[Q_xi]),bellman_backup,True,8x8,fixed,perturbation_seed,8000.0,2026.0,3000.0,support_restricted_tv_l1,exact_support_restricted_l1,,,,,
5,2031,145,Maximum-based,0.008,0.002445283311981798,0.002445283311981798,0.004009578788758017,0.004009578788758017,0.0,0.5897359584982568,0.5897359584982568,0.967001565248522,0.967001565248522,0.0,0.4146403617999878,60,5,0.5,0.99,E[Agg(Q_xi)] - Agg(E[Q_xi]),bellman_backup,True,8x8,fixed,perturbation_seed,8000.0,2026.0,3000.0,support_restricted_tv_l1,exact_support_restricted_l1,,,,,
5,2031,150,Maximum-based,0.008,0.002431731379773994,0.002431731379773994,0.004314661568932926,0.004314661568932926,0.0,0.5864676003121473,0.5864676003121473,1.040579250462407,1.040579250462407,0.0,0.4146403617999878,60,5,0.5,0.99,E[Agg(Q_xi)] - Agg(E[Q_xi]),bellman_backup,True,8x8,fixed,perturbation_seed,8000.0,2026.0,3000.0,support_restricted_tv_l1,exact_support_restricted_l1,,,,,
5,2031,155,Maximum-based,0.008,0.0024382535985591055,0.0024382535985591055,0.003969959714226923,0.003969959714226923,0.0,0.5880405824397912,0.5880405824397912,0.9574465199174056,0.9574465199174056,0.0,0.4146403617999878,60,5,0.5,0.99,E[Agg(Q_xi)] - Agg(E[Q_xi]),bellman_backup,True,8x8,fixed,perturbation_seed,8000.0,2026.0,3000.0,support_restricted_tv_l1,exact_support_restricted_l1,,,,,
5,2031,160,Maximum-based,0.008,0.002408052885483175,0.002408052885483175,0.004037288579224835,0.004037288579224835,0.0,0.5807569902335653,0.5807569902335653,0.9736844145366442,0.9736844145366442,0.0,0.4146403617999878,60,5,0.5,0.99,E[Agg(Q_xi)] - Agg(E[Q_xi]),bellman_backup,True,8x8,fixed,perturbation_seed,8000.0,2026.0,3000.0,support_restricted_tv_l1,exact_support_restricted_l1,,,,,
5,2031,165,Maximum-based,0.008,0.002449422551065521,0.002449422551065521,0.004039253314452262,0.004039253314452262,0.0,0.590734230607068,0.590734230607068,0.9741582553414561,0.9741582553414561,0.0,0.4146403617999878,60,5,0.5,0.99,E[Agg(Q_xi)] - Agg(E[Q_xi]),bellman_backup,True,8x8,fixed,perturbation_seed,8000.0,2026.0,3000.0,support_restricted_tv_l1,exact_support_restricted_l1,,,,,
5,2031,170,Maximum-based,0.008,0.002416328962232334,0.002416328962232334,0.0039942327688801404,0.0039942327688801404,0.0,0.5827529552942824,0.5827529552942824,0.9633005218162671,0.9633005218162671,0.0,0.4146403617999878,60,5,0.5,0.99,E[Agg(Q_xi)] - Agg(E[Q_xi]),bellman_backup,True,8x8,fixed,perturbation_seed,8000.0,2026.0,3000.0,support_restricted_tv_l1,exact_support_restricted_l1,,,,,
5,2031,175,Maximum-based,0.008,0.002415486574547568,0.002415486574547568,0.00395883550868692,0.00395883550868692,0.0,0.582549794251033,0.582549794251033,0.9547636635037868,0.9547636635037868,0.0,0.4146403617999878,60,5,0.5,0.99,E[Agg(Q_xi)] - Agg(E[Q_xi]),bellman_backup,True,8x8,fixed,perturbation_seed,8000.0,2026.0,3000.0,support_restricted_tv_l1,exact_support_restricted_l1,,,,,
5,2031,180,Maximum-based,0.008,0.002423814365987446,0.002423814365987446,0.004178376521572574,0.004178376521572574,1.9352300658748156e-05,0.5845582314913745,0.5845582314913745,1.0077109964485607,1.0077109964485607,0.004667249607524514,0.4146403617999878,60,5,0.5,0.99,E[Agg(Q_xi)] - Agg(E[Q_xi]),bellman_backup,True,8x8,fixed,perturbation_seed,8000.0,2026.0,3000.0,support_restricted_tv_l1,exact_support_restricted_l1,,,,,
5,2031,185,Maximum-based,0.008,0.0024500831420851744,0.0024500831420851744,0.004187398722849345,0.004187398722849345,0.0,0.5908935472294985,0.5908935472294985,1.009886906492051,1.009886906492051,0.0,0.4146403617999878,60,5,0.5,0.99,E[Agg(Q_xi)] - Agg(E[Q_xi]),bellman_backup,True,8x8,fixed,perturbation_seed,8000.0,2026.0,3000.0,support_restricted_tv_l1,exact_support_restricted_l1,,,,,
5,2031,190,Maximum-based,0.008,0.002427899982248382,0.002427899982248382,0.0039567700596648825,0.0039567700596648825,0.0,0.5855435712309021,0.5855435712309021,0.9542655332655555,0.9542655332655555,0.0,0.4146403617999878,60,5,0.5,0.99,E[Agg(Q_xi)] - Agg(E[Q_xi]),bellman_backup,True,8x8,fixed,perturbation_seed,8000.0,2026.0,3000.0,support_restricted_tv_l1,exact_support_restricted_l1,,,,,
5,2031,195,Maximum-based,0.008,0.002416183947861517,0.002416183947861517,0.0043029742644653535,0.0043029742644653535,0.0,0.5827179817644053,0.5827179817644053,1.0377605898725801,1.0377605898725801,0.0,0.4146403617999878,60,5,0.5,0.99,E[Agg(Q_xi)] - Agg(E[Q_xi]),bellman_backup,True,8x8,fixed,perturbation_seed,8000.0,2026.0,3000.0,support_restricted_tv_l1,exact_support_restricted_l1,,,,,
5,2031,200,Maximum-based,0.008,0.0024102635203389986,0.0024102635203389986,0.003991129595482756,0.003991129595482756,0.0,0.5812901353538876,0.5812901353538876,0.9625521206273638,0.9625521206273638,0.0,0.4146403617999878,60,5,0.5,0.99,E[Agg(Q_xi)] - Agg(E[Q_xi]),bellman_backup,True,8x8,fixed,perturbation_seed,8000.0,2026.0,3000.0,support_restricted_tv_l1,exact_support_restricted_l1,,,,,
5,2031,205,Maximum-based,0.008,0.002420520174245785,0.002420520174245785,0.004128492526520644,0.004128492526520644,0.0,0.5837637618629572,0.5837637618629572,0.9956803309254602,0.9956803309254602,0.0,0.4146403617999878,60,5,0.5,0.99,E[Agg(Q_xi)] - Agg(E[Q_xi]),bellman_backup,True,8x8,fixed,perturbation_seed,8000.0,2026.0,3000.0,support_restricted_tv_l1,exact_support_restricted_l1,,,,,
5,2031,210,Maximum-based,0.008,0.0024611544017188102,0.0024611544017188102,0.0040516676847478506,0.0040516676847478506,0.0,0.5935636345276994,0.5935636345276994,0.9771522644730554,0.9771522644730554,0.0,0.4146403617999878,60,5,0.5,0.99,E[Agg(Q_xi)] - Agg(E[Q_xi]),bellman_backup,True,8x8,fixed,perturbation_seed,8000.0,2026.0,3000.0,support_restricted_tv_l1,exact_support_restricted_l1,,,,,
5,2031,215,Maximum-based,0.008,0.0023994470267122365,0.0023994470267122365,0.004217336589437293,0.004217336589437293,0.0,0.5786814907010114,0.5786814907010114,1.0171071072602504,1.0171071072602504,0.0,0.4146403617999878,60,5,0.5,0.99,E[Agg(Q_xi)] - Agg(E[Q_xi]),bellman_backup,True,8x8,fixed,perturbation_seed,8000.0,2026.0,3000.0,support_restricted_tv_l1,exact_support_restricted_l1,,,,,
5,2031,220,Maximum-based,0.008,0.0023908119750673026,0.0023908119750673026,0.003823513196381745,0.003823513196381745,0.0,0.5765989506396801,0.5765989506396801,0.922127595052146,0.922127595052146,0.0,0.4146403617999878,60,5,0.5,0.99,E[Agg(Q_xi)] - Agg(E[Q_xi]),bellman_backup,True,8x8,fixed,perturbation_seed,8000.0,2026.0,3000.0,support_restricted_tv_l1,exact_support_restricted_l1,,,,,
5,2031,225,Maximum-based,0.008,0.0024307422908363577,0.0024307422908363577,0.004144452385482278,0.004144452385482278,0.0,0.5862290589088592,0.5862290589088592,0.9995294156822723,0.9995294156822723,0.0,0.4146403617999878,60,5,0.5,0.99,E[Agg(Q_xi)] - Agg(E[Q_xi]),bellman_backup,True,8x8,fixed,perturbation_seed,8000.0,2026.0,3000.0,support_restricted_tv_l1,exact_support_restricted_l1,,,,,
5,2031,230,Maximum-based,0.008,0.002464153402248568,0.002464153402248568,0.0042663325970359045,0.0042663325970359045,0.0,0.5942869120486669,0.5942869120486669,1.0289236143137164,1.0289236143137164,0.0,0.4146403617999878,60,5,0.5,0.99,E[Agg(Q_xi)] - Agg(E[Q_xi]),bellman_backup,True,8x8,fixed,perturbation_seed,8000.0,2026.0,3000.0,support_restricted_tv_l1,exact_support_restricted_l1,,,,,
5,2031,235,Maximum-based,0.008,0.0023833942445261724,0.0023833942445261724,0.003932516800336128,0.003932516800336128,0.0,0.5748099953848348,0.5748099953848348,0.9484163054616174,0.9484163054616174,0.0,0.4146403617999878,60,5,0.5,0.99,E[Agg(Q_xi)] - Agg(E[Q_xi]),bellman_backup,True,8x8,fixed,perturbation_seed,8000.0,2026.0,3000.0,support_restricted_tv_l1,exact_support_restricted_l1,,,,,
5,2031,240,Maximum-based,0.008,0.0024298440728850535,0.0024298440728850535,0.004263604783240005,0.004263604783240005,0.0,0.5860124331208136,0.5860124331208136,1.0282657396716872,1.0282657396716872,0.0,0.4146403617999878,60,5,0.5,0.99,E[Agg(Q_xi)] - Agg(E[Q_xi]),bellman_backup,True,8x8,fixed,perturbation_seed,8000.0,2026.0,3000.0,support_restricted_tv_l1,exact_support_restricted_l1,,,,,
5,2031,245,Maximum-based,0.008,0.0024070807755307943,0.0024070807755307943,0.004439466488621313,0.004439466488621313,0.0,0.5805225437006324,0.5805225437006324,1.0706788093057862,1.0706788093057862,0.0,0.4146403617999878,60,5,0.5,0.99,E[Agg(Q_xi)] - Agg(E[Q_xi]),bellman_backup,True,8x8,fixed,perturbation_seed,8000.0,2026.0,3000.0,support_restricted_tv_l1,exact_support_restricted_l1,,,,,
5,2031,250,Maximum-based,0.008,0.00241609108592754,0.00241609108592754,0.004275394420361345,0.004275394420361345,0.0,0.5826955859866344,0.5826955859866344,1.0311090801198193,1.0311090801198193,0.0,0.4146403617999878,60,5,0.5,0.99,E[Agg(Q_xi)] - Agg(E[Q_xi]),bellman_backup,True,8x8,fixed,perturbation_seed,8000.0,2026.0,3000.0,support_restricted_tv_l1,exact_support_restricted_l1,,,,,
5,2031,255,Maximum-based,0.008,0.0024039609593043396,0.0024039609593043396,0.004336674299863119,0.004336674299863119,0.0,0.579770128713121,0.579770128713121,1.0458881236349642,1.0458881236349642,0.0,0.4146403617999878,60,5,0.5,0.99,E[Agg(Q_xi)] - Agg(E[Q_xi]),bellman_backup,True,8x8,fixed,perturbation_seed,8000.0,2026.0,3000.0,support_restricted_tv_l1,exact_support_restricted_l1,,,,,
5,2031,260,Maximum-based,0.008,0.0024005390152639743,0.0024005390152639743,0.004083409227223778,0.004083409227223778,0.0,0.5789448486980471,0.5789448486980471,0.9848074629052905,0.9848074629052905,0.0,0.4146403617999878,60,5,0.5,0.99,E[Agg(Q_xi)] - Agg(E[Q_xi]),bellman_backup,True,8x8,fixed,perturbation_seed,8000.0,2026.0,3000.0,support_restricted_tv_l1,exact_support_restricted_l1,,,,,
5,2031,265,Maximum-based,0.008,0.0023671534578034057,0.0023671534578034057,0.00433911591986641,0.00433911591986641,0.0,0.5708931584777224,0.5708931584777224,1.0464769761028454,1.0464769761028454,0.0,0.4146403617999878,60,5,0.5,0.99,E[Agg(Q_xi)] - Agg(E[Q_xi]),bellman_backup,True,8x8,fixed,perturbation_seed,8000.0,2026.0,3000.0,support_restricted_tv_l1,exact_support_restricted_l1,,,,,
5,2031,270,Maximum-based,0.008,0.0023880701962234355,0.0023880701962234355,0.0040647550559157475,0.0040647550559157475,0.0,0.5759377080071576,0.5759377080071576,0.9803085831466847,0.9803085831466847,0.0,0.4146403617999878,60,5,0.5,0.99,E[Agg(Q_xi)] - Agg(E[Q_xi]),bellman_backup,True,8x8,fixed,perturbation_seed,8000.0,2026.0,3000.0,support_restricted_tv_l1,exact_support_restricted_l1,,,,,
5,2031,275,Maximum-based,0.008,0.0023896347337818897,0.0023896347337818897,0.004173809276166562,0.004173809276166562,0.0,0.5763150319974373,0.5763150319974373,1.006609500832894,1.006609500832894,0.0,0.4146403617999878,60,5,0.5,0.99,E[Agg(Q_xi)] - Agg(E[Q_xi]),bellman_backup,True,8x8,fixed,perturbation_seed,8000.0,2026.0,3000.0,support_restricted_tv_l1,exact_support_restricted_l1,,,,,
5,2031,280,Maximum-based,0.008,0.0023744740014660488,0.0023744740014660488,0.003955984253806888,0.003955984253806888,0.0,0.57265867489558,0.57265867489558,0.9540760182230297,0.9540760182230297,0.0,0.4146403617999878,60,5,0.5,0.99,E[Agg(Q_xi)] - Agg(E[Q_xi]),bellman_backup,True,8x8,fixed,perturbation_seed,8000.0,2026.0,3000.0,support_restricted_tv_l1,exact_support_restricted_l1,,,,,
5,2031,285,Maximum-based,0.008,0.0024406117333380514,0.0024406117333380514,0.004214863249949463,0.004214863249949463,0.0,0.5886093005377373,0.5886093005377373,1.0165106049137127,1.0165106049137127,0.0,0.4146403617999878,60,5,0.5,0.99,E[Agg(Q_xi)] - Agg(E[Q_xi]),bellman_backup,True,8x8,fixed,perturbation_seed,8000.0,2026.0,3000.0,support_restricted_tv_l1,exact_support_restricted_l1,,,,,
5,2031,290,Maximum-based,0.008,0.0023921879173662737,0.0023921879173662737,0.0038606132534980686,0.0038606132534980686,0.0,0.5769307905727242,0.5769307905727242,0.9310751217606578,0.9310751217606578,0.0,0.4146403617999878,60,5,0.5,0.99,E[Agg(Q_xi)] - Agg(E[Q_xi]),bellman_backup,True,8x8,fixed,perturbation_seed,8000.0,2026.0,3000.0,support_restricted_tv_l1,exact_support_restricted_l1,,,,,
5,2031,295,Maximum-based,0.008,0.002368055959402509,0.002368055959402509,0.004002191642861308,0.004002191642861308,0.0,0.5711108173653389,0.5711108173653389,0.9652199861797018,0.9652199861797018,0.0,0.4146403617999878,60,5,0.5,0.99,E[Agg(Q_xi)] - Agg(E[Q_xi]),bellman_backup,True,8x8,fixed,perturbation_seed,8000.0,2026.0,3000.0,support_restricted_tv_l1,exact_support_restricted_l1,,,,,
5,2031,300,Maximum-based,0.008,0.0023919207330106874,0.0023919207330106874,0.004282902124517762,0.004282902124517762,0.0,0.5768663529587817,0.5768663529587817,1.0329197345683698,1.0329197345683698,0.0,0.4146403617999878,60,5,0.5,0.99,E[Agg(Q_xi)] - Agg(E[Q_xi]),bellman_backup,True,8x8,fixed,perturbation_seed,8000.0,2026.0,3000.0,support_restricted_tv_l1,exact_support_restricted_l1,,,,,
5,2031,305,Maximum-based,0.008,0.0023823100891998215,0.0023823100891998215,0.0043517945720507045,0.0043517945720507045,3.4347769013454155e-06,0.5745485265491324,0.5745485265491324,1.049534722852162,1.049534722852162,0.0008283749527987983,0.4146403617999878,60,5,0.5,0.99,E[Agg(Q_xi)] - Agg(E[Q_xi]),bellman_backup,True,8x8,fixed,perturbation_seed,8000.0,2026.0,3000.0,support_restricted_tv_l1,exact_support_restricted_l1,,,,,
5,2031,310,Maximum-based,0.008,0.002403087792593472,0.002403087792593472,0.0039897026119692924,0.0039897026119692924,0.0,0.5795595446042616,0.5795595446042616,0.9622079709388797,0.9622079709388797,0.0,0.4146403617999878,60,5,0.5,0.99,E[Agg(Q_xi)] - Agg(E[Q_xi]),bellman_backup,True,8x8,fixed,perturbation_seed,8000.0,2026.0,3000.0,support_restricted_tv_l1,exact_support_restricted_l1,,,,,
5,2031,315,Maximum-based,0.008,0.002385649880476774,0.002385649880476774,0.004433418537370337,0.004433418537370337,0.0,0.5753539935476788,0.5753539935476788,1.069220207633551,1.069220207633551,0.0,0.4146403617999878,60,5,0.5,0.99,E[Agg(Q_xi)] - Agg(E[Q_xi]),bellman_backup,True,8x8,fixed,perturbation_seed,8000.0,2026.0,3000.0,support_restricted_tv_l1,exact_support_restricted_l1,,,,,
5,2031,320,Maximum-based,0.008,0.00238579301332158,0.00238579301332158,0.00411407791793994,0.00411407791793994,0.0,0.5753885133045555,0.5753885133045555,0.9922039186152526,0.9922039186152526,0.0,0.4146403617999878,60,5,0.5,0.99,E[Agg(Q_xi)] - Agg(E[Q_xi]),bellman_backup,True,8x8,fixed,perturbation_seed,8000.0,2026.0,3000.0,support_restricted_tv_l1,exact_support_restricted_l1,,,,,
5,2031,325,Maximum-based,0.008,0.0023955368461760435,0.0023955368461760435,0.0045615611810719825,0.0045615611810719825,7.635303359565526e-07,0.5777384612961511,0.5777384612961511,1.1001247349075887,1.1001247349075887,0.00018414279127145386,0.4146403617999878,60,5,0.5,0.99,E[Agg(Q_xi)] - Agg(E[Q_xi]),bellman_backup,True,8x8,fixed,perturbation_seed,8000.0,2026.0,3000.0,support_restricted_tv_l1,exact_support_restricted_l1,,,,,
5,2031,330,Maximum-based,0.008,0.002440846617017581,0.002440846617017581,0.0040442269084849936,0.0040442269084849936,0.0,0.5886659481054053,0.5886659481054053,0.9753577512156976,0.9753577512156976,0.0,0.4146403617999878,60,5,0.5,0.99,E[Agg(Q_xi)] - Agg(E[Q_xi]),bellman_backup,True,8x8,fixed,perturbation_seed,8000.0,2026.0,3000.0,support_restricted_tv_l1,exact_support_restricted_l1,,,,,
5,2031,335,Maximum-based,0.008,0.0023993543735619117,0.0023993543735619117,0.004509723762513351,0.004509723762513351,0.0,0.5786591452761901,0.5786591452761901,1.087622956659663,1.087622956659663,0.0,0.4146403617999878,60,5,0.5,0.99,E[Agg(Q_xi)] - Agg(E[Q_xi]),bellman_backup,True,8x8,fixed,perturbation_seed,8000.0,2026.0,3000.0,support_restricted_tv_l1,exact_support_restricted_l1,,,,,
5,2031,340,Maximum-based,0.008,0.0023929091614537136,0.0023929091614537136,0.004335022767901764,0.004335022767901764,0.0,0.5771047350686987,0.5771047350686987,1.045489818956137,1.045489818956137,0.0,0.4146403617999878,60,5,0.5,0.99,E[Agg(Q_xi)] - Agg(E[Q_xi]),bellman_backup,True,8x8,fixed,perturbation_seed,8000.0,2026.0,3000.0,support_restricted_tv_l1,exact_support_restricted_l1,,,,,
5,2031,345,Maximum-based,0.008,0.002411899452443843,0.002411899452443843,0.004078569366493423,0.004078569366493423,0.0,0.581684677770777,0.581684677770777,0.983640219873439,0.983640219873439,0.0,0.4146403617999878,60,5,0.5,0.99,E[Agg(Q_xi)] - Agg(E[Q_xi]),bellman_backup,True,8x8,fixed,perturbation_seed,8000.0,2026.0,3000.0,support_restricted_tv_l1,exact_support_restricted_l1,,,,,
5,2031,350,Maximum-based,0.008,0.002389305556744429,0.002389305556744429,0.00409326200178467,0.00409326200178467,0.0,0.5762356434313962,0.5762356434313962,0.9871836846792926,0.9871836846792926,0.0,0.4146403617999878,60,5,0.5,0.99,E[Agg(Q_xi)] - Agg(E[Q_xi]),bellman_backup,True,8x8,fixed,perturbation_seed,8000.0,2026.0,3000.0,support_restricted_tv_l1,exact_support_restricted_l1,,,,,
5,2031,355,Maximum-based,0.008,0.002380952519660476,0.002380952519660476,0.004351059536856106,0.004351059536856106,0.0,0.5742211176269879,0.5742211176269879,1.0493574523154956,1.0493574523154956,0.0,0.4146403617999878,60,5,0.5,0.99,E[Agg(Q_xi)] - Agg(E[Q_xi]),bellman_backup,True,8x8,fixed,perturbation_seed,8000.0,2026.0,3000.0,support_restricted_tv_l1,exact_support_restricted_l1,,,,,
5,2031,360,Maximum-based,0.008,0.0023865917964130882,0.0023865917964130882,0.004155777332490396,0.004155777332490396,0.0,0.5755811581035424,0.5755811581035424,1.002260685488944,1.002260685488944,0.0,0.4146403617999878,60,5,0.5,0.99,E[Agg(Q_xi)] - Agg(E[Q_xi]),bellman_backup,True,8x8,fixed,perturbation_seed,8000.0,2026.0,3000.0,support_restricted_tv_l1,exact_support_restricted_l1,,,,,
5,2031,365,Maximum-based,0.008,0.0023941307543421664,0.0023941307543421664,0.004245473176562042,0.004245473176562042,0.0,0.5773993501136861,0.5773993501136861,1.0238928883170213,1.0238928883170213,0.0,0.4146403617999878,60,5,0.5,0.99,E[Agg(Q_xi)] - Agg(E[Q_xi]),bellman_backup,True,8x8,fixed,perturbation_seed,8000.0,2026.0,3000.0,support_restricted_tv_l1,exact_support_restricted_l1,,,,,
5,2031,370,Maximum-based,0.008,0.002389220440844289,0.002389220440844289,0.0041774660295244015,0.0041774660295244015,3.6098514124560666e-06,0.5762151157867236,0.5762151157867236,1.0074914104815265,1.0074914104815265,0.000870598172542925,0.4146403617999878,60,5,0.5,0.99,E[Agg(Q_xi)] - Agg(E[Q_xi]),bellman_backup,True,8x8,fixed,perturbation_seed,8000.0,2026.0,3000.0,support_restricted_tv_l1,exact_support_restricted_l1,,,,,
5,2031,375,Maximum-based,0.008,0.0024058218085726392,0.0024058218085726392,0.004431864554489184,0.004431864554489184,0.0,0.5802189150445387,0.5802189150445387,1.0688454291449334,1.0688454291449334,0.0,0.4146403617999878,60,5,0.5,0.99,E[Agg(Q_xi)] - Agg(E[Q_xi]),bellman_backup,True,8x8,fixed,perturbation_seed,8000.0,2026.0,3000.0,support_restricted_tv_l1,exact_support_restricted_l1,,,,,
5,2031,380,Maximum-based,0.008,0.002357068892123099,0.002357068892123099,0.004309597937223408,0.004309597937223408,0.0,0.5684610349776056,0.5684610349776056,1.0393580399445654,1.0393580399445654,0.0,0.4146403617999878,60,5,0.5,0.99,E[Agg(Q_xi)] - Agg(E[Q_xi]),bellman_backup,True,8x8,fixed,perturbation_seed,8000.0,2026.0,3000.0,support_restricted_tv_l1,exact_support_restricted_l1,,,,,
5,2031,385,Maximum-based,0.008,0.0023919021991807097,0.0023919021991807097,0.004125861402233255,0.004125861402233255,0.0,0.5768618831020854,0.5768618831020854,0.9950457751682814,0.9950457751682814,0.0,0.4146403617999878,60,5,0.5,0.99,E[Agg(Q_xi)] - Agg(E[Q_xi]),bellman_backup,True,8x8,fixed,perturbation_seed,8000.0,2026.0,3000.0,support_restricted_tv_l1,exact_support_restricted_l1,,,,,
5,2031,390,Maximum-based,0.008,0.002395341270444944,0.002395341270444944,0.004067933182142713,0.004067933182142713,0.0,0.577691293738644,0.577691293738644,0.981075060923515,0.981075060923515,0.0,0.4146403617999878,60,5,0.5,0.99,E[Agg(Q_xi)] - Agg(E[Q_xi]),bellman_backup,True,8x8,fixed,perturbation_seed,8000.0,2026.0,3000.0,support_restricted_tv_l1,exact_support_restricted_l1,,,,,
5,2031,395,Maximum-based,0.008,0.0023830728566662284,0.0023830728566662284,0.003989642694941953,0.003989642694941953,0.0,0.5747324853569763,0.5747324853569763,0.962193520578312,0.962193520578312,0.0,0.4146403617999878,60,5,0.5,0.99,E[Agg(Q_xi)] - Agg(E[Q_xi]),bellman_backup,True,8x8,fixed,perturbation_seed,8000.0,2026.0,3000.0,support_restricted_tv_l1,exact_support_restricted_l1,,,,,
5,2031,400,Maximum-based,0.008,0.002354902487707058,0.002354902487707058,0.003982736280598698,0.003982736280598698,0.0,0.5679385570387392,0.5679385570387392,0.9605278809108966,0.9605278809108966,0.0,0.4146403617999878,60,5,0.5,0.99,E[Agg(Q_xi)] - Agg(E[Q_xi]),bellman_backup,True,8x8,fixed,perturbation_seed,8000.0,2026.0,3000.0,support_restricted_tv_l1,exact_support_restricted_l1,,,,,
5,2031,405,Maximum-based,0.008,0.0023306191463819408,0.0023306191463819408,0.004515610003181181,0.004515610003181181,0.0,0.5620820742738435,0.5620820742738435,1.0890425581288197,1.0890425581288197,0.0,0.4146403617999878,60,5,0.5,0.99,E[Agg(Q_xi)] - Agg(E[Q_xi]),bellman_backup,True,8x8,fixed,perturbation_seed,8000.0,2026.0,3000.0,support_restricted_tv_l1,exact_support_restricted_l1,,,,,
5,2031,410,Maximum-based,0.008,0.0023978949826680123,0.0023978949826680123,0.003881746138121811,0.003881746138121811,0.0,0.5783071798072319,0.5783071798072319,0.9361717998872162,0.9361717998872162,0.0,0.4146403617999878,60,5,0.5,0.99,E[Agg(Q_xi)] - Agg(E[Q_xi]),bellman_backup,True,8x8,fixed,perturbation_seed,8000.0,2026.0,3000.0,support_restricted_tv_l1,exact_support_restricted_l1,,,,,
5,2031,415,Maximum-based,0.008,0.002381025735046586,0.002381025735046586,0.004186578582837275,0.004186578582837275,0.0,0.5742387751907118,0.5742387751907118,1.0096891109835506,1.0096891109835506,0.0,0.4146403617999878,60,5,0.5,0.99,E[Agg(Q_xi)] - Agg(E[Q_xi]),bellman_backup,True,8x8,fixed,perturbation_seed,8000.0,2026.0,3000.0,support_restricted_tv_l1,exact_support_restricted_l1,,,,,
5,2031,420,Maximum-based,0.008,0.0023565012861549994,0.0023565012861549994,0.004383404877792263,0.004383404877792263,0.0,0.5683241438255635,0.5683241438255635,1.0571582705464424,1.0571582705464424,0.0,0.4146403617999878,60,5,0.5,0.99,E[Agg(Q_xi)] - Agg(E[Q_xi]),bellman_backup,True,8x8,fixed,perturbation_seed,8000.0,2026.0,3000.0,support_restricted_tv_l1,exact_support_restricted_l1,,,,,
5,2031,425,Maximum-based,0.008,0.0023837146263847413,0.0023837146263847413,0.00426585737154439,0.00426585737154439,0.0,0.5748872627924693,0.5748872627924693,1.0288090028249912,1.0288090028249912,0.0,0.4146403617999878,60,5,0.5,0.99,E[Agg(Q_xi)] - Agg(E[Q_xi]),bellman_backup,True,8x8,fixed,perturbation_seed,8000.0,2026.0,3000.0,support_restricted_tv_l1,exact_support_restricted_l1,,,,,
5,2031,430,Maximum-based,0.008,0.00240955747660298,0.00240955747660298,0.004099126705556233,0.004099126705556233,0.0,0.5811198567700677,0.5811198567700677,0.9885980920336814,0.9885980920336814,0.0,0.4146403617999878,60,5,0.5,0.99,E[Agg(Q_xi)] - Agg(E[Q_xi]),bellman_backup,True,8x8,fixed,perturbation_seed,8000.0,2026.0,3000.0,support_restricted_tv_l1,exact_support_restricted_l1,,,,,
5,2031,435,Maximum-based,0.008,0.002387701533320941,0.002387701533320941,0.004166808251881704,0.004166808251881704,3.0412960752013163e-06,0.5758487965223001,0.5758487965223001,1.0049210438157172,1.0049210438157172,0.0007334780584308774,0.4146403617999878,60,5,0.5,0.99,E[Agg(Q_xi)] - Agg(E[Q_xi]),bellman_backup,True,8x8,fixed,perturbation_seed,8000.0,2026.0,3000.0,support_restricted_tv_l1,exact_support_restricted_l1,,,,,
5,2031,440,Maximum-based,0.008,0.0023917765990301215,0.0023917765990301215,0.004085080198046931,0.004085080198046931,1.7613431483320952e-06,0.5768315917551352,0.5768315917551352,0.9852104557099224,0.9852104557099224,0.0004247881563401016,0.4146403617999878,60,5,0.5,0.99,E[Agg(Q_xi)] - Agg(E[Q_xi]),bellman_backup,True,8x8,fixed,perturbation_seed,8000.0,2026.0,3000.0,support_restricted_tv_l1,exact_support_restricted_l1,,,,,
5,2031,445,Maximum-based,0.008,0.0023816352913481205,0.0023816352913481205,0.004103640511021245,0.004103640511021245,0.0,0.5743857836244515,0.5743857836244515,0.9896866993861874,0.9896866993861874,0.0,0.4146403617999878,60,5,0.5,0.99,E[Agg(Q_xi)] - Agg(E[Q_xi]),bellman_backup,True,8x8,fixed,perturbation_seed,8000.0,2026.0,3000.0,support_restricted_tv_l1,exact_support_restricted_l1,,,,,
5,2031,450,Maximum-based,0.008,0.0023480852727750497,0.0023480852727750497,0.004085549436660896,0.004085549436660896,0.0,0.56629442984803,0.56629442984803,0.9853236233262943,0.9853236233262943,0.0,0.4146403617999878,60,5,0.5,0.99,E[Agg(Q_xi)] - Agg(E[Q_xi]),bellman_backup,True,8x8,fixed,perturbation_seed,8000.0,2026.0,3000.0,support_restricted_tv_l1,exact_support_restricted_l1,,,,,
5,2031,455,Maximum-based,0.008,0.002384062147964142,0.002384062147964142,0.004308122148915516,0.004308122148915516,0.0,0.5749710755640702,0.5749710755640702,1.0390021198644543,1.0390021198644543,0.0,0.4146403617999878,60,5,0.5,0.99,E[Agg(Q_xi)] - Agg(E[Q_xi]),bellman_backup,True,8x8,fixed,perturbation_seed,8000.0,2026.0,3000.0,support_restricted_tv_l1,exact_support_restricted_l1,,,,,
5,2031,460,Maximum-based,0.008,0.0023806144876798276,0.0023806144876798276,0.004260982119295265,0.004260982119295265,0.0,0.5741395934890142,0.5741395934890142,1.0276332243195023,1.0276332243195023,0.0,0.4146403617999878,60,5,0.5,0.99,E[Agg(Q_xi)] - Agg(E[Q_xi]),bellman_backup,True,8x8,fixed,perturbation_seed,8000.0,2026.0,3000.0,support_restricted_tv_l1,exact_support_restricted_l1,,,,,
5,2031,465,Maximum-based,0.008,0.002385608984494904,0.002385608984494904,0.004100099257220768,0.004100099257220768,0.0,0.5753441305469588,0.5753441305469588,0.988832645095596,0.988832645095596,0.0,0.4146403617999878,60,5,0.5,0.99,E[Agg(Q_xi)] - Agg(E[Q_xi]),bellman_backup,True,8x8,fixed,perturbation_seed,8000.0,2026.0,3000.0,support_restricted_tv_l1,exact_support_restricted_l1,,,,,
5,2031,470,Maximum-based,0.008,0.0023506091199456307,0.0023506091199456307,0.0039178138245968275,0.0039178138245968275,1.0039563583807976e-05,0.5669031132766342,0.5669031132766342,0.9448703468203811,0.9448703468203811,0.0024212702160072903,0.4146403617999878,60,5,0.5,0.99,E[Agg(Q_xi)] - Agg(E[Q_xi]),bellman_backup,True,8x8,fixed,perturbation_seed,8000.0,2026.0,3000.0,support_restricted_tv_l1,exact_support_restricted_l1,,,,,
5,2031,475,Maximum-based,0.008,0.0023570801341181863,0.0023570801341181863,0.0047665654693273,0.0047665654693273,0.0,0.5684637462416606,0.5684637462416606,1.1495662044657804,1.1495662044657804,0.0,0.4146403617999878,60,5,0.5,0.99,E[Agg(Q_xi)] - Agg(E[Q_xi]),bellman_backup,True,8x8,fixed,perturbation_seed,8000.0,2026.0,3000.0,support_restricted_tv_l1,exact_support_restricted_l1,,,,,
5,2031,480,Maximum-based,0.008,0.002370474650988598,0.002370474650988598,0.0039703203240492035,0.0039703203240492035,1.5648002079204915e-05,0.5716941401213749,0.5716941401213749,0.9575334892179135,0.9575334892179135,0.003773873342015151,0.4146403617999878,60,5,0.5,0.99,E[Agg(Q_xi)] - Agg(E[Q_xi]),bellman_backup,True,8x8,fixed,perturbation_seed,8000.0,2026.0,3000.0,support_restricted_tv_l1,exact_support_restricted_l1,,,,,
5,2031,485,Maximum-based,0.008,0.0024176428902612382,0.0024176428902612382,0.004046845316868386,0.004046845316868386,0.0,0.5830698390687419,0.5830698390687419,0.9759892402420012,0.9759892402420012,0.0,0.4146403617999878,60,5,0.5,0.99,E[Agg(Q_xi)] - Agg(E[Q_xi]),bellman_backup,True,8x8,fixed,perturbation_seed,8000.0,2026.0,3000.0,support_restricted_tv_l1,exact_support_restricted_l1,,,,,
5,2031,490,Maximum-based,0.008,0.0023992573093322145,0.0023992573093322145,0.0041981454097964055,0.0041981454097964055,0.0,0.5786357360187614,0.5786357360187614,1.012478715668661,1.012478715668661,0.0,0.4146403617999878,60,5,0.5,0.99,E[Agg(Q_xi)] - Agg(E[Q_xi]),bellman_backup,True,8x8,fixed,perturbation_seed,8000.0,2026.0,3000.0,support_restricted_tv_l1,exact_support_restricted_l1,,,,,
5,2031,495,Maximum-based,0.008,0.002397607652869691,0.002397607652869691,0.00413549172057226,0.00413549172057226,0.0,0.5782378836593427,0.5782378836593427,0.9973683465400597,0.9973683465400597,0.0,0.4146403617999878,60,5,0.5,0.99,E[Agg(Q_xi)] - Agg(E[Q_xi]),bellman_backup,True,8x8,fixed,perturbation_seed,8000.0,2026.0,3000.0,support_restricted_tv_l1,exact_support_restricted_l1,,,,,
5,2031,500,Maximum-based,0.008,0.002390282611321464,0.002390282611321464,0.004064347158501347,0.004064347158501347,0.0,0.5764712824735757,0.5764712824735757,0.9802102093625624,0.9802102093625624,0.0,0.4146403617999878,60,5,0.5,0.99,E[Agg(Q_xi)] - Agg(E[Q_xi]),bellman_backup,True,8x8,fixed,perturbation_seed,8000.0,2026.0,3000.0,support_restricted_tv_l1,exact_support_restricted_l1,,,,,
5,2031,5,Similarity-aware,0.008,-1.094366567852556e-18,1.0638733817514012e-18,2.220446049250313e-16,2.7755575615628914e-17,-2.220446049250313e-16,-2.6393150997211683e-16,2.5657738121128384e-16,5.3551131385549994e-14,6.693891423193749e-15,-5.3551131385549994e-14,0.4146403617999878,60,5,0.5,0.99,E[Agg(Q_xi)] - Agg(E[Q_xi]),bellman_backup,True,8x8,fixed,perturbation_seed,8000.0,2026.0,3000.0,support_restricted_tv_l1,exact_support_restricted_l1,,,,,
5,2031,10,Similarity-aware,0.008,2.303929616531697e-19,3.23227772672241e-18,1.1102230246251565e-16,1.1102230246251565e-16,-1.1102230246251565e-16,5.556452841518249e-17,7.795376486482955e-16,2.6775565692774997e-14,2.6775565692774997e-14,-2.6775565692774997e-14,0.4146403617999878,60,5,0.5,0.99,E[Agg(Q_xi)] - Agg(E[Q_xi]),bellman_backup,True,8x8,fixed,perturbation_seed,8000.0,2026.0,3000.0,support_restricted_tv_l1,exact_support_restricted_l1,,,,,
5,2031,15,Similarity-aware,0.008,-4.2012834183813297e-19,5.014435047745458e-18,3.3306690738754696e-16,1.6653345369377348e-16,-3.3306690738754696e-16,-1.01323551815921e-16,1.2093456184480893e-15,8.032669707832498e-14,4.016334853916249e-14,-8.032669707832498e-14,0.4146403617999878,60,5,0.5,0.99,E[Agg(Q_xi)] - Agg(E[Q_xi]),bellman_backup,True,8x8,fixed,perturbation_seed,8000.0,2026.0,3000.0,support_restricted_tv_l1,exact_support_restricted_l1,,,,,
5,2031,20,Similarity-aware,0.008,1.0977546996415732e-18,6.871131268126884e-18,3.3306690738754696e-16,1.6653345369377348e-16,-3.3306690738754696e-16,2.6474863538998716e-16,1.6571303474410306e-15,8.032669707832498e-14,4.016334853916249e-14,-8.032669707832498e-14,0.4146403617999878,60,5,0.5,0.99,E[Agg(Q_xi)] - Agg(E[Q_xi]),bellman_backup,True,8x8,fixed,perturbation_seed,8000.0,2026.0,3000.0,support_restricted_tv_l1,exact_support_restricted_l1,,,,,
5,2031,25,Similarity-aware,0.008,1.6127507315721878e-18,7.575862680242462e-18,2.7755575615628914e-16,2.7755575615628914e-16,-1.6653345369377348e-16,3.889516989062774e-16,1.8270924343580595e-15,6.693891423193748e-14,6.693891423193748e-14,-4.016334853916249e-14,0.4146403617999878,60,5,0.5,0.99,E[Agg(Q_xi)] - Agg(E[Q_xi]),bellman_backup,True,8x8,fixed,perturbation_seed,8000.0,2026.0,3000.0,support_restricted_tv_l1,exact_support_restricted_l1,,,,,
5,2031,30,Similarity-aware,0.008,-1.6534083130403943e-18,7.453889935837843e-18,3.3306690738754696e-16,2.220446049250313e-16,-3.3306690738754696e-16,-3.987572039207214e-16,1.7976759193147276e-15,8.032669707832498e-14,5.3551131385549994e-14,-8.032669707832498e-14,0.4146403617999878,60,5,0.5,0.99,E[Agg(Q_xi)] - Agg(E[Q_xi]),bellman_backup,True,8x8,fixed,perturbation_seed,8000.0,2026.0,3000.0,support_restricted_tv_l1,exact_support_restricted_l1,,,,,
5,2031,35,Similarity-aware,0.008,1.7618285302889447e-18,1.0381235801548705e-17,2.220446049250313e-16,2.220446049250313e-16,-2.220446049250313e-16,4.2490521729257194e-16,2.503672280354693e-15,5.3551131385549994e-14,5.3551131385549994e-14,-5.3551131385549994e-14,0.4146403617999878,60,5,0.5,0.99,E[Agg(Q_xi)] - Agg(E[Q_xi]),bellman_backup,True,8x8,fixed,perturbation_seed,8000.0,2026.0,3000.0,support_restricted_tv_l1,exact_support_restricted_l1,,,,,
5,2031,40,Similarity-aware,0.008,6.505213034913027e-19,1.1763593571467723e-17,3.3306690738754696e-16,3.3306690738754696e-16,-1.6653345369377348e-16,1.5688808023110348e-16,2.837059450845788e-15,8.032669707832498e-14,8.032669707832498e-14,-4.016334853916249e-14,0.4146403617999878,60,5,0.5,0.99,E[Agg(Q_xi)] - Agg(E[Q_xi]),bellman_backup,True,8x8,fixed,perturbation_seed,8000.0,2026.0,3000.0,support_restricted_tv_l1,exact_support_restricted_l1,,,,,
5,2031,45,Similarity-aware,0.008,-1.9786689647860456e-18,1.0272815584300155e-17,3.3306690738754696e-16,2.220446049250313e-16,-3.3306690738754696e-16,-4.772012440362731e-16,2.4775242669828426e-15,8.032669707832498e-14,5.3551131385549994e-14,-8.032669707832498e-14,0.4146403617999878,60,5,0.5,0.99,E[Agg(Q_xi)] - Agg(E[Q_xi]),bellman_backup,True,8x8,fixed,perturbation_seed,8000.0,2026.0,3000.0,support_restricted_tv_l1,exact_support_restricted_l1,,,,,
5,2031,50,Similarity-aware,0.008,2.4665599424045226e-18,1.3471211993132393e-17,3.3306690738754696e-16,3.3306690738754696e-16,-1.6653345369377348e-16,5.9486730420960075e-16,3.2488906614524346e-15,8.032669707832498e-14,8.032669707832498e-14,-4.016334853916249e-14,0.4146403617999878,60,5,0.5,0.99,E[Agg(Q_xi)] - Agg(E[Q_xi]),bellman_backup,True,8x8,fixed,perturbation_seed,8000.0,2026.0,3000.0,support_restricted_tv_l1,exact_support_restricted_l1,,,,,
5,2031,55,Similarity-aware,0.008,-4.174178364069192e-18,1.2115959277525512e-17,3.3306690738754696e-16,2.220446049250313e-16,-3.3306690738754696e-16,-1.0066985148162473e-15,2.9220404943043023e-15,8.032669707832498e-14,5.3551131385549994e-14,-8.032669707832498e-14,0.4146403617999878,60,5,0.5,0.99,E[Agg(Q_xi)] - Agg(E[Q_xi]),bellman_backup,True,8x8,fixed,perturbation_seed,8000.0,2026.0,3000.0,support_restricted_tv_l1,exact_support_restricted_l1,,,,,
5,2031,60,Similarity-aware,0.008,8.131516293641283e-20,1.5856456772600502e-17,3.3306690738754696e-16,3.3306690738754696e-16,-2.220446049250313e-16,1.9611010028887935e-17,3.824146955633148e-15,8.032669707832498e-14,8.032669707832498e-14,-5.3551131385549994e-14,0.4146403617999878,60,5,0.5,0.99,E[Agg(Q_xi)] - Agg(E[Q_xi]),bellman_backup,True,8x8,fixed,perturbation_seed,8000.0,2026.0,3000.0,support_restricted_tv_l1,exact_support_restricted_l1,,,,,
5,2031,65,Similarity-aware,0.008,1.4094628242311558e-18,1.4582519219930035e-17,3.3306690738754696e-16,3.3306690738754696e-16,-2.220446049250313e-16,3.3992417383405756e-16,3.5169077985139034e-15,8.032669707832498e-14,8.032669707832498e-14,-5.3551131385549994e-14,0.4146403617999878,60,5,0.5,0.99,E[Agg(Q_xi)] - Agg(E[Q_xi]),bellman_backup,True,8x8,fixed,perturbation_seed,8000.0,2026.0,3000.0,support_restricted_tv_l1,exact_support_restricted_l1,,,,,
5,2031,70,Similarity-aware,0.008,9.75781955236954e-19,1.599198204416119e-17,3.3306690738754696e-16,2.220446049250313e-16,-3.3306690738754696e-16,2.3533212034665524e-16,3.8568319723479605e-15,8.032669707832498e-14,5.3551131385549994e-14,-8.032669707832498e-14,0.4146403617999878,60,5,0.5,0.99,E[Agg(Q_xi)] - Agg(E[Q_xi]),bellman_backup,True,8x8,fixed,perturbation_seed,8000.0,2026.0,3000.0,support_restricted_tv_l1,exact_support_restricted_l1,,,,,
5,2031,75,Similarity-aware,0.008,-2.7647155398380363e-18,1.5937771935536915e-17,3.3306690738754696e-16,2.220446049250313e-16,-3.3306690738754696e-16,-6.667743409821898e-16,3.843757965662035e-15,8.032669707832498e-14,5.3551131385549994e-14,-8.032669707832498e-14,0.4146403617999878,60,5,0.5,0.99,E[Agg(Q_xi)] - Agg(E[Q_xi]),bellman_backup,True,8x8,fixed,perturbation_seed,8000.0,2026.0,3000.0,support_restricted_tv_l1,exact_support_restricted_l1,,,,,
5,2031,80,Similarity-aware,0.008,2.656295322589486e-18,1.8648277366750676e-17,2.220446049250313e-16,2.220446049250313e-16,-2.220446049250313e-16,6.406263276103392e-16,4.4974582999583e-15,5.3551131385549994e-14,5.3551131385549994e-14,-5.3551131385549994e-14,0.4146403617999878,60,5,0.5,0.99,E[Agg(Q_xi)] - Agg(E[Q_xi]),bellman_backup,True,8x8,fixed,perturbation_seed,8000.0,2026.0,3000.0,support_restricted_tv_l1,exact_support_restricted_l1,,,,,
5,2031,85,Similarity-aware,0.008,1.6263032587282567e-18,1.9027748127120603e-17,3.3306690738754696e-16,3.3306690738754696e-16,-3.3306690738754696e-16,3.922202005777587e-16,4.588976346759777e-15,8.032669707832498e-14,8.032669707832498e-14,-8.032669707832498e-14,0.4146403617999878,60,5,0.5,0.99,E[Agg(Q_xi)] - Agg(E[Q_xi]),bellman_backup,True,8x8,fixed,perturbation_seed,8000.0,2026.0,3000.0,support_restricted_tv_l1,exact_support_restricted_l1,,,,,
5,2031,90,Similarity-aware,0.008,5.204170427930421e-18,2.325613659981407e-17,2.220446049250313e-16,2.220446049250313e-16,-2.220446049250313e-16,1.2551046418488278e-15,5.60874886826195e-15,5.3551131385549994e-14,5.3551131385549994e-14,-5.3551131385549994e-14,0.4146403617999878,60,5,0.5,0.99,E[Agg(Q_xi)] - Agg(E[Q_xi]),bellman_backup,True,8x8,fixed,perturbation_seed,8000.0,2026.0,3000.0,support_restricted_tv_l1,exact_support_restricted_l1,,,,,
5,2031,95,Similarity-aware,0.008,7.047314121155779e-19,2.0708261494473135e-17,2.7755575615628914e-16,2.220446049250313e-16,-2.7755575615628914e-16,1.6996208691702878e-16,4.994270554023461e-15,6.693891423193748e-14,5.3551131385549994e-14,-6.693891423193748e-14,0.4146403617999878,60,5,0.5,0.99,E[Agg(Q_xi)] - Agg(E[Q_xi]),bellman_backup,True,8x8,fixed,perturbation_seed,8000.0,2026.0,3000.0,support_restricted_tv_l1,exact_support_restricted_l1,,,,,
5,2031,100,Similarity-aware,0.008,-2.3852447794681098e-18,2.043721095135176e-17,5.551115123125783e-16,5.551115123125783e-16,-2.220446049250313e-16,-5.752562941807128e-16,4.928900520593835e-15,1.3387782846387497e-13,1.3387782846387497e-13,-5.3551131385549994e-14,0.4146403617999878,60,5,0.5,0.99,E[Agg(Q_xi)] - Agg(E[Q_xi]),bellman_backup,True,8x8,fixed,perturbation_seed,8000.0,2026.0,3000.0,support_restricted_tv_l1,exact_support_restricted_l1,,,,,
5,2031,105,Similarity-aware,0.008,8.131516293641283e-19,2.4231918555051024e-17,2.220446049250313e-16,2.220446049250313e-16,-2.220446049250313e-16,1.9611010028887936e-16,5.844080988608605e-15,5.3551131385549994e-14,5.3551131385549994e-14,-5.3551131385549994e-14,0.4146403617999878,60,5,0.5,0.99,E[Agg(Q_xi)] - Agg(E[Q_xi]),bellman_backup,True,8x8,fixed,perturbation_seed,8000.0,2026.0,3000.0,support_restricted_tv_l1,exact_support_restricted_l1,,,,,
5,2031,110,Similarity-aware,0.008,1.0570971181733668e-17,2.938187887435717e-17,3.3306690738754696e-16,3.3306690738754696e-16,-2.220446049250313e-16,2.5494313037554318e-15,7.086111623771508e-15,8.032669707832498e-14,8.032669707832498e-14,-5.3551131385549994e-14,0.4146403617999878,60,5,0.5,0.99,E[Agg(Q_xi)] - Agg(E[Q_xi]),bellman_backup,True,8x8,fixed,perturbation_seed,8000.0,2026.0,3000.0,support_restricted_tv_l1,exact_support_restricted_l1,,,,,
5,2031,115,Similarity-aware,0.008,-5.9631119486702744e-18,2.2063514210080015e-17,4.440892098500626e-16,3.3306690738754696e-16,-4.440892098500626e-16,-1.438140735451782e-15,5.321120721171593e-15,1.0710226277109999e-13,8.032669707832498e-14,-1.0710226277109999e-13,0.4146403617999878,60,5,0.5,0.99,E[Agg(Q_xi)] - Agg(E[Q_xi]),bellman_backup,True,8x8,fixed,perturbation_seed,8000.0,2026.0,3000.0,support_restricted_tv_l1,exact_support_restricted_l1,,,,,
5,2031,120,Similarity-aware,0.008,5.963111948670274e-19,2.3418766925686896e-17,3.3306690738754696e-16,3.3306690738754696e-16,-2.220446049250313e-16,1.438140735451782e-16,5.6479708883197255e-15,8.032669707832498e-14,8.032669707832498e-14,-5.3551131385549994e-14,0.4146403617999878,60,5,0.5,0.99,E[Agg(Q_xi)] - Agg(E[Q_xi]),bellman_backup,True,8x8,fixed,perturbation_seed,8000.0,2026.0,3000.0,support_restricted_tv_l1,exact_support_restricted_l1,,,,,
5,2031,125,Similarity-aware,0.008,1.734723475976807e-18,2.4069288229178198e-17,4.440892098500626e-16,2.220446049250313e-16,-4.440892098500626e-16,4.1836821394960933e-16,5.804858968550829e-15,1.0710226277109999e-13,5.3551131385549994e-14,-1.0710226277109999e-13,0.4146403617999878,60,5,0.5,0.99,E[Agg(Q_xi)] - Agg(E[Q_xi]),bellman_backup,True,8x8,fixed,perturbation_seed,8000.0,2026.0,3000.0,support_restricted_tv_l1,exact_support_restricted_l1,,,,,
5,2031,130,Similarity-aware,0.008,3.686287386450715e-18,2.824346659324739e-17,2.7755575615628914e-16,2.7755575615628914e-16,-2.220446049250313e-16,8.890324546429199e-16,6.811557483367076e-15,6.693891423193748e-14,6.693891423193748e-14,-5.3551131385549994e-14,0.4146403617999878,60,5,0.5,0.99,E[Agg(Q_xi)] - Agg(E[Q_xi]),bellman_backup,True,8x8,fixed,perturbation_seed,8000.0,2026.0,3000.0,support_restricted_tv_l1,exact_support_restricted_l1,,,,,
5,2031,135,Similarity-aware,0.008,-6.776263578034403e-18,2.3744027577432547e-17,2.7755575615628914e-16,2.7755575615628914e-16,-2.7755575615628914e-16,-1.6342508357406614e-15,5.726414928435278e-15,6.693891423193748e-14,6.693891423193748e-14,-6.693891423193748e-14,0.4146403617999878,60,5,0.5,0.99,E[Agg(Q_xi)] - Agg(E[Q_xi]),bellman_backup,True,8x8,fixed,perturbation_seed,8000.0,2026.0,3000.0,support_restricted_tv_l1,exact_support_restricted_l1,,,,,
5,2031,140,Similarity-aware,0.008,-3.686287386450715e-18,2.542454094478508e-17,3.3306690738754696e-16,3.3306690738754696e-16,-2.7755575615628914e-16,-8.890324546429199e-16,6.131709135698961e-15,8.032669707832498e-14,8.032669707832498e-14,-6.693891423193748e-14,0.4146403617999878,60,5,0.5,0.99,E[Agg(Q_xi)] - Agg(E[Q_xi]),bellman_backup,True,8x8,fixed,perturbation_seed,8000.0,2026.0,3000.0,support_restricted_tv_l1,exact_support_restricted_l1,,,,,
5,2031,145,Similarity-aware,0.008,-2.0599841277224584e-18,2.2497195079074217e-17,2.220446049250313e-16,2.220446049250313e-16,-2.220446049250313e-16,-4.96812254065161e-16,5.425712774658996e-15,5.3551131385549994e-14,5.3551131385549994e-14,-5.3551131385549994e-14,0.4146403617999878,60,5,0.5,0.99,E[Agg(Q_xi)] - Agg(E[Q_xi]),bellman_backup,True,8x8,fixed,perturbation_seed,8000.0,2026.0,3000.0,support_restricted_tv_l1,exact_support_restricted_l1,,,,,
5,2031,150,Similarity-aware,0.008,7.48099499014998e-18,3.2634485391813683e-17,4.440892098500626e-16,4.440892098500626e-16,-4.440892098500626e-16,1.80421292265769e-15,7.870552024927025e-15,1.0710226277109999e-13,1.0710226277109999e-13,-1.0710226277109999e-13,0.4146403617999878,60,5,0.5,0.99,E[Agg(Q_xi)] - Agg(E[Q_xi]),bellman_backup,True,8x8,fixed,perturbation_seed,8000.0,2026.0,3000.0,support_restricted_tv_l1,exact_support_restricted_l1,,,,,
5,2031,155,Similarity-aware,0.008,-3.2526065174565133e-19,2.6237692574149207e-17,3.3306690738754696e-16,2.220446049250313e-16,-3.3306690738754696e-16,-7.844404011555174e-17,6.3278192359878405e-15,8.032669707832498e-14,5.3551131385549994e-14,-8.032669707832498e-14,0.4146403617999878,60,5,0.5,0.99,E[Agg(Q_xi)] - Agg(E[Q_xi]),bellman_backup,True,8x8,fixed,perturbation_seed,8000.0,2026.0,3000.0,support_restricted_tv_l1,exact_support_restricted_l1,,,,,
5,2031,160,Similarity-aware,0.008,1.214306433183765e-17,3.924811864397526e-17,2.7755575615628914e-16,2.7755575615628914e-16,-2.220446049250313e-16,2.928577497647265e-15,9.465580840609911e-15,6.693891423193748e-14,6.693891423193748e-14,-5.3551131385549994e-14,0.4146403617999878,60,5,0.5,0.99,E[Agg(Q_xi)] - Agg(E[Q_xi]),bellman_backup,True,8x8,fixed,perturbation_seed,8000.0,2026.0,3000.0,support_restricted_tv_l1,exact_support_restricted_l1,,,,,
5,2031,165,Similarity-aware,0.008,-2.168404344971009e-19,3.144186300207963e-17,3.3306690738754696e-16,3.3306690738754696e-16,-2.220446049250313e-16,-5.2296026743701166e-17,7.582923877836669e-15,8.032669707832498e-14,8.032669707832498e-14,-5.3551131385549994e-14,0.4146403617999878,60,5,0.5,0.99,E[Agg(Q_xi)] - Agg(E[Q_xi]),bellman_backup,True,8x8,fixed,perturbation_seed,8000.0,2026.0,3000.0,support_restricted_tv_l1,exact_support_restricted_l1,,,,,
5,2031,170,Similarity-aware,0.008,-2.168404344971009e-19,3.111660235033398e-17,2.7755575615628914e-16,2.7755575615628914e-16,-2.7755575615628914e-16,-5.2296026743701166e-17,7.504479837721117e-15,6.693891423193748e-14,6.693891423193748e-14,-6.693891423193748e-14,0.4146403617999878,60,5,0.5,0.99,E[Agg(Q_xi)] - Agg(E[Q_xi]),bellman_backup,True,8x8,fixed,perturbation_seed,8000.0,2026.0,3000.0,support_restricted_tv_l1,exact_support_restricted_l1,,,,,
5,2031,175,Similarity-aware,0.008,-8.239936510889834e-18,2.8189256484623115e-17,4.440892098500626e-16,2.220446049250313e-16,-4.440892098500626e-16,-1.987249016260644e-15,6.798483476681151e-15,1.0710226277109999e-13,5.3551131385549994e-14,-1.0710226277109999e-13,0.4146403617999878,60,5,0.5,0.99,E[Agg(Q_xi)] - Agg(E[Q_xi]),bellman_backup,True,8x8,fixed,perturbation_seed,8000.0,2026.0,3000.0,support_restricted_tv_l1,exact_support_restricted_l1,,,,,
5,2031,180,Similarity-aware,0.008,-1.0842021724855044e-18,2.927345865710862e-17,3.3306690738754696e-16,2.220446049250313e-16,-3.3306690738754696e-16,-2.614801337185058e-16,7.059963610399657e-15,8.032669707832498e-14,5.3551131385549994e-14,-8.032669707832498e-14,0.4146403617999878,60,5,0.5,0.99,E[Agg(Q_xi)] - Agg(E[Q_xi]),bellman_backup,True,8x8,fixed,perturbation_seed,8000.0,2026.0,3000.0,support_restricted_tv_l1,exact_support_restricted_l1,,,,,
5,2031,185,Similarity-aware,0.008,7.589415207398531e-19,3.371868756429919e-17,4.440892098500626e-16,3.3306690738754696e-16,-4.440892098500626e-16,1.8303609360295406e-16,8.132032158645531e-15,1.0710226277109999e-13,8.032669707832498e-14,-1.0710226277109999e-13,0.4146403617999878,60,5,0.5,0.99,E[Agg(Q_xi)] - Agg(E[Q_xi]),bellman_backup,True,8x8,fixed,perturbation_seed,8000.0,2026.0,3000.0,support_restricted_tv_l1,exact_support_restricted_l1,,,,,
5,2031,190,Similarity-aware,0.008,-3.903127820947816e-18,3.0140820395097023e-17,3.3306690738754696e-16,2.220446049250313e-16,-3.3306690738754696e-16,-9.41328481386621e-16,7.269147717374462e-15,8.032669707832498e-14,5.3551131385549994e-14,-8.032669707832498e-14,0.4146403617999878,60,5,0.5,0.99,E[Agg(Q_xi)] - Agg(E[Q_xi]),bellman_backup,True,8x8,fixed,perturbation_seed,8000.0,2026.0,3000.0,support_restricted_tv_l1,exact_support_restricted_l1,,,,,
5,2031,195,Similarity-aware,0.008,3.3610267347050637e-18,3.0682921481339775e-17,4.440892098500626e-16,4.440892098500626e-16,-3.3306690738754696e-16,8.10588414527368e-16,7.399887784233714e-15,1.0710226277109999e-13,1.0710226277109999e-13,-8.032669707832498e-14,0.4146403617999878,60,5,0.5,0.99,E[Agg(Q_xi)] - Agg(E[Q_xi]),bellman_backup,True,8x8,fixed,perturbation_seed,8000.0,2026.0,3000.0,support_restricted_tv_l1,exact_support_restricted_l1,,,,,
5,2031,200,Similarity-aware,0.008,6.505213034913027e-19,3.176712365382528e-17,3.3306690738754696e-16,3.3306690738754696e-16,-3.3306690738754696e-16,1.5688808023110348e-16,7.66136791795222e-15,8.032669707832498e-14,8.032669707832498e-14,-8.032669707832498e-14,0.4146403617999878,60,5,0.5,0.99,E[Agg(Q_xi)] - Agg(E[Q_xi]),bellman_backup,True,8x8,fixed,perturbation_seed,8000.0,2026.0,3000.0,support_restricted_tv_l1,exact_support_restricted_l1,,,,,
5,2031,205,Similarity-aware,0.008,7.26415455565288e-18,3.458604930228759e-17,3.3306690738754696e-16,3.3306690738754696e-16,-2.220446049250313e-16,1.7519168959139889e-15,8.341216265620335e-15,8.032669707832498e-14,8.032669707832498e-14,-5.3551131385549994e-14,0.4146403617999878,60,5,0.5,0.99,E[Agg(Q_xi)] - Agg(E[Q_xi]),bellman_backup,True,8x8,fixed,perturbation_seed,8000.0,2026.0,3000.0,support_restricted_tv_l1,exact_support_restricted_l1,,,,,
5,2031,210,Similarity-aware,0.008,7.37257477290143e-18,3.5887091909270197e-17,4.440892098500626e-16,4.440892098500626e-16,-3.3306690738754696e-16,1.7780649092858397e-15,8.654992426082542e-15,1.0710226277109999e-13,1.0710226277109999e-13,-8.032669707832498e-14,0.4146403617999878,60,5,0.5,0.99,E[Agg(Q_xi)] - Agg(E[Q_xi]),bellman_backup,True,8x8,fixed,perturbation_seed,8000.0,2026.0,3000.0,support_restricted_tv_l1,exact_support_restricted_l1,,,,,
5,2031,215,Similarity-aware,0.008,2.0599841277224584e-18,3.8272336688738307e-17,4.440892098500626e-16,4.440892098500626e-16,-3.3306690738754696e-16,4.96812254065161e-16,9.230248720263255e-15,1.0710226277109999e-13,1.0710226277109999e-13,-8.032669707832498e-14,0.4146403617999878,60,5,0.5,0.99,E[Agg(Q_xi)] - Agg(E[Q_xi]),bellman_backup,True,8x8,fixed,perturbation_seed,8000.0,2026.0,3000.0,support_restricted_tv_l1,exact_support_restricted_l1,,,,,
5,2031,220,Similarity-aware,0.008,6.613633252161577e-18,3.957337929572091e-17,4.440892098500626e-16,3.3306690738754696e-16,-4.440892098500626e-16,1.5950288156828856e-15,9.544024880725462e-15,1.0710226277109999e-13,8.032669707832498e-14,-1.0710226277109999e-13,0.4146403617999878,60,5,0.5,0.99,E[Agg(Q_xi)] - Agg(E[Q_xi]),bellman_backup,True,8x8,fixed,perturbation_seed,8000.0,2026.0,3000.0,support_restricted_tv_l1,exact_support_restricted_l1,,,,,
5,2031,225,Similarity-aware,0.008,1.0083080204115191e-17,4.2717565595928875e-17,5.551115123125783e-16,5.551115123125783e-16,-2.7755575615628914e-16,2.431765243582104e-15,1.0302317268509129e-14,1.3387782846387497e-13,1.3387782846387497e-13,-6.693891423193748e-14,0.4146403617999878,60,5,0.5,0.99,E[Agg(Q_xi)] - Agg(E[Q_xi]),bellman_backup,True,8x8,fixed,perturbation_seed,8000.0,2026.0,3000.0,support_restricted_tv_l1,exact_support_restricted_l1,,,,,
5,2031,230,Similarity-aware,0.008,-4.336808689942018e-18,3.5887091909270197e-17,5.551115123125783e-16,4.440892098500626e-16,-5.551115123125783e-16,-1.0459205348740232e-15,8.654992426082542e-15,1.3387782846387497e-13,1.0710226277109999e-13,-1.3387782846387497e-13,0.4146403617999878,60,5,0.5,0.99,E[Agg(Q_xi)] - Agg(E[Q_xi]),bellman_backup,True,8x8,fixed,perturbation_seed,8000.0,2026.0,3000.0,support_restricted_tv_l1,exact_support_restricted_l1,,,,,
5,2031,235,Similarity-aware,0.008,3.0357660829594124e-18,3.458604930228759e-17,3.3306690738754696e-16,3.3306690738754696e-16,-2.220446049250313e-16,7.321443744118162e-16,8.341216265620335e-15,8.032669707832498e-14,8.032669707832498e-14,-5.3551131385549994e-14,0.4146403617999878,60,5,0.5,0.99,E[Agg(Q_xi)] - Agg(E[Q_xi]),bellman_backup,True,8x8,fixed,perturbation_seed,8000.0,2026.0,3000.0,support_restricted_tv_l1,exact_support_restricted_l1,,,,,
5,2031,240,Similarity-aware,0.008,-4.87890977618477e-18,3.480288973678469e-17,3.3306690738754696e-16,3.3306690738754696e-16,-3.3306690738754696e-16,-1.176660601733276e-15,8.393512292364036e-15,8.032669707832498e-14,8.032669707832498e-14,-8.032669707832498e-14,0.4146403617999878,60,5,0.5,0.99,E[Agg(Q_xi)] - Agg(E[Q_xi]),bellman_backup,True,8x8,fixed,perturbation_seed,8000.0,2026.0,3000.0,support_restricted_tv_l1,exact_support_restricted_l1,,,,,
5,2031,245,Similarity-aware,0.008,-8.348356728138384e-18,3.176712365382528e-17,4.440892098500626e-16,3.3306690738754696e-16,-4.440892098500626e-16,-2.0133970296324946e-15,7.66136791795222e-15,1.0710226277109999e-13,8.032669707832498e-14,-1.0710226277109999e-13,0.4146403617999878,60,5,0.5,0.99,E[Agg(Q_xi)] - Agg(E[Q_xi]),bellman_backup,True,8x8,fixed,perturbation_seed,8000.0,2026.0,3000.0,support_restricted_tv_l1,exact_support_restricted_l1,,,,,
5,2031,250,Similarity-aware,0.008,-6.288372600415926e-18,3.220080452281948e-17,3.3306690738754696e-16,3.3306690738754696e-16,-3.3306690738754696e-16,-1.5165847755673338e-15,7.765959971439622e-15,8.032669707832498e-14,8.032669707832498e-14,-8.032669707832498e-14,0.4146403617999878,60,5,0.5,0.99,E[Agg(Q_xi)] - Agg(E[Q_xi]),bellman_backup,True,8x8,fixed,perturbation_seed,8000.0,2026.0,3000.0,support_restricted_tv_l1,exact_support_restricted_l1,,,,,
5,2031,255,Similarity-aware,0.008,5.095750210681871e-18,3.892285799222961e-17,4.440892098500626e-16,4.440892098500626e-16,-3.3306690738754696e-16,1.2289566284769774e-15,9.387136800494358e-15,1.0710226277109999e-13,1.0710226277109999e-13,-8.032669707832498e-14,0.4146403617999878,60,5,0.5,0.99,E[Agg(Q_xi)] - Agg(E[Q_xi]),bellman_backup,True,8x8,fixed,perturbation_seed,8000.0,2026.0,3000.0,support_restricted_tv_l1,exact_support_restricted_l1,,,,,
5,2031,260,Similarity-aware,0.008,-1.3010426069826053e-18,3.63207727782644e-17,3.3306690738754696e-16,3.3306690738754696e-16,-3.3306690738754696e-16,-3.1377616046220696e-16,8.759584479569946e-15,8.032669707832498e-14,8.032669707832498e-14,-8.032669707832498e-14,0.4146403617999878,60,5,0.5,0.99,E[Agg(Q_xi)] - Agg(E[Q_xi]),bellman_backup,True,8x8,fixed,perturbation_seed,8000.0,2026.0,3000.0,support_restricted_tv_l1,exact_support_restricted_l1,,,,,
5,2031,265,Similarity-aware,0.008,-1.0191500421363742e-17,3.241764495731658e-17,5.551115123125783e-16,2.220446049250313e-16,-5.551115123125783e-16,-2.4579132569539548e-15,7.818255998183324e-15,1.3387782846387497e-13,5.3551131385549994e-14,-1.3387782846387497e-13,0.4146403617999878,60,5,0.5,0.99,E[Agg(Q_xi)] - Agg(E[Q_xi]),bellman_backup,True,8x8,fixed,perturbation_seed,8000.0,2026.0,3000.0,support_restricted_tv_l1,exact_support_restricted_l1,,,,,
5,2031,270,Similarity-aware,0.008,-3.144186300207963e-18,3.0682921481339775e-17,3.3306690738754696e-16,2.220446049250313e-16,-3.3306690738754696e-16,-7.582923877836669e-16,7.399887784233714e-15,8.032669707832498e-14,5.3551131385549994e-14,-8.032669707832498e-14,0.4146403617999878,60,5,0.5,0.99,E[Agg(Q_xi)] - Agg(E[Q_xi]),bellman_backup,True,8x8,fixed,perturbation_seed,8000.0,2026.0,3000.0,support_restricted_tv_l1,exact_support_restricted_l1,,,,,
5,2031,275,Similarity-aware,0.008,8.131516293641283e-18,3.8055496254241206e-17,3.3306690738754696e-16,3.3306690738754696e-16,-2.220446049250313e-16,1.9611010028887937e-15,9.177952693519554e-15,8.032669707832498e-14,8.032669707832498e-14,-5.3551131385549994e-14,0.4146403617999878,60,5,0.5,0.99,E[Agg(Q_xi)] - Agg(E[Q_xi]),bellman_backup,True,8x8,fixed,perturbation_seed,8000.0,2026.0,3000.0,support_restricted_tv_l1,exact_support_restricted_l1,,,,,
5,2031,280,Similarity-aware,0.008,-9.324138683375338e-18,2.981555974335137e-17,3.3306690738754696e-16,3.3306690738754696e-16,-3.3306690738754696e-16,-2.24872914997915e-15,7.19070367725891e-15,8.032669707832498e-14,8.032669707832498e-14,-8.032669707832498e-14,0.4146403617999878,60,5,0.5,0.99,E[Agg(Q_xi)] - Agg(E[Q_xi]),bellman_backup,True,8x8,fixed,perturbation_seed,8000.0,2026.0,3000.0,support_restricted_tv_l1,exact_support_restricted_l1,,,,,
5,2031,285,Similarity-aware,0.008,1.0516761073109393e-17,4.2392304944183223e-17,3.3306690738754696e-16,3.3306690738754696e-16,-3.3306690738754696e-16,2.5363572970695065e-15,1.0223873228393577e-14,8.032669707832498e-14,8.032669707832498e-14,-8.032669707832498e-14,0.4146403617999878,60,5,0.5,0.99,E[Agg(Q_xi)] - Agg(E[Q_xi]),bellman_backup,True,8x8,fixed,perturbation_seed,8000.0,2026.0,3000.0,support_restricted_tv_l1,exact_support_restricted_l1,,,,,
5,2031,290,Similarity-aware,0.008,-7.26415455565288e-18,3.5344990823027445e-17,4.440892098500626e-16,4.440892098500626e-16,-3.3306690738754696e-16,-1.7519168959139889e-15,8.52425235922329e-15,1.0710226277109999e-13,1.0710226277109999e-13,-8.032669707832498e-14,0.4146403617999878,60,5,0.5,0.99,E[Agg(Q_xi)] - Agg(E[Q_xi]),bellman_backup,True,8x8,fixed,perturbation_seed,8000.0,2026.0,3000.0,support_restricted_tv_l1,exact_support_restricted_l1,,,,,
5,2031,295,Similarity-aware,0.008,1.8431436932253575e-18,3.935653886122381e-17,4.440892098500626e-16,4.440892098500626e-16,-4.440892098500626e-16,4.445162273214599e-16,9.491728853981762e-15,1.0710226277109999e-13,1.0710226277109999e-13,-1.0710226277109999e-13,0.4146403617999878,60,5,0.5,0.99,E[Agg(Q_xi)] - Agg(E[Q_xi]),bellman_backup,True,8x8,fixed,perturbation_seed,8000.0,2026.0,3000.0,support_restricted_tv_l1,exact_support_restricted_l1,,,,,
5,2031,300,Similarity-aware,0.008,-3.686287386450715e-18,3.686287386450715e-17,3.3306690738754696e-16,3.3306690738754696e-16,-3.3306690738754696e-16,-8.890324546429199e-16,8.890324546429198e-15,8.032669707832498e-14,8.032669707832498e-14,-8.032669707832498e-14,0.4146403617999878,60,5,0.5,0.99,E[Agg(Q_xi)] - Agg(E[Q_xi]),bellman_backup,True,8x8,fixed,perturbation_seed,8000.0,2026.0,3000.0,support_restricted_tv_l1,exact_support_restricted_l1,,,,,
5,2031,305,Similarity-aware,0.008,-9.324138683375338e-18,3.187554387107383e-17,4.440892098500626e-16,4.440892098500626e-16,-3.3306690738754696e-16,-2.24872914997915e-15,7.68751593132407e-15,1.0710226277109999e-13,1.0710226277109999e-13,-8.032669707832498e-14,0.4146403617999878,60,5,0.5,0.99,E[Agg(Q_xi)] - Agg(E[Q_xi]),bellman_backup,True,8x8,fixed,perturbation_seed,8000.0,2026.0,3000.0,support_restricted_tv_l1,exact_support_restricted_l1,,,,,
5,2031,310,Similarity-aware,0.008,-2.2768245622195593e-18,3.924811864397526e-17,4.440892098500626e-16,4.440892098500626e-16,-3.3306690738754696e-16,-5.491082808088623e-16,9.465580840609911e-15,1.0710226277109999e-13,1.0710226277109999e-13,-8.032669707832498e-14,0.4146403617999878,60,5,0.5,0.99,E[Agg(Q_xi)] - Agg(E[Q_xi]),bellman_backup,True,8x8,fixed,perturbation_seed,8000.0,2026.0,3000.0,support_restricted_tv_l1,exact_support_restricted_l1,,,,,
5,2031,315,Similarity-aware,0.008,-3.144186300207963e-18,3.3068166260807885e-17,3.3306690738754696e-16,3.3306690738754696e-16,-3.3306690738754696e-16,-7.582923877836669e-16,7.975144078414427e-15,8.032669707832498e-14,8.032669707832498e-14,-8.032669707832498e-14,0.4146403617999878,60,5,0.5,0.99,E[Agg(Q_xi)] - Agg(E[Q_xi]),bellman_backup,True,8x8,fixed,perturbation_seed,8000.0,2026.0,3000.0,support_restricted_tv_l1,exact_support_restricted_l1,,,,,
5,2031,320,Similarity-aware,0.008,2.927345865710862e-18,4.119968255444917e-17,4.440892098500626e-16,4.440892098500626e-16,-4.440892098500626e-16,7.059963610399657e-16,9.936245081303221e-15,1.0710226277109999e-13,1.0710226277109999e-13,-1.0710226277109999e-13,0.4146403617999878,60,5,0.5,0.99,E[Agg(Q_xi)] - Agg(E[Q_xi]),bellman_backup,True,8x8,fixed,perturbation_seed,8000.0,2026.0,3000.0,support_restricted_tv_l1,exact_support_restricted_l1,,,,,
5,2031,325,Similarity-aware,0.008,-8.673617379884035e-18,3.913969842672671e-17,4.440892098500626e-16,2.7755575615628914e-16,-4.440892098500626e-16,-2.0918410697480464e-15,9.43943282723806e-15,1.0710226277109999e-13,6.693891423193748e-14,-1.0710226277109999e-13,0.4146403617999878,60,5,0.5,0.99,E[Agg(Q_xi)] - Agg(E[Q_xi]),bellman_backup,True,8x8,fixed,perturbation_seed,8000.0,2026.0,3000.0,support_restricted_tv_l1,exact_support_restricted_l1,,,,,
5,2031,330,Similarity-aware,0.008,4.228388472693467e-18,3.7730235602495554e-17,3.3306690738754696e-16,2.7755575615628914e-16,-3.3306690738754696e-16,1.0197725215021727e-15,9.099508653404003e-15,8.032669707832498e-14,6.693891423193748e-14,-8.032669707832498e-14,0.4146403617999878,60,5,0.5,0.99,E[Agg(Q_xi)] - Agg(E[Q_xi]),bellman_backup,True,8x8,fixed,perturbation_seed,8000.0,2026.0,3000.0,support_restricted_tv_l1,exact_support_restricted_l1,,,,,
5,2031,335,Similarity-aware,0.008,4.9873299934333204e-18,4.575333167888829e-17,4.440892098500626e-16,4.440892098500626e-16,-3.3306690738754696e-16,1.2028086151051267e-15,1.1034461642920945e-14,1.0710226277109999e-13,1.0710226277109999e-13,-8.032669707832498e-14,0.4146403617999878,60,5,0.5,0.99,E[Agg(Q_xi)] - Agg(E[Q_xi]),bellman_backup,True,8x8,fixed,perturbation_seed,8000.0,2026.0,3000.0,support_restricted_tv_l1,exact_support_restricted_l1,,,,,
5,2031,340,Similarity-aware,0.008,3.469446951953614e-18,4.2392304944183223e-17,5.551115123125783e-16,4.440892098500626e-16,-5.551115123125783e-16,8.367364278992187e-16,1.0223873228393577e-14,1.3387782846387497e-13,1.0710226277109999e-13,-1.3387782846387497e-13,0.4146403617999878,60,5,0.5,0.99,E[Agg(Q_xi)] - Agg(E[Q_xi]),bellman_backup,True,8x8,fixed,perturbation_seed,8000.0,2026.0,3000.0,support_restricted_tv_l1,exact_support_restricted_l1,,,,,
5,2031,345,Similarity-aware,0.008,1.431146867680866e-17,5.074066167232161e-17,5.551115123125783e-16,5.551115123125783e-16,-3.3306690738754696e-16,3.451537765084277e-15,1.2237270258026072e-14,1.3387782846387497e-13,1.3387782846387497e-13,-8.032669707832498e-14,0.4146403617999878,60,5,0.5,0.99,E[Agg(Q_xi)] - Agg(E[Q_xi]),bellman_backup,True,8x8,fixed,perturbation_seed,8000.0,2026.0,3000.0,support_restricted_tv_l1,exact_support_restricted_l1,,,,,
5,2031,350,Similarity-aware,0.008,2.710505431213761e-18,4.434386885465713e-17,4.440892098500626e-16,4.440892098500626e-16,-4.440892098500626e-16,6.537003342962646e-16,1.0694537469086887e-14,1.0710226277109999e-13,1.0710226277109999e-13,-1.0710226277109999e-13,0.4146403617999878,60,5,0.5,0.99,E[Agg(Q_xi)] - Agg(E[Q_xi]),bellman_backup,True,8x8,fixed,perturbation_seed,8000.0,2026.0,3000.0,support_restricted_tv_l1,exact_support_restricted_l1,,,,,
5,2031,355,Similarity-aware,0.008,-4.336808689942018e-18,3.979021973021801e-17,4.440892098500626e-16,4.440892098500626e-16,-4.440892098500626e-16,-1.0459205348740232e-15,9.596320907469163e-15,1.0710226277109999e-13,1.0710226277109999e-13,-1.0710226277109999e-13,0.4146403617999878,60,5,0.5,0.99,E[Agg(Q_xi)] - Agg(E[Q_xi]),bellman_backup,True,8x8,fixed,perturbation_seed,8000.0,2026.0,3000.0,support_restricted_tv_l1,exact_support_restricted_l1,,,,,
5,2031,360,Similarity-aware,0.008,1.951563910473908e-17,4.933119884809045e-17,4.440892098500626e-16,3.885780586188048e-16,-4.440892098500626e-16,4.706642406933104e-15,1.1897346084192015e-14,1.0710226277109999e-13,9.371447992471248e-14,-1.0710226277109999e-13,0.4146403617999878,60,5,0.5,0.99,E[Agg(Q_xi)] - Agg(E[Q_xi]),bellman_backup,True,8x8,fixed,perturbation_seed,8000.0,2026.0,3000.0,support_restricted_tv_l1,exact_support_restricted_l1,,,,,
5,2031,365,Similarity-aware,0.008,3.469446951953614e-18,4.217546450968612e-17,4.440892098500626e-16,4.440892098500626e-16,-4.440892098500626e-16,8.367364278992187e-16,1.0171577201649877e-14,1.0710226277109999e-13,1.0710226277109999e-13,-1.0710226277109999e-13,0.4146403617999878,60,5,0.5,0.99,E[Agg(Q_xi)] - Agg(E[Q_xi]),bellman_backup,True,8x8,fixed,perturbation_seed,8000.0,2026.0,3000.0,support_restricted_tv_l1,exact_support_restricted_l1,,,,,
5,2031,370,Similarity-aware,0.008,8.890457814381136e-18,4.2500725161431774e-17,4.440892098500626e-16,4.440892098500626e-16,-4.440892098500626e-16,2.1441370964917477e-15,1.0250021241765428e-14,1.0710226277109999e-13,1.0710226277109999e-13,-1.0710226277109999e-13,0.4146403617999878,60,5,0.5,0.99,E[Agg(Q_xi)] - Agg(E[Q_xi]),bellman_backup,True,8x8,fixed,perturbation_seed,8000.0,2026.0,3000.0,support_restricted_tv_l1,exact_support_restricted_l1,,,,,
5,2031,375,Similarity-aware,0.008,3.577867169202165e-18,4.0332320816460765e-17,3.3306690738754696e-16,3.3306690738754696e-16,-3.3306690738754696e-16,8.628844412710692e-16,9.727060974328416e-15,8.032669707832498e-14,8.032669707832498e-14,-8.032669707832498e-14,0.4146403617999878,60,5,0.5,0.99,E[Agg(Q_xi)] - Agg(E[Q_xi]),bellman_backup,True,8x8,fixed,perturbation_seed,8000.0,2026.0,3000.0,support_restricted_tv_l1,exact_support_restricted_l1,,,,,
5,2031,380,Similarity-aware,0.008,4.87890977618477e-18,4.358492733391728e-17,3.3306690738754696e-16,3.3306690738754696e-16,-3.3306690738754696e-16,1.176660601733276e-15,1.0511501375483934e-14,8.032669707832498e-14,8.032669707832498e-14,-8.032669707832498e-14,0.4146403617999878,60,5,0.5,0.99,E[Agg(Q_xi)] - Agg(E[Q_xi]),bellman_backup,True,8x8,fixed,perturbation_seed,8000.0,2026.0,3000.0,support_restricted_tv_l1,exact_support_restricted_l1,,,,,
5,2031,385,Similarity-aware,0.008,5.854691731421724e-18,4.3151246464923076e-17,4.440892098500626e-16,4.440892098500626e-16,-3.3306690738754696e-16,1.4119927220799314e-15,1.040690932199653e-14,1.0710226277109999e-13,1.0710226277109999e-13,-8.032669707832498e-14,0.4146403617999878,60,5,0.5,0.99,E[Agg(Q_xi)] - Agg(E[Q_xi]),bellman_backup,True,8x8,fixed,perturbation_seed,8000.0,2026.0,3000.0,support_restricted_tv_l1,exact_support_restricted_l1,,,,,
5,2031,390,Similarity-aware,0.008,-1.3769367590565906e-17,3.707971429900425e-17,4.440892098500626e-16,4.440892098500626e-16,-3.3306690738754696e-16,-3.3207976982250238e-15,8.942620573172899e-15,1.0710226277109999e-13,1.0710226277109999e-13,-8.032669707832498e-14,0.4146403617999878,60,5,0.5,0.99,E[Agg(Q_xi)] - Agg(E[Q_xi]),bellman_backup,True,8x8,fixed,perturbation_seed,8000.0,2026.0,3000.0,support_restricted_tv_l1,exact_support_restricted_l1,,,,,
5,2031,395,Similarity-aware,0.008,1.5937771935536915e-17,4.7596475372113645e-17,5.551115123125783e-16,5.551115123125783e-16,-3.3306690738754696e-16,3.843757965662035e-15,1.1478977870242406e-14,1.3387782846387497e-13,1.3387782846387497e-13,-8.032669707832498e-14,0.4146403617999878,60,5,0.5,0.99,E[Agg(Q_xi)] - Agg(E[Q_xi]),bellman_backup,True,8x8,fixed,perturbation_seed,8000.0,2026.0,3000.0,support_restricted_tv_l1,exact_support_restricted_l1,,,,,
5,2031,400,Similarity-aware,0.008,-3.3610267347050637e-18,3.5778671692021646e-17,4.440892098500626e-16,3.3306690738754696e-16,-4.440892098500626e-16,-8.10588414527368e-16,8.628844412710692e-15,1.0710226277109999e-13,8.032669707832498e-14,-1.0710226277109999e-13,0.4146403617999878,60,5,0.5,0.99,E[Agg(Q_xi)] - Agg(E[Q_xi]),bellman_backup,True,8x8,fixed,perturbation_seed,8000.0,2026.0,3000.0,support_restricted_tv_l1,exact_support_restricted_l1,,,,,
5,2031,405,Similarity-aware,0.008,3.903127820947816e-18,4.640385298237959e-17,4.440892098500626e-16,4.440892098500626e-16,-3.3306690738754696e-16,9.41328481386621e-16,1.1191349723152049e-14,1.0710226277109999e-13,1.0710226277109999e-13,-8.032669707832498e-14,0.4146403617999878,60,5,0.5,0.99,E[Agg(Q_xi)] - Agg(E[Q_xi]),bellman_backup,True,8x8,fixed,perturbation_seed,8000.0,2026.0,3000.0,support_restricted_tv_l1,exact_support_restricted_l1,,,,,
5,2031,410,Similarity-aware,0.008,-5.637851296924623e-18,3.5670251474773096e-17,4.440892098500626e-16,4.440892098500626e-16,-3.3306690738754696e-16,-1.3596966953362303e-15,8.602696399338841e-15,1.0710226277109999e-13,1.0710226277109999e-13,-8.032669707832498e-14,0.4146403617999878,60,5,0.5,0.99,E[Agg(Q_xi)] - Agg(E[Q_xi]),bellman_backup,True,8x8,fixed,perturbation_seed,8000.0,2026.0,3000.0,support_restricted_tv_l1,exact_support_restricted_l1,,,,,
5,2031,415,Similarity-aware,0.008,-1.0408340855860843e-17,3.881443777498106e-17,4.440892098500626e-16,4.440892098500626e-16,-4.440892098500626e-16,-2.5102092836976557e-15,9.360988787122508e-15,1.0710226277109999e-13,1.0710226277109999e-13,-1.0710226277109999e-13,0.4146403617999878,60,5,0.5,0.99,E[Agg(Q_xi)] - Agg(E[Q_xi]),bellman_backup,True,8x8,fixed,perturbation_seed,8000.0,2026.0,3000.0,support_restricted_tv_l1,exact_support_restricted_l1,,,,,
5,2031,420,Similarity-aware,0.008,-1.0950441942103595e-17,3.838075690598686e-17,4.440892098500626e-16,3.3306690738754696e-16,-4.440892098500626e-16,-2.6409493505569087e-15,9.256396733635106e-15,1.0710226277109999e-13,8.032669707832498e-14,-1.0710226277109999e-13,0.4146403617999878,60,5,0.5,0.99,E[Agg(Q_xi)] - Agg(E[Q_xi]),bellman_backup,True,8x8,fixed,perturbation_seed,8000.0,2026.0,3000.0,support_restricted_tv_l1,exact_support_restricted_l1,,,,,
5,2031,425,Similarity-aware,0.008,-2.168404344971009e-18,4.2934406030425976e-17,4.440892098500626e-16,4.440892098500626e-16,-4.440892098500626e-16,-5.229602674370116e-16,1.035461329525283e-14,1.0710226277109999e-13,1.0710226277109999e-13,-1.0710226277109999e-13,0.4146403617999878,60,5,0.5,0.99,E[Agg(Q_xi)] - Agg(E[Q_xi]),bellman_backup,True,8x8,fixed,perturbation_seed,8000.0,2026.0,3000.0,support_restricted_tv_l1,exact_support_restricted_l1,,,,,
5,2031,430,Similarity-aware,0.008,5.637851296924623e-18,4.705437428587089e-17,4.440892098500626e-16,4.440892098500626e-16,-4.440892098500626e-16,1.3596966953362303e-15,1.1348237803383152e-14,1.0710226277109999e-13,1.0710226277109999e-13,-1.0710226277109999e-13,0.4146403617999878,60,5,0.5,0.99,E[Agg(Q_xi)] - Agg(E[Q_xi]),bellman_backup,True,8x8,fixed,perturbation_seed,8000.0,2026.0,3000.0,support_restricted_tv_l1,exact_support_restricted_l1,,,,,
5,2031,435,Similarity-aware,0.008,-1.3010426069826053e-18,4.4885969940899884e-17,5.551115123125783e-16,5.551115123125783e-16,-5.551115123125783e-16,-3.1377616046220696e-16,1.0825277535946141e-14,1.3387782846387497e-13,1.3387782846387497e-13,-1.3387782846387497e-13,0.4146403617999878,60,5,0.5,0.99,E[Agg(Q_xi)] - Agg(E[Q_xi]),bellman_backup,True,8x8,fixed,perturbation_seed,8000.0,2026.0,3000.0,support_restricted_tv_l1,exact_support_restricted_l1,,,,,
5,2031,440,Similarity-aware,0.008,-2.6020852139652106e-18,3.935653886122381e-17,3.3306690738754696e-16,3.3306690738754696e-16,-3.3306690738754696e-16,-6.275523209244139e-16,9.491728853981762e-15,8.032669707832498e-14,8.032669707832498e-14,-8.032669707832498e-14,0.4146403617999878,60,5,0.5,0.99,E[Agg(Q_xi)] - Agg(E[Q_xi]),bellman_backup,True,8x8,fixed,perturbation_seed,8000.0,2026.0,3000.0,support_restricted_tv_l1,exact_support_restricted_l1,,,,,
5,2031,445,Similarity-aware,0.008,-2.927345865710862e-18,3.946495907847236e-17,5.551115123125783e-16,4.440892098500626e-16,-5.551115123125783e-16,-7.059963610399657e-16,9.517876867353612e-15,1.3387782846387497e-13,1.0710226277109999e-13,-1.3387782846387497e-13,0.4146403617999878,60,5,0.5,0.99,E[Agg(Q_xi)] - Agg(E[Q_xi]),bellman_backup,True,8x8,fixed,perturbation_seed,8000.0,2026.0,3000.0,support_restricted_tv_l1,exact_support_restricted_l1,,,,,
5,2031,450,Similarity-aware,0.008,8.673617379884035e-18,4.4777549723651333e-17,3.3306690738754696e-16,3.3306690738754696e-16,-3.3306690738754696e-16,2.0918410697480464e-15,1.079912952257429e-14,8.032669707832498e-14,8.032669707832498e-14,-8.032669707832498e-14,0.4146403617999878,60,5,0.5,0.99,E[Agg(Q_xi)] - Agg(E[Q_xi]),bellman_backup,True,8x8,fixed,perturbation_seed,8000.0,2026.0,3000.0,support_restricted_tv_l1,exact_support_restricted_l1,,,,,
5,2031,455,Similarity-aware,0.008,-1.4094628242311558e-18,4.358492733391728e-17,5.551115123125783e-16,4.440892098500626e-16,-5.551115123125783e-16,-3.3992417383405756e-16,1.0511501375483934e-14,1.3387782846387497e-13,1.0710226277109999e-13,-1.3387782846387497e-13,0.4146403617999878,60,5,0.5,0.99,E[Agg(Q_xi)] - Agg(E[Q_xi]),bellman_backup,True,8x8,fixed,perturbation_seed,8000.0,2026.0,3000.0,support_restricted_tv_l1,exact_support_restricted_l1,,,,,
5,2031,460,Similarity-aware,0.008,-7.914675859144182e-18,3.5670251474773096e-17,4.440892098500626e-16,3.3306690738754696e-16,-4.440892098500626e-16,-1.9088049761450924e-15,8.602696399338841e-15,1.0710226277109999e-13,8.032669707832498e-14,-1.0710226277109999e-13,0.4146403617999878,60,5,0.5,0.99,E[Agg(Q_xi)] - Agg(E[Q_xi]),bellman_backup,True,8x8,fixed,perturbation_seed,8000.0,2026.0,3000.0,support_restricted_tv_l1,exact_support_restricted_l1,,,,,
5,2031,465,Similarity-aware,0.008,2.168404344971009e-19,4.098284211995207e-17,5.551115123125783e-16,3.3306690738754696e-16,-5.551115123125783e-16,5.2296026743701166e-17,9.88394905455952e-15,1.3387782846387497e-13,8.032669707832498e-14,-1.3387782846387497e-13,0.4146403617999878,60,5,0.5,0.99,E[Agg(Q_xi)] - Agg(E[Q_xi]),bellman_backup,True,8x8,fixed,perturbation_seed,8000.0,2026.0,3000.0,support_restricted_tv_l1,exact_support_restricted_l1,,,,,
5,2031,470,Similarity-aware,0.008,4.228388472693467e-18,4.4994390158148434e-17,5.551115123125783e-16,3.3306690738754696e-16,-5.551115123125783e-16,1.0197725215021727e-15,1.0851425549317992e-14,1.3387782846387497e-13,8.032669707832498e-14,-1.3387782846387497e-13,0.4146403617999878,60,5,0.5,0.99,E[Agg(Q_xi)] - Agg(E[Q_xi]),bellman_backup,True,8x8,fixed,perturbation_seed,8000.0,2026.0,3000.0,support_restricted_tv_l1,exact_support_restricted_l1,,,,,
5,2031,475,Similarity-aware,0.008,-7.697835424647081e-18,3.870601755773251e-17,4.440892098500626e-16,3.3306690738754696e-16,-4.440892098500626e-16,-1.856508949401391e-15,9.334840773750657e-15,1.0710226277109999e-13,8.032669707832498e-14,-1.0710226277109999e-13,0.4146403617999878,60,5,0.5,0.99,E[Agg(Q_xi)] - Agg(E[Q_xi]),bellman_backup,True,8x8,fixed,perturbation_seed,8000.0,2026.0,3000.0,support_restricted_tv_l1,exact_support_restricted_l1,,,,,
5,2031,480,Similarity-aware,0.008,-5.9631119486702744e-18,4.466912950640278e-17,5.551115123125783e-16,5.551115123125783e-16,-5.551115123125783e-16,-1.438140735451782e-15,1.077298150920244e-14,1.3387782846387497e-13,1.3387782846387497e-13,-1.3387782846387497e-13,0.4146403617999878,60,5,0.5,0.99,E[Agg(Q_xi)] - Agg(E[Q_xi]),bellman_backup,True,8x8,fixed,perturbation_seed,8000.0,2026.0,3000.0,support_restricted_tv_l1,exact_support_restricted_l1,,,,,
5,2031,485,Similarity-aware,0.008,-4.228388472693467e-18,3.7947076036992655e-17,6.661338147750939e-16,6.661338147750939e-16,-4.440892098500626e-16,-1.0197725215021727e-15,9.151804680147704e-15,1.6065339415664996e-13,1.6065339415664996e-13,-1.0710226277109999e-13,0.4146403617999878,60,5,0.5,0.99,E[Agg(Q_xi)] - Agg(E[Q_xi]),bellman_backup,True,8x8,fixed,perturbation_seed,8000.0,2026.0,3000.0,support_restricted_tv_l1,exact_support_restricted_l1,,,,,
5,2031,490,Similarity-aware,0.008,1.4094628242311558e-18,3.924811864397526e-17,4.440892098500626e-16,4.440892098500626e-16,-3.3306690738754696e-16,3.3992417383405756e-16,9.465580840609911e-15,1.0710226277109999e-13,1.0710226277109999e-13,-8.032669707832498e-14,0.4146403617999878,60,5,0.5,0.99,E[Agg(Q_xi)] - Agg(E[Q_xi]),bellman_backup,True,8x8,fixed,perturbation_seed,8000.0,2026.0,3000.0,support_restricted_tv_l1,exact_support_restricted_l1,,,,,
5,2031,495,Similarity-aware,0.008,4.9873299934333204e-18,4.7379634937616544e-17,4.440892098500626e-16,4.440892098500626e-16,-3.885780586188048e-16,1.2028086151051267e-15,1.1426681843498705e-14,1.0710226277109999e-13,1.0710226277109999e-13,-9.371447992471248e-14,0.4146403617999878,60,5,0.5,0.99,E[Agg(Q_xi)] - Agg(E[Q_xi]),bellman_backup,True,8x8,fixed,perturbation_seed,8000.0,2026.0,3000.0,support_restricted_tv_l1,exact_support_restricted_l1,,,,,
5,2031,500,Similarity-aware,0.008,-1.0299920638612292e-17,4.0223900599212215e-17,4.440892098500626e-16,4.440892098500626e-16,-3.3306690738754696e-16,-2.4840612703258052e-15,9.700912960956565e-15,1.0710226277109999e-13,1.0710226277109999e-13,-8.032669707832498e-14,0.4146403617999878,60,5,0.5,0.99,E[Agg(Q_xi)] - Agg(E[Q_xi]),bellman_backup,True,8x8,fixed,perturbation_seed,8000.0,2026.0,3000.0,support_restricted_tv_l1,exact_support_restricted_l1,,,,,
5,2031,-1,metadata,,,,,,,,,,,,0.4146403617999878,60,5,0.5,0.99,,,,8x8,fixed,perturbation_seed,,,,support_restricted_tv_l1,exact_support_restricted_l1,0.0,0.01,0.023628791112506264,0.009445901900548153,0.407235966982074
5,2031,-1,metadata,,,,,,,,,,,,0.4146403617999878,60,5,0.5,0.99,,,,8x8,fixed,perturbation_seed,,,,support_restricted_tv_l1,exact_support_restricted_l1,1.0,0.015,0.03664606920465552,0.014365671704318926,0.26258309442282624
5,2031,-1,metadata,,,,,,,,,,,,0.4146403617999878,60,5,0.5,0.99,,,,8x8,fixed,perturbation_seed,,,,support_restricted_tv_l1,exact_support_restricted_l1,2.0,0.02,0.048886360903915016,0.01869448475146826,0.1968382145274543
5,2031,-1,metadata,,,,,,,,,,,,0.4146403617999878,60,5,0.5,0.99,,,,8x8,fixed,perturbation_seed,,,,support_restricted_tv_l1,exact_support_restricted_l1,3.0,0.03,0.07216567351421554,0.02907558782359643,0.13334272406764555
6,2032,5,Maximum-based,0.008,0.002881289425410497,0.002881289425410497,0.004345112498322499,0.004345112498322499,4.555823922935964e-05,0.6948887978253211,0.6948887978253211,1.04792318805145,1.04792318805145,0.010987410639810267,0.4146403617999878,60,5,0.5,0.99,E[Agg(Q_xi)] - Agg(E[Q_xi]),bellman_backup,True,8x8,fixed,perturbation_seed,9000.0,2026.0,3000.0,support_restricted_tv_l1,exact_support_restricted_l1,,,,,
6,2032,10,Maximum-based,0.008,0.002793393918052895,0.002793393918052895,0.004074064321177061,0.004074064321177061,4.44209484595226e-05,0.6736907873431672,0.6736907873431672,0.9825537252309963,0.9825537252309963,0.010713126977481792,0.4146403617999878,60,5,0.5,0.99,E[Agg(Q_xi)] - Agg(E[Q_xi]),bellman_backup,True,8x8,fixed,perturbation_seed,9000.0,2026.0,3000.0,support_restricted_tv_l1,exact_support_restricted_l1,,,,,
6,2032,15,Maximum-based,0.008,0.002768833072301243,0.002768833072301243,0.0038803789809467963,0.0038803789809467963,6.436880383525745e-05,0.6677673780433511,0.6677673780433511,0.9358420786876013,0.9358420786876013,0.015524008216621072,0.4146403617999878,60,5,0.5,0.99,E[Agg(Q_xi)] - Agg(E[Q_xi]),bellman_backup,True,8x8,fixed,perturbation_seed,9000.0,2026.0,3000.0,support_restricted_tv_l1,exact_support_restricted_l1,,,,,
6,2032,20,Maximum-based,0.008,0.0027457550695589895,0.0027457550695589895,0.004117088752613525,0.004117088752613525,7.602548502200213e-05,0.662201590226152,0.662201590226152,0.9929300502104775,0.9929300502104775,0.01833528330237058,0.4146403617999878,60,5,0.5,0.99,E[Agg(Q_xi)] - Agg(E[Q_xi]),bellman_backup,True,8x8,fixed,perturbation_seed,9000.0,2026.0,3000.0,support_restricted_tv_l1,exact_support_restricted_l1,,,,,
6,2032,25,Maximum-based,0.008,0.0027158656558979276,0.0027158656558979276,0.00406002682112766,0.00406002682112766,6.296690640422709e-05,0.6549930749886799,0.6549930749886799,0.9791682612620611,0.9791682612620611,0.01518590861026712,0.4146403617999878,60,5,0.5,0.99,E[Agg(Q_xi)] - Agg(E[Q_xi]),bellman_backup,True,8x8,fixed,perturbation_seed,9000.0,2026.0,3000.0,support_restricted_tv_l1,exact_support_restricted_l1,,,,,
6,2032,30,Maximum-based,0.008,0.0027012394205898284,0.0027012394205898284,0.003963869572261788,0.003963869572261788,0.00010128922713276145,0.6514656240563573,0.6514656240563573,0.9559777429901676,0.9559777429901676,0.02442821212413008,0.4146403617999878,60,5,0.5,0.99,E[Agg(Q_xi)] - Agg(E[Q_xi]),bellman_backup,True,8x8,fixed,perturbation_seed,9000.0,2026.0,3000.0,support_restricted_tv_l1,exact_support_restricted_l1,,,,,
6,2032,35,Maximum-based,0.008,0.0026649337240951462,0.0026649337240951462,0.004076562709469933,0.004076562709469933,2.9649098602979596e-05,0.6427096755671471,0.6427096755671471,0.9831562686693693,0.9831562686693693,0.0071505577687300936,0.4146403617999878,60,5,0.5,0.99,E[Agg(Q_xi)] - Agg(E[Q_xi]),bellman_backup,True,8x8,fixed,perturbation_seed,9000.0,2026.0,3000.0,support_restricted_tv_l1,exact_support_restricted_l1,,,,,
6,2032,40,Maximum-based,0.008,0.002669149565976036,0.002669149565976036,0.004175263582677183,0.004175263582677183,0.00022739723444314963,0.643726422191279,0.643726422191279,1.0069602400866189,1.0069602400866189,0.05484204033008258,0.4146403617999878,60,5,0.5,0.99,E[Agg(Q_xi)] - Agg(E[Q_xi]),bellman_backup,True,8x8,fixed,perturbation_seed,9000.0,2026.0,3000.0,support_restricted_tv_l1,exact_support_restricted_l1,,,,,
6,2032,45,Maximum-based,0.008,0.002610233550470494,0.002610233550470494,0.003990847564617997,0.003990847564617997,9.637003788359744e-05,0.6295174785057721,0.6295174785057721,0.962484102438412,0.962484102438412,0.023241837206886277,0.4146403617999878,60,5,0.5,0.99,E[Agg(Q_xi)] - Agg(E[Q_xi]),bellman_backup,True,8x8,fixed,perturbation_seed,9000.0,2026.0,3000.0,support_restricted_tv_l1,exact_support_restricted_l1,,,,,
6,2032,50,Maximum-based,0.008,0.0026354097322893286,0.0026354097322893286,0.0040333316754478515,0.0040333316754478515,0.00012743560350292338,0.6355892901619127,0.6355892901619127,0.9727301167543912,0.9727301167543912,0.03073400837046229,0.4146403617999878,60,5,0.5,0.99,E[Agg(Q_xi)] - Agg(E[Q_xi]),bellman_backup,True,8x8,fixed,perturbation_seed,9000.0,2026.0,3000.0,support_restricted_tv_l1,exact_support_restricted_l1,,,,,
6,2032,55,Maximum-based,0.008,0.0026255586894150893,0.0026255586894150893,0.0041907431007212476,0.0041907431007212476,0.00015270288310786917,0.6332134860237252,0.6332134860237252,1.010693479652798,1.010693479652798,0.03682779033979554,0.4146403617999878,60,5,0.5,0.99,E[Agg(Q_xi)] - Agg(E[Q_xi]),bellman_backup,True,8x8,fixed,perturbation_seed,9000.0,2026.0,3000.0,support_restricted_tv_l1,exact_support_restricted_l1,,,,,
6,2032,60,Maximum-based,0.008,0.0026035829320756564,0.0026035829320756564,0.004090810626684455,0.004090810626684455,7.515950503556024e-05,0.6279135298776244,0.6279135298776244,0.9865924795468319,0.9865924795468319,0.018126432436361636,0.4146403617999878,60,5,0.5,0.99,E[Agg(Q_xi)] - Agg(E[Q_xi]),bellman_backup,True,8x8,fixed,perturbation_seed,9000.0,2026.0,3000.0,support_restricted_tv_l1,exact_support_restricted_l1,,,,,
6,2032,65,Maximum-based,0.008,0.0026063374289129948,0.0026063374289129948,0.004009516068357269,0.004009516068357269,6.538670660444224e-05,0.6285778397449467,0.6285778397449467,0.9669864387903847,0.9669864387903847,0.015769498733937327,0.4146403617999878,60,5,0.5,0.99,E[Agg(Q_xi)] - Agg(E[Q_xi]),bellman_backup,True,8x8,fixed,perturbation_seed,9000.0,2026.0,3000.0,support_restricted_tv_l1,exact_support_restricted_l1,,,,,
6,2032,70,Maximum-based,0.008,0.0026199952623296714,0.0026199952623296714,0.004115021582369774,0.004115021582369774,0.00016500014386744422,0.6318717384279854,0.6318717384279854,0.992431504860291,0.992431504860291,0.039793555830205496,0.4146403617999878,60,5,0.5,0.99,E[Agg(Q_xi)] - Agg(E[Q_xi]),bellman_backup,True,8x8,fixed,perturbation_seed,9000.0,2026.0,3000.0,support_restricted_tv_l1,exact_support_restricted_l1,,,,,
6,2032,75,Maximum-based,0.008,0.0025714675352875556,0.0025714675352875556,0.004124906496113731,0.004124906496113731,7.380801216838595e-05,0.6201681679334361,0.6201681679334361,0.9948154777328415,0.9948154777328415,0.01780048904259569,0.4146403617999878,60,5,0.5,0.99,E[Agg(Q_xi)] - Agg(E[Q_xi]),bellman_backup,True,8x8,fixed,perturbation_seed,9000.0,2026.0,3000.0,support_restricted_tv_l1,exact_support_restricted_l1,,,,,
6,2032,80,Maximum-based,0.008,0.002581867308743312,0.002581867308743312,0.003996821058268457,0.003996821058268457,6.423739725758271e-05,0.6226763109927876,0.6226763109927876,0.9639247469585279,0.9639247469585279,0.015492316517071059,0.4146403617999878,60,5,0.5,0.99,E[Agg(Q_xi)] - Agg(E[Q_xi]),bellman_backup,True,8x8,fixed,perturbation_seed,9000.0,2026.0,3000.0,support_restricted_tv_l1,exact_support_restricted_l1,,,,,
6,2032,85,Maximum-based,0.008,0.002541026589405385,0.002541026589405385,0.004111379699453549,0.004111379699453549,8.646677301726857e-05,0.6128266380953797,0.6128266380953797,0.9915531815585228,0.9915531815585228,0.020853438541754407,0.4146403617999878,60,5,0.5,0.99,E[Agg(Q_xi)] - Agg(E[Q_xi]),bellman_backup,True,8x8,fixed,perturbation_seed,9000.0,2026.0,3000.0,support_restricted_tv_l1,exact_support_restricted_l1,,,,,
6,2032,90,Maximum-based,0.008,0.0025749233250300266,0.0025749233250300266,0.004024603895514178,0.004024603895514178,0.00012959156757219592,0.6210016106131282,0.6210016106131282,0.9706252131468925,0.9706252131468925,0.031253968381087724,0.4146403617999878,60,5,0.5,0.99,E[Agg(Q_xi)] - Agg(E[Q_xi]),bellman_backup,True,8x8,fixed,perturbation_seed,9000.0,2026.0,3000.0,support_restricted_tv_l1,exact_support_restricted_l1,,,,,
6,2032,95,Maximum-based,0.008,0.0025918706692871357,0.0025918706692871357,0.004114339377445292,0.004114339377445292,0.00010149527430936,0.6250888500182695,0.6250888500182695,0.9922669755507175,0.9922669755507175,0.024477905110047826,0.4146403617999878,60,5,0.5,0.99,E[Agg(Q_xi)] - Agg(E[Q_xi]),bellman_backup,True,8x8,fixed,perturbation_seed,9000.0,2026.0,3000.0,support_restricted_tv_l1,exact_support_restricted_l1,,,,,
6,2032,100,Maximum-based,0.008,0.0025497429672578084,0.0025497429672578084,0.004024495439309772,0.004024495439309772,0.00016677867489239828,0.6149287918303864,0.6149287918303864,0.9705990564543951,0.9705990564543951,0.040222489235827975,0.4146403617999878,60,5,0.5,0.99,E[Agg(Q_xi)] - Agg(E[Q_xi]),bellman_backup,True,8x8,fixed,perturbation_seed,9000.0,2026.0,3000.0,support_restricted_tv_l1,exact_support_restricted_l1,,,,,
6,2032,105,Maximum-based,0.008,0.0025333437632291678,0.0025333437632291678,0.00412987187077421,0.00412987187077421,0.00015121240093629584,0.610973748969279,0.610973748969279,0.9960129913176078,0.9960129913176078,0.03646832649862411,0.4146403617999878,60,5,0.5,0.99,E[Agg(Q_xi)] - Agg(E[Q_xi]),bellman_backup,True,8x8,fixed,perturbation_seed,9000.0,2026.0,3000.0,support_restricted_tv_l1,exact_support_restricted_l1,,,,,
6,2032,110,Maximum-based,0.008,0.0025309643452072882,0.0025309643452072882,0.0038783927982936617,0.0038783927982936617,0.00014715039536244978,0.6103998979308634,0.6103998979308634,0.9353630653458916,0.9353630653458916,0.03548868101591891,0.4146403617999878,60,5,0.5,0.99,E[Agg(Q_xi)] - Agg(E[Q_xi]),bellman_backup,True,8x8,fixed,perturbation_seed,9000.0,2026.0,3000.0,support_restricted_tv_l1,exact_support_restricted_l1,,,,,
6,2032,115,Maximum-based,0.008,0.0025197241386575187,0.0025197241386575187,0.004080392868330729,0.004080392868330729,0.00022659471823288646,0.6076890652224953,0.6076890652224953,0.9840799990182839,0.9840799990182839,0.05464849520418615,0.4146403617999878,60,5,0.5,0.99,E[Agg(Q_xi)] - Agg(E[Q_xi]),bellman_backup,True,8x8,fixed,perturbation_seed,9000.0,2026.0,3000.0,support_restricted_tv_l1,exact_support_restricted_l1,,,,,
6,2032,120,Maximum-based,0.008,0.0025515780706286883,0.0025515780706286883,0.00399280891962725,0.00399280891962725,7.083181994210763e-05,0.6153713689502099,0.6153713689502099,0.9629571280263549,0.9629571280263549,0.017082712265304056,0.4146403617999878,60,5,0.5,0.99,E[Agg(Q_xi)] - Agg(E[Q_xi]),bellman_backup,True,8x8,fixed,perturbation_seed,9000.0,2026.0,3000.0,support_restricted_tv_l1,exact_support_restricted_l1,,,,,
6,2032,125,Maximum-based,0.008,0.002538699442176013,0.002538699442176013,0.004234962365875894,0.004234962365875894,0.00015943610032909117,0.6122653933532448,0.6122653933532448,1.0213579660917655,1.0213579660917655,0.0384516595627512,0.4146403617999878,60,5,0.5,0.99,E[Agg(Q_xi)] - Agg(E[Q_xi]),bellman_backup,True,8x8,fixed,perturbation_seed,9000.0,2026.0,3000.0,support_restricted_tv_l1,exact_support_restricted_l1,,,,,
6,2032,130,Maximum-based,0.008,0.0025312939233856375,0.0025312939233856375,0.004154179387022672,0.004154179387022672,0.000193137905123264,0.610479383241198,0.610479383241198,1.0018753044177944,1.0018753044177944,0.046579620055519085,0.4146403617999878,60,5,0.5,0.99,E[Agg(Q_xi)] - Agg(E[Q_xi]),bellman_backup,True,8x8,fixed,perturbation_seed,9000.0,2026.0,3000.0,support_restricted_tv_l1,exact_support_restricted_l1,,,,,
6,2032,135,Maximum-based,0.008,0.0025334178893798593,0.0025334178893798593,0.004060178532145603,0.004060178532145603,2.6912022439540273e-05,0.6109916261846976,0.6109916261846976,0.979204849841447,0.979204849841447,0.0064904492950741645,0.4146403617999878,60,5,0.5,0.99,E[Agg(Q_xi)] - Agg(E[Q_xi]),bellman_backup,True,8x8,fixed,perturbation_seed,9000.0,2026.0,3000.0,support_restricted_tv_l1,exact_support_restricted_l1,,,,,
6,2032,140,Maximum-based,0.008,0.0025496634257572886,0.0025496634257572886,0.004147525221229298,0.004147525221229298,3.394010212676157e-05,0.6149096085795871,0.6149096085795871,1.0002705002534127,1.0002705002534127,0.00818543134089137,0.4146403617999878,60,5,0.5,0.99,E[Agg(Q_xi)] - Agg(E[Q_xi]),bellman_backup,True,8x8,fixed,perturbation_seed,9000.0,2026.0,3000.0,support_restricted_tv_l1,exact_support_restricted_l1,,,,,
6,2032,145,Maximum-based,0.008,0.0024795322532840712,0.0024795322532840712,0.003888428694401841,0.003888428694401841,0.00011641170554910207,0.5979958734649513,0.5979958734649513,0.9377834510663297,0.9377834510663297,0.02807534342381656,0.4146403617999878,60,5,0.5,0.99,E[Agg(Q_xi)] - Agg(E[Q_xi]),bellman_backup,True,8x8,fixed,perturbation_seed,9000.0,2026.0,3000.0,support_restricted_tv_l1,exact_support_restricted_l1,,,,,
6,2032,150,Maximum-based,0.008,0.002503467223558086,0.002503467223558086,0.003929827845071426,0.003929827845071426,0.00016934237268750874,0.6037683385887301,0.6037683385887301,0.9477678024425122,0.9477678024425122,0.04084078355333755,0.4146403617999878,60,5,0.5,0.99,E[Agg(Q_xi)] - Agg(E[Q_xi]),bellman_backup,True,8x8,fixed,perturbation_seed,9000.0,2026.0,3000.0,support_restricted_tv_l1,exact_support_restricted_l1,,,,,
6,2032,155,Maximum-based,0.008,0.002499735655226175,0.002499735655226175,0.003989576308750797,0.003989576308750797,0.00013540766641562119,0.6028683855991774,0.6028683855991774,0.9621775100310349,0.9621775100310349,0.03265665354617322,0.4146403617999878,60,5,0.5,0.99,E[Agg(Q_xi)] - Agg(E[Q_xi]),bellman_backup,True,8x8,fixed,perturbation_seed,9000.0,2026.0,3000.0,support_restricted_tv_l1,exact_support_restricted_l1,,,,,
6,2032,160,Maximum-based,0.008,0.0025123213165312444,0.0025123213165312444,0.00402069599344379,0.00402069599344379,5.621230173202818e-05,0.6059037054726298,0.6059037054726298,0.9696827332461363,0.9696827332461363,0.013556881314690633,0.4146403617999878,60,5,0.5,0.99,E[Agg(Q_xi)] - Agg(E[Q_xi]),bellman_backup,True,8x8,fixed,perturbation_seed,9000.0,2026.0,3000.0,support_restricted_tv_l1,exact_support_restricted_l1,,,,,
6,2032,165,Maximum-based,0.008,0.0025507626083893344,0.0025507626083893344,0.004207004871319753,0.004207004871319753,0.00011521470592484873,0.6151747015935122,0.6151747015935122,1.0146153773011386,1.0146153773011386,0.027786659606578636,0.4146403617999878,60,5,0.5,0.99,E[Agg(Q_xi)] - Agg(E[Q_xi]),bellman_backup,True,8x8,fixed,perturbation_seed,9000.0,2026.0,3000.0,support_restricted_tv_l1,exact_support_restricted_l1,,,,,
6,2032,170,Maximum-based,0.008,0.0025268438833763677,0.0025268438833763677,0.004259863225884175,0.004259863225884175,8.18905733112607e-05,0.6094061543857263,0.6094061543857263,1.0273633776007138,1.0273633776007138,0.01974978339198987,0.4146403617999878,60,5,0.5,0.99,E[Agg(Q_xi)] - Agg(E[Q_xi]),bellman_backup,True,8x8,fixed,perturbation_seed,9000.0,2026.0,3000.0,support_restricted_tv_l1,exact_support_restricted_l1,,,,,
6,2032,175,Maximum-based,0.008,0.0025391059262151496,0.0025391059262151496,0.004204526283483279,0.004204526283483279,0.00019025194035759974,0.6123634262696189,0.6123634262696189,1.0140176091953723,1.0140176091953723,0.04588360369253501,0.4146403617999878,60,5,0.5,0.99,E[Agg(Q_xi)] - Agg(E[Q_xi]),bellman_backup,True,8x8,fixed,perturbation_seed,9000.0,2026.0,3000.0,support_restricted_tv_l1,exact_support_restricted_l1,,,,,
6,2032,180,Maximum-based,0.008,0.002523719612504045,0.002523719612504045,0.004063224343898858,0.004063224343898858,0.00026921787691552845,0.6086526650585513,0.6086526650585513,0.9799394169588479,0.9799394169588479,0.0649280440878528,0.4146403617999878,60,5,0.5,0.99,E[Agg(Q_xi)] - Agg(E[Q_xi]),bellman_backup,True,8x8,fixed,perturbation_seed,9000.0,2026.0,3000.0,support_restricted_tv_l1,exact_support_restricted_l1,,,,,
6,2032,185,Maximum-based,0.008,0.002507301864350395,0.002507301864350395,0.0040441834657546916,0.0040441834657546916,9.242729336139677e-05,0.6046931498578654,0.6046931498578654,0.9753472740083863,0.9753472740083863,0.02229095425253883,0.4146403617999878,60,5,0.5,0.99,E[Agg(Q_xi)] - Agg(E[Q_xi]),bellman_backup,True,8x8,fixed,perturbation_seed,9000.0,2026.0,3000.0,support_restricted_tv_l1,exact_support_restricted_l1,,,,,
6,2032,190,Maximum-based,0.008,0.002517087501083858,0.002517087501083858,0.004175863181235112,0.004175863181235112,0.00013905108451162107,0.6070531798103239,0.6070531798103239,1.0071048469829005,1.0071048469829005,0.03353534709163115,0.4146403617999878,60,5,0.5,0.99,E[Agg(Q_xi)] - Agg(E[Q_xi]),bellman_backup,True,8x8,fixed,perturbation_seed,9000.0,2026.0,3000.0,support_restricted_tv_l1,exact_support_restricted_l1,,,,,
6,2032,195,Maximum-based,0.008,0.0025232639794135706,0.0025232639794135706,0.004082902974979485,0.004082902974979485,0.0001641832184456904,0.6085427787251282,0.6085427787251282,0.9846853686060056,0.9846853686060056,0.03959653559363049,0.4146403617999878,60,5,0.5,0.99,E[Agg(Q_xi)] - Agg(E[Q_xi]),bellman_backup,True,8x8,fixed,perturbation_seed,9000.0,2026.0,3000.0,support_restricted_tv_l1,exact_support_restricted_l1,,,,,
6,2032,200,Maximum-based,0.008,0.0024926644592693104,0.0024926644592693104,0.004227423398464547,0.004227423398464547,5.042565953816691e-05,0.6011630050794982,0.6011630050794982,1.019539771794756,1.019539771794756,0.012161300293889623,0.4146403617999878,60,5,0.5,0.99,E[Agg(Q_xi)] - Agg(E[Q_xi]),bellman_backup,True,8x8,fixed,perturbation_seed,9000.0,2026.0,3000.0,support_restricted_tv_l1,exact_support_restricted_l1,,,,,
6,2032,205,Maximum-based,0.008,0.0025183584445224666,0.0025183584445224666,0.004031785371443386,0.004031785371443386,0.00019226519961323962,0.6073596968684057,0.6073596968684057,0.9723571902023901,0.9723571902023901,0.046369147175784005,0.4146403617999878,60,5,0.5,0.99,E[Agg(Q_xi)] - Agg(E[Q_xi]),bellman_backup,True,8x8,fixed,perturbation_seed,9000.0,2026.0,3000.0,support_restricted_tv_l1,exact_support_restricted_l1,,,,,
6,2032,210,Maximum-based,0.008,0.002484485256489394,0.002484485256489394,0.004153017268172687,0.004153017268172687,5.8984123122052257e-05,0.5991904033905527,0.5991904033905527,1.0015950328964838,1.0015950328964838,0.0142253693938519,0.4146403617999878,60,5,0.5,0.99,E[Agg(Q_xi)] - Agg(E[Q_xi]),bellman_backup,True,8x8,fixed,perturbation_seed,9000.0,2026.0,3000.0,support_restricted_tv_l1,exact_support_restricted_l1,,,,,
6,2032,215,Maximum-based,0.008,0.002529010011984423,0.002529010011984423,0.004083549689170685,0.004083549689170685,6.931011716282409e-05,0.6099285658071932,0.6099285658071932,0.9848413385140946,0.9848413385140946,0.016715718861025297,0.4146403617999878,60,5,0.5,0.99,E[Agg(Q_xi)] - Agg(E[Q_xi]),bellman_backup,True,8x8,fixed,perturbation_seed,9000.0,2026.0,3000.0,support_restricted_tv_l1,exact_support_restricted_l1,,,,,
6,2032,220,Maximum-based,0.008,0.002501430727319675,0.002501430727319675,0.004031435070445011,0.004031435070445011,0.00016031090112933466,0.6032771909759964,0.6032771909759964,0.9722727071103788,0.9722727071103788,0.03866263776961121,0.4146403617999878,60,5,0.5,0.99,E[Agg(Q_xi)] - Agg(E[Q_xi]),bellman_backup,True,8x8,fixed,perturbation_seed,9000.0,2026.0,3000.0,support_restricted_tv_l1,exact_support_restricted_l1,,,,,
6,2032,225,Maximum-based,0.008,0.0024998642768777135,0.0024998642768777135,0.0050968661614660404,0.0050968661614660404,7.979482562447959e-05,0.6028994056501392,0.6028994056501392,1.2292257655140293,1.2292257655140293,0.01924434593826894,0.4146403617999878,60,5,0.5,0.99,E[Agg(Q_xi)] - Agg(E[Q_xi]),bellman_backup,True,8x8,fixed,perturbation_seed,9000.0,2026.0,3000.0,support_restricted_tv_l1,exact_support_restricted_l1,,,,,
6,2032,230,Maximum-based,0.008,0.002489281251147515,0.002489281251147515,0.004148906829988364,0.004148906829988364,0.0001982249742062403,0.6003470671165105,0.6003470671165105,1.0006037067828175,1.0006037067828175,0.04780648303163962,0.4146403617999878,60,5,0.5,0.99,E[Agg(Q_xi)] - Agg(E[Q_xi]),bellman_backup,True,8x8,fixed,perturbation_seed,9000.0,2026.0,3000.0,support_restricted_tv_l1,exact_support_restricted_l1,,,,,
6,2032,235,Maximum-based,0.008,0.002469077652083815,0.002469077652083815,0.0043050920059122255,0.0043050920059122255,6.343923808876939e-05,0.5954745074419062,0.5954745074419062,1.038271331624222,1.038271331624222,0.01529982219130199,0.4146403617999878,60,5,0.5,0.99,E[Agg(Q_xi)] - Agg(E[Q_xi]),bellman_backup,True,8x8,fixed,perturbation_seed,9000.0,2026.0,3000.0,support_restricted_tv_l1,exact_support_restricted_l1,,,,,
6,2032,240,Maximum-based,0.008,0.0024987944364083465,0.0024987944364083465,0.004002893724527612,0.004002893724527612,0.00011329141559657252,0.6026413891693695,0.6026413891693695,0.9653893092198556,0.9653893092198556,0.02732281418643501,0.4146403617999878,60,5,0.5,0.99,E[Agg(Q_xi)] - Agg(E[Q_xi]),bellman_backup,True,8x8,fixed,perturbation_seed,9000.0,2026.0,3000.0,support_restricted_tv_l1,exact_support_restricted_l1,,,,,
6,2032,245,Maximum-based,0.008,0.002495135133704047,0.002495135133704047,0.004140630356815167,0.004140630356815167,6.531640310275533e-05,0.6017588646875718,0.6017588646875718,0.9986076461153832,0.9986076461153832,0.015752543437694166,0.4146403617999878,60,5,0.5,0.99,E[Agg(Q_xi)] - Agg(E[Q_xi]),bellman_backup,True,8x8,fixed,perturbation_seed,9000.0,2026.0,3000.0,support_restricted_tv_l1,exact_support_restricted_l1,,,,,
6,2032,250,Maximum-based,0.008,0.002517349285813564,0.002517349285813564,0.004699885256655156,0.004699885256655156,0.00025927130368108564,0.6071163151810751,0.6071163151810751,1.1334847471800789,1.1334847471800789,0.0625292006199222,0.4146403617999878,60,5,0.5,0.99,E[Agg(Q_xi)] - Agg(E[Q_xi]),bellman_backup,True,8x8,fixed,perturbation_seed,9000.0,2026.0,3000.0,support_restricted_tv_l1,exact_support_restricted_l1,,,,,
6,2032,255,Maximum-based,0.008,0.0025028645636912916,0.0025028645636912916,0.004189298670052244,0.004189298670052244,0.00015674926761133356,0.6036229933878485,0.6036229933878485,1.0103451221839945,1.0103451221839945,0.03780366844435311,0.4146403617999878,60,5,0.5,0.99,E[Agg(Q_xi)] - Agg(E[Q_xi]),bellman_backup,True,8x8,fixed,perturbation_seed,9000.0,2026.0,3000.0,support_restricted_tv_l1,exact_support_restricted_l1,,,,,
6,2032,260,Maximum-based,0.008,0.0025020589305035142,0.0025020589305035142,0.004508170878768036,0.004508170878768036,0.00020690277887802644,0.6034286965315849,0.6034286965315849,1.0872484432527738,1.0872484432527738,0.04989933396253189,0.4146403617999878,60,5,0.5,0.99,E[Agg(Q_xi)] - Agg(E[Q_xi]),bellman_backup,True,8x8,fixed,perturbation_seed,9000.0,2026.0,3000.0,support_restricted_tv_l1,exact_support_restricted_l1,,,,,
6,2032,265,Maximum-based,0.008,0.0024745044568275074,0.0024745044568275074,0.004123273104550518,0.004123273104550518,0.00010140398432778586,0.5967833054373869,0.5967833054373869,0.9944215480256314,0.9944215480256314,0.024455888444526442,0.4146403617999878,60,5,0.5,0.99,E[Agg(Q_xi)] - Agg(E[Q_xi]),bellman_backup,True,8x8,fixed,perturbation_seed,9000.0,2026.0,3000.0,support_restricted_tv_l1,exact_support_restricted_l1,,,,,
6,2032,270,Maximum-based,0.008,0.0024818570607862906,0.0024818570607862906,0.00407222159547399,0.00407222159547399,0.000156862468751795,0.5985565539284081,0.5985565539284081,0.982109309811554,0.982109309811554,0.03783096948662744,0.4146403617999878,60,5,0.5,0.99,E[Agg(Q_xi)] - Agg(E[Q_xi]),bellman_backup,True,8x8,fixed,perturbation_seed,9000.0,2026.0,3000.0,support_restricted_tv_l1,exact_support_restricted_l1,,,,,
6,2032,275,Maximum-based,0.008,0.0025227628525879998,0.0025227628525879998,0.004440834264887339,0.004440834264887339,3.438814359701947e-05,0.6084219205377112,0.6084219205377112,1.071008679813348,1.071008679813348,0.008293486781590129,0.4146403617999878,60,5,0.5,0.99,E[Agg(Q_xi)] - Agg(E[Q_xi]),bellman_backup,True,8x8,fixed,perturbation_seed,9000.0,2026.0,3000.0,support_restricted_tv_l1,exact_support_restricted_l1,,,,,
6,2032,280,Maximum-based,0.008,0.002496597197706993,0.002496597197706993,0.003927856759745552,0.003927856759745552,0.00013617136244936656,0.6021114748378714,0.6021114748378714,0.9472924301663261,0.9472924301663261,0.03284083629925353,0.4146403617999878,60,5,0.5,0.99,E[Agg(Q_xi)] - Agg(E[Q_xi]),bellman_backup,True,8x8,fixed,perturbation_seed,9000.0,2026.0,3000.0,support_restricted_tv_l1,exact_support_restricted_l1,,,,,
6,2032,285,Maximum-based,0.008,0.0024792069978601373,0.0024792069978601373,0.004090708336076165,0.004090708336076165,0.00016613671984044842,0.597917430685642,0.597917430685642,0.986567809828755,0.986567809828755,0.040067667102940796,0.4146403617999878,60,5,0.5,0.99,E[Agg(Q_xi)] - Agg(E[Q_xi]),bellman_backup,True,8x8,fixed,perturbation_seed,9000.0,2026.0,3000.0,support_restricted_tv_l1,exact_support_restricted_l1,,,,,
6,2032,290,Maximum-based,0.008,0.002485449249767138,0.002485449249767138,0.004106734151337055,0.004106734151337055,0.00012734365551747562,0.5994228924018875,0.5994228924018875,0.9904328014545871,0.9904328014545871,0.030711833012267875,0.4146403617999878,60,5,0.5,0.99,E[Agg(Q_xi)] - Agg(E[Q_xi]),bellman_backup,True,8x8,fixed,perturbation_seed,9000.0,2026.0,3000.0,support_restricted_tv_l1,exact_support_restricted_l1,,,,,
6,2032,295,Maximum-based,0.008,0.002493372393495929,0.002493372393495929,0.004297883573566197,0.004297883573566197,9.199164706508167e-05,0.6013337395983341,0.6013337395983341,1.0365328534127096,1.0365328534127096,0.022185888191332458,0.4146403617999878,60,5,0.5,0.99,E[Agg(Q_xi)] - Agg(E[Q_xi]),bellman_backup,True,8x8,fixed,perturbation_seed,9000.0,2026.0,3000.0,support_restricted_tv_l1,exact_support_restricted_l1,,,,,
6,2032,300,Maximum-based,0.008,0.002469882203811596,0.002469882203811596,0.004136112974300554,0.004136112974300554,0.00010540752069709836,0.5956685434793745,0.5956685434793745,0.9975181760756113,0.9975181760756113,0.025421432742224047,0.4146403617999878,60,5,0.5,0.99,E[Agg(Q_xi)] - Agg(E[Q_xi]),bellman_backup,True,8x8,fixed,perturbation_seed,9000.0,2026.0,3000.0,support_restricted_tv_l1,exact_support_restricted_l1,,,,,
6,2032,305,Maximum-based,0.008,0.002514878411684721,0.002514878411684721,0.004347574726767889,0.004347574726767889,0.0001737407170322447,0.6065204074122036,0.6065204074122036,1.0485170107161566,1.0485170107161566,0.041901544817784256,0.4146403617999878,60,5,0.5,0.99,E[Agg(Q_xi)] - Agg(E[Q_xi]),bellman_backup,True,8x8,fixed,perturbation_seed,9000.0,2026.0,3000.0,support_restricted_tv_l1,exact_support_restricted_l1,,,,,
6,2032,310,Maximum-based,0.008,0.0025028463224397455,0.0025028463224397455,0.004176477866548289,0.004176477866548289,0.00016675113932307362,0.603618594093128,0.603618594093128,1.0072530923950231,1.0072530923950231,0.04021584840395017,0.4146403617999878,60,5,0.5,0.99,E[Agg(Q_xi)] - Agg(E[Q_xi]),bellman_backup,True,8x8,fixed,perturbation_seed,9000.0,2026.0,3000.0,support_restricted_tv_l1,exact_support_restricted_l1,,,,,
6,2032,315,Maximum-based,0.008,0.0024958197837586897,0.0024958197837586897,0.004388944238206349,0.004388944238206349,0.0001201213148191993,0.6019239836961678,0.6019239836961678,1.0584942139143383,1.0584942139143383,0.028970000483730725,0.4146403617999878,60,5,0.5,0.99,E[Agg(Q_xi)] - Agg(E[Q_xi]),bellman_backup,True,8x8,fixed,perturbation_seed,9000.0,2026.0,3000.0,support_restricted_tv_l1,exact_support_restricted_l1,,,,,
6,2032,320,Maximum-based,0.008,0.0024978868496885525,0.0024978868496885525,0.004249000038501094,0.004249000038501094,0.00019932121055832308,0.6024225038886761,0.6024225038886761,1.024743471681299,1.024743471681299,0.04807086548281343,0.4146403617999878,60,5,0.5,0.99,E[Agg(Q_xi)] - Agg(E[Q_xi]),bellman_backup,True,8x8,fixed,perturbation_seed,9000.0,2026.0,3000.0,support_restricted_tv_l1,exact_support_restricted_l1,,,,,
6,2032,325,Maximum-based,0.008,0.0024778942280932067,0.0024778942280932067,0.004248355770768597,0.004248355770768597,0.00013105054875117705,0.59760082625253,0.59760082625253,1.0245880917926409,1.0245880917926409,0.03160583503792923,0.4146403617999878,60,5,0.5,0.99,E[Agg(Q_xi)] - Agg(E[Q_xi]),bellman_backup,True,8x8,fixed,perturbation_seed,9000.0,2026.0,3000.0,support_restricted_tv_l1,exact_support_restricted_l1,,,,,
6,2032,330,Maximum-based,0.008,0.0025009728408169705,0.0025009728408169705,0.004396434255239334,0.004396434255239334,0.00021581143182197726,0.6031667611807116,0.6031667611807116,1.0603006027088275,1.0603006027088275,0.052047859230375484,0.4146403617999878,60,5,0.5,0.99,E[Agg(Q_xi)] - Agg(E[Q_xi]),bellman_backup,True,8x8,fixed,perturbation_seed,9000.0,2026.0,3000.0,support_restricted_tv_l1,exact_support_restricted_l1,,,,,
6,2032,335,Maximum-based,0.008,0.0024992846300549297,0.0024992846300549297,0.004157572492221984,0.004157572492221984,0.00012525393698087361,0.6027596105707921,0.6027596105707921,1.0026936292872264,1.0026936292872264,0.030207849625910995,0.4146403617999878,60,5,0.5,0.99,E[Agg(Q_xi)] - Agg(E[Q_xi]),bellman_backup,True,8x8,fixed,perturbation_seed,9000.0,2026.0,3000.0,support_restricted_tv_l1,exact_support_restricted_l1,,,,,
6,2032,340,Maximum-based,0.008,0.0024970574284690758,0.0024970574284690758,0.00399422721781878,0.00399422721781878,0.0001608084207724847,0.6022224700048844,0.6022224700048844,0.9632991830509485,0.9632991830509485,0.03878262600254403,0.4146403617999878,60,5,0.5,0.99,E[Agg(Q_xi)] - Agg(E[Q_xi]),bellman_backup,True,8x8,fixed,perturbation_seed,9000.0,2026.0,3000.0,support_restricted_tv_l1,exact_support_restricted_l1,,,,,
6,2032,345,Maximum-based,0.008,0.002514680879278833,0.002514680879278833,0.004303085286096686,0.004303085286096686,0.00014236520797161756,0.6064727679578508,0.6064727679578508,1.0377873652764145,1.0377873652764145,0.03433462370947163,0.4146403617999878,60,5,0.5,0.99,E[Agg(Q_xi)] - Agg(E[Q_xi]),bellman_backup,True,8x8,fixed,perturbation_seed,9000.0,2026.0,3000.0,support_restricted_tv_l1,exact_support_restricted_l1,,,,,
6,2032,350,Maximum-based,0.008,0.0024545242631511866,0.0024545242631511866,0.004074893149001724,0.004074893149001724,0.00012761180746129197,0.591964625077958,0.591964625077958,0.9827536160040664,0.9827536160040664,0.030776503982226585,0.4146403617999878,60,5,0.5,0.99,E[Agg(Q_xi)] - Agg(E[Q_xi]),bellman_backup,True,8x8,fixed,perturbation_seed,9000.0,2026.0,3000.0,support_restricted_tv_l1,exact_support_restricted_l1,,,,,
6,2032,355,Maximum-based,0.008,0.002484604627278394,0.002484604627278394,0.004319758571892041,0.004319758571892041,7.299206902849908e-05,0.5992191923845815,0.5992191923845815,1.0418085092198006,1.0418085092198006,0.01760370570574329,0.4146403617999878,60,5,0.5,0.99,E[Agg(Q_xi)] - Agg(E[Q_xi]),bellman_backup,True,8x8,fixed,perturbation_seed,9000.0,2026.0,3000.0,support_restricted_tv_l1,exact_support_restricted_l1,,,,,
6,2032,360,Maximum-based,0.008,0.0025382609392814483,0.0025382609392814483,0.004289539631878725,0.004289539631878725,0.0001742321330442942,0.612159638358082,0.612159638358082,1.0345205211710413,1.0345205211710413,0.04202006102057653,0.4146403617999878,60,5,0.5,0.99,E[Agg(Q_xi)] - Agg(E[Q_xi]),bellman_backup,True,8x8,fixed,perturbation_seed,9000.0,2026.0,3000.0,support_restricted_tv_l1,exact_support_restricted_l1,,,,,
6,2032,365,Maximum-based,0.008,0.0024715118701238766,0.0024715118701238766,0.003978838461720202,0.003978838461720202,0.00013434293251540774,0.5960615747571801,0.5960615747571801,0.9595878328023201,0.9595878328023201,0.03239986863126736,0.4146403617999878,60,5,0.5,0.99,E[Agg(Q_xi)] - Agg(E[Q_xi]),bellman_backup,True,8x8,fixed,perturbation_seed,9000.0,2026.0,3000.0,support_restricted_tv_l1,exact_support_restricted_l1,,,,,
6,2032,370,Maximum-based,0.008,0.0024964550138136883,0.0024964550138136883,0.004178660902832421,0.004178660902832421,0.00016750443957919137,0.602077183942338,0.602077183942338,1.0077795814890067,1.0077795814890067,0.04039752397765641,0.4146403617999878,60,5,0.5,0.99,E[Agg(Q_xi)] - Agg(E[Q_xi]),bellman_backup,True,8x8,fixed,perturbation_seed,9000.0,2026.0,3000.0,support_restricted_tv_l1,exact_support_restricted_l1,,,,,
6,2032,375,Maximum-based,0.008,0.0024715652483610685,0.0024715652483610685,0.0047821094986648105,0.0047821094986648105,7.506037422561063e-05,0.5960744481390574,0.5960744481390574,1.1533150024048022,1.1533150024048022,0.01810252477587261,0.4146403617999878,60,5,0.5,0.99,E[Agg(Q_xi)] - Agg(E[Q_xi]),bellman_backup,True,8x8,fixed,perturbation_seed,9000.0,2026.0,3000.0,support_restricted_tv_l1,exact_support_restricted_l1,,,,,
6,2032,380,Maximum-based,0.008,0.0025112116414828306,0.0025112116414828306,0.004215084994453555,0.004215084994453555,0.00010259132542578264,0.6056360819726895,0.6056360819726895,1.0165640836689234,1.0165640836689234,0.024742242887408568,0.4146403617999878,60,5,0.5,0.99,E[Agg(Q_xi)] - Agg(E[Q_xi]),bellman_backup,True,8x8,fixed,perturbation_seed,9000.0,2026.0,3000.0,support_restricted_tv_l1,exact_support_restricted_l1,,,,,
6,2032,385,Maximum-based,0.008,0.0024853825365307486,0.0024853825365307486,0.004533817264101125,0.004533817264101125,0.0001656070808284671,0.5994068029801776,0.5994068029801776,1.0934336552330441,1.0934336552330441,0.0399399325501148,0.4146403617999878,60,5,0.5,0.99,E[Agg(Q_xi)] - Agg(E[Q_xi]),bellman_backup,True,8x8,fixed,perturbation_seed,9000.0,2026.0,3000.0,support_restricted_tv_l1,exact_support_restricted_l1,,,,,
6,2032,390,Maximum-based,0.008,0.002463682734954814,0.002463682734954814,0.004257056951717242,0.004257056951717242,0.00022780790259047112,0.5941733998735109,0.5941733998735109,1.0266865804469707,1.0266865804469707,0.054941082339774724,0.4146403617999878,60,5,0.5,0.99,E[Agg(Q_xi)] - Agg(E[Q_xi]),bellman_backup,True,8x8,fixed,perturbation_seed,9000.0,2026.0,3000.0,support_restricted_tv_l1,exact_support_restricted_l1,,,,,
6,2032,395,Maximum-based,0.008,0.002466362226760657,0.002466362226760657,0.00413189313269724,0.00413189313269724,0.0001008921071288249,0.5948196205632217,0.5948196205632217,0.9965004648270016,0.9965004648270016,0.024332437558862816,0.4146403617999878,60,5,0.5,0.99,E[Agg(Q_xi)] - Agg(E[Q_xi]),bellman_backup,True,8x8,fixed,perturbation_seed,9000.0,2026.0,3000.0,support_restricted_tv_l1,exact_support_restricted_l1,,,,,
6,2032,400,Maximum-based,0.008,0.002474376327672752,0.002474376327672752,0.004174335282611685,0.004174335282611685,4.4426794126195546e-05,0.5967524041632806,0.5967524041632806,1.0067363593091982,1.0067363593091982,0.01071453679360475,0.4146403617999878,60,5,0.5,0.99,E[Agg(Q_xi)] - Agg(E[Q_xi]),bellman_backup,True,8x8,fixed,perturbation_seed,9000.0,2026.0,3000.0,support_restricted_tv_l1,exact_support_restricted_l1,,,,,
6,2032,405,Maximum-based,0.008,0.0024678842113854444,0.0024678842113854444,0.004050120647453304,0.004050120647453304,7.486408429902003e-05,0.5951866819409853,0.5951866819409853,0.9767791610713915,0.9767791610713915,0.01805518497379968,0.4146403617999878,60,5,0.5,0.99,E[Agg(Q_xi)] - Agg(E[Q_xi]),bellman_backup,True,8x8,fixed,perturbation_seed,9000.0,2026.0,3000.0,support_restricted_tv_l1,exact_support_restricted_l1,,,,,
6,2032,410,Maximum-based,0.008,0.0024875648298062665,0.0024875648298062665,0.004110177077880417,0.004110177077880417,9.880188503297305e-05,0.5999331128806524,0.5999331128806524,0.9912631418798211,0.9912631418798211,0.02382833272768381,0.4146403617999878,60,5,0.5,0.99,E[Agg(Q_xi)] - Agg(E[Q_xi]),bellman_backup,True,8x8,fixed,perturbation_seed,9000.0,2026.0,3000.0,support_restricted_tv_l1,exact_support_restricted_l1,,,,,
6,2032,415,Maximum-based,0.008,0.0024884760195109973,0.0024884760195109973,0.0041456536272818645,0.0041456536272818645,0.00017826330815440272,0.6001528671035108,0.6001528671035108,0.9998191225970482,0.9998191225970482,0.042992271032310285,0.4146403617999878,60,5,0.5,0.99,E[Agg(Q_xi)] - Agg(E[Q_xi]),bellman_backup,True,8x8,fixed,perturbation_seed,9000.0,2026.0,3000.0,support_restricted_tv_l1,exact_support_restricted_l1,,,,,
6,2032,420,Maximum-based,0.008,0.002471703126326141,0.002471703126326141,0.003935642292579367,0.003935642292579367,8.617494950591276e-05,0.5961077005615842,0.5961077005615842,0.9491700893503037,0.9491700893503037,0.020783058632261518,0.4146403617999878,60,5,0.5,0.99,E[Agg(Q_xi)] - Agg(E[Q_xi]),bellman_backup,True,8x8,fixed,perturbation_seed,9000.0,2026.0,3000.0,support_restricted_tv_l1,exact_support_restricted_l1,,,,,
6,2032,425,Maximum-based,0.008,0.0024528497596097458,0.0024528497596097458,0.004049209399902498,0.004049209399902498,6.551439672541903e-05,0.5915607802775696,0.5915607802775696,0.9765593928976302,0.9765593928976302,0.015800294125013704,0.4146403617999878,60,5,0.5,0.99,E[Agg(Q_xi)] - Agg(E[Q_xi]),bellman_backup,True,8x8,fixed,perturbation_seed,9000.0,2026.0,3000.0,support_restricted_tv_l1,exact_support_restricted_l1,,,,,
6,2032,430,Maximum-based,0.008,0.002491722464704544,0.002491722464704544,0.004182510876511281,0.004182510876511281,0.0001445096882349839,0.6009358215605862,0.6009358215605862,1.008708090634172,1.008708090634172,0.034851814137836334,0.4146403617999878,60,5,0.5,0.99,E[Agg(Q_xi)] - Agg(E[Q_xi]),bellman_backup,True,8x8,fixed,perturbation_seed,9000.0,2026.0,3000.0,support_restricted_tv_l1,exact_support_restricted_l1,,,,,
6,2032,435,Maximum-based,0.008,0.002498773628269821,0.002498773628269821,0.004226006750698008,0.004226006750698008,0.00017955397932589712,0.6026363708111867,0.6026363708111867,1.0191981148078701,1.0191981148078701,0.04330354588406169,0.4146403617999878,60,5,0.5,0.99,E[Agg(Q_xi)] - Agg(E[Q_xi]),bellman_backup,True,8x8,fixed,perturbation_seed,9000.0,2026.0,3000.0,support_restricted_tv_l1,exact_support_restricted_l1,,,,,
6,2032,440,Maximum-based,0.008,0.002489478895169564,0.002489478895169564,0.003972703869777883,0.003972703869777883,2.7663897834151463e-05,0.6003947334896517,0.6003947334896517,0.958108335747164,0.958108335747164,0.006671781230862383,0.4146403617999878,60,5,0.5,0.99,E[Agg(Q_xi)] - Agg(E[Q_xi]),bellman_backup,True,8x8,fixed,perturbation_seed,9000.0,2026.0,3000.0,support_restricted_tv_l1,exact_support_restricted_l1,,,,,
6,2032,445,Maximum-based,0.008,0.0024603077253281054,0.0024603077253281054,0.004212263679602923,0.004212263679602923,6.41940177840139e-05,0.593359439164993,0.593359439164993,1.0158836591105462,1.0158836591105462,0.01548185456556675,0.4146403617999878,60,5,0.5,0.99,E[Agg(Q_xi)] - Agg(E[Q_xi]),bellman_backup,True,8x8,fixed,perturbation_seed,9000.0,2026.0,3000.0,support_restricted_tv_l1,exact_support_restricted_l1,,,,,
6,2032,450,Maximum-based,0.008,0.002471010615774107,0.002471010615774107,0.004024561007534788,0.004024561007534788,0.00018222292663927497,0.595940685814388,0.595940685814388,0.9706148697304428,0.9706148697304428,0.04394722352841636,0.4146403617999878,60,5,0.5,0.99,E[Agg(Q_xi)] - Agg(E[Q_xi]),bellman_backup,True,8x8,fixed,perturbation_seed,9000.0,2026.0,3000.0,support_restricted_tv_l1,exact_support_restricted_l1,,,,,
6,2032,455,Maximum-based,0.008,0.002476721882944014,0.002476721882944014,0.0043062214341115235,0.0043062214341115235,6.284308467330302e-05,0.5973180884254397,0.5973180884254397,1.0385437190479632,1.0385437190479632,0.015156046169865383,0.4146403617999878,60,5,0.5,0.99,E[Agg(Q_xi)] - Agg(E[Q_xi]),bellman_backup,True,8x8,fixed,perturbation_seed,9000.0,2026.0,3000.0,support_restricted_tv_l1,exact_support_restricted_l1,,,,,
6,2032,460,Maximum-based,0.008,0.002471442868213657,0.002471442868213657,0.004103041135755214,0.004103041135755214,0.0002506032516089718,0.5960449333694677,0.5960449333694677,0.9895421463418507,0.9895421463418507,0.06043870175134001,0.4146403617999878,60,5,0.5,0.99,E[Agg(Q_xi)] - Agg(E[Q_xi]),bellman_backup,True,8x8,fixed,perturbation_seed,9000.0,2026.0,3000.0,support_restricted_tv_l1,exact_support_restricted_l1,,,,,
6,2032,465,Maximum-based,0.008,0.002481523924876242,0.002481523924876242,0.004006764262319884,0.004006764262319884,3.454069345554256e-05,0.598476210589761,0.598476210589761,0.9663227778709703,0.9663227778709703,0.008330277666553873,0.4146403617999878,60,5,0.5,0.99,E[Agg(Q_xi)] - Agg(E[Q_xi]),bellman_backup,True,8x8,fixed,perturbation_seed,9000.0,2026.0,3000.0,support_restricted_tv_l1,exact_support_restricted_l1,,,,,
6,2032,470,Maximum-based,0.008,0.002467736444352011,0.002467736444352011,0.004207110379811585,0.004207110379811585,9.685301600070861e-05,0.5951510445436051,0.5951510445436051,1.0146408230853778,1.0146408230853778,0.023358318418463107,0.4146403617999878,60,5,0.5,0.99,E[Agg(Q_xi)] - Agg(E[Q_xi]),bellman_backup,True,8x8,fixed,perturbation_seed,9000.0,2026.0,3000.0,support_restricted_tv_l1,exact_support_restricted_l1,,,,,
6,2032,475,Maximum-based,0.008,0.002509672919581309,0.002509672919581309,0.004165848812409612,0.004165848812409612,0.00011975101639372099,0.605264984018105,0.605264984018105,1.0046896530586942,1.0046896530586942,0.028880694555125316,0.4146403617999878,60,5,0.5,0.99,E[Agg(Q_xi)] - Agg(E[Q_xi]),bellman_backup,True,8x8,fixed,perturbation_seed,9000.0,2026.0,3000.0,support_restricted_tv_l1,exact_support_restricted_l1,,,,,
6,2032,480,Maximum-based,0.008,0.0024716224063880306,0.0024716224063880306,0.004170757355487553,0.004170757355487553,4.107730704638879e-05,0.5960882331036262,0.5960882331036262,1.0058734604084256,1.0058734604084256,0.009906731430598998,0.4146403617999878,60,5,0.5,0.99,E[Agg(Q_xi)] - Agg(E[Q_xi]),bellman_backup,True,8x8,fixed,perturbation_seed,9000.0,2026.0,3000.0,support_restricted_tv_l1,exact_support_restricted_l1,,,,,
6,2032,485,Maximum-based,0.008,0.0024707641320451893,0.0024707641320451893,0.004127091177484554,0.004127091177484554,0.00013395079206424132,0.5958812406296868,0.5958812406296868,0.99534236357708,0.99534236357708,0.03230529499896005,0.4146403617999878,60,5,0.5,0.99,E[Agg(Q_xi)] - Agg(E[Q_xi]),bellman_backup,True,8x8,fixed,perturbation_seed,9000.0,2026.0,3000.0,support_restricted_tv_l1,exact_support_restricted_l1,,,,,
6,2032,490,Maximum-based,0.008,0.0024536589555070737,0.0024536589555070737,0.0044359267629604515,0.0044359267629604515,7.904093397925749e-05,0.5917559363626683,0.5917559363626683,1.069825123560989,1.069825123560989,0.01906252773756378,0.4146403617999878,60,5,0.5,0.99,E[Agg(Q_xi)] - Agg(E[Q_xi]),bellman_backup,True,8x8,fixed,perturbation_seed,9000.0,2026.0,3000.0,support_restricted_tv_l1,exact_support_restricted_l1,,,,,
6,2032,495,Maximum-based,0.008,0.002463469657475256,0.002463469657475256,0.004189869386822809,0.004189869386822809,0.00017466427638856974,0.5941220113693545,0.5941220113693545,1.0104827635771496,1.0104827635771496,0.04212428226483736,0.4146403617999878,60,5,0.5,0.99,E[Agg(Q_xi)] - Agg(E[Q_xi]),bellman_backup,True,8x8,fixed,perturbation_seed,9000.0,2026.0,3000.0,support_restricted_tv_l1,exact_support_restricted_l1,,,,,
6,2032,500,Maximum-based,0.008,0.002499930272513567,0.002499930272513567,0.004805541416797177,0.004805541416797177,6.909379154595996e-05,0.6029153220060789,0.6029153220060789,1.1589661450071882,1.1589661450071882,0.016663546994320124,0.4146403617999878,60,5,0.5,0.99,E[Agg(Q_xi)] - Agg(E[Q_xi]),bellman_backup,True,8x8,fixed,perturbation_seed,9000.0,2026.0,3000.0,support_restricted_tv_l1,exact_support_restricted_l1,,,,,
6,2032,5,Similarity-aware,0.008,8.571973426213519e-19,2.3954091748351614e-18,1.6653345369377348e-16,1.6653345369377348e-16,-1.1102230246251565e-16,2.0673273072119366e-16,5.777076704343237e-16,4.016334853916249e-14,4.016334853916249e-14,-2.6775565692774997e-14,0.4146403617999878,60,5,0.5,0.99,E[Agg(Q_xi)] - Agg(E[Q_xi]),bellman_backup,True,8x8,fixed,perturbation_seed,9000.0,2026.0,3000.0,support_restricted_tv_l1,exact_support_restricted_l1,,,,,
6,2032,10,Similarity-aware,0.008,-1.6195269951502222e-18,3.0357660829594124e-18,2.220446049250313e-16,1.1102230246251565e-16,-2.220446049250313e-16,-3.9058594974201807e-16,7.321443744118162e-16,5.3551131385549994e-14,2.6775565692774997e-14,-5.3551131385549994e-14,0.4146403617999878,60,5,0.5,0.99,E[Agg(Q_xi)] - Agg(E[Q_xi]),bellman_backup,True,8x8,fixed,perturbation_seed,9000.0,2026.0,3000.0,support_restricted_tv_l1,exact_support_restricted_l1,,,,,
6,2032,15,Similarity-aware,0.008,4.336808689942018e-19,4.784042086092288e-18,2.220446049250313e-16,2.220446049250313e-16,-1.6653345369377348e-16,1.0459205348740233e-16,1.153781090032907e-15,5.3551131385549994e-14,5.3551131385549994e-14,-4.016334853916249e-14,0.4146403617999878,60,5,0.5,0.99,E[Agg(Q_xi)] - Agg(E[Q_xi]),bellman_backup,True,8x8,fixed,perturbation_seed,9000.0,2026.0,3000.0,support_restricted_tv_l1,exact_support_restricted_l1,,,,,
6,2032,20,Similarity-aware,0.008,0.0,6.884683795282953e-18,3.3306690738754696e-16,3.3306690738754696e-16,-2.7755575615628914e-16,0.0,1.6603988491125119e-15,8.032669707832498e-14,8.032669707832498e-14,-6.693891423193748e-14,0.4146403617999878,60,5,0.5,0.99,E[Agg(Q_xi)] - Agg(E[Q_xi]),bellman_backup,True,8x8,fixed,perturbation_seed,9000.0,2026.0,3000.0,support_restricted_tv_l1,exact_support_restricted_l1,,,,,
6,2032,25,Similarity-aware,0.008,1.6263032587282567e-19,6.708500942254059e-18,2.220446049250313e-16,2.220446049250313e-16,-1.1102230246251565e-16,3.922202005777587e-17,1.6179083273832547e-15,5.3551131385549994e-14,5.3551131385549994e-14,-2.6775565692774997e-14,0.4146403617999878,60,5,0.5,0.99,E[Agg(Q_xi)] - Agg(E[Q_xi]),bellman_backup,True,8x8,fixed,perturbation_seed,9000.0,2026.0,3000.0,support_restricted_tv_l1,exact_support_restricted_l1,,,,,
6,2032,30,Similarity-aware,0.008,-3.3881317890172014e-18,6.288372600415926e-18,2.220446049250313e-16,1.1102230246251565e-16,-2.220446049250313e-16,-8.171254178703307e-16,1.5165847755673338e-15,5.3551131385549994e-14,2.6775565692774997e-14,-5.3551131385549994e-14,0.4146403617999878,60,5,0.5,0.99,E[Agg(Q_xi)] - Agg(E[Q_xi]),bellman_backup,True,8x8,fixed,perturbation_seed,9000.0,2026.0,3000.0,support_restricted_tv_l1,exact_support_restricted_l1,,,,,
6,2032,35,Similarity-aware,0.008,3.5236570605778894e-19,1.1329912702473521e-17,3.3306690738754696e-16,3.3306690738754696e-16,-3.3306690738754696e-16,8.498104345851439e-17,2.7324673973583857e-15,8.032669707832498e-14,8.032669707832498e-14,-8.032669707832498e-14,0.4146403617999878,60,5,0.5,0.99,E[Agg(Q_xi)] - Agg(E[Q_xi]),bellman_backup,True,8x8,fixed,perturbation_seed,9000.0,2026.0,3000.0,support_restricted_tv_l1,exact_support_restricted_l1,,,,,
6,2032,40,Similarity-aware,0.008,-1.7618285302889447e-18,1.0652286344670081e-17,3.3306690738754696e-16,2.220446049250313e-16,-3.3306690738754696e-16,-4.2490521729257194e-16,2.5690423137843196e-15,8.032669707832498e-14,5.3551131385549994e-14,-8.032669707832498e-14,0.4146403617999878,60,5,0.5,0.99,E[Agg(Q_xi)] - Agg(E[Q_xi]),bellman_backup,True,8x8,fixed,perturbation_seed,9000.0,2026.0,3000.0,support_restricted_tv_l1,exact_support_restricted_l1,,,,,
6,2032,45,Similarity-aware,0.008,-2.0599841277224584e-18,1.0625181290357943e-17,4.440892098500626e-16,2.220446049250313e-16,-4.440892098500626e-16,-4.96812254065161e-16,2.562505310441357e-15,1.0710226277109999e-13,5.3551131385549994e-14,-1.0710226277109999e-13,0.4146403617999878,60,5,0.5,0.99,E[Agg(Q_xi)] - Agg(E[Q_xi]),bellman_backup,True,8x8,fixed,perturbation_seed,9000.0,2026.0,3000.0,support_restricted_tv_l1,exact_support_restricted_l1,,,,,
6,2032,50,Similarity-aware,0.008,1.1926223897340549e-18,1.235990476633475e-17,3.3306690738754696e-16,3.3306690738754696e-16,-1.6653345369377348e-16,2.876281470903564e-16,2.9808735243909663e-15,8.032669707832498e-14,8.032669707832498e-14,-4.016334853916249e-14,0.4146403617999878,60,5,0.5,0.99,E[Agg(Q_xi)] - Agg(E[Q_xi]),bellman_backup,True,8x8,fixed,perturbation_seed,9000.0,2026.0,3000.0,support_restricted_tv_l1,exact_support_restricted_l1,,,,,
6,2032,55,Similarity-aware,0.008,-1.463672932855431e-18,1.271227047239254e-17,3.3306690738754696e-16,3.3306690738754696e-16,-2.220446049250313e-16,-3.5299818051998284e-16,3.0658545678494806e-15,8.032669707832498e-14,8.032669707832498e-14,-5.3551131385549994e-14,0.4146403617999878,60,5,0.5,0.99,E[Agg(Q_xi)] - Agg(E[Q_xi]),bellman_backup,True,8x8,fixed,perturbation_seed,9000.0,2026.0,3000.0,support_restricted_tv_l1,exact_support_restricted_l1,,,,,
6,2032,60,Similarity-aware,0.008,-2.032879073410321e-18,1.4338573731120796e-17,4.440892098500626e-16,4.440892098500626e-16,-4.440892098500626e-16,-4.902752507221984e-16,3.4580747684272395e-15,1.0710226277109999e-13,1.0710226277109999e-13,-1.0710226277109999e-13,0.4146403617999878,60,5,0.5,0.99,E[Agg(Q_xi)] - Agg(E[Q_xi]),bellman_backup,True,8x8,fixed,perturbation_seed,9000.0,2026.0,3000.0,support_restricted_tv_l1,exact_support_restricted_l1,,,,,
6,2032,65,Similarity-aware,0.008,-3.957337929572091e-18,1.2522535092207576e-17,2.220446049250313e-16,2.220446049250313e-16,-2.220446049250313e-16,-9.544024880725462e-16,3.0200955444487423e-15,5.3551131385549994e-14,5.3551131385549994e-14,-5.3551131385549994e-14,0.4146403617999878,60,5,0.5,0.99,E[Agg(Q_xi)] - Agg(E[Q_xi]),bellman_backup,True,8x8,fixed,perturbation_seed,9000.0,2026.0,3000.0,support_restricted_tv_l1,exact_support_restricted_l1,,,,,
6,2032,70,Similarity-aware,0.008,4.607859233063394e-18,2.0274580625478933e-17,3.3306690738754696e-16,3.3306690738754696e-16,-2.220446049250313e-16,1.1112905683036497e-15,4.889678500536059e-15,8.032669707832498e-14,8.032669707832498e-14,-5.3551131385549994e-14,0.4146403617999878,60,5,0.5,0.99,E[Agg(Q_xi)] - Agg(E[Q_xi]),bellman_backup,True,8x8,fixed,perturbation_seed,9000.0,2026.0,3000.0,support_restricted_tv_l1,exact_support_restricted_l1,,,,,
6,2032,75,Similarity-aware,0.008,-3.0357660829594124e-18,1.5504091066542713e-17,4.440892098500626e-16,4.440892098500626e-16,-2.220446049250313e-16,-7.321443744118162e-16,3.7391659121746335e-15,1.0710226277109999e-13,1.0710226277109999e-13,-5.3551131385549994e-14,0.4146403617999878,60,5,0.5,0.99,E[Agg(Q_xi)] - Agg(E[Q_xi]),bellman_backup,True,8x8,fixed,perturbation_seed,9000.0,2026.0,3000.0,support_restricted_tv_l1,exact_support_restricted_l1,,,,,
6,2032,80,Similarity-aware,0.008,2.222614453595284e-18,2.054563116860031e-17,2.220446049250313e-16,2.220446049250313e-16,-2.220446049250313e-16,5.360342741229369e-16,4.955048533965685e-15,5.3551131385549994e-14,5.3551131385549994e-14,-5.3551131385549994e-14,0.4146403617999878,60,5,0.5,0.99,E[Agg(Q_xi)] - Agg(E[Q_xi]),bellman_backup,True,8x8,fixed,perturbation_seed,9000.0,2026.0,3000.0,support_restricted_tv_l1,exact_support_restricted_l1,,,,,
6,2032,85,Similarity-aware,0.008,1.6263032587282567e-19,1.734723475976807e-17,2.220446049250313e-16,2.220446049250313e-16,-2.220446049250313e-16,3.922202005777587e-17,4.183682139496093e-15,5.3551131385549994e-14,5.3551131385549994e-14,-5.3551131385549994e-14,0.4146403617999878,60,5,0.5,0.99,E[Agg(Q_xi)] - Agg(E[Q_xi]),bellman_backup,True,8x8,fixed,perturbation_seed,9000.0,2026.0,3000.0,support_restricted_tv_l1,exact_support_restricted_l1,,,,,
6,2032,90,Similarity-aware,0.008,1.0842021724855044e-19,2.076247160309741e-17,2.220446049250313e-16,2.220446049250313e-16,-2.220446049250313e-16,2.6148013371850583e-17,5.007344560709386e-15,5.3551131385549994e-14,5.3551131385549994e-14,-5.3551131385549994e-14,0.4146403617999878,60,5,0.5,0.99,E[Agg(Q_xi)] - Agg(E[Q_xi]),bellman_backup,True,8x8,fixed,perturbation_seed,9000.0,2026.0,3000.0,support_restricted_tv_l1,exact_support_restricted_l1,,,,,
6,2032,95,Similarity-aware,0.008,6.7220534694101275e-18,2.5587171270657905e-17,4.440892098500626e-16,4.440892098500626e-16,-3.3306690738754696e-16,1.621176829054736e-15,6.170931155756737e-15,1.0710226277109999e-13,1.0710226277109999e-13,-8.032669707832498e-14,0.4146403617999878,60,5,0.5,0.99,E[Agg(Q_xi)] - Agg(E[Q_xi]),bellman_backup,True,8x8,fixed,perturbation_seed,9000.0,2026.0,3000.0,support_restricted_tv_l1,exact_support_restricted_l1,,,,,
6,2032,100,Similarity-aware,0.008,1.1384122811097797e-18,2.1575623232461538e-17,2.220446049250313e-16,2.220446049250313e-16,-2.220446049250313e-16,2.7455414040443113e-16,5.203454660998265e-15,5.3551131385549994e-14,5.3551131385549994e-14,-5.3551131385549994e-14,0.4146403617999878,60,5,0.5,0.99,E[Agg(Q_xi)] - Agg(E[Q_xi]),bellman_backup,True,8x8,fixed,perturbation_seed,9000.0,2026.0,3000.0,support_restricted_tv_l1,exact_support_restricted_l1,,,,,
6,2032,105,Similarity-aware,0.008,-4.119968255444917e-18,2.190088388420719e-17,4.440892098500626e-16,3.3306690738754696e-16,-4.440892098500626e-16,-9.93624508130322e-16,5.2818987011138175e-15,1.0710226277109999e-13,8.032669707832498e-14,-1.0710226277109999e-13,0.4146403617999878,60,5,0.5,0.99,E[Agg(Q_xi)] - Agg(E[Q_xi]),bellman_backup,True,8x8,fixed,perturbation_seed,9000.0,2026.0,3000.0,support_restricted_tv_l1,exact_support_restricted_l1,,,,,
6,2032,110,Similarity-aware,0.008,2.656295322589486e-18,2.5804011705155006e-17,3.3306690738754696e-16,3.3306690738754696e-16,-2.220446049250313e-16,6.406263276103392e-16,6.223227182500439e-15,8.032669707832498e-14,8.032669707832498e-14,-5.3551131385549994e-14,0.4146403617999878,60,5,0.5,0.99,E[Agg(Q_xi)] - Agg(E[Q_xi]),bellman_backup,True,8x8,fixed,perturbation_seed,9000.0,2026.0,3000.0,support_restricted_tv_l1,exact_support_restricted_l1,,,,,
6,2032,115,Similarity-aware,0.008,-2.6020852139652106e-18,2.0599841277224584e-17,2.7755575615628914e-16,2.7755575615628914e-16,-2.220446049250313e-16,-6.275523209244139e-16,4.9681225406516104e-15,6.693891423193748e-14,6.693891423193748e-14,-5.3551131385549994e-14,0.4146403617999878,60,5,0.5,0.99,E[Agg(Q_xi)] - Agg(E[Q_xi]),bellman_backup,True,8x8,fixed,perturbation_seed,9000.0,2026.0,3000.0,support_restricted_tv_l1,exact_support_restricted_l1,,,,,
6,2032,120,Similarity-aware,0.008,2.710505431213761e-19,2.6075062248276382e-17,2.7755575615628914e-16,2.7755575615628914e-16,-2.220446049250313e-16,6.537003342962645e-17,6.288597215930065e-15,6.693891423193748e-14,6.693891423193748e-14,-5.3551131385549994e-14,0.4146403617999878,60,5,0.5,0.99,E[Agg(Q_xi)] - Agg(E[Q_xi]),bellman_backup,True,8x8,fixed,perturbation_seed,9000.0,2026.0,3000.0,support_restricted_tv_l1,exact_support_restricted_l1,,,,,
6,2032,125,Similarity-aware,0.008,4.4994390158148434e-18,2.856872724499304e-17,3.3306690738754696e-16,2.7755575615628914e-16,-3.3306690738754696e-16,1.085142554931799e-15,6.8900015234826285e-15,8.032669707832498e-14,6.693891423193748e-14,-8.032669707832498e-14,0.4146403617999878,60,5,0.5,0.99,E[Agg(Q_xi)] - Agg(E[Q_xi]),bellman_backup,True,8x8,fixed,perturbation_seed,9000.0,2026.0,3000.0,support_restricted_tv_l1,exact_support_restricted_l1,,,,,
6,2032,130,Similarity-aware,0.008,1.1384122811097797e-18,2.5695591487906455e-17,3.3306690738754696e-16,2.220446049250313e-16,-3.3306690738754696e-16,2.7455414040443113e-16,6.1970791691285874e-15,8.032669707832498e-14,5.3551131385549994e-14,-8.032669707832498e-14,0.4146403617999878,60,5,0.5,0.99,E[Agg(Q_xi)] - Agg(E[Q_xi]),bellman_backup,True,8x8,fixed,perturbation_seed,9000.0,2026.0,3000.0,support_restricted_tv_l1,exact_support_restricted_l1,,,,,
6,2032,135,Similarity-aware,0.008,6.0173220572945496e-18,3.003240017784847e-17,4.440892098500626e-16,4.440892098500626e-16,-3.3306690738754696e-16,1.4512147421377072e-15,7.242999704002611e-15,1.0710226277109999e-13,1.0710226277109999e-13,-8.032669707832498e-14,0.4146403617999878,60,5,0.5,0.99,E[Agg(Q_xi)] - Agg(E[Q_xi]),bellman_backup,True,8x8,fixed,perturbation_seed,9000.0,2026.0,3000.0,support_restricted_tv_l1,exact_support_restricted_l1,,,,,
6,2032,140,Similarity-aware,0.008,2.0057740190981832e-18,2.5804011705155006e-17,3.3306690738754696e-16,3.3306690738754696e-16,-2.220446049250313e-16,4.837382473792357e-16,6.223227182500439e-15,8.032669707832498e-14,8.032669707832498e-14,-5.3551131385549994e-14,0.4146403617999878,60,5,0.5,0.99,E[Agg(Q_xi)] - Agg(E[Q_xi]),bellman_backup,True,8x8,fixed,perturbation_seed,9000.0,2026.0,3000.0,support_restricted_tv_l1,exact_support_restricted_l1,,,,,
6,2032,145,Similarity-aware,0.008,7.589415207398531e-19,2.981555974335137e-17,4.440892098500626e-16,4.440892098500626e-16,-3.3306690738754696e-16,1.8303609360295406e-16,7.19070367725891e-15,1.0710226277109999e-13,1.0710226277109999e-13,-8.032669707832498e-14,0.4146403617999878,60,5,0.5,0.99,E[Agg(Q_xi)] - Agg(E[Q_xi]),bellman_backup,True,8x8,fixed,perturbation_seed,9000.0,2026.0,3000.0,support_restricted_tv_l1,exact_support_restricted_l1,,,,,
6,2032,150,Similarity-aware,0.008,3.2526065174565133e-19,2.656295322589486e-17,3.3306690738754696e-16,2.220446049250313e-16,-3.3306690738754696e-16,7.844404011555174e-17,6.406263276103393e-15,8.032669707832498e-14,5.3551131385549994e-14,-8.032669707832498e-14,0.4146403617999878,60,5,0.5,0.99,E[Agg(Q_xi)] - Agg(E[Q_xi]),bellman_backup,True,8x8,fixed,perturbation_seed,9000.0,2026.0,3000.0,support_restricted_tv_l1,exact_support_restricted_l1,,,,,
6,2032,155,Similarity-aware,0.008,-9.324138683375338e-18,2.656295322589486e-17,3.3306690738754696e-16,2.220446049250313e-16,-3.3306690738754696e-16,-2.24872914997915e-15,6.406263276103393e-15,8.032669707832498e-14,5.3551131385549994e-14,-8.032669707832498e-14,0.4146403617999878,60,5,0.5,0.99,E[Agg(Q_xi)] - Agg(E[Q_xi]),bellman_backup,True,8x8,fixed,perturbation_seed,9000.0,2026.0,3000.0,support_restricted_tv_l1,exact_support_restricted_l1,,,,,
6,2032,160,Similarity-aware,0.008,-8.348356728138384e-18,2.3201926491189795e-17,3.3306690738754696e-16,2.220446049250313e-16,-3.3306690738754696e-16,-2.0133970296324946e-15,5.5956748615760246e-15,8.032669707832498e-14,5.3551131385549994e-14,-8.032669707832498e-14,0.4146403617999878,60,5,0.5,0.99,E[Agg(Q_xi)] - Agg(E[Q_xi]),bellman_backup,True,8x8,fixed,perturbation_seed,9000.0,2026.0,3000.0,support_restricted_tv_l1,exact_support_restricted_l1,,,,,
6,2032,165,Similarity-aware,0.008,-1.8431436932253575e-18,3.0466081046842675e-17,4.440892098500626e-16,4.440892098500626e-16,-3.3306690738754696e-16,-4.445162273214599e-16,7.347591757490013e-15,1.0710226277109999e-13,1.0710226277109999e-13,-8.032669707832498e-14,0.4146403617999878,60,5,0.5,0.99,E[Agg(Q_xi)] - Agg(E[Q_xi]),bellman_backup,True,8x8,fixed,perturbation_seed,9000.0,2026.0,3000.0,support_restricted_tv_l1,exact_support_restricted_l1,,,,,
6,2032,170,Similarity-aware,0.008,3.2526065174565133e-18,3.5887091909270197e-17,4.440892098500626e-16,2.7755575615628914e-16,-4.440892098500626e-16,7.844404011555174e-16,8.654992426082542e-15,1.0710226277109999e-13,6.693891423193748e-14,-1.0710226277109999e-13,0.4146403617999878,60,5,0.5,0.99,E[Agg(Q_xi)] - Agg(E[Q_xi]),bellman_backup,True,8x8,fixed,perturbation_seed,9000.0,2026.0,3000.0,support_restricted_tv_l1,exact_support_restricted_l1,,,,,
6,2032,175,Similarity-aware,0.008,-3.3610267347050637e-18,3.0249240612345574e-17,3.3306690738754696e-16,3.3306690738754696e-16,-2.220446049250313e-16,-8.10588414527368e-16,7.295295730746312e-15,8.032669707832498e-14,8.032669707832498e-14,-5.3551131385549994e-14,0.4146403617999878,60,5,0.5,0.99,E[Agg(Q_xi)] - Agg(E[Q_xi]),bellman_backup,True,8x8,fixed,perturbation_seed,9000.0,2026.0,3000.0,support_restricted_tv_l1,exact_support_restricted_l1,,,,,
6,2032,180,Similarity-aware,0.008,2.168404344971009e-18,3.5128150388530344e-17,3.3306690738754696e-16,3.3306690738754696e-16,-3.3306690738754696e-16,5.229602674370116e-16,8.471956332479589e-15,8.032669707832498e-14,8.032669707832498e-14,-8.032669707832498e-14,0.4146403617999878,60,5,0.5,0.99,E[Agg(Q_xi)] - Agg(E[Q_xi]),bellman_backup,True,8x8,fixed,perturbation_seed,9000.0,2026.0,3000.0,support_restricted_tv_l1,exact_support_restricted_l1,,,,,
6,2032,185,Similarity-aware,0.008,-5.095750210681871e-18,3.0574501264091225e-17,5.551115123125783e-16,5.551115123125783e-16,-3.3306690738754696e-16,-1.2289566284769774e-15,7.373739770861864e-15,1.3387782846387497e-13,1.3387782846387497e-13,-8.032669707832498e-14,0.4146403617999878,60,5,0.5,0.99,E[Agg(Q_xi)] - Agg(E[Q_xi]),bellman_backup,True,8x8,fixed,perturbation_seed,9000.0,2026.0,3000.0,support_restricted_tv_l1,exact_support_restricted_l1,,,,,
6,2032,190,Similarity-aware,0.008,8.565197162635485e-18,3.924811864397526e-17,3.3306690738754696e-16,3.3306690738754696e-16,-3.3306690738754696e-16,2.065693056376196e-15,9.465580840609911e-15,8.032669707832498e-14,8.032669707832498e-14,-8.032669707832498e-14,0.4146403617999878,60,5,0.5,0.99,E[Agg(Q_xi)] - Agg(E[Q_xi]),bellman_backup,True,8x8,fixed,perturbation_seed,9000.0,2026.0,3000.0,support_restricted_tv_l1,exact_support_restricted_l1,,,,,
6,2032,195,Similarity-aware,0.008,4.228388472693467e-18,3.3393426912553537e-17,4.440892098500626e-16,2.7755575615628914e-16,-4.440892098500626e-16,1.0197725215021727e-15,8.053588118529979e-15,1.0710226277109999e-13,6.693891423193748e-14,-1.0710226277109999e-13,0.4146403617999878,60,5,0.5,0.99,E[Agg(Q_xi)] - Agg(E[Q_xi]),bellman_backup,True,8x8,fixed,perturbation_seed,9000.0,2026.0,3000.0,support_restricted_tv_l1,exact_support_restricted_l1,,,,,
6,2032,200,Similarity-aware,0.008,6.613633252161577e-18,3.968179951296946e-17,3.885780586188048e-16,3.885780586188048e-16,-3.3306690738754696e-16,1.5950288156828856e-15,9.570172894097313e-15,9.371447992471248e-14,9.371447992471248e-14,-8.032669707832498e-14,0.4146403617999878,60,5,0.5,0.99,E[Agg(Q_xi)] - Agg(E[Q_xi]),bellman_backup,True,8x8,fixed,perturbation_seed,9000.0,2026.0,3000.0,support_restricted_tv_l1,exact_support_restricted_l1,,,,,
6,2032,205,Similarity-aware,0.008,-3.144186300207963e-18,3.426078865054194e-17,4.440892098500626e-16,3.3306690738754696e-16,-4.440892098500626e-16,-7.582923877836669e-16,8.262772225504784e-15,1.0710226277109999e-13,8.032669707832498e-14,-1.0710226277109999e-13,0.4146403617999878,60,5,0.5,0.99,E[Agg(Q_xi)] - Agg(E[Q_xi]),bellman_backup,True,8x8,fixed,perturbation_seed,9000.0,2026.0,3000.0,support_restricted_tv_l1,exact_support_restricted_l1,,,,,
6,2032,210,Similarity-aware,0.008,-8.782037597132586e-18,2.894819800536297e-17,4.440892098500626e-16,4.440892098500626e-16,-3.3306690738754696e-16,-2.1179890831198972e-15,6.981519570284105e-15,1.0710226277109999e-13,1.0710226277109999e-13,-8.032669707832498e-14,0.4146403617999878,60,5,0.5,0.99,E[Agg(Q_xi)] - Agg(E[Q_xi]),bellman_backup,True,8x8,fixed,perturbation_seed,9000.0,2026.0,3000.0,support_restricted_tv_l1,exact_support_restricted_l1,,,,,
6,2032,215,Similarity-aware,0.008,1.1817803680091998e-17,4.109126233720062e-17,3.3306690738754696e-16,3.3306690738754696e-16,-3.3306690738754696e-16,2.850133457531713e-15,9.91009706793137e-15,8.032669707832498e-14,8.032669707832498e-14,-8.032669707832498e-14,0.4146403617999878,60,5,0.5,0.99,E[Agg(Q_xi)] - Agg(E[Q_xi]),bellman_backup,True,8x8,fixed,perturbation_seed,9000.0,2026.0,3000.0,support_restricted_tv_l1,exact_support_restricted_l1,,,,,
6,2032,220,Similarity-aware,0.008,1.8431436932253575e-18,3.7947076036992655e-17,4.440892098500626e-16,4.440892098500626e-16,-4.440892098500626e-16,4.445162273214599e-16,9.151804680147704e-15,1.0710226277109999e-13,1.0710226277109999e-13,-1.0710226277109999e-13,0.4146403617999878,60,5,0.5,0.99,E[Agg(Q_xi)] - Agg(E[Q_xi]),bellman_backup,True,8x8,fixed,perturbation_seed,9000.0,2026.0,3000.0,support_restricted_tv_l1,exact_support_restricted_l1,,,,,
6,2032,225,Similarity-aware,0.008,6.613633252161577e-18,3.7838655819744105e-17,5.551115123125783e-16,5.551115123125783e-16,-3.3306690738754696e-16,1.5950288156828856e-15,9.125656666775854e-15,1.3387782846387497e-13,1.3387782846387497e-13,-8.032669707832498e-14,0.4146403617999878,60,5,0.5,0.99,E[Agg(Q_xi)] - Agg(E[Q_xi]),bellman_backup,True,8x8,fixed,perturbation_seed,9000.0,2026.0,3000.0,support_restricted_tv_l1,exact_support_restricted_l1,,,,,
6,2032,230,Similarity-aware,0.008,-2.6020852139652106e-18,3.621235256101585e-17,4.440892098500626e-16,4.440892098500626e-16,-4.440892098500626e-16,-6.275523209244139e-16,8.733436466198094e-15,1.0710226277109999e-13,1.0710226277109999e-13,-1.0710226277109999e-13,0.4146403617999878,60,5,0.5,0.99,E[Agg(Q_xi)] - Agg(E[Q_xi]),bellman_backup,True,8x8,fixed,perturbation_seed,9000.0,2026.0,3000.0,support_restricted_tv_l1,exact_support_restricted_l1,,,,,
6,2032,235,Similarity-aware,0.008,2.2768245622195593e-18,3.458604930228759e-17,3.3306690738754696e-16,3.3306690738754696e-16,-2.7755575615628914e-16,5.491082808088623e-16,8.341216265620335e-15,8.032669707832498e-14,8.032669707832498e-14,-6.693891423193748e-14,0.4146403617999878,60,5,0.5,0.99,E[Agg(Q_xi)] - Agg(E[Q_xi]),bellman_backup,True,8x8,fixed,perturbation_seed,9000.0,2026.0,3000.0,support_restricted_tv_l1,exact_support_restricted_l1,,,,,
6,2032,240,Similarity-aware,0.008,-1.235990476633475e-17,3.0357660829594124e-17,3.3306690738754696e-16,3.3306690738754696e-16,-3.3306690738754696e-16,-2.9808735243909663e-15,7.321443744118163e-15,8.032669707832498e-14,8.032669707832498e-14,-8.032669707832498e-14,0.4146403617999878,60,5,0.5,0.99,E[Agg(Q_xi)] - Agg(E[Q_xi]),bellman_backup,True,8x8,fixed,perturbation_seed,9000.0,2026.0,3000.0,support_restricted_tv_l1,exact_support_restricted_l1,,,,,
6,2032,245,Similarity-aware,0.008,7.37257477290143e-18,3.642919299551295e-17,4.440892098500626e-16,3.3306690738754696e-16,-4.440892098500626e-16,1.7780649092858397e-15,8.785732492941796e-15,1.0710226277109999e-13,8.032669707832498e-14,-1.0710226277109999e-13,0.4146403617999878,60,5,0.5,0.99,E[Agg(Q_xi)] - Agg(E[Q_xi]),bellman_backup,True,8x8,fixed,perturbation_seed,9000.0,2026.0,3000.0,support_restricted_tv_l1,exact_support_restricted_l1,,,,,
6,2032,250,Similarity-aware,0.008,-2.927345865710862e-18,3.5887091909270197e-17,3.885780586188048e-16,3.885780586188048e-16,-3.3306690738754696e-16,-7.059963610399657e-16,8.654992426082542e-15,9.371447992471248e-14,9.371447992471248e-14,-8.032669707832498e-14,0.4146403617999878,60,5,0.5,0.99,E[Agg(Q_xi)] - Agg(E[Q_xi]),bellman_backup,True,8x8,fixed,perturbation_seed,9000.0,2026.0,3000.0,support_restricted_tv_l1,exact_support_restricted_l1,,,,,
6,2032,255,Similarity-aware,0.008,1.1817803680091998e-17,4.391018798566293e-17,3.3306690738754696e-16,3.3306690738754696e-16,-3.3306690738754696e-16,2.850133457531713e-15,1.0589945415599485e-14,8.032669707832498e-14,8.032669707832498e-14,-8.032669707832498e-14,0.4146403617999878,60,5,0.5,0.99,E[Agg(Q_xi)] - Agg(E[Q_xi]),bellman_backup,True,8x8,fixed,perturbation_seed,9000.0,2026.0,3000.0,support_restricted_tv_l1,exact_support_restricted_l1,,,,,
6,2032,260,Similarity-aware,0.008,8.998878031629687e-18,4.0332320816460765e-17,3.3306690738754696e-16,3.3306690738754696e-16,-3.3306690738754696e-16,2.170285109863598e-15,9.727060974328416e-15,8.032669707832498e-14,8.032669707832498e-14,-8.032669707832498e-14,0.4146403617999878,60,5,0.5,0.99,E[Agg(Q_xi)] - Agg(E[Q_xi]),bellman_backup,True,8x8,fixed,perturbation_seed,9000.0,2026.0,3000.0,support_restricted_tv_l1,exact_support_restricted_l1,,,,,
6,2032,265,Similarity-aware,0.008,5.421010862427522e-18,3.935653886122381e-17,3.3306690738754696e-16,3.3306690738754696e-16,-3.3306690738754696e-16,1.3074006685925291e-15,9.491728853981762e-15,8.032669707832498e-14,8.032669707832498e-14,-8.032669707832498e-14,0.4146403617999878,60,5,0.5,0.99,E[Agg(Q_xi)] - Agg(E[Q_xi]),bellman_backup,True,8x8,fixed,perturbation_seed,9000.0,2026.0,3000.0,support_restricted_tv_l1,exact_support_restricted_l1,,,,,
6,2032,270,Similarity-aware,0.008,3.469446951953614e-18,3.913969842672671e-17,4.440892098500626e-16,3.3306690738754696e-16,-4.440892098500626e-16,8.367364278992187e-16,9.43943282723806e-15,1.0710226277109999e-13,8.032669707832498e-14,-1.0710226277109999e-13,0.4146403617999878,60,5,0.5,0.99,E[Agg(Q_xi)] - Agg(E[Q_xi]),bellman_backup,True,8x8,fixed,perturbation_seed,9000.0,2026.0,3000.0,support_restricted_tv_l1,exact_support_restricted_l1,,,,,
6,2032,275,Similarity-aware,0.008,-6.7220534694101275e-18,3.5561831257524545e-17,6.661338147750939e-16,6.661338147750939e-16,-3.3306690738754696e-16,-1.621176829054736e-15,8.576548385966991e-15,1.6065339415664996e-13,1.6065339415664996e-13,-8.032669707832498e-14,0.4146403617999878,60,5,0.5,0.99,E[Agg(Q_xi)] - Agg(E[Q_xi]),bellman_backup,True,8x8,fixed,perturbation_seed,9000.0,2026.0,3000.0,support_restricted_tv_l1,exact_support_restricted_l1,,,,,
6,2032,280,Similarity-aware,0.008,2.168404344971009e-18,3.61039323437673e-17,4.440892098500626e-16,4.440892098500626e-16,-3.3306690738754696e-16,5.229602674370116e-16,8.707288452826243e-15,1.0710226277109999e-13,1.0710226277109999e-13,-8.032669707832498e-14,0.4146403617999878,60,5,0.5,0.99,E[Agg(Q_xi)] - Agg(E[Q_xi]),bellman_backup,True,8x8,fixed,perturbation_seed,9000.0,2026.0,3000.0,support_restricted_tv_l1,exact_support_restricted_l1,,,,,
6,2032,285,Similarity-aware,0.008,-1.0842021724855044e-19,3.913969842672671e-17,4.440892098500626e-16,3.3306690738754696e-16,-4.440892098500626e-16,-2.6148013371850583e-17,9.43943282723806e-15,1.0710226277109999e-13,8.032669707832498e-14,-1.0710226277109999e-13,0.4146403617999878,60,5,0.5,0.99,E[Agg(Q_xi)] - Agg(E[Q_xi]),bellman_backup,True,8x8,fixed,perturbation_seed,9000.0,2026.0,3000.0,support_restricted_tv_l1,exact_support_restricted_l1,,,,,
6,2032,290,Similarity-aware,0.008,5.421010862427522e-18,4.2392304944183223e-17,4.440892098500626e-16,4.440892098500626e-16,-4.440892098500626e-16,1.3074006685925291e-15,1.0223873228393577e-14,1.0710226277109999e-13,1.0710226277109999e-13,-1.0710226277109999e-13,0.4146403617999878,60,5,0.5,0.99,E[Agg(Q_xi)] - Agg(E[Q_xi]),bellman_backup,True,8x8,fixed,perturbation_seed,9000.0,2026.0,3000.0,support_restricted_tv_l1,exact_support_restricted_l1,,,,,
6,2032,295,Similarity-aware,0.008,5.5294310796760726e-18,4.152494320619482e-17,5.551115123125783e-16,5.551115123125783e-16,-4.440892098500626e-16,1.3335486819643796e-15,1.0014689121418772e-14,1.3387782846387497e-13,1.3387782846387497e-13,-1.0710226277109999e-13,0.4146403617999878,60,5,0.5,0.99,E[Agg(Q_xi)] - Agg(E[Q_xi]),bellman_backup,True,8x8,fixed,perturbation_seed,9000.0,2026.0,3000.0,support_restricted_tv_l1,exact_support_restricted_l1,,,,,
6,2032,300,Similarity-aware,0.008,-4.9873299934333204e-18,3.5236570605778894e-17,4.440892098500626e-16,4.440892098500626e-16,-3.3306690738754696e-16,-1.2028086151051267e-15,8.49810434585144e-15,1.0710226277109999e-13,1.0710226277109999e-13,-8.032669707832498e-14,0.4146403617999878,60,5,0.5,0.99,E[Agg(Q_xi)] - Agg(E[Q_xi]),bellman_backup,True,8x8,fixed,perturbation_seed,9000.0,2026.0,3000.0,support_restricted_tv_l1,exact_support_restricted_l1,,,,,
6,2032,305,Similarity-aware,0.008,-4.0115480381963664e-18,4.0007060164715114e-17,4.440892098500626e-16,3.3306690738754696e-16,-4.440892098500626e-16,-9.674764947584714e-16,9.648616934212864e-15,1.0710226277109999e-13,8.032669707832498e-14,-1.0710226277109999e-13,0.4146403617999878,60,5,0.5,0.99,E[Agg(Q_xi)] - Agg(E[Q_xi]),bellman_backup,True,8x8,fixed,perturbation_seed,9000.0,2026.0,3000.0,support_restricted_tv_l1,exact_support_restricted_l1,,,,,
6,2032,310,Similarity-aware,0.008,-5.421010862427522e-18,3.7513395167998453e-17,4.440892098500626e-16,3.3306690738754696e-16,-4.440892098500626e-16,-1.3074006685925291e-15,9.0472126266603e-15,1.0710226277109999e-13,8.032669707832498e-14,-1.0710226277109999e-13,0.4146403617999878,60,5,0.5,0.99,E[Agg(Q_xi)] - Agg(E[Q_xi]),bellman_backup,True,8x8,fixed,perturbation_seed,9000.0,2026.0,3000.0,support_restricted_tv_l1,exact_support_restricted_l1,,,,,
6,2032,315,Similarity-aware,0.008,-5.637851296924623e-18,4.141652298894627e-17,4.440892098500626e-16,4.440892098500626e-16,-4.440892098500626e-16,-1.3596966953362303e-15,9.988541108046922e-15,1.0710226277109999e-13,1.0710226277109999e-13,-1.0710226277109999e-13,0.4146403617999878,60,5,0.5,0.99,E[Agg(Q_xi)] - Agg(E[Q_xi]),bellman_backup,True,8x8,fixed,perturbation_seed,9000.0,2026.0,3000.0,support_restricted_tv_l1,exact_support_restricted_l1,,,,,
6,2032,320,Similarity-aware,0.008,2.0274580625478933e-17,5.095750210681871e-17,3.3306690738754696e-16,3.3306690738754696e-16,-3.3306690738754696e-16,4.889678500536059e-15,1.2289566284769773e-14,8.032669707832498e-14,8.032669707832498e-14,-8.032669707832498e-14,0.4146403617999878,60,5,0.5,0.99,E[Agg(Q_xi)] - Agg(E[Q_xi]),bellman_backup,True,8x8,fixed,perturbation_seed,9000.0,2026.0,3000.0,support_restricted_tv_l1,exact_support_restricted_l1,,,,,
6,2032,325,Similarity-aware,0.008,3.2526065174565133e-18,3.7730235602495554e-17,3.3306690738754696e-16,3.3306690738754696e-16,-3.3306690738754696e-16,7.844404011555174e-16,9.099508653404003e-15,8.032669707832498e-14,8.032669707832498e-14,-8.032669707832498e-14,0.4146403617999878,60,5,0.5,0.99,E[Agg(Q_xi)] - Agg(E[Q_xi]),bellman_backup,True,8x8,fixed,perturbation_seed,9000.0,2026.0,3000.0,support_restricted_tv_l1,exact_support_restricted_l1,,,,,
6,2032,330,Similarity-aware,0.008,-1.734723475976807e-18,3.903127820947816e-17,5.551115123125783e-16,5.551115123125783e-16,-4.440892098500626e-16,-4.1836821394960933e-16,9.413284813866209e-15,1.3387782846387497e-13,1.3387782846387497e-13,-1.0710226277109999e-13,0.4146403617999878,60,5,0.5,0.99,E[Agg(Q_xi)] - Agg(E[Q_xi]),bellman_backup,True,8x8,fixed,perturbation_seed,9000.0,2026.0,3000.0,support_restricted_tv_l1,exact_support_restricted_l1,,,,,
6,2032,335,Similarity-aware,0.008,-1.0516761073109393e-17,3.67544536472586e-17,4.440892098500626e-16,3.3306690738754696e-16,-4.440892098500626e-16,-2.5363572970695065e-15,8.864176533057347e-15,1.0710226277109999e-13,8.032669707832498e-14,-1.0710226277109999e-13,0.4146403617999878,60,5,0.5,0.99,E[Agg(Q_xi)] - Agg(E[Q_xi]),bellman_backup,True,8x8,fixed,perturbation_seed,9000.0,2026.0,3000.0,support_restricted_tv_l1,exact_support_restricted_l1,,,,,
6,2032,340,Similarity-aware,0.008,1.4094628242311558e-17,4.7271214720367993e-17,4.440892098500626e-16,4.440892098500626e-16,-3.3306690738754696e-16,3.3992417383405755e-15,1.1400533830126853e-14,1.0710226277109999e-13,1.0710226277109999e-13,-8.032669707832498e-14,0.4146403617999878,60,5,0.5,0.99,E[Agg(Q_xi)] - Agg(E[Q_xi]),bellman_backup,True,8x8,fixed,perturbation_seed,9000.0,2026.0,3000.0,support_restricted_tv_l1,exact_support_restricted_l1,,,,,
6,2032,345,Similarity-aware,0.008,-9.324138683375338e-18,3.686287386450715e-17,3.3306690738754696e-16,3.3306690738754696e-16,-3.3306690738754696e-16,-2.24872914997915e-15,8.890324546429198e-15,8.032669707832498e-14,8.032669707832498e-14,-8.032669707832498e-14,0.4146403617999878,60,5,0.5,0.99,E[Agg(Q_xi)] - Agg(E[Q_xi]),bellman_backup,True,8x8,fixed,perturbation_seed,9000.0,2026.0,3000.0,support_restricted_tv_l1,exact_support_restricted_l1,,,,,
6,2032,350,Similarity-aware,0.008,4.662069341687669e-18,4.466912950640278e-17,4.440892098500626e-16,3.3306690738754696e-16,-4.440892098500626e-16,1.124364574989575e-15,1.077298150920244e-14,1.0710226277109999e-13,8.032669707832498e-14,-1.0710226277109999e-13,0.4146403617999878,60,5,0.5,0.99,E[Agg(Q_xi)] - Agg(E[Q_xi]),bellman_backup,True,8x8,fixed,perturbation_seed,9000.0,2026.0,3000.0,support_restricted_tv_l1,exact_support_restricted_l1,,,,,
6,2032,355,Similarity-aware,0.008,5.637851296924623e-18,3.968179951296946e-17,4.440892098500626e-16,3.3306690738754696e-16,-4.440892098500626e-16,1.3596966953362303e-15,9.570172894097313e-15,1.0710226277109999e-13,8.032669707832498e-14,-1.0710226277109999e-13,0.4146403617999878,60,5,0.5,0.99,E[Agg(Q_xi)] - Agg(E[Q_xi]),bellman_backup,True,8x8,fixed,perturbation_seed,9000.0,2026.0,3000.0,support_restricted_tv_l1,exact_support_restricted_l1,,,,,
6,2032,360,Similarity-aware,0.008,-9.974659986866641e-18,3.5344990823027445e-17,4.440892098500626e-16,4.440892098500626e-16,-4.440892098500626e-16,-2.4056172302102535e-15,8.52425235922329e-15,1.0710226277109999e-13,1.0710226277109999e-13,-1.0710226277109999e-13,0.4146403617999878,60,5,0.5,0.99,E[Agg(Q_xi)] - Agg(E[Q_xi]),bellman_backup,True,8x8,fixed,perturbation_seed,9000.0,2026.0,3000.0,support_restricted_tv_l1,exact_support_restricted_l1,,,,,
6,2032,365,Similarity-aware,0.008,-9.215718466126788e-18,3.599551212651875e-17,4.440892098500626e-16,4.440892098500626e-16,-3.3306690738754696e-16,-2.2225811366072995e-15,8.681140439454393e-15,1.0710226277109999e-13,1.0710226277109999e-13,-8.032669707832498e-14,0.4146403617999878,60,5,0.5,0.99,E[Agg(Q_xi)] - Agg(E[Q_xi]),bellman_backup,True,8x8,fixed,perturbation_seed,9000.0,2026.0,3000.0,support_restricted_tv_l1,exact_support_restricted_l1,,,,,
6,2032,370,Similarity-aware,0.008,2.927345865710862e-18,4.185020385794047e-17,4.440892098500626e-16,3.3306690738754696e-16,-4.440892098500626e-16,7.059963610399657e-16,1.0093133161534325e-14,1.0710226277109999e-13,8.032669707832498e-14,-1.0710226277109999e-13,0.4146403617999878,60,5,0.5,0.99,E[Agg(Q_xi)] - Agg(E[Q_xi]),bellman_backup,True,8x8,fixed,perturbation_seed,9000.0,2026.0,3000.0,support_restricted_tv_l1,exact_support_restricted_l1,,,,,
6,2032,375,Similarity-aware,0.008,-4.7704895589362195e-18,3.8272336688738307e-17,4.440892098500626e-16,3.3306690738754696e-16,-4.440892098500626e-16,-1.1505125883614256e-15,9.230248720263255e-15,1.0710226277109999e-13,8.032669707832498e-14,-1.0710226277109999e-13,0.4146403617999878,60,5,0.5,0.99,E[Agg(Q_xi)] - Agg(E[Q_xi]),bellman_backup,True,8x8,fixed,perturbation_seed,9000.0,2026.0,3000.0,support_restricted_tv_l1,exact_support_restricted_l1,,,,,
6,2032,380,Similarity-aware,0.008,2.0383000842727483e-17,5.4969050145015075e-17,4.440892098500626e-16,4.440892098500626e-16,-4.440892098500626e-16,4.9158265139079095e-15,1.3257042779528245e-14,1.0710226277109999e-13,1.0710226277109999e-13,-1.0710226277109999e-13,0.4146403617999878,60,5,0.5,0.99,E[Agg(Q_xi)] - Agg(E[Q_xi]),bellman_backup,True,8x8,fixed,perturbation_seed,9000.0,2026.0,3000.0,support_restricted_tv_l1,exact_support_restricted_l1,,,,,
6,2032,385,Similarity-aware,0.008,4.87890977618477e-18,4.130810277169772e-17,4.440892098500626e-16,4.440892098500626e-16,-3.3306690738754696e-16,1.176660601733276e-15,9.962393094675071e-15,1.0710226277109999e-13,1.0710226277109999e-13,-8.032669707832498e-14,0.4146403617999878,60,5,0.5,0.99,E[Agg(Q_xi)] - Agg(E[Q_xi]),bellman_backup,True,8x8,fixed,perturbation_seed,9000.0,2026.0,3000.0,support_restricted_tv_l1,exact_support_restricted_l1,,,,,
6,2032,390,Similarity-aware,0.008,-7.37257477290143e-18,3.447762908503904e-17,3.3306690738754696e-16,3.3306690738754696e-16,-3.3306690738754696e-16,-1.7780649092858397e-15,8.315068252248485e-15,8.032669707832498e-14,8.032669707832498e-14,-8.032669707832498e-14,0.4146403617999878,60,5,0.5,0.99,E[Agg(Q_xi)] - Agg(E[Q_xi]),bellman_backup,True,8x8,fixed,perturbation_seed,9000.0,2026.0,3000.0,support_restricted_tv_l1,exact_support_restricted_l1,,,,,
6,2032,395,Similarity-aware,0.008,-4.228388472693467e-18,4.0549161250957866e-17,3.3306690738754696e-16,2.7755575615628914e-16,-3.3306690738754696e-16,-1.0197725215021727e-15,9.779357001072118e-15,8.032669707832498e-14,6.693891423193748e-14,-8.032669707832498e-14,0.4146403617999878,60,5,0.5,0.99,E[Agg(Q_xi)] - Agg(E[Q_xi]),bellman_backup,True,8x8,fixed,perturbation_seed,9000.0,2026.0,3000.0,support_restricted_tv_l1,exact_support_restricted_l1,,,,,
6,2032,400,Similarity-aware,0.008,2.3852447794681098e-18,4.683753385137379e-17,4.440892098500626e-16,4.440892098500626e-16,-3.3306690738754696e-16,5.752562941807128e-16,1.1295941776639451e-14,1.0710226277109999e-13,1.0710226277109999e-13,-8.032669707832498e-14,0.4146403617999878,60,5,0.5,0.99,E[Agg(Q_xi)] - Agg(E[Q_xi]),bellman_backup,True,8x8,fixed,perturbation_seed,9000.0,2026.0,3000.0,support_restricted_tv_l1,exact_support_restricted_l1,,,,,
6,2032,405,Similarity-aware,0.008,1.6588293239028218e-17,4.96564594998361e-17,5.551115123125783e-16,5.551115123125783e-16,-3.3306690738754696e-16,4.000646045893139e-15,1.1975790124307566e-14,1.3387782846387497e-13,1.3387782846387497e-13,-8.032669707832498e-14,0.4146403617999878,60,5,0.5,0.99,E[Agg(Q_xi)] - Agg(E[Q_xi]),bellman_backup,True,8x8,fixed,perturbation_seed,9000.0,2026.0,3000.0,support_restricted_tv_l1,exact_support_restricted_l1,,,,,
6,2032,410,Similarity-aware,0.008,-4.87890977618477e-18,3.935653886122381e-17,3.3306690738754696e-16,3.3306690738754696e-16,-3.3306690738754696e-16,-1.176660601733276e-15,9.491728853981762e-15,8.032669707832498e-14,8.032669707832498e-14,-8.032669707832498e-14,0.4146403617999878,60,5,0.5,0.99,E[Agg(Q_xi)] - Agg(E[Q_xi]),bellman_backup,True,8x8,fixed,perturbation_seed,9000.0,2026.0,3000.0,support_restricted_tv_l1,exact_support_restricted_l1,,,,,
6,2032,415,Similarity-aware,0.008,2.0599841277224584e-18,4.5644911461639737e-17,6.661338147750939e-16,6.661338147750939e-16,-3.3306690738754696e-16,4.96812254065161e-16,1.1008313629549094e-14,1.6065339415664996e-13,1.6065339415664996e-13,-8.032669707832498e-14,0.4146403617999878,60,5,0.5,0.99,E[Agg(Q_xi)] - Agg(E[Q_xi]),bellman_backup,True,8x8,fixed,perturbation_seed,9000.0,2026.0,3000.0,support_restricted_tv_l1,exact_support_restricted_l1,,,,,
6,2032,420,Similarity-aware,0.008,-3.577867169202165e-18,4.0332320816460765e-17,4.440892098500626e-16,4.440892098500626e-16,-4.440892098500626e-16,-8.628844412710692e-16,9.727060974328416e-15,1.0710226277109999e-13,1.0710226277109999e-13,-1.0710226277109999e-13,0.4146403617999878,60,5,0.5,0.99,E[Agg(Q_xi)] - Agg(E[Q_xi]),bellman_backup,True,8x8,fixed,perturbation_seed,9000.0,2026.0,3000.0,support_restricted_tv_l1,exact_support_restricted_l1,,,,,
6,2032,425,Similarity-aware,0.008,1.3660947373317356e-17,5.204170427930421e-17,4.440892098500626e-16,4.440892098500626e-16,-3.3306690738754696e-16,3.2946496848531733e-15,1.2551046418488279e-14,1.0710226277109999e-13,1.0710226277109999e-13,-8.032669707832498e-14,0.4146403617999878,60,5,0.5,0.99,E[Agg(Q_xi)] - Agg(E[Q_xi]),bellman_backup,True,8x8,fixed,perturbation_seed,9000.0,2026.0,3000.0,support_restricted_tv_l1,exact_support_restricted_l1,,,,,
6,2032,430,Similarity-aware,0.008,-7.26415455565288e-18,3.5561831257524545e-17,5.551115123125783e-16,5.551115123125783e-16,-4.440892098500626e-16,-1.7519168959139889e-15,8.576548385966991e-15,1.3387782846387497e-13,1.3387782846387497e-13,-1.0710226277109999e-13,0.4146403617999878,60,5,0.5,0.99,E[Agg(Q_xi)] - Agg(E[Q_xi]),bellman_backup,True,8x8,fixed,perturbation_seed,9000.0,2026.0,3000.0,support_restricted_tv_l1,exact_support_restricted_l1,,,,,
6,2032,435,Similarity-aware,0.008,-3.2526065174565133e-19,4.4885969940899884e-17,5.551115123125783e-16,5.551115123125783e-16,-4.440892098500626e-16,-7.844404011555174e-17,1.0825277535946141e-14,1.3387782846387497e-13,1.3387782846387497e-13,-1.0710226277109999e-13,0.4146403617999878,60,5,0.5,0.99,E[Agg(Q_xi)] - Agg(E[Q_xi]),bellman_backup,True,8x8,fixed,perturbation_seed,9000.0,2026.0,3000.0,support_restricted_tv_l1,exact_support_restricted_l1,,,,,
6,2032,440,Similarity-aware,0.008,5.421010862427522e-18,4.7379634937616544e-17,4.440892098500626e-16,4.440892098500626e-16,-3.3306690738754696e-16,1.3074006685925291e-15,1.1426681843498705e-14,1.0710226277109999e-13,1.0710226277109999e-13,-8.032669707832498e-14,0.4146403617999878,60,5,0.5,0.99,E[Agg(Q_xi)] - Agg(E[Q_xi]),bellman_backup,True,8x8,fixed,perturbation_seed,9000.0,2026.0,3000.0,support_restricted_tv_l1,exact_support_restricted_l1,,,,,
6,2032,445,Similarity-aware,0.008,-1.441988889405721e-17,3.642919299551295e-17,4.440892098500626e-16,3.3306690738754696e-16,-4.440892098500626e-16,-3.4776857784561273e-15,8.785732492941796e-15,1.0710226277109999e-13,8.032669707832498e-14,-1.0710226277109999e-13,0.4146403617999878,60,5,0.5,0.99,E[Agg(Q_xi)] - Agg(E[Q_xi]),bellman_backup,True,8x8,fixed,perturbation_seed,9000.0,2026.0,3000.0,support_restricted_tv_l1,exact_support_restricted_l1,,,,,
6,2032,450,Similarity-aware,0.008,-2.3852447794681098e-18,4.0332320816460765e-17,4.440892098500626e-16,3.3306690738754696e-16,-4.440892098500626e-16,-5.752562941807128e-16,9.727060974328416e-15,1.0710226277109999e-13,8.032669707832498e-14,-1.0710226277109999e-13,0.4146403617999878,60,5,0.5,0.99,E[Agg(Q_xi)] - Agg(E[Q_xi]),bellman_backup,True,8x8,fixed,perturbation_seed,9000.0,2026.0,3000.0,support_restricted_tv_l1,exact_support_restricted_l1,,,,,
6,2032,455,Similarity-aware,0.008,-7.589415207398531e-19,4.347650711666873e-17,4.440892098500626e-16,3.3306690738754696e-16,-4.440892098500626e-16,-1.8303609360295406e-16,1.0485353362112084e-14,1.0710226277109999e-13,8.032669707832498e-14,-1.0710226277109999e-13,0.4146403617999878,60,5,0.5,0.99,E[Agg(Q_xi)] - Agg(E[Q_xi]),bellman_backup,True,8x8,fixed,perturbation_seed,9000.0,2026.0,3000.0,support_restricted_tv_l1,exact_support_restricted_l1,,,,,
6,2032,460,Similarity-aware,0.008,6.830473686658678e-18,4.5428071027142636e-17,4.440892098500626e-16,2.7755575615628914e-16,-4.440892098500626e-16,1.6473248424265867e-15,1.0956017602805393e-14,1.0710226277109999e-13,6.693891423193748e-14,-1.0710226277109999e-13,0.4146403617999878,60,5,0.5,0.99,E[Agg(Q_xi)] - Agg(E[Q_xi]),bellman_backup,True,8x8,fixed,perturbation_seed,9000.0,2026.0,3000.0,support_restricted_tv_l1,exact_support_restricted_l1,,,,,
6,2032,465,Similarity-aware,0.008,-1.2902005852577503e-17,3.65376132127615e-17,5.551115123125783e-16,3.3306690738754696e-16,-5.551115123125783e-16,-3.1116135912502193e-15,8.811880506313647e-15,1.3387782846387497e-13,8.032669707832498e-14,-1.3387782846387497e-13,0.4146403617999878,60,5,0.5,0.99,E[Agg(Q_xi)] - Agg(E[Q_xi]),bellman_backup,True,8x8,fixed,perturbation_seed,9000.0,2026.0,3000.0,support_restricted_tv_l1,exact_support_restricted_l1,,,,,
6,2032,470,Similarity-aware,0.008,2.0599841277224584e-18,4.380176776841438e-17,6.661338147750939e-16,6.661338147750939e-16,-4.440892098500626e-16,4.96812254065161e-16,1.0563797402227635e-14,1.6065339415664996e-13,1.6065339415664996e-13,-1.0710226277109999e-13,0.4146403617999878,60,5,0.5,0.99,E[Agg(Q_xi)] - Agg(E[Q_xi]),bellman_backup,True,8x8,fixed,perturbation_seed,9000.0,2026.0,3000.0,support_restricted_tv_l1,exact_support_restricted_l1,,,,,
6,2032,475,Similarity-aware,0.008,-1.6263032587282567e-18,3.664603343001005e-17,5.551115123125783e-16,3.3306690738754696e-16,-5.551115123125783e-16,-3.922202005777587e-16,8.838028519685497e-15,1.3387782846387497e-13,8.032669707832498e-14,-1.3387782846387497e-13,0.4146403617999878,60,5,0.5,0.99,E[Agg(Q_xi)] - Agg(E[Q_xi]),bellman_backup,True,8x8,fixed,perturbation_seed,9000.0,2026.0,3000.0,support_restricted_tv_l1,exact_support_restricted_l1,,,,,
6,2032,480,Similarity-aware,0.008,6.5052130349130266e-18,4.5211230592645535e-17,5.551115123125783e-16,4.440892098500626e-16,-5.551115123125783e-16,1.5688808023110349e-15,1.0903721576061693e-14,1.3387782846387497e-13,1.0710226277109999e-13,-1.3387782846387497e-13,0.4146403617999878,60,5,0.5,0.99,E[Agg(Q_xi)] - Agg(E[Q_xi]),bellman_backup,True,8x8,fixed,perturbation_seed,9000.0,2026.0,3000.0,support_restricted_tv_l1,exact_support_restricted_l1,,,,,
6,2032,485,Similarity-aware,0.008,-4.445228907190568e-18,4.2392304944183223e-17,3.3306690738754696e-16,3.3306690738754696e-16,-3.3306690738754696e-16,-1.0720685482458739e-15,1.0223873228393577e-14,8.032669707832498e-14,8.032669707832498e-14,-8.032669707832498e-14,0.4146403617999878,60,5,0.5,0.99,E[Agg(Q_xi)] - Agg(E[Q_xi]),bellman_backup,True,8x8,fixed,perturbation_seed,9000.0,2026.0,3000.0,support_restricted_tv_l1,exact_support_restricted_l1,,,,,
6,2032,490,Similarity-aware,0.008,-1.4203048459560108e-17,3.436920886779049e-17,5.551115123125783e-16,5.551115123125783e-16,-5.551115123125783e-16,-3.425389751712426e-15,8.288920238876634e-15,1.3387782846387497e-13,1.3387782846387497e-13,-1.3387782846387497e-13,0.4146403617999878,60,5,0.5,0.99,E[Agg(Q_xi)] - Agg(E[Q_xi]),bellman_backup,True,8x8,fixed,perturbation_seed,9000.0,2026.0,3000.0,support_restricted_tv_l1,exact_support_restricted_l1,,,,,
6,2032,495,Similarity-aware,0.008,-3.3610267347050637e-18,3.892285799222961e-17,4.440892098500626e-16,4.440892098500626e-16,-4.440892098500626e-16,-8.10588414527368e-16,9.387136800494358e-15,1.0710226277109999e-13,1.0710226277109999e-13,-1.0710226277109999e-13,0.4146403617999878,60,5,0.5,0.99,E[Agg(Q_xi)] - Agg(E[Q_xi]),bellman_backup,True,8x8,fixed,perturbation_seed,9000.0,2026.0,3000.0,support_restricted_tv_l1,exact_support_restricted_l1,,,,,
6,2032,500,Similarity-aware,0.008,9.86623976961809e-18,5.095750210681871e-17,4.440892098500626e-16,3.3306690738754696e-16,-4.440892098500626e-16,2.379469216838403e-15,1.2289566284769773e-14,1.0710226277109999e-13,8.032669707832498e-14,-1.0710226277109999e-13,0.4146403617999878,60,5,0.5,0.99,E[Agg(Q_xi)] - Agg(E[Q_xi]),bellman_backup,True,8x8,fixed,perturbation_seed,9000.0,2026.0,3000.0,support_restricted_tv_l1,exact_support_restricted_l1,,,,,
6,2032,-1,metadata,,,,,,,,,,,,0.4146403617999878,60,5,0.5,0.99,,,,8x8,fixed,perturbation_seed,,,,support_restricted_tv_l1,exact_support_restricted_l1,0.0,0.01,0.025066804101986417,0.009780654404727973,0.38565998626991543
6,2032,-1,metadata,,,,,,,,,,,,0.4146403617999878,60,5,0.5,0.99,,,,8x8,fixed,perturbation_seed,,,,support_restricted_tv_l1,exact_support_restricted_l1,1.0,0.015,0.03459165952547827,0.014214642612392345,0.2794711108773979
6,2032,-1,metadata,,,,,,,,,,,,0.4146403617999878,60,5,0.5,0.99,,,,8x8,fixed,perturbation_seed,,,,support_restricted_tv_l1,exact_support_restricted_l1,2.0,0.02,0.04907342130779613,0.0195029786327015,0.196999755232023
6,2032,-1,metadata,,,,,,,,,,,,0.4146403617999878,60,5,0.5,0.99,,,,8x8,fixed,perturbation_seed,,,,support_restricted_tv_l1,exact_support_restricted_l1,3.0,0.03,0.07012091743136623,0.028941234049615853,0.13786914762066357
7,2033,5,Maximum-based,0.008,0.002817772422025607,0.002817772422025607,0.0041040767242911036,0.0041040767242911036,3.569788514357075e-05,0.6795702207555062,0.6795702207555062,0.9897919021860221,0.9897919021860221,0.008609360890146658,0.4146403617999878,60,5,0.5,0.99,E[Agg(Q_xi)] - Agg(E[Q_xi]),bellman_backup,True,8x8,fixed,perturbation_seed,10000.0,2026.0,3000.0,support_restricted_tv_l1,exact_support_restricted_l1,,,,,
7,2033,10,Maximum-based,0.008,0.0027784001007233445,0.0027784001007233445,0.003981302595944527,0.003981302595944527,4.405160393783358e-05,0.6700746856051547,0.6700746856051547,0.9601821150891742,0.9601821150891742,0.010624051104576978,0.4146403617999878,60,5,0.5,0.99,E[Agg(Q_xi)] - Agg(E[Q_xi]),bellman_backup,True,8x8,fixed,perturbation_seed,10000.0,2026.0,3000.0,support_restricted_tv_l1,exact_support_restricted_l1,,,,,
7,2033,15,Maximum-based,0.008,0.002737583022393411,0.002737583022393411,0.0043267083352121136,0.0043267083352121136,0.00015175109573284384,0.6602307142771482,0.6602307142771482,1.0434846034837317,1.0434846034837317,0.03659824506087152,0.4146403617999878,60,5,0.5,0.99,E[Agg(Q_xi)] - Agg(E[Q_xi]),bellman_backup,True,8x8,fixed,perturbation_seed,10000.0,2026.0,3000.0,support_restricted_tv_l1,exact_support_restricted_l1,,,,,
7,2033,20,Maximum-based,0.008,0.002716490603551181,0.002716490603551181,0.004204851632658144,0.004204851632658144,0.00018999823473958566,0.6551437953986613,0.6551437953986613,1.0140960745848615,1.0140960745848615,0.0458224167842194,0.4146403617999878,60,5,0.5,0.99,E[Agg(Q_xi)] - Agg(E[Q_xi]),bellman_backup,True,8x8,fixed,perturbation_seed,10000.0,2026.0,3000.0,support_restricted_tv_l1,exact_support_restricted_l1,,,,,
7,2033,25,Maximum-based,0.008,0.0026714970073009165,0.0026714970073009165,0.003987240059953684,0.003987240059953684,0.00017552341700932672,0.6442925613183745,0.6442925613183745,0.9616140702378195,0.9616140702378195,0.04233148366149527,0.4146403617999878,60,5,0.5,0.99,E[Agg(Q_xi)] - Agg(E[Q_xi]),bellman_backup,True,8x8,fixed,perturbation_seed,10000.0,2026.0,3000.0,support_restricted_tv_l1,exact_support_restricted_l1,,,,,
7,2033,30,Maximum-based,0.008,0.002599844941261325,0.002599844941261325,0.003764619530333968,0.003764619530333968,6.833586542021042e-05,0.6270120279596479,0.6270120279596479,0.907924041449184,0.907924041449184,0.016480755786426295,0.4146403617999878,60,5,0.5,0.99,E[Agg(Q_xi)] - Agg(E[Q_xi]),bellman_backup,True,8x8,fixed,perturbation_seed,10000.0,2026.0,3000.0,support_restricted_tv_l1,exact_support_restricted_l1,,,,,
7,2033,35,Maximum-based,0.008,0.0025824988772548377,0.0025824988772548377,0.004148835008555889,0.004148835008555889,8.223515895550149e-05,0.6228286281740636,0.6228286281740636,1.000586385402872,1.000586385402872,0.019832888095725153,0.4146403617999878,60,5,0.5,0.99,E[Agg(Q_xi)] - Agg(E[Q_xi]),bellman_backup,True,8x8,fixed,perturbation_seed,10000.0,2026.0,3000.0,support_restricted_tv_l1,exact_support_restricted_l1,,,,,
7,2033,40,Maximum-based,0.008,0.002596579835608962,0.002596579835608962,0.004107047036034969,0.004107047036034969,0.00011131936836528133,0.6262245731064376,0.6262245731064376,0.9905082607505794,0.9905082607505794,0.02684720992477308,0.4146403617999878,60,5,0.5,0.99,E[Agg(Q_xi)] - Agg(E[Q_xi]),bellman_backup,True,8x8,fixed,perturbation_seed,10000.0,2026.0,3000.0,support_restricted_tv_l1,exact_support_restricted_l1,,,,,
7,2033,45,Maximum-based,0.008,0.002571231585398054,0.002571231585398054,0.004151159577296129,0.004151159577296129,0.00011349434200580433,0.6201112632248648,0.6201112632248648,1.0011470082834206,1.0011470082834206,0.027371754527976022,0.4146403617999878,60,5,0.5,0.99,E[Agg(Q_xi)] - Agg(E[Q_xi]),bellman_backup,True,8x8,fixed,perturbation_seed,10000.0,2026.0,3000.0,support_restricted_tv_l1,exact_support_restricted_l1,,,,,
7,2033,50,Maximum-based,0.008,0.0025907870841137813,0.0025907870841137813,0.004039798820937177,0.004039798820937177,2.8930595896481393e-05,0.6248275186879932,0.6248275186879932,0.9742898166980365,0.9742898166980365,0.006977274419424897,0.4146403617999878,60,5,0.5,0.99,E[Agg(Q_xi)] - Agg(E[Q_xi]),bellman_backup,True,8x8,fixed,perturbation_seed,10000.0,2026.0,3000.0,support_restricted_tv_l1,exact_support_restricted_l1,,,,,
7,2033,55,Maximum-based,0.008,0.0025715743998842282,0.0025715743998842282,0.004109016318933012,0.004109016318933012,6.449339752467864e-05,0.6201939407733519,0.6201939407733519,0.9909831983300987,0.9909831983300987,0.015554056832457775,0.4146403617999878,60,5,0.5,0.99,E[Agg(Q_xi)] - Agg(E[Q_xi]),bellman_backup,True,8x8,fixed,perturbation_seed,10000.0,2026.0,3000.0,support_restricted_tv_l1,exact_support_restricted_l1,,,,,
7,2033,60,Maximum-based,0.008,0.002561772668488371,0.002561772668488371,0.0043795162519735115,0.0043795162519735115,9.708251426121528e-05,0.6178300292252075,0.6178300292252075,1.0562204395543338,1.0562204395543338,0.023413667169248097,0.4146403617999878,60,5,0.5,0.99,E[Agg(Q_xi)] - Agg(E[Q_xi]),bellman_backup,True,8x8,fixed,perturbation_seed,10000.0,2026.0,3000.0,support_restricted_tv_l1,exact_support_restricted_l1,,,,,
7,2033,65,Maximum-based,0.008,0.0025314948989738424,0.0025314948989738424,0.004069044905690558,0.004069044905690558,9.750044520140388e-05,0.6105278530976617,0.6105278530976617,0.9813431784659121,0.9813431784659121,0.023514460767433847,0.4146403617999878,60,5,0.5,0.99,E[Agg(Q_xi)] - Agg(E[Q_xi]),bellman_backup,True,8x8,fixed,perturbation_seed,10000.0,2026.0,3000.0,support_restricted_tv_l1,exact_support_restricted_l1,,,,,
7,2033,70,Maximum-based,0.008,0.002507796703240371,0.002507796703240371,0.004012859223902335,0.004012859223902335,4.3265800079739236e-05,0.6048124915659006,0.6048124915659006,0.9677927171590782,0.9677927171590782,0.010434536544372779,0.4146403617999878,60,5,0.5,0.99,E[Agg(Q_xi)] - Agg(E[Q_xi]),bellman_backup,True,8x8,fixed,perturbation_seed,10000.0,2026.0,3000.0,support_restricted_tv_l1,exact_support_restricted_l1,,,,,
7,2033,75,Maximum-based,0.008,0.0025245769869017866,0.0025245769869017866,0.004213998092117588,0.004213998092117588,7.873316566697763e-05,0.6088594404901614,0.6088594404901614,1.0163019523290682,1.0163019523290682,0.018988302374904002,0.4146403617999878,60,5,0.5,0.99,E[Agg(Q_xi)] - Agg(E[Q_xi]),bellman_backup,True,8x8,fixed,perturbation_seed,10000.0,2026.0,3000.0,support_restricted_tv_l1,exact_support_restricted_l1,,,,,
7,2033,80,Maximum-based,0.008,0.002528892636127978,0.002528892636127978,0.0043224789980923495,0.0043224789980923495,6.721694647204846e-05,0.6099002579367448,0.6099002579367448,1.042464602174307,1.042464602174307,0.01621090290878924,0.4146403617999878,60,5,0.5,0.99,E[Agg(Q_xi)] - Agg(E[Q_xi]),bellman_backup,True,8x8,fixed,perturbation_seed,10000.0,2026.0,3000.0,support_restricted_tv_l1,exact_support_restricted_l1,,,,,
7,2033,85,Maximum-based,0.008,0.002499520678091789,0.002499520678091789,0.004331293286646221,0.004331293286646221,0.00016312155858289046,0.602816538949842,0.602816538949842,1.0445903693127512,1.0445903693127512,0.0393404920531051,0.4146403617999878,60,5,0.5,0.99,E[Agg(Q_xi)] - Agg(E[Q_xi]),bellman_backup,True,8x8,fixed,perturbation_seed,10000.0,2026.0,3000.0,support_restricted_tv_l1,exact_support_restricted_l1,,,,,
7,2033,90,Maximum-based,0.008,0.002447662357928938,0.002447662357928938,0.004318895971267334,0.004318895971267334,5.570142887345586e-05,0.5903097198023451,0.5903097198023451,1.0416004733641104,1.0416004733641104,0.013433672648666278,0.4146403617999878,60,5,0.5,0.99,E[Agg(Q_xi)] - Agg(E[Q_xi]),bellman_backup,True,8x8,fixed,perturbation_seed,10000.0,2026.0,3000.0,support_restricted_tv_l1,exact_support_restricted_l1,,,,,
7,2033,95,Maximum-based,0.008,0.0024789026887188786,0.0024789026887188786,0.0040405505252115725,0.0040405505252115725,1.0159588495262106e-05,0.5978440395811345,0.5978440395811345,0.9744711073642738,0.9744711073642738,0.002450216966616202,0.4146403617999878,60,5,0.5,0.99,E[Agg(Q_xi)] - Agg(E[Q_xi]),bellman_backup,True,8x8,fixed,perturbation_seed,10000.0,2026.0,3000.0,support_restricted_tv_l1,exact_support_restricted_l1,,,,,
7,2033,100,Maximum-based,0.008,0.002486950525313293,0.002486950525313293,0.00405961258292345,0.00405961258292345,5.5996353150455924e-05,0.5997849593120257,0.5997849593120257,0.9790683582515554,0.9790683582515554,0.01350480037866337,0.4146403617999878,60,5,0.5,0.99,E[Agg(Q_xi)] - Agg(E[Q_xi]),bellman_backup,True,8x8,fixed,perturbation_seed,10000.0,2026.0,3000.0,support_restricted_tv_l1,exact_support_restricted_l1,,,,,
7,2033,105,Maximum-based,0.008,0.0024938099038959195,0.0024938099038959195,0.004258410009156166,0.004258410009156166,6.844260525251666e-05,0.6014392552307465,0.6014392552307465,1.027012901172973,1.027012901172973,0.016506498536563517,0.4146403617999878,60,5,0.5,0.99,E[Agg(Q_xi)] - Agg(E[Q_xi]),bellman_backup,True,8x8,fixed,perturbation_seed,10000.0,2026.0,3000.0,support_restricted_tv_l1,exact_support_restricted_l1,,,,,
7,2033,110,Maximum-based,0.008,0.002504056733184362,0.002504056733184362,0.004515180218570197,0.004515180218570197,0.00013241152303811177,0.6039105123085574,0.6039105123085574,1.088938905747002,1.088938905747002,0.0319340650927716,0.4146403617999878,60,5,0.5,0.99,E[Agg(Q_xi)] - Agg(E[Q_xi]),bellman_backup,True,8x8,fixed,perturbation_seed,10000.0,2026.0,3000.0,support_restricted_tv_l1,exact_support_restricted_l1,,,,,
7,2033,115,Maximum-based,0.008,0.002455435722125448,0.002455435722125448,0.003946458928800717,0.003946458928800717,0.00010759672230864492,0.592184444241318,0.592184444241318,0.9517787683931238,0.9517787683931238,0.025949408745824628,0.4146403617999878,60,5,0.5,0.99,E[Agg(Q_xi)] - Agg(E[Q_xi]),bellman_backup,True,8x8,fixed,perturbation_seed,10000.0,2026.0,3000.0,support_restricted_tv_l1,exact_support_restricted_l1,,,,,
7,2033,120,Maximum-based,0.008,0.002449561105695324,0.002449561105695324,0.004034137419045625,0.004034137419045625,8.103651039947923e-05,0.59076764622276,0.59076764622276,0.9729244402385487,0.9729244402385487,0.01954380660090424,0.4146403617999878,60,5,0.5,0.99,E[Agg(Q_xi)] - Agg(E[Q_xi]),bellman_backup,True,8x8,fixed,perturbation_seed,10000.0,2026.0,3000.0,support_restricted_tv_l1,exact_support_restricted_l1,,,,,
7,2033,125,Maximum-based,0.008,0.002494050764940789,0.002494050764940789,0.00428683812672348,0.00428683812672348,0.00010263751187877812,0.601497344376681,0.601497344376681,1.0338689914589994,1.0338689914589994,0.024753381806156126,0.4146403617999878,60,5,0.5,0.99,E[Agg(Q_xi)] - Agg(E[Q_xi]),bellman_backup,True,8x8,fixed,perturbation_seed,10000.0,2026.0,3000.0,support_restricted_tv_l1,exact_support_restricted_l1,,,,,
7,2033,130,Maximum-based,0.008,0.0024823343342292485,0.0024823343342292485,0.003907612162214996,0.003907612162214996,9.132196503724987e-05,0.5986716593274306,0.5986716593274306,0.9424099827744051,0.9424099827744051,0.02202437906450152,0.4146403617999878,60,5,0.5,0.99,E[Agg(Q_xi)] - Agg(E[Q_xi]),bellman_backup,True,8x8,fixed,perturbation_seed,10000.0,2026.0,3000.0,support_restricted_tv_l1,exact_support_restricted_l1,,,,,
7,2033,135,Maximum-based,0.008,0.002451047914946471,0.002451047914946471,0.003992175028003753,0.003992175028003753,3.579950441900959e-05,0.5911262242552248,0.5911262242552248,0.9628042505735316,0.9628042505735316,0.008633868700963167,0.4146403617999878,60,5,0.5,0.99,E[Agg(Q_xi)] - Agg(E[Q_xi]),bellman_backup,True,8x8,fixed,perturbation_seed,10000.0,2026.0,3000.0,support_restricted_tv_l1,exact_support_restricted_l1,,,,,
7,2033,140,Maximum-based,0.008,0.0024763640348379142,0.0024763640348379142,0.004252862687498304,0.004252862687498304,9.540702161303649e-06,0.5972317851759088,0.5972317851759088,1.0256750377691837,1.0256750377691837,0.002300958382316347,0.4146403617999878,60,5,0.5,0.99,E[Agg(Q_xi)] - Agg(E[Q_xi]),bellman_backup,True,8x8,fixed,perturbation_seed,10000.0,2026.0,3000.0,support_restricted_tv_l1,exact_support_restricted_l1,,,,,
7,2033,145,Maximum-based,0.008,0.002468523537079908,0.002468523537079908,0.004400536133273458,0.004400536133273458,6.635240437036227e-05,0.5953408699442199,0.5953408699442199,1.061289864346628,1.061289864346628,0.0160023988215525,0.4146403617999878,60,5,0.5,0.99,E[Agg(Q_xi)] - Agg(E[Q_xi]),bellman_backup,True,8x8,fixed,perturbation_seed,10000.0,2026.0,3000.0,support_restricted_tv_l1,exact_support_restricted_l1,,,,,
7,2033,150,Maximum-based,0.008,0.0024680714137481677,0.0024680714137481677,0.004265042147367476,0.004265042147367476,6.516019592039957e-05,0.5952318300693322,0.5952318300693322,1.0286123928824917,1.0286123928824917,0.015714870505498746,0.4146403617999878,60,5,0.5,0.99,E[Agg(Q_xi)] - Agg(E[Q_xi]),bellman_backup,True,8x8,fixed,perturbation_seed,10000.0,2026.0,3000.0,support_restricted_tv_l1,exact_support_restricted_l1,,,,,
7,2033,155,Maximum-based,0.008,0.0024447116380032084,0.0024447116380032084,0.004040593983229479,0.004040593983229479,7.290402748572067e-05,0.5895980862525092,0.5895980862525092,0.9744815882585403,0.9744815882585403,0.01758247247548172,0.4146403617999878,60,5,0.5,0.99,E[Agg(Q_xi)] - Agg(E[Q_xi]),bellman_backup,True,8x8,fixed,perturbation_seed,10000.0,2026.0,3000.0,support_restricted_tv_l1,exact_support_restricted_l1,,,,,
7,2033,160,Maximum-based,0.008,0.0024310388284689765,0.0024310388284689765,0.004297343220143385,0.004297343220143385,5.527857657139368e-05,0.5863005757364377,0.5863005757364377,1.0364025348348302,1.0364025348348302,0.013331692151585254,0.4146403617999878,60,5,0.5,0.99,E[Agg(Q_xi)] - Agg(E[Q_xi]),bellman_backup,True,8x8,fixed,perturbation_seed,10000.0,2026.0,3000.0,support_restricted_tv_l1,exact_support_restricted_l1,,,,,
7,2033,165,Maximum-based,0.008,0.002420007476859121,0.002420007476859121,0.003962725577715209,0.003962725577715209,1.77043717155545e-05,0.5836401131702833,0.5836401131702833,0.9557018425588606,0.9557018425588606,0.004269813878875267,0.4146403617999878,60,5,0.5,0.99,E[Agg(Q_xi)] - Agg(E[Q_xi]),bellman_backup,True,8x8,fixed,perturbation_seed,10000.0,2026.0,3000.0,support_restricted_tv_l1,exact_support_restricted_l1,,,,,
7,2033,170,Maximum-based,0.008,0.0024045565868630325,0.0024045565868630325,0.003917577971667807,0.003917577971667807,9.819013029299661e-05,0.579913777912178,0.579913777912178,0.9448134654960457,0.9448134654960457,0.02368079409026782,0.4146403617999878,60,5,0.5,0.99,E[Agg(Q_xi)] - Agg(E[Q_xi]),bellman_backup,True,8x8,fixed,perturbation_seed,10000.0,2026.0,3000.0,support_restricted_tv_l1,exact_support_restricted_l1,,,,,
7,2033,175,Maximum-based,0.008,0.0024158504096474342,0.0024158504096474342,0.003973749856071934,0.003973749856071934,1.8500790302966585e-05,0.5826375414009455,0.5826375414009455,0.9583605992483607,0.9583605992483607,0.0044618884236578265,0.4146403617999878,60,5,0.5,0.99,E[Agg(Q_xi)] - Agg(E[Q_xi]),bellman_backup,True,8x8,fixed,perturbation_seed,10000.0,2026.0,3000.0,support_restricted_tv_l1,exact_support_restricted_l1,,,,,
7,2033,180,Maximum-based,0.008,0.0024087519251928093,0.0024087519251928093,0.0040404883822445226,0.0040404883822445226,1.6985113280076902e-05,0.5809255796363431,0.5809255796363431,0.9744561201674702,0.9744561201674702,0.004096348268254237,0.4146403617999878,60,5,0.5,0.99,E[Agg(Q_xi)] - Agg(E[Q_xi]),bellman_backup,True,8x8,fixed,perturbation_seed,10000.0,2026.0,3000.0,support_restricted_tv_l1,exact_support_restricted_l1,,,,,
7,2033,185,Maximum-based,0.008,0.0024165537537533272,0.0024165537537533272,0.0038736636100375477,0.0038736636100375477,9.764117374899683e-05,0.5828071689072596,0.5828071689072596,0.9342225135106617,0.9342225135106617,0.02354840067308655,0.4146403617999878,60,5,0.5,0.99,E[Agg(Q_xi)] - Agg(E[Q_xi]),bellman_backup,True,8x8,fixed,perturbation_seed,10000.0,2026.0,3000.0,support_restricted_tv_l1,exact_support_restricted_l1,,,,,
7,2033,190,Maximum-based,0.008,0.0024405901012359028,0.0024405901012359028,0.004301416014100473,0.004301416014100473,0.00019178828455801433,0.5886040834618947,0.5886040834618947,1.0373847821827267,1.0373847821827267,0.04625412821015438,0.4146403617999878,60,5,0.5,0.99,E[Agg(Q_xi)] - Agg(E[Q_xi]),bellman_backup,True,8x8,fixed,perturbation_seed,10000.0,2026.0,3000.0,support_restricted_tv_l1,exact_support_restricted_l1,,,,,
7,2033,195,Maximum-based,0.008,0.002427361626225928,0.002427361626225928,0.004280881543324788,0.004280881543324788,0.00014448800940425333,0.5854137343717704,0.5854137343717704,1.0324324252325872,1.0324324252325872,0.03484658579232833,0.4146403617999878,60,5,0.5,0.99,E[Agg(Q_xi)] - Agg(E[Q_xi]),bellman_backup,True,8x8,fixed,perturbation_seed,10000.0,2026.0,3000.0,support_restricted_tv_l1,exact_support_restricted_l1,,,,,
7,2033,200,Maximum-based,0.008,0.002445770583946191,0.002445770583946191,0.004163001773835828,0.004163001773835828,6.480284374044132e-05,0.5898534752692431,0.5898534752692431,1.004003024636554,1.004003024636554,0.01562868685989151,0.4146403617999878,60,5,0.5,0.99,E[Agg(Q_xi)] - Agg(E[Q_xi]),bellman_backup,True,8x8,fixed,perturbation_seed,10000.0,2026.0,3000.0,support_restricted_tv_l1,exact_support_restricted_l1,,,,,
7,2033,205,Maximum-based,0.008,0.0024108271704320608,0.0024108271704320608,0.004252118816762851,0.004252118816762851,0.00014783730952339091,0.5814260724562516,0.5814260724562516,1.0254956363399006,1.0254956363399006,0.03565434606549566,0.4146403617999878,60,5,0.5,0.99,E[Agg(Q_xi)] - Agg(E[Q_xi]),bellman_backup,True,8x8,fixed,perturbation_seed,10000.0,2026.0,3000.0,support_restricted_tv_l1,exact_support_restricted_l1,,,,,
7,2033,210,Maximum-based,0.008,0.002427041496115296,0.002427041496115296,0.004161105206831772,0.004161105206831772,5.253900958390734e-05,0.5853365276789047,0.5853365276789047,1.003545624156817,1.003545624156817,0.012670982958781723,0.4146403617999878,60,5,0.5,0.99,E[Agg(Q_xi)] - Agg(E[Q_xi]),bellman_backup,True,8x8,fixed,perturbation_seed,10000.0,2026.0,3000.0,support_restricted_tv_l1,exact_support_restricted_l1,,,,,
7,2033,215,Maximum-based,0.008,0.002413236680710539,0.002413236680710539,0.004224886189862442,0.004224886189862442,2.806456754333997e-05,0.5820071809301152,0.5820071809301152,1.0189278659515597,1.0189278659515597,0.006768411888680923,0.4146403617999878,60,5,0.5,0.99,E[Agg(Q_xi)] - Agg(E[Q_xi]),bellman_backup,True,8x8,fixed,perturbation_seed,10000.0,2026.0,3000.0,support_restricted_tv_l1,exact_support_restricted_l1,,,,,
7,2033,220,Maximum-based,0.008,0.0024212632767498087,0.0024212632767498087,0.004513174311288948,0.004513174311288948,0.00016029353904400967,0.5839429780156727,0.5839429780156727,1.0884551353604093,1.0884551353604093,0.0386584505059185,0.4146403617999878,60,5,0.5,0.99,E[Agg(Q_xi)] - Agg(E[Q_xi]),bellman_backup,True,8x8,fixed,perturbation_seed,10000.0,2026.0,3000.0,support_restricted_tv_l1,exact_support_restricted_l1,,,,,
7,2033,225,Maximum-based,0.008,0.0024285740447544486,0.0024285740447544486,0.005028180930373605,0.005028180930373605,7.358565880333234e-05,0.5857061368101768,0.5857061368101768,1.2126607522108699,1.2126607522108699,0.01774686344664831,0.4146403617999878,60,5,0.5,0.99,E[Agg(Q_xi)] - Agg(E[Q_xi]),bellman_backup,True,8x8,fixed,perturbation_seed,10000.0,2026.0,3000.0,support_restricted_tv_l1,exact_support_restricted_l1,,,,,
7,2033,230,Maximum-based,0.008,0.0024344541686288227,0.0024344541686288227,0.004656654910580038,0.004656654910580038,3.685609077874741e-05,0.5871242630747903,0.5871242630747903,1.1230587611792342,1.1230587611792342,0.008888688650268414,0.4146403617999878,60,5,0.5,0.99,E[Agg(Q_xi)] - Agg(E[Q_xi]),bellman_backup,True,8x8,fixed,perturbation_seed,10000.0,2026.0,3000.0,support_restricted_tv_l1,exact_support_restricted_l1,,,,,
7,2033,235,Maximum-based,0.008,0.0024332022101353273,0.0024332022101353273,0.004990043841407166,0.004990043841407166,2.206763999113015e-05,0.5868223246701303,0.5868223246701303,1.2034631215699736,1.2034631215699736,0.005322115747568017,0.4146403617999878,60,5,0.5,0.99,E[Agg(Q_xi)] - Agg(E[Q_xi]),bellman_backup,True,8x8,fixed,perturbation_seed,10000.0,2026.0,3000.0,support_restricted_tv_l1,exact_support_restricted_l1,,,,,
7,2033,240,Maximum-based,0.008,0.0024034612091371923,0.0024034612091371923,0.004037450614811644,0.004037450614811644,1.6267958553695117e-05,0.5796496025383467,0.5796496025383467,0.9737234931217839,0.9737234931217839,0.003923390015162676,0.4146403617999878,60,5,0.5,0.99,E[Agg(Q_xi)] - Agg(E[Q_xi]),bellman_backup,True,8x8,fixed,perturbation_seed,10000.0,2026.0,3000.0,support_restricted_tv_l1,exact_support_restricted_l1,,,,,
7,2033,245,Maximum-based,0.008,0.0024252367346437936,0.0024252367346437936,0.004451056229632655,0.004451056229632655,0.00014413332106788523,0.5849012682015909,0.5849012682015909,1.0734739402382958,1.0734739402382958,0.034761044593485946,0.4146403617999878,60,5,0.5,0.99,E[Agg(Q_xi)] - Agg(E[Q_xi]),bellman_backup,True,8x8,fixed,perturbation_seed,10000.0,2026.0,3000.0,support_restricted_tv_l1,exact_support_restricted_l1,,,,,
7,2033,250,Maximum-based,0.008,0.002423369280294541,0.002423369280294541,0.004198137407319835,0.004198137407319835,6.73057175615277e-05,0.5844508889039398,0.5844508889039398,1.0124767856885366,1.0124767856885366,0.016232312085911766,0.4146403617999878,60,5,0.5,0.99,E[Agg(Q_xi)] - Agg(E[Q_xi]),bellman_backup,True,8x8,fixed,perturbation_seed,10000.0,2026.0,3000.0,support_restricted_tv_l1,exact_support_restricted_l1,,,,,
7,2033,255,Maximum-based,0.008,0.0024185574021482435,0.0024185574021482435,0.004043386608731214,0.004043386608731214,3.222594477869656e-05,0.5832903945117855,0.5832903945117855,0.9751550937247261,0.9751550937247261,0.007772023118733808,0.4146403617999878,60,5,0.5,0.99,E[Agg(Q_xi)] - Agg(E[Q_xi]),bellman_backup,True,8x8,fixed,perturbation_seed,10000.0,2026.0,3000.0,support_restricted_tv_l1,exact_support_restricted_l1,,,,,
7,2033,260,Maximum-based,0.008,0.002349547838361406,0.002349547838361406,0.004033718117772478,0.004033718117772478,6.504563382236928e-05,0.5666471609666329,0.5666471609666329,0.9728233161532507,0.9728233161532507,0.015687241237201523,0.4146403617999878,60,5,0.5,0.99,E[Agg(Q_xi)] - Agg(E[Q_xi]),bellman_backup,True,8x8,fixed,perturbation_seed,10000.0,2026.0,3000.0,support_restricted_tv_l1,exact_support_restricted_l1,,,,,
7,2033,265,Maximum-based,0.008,0.0024795060910979528,0.0024795060910979528,0.0044221373530185515,0.0044221373530185515,0.00010858096742949463,0.5979895638558228,0.5979895638558228,1.0664994921916648,1.0664994921916648,0.02618678195198744,0.4146403617999878,60,5,0.5,0.99,E[Agg(Q_xi)] - Agg(E[Q_xi]),bellman_backup,True,8x8,fixed,perturbation_seed,10000.0,2026.0,3000.0,support_restricted_tv_l1,exact_support_restricted_l1,,,,,
7,2033,270,Maximum-based,0.008,0.0024275504504962537,0.0024275504504962537,0.0045493751289576445,0.0045493751289576445,2.6331098526677366e-05,0.5854592736602048,0.5854592736602048,1.0971857899236905,1.0971857899236905,0.006350346216266045,0.4146403617999878,60,5,0.5,0.99,E[Agg(Q_xi)] - Agg(E[Q_xi]),bellman_backup,True,8x8,fixed,perturbation_seed,10000.0,2026.0,3000.0,support_restricted_tv_l1,exact_support_restricted_l1,,,,,
7,2033,275,Maximum-based,0.008,0.002433140129606047,0.002433140129606047,0.004433661838608882,0.004433661838608882,0.0001497702422387226,0.5868073525316219,0.5868073525316219,1.069278885287962,1.069278885287962,0.036120516967657876,0.4146403617999878,60,5,0.5,0.99,E[Agg(Q_xi)] - Agg(E[Q_xi]),bellman_backup,True,8x8,fixed,perturbation_seed,10000.0,2026.0,3000.0,support_restricted_tv_l1,exact_support_restricted_l1,,,,,
7,2033,280,Maximum-based,0.008,0.002423788381440311,0.002423788381440311,0.0040909482238813966,0.0040909482238813966,3.3256910818346697e-05,0.584551964723947,0.584551964723947,0.986625664255707,0.986625664255707,0.008020664142288445,0.4146403617999878,60,5,0.5,0.99,E[Agg(Q_xi)] - Agg(E[Q_xi]),bellman_backup,True,8x8,fixed,perturbation_seed,10000.0,2026.0,3000.0,support_restricted_tv_l1,exact_support_restricted_l1,,,,,
7,2033,285,Maximum-based,0.008,0.0024167267837908856,0.0024167267837908856,0.004257444983379988,0.004257444983379988,0.00015035433440002688,0.5828488990554794,0.5828488990554794,1.0267801631510425,1.0267801631510425,0.03626138414198907,0.4146403617999878,60,5,0.5,0.99,E[Agg(Q_xi)] - Agg(E[Q_xi]),bellman_backup,True,8x8,fixed,perturbation_seed,10000.0,2026.0,3000.0,support_restricted_tv_l1,exact_support_restricted_l1,,,,,
7,2033,290,Maximum-based,0.008,0.002396416519853251,0.002396416519853251,0.004108076368387337,0.004108076368387337,1.7514346145053317e-05,0.5779506147086623,0.5779506147086623,0.9907565077731073,0.9907565077731073,0.00422398486944737,0.4146403617999878,60,5,0.5,0.99,E[Agg(Q_xi)] - Agg(E[Q_xi]),bellman_backup,True,8x8,fixed,perturbation_seed,10000.0,2026.0,3000.0,support_restricted_tv_l1,exact_support_restricted_l1,,,,,
7,2033,295,Maximum-based,0.008,0.0024871542042306785,0.0024871542042306785,0.004118330246294544,0.004118330246294544,1.5702138350892625e-05,0.5998340811381068,0.5998340811381068,0.9932294647864319,0.9932294647864319,0.0037869295412362547,0.4146403617999878,60,5,0.5,0.99,E[Agg(Q_xi)] - Agg(E[Q_xi]),bellman_backup,True,8x8,fixed,perturbation_seed,10000.0,2026.0,3000.0,support_restricted_tv_l1,exact_support_restricted_l1,,,,,
7,2033,300,Maximum-based,0.008,0.002418514276224765,0.002418514276224765,0.004489249969078957,0.004489249969078957,0.0001813621978685731,0.5832799937096804,0.5832799937096804,1.0826852334371777,1.0826852334371777,0.04373963911310152,0.4146403617999878,60,5,0.5,0.99,E[Agg(Q_xi)] - Agg(E[Q_xi]),bellman_backup,True,8x8,fixed,perturbation_seed,10000.0,2026.0,3000.0,support_restricted_tv_l1,exact_support_restricted_l1,,,,,
7,2033,305,Maximum-based,0.008,0.002415640181712063,0.002415640181712063,0.004242055639908204,0.004242055639908204,6.846848897423818e-05,0.582586840129497,0.582586840129497,1.023068671243941,1.023068671243941,0.016512740987638264,0.4146403617999878,60,5,0.5,0.99,E[Agg(Q_xi)] - Agg(E[Q_xi]),bellman_backup,True,8x8,fixed,perturbation_seed,10000.0,2026.0,3000.0,support_restricted_tv_l1,exact_support_restricted_l1,,,,,
7,2033,310,Maximum-based,0.008,0.002418174771725393,0.002418174771725393,0.004368336515371829,0.004368336515371829,6.044737926869104e-06,0.5831981144401617,0.5831981144401617,1.053524190556009,1.053524190556009,0.0014578267056849943,0.4146403617999878,60,5,0.5,0.99,E[Agg(Q_xi)] - Agg(E[Q_xi]),bellman_backup,True,8x8,fixed,perturbation_seed,10000.0,2026.0,3000.0,support_restricted_tv_l1,exact_support_restricted_l1,,,,,
7,2033,315,Maximum-based,0.008,0.0024115938916086316,0.0024115938916086316,0.004947152051359982,0.004947152051359982,1.973748345063253e-05,0.581610984791665,0.581610984791665,1.193118786093083,1.193118786093083,0.004760145241276198,0.4146403617999878,60,5,0.5,0.99,E[Agg(Q_xi)] - Agg(E[Q_xi]),bellman_backup,True,8x8,fixed,perturbation_seed,10000.0,2026.0,3000.0,support_restricted_tv_l1,exact_support_restricted_l1,,,,,
7,2033,320,Maximum-based,0.008,0.002394982795567168,0.002394982795567168,0.004013432735868516,0.004013432735868516,8.735385318314748e-05,0.5776048393287985,0.5776048393287985,0.9679310326775414,0.9679310326775414,0.021067378198286642,0.4146403617999878,60,5,0.5,0.99,E[Agg(Q_xi)] - Agg(E[Q_xi]),bellman_backup,True,8x8,fixed,perturbation_seed,10000.0,2026.0,3000.0,support_restricted_tv_l1,exact_support_restricted_l1,,,,,
7,2033,325,Maximum-based,0.008,0.0024115265617237203,0.0024115265617237203,0.004262039987970867,0.004262039987970867,7.775546571275882e-06,0.5815947466510702,0.5815947466510702,1.027888353528586,1.027888353528586,0.0018752507685266327,0.4146403617999878,60,5,0.5,0.99,E[Agg(Q_xi)] - Agg(E[Q_xi]),bellman_backup,True,8x8,fixed,perturbation_seed,10000.0,2026.0,3000.0,support_restricted_tv_l1,exact_support_restricted_l1,,,,,
7,2033,330,Maximum-based,0.008,0.00241161306511712,0.00241161306511712,0.004852153586467733,0.004852153586467733,6.31703851466936e-05,0.5816156089214543,0.5816156089214543,1.1702077350608457,1.1702077350608457,0.015234982159591452,0.4146403617999878,60,5,0.5,0.99,E[Agg(Q_xi)] - Agg(E[Q_xi]),bellman_backup,True,8x8,fixed,perturbation_seed,10000.0,2026.0,3000.0,support_restricted_tv_l1,exact_support_restricted_l1,,,,,
7,2033,335,Maximum-based,0.008,0.0023942318465544794,0.0023942318465544794,0.004556406948144687,0.004556406948144687,0.0,0.5774237308111836,0.5774237308111836,1.098881673835357,1.098881673835357,0.0,0.4146403617999878,60,5,0.5,0.99,E[Agg(Q_xi)] - Agg(E[Q_xi]),bellman_backup,True,8x8,fixed,perturbation_seed,10000.0,2026.0,3000.0,support_restricted_tv_l1,exact_support_restricted_l1,,,,,
7,2033,340,Maximum-based,0.008,0.0024012355254177603,0.0024012355254177603,0.004216528878334513,0.004216528878334513,2.418045641927602e-05,0.5791128280406181,0.5791128280406181,1.0169123092672927,1.0169123092672927,0.005831669718381172,0.4146403617999878,60,5,0.5,0.99,E[Agg(Q_xi)] - Agg(E[Q_xi]),bellman_backup,True,8x8,fixed,perturbation_seed,10000.0,2026.0,3000.0,support_restricted_tv_l1,exact_support_restricted_l1,,,,,
7,2033,345,Maximum-based,0.008,0.0023957044307587405,0.0023957044307587405,0.004243683150524924,0.004243683150524924,1.1089581991474695e-05,0.5777788781484733,0.5777788781484733,1.0234611826264928,1.0234611826264928,0.0026745061535577265,0.4146403617999878,60,5,0.5,0.99,E[Agg(Q_xi)] - Agg(E[Q_xi]),bellman_backup,True,8x8,fixed,perturbation_seed,10000.0,2026.0,3000.0,support_restricted_tv_l1,exact_support_restricted_l1,,,,,
7,2033,350,Maximum-based,0.008,0.002396878423541326,0.002396878423541326,0.004191734931414448,0.004191734931414448,0.0,0.5780620133400135,0.5780620133400135,1.0109326822931042,1.0109326822931042,0.0,0.4146403617999878,60,5,0.5,0.99,E[Agg(Q_xi)] - Agg(E[Q_xi]),bellman_backup,True,8x8,fixed,perturbation_seed,10000.0,2026.0,3000.0,support_restricted_tv_l1,exact_support_restricted_l1,,,,,
7,2033,355,Maximum-based,0.008,0.002403180874409638,0.002403180874409638,0.004454273199335612,0.004454273199335612,0.00010440215311435797,0.5795819934116478,0.5795819934116478,1.074249786007143,1.074249786007143,0.025178965371614973,0.4146403617999878,60,5,0.5,0.99,E[Agg(Q_xi)] - Agg(E[Q_xi]),bellman_backup,True,8x8,fixed,perturbation_seed,10000.0,2026.0,3000.0,support_restricted_tv_l1,exact_support_restricted_l1,,,,,
7,2033,360,Maximum-based,0.008,0.002449310296401823,0.002449310296401823,0.00409921510934691,0.00409921510934691,2.624782055038466e-05,0.5907071578292972,0.5907071578292972,0.988619412628303,0.988619412628303,0.006330261828935494,0.4146403617999878,60,5,0.5,0.99,E[Agg(Q_xi)] - Agg(E[Q_xi]),bellman_backup,True,8x8,fixed,perturbation_seed,10000.0,2026.0,3000.0,support_restricted_tv_l1,exact_support_restricted_l1,,,,,
7,2033,365,Maximum-based,0.008,0.00239302114015986,0.00239302114015986,0.0041964999856417,0.0041964999856417,7.197505357592338e-05,0.5771317412929987,0.5771317412929987,1.0120818840270034,1.0120818840270034,0.01735842918510725,0.4146403617999878,60,5,0.5,0.99,E[Agg(Q_xi)] - Agg(E[Q_xi]),bellman_backup,True,8x8,fixed,perturbation_seed,10000.0,2026.0,3000.0,support_restricted_tv_l1,exact_support_restricted_l1,,,,,
7,2033,370,Maximum-based,0.008,0.002423234810400942,0.002423234810400942,0.004098829014576699,0.004098829014576699,7.424082215756744e-05,0.5844184584157415,0.5844184584157415,0.9885262970501343,0.9885262970501343,0.01790487106351199,0.4146403617999878,60,5,0.5,0.99,E[Agg(Q_xi)] - Agg(E[Q_xi]),bellman_backup,True,8x8,fixed,perturbation_seed,10000.0,2026.0,3000.0,support_restricted_tv_l1,exact_support_restricted_l1,,,,,
7,2033,375,Maximum-based,0.008,0.002452086847619584,0.002452086847619584,0.0040638252455195145,0.0040638252455195145,3.322645408188052e-05,0.5913767866145191,0.5913767866145191,0.980084338118488,0.980084338118488,0.008013318804190156,0.4146403617999878,60,5,0.5,0.99,E[Agg(Q_xi)] - Agg(E[Q_xi]),bellman_backup,True,8x8,fixed,perturbation_seed,10000.0,2026.0,3000.0,support_restricted_tv_l1,exact_support_restricted_l1,,,,,
7,2033,380,Maximum-based,0.008,0.00240512592385979,0.00240512592385979,0.0041061477173445216,0.0041061477173445216,3.0991267396474065e-05,0.5800510865413442,0.5800510865413442,0.9902913694941317,0.9902913694941317,0.007474252449023156,0.4146403617999878,60,5,0.5,0.99,E[Agg(Q_xi)] - Agg(E[Q_xi]),bellman_backup,True,8x8,fixed,perturbation_seed,10000.0,2026.0,3000.0,support_restricted_tv_l1,exact_support_restricted_l1,,,,,
7,2033,385,Maximum-based,0.008,0.0024155831045995007,0.0024155831045995007,0.004381684184139589,0.004381684184139589,5.3086096123644566e-05,0.5825730746792851,0.5825730746792851,1.056743285945039,1.056743285945039,0.01280292538169547,0.4146403617999878,60,5,0.5,0.99,E[Agg(Q_xi)] - Agg(E[Q_xi]),bellman_backup,True,8x8,fixed,perturbation_seed,10000.0,2026.0,3000.0,support_restricted_tv_l1,exact_support_restricted_l1,,,,,
7,2033,390,Maximum-based,0.008,0.0024275662762225795,0.0024275662762225795,0.0055809344128210925,0.0055809344128210925,4.225857827466761e-05,0.5854630903958108,0.5854630903958108,1.3459698878791728,1.3459698878791728,0.01019162198566962,0.4146403617999878,60,5,0.5,0.99,E[Agg(Q_xi)] - Agg(E[Q_xi]),bellman_backup,True,8x8,fixed,perturbation_seed,10000.0,2026.0,3000.0,support_restricted_tv_l1,exact_support_restricted_l1,,,,,
7,2033,395,Maximum-based,0.008,0.002407516545778305,0.002407516545778305,0.004339777361031971,0.004339777361031971,8.184152496715225e-05,0.5806276396555026,0.5806276396555026,1.0466364977573919,1.0466364977573919,0.019737954262790885,0.4146403617999878,60,5,0.5,0.99,E[Agg(Q_xi)] - Agg(E[Q_xi]),bellman_backup,True,8x8,fixed,perturbation_seed,10000.0,2026.0,3000.0,support_restricted_tv_l1,exact_support_restricted_l1,,,,,
7,2033,400,Maximum-based,0.008,0.002389574977351488,0.002389574977351488,0.0040109433651107085,0.0040109433651107085,6.148687284213139e-06,0.5763006203684917,0.5763006203684917,0.9673306640238482,0.9673306640238482,0.0014828964690077886,0.4146403617999878,60,5,0.5,0.99,E[Agg(Q_xi)] - Agg(E[Q_xi]),bellman_backup,True,8x8,fixed,perturbation_seed,10000.0,2026.0,3000.0,support_restricted_tv_l1,exact_support_restricted_l1,,,,,
7,2033,405,Maximum-based,0.008,0.00240551652742799,0.00240551652742799,0.003928565840363607,0.003928565840363607,6.381009670863858e-05,0.5801452895191982,0.5801452895191982,0.9474634411636582,0.9474634411636582,0.015389263223588199,0.4146403617999878,60,5,0.5,0.99,E[Agg(Q_xi)] - Agg(E[Q_xi]),bellman_backup,True,8x8,fixed,perturbation_seed,10000.0,2026.0,3000.0,support_restricted_tv_l1,exact_support_restricted_l1,,,,,
7,2033,410,Maximum-based,0.008,0.0024269739501045313,0.0024269739501045313,0.0047729743126904145,0.0047729743126904145,1.2047028700168383e-06,0.5853202374146208,0.5853202374146208,1.1511118435191745,1.1511118435191745,0.0002905416310141937,0.4146403617999878,60,5,0.5,0.99,E[Agg(Q_xi)] - Agg(E[Q_xi]),bellman_backup,True,8x8,fixed,perturbation_seed,10000.0,2026.0,3000.0,support_restricted_tv_l1,exact_support_restricted_l1,,,,,
7,2033,415,Maximum-based,0.008,0.002412953452282725,0.002412953452282725,0.004277467206203034,0.004277467206203034,9.463119125563413e-05,0.581938873921462,0.581938873921462,1.0316089797997952,1.0316089797997952,0.022822474600599028,0.4146403617999878,60,5,0.5,0.99,E[Agg(Q_xi)] - Agg(E[Q_xi]),bellman_backup,True,8x8,fixed,perturbation_seed,10000.0,2026.0,3000.0,support_restricted_tv_l1,exact_support_restricted_l1,,,,,
7,2033,420,Maximum-based,0.008,0.00235900379761355,0.00235900379761355,0.004005541473823759,0.004005541473823759,4.919187349372578e-05,0.5689276816595763,0.5689276816595763,0.9660278744778669,0.9660278744778669,0.011863744590656786,0.4146403617999878,60,5,0.5,0.99,E[Agg(Q_xi)] - Agg(E[Q_xi]),bellman_backup,True,8x8,fixed,perturbation_seed,10000.0,2026.0,3000.0,support_restricted_tv_l1,exact_support_restricted_l1,,,,,
7,2033,425,Maximum-based,0.008,0.002412030072237464,0.002412030072237464,0.004374775028146816,0.004374775028146816,2.5846447372357417e-06,0.5817161797193703,0.5817161797193703,1.0550769850661808,1.0550769850661808,0.0006233461513528464,0.4146403617999878,60,5,0.5,0.99,E[Agg(Q_xi)] - Agg(E[Q_xi]),bellman_backup,True,8x8,fixed,perturbation_seed,10000.0,2026.0,3000.0,support_restricted_tv_l1,exact_support_restricted_l1,,,,,
7,2033,430,Maximum-based,0.008,0.0024180499071489734,0.0024180499071489734,0.0046202996535533725,0.0046202996535533725,2.0915640727148244e-06,0.583168000493734,0.583168000493734,1.1142908600350128,1.1142908600350128,0.000504428479570868,0.4146403617999878,60,5,0.5,0.99,E[Agg(Q_xi)] - Agg(E[Q_xi]),bellman_backup,True,8x8,fixed,perturbation_seed,10000.0,2026.0,3000.0,support_restricted_tv_l1,exact_support_restricted_l1,,,,,
7,2033,435,Maximum-based,0.008,0.0024046078356203,0.0024046078356203,0.0040638042827707,0.0040638042827707,2.943117021836361e-05,0.5799261377213014,0.5799261377213014,0.9800792824725003,0.9800792824725003,0.007097999357949739,0.4146403617999878,60,5,0.5,0.99,E[Agg(Q_xi)] - Agg(E[Q_xi]),bellman_backup,True,8x8,fixed,perturbation_seed,10000.0,2026.0,3000.0,support_restricted_tv_l1,exact_support_restricted_l1,,,,,
7,2033,440,Maximum-based,0.008,0.0024044535530751646,0.0024044535530751646,0.004201362218193061,0.004201362218193061,4.929199628211922e-05,0.57988892895936,0.57988892895936,1.0132545225348066,1.0132545225348066,0.01188789148941956,0.4146403617999878,60,5,0.5,0.99,E[Agg(Q_xi)] - Agg(E[Q_xi]),bellman_backup,True,8x8,fixed,perturbation_seed,10000.0,2026.0,3000.0,support_restricted_tv_l1,exact_support_restricted_l1,,,,,
7,2033,445,Maximum-based,0.008,0.002374779808654772,0.002374779808654772,0.004151126410924522,0.004151126410924522,0.00015094907515134093,0.572732427288472,0.572732427288472,1.0011390094548782,1.0011390094548782,0.036404819467178405,0.4146403617999878,60,5,0.5,0.99,E[Agg(Q_xi)] - Agg(E[Q_xi]),bellman_backup,True,8x8,fixed,perturbation_seed,10000.0,2026.0,3000.0,support_restricted_tv_l1,exact_support_restricted_l1,,,,,
7,2033,450,Maximum-based,0.008,0.0024399381929620977,0.0024399381929620977,0.004474110878519455,0.004474110878519455,5.185662398032864e-05,0.5884468608820729,0.5884468608820729,1.0790340957394917,1.0790340957394917,0.012506410074314711,0.4146403617999878,60,5,0.5,0.99,E[Agg(Q_xi)] - Agg(E[Q_xi]),bellman_backup,True,8x8,fixed,perturbation_seed,10000.0,2026.0,3000.0,support_restricted_tv_l1,exact_support_restricted_l1,,,,,
7,2033,455,Maximum-based,0.008,0.002421566445322848,0.002421566445322848,0.004233672965807511,0.004233672965807511,5.434018575534161e-05,0.584016094046086,0.584016094046086,1.0210469977955812,1.0210469977955812,0.013105377759040727,0.4146403617999878,60,5,0.5,0.99,E[Agg(Q_xi)] - Agg(E[Q_xi]),bellman_backup,True,8x8,fixed,perturbation_seed,10000.0,2026.0,3000.0,support_restricted_tv_l1,exact_support_restricted_l1,,,,,
7,2033,460,Maximum-based,0.008,0.0024527920174512085,0.0024527920174512085,0.004405453423507344,0.004405453423507344,4.581935488323641e-05,0.5915468544363209,0.5915468544363209,1.0624757812729348,1.0624757812729348,0.011050384647633152,0.4146403617999878,60,5,0.5,0.99,E[Agg(Q_xi)] - Agg(E[Q_xi]),bellman_backup,True,8x8,fixed,perturbation_seed,10000.0,2026.0,3000.0,support_restricted_tv_l1,exact_support_restricted_l1,,,,,
7,2033,465,Maximum-based,0.008,0.0023560329362369552,0.0023560329362369552,0.004382866510486361,0.004382866510486361,0.0,0.5682111905385243,0.5682111905385243,1.0570284309660491,1.0570284309660491,0.0,0.4146403617999878,60,5,0.5,0.99,E[Agg(Q_xi)] - Agg(E[Q_xi]),bellman_backup,True,8x8,fixed,perturbation_seed,10000.0,2026.0,3000.0,support_restricted_tv_l1,exact_support_restricted_l1,,,,,
7,2033,470,Maximum-based,0.008,0.0024321902124176216,0.0024321902124176216,0.0042067161114990315,0.0042067161114990315,6.670819239407155e-05,0.5865782582909402,0.5865782582909402,1.014545736270664,1.014545736270664,0.01608820523513095,0.4146403617999878,60,5,0.5,0.99,E[Agg(Q_xi)] - Agg(E[Q_xi]),bellman_backup,True,8x8,fixed,perturbation_seed,10000.0,2026.0,3000.0,support_restricted_tv_l1,exact_support_restricted_l1,,,,,
7,2033,475,Maximum-based,0.008,0.0024227750794577436,0.0024227750794577436,0.004181632735050567,0.004181632735050567,5.193039719264547e-05,0.5843075837914761,0.5843075837914761,1.0084963067506878,1.0084963067506878,0.012524202170577741,0.4146403617999878,60,5,0.5,0.99,E[Agg(Q_xi)] - Agg(E[Q_xi]),bellman_backup,True,8x8,fixed,perturbation_seed,10000.0,2026.0,3000.0,support_restricted_tv_l1,exact_support_restricted_l1,,,,,
7,2033,480,Maximum-based,0.008,0.0024326291547087705,0.0024326291547087705,0.004556658132599978,0.004556658132599978,0.0,0.5866841192566319,0.5866841192566319,1.09894225270766,1.09894225270766,0.0,0.4146403617999878,60,5,0.5,0.99,E[Agg(Q_xi)] - Agg(E[Q_xi]),bellman_backup,True,8x8,fixed,perturbation_seed,10000.0,2026.0,3000.0,support_restricted_tv_l1,exact_support_restricted_l1,,,,,
7,2033,485,Maximum-based,0.008,0.0024158999920255134,0.0024158999920255134,0.004053597181358726,0.004053597181358726,4.945967427572029e-05,0.582649499324642,0.582649499324642,0.9776176066800946,0.9776176066800946,0.01192833086991623,0.4146403617999878,60,5,0.5,0.99,E[Agg(Q_xi)] - Agg(E[Q_xi]),bellman_backup,True,8x8,fixed,perturbation_seed,10000.0,2026.0,3000.0,support_restricted_tv_l1,exact_support_restricted_l1,,,,,
7,2033,490,Maximum-based,0.008,0.0024065444850744676,0.0024065444850744676,0.004103285940057877,0.004103285940057877,4.85775980051395e-05,0.5803932049999814,0.5803932049999814,0.9896011864945266,0.9896011864945266,0.01171559801710093,0.4146403617999878,60,5,0.5,0.99,E[Agg(Q_xi)] - Agg(E[Q_xi]),bellman_backup,True,8x8,fixed,perturbation_seed,10000.0,2026.0,3000.0,support_restricted_tv_l1,exact_support_restricted_l1,,,,,
7,2033,495,Maximum-based,0.008,0.0023714226188827755,0.0023714226188827755,0.004437060518802882,0.004437060518802882,7.605736474447511e-05,0.5719227642451968,0.5719227642451968,1.0700985546947814,1.0700985546947814,0.01834297182606726,0.4146403617999878,60,5,0.5,0.99,E[Agg(Q_xi)] - Agg(E[Q_xi]),bellman_backup,True,8x8,fixed,perturbation_seed,10000.0,2026.0,3000.0,support_restricted_tv_l1,exact_support_restricted_l1,,,,,
7,2033,500,Maximum-based,0.008,0.0024472787281330215,0.0024472787281330215,0.004116279738530626,0.004116279738530626,8.770526556922675e-05,0.5902171987090654,0.5902171987090654,0.9927349379740839,0.9927349379740839,0.02115212932684387,0.4146403617999878,60,5,0.5,0.99,E[Agg(Q_xi)] - Agg(E[Q_xi]),bellman_backup,True,8x8,fixed,perturbation_seed,10000.0,2026.0,3000.0,support_restricted_tv_l1,exact_support_restricted_l1,,,,,
7,2033,5,Similarity-aware,0.008,-7.182839392716467e-19,1.3586408473958977e-18,1.1102230246251565e-16,1.1102230246251565e-16,-1.1102230246251565e-16,-1.7323058858851011e-16,3.276672925660026e-16,2.6775565692774997e-14,2.6775565692774997e-14,-2.6775565692774997e-14,0.4146403617999878,60,5,0.5,0.99,E[Agg(Q_xi)] - Agg(E[Q_xi]),bellman_backup,True,8x8,fixed,perturbation_seed,10000.0,2026.0,3000.0,support_restricted_tv_l1,exact_support_restricted_l1,,,,,
7,2033,10,Similarity-aware,0.008,1.4568966692773966e-18,3.3610267347050637e-18,1.1102230246251565e-16,1.1102230246251565e-16,-2.7755575615628914e-17,3.513639296842422e-16,8.10588414527368e-16,2.6775565692774997e-14,2.6775565692774997e-14,-6.693891423193749e-15,0.4146403617999878,60,5,0.5,0.99,E[Agg(Q_xi)] - Agg(E[Q_xi]),bellman_backup,True,8x8,fixed,perturbation_seed,10000.0,2026.0,3000.0,support_restricted_tv_l1,exact_support_restricted_l1,,,,,
7,2033,15,Similarity-aware,0.008,-3.767602549387128e-18,3.06287113727155e-18,4.440892098500626e-16,1.1102230246251565e-16,-4.440892098500626e-16,-9.086434646718077e-16,7.38681377754779e-16,1.0710226277109999e-13,2.6775565692774997e-14,-1.0710226277109999e-13,0.4146403617999878,60,5,0.5,0.99,E[Agg(Q_xi)] - Agg(E[Q_xi]),bellman_backup,True,8x8,fixed,perturbation_seed,10000.0,2026.0,3000.0,support_restricted_tv_l1,exact_support_restricted_l1,,,,,
7,2033,20,Similarity-aware,0.008,-4.052205619664573e-18,4.9873299934333204e-18,2.220446049250313e-16,2.220446049250313e-16,-2.220446049250313e-16,-9.772819997729156e-16,1.2028086151051267e-15,5.3551131385549994e-14,5.3551131385549994e-14,-5.3551131385549994e-14,0.4146403617999878,60,5,0.5,0.99,E[Agg(Q_xi)] - Agg(E[Q_xi]),bellman_backup,True,8x8,fixed,perturbation_seed,10000.0,2026.0,3000.0,support_restricted_tv_l1,exact_support_restricted_l1,,,,,
7,2033,25,Similarity-aware,0.008,-2.5478751053409354e-18,6.152847328855238e-18,2.220446049250313e-16,2.220446049250313e-16,-2.220446049250313e-16,-6.144783142384887e-16,1.4838997588525205e-15,5.3551131385549994e-14,5.3551131385549994e-14,-5.3551131385549994e-14,0.4146403617999878,60,5,0.5,0.99,E[Agg(Q_xi)] - Agg(E[Q_xi]),bellman_backup,True,8x8,fixed,perturbation_seed,10000.0,2026.0,3000.0,support_restricted_tv_l1,exact_support_restricted_l1,,,,,
7,2033,30,Similarity-aware,0.008,2.358139725155972e-18,9.676504389433127e-18,2.220446049250313e-16,2.220446049250313e-16,-1.6653345369377348e-16,5.687192908377502e-16,2.3337101934376643e-15,5.3551131385549994e-14,5.3551131385549994e-14,-4.016334853916249e-14,0.4146403617999878,60,5,0.5,0.99,E[Agg(Q_xi)] - Agg(E[Q_xi]),bellman_backup,True,8x8,fixed,perturbation_seed,10000.0,2026.0,3000.0,support_restricted_tv_l1,exact_support_restricted_l1,,,,,
7,2033,35,Similarity-aware,0.008,-1.951563910473908e-18,7.345469718589293e-18,2.220446049250313e-16,2.220446049250313e-16,-1.6653345369377348e-16,-4.706642406933105e-16,1.771527905942877e-15,5.3551131385549994e-14,5.3551131385549994e-14,-4.016334853916249e-14,0.4146403617999878,60,5,0.5,0.99,E[Agg(Q_xi)] - Agg(E[Q_xi]),bellman_backup,True,8x8,fixed,perturbation_seed,10000.0,2026.0,3000.0,support_restricted_tv_l1,exact_support_restricted_l1,,,,,
7,2033,40,Similarity-aware,0.008,2.439454888092385e-19,1.0381235801548705e-17,2.220446049250313e-16,1.6653345369377348e-16,-2.220446049250313e-16,5.883303008666381e-17,2.503672280354693e-15,5.3551131385549994e-14,4.016334853916249e-14,-5.3551131385549994e-14,0.4146403617999878,60,5,0.5,0.99,E[Agg(Q_xi)] - Agg(E[Q_xi]),bellman_backup,True,8x8,fixed,perturbation_seed,10000.0,2026.0,3000.0,support_restricted_tv_l1,exact_support_restricted_l1,,,,,
7,2033,45,Similarity-aware,0.008,-1.3552527156068805e-18,1.0923336887791457e-17,1.6653345369377348e-16,1.6653345369377348e-16,-1.6653345369377348e-16,-3.268501671481323e-16,2.634412347213946e-15,4.016334853916249e-14,4.016334853916249e-14,-4.016334853916249e-14,0.4146403617999878,60,5,0.5,0.99,E[Agg(Q_xi)] - Agg(E[Q_xi]),bellman_backup,True,8x8,fixed,perturbation_seed,10000.0,2026.0,3000.0,support_restricted_tv_l1,exact_support_restricted_l1,,,,,
7,2033,50,Similarity-aware,0.008,-1.111307226797642e-18,1.3145951341386741e-17,2.220446049250313e-16,2.220446049250313e-16,-2.220446049250313e-16,-2.6801713706146846e-16,3.170446621336883e-15,5.3551131385549994e-14,5.3551131385549994e-14,-5.3551131385549994e-14,0.4146403617999878,60,5,0.5,0.99,E[Agg(Q_xi)] - Agg(E[Q_xi]),bellman_backup,True,8x8,fixed,perturbation_seed,10000.0,2026.0,3000.0,support_restricted_tv_l1,exact_support_restricted_l1,,,,,
7,2033,55,Similarity-aware,0.008,-5.5294310796760726e-18,1.0028870095490916e-17,2.220446049250313e-16,2.220446049250313e-16,-2.220446049250313e-16,-1.3335486819643796e-15,2.4186912368961787e-15,5.3551131385549994e-14,5.3551131385549994e-14,-5.3551131385549994e-14,0.4146403617999878,60,5,0.5,0.99,E[Agg(Q_xi)] - Agg(E[Q_xi]),bellman_backup,True,8x8,fixed,perturbation_seed,10000.0,2026.0,3000.0,support_restricted_tv_l1,exact_support_restricted_l1,,,,,
7,2033,60,Similarity-aware,0.008,-5.421010862427522e-18,1.2793585635328952e-17,4.440892098500626e-16,2.220446049250313e-16,-4.440892098500626e-16,-1.3074006685925291e-15,3.0854655778783685e-15,1.0710226277109999e-13,5.3551131385549994e-14,-1.0710226277109999e-13,0.4146403617999878,60,5,0.5,0.99,E[Agg(Q_xi)] - Agg(E[Q_xi]),bellman_backup,True,8x8,fixed,perturbation_seed,10000.0,2026.0,3000.0,support_restricted_tv_l1,exact_support_restricted_l1,,,,,
7,2033,65,Similarity-aware,0.008,0.0,1.6046192152785466e-17,3.3306690738754696e-16,3.3306690738754696e-16,-3.3306690738754696e-16,0.0,3.869905979033886e-15,8.032669707832498e-14,8.032669707832498e-14,-8.032669707832498e-14,0.4146403617999878,60,5,0.5,0.99,E[Agg(Q_xi)] - Agg(E[Q_xi]),bellman_backup,True,8x8,fixed,perturbation_seed,10000.0,2026.0,3000.0,support_restricted_tv_l1,exact_support_restricted_l1,,,,,
7,2033,70,Similarity-aware,0.008,1.6263032587282567e-19,1.6588293239028218e-17,2.7755575615628914e-16,2.7755575615628914e-16,-2.220446049250313e-16,3.922202005777587e-17,4.000646045893139e-15,6.693891423193748e-14,6.693891423193748e-14,-5.3551131385549994e-14,0.4146403617999878,60,5,0.5,0.99,E[Agg(Q_xi)] - Agg(E[Q_xi]),bellman_backup,True,8x8,fixed,perturbation_seed,10000.0,2026.0,3000.0,support_restricted_tv_l1,exact_support_restricted_l1,,,,,
7,2033,75,Similarity-aware,0.008,-5.421010862427522e-20,1.7780915628762273e-17,3.3306690738754696e-16,2.220446049250313e-16,-3.3306690738754696e-16,-1.3074006685925292e-17,4.2882741929834954e-15,8.032669707832498e-14,5.3551131385549994e-14,-8.032669707832498e-14,0.4146403617999878,60,5,0.5,0.99,E[Agg(Q_xi)] - Agg(E[Q_xi]),bellman_backup,True,8x8,fixed,perturbation_seed,10000.0,2026.0,3000.0,support_restricted_tv_l1,exact_support_restricted_l1,,,,,
7,2033,80,Similarity-aware,0.008,2.439454888092385e-18,2.043721095135176e-17,3.3306690738754696e-16,3.3306690738754696e-16,-2.220446049250313e-16,5.88330300866638e-16,4.928900520593835e-15,8.032669707832498e-14,8.032669707832498e-14,-5.3551131385549994e-14,0.4146403617999878,60,5,0.5,0.99,E[Agg(Q_xi)] - Agg(E[Q_xi]),bellman_backup,True,8x8,fixed,perturbation_seed,10000.0,2026.0,3000.0,support_restricted_tv_l1,exact_support_restricted_l1,,,,,
7,2033,85,Similarity-aware,0.008,2.8189256484623115e-18,2.1629833341085813e-17,3.3306690738754696e-16,3.3306690738754696e-16,-2.220446049250313e-16,6.798483476681151e-16,5.216528667684191e-15,8.032669707832498e-14,8.032669707832498e-14,-5.3551131385549994e-14,0.4146403617999878,60,5,0.5,0.99,E[Agg(Q_xi)] - Agg(E[Q_xi]),bellman_backup,True,8x8,fixed,perturbation_seed,10000.0,2026.0,3000.0,support_restricted_tv_l1,exact_support_restricted_l1,,,,,
7,2033,90,Similarity-aware,0.008,1.3010426069826053e-18,2.054563116860031e-17,4.440892098500626e-16,4.440892098500626e-16,-2.220446049250313e-16,3.1377616046220696e-16,4.955048533965685e-15,1.0710226277109999e-13,1.0710226277109999e-13,-5.3551131385549994e-14,0.4146403617999878,60,5,0.5,0.99,E[Agg(Q_xi)] - Agg(E[Q_xi]),bellman_backup,True,8x8,fixed,perturbation_seed,10000.0,2026.0,3000.0,support_restricted_tv_l1,exact_support_restricted_l1,,,,,
7,2033,95,Similarity-aware,0.008,-1.3552527156068805e-18,2.2659825404947043e-17,3.3306690738754696e-16,2.220446049250313e-16,-3.3306690738754696e-16,-3.268501671481323e-16,5.4649347947167715e-15,8.032669707832498e-14,5.3551131385549994e-14,-8.032669707832498e-14,0.4146403617999878,60,5,0.5,0.99,E[Agg(Q_xi)] - Agg(E[Q_xi]),bellman_backup,True,8x8,fixed,perturbation_seed,10000.0,2026.0,3000.0,support_restricted_tv_l1,exact_support_restricted_l1,,,,,
7,2033,100,Similarity-aware,0.008,-4.391018798566293e-18,2.065405138584886e-17,4.440892098500626e-16,4.440892098500626e-16,-2.220446049250313e-16,-1.0589945415599486e-15,4.981196547337536e-15,1.0710226277109999e-13,1.0710226277109999e-13,-5.3551131385549994e-14,0.4146403617999878,60,5,0.5,0.99,E[Agg(Q_xi)] - Agg(E[Q_xi]),bellman_backup,True,8x8,fixed,perturbation_seed,10000.0,2026.0,3000.0,support_restricted_tv_l1,exact_support_restricted_l1,,,,,
7,2033,105,Similarity-aware,0.008,1.8431436932253575e-18,2.3201926491189795e-17,2.7755575615628914e-16,2.220446049250313e-16,-2.7755575615628914e-16,4.445162273214599e-16,5.5956748615760246e-15,6.693891423193748e-14,5.3551131385549994e-14,-6.693891423193748e-14,0.4146403617999878,60,5,0.5,0.99,E[Agg(Q_xi)] - Agg(E[Q_xi]),bellman_backup,True,8x8,fixed,perturbation_seed,10000.0,2026.0,3000.0,support_restricted_tv_l1,exact_support_restricted_l1,,,,,
7,2033,110,Similarity-aware,0.008,-2.5478751053409354e-18,2.2822455730819868e-17,3.3306690738754696e-16,2.220446049250313e-16,-3.3306690738754696e-16,-6.144783142384887e-16,5.504156814774547e-15,8.032669707832498e-14,5.3551131385549994e-14,-8.032669707832498e-14,0.4146403617999878,60,5,0.5,0.99,E[Agg(Q_xi)] - Agg(E[Q_xi]),bellman_backup,True,8x8,fixed,perturbation_seed,10000.0,2026.0,3000.0,support_restricted_tv_l1,exact_support_restricted_l1,,,,,
7,2033,115,Similarity-aware,0.008,-7.535205098774256e-18,1.973247953923618e-17,4.440892098500626e-16,2.220446049250313e-16,-4.440892098500626e-16,-1.8172869293436154e-15,4.758938433676806e-15,1.0710226277109999e-13,5.3551131385549994e-14,-1.0710226277109999e-13,0.4146403617999878,60,5,0.5,0.99,E[Agg(Q_xi)] - Agg(E[Q_xi]),bellman_backup,True,8x8,fixed,perturbation_seed,10000.0,2026.0,3000.0,support_restricted_tv_l1,exact_support_restricted_l1,,,,,
7,2033,120,Similarity-aware,0.008,3.3610267347050637e-18,2.6020852139652106e-17,3.3306690738754696e-16,3.3306690738754696e-16,-2.7755575615628914e-16,8.10588414527368e-16,6.2755232092441396e-15,8.032669707832498e-14,8.032669707832498e-14,-6.693891423193748e-14,0.4146403617999878,60,5,0.5,0.99,E[Agg(Q_xi)] - Agg(E[Q_xi]),bellman_backup,True,8x8,fixed,perturbation_seed,10000.0,2026.0,3000.0,support_restricted_tv_l1,exact_support_restricted_l1,,,,,
7,2033,125,Similarity-aware,0.008,-6.071532165918825e-18,1.9949319973733282e-17,3.3306690738754696e-16,2.220446049250313e-16,-3.3306690738754696e-16,-1.4642887488236325e-15,4.811234460420507e-15,8.032669707832498e-14,5.3551131385549994e-14,-8.032669707832498e-14,0.4146403617999878,60,5,0.5,0.99,E[Agg(Q_xi)] - Agg(E[Q_xi]),bellman_backup,True,8x8,fixed,perturbation_seed,10000.0,2026.0,3000.0,support_restricted_tv_l1,exact_support_restricted_l1,,,,,
7,2033,130,Similarity-aware,0.008,-4.065758146820642e-18,2.3418766925686896e-17,4.440892098500626e-16,4.440892098500626e-16,-2.7755575615628914e-16,-9.805505014443969e-16,5.6479708883197255e-15,1.0710226277109999e-13,1.0710226277109999e-13,-6.693891423193748e-14,0.4146403617999878,60,5,0.5,0.99,E[Agg(Q_xi)] - Agg(E[Q_xi]),bellman_backup,True,8x8,fixed,perturbation_seed,10000.0,2026.0,3000.0,support_restricted_tv_l1,exact_support_restricted_l1,,,,,
7,2033,135,Similarity-aware,0.008,-5.366800753803247e-18,2.2714035513571318e-17,3.3306690738754696e-16,2.7755575615628914e-16,-3.3306690738754696e-16,-1.2943266619066037e-15,5.478008801402697e-15,8.032669707832498e-14,6.693891423193748e-14,-8.032669707832498e-14,0.4146403617999878,60,5,0.5,0.99,E[Agg(Q_xi)] - Agg(E[Q_xi]),bellman_backup,True,8x8,fixed,perturbation_seed,10000.0,2026.0,3000.0,support_restricted_tv_l1,exact_support_restricted_l1,,,,,
7,2033,140,Similarity-aware,0.008,-3.957337929572091e-18,2.7159264420761886e-17,3.3306690738754696e-16,3.3306690738754696e-16,-3.3306690738754696e-16,-9.544024880725462e-16,6.550077349648571e-15,8.032669707832498e-14,8.032669707832498e-14,-8.032669707832498e-14,0.4146403617999878,60,5,0.5,0.99,E[Agg(Q_xi)] - Agg(E[Q_xi]),bellman_backup,True,8x8,fixed,perturbation_seed,10000.0,2026.0,3000.0,support_restricted_tv_l1,exact_support_restricted_l1,,,,,
7,2033,145,Similarity-aware,0.008,-2.656295322589486e-18,2.824346659324739e-17,4.440892098500626e-16,4.440892098500626e-16,-3.3306690738754696e-16,-6.406263276103392e-16,6.811557483367076e-15,1.0710226277109999e-13,1.0710226277109999e-13,-8.032669707832498e-14,0.4146403617999878,60,5,0.5,0.99,E[Agg(Q_xi)] - Agg(E[Q_xi]),bellman_backup,True,8x8,fixed,perturbation_seed,10000.0,2026.0,3000.0,support_restricted_tv_l1,exact_support_restricted_l1,,,,,
7,2033,150,Similarity-aware,0.008,3.2526065174565133e-18,2.5804011705155006e-17,2.220446049250313e-16,2.220446049250313e-16,-2.220446049250313e-16,7.844404011555174e-16,6.223227182500439e-15,5.3551131385549994e-14,5.3551131385549994e-14,-5.3551131385549994e-14,0.4146403617999878,60,5,0.5,0.99,E[Agg(Q_xi)] - Agg(E[Q_xi]),bellman_backup,True,8x8,fixed,perturbation_seed,10000.0,2026.0,3000.0,support_restricted_tv_l1,exact_support_restricted_l1,,,,,
7,2033,155,Similarity-aware,0.008,2.927345865710862e-18,2.959871930885427e-17,4.440892098500626e-16,4.440892098500626e-16,-4.440892098500626e-16,7.059963610399657e-16,7.13840765051521e-15,1.0710226277109999e-13,1.0710226277109999e-13,-1.0710226277109999e-13,0.4146403617999878,60,5,0.5,0.99,E[Agg(Q_xi)] - Agg(E[Q_xi]),bellman_backup,True,8x8,fixed,perturbation_seed,10000.0,2026.0,3000.0,support_restricted_tv_l1,exact_support_restricted_l1,,,,,
7,2033,160,Similarity-aware,0.008,2.4936649967166602e-18,2.992397996059992e-17,2.220446049250313e-16,2.220446049250313e-16,-2.220446049250313e-16,6.014043075525634e-16,7.21685169063076e-15,5.3551131385549994e-14,5.3551131385549994e-14,-5.3551131385549994e-14,0.4146403617999878,60,5,0.5,0.99,E[Agg(Q_xi)] - Agg(E[Q_xi]),bellman_backup,True,8x8,fixed,perturbation_seed,10000.0,2026.0,3000.0,support_restricted_tv_l1,exact_support_restricted_l1,,,,,
7,2033,165,Similarity-aware,0.008,8.456776945386935e-18,3.3285006695304986e-17,5.551115123125783e-16,5.551115123125783e-16,-2.220446049250313e-16,2.0395450430043455e-15,8.027440105158128e-15,1.3387782846387497e-13,1.3387782846387497e-13,-5.3551131385549994e-14,0.4146403617999878,60,5,0.5,0.99,E[Agg(Q_xi)] - Agg(E[Q_xi]),bellman_backup,True,8x8,fixed,perturbation_seed,10000.0,2026.0,3000.0,support_restricted_tv_l1,exact_support_restricted_l1,,,,,
7,2033,170,Similarity-aware,0.008,-1.8431436932253575e-18,2.949029909160572e-17,4.440892098500626e-16,4.440892098500626e-16,-2.7755575615628914e-16,-4.445162273214599e-16,7.112259637143359e-15,1.0710226277109999e-13,1.0710226277109999e-13,-6.693891423193748e-14,0.4146403617999878,60,5,0.5,0.99,E[Agg(Q_xi)] - Agg(E[Q_xi]),bellman_backup,True,8x8,fixed,perturbation_seed,10000.0,2026.0,3000.0,support_restricted_tv_l1,exact_support_restricted_l1,,,,,
7,2033,175,Similarity-aware,0.008,-6.830473686658678e-18,2.6129272356900657e-17,3.3306690738754696e-16,2.220446049250313e-16,-3.3306690738754696e-16,-1.6473248424265867e-15,6.30167122261599e-15,8.032669707832498e-14,5.3551131385549994e-14,-8.032669707832498e-14,0.4146403617999878,60,5,0.5,0.99,E[Agg(Q_xi)] - Agg(E[Q_xi]),bellman_backup,True,8x8,fixed,perturbation_seed,10000.0,2026.0,3000.0,support_restricted_tv_l1,exact_support_restricted_l1,,,,,
7,2033,180,Similarity-aware,0.008,2.168404344971009e-19,3.2851325826310784e-17,2.7755575615628914e-16,2.220446049250313e-16,-2.7755575615628914e-16,5.2296026743701166e-17,7.922848051670726e-15,6.693891423193748e-14,5.3551131385549994e-14,-6.693891423193748e-14,0.4146403617999878,60,5,0.5,0.99,E[Agg(Q_xi)] - Agg(E[Q_xi]),bellman_backup,True,8x8,fixed,perturbation_seed,10000.0,2026.0,3000.0,support_restricted_tv_l1,exact_support_restricted_l1,,,,,
7,2033,185,Similarity-aware,0.008,-2.8189256484623115e-18,2.905661822261152e-17,2.7755575615628914e-16,2.7755575615628914e-16,-2.220446049250313e-16,-6.798483476681151e-16,7.0076675836559555e-15,6.693891423193748e-14,6.693891423193748e-14,-5.3551131385549994e-14,0.4146403617999878,60,5,0.5,0.99,E[Agg(Q_xi)] - Agg(E[Q_xi]),bellman_backup,True,8x8,fixed,perturbation_seed,10000.0,2026.0,3000.0,support_restricted_tv_l1,exact_support_restricted_l1,,,,,
7,2033,190,Similarity-aware,0.008,-4.336808689942018e-19,2.905661822261152e-17,3.3306690738754696e-16,3.3306690738754696e-16,-2.220446049250313e-16,-1.0459205348740233e-16,7.0076675836559555e-15,8.032669707832498e-14,8.032669707832498e-14,-5.3551131385549994e-14,0.4146403617999878,60,5,0.5,0.99,E[Agg(Q_xi)] - Agg(E[Q_xi]),bellman_backup,True,8x8,fixed,perturbation_seed,10000.0,2026.0,3000.0,support_restricted_tv_l1,exact_support_restricted_l1,,,,,
7,2033,195,Similarity-aware,0.008,-5.637851296924623e-18,2.7755575615628914e-17,3.3306690738754696e-16,2.220446049250313e-16,-3.3306690738754696e-16,-1.3596966953362303e-15,6.693891423193749e-15,8.032669707832498e-14,5.3551131385549994e-14,-8.032669707832498e-14,0.4146403617999878,60,5,0.5,0.99,E[Agg(Q_xi)] - Agg(E[Q_xi]),bellman_backup,True,8x8,fixed,perturbation_seed,10000.0,2026.0,3000.0,support_restricted_tv_l1,exact_support_restricted_l1,,,,,
7,2033,200,Similarity-aware,0.008,3.0357660829594124e-18,3.5019730171281793e-17,4.440892098500626e-16,4.440892098500626e-16,-4.440892098500626e-16,7.321443744118162e-16,8.445808319107739e-15,1.0710226277109999e-13,1.0710226277109999e-13,-1.0710226277109999e-13,0.4146403617999878,60,5,0.5,0.99,E[Agg(Q_xi)] - Agg(E[Q_xi]),bellman_backup,True,8x8,fixed,perturbation_seed,10000.0,2026.0,3000.0,support_restricted_tv_l1,exact_support_restricted_l1,,,,,
7,2033,205,Similarity-aware,0.008,5.421010862427522e-19,3.393552799879629e-17,3.3306690738754696e-16,3.3306690738754696e-16,-3.3306690738754696e-16,1.307400668592529e-16,8.184328185389232e-15,8.032669707832498e-14,8.032669707832498e-14,-8.032669707832498e-14,0.4146403617999878,60,5,0.5,0.99,E[Agg(Q_xi)] - Agg(E[Q_xi]),bellman_backup,True,8x8,fixed,perturbation_seed,10000.0,2026.0,3000.0,support_restricted_tv_l1,exact_support_restricted_l1,,,,,
7,2033,210,Similarity-aware,0.008,-6.071532165918825e-18,3.176712365382528e-17,3.3306690738754696e-16,3.3306690738754696e-16,-3.3306690738754696e-16,-1.4642887488236325e-15,7.66136791795222e-15,8.032669707832498e-14,8.032669707832498e-14,-8.032669707832498e-14,0.4146403617999878,60,5,0.5,0.99,E[Agg(Q_xi)] - Agg(E[Q_xi]),bellman_backup,True,8x8,fixed,perturbation_seed,10000.0,2026.0,3000.0,support_restricted_tv_l1,exact_support_restricted_l1,,,,,
7,2033,215,Similarity-aware,0.008,1.0516761073109393e-17,3.7621815385247004e-17,3.3306690738754696e-16,3.3306690738754696e-16,-3.3306690738754696e-16,2.5363572970695065e-15,9.073360640032151e-15,8.032669707832498e-14,8.032669707832498e-14,-8.032669707832498e-14,0.4146403617999878,60,5,0.5,0.99,E[Agg(Q_xi)] - Agg(E[Q_xi]),bellman_backup,True,8x8,fixed,perturbation_seed,10000.0,2026.0,3000.0,support_restricted_tv_l1,exact_support_restricted_l1,,,,,
7,2033,220,Similarity-aware,0.008,1.3010426069826053e-18,3.621235256101585e-17,3.3306690738754696e-16,3.3306690738754696e-16,-3.3306690738754696e-16,3.1377616046220696e-16,8.733436466198094e-15,8.032669707832498e-14,8.032669707832498e-14,-8.032669707832498e-14,0.4146403617999878,60,5,0.5,0.99,E[Agg(Q_xi)] - Agg(E[Q_xi]),bellman_backup,True,8x8,fixed,perturbation_seed,10000.0,2026.0,3000.0,support_restricted_tv_l1,exact_support_restricted_l1,,,,,
7,2033,225,Similarity-aware,0.008,3.144186300207963e-18,3.469446951953614e-17,3.3306690738754696e-16,3.3306690738754696e-16,-2.220446049250313e-16,7.582923877836669e-16,8.367364278992186e-15,8.032669707832498e-14,8.032669707832498e-14,-5.3551131385549994e-14,0.4146403617999878,60,5,0.5,0.99,E[Agg(Q_xi)] - Agg(E[Q_xi]),bellman_backup,True,8x8,fixed,perturbation_seed,10000.0,2026.0,3000.0,support_restricted_tv_l1,exact_support_restricted_l1,,,,,
7,2033,230,Similarity-aware,0.008,-6.7220534694101275e-18,3.0899761915836876e-17,4.440892098500626e-16,3.3306690738754696e-16,-4.440892098500626e-16,-1.621176829054736e-15,7.452183810977416e-15,1.0710226277109999e-13,8.032669707832498e-14,-1.0710226277109999e-13,0.4146403617999878,60,5,0.5,0.99,E[Agg(Q_xi)] - Agg(E[Q_xi]),bellman_backup,True,8x8,fixed,perturbation_seed,10000.0,2026.0,3000.0,support_restricted_tv_l1,exact_support_restricted_l1,,,,,
7,2033,235,Similarity-aware,0.008,-8.673617379884035e-19,3.65376132127615e-17,3.3306690738754696e-16,3.3306690738754696e-16,-3.3306690738754696e-16,-2.0918410697480466e-16,8.811880506313647e-15,8.032669707832498e-14,8.032669707832498e-14,-8.032669707832498e-14,0.4146403617999878,60,5,0.5,0.99,E[Agg(Q_xi)] - Agg(E[Q_xi]),bellman_backup,True,8x8,fixed,perturbation_seed,10000.0,2026.0,3000.0,support_restricted_tv_l1,exact_support_restricted_l1,,,,,
7,2033,240,Similarity-aware,0.008,1.8431436932253575e-18,3.458604930228759e-17,3.3306690738754696e-16,3.3306690738754696e-16,-3.3306690738754696e-16,4.445162273214599e-16,8.341216265620335e-15,8.032669707832498e-14,8.032669707832498e-14,-8.032669707832498e-14,0.4146403617999878,60,5,0.5,0.99,E[Agg(Q_xi)] - Agg(E[Q_xi]),bellman_backup,True,8x8,fixed,perturbation_seed,10000.0,2026.0,3000.0,support_restricted_tv_l1,exact_support_restricted_l1,,,,,
7,2033,245,Similarity-aware,0.008,9.432558900623889e-18,4.206704429243757e-17,3.3306690738754696e-16,3.3306690738754696e-16,-3.3306690738754696e-16,2.2748771633510008e-15,1.0145429188278026e-14,8.032669707832498e-14,8.032669707832498e-14,-8.032669707832498e-14,0.4146403617999878,60,5,0.5,0.99,E[Agg(Q_xi)] - Agg(E[Q_xi]),bellman_backup,True,8x8,fixed,perturbation_seed,10000.0,2026.0,3000.0,support_restricted_tv_l1,exact_support_restricted_l1,,,,,
7,2033,250,Similarity-aware,0.008,3.3610267347050637e-18,3.5236570605778894e-17,4.440892098500626e-16,4.440892098500626e-16,-3.3306690738754696e-16,8.10588414527368e-16,8.49810434585144e-15,1.0710226277109999e-13,1.0710226277109999e-13,-8.032669707832498e-14,0.4146403617999878,60,5,0.5,0.99,E[Agg(Q_xi)] - Agg(E[Q_xi]),bellman_backup,True,8x8,fixed,perturbation_seed,10000.0,2026.0,3000.0,support_restricted_tv_l1,exact_support_restricted_l1,,,,,
7,2033,255,Similarity-aware,0.008,5.9631119486702744e-18,4.087442190270352e-17,4.440892098500626e-16,4.440892098500626e-16,-3.3306690738754696e-16,1.438140735451782e-15,9.85780104118767e-15,1.0710226277109999e-13,1.0710226277109999e-13,-8.032669707832498e-14,0.4146403617999878,60,5,0.5,0.99,E[Agg(Q_xi)] - Agg(E[Q_xi]),bellman_backup,True,8x8,fixed,perturbation_seed,10000.0,2026.0,3000.0,support_restricted_tv_l1,exact_support_restricted_l1,,,,,
7,2033,260,Similarity-aware,0.008,3.2526065174565133e-18,4.0223900599212215e-17,3.3306690738754696e-16,3.3306690738754696e-16,-3.3306690738754696e-16,7.844404011555174e-16,9.700912960956565e-15,8.032669707832498e-14,8.032669707832498e-14,-8.032669707832498e-14,0.4146403617999878,60,5,0.5,0.99,E[Agg(Q_xi)] - Agg(E[Q_xi]),bellman_backup,True,8x8,fixed,perturbation_seed,10000.0,2026.0,3000.0,support_restricted_tv_l1,exact_support_restricted_l1,,,,,
7,2033,265,Similarity-aware,0.008,-7.37257477290143e-18,3.946495907847236e-17,4.440892098500626e-16,4.440892098500626e-16,-3.3306690738754696e-16,-1.7780649092858397e-15,9.517876867353612e-15,1.0710226277109999e-13,1.0710226277109999e-13,-8.032669707832498e-14,0.4146403617999878,60,5,0.5,0.99,E[Agg(Q_xi)] - Agg(E[Q_xi]),bellman_backup,True,8x8,fixed,perturbation_seed,10000.0,2026.0,3000.0,support_restricted_tv_l1,exact_support_restricted_l1,,,,,
7,2033,270,Similarity-aware,0.008,1.734723475976807e-18,3.892285799222961e-17,4.440892098500626e-16,3.3306690738754696e-16,-4.440892098500626e-16,4.1836821394960933e-16,9.387136800494358e-15,1.0710226277109999e-13,8.032669707832498e-14,-1.0710226277109999e-13,0.4146403617999878,60,5,0.5,0.99,E[Agg(Q_xi)] - Agg(E[Q_xi]),bellman_backup,True,8x8,fixed,perturbation_seed,10000.0,2026.0,3000.0,support_restricted_tv_l1,exact_support_restricted_l1,,,,,
7,2033,275,Similarity-aware,0.008,2.168404344971009e-18,3.5453411040275995e-17,3.3306690738754696e-16,3.3306690738754696e-16,-3.3306690738754696e-16,5.229602674370116e-16,8.55040037259514e-15,8.032669707832498e-14,8.032669707832498e-14,-8.032669707832498e-14,0.4146403617999878,60,5,0.5,0.99,E[Agg(Q_xi)] - Agg(E[Q_xi]),bellman_backup,True,8x8,fixed,perturbation_seed,10000.0,2026.0,3000.0,support_restricted_tv_l1,exact_support_restricted_l1,,,,,
7,2033,280,Similarity-aware,0.008,-5.204170427930421e-18,3.621235256101585e-17,5.551115123125783e-16,5.551115123125783e-16,-3.3306690738754696e-16,-1.2551046418488278e-15,8.733436466198094e-15,1.3387782846387497e-13,1.3387782846387497e-13,-8.032669707832498e-14,0.4146403617999878,60,5,0.5,0.99,E[Agg(Q_xi)] - Agg(E[Q_xi]),bellman_backup,True,8x8,fixed,perturbation_seed,10000.0,2026.0,3000.0,support_restricted_tv_l1,exact_support_restricted_l1,,,,,
7,2033,285,Similarity-aware,0.008,-6.071532165918825e-18,3.220080452281948e-17,3.3306690738754696e-16,2.220446049250313e-16,-3.3306690738754696e-16,-1.4642887488236325e-15,7.765959971439622e-15,8.032669707832498e-14,5.3551131385549994e-14,-8.032669707832498e-14,0.4146403617999878,60,5,0.5,0.99,E[Agg(Q_xi)] - Agg(E[Q_xi]),bellman_backup,True,8x8,fixed,perturbation_seed,10000.0,2026.0,3000.0,support_restricted_tv_l1,exact_support_restricted_l1,,,,,
7,2033,290,Similarity-aware,0.008,6.505213034913027e-19,4.109126233720062e-17,3.3306690738754696e-16,3.3306690738754696e-16,-3.3306690738754696e-16,1.5688808023110348e-16,9.91009706793137e-15,8.032669707832498e-14,8.032669707832498e-14,-8.032669707832498e-14,0.4146403617999878,60,5,0.5,0.99,E[Agg(Q_xi)] - Agg(E[Q_xi]),bellman_backup,True,8x8,fixed,perturbation_seed,10000.0,2026.0,3000.0,support_restricted_tv_l1,exact_support_restricted_l1,,,,,
7,2033,295,Similarity-aware,0.008,1.6263032587282567e-18,3.5561831257524545e-17,4.440892098500626e-16,4.440892098500626e-16,-2.220446049250313e-16,3.922202005777587e-16,8.576548385966991e-15,1.0710226277109999e-13,1.0710226277109999e-13,-5.3551131385549994e-14,0.4146403617999878,60,5,0.5,0.99,E[Agg(Q_xi)] - Agg(E[Q_xi]),bellman_backup,True,8x8,fixed,perturbation_seed,10000.0,2026.0,3000.0,support_restricted_tv_l1,exact_support_restricted_l1,,,,,
7,2033,300,Similarity-aware,0.008,9.75781955236954e-18,4.3259666682171627e-17,5.551115123125783e-16,5.551115123125783e-16,-3.3306690738754696e-16,2.353321203466552e-15,1.0433057335368383e-14,1.3387782846387497e-13,1.3387782846387497e-13,-8.032669707832498e-14,0.4146403617999878,60,5,0.5,0.99,E[Agg(Q_xi)] - Agg(E[Q_xi]),bellman_backup,True,8x8,fixed,perturbation_seed,10000.0,2026.0,3000.0,support_restricted_tv_l1,exact_support_restricted_l1,,,,,
7,2033,305,Similarity-aware,0.008,3.577867169202165e-18,4.228388472693467e-17,4.440892098500626e-16,4.440892098500626e-16,-4.440892098500626e-16,8.628844412710692e-16,1.0197725215021727e-14,1.0710226277109999e-13,1.0710226277109999e-13,-1.0710226277109999e-13,0.4146403617999878,60,5,0.5,0.99,E[Agg(Q_xi)] - Agg(E[Q_xi]),bellman_backup,True,8x8,fixed,perturbation_seed,10000.0,2026.0,3000.0,support_restricted_tv_l1,exact_support_restricted_l1,,,,,
7,2033,310,Similarity-aware,0.008,-8.673617379884035e-18,3.382710778154774e-17,3.3306690738754696e-16,3.3306690738754696e-16,-3.3306690738754696e-16,-2.0918410697480464e-15,8.158180172017382e-15,8.032669707832498e-14,8.032669707832498e-14,-8.032669707832498e-14,0.4146403617999878,60,5,0.5,0.99,E[Agg(Q_xi)] - Agg(E[Q_xi]),bellman_backup,True,8x8,fixed,perturbation_seed,10000.0,2026.0,3000.0,support_restricted_tv_l1,exact_support_restricted_l1,,,,,
7,2033,315,Similarity-aware,0.008,-1.1817803680091998e-17,3.176712365382528e-17,4.440892098500626e-16,4.440892098500626e-16,-4.440892098500626e-16,-2.850133457531713e-15,7.66136791795222e-15,1.0710226277109999e-13,1.0710226277109999e-13,-1.0710226277109999e-13,0.4146403617999878,60,5,0.5,0.99,E[Agg(Q_xi)] - Agg(E[Q_xi]),bellman_backup,True,8x8,fixed,perturbation_seed,10000.0,2026.0,3000.0,support_restricted_tv_l1,exact_support_restricted_l1,,,,,
7,2033,320,Similarity-aware,0.008,-4.0115480381963664e-18,3.7621815385247004e-17,4.440892098500626e-16,4.440892098500626e-16,-3.3306690738754696e-16,-9.674764947584714e-16,9.073360640032151e-15,1.0710226277109999e-13,1.0710226277109999e-13,-8.032669707832498e-14,0.4146403617999878,60,5,0.5,0.99,E[Agg(Q_xi)] - Agg(E[Q_xi]),bellman_backup,True,8x8,fixed,perturbation_seed,10000.0,2026.0,3000.0,support_restricted_tv_l1,exact_support_restricted_l1,,,,,
7,2033,325,Similarity-aware,0.008,2.168404344971009e-18,3.935653886122381e-17,3.3306690738754696e-16,3.3306690738754696e-16,-3.3306690738754696e-16,5.229602674370116e-16,9.491728853981762e-15,8.032669707832498e-14,8.032669707832498e-14,-8.032669707832498e-14,0.4146403617999878,60,5,0.5,0.99,E[Agg(Q_xi)] - Agg(E[Q_xi]),bellman_backup,True,8x8,fixed,perturbation_seed,10000.0,2026.0,3000.0,support_restricted_tv_l1,exact_support_restricted_l1,,,,,
7,2033,330,Similarity-aware,0.008,2.168404344971009e-19,4.2500725161431774e-17,3.3306690738754696e-16,3.3306690738754696e-16,-3.3306690738754696e-16,5.2296026743701166e-17,1.0250021241765428e-14,8.032669707832498e-14,8.032669707832498e-14,-8.032669707832498e-14,0.4146403617999878,60,5,0.5,0.99,E[Agg(Q_xi)] - Agg(E[Q_xi]),bellman_backup,True,8x8,fixed,perturbation_seed,10000.0,2026.0,3000.0,support_restricted_tv_l1,exact_support_restricted_l1,,,,,
7,2033,335,Similarity-aware,0.008,1.1817803680091998e-17,4.195862407518902e-17,4.440892098500626e-16,3.3306690738754696e-16,-4.440892098500626e-16,2.850133457531713e-15,1.0119281174906176e-14,1.0710226277109999e-13,8.032669707832498e-14,-1.0710226277109999e-13,0.4146403617999878,60,5,0.5,0.99,E[Agg(Q_xi)] - Agg(E[Q_xi]),bellman_backup,True,8x8,fixed,perturbation_seed,10000.0,2026.0,3000.0,support_restricted_tv_l1,exact_support_restricted_l1,,,,,
7,2033,340,Similarity-aware,0.008,-1.1709383462843448e-17,3.5561831257524545e-17,4.440892098500626e-16,4.440892098500626e-16,-4.440892098500626e-16,-2.8239854441598627e-15,8.576548385966991e-15,1.0710226277109999e-13,1.0710226277109999e-13,-1.0710226277109999e-13,0.4146403617999878,60,5,0.5,0.99,E[Agg(Q_xi)] - Agg(E[Q_xi]),bellman_backup,True,8x8,fixed,perturbation_seed,10000.0,2026.0,3000.0,support_restricted_tv_l1,exact_support_restricted_l1,,,,,
7,2033,345,Similarity-aware,0.008,7.914675859144182e-18,4.336808689942018e-17,3.3306690738754696e-16,3.3306690738754696e-16,-3.3306690738754696e-16,1.9088049761450924e-15,1.0459205348740233e-14,8.032669707832498e-14,8.032669707832498e-14,-8.032669707832498e-14,0.4146403617999878,60,5,0.5,0.99,E[Agg(Q_xi)] - Agg(E[Q_xi]),bellman_backup,True,8x8,fixed,perturbation_seed,10000.0,2026.0,3000.0,support_restricted_tv_l1,exact_support_restricted_l1,,,,,
7,2033,350,Similarity-aware,0.008,-1.3335686721571705e-17,3.436920886779049e-17,3.3306690738754696e-16,3.3306690738754696e-16,-3.3306690738754696e-16,-3.2162056447376216e-15,8.288920238876634e-15,8.032669707832498e-14,8.032669707832498e-14,-8.032669707832498e-14,0.4146403617999878,60,5,0.5,0.99,E[Agg(Q_xi)] - Agg(E[Q_xi]),bellman_backup,True,8x8,fixed,perturbation_seed,10000.0,2026.0,3000.0,support_restricted_tv_l1,exact_support_restricted_l1,,,,,
7,2033,355,Similarity-aware,0.008,4.119968255444917e-18,4.141652298894627e-17,4.440892098500626e-16,4.440892098500626e-16,-3.3306690738754696e-16,9.93624508130322e-16,9.988541108046922e-15,1.0710226277109999e-13,1.0710226277109999e-13,-8.032669707832498e-14,0.4146403617999878,60,5,0.5,0.99,E[Agg(Q_xi)] - Agg(E[Q_xi]),bellman_backup,True,8x8,fixed,perturbation_seed,10000.0,2026.0,3000.0,support_restricted_tv_l1,exact_support_restricted_l1,,,,,
7,2033,360,Similarity-aware,0.008,-3.144186300207963e-18,3.9898639947466563e-17,4.440892098500626e-16,4.440892098500626e-16,-3.3306690738754696e-16,-7.582923877836669e-16,9.622468920841014e-15,1.0710226277109999e-13,1.0710226277109999e-13,-8.032669707832498e-14,0.4146403617999878,60,5,0.5,0.99,E[Agg(Q_xi)] - Agg(E[Q_xi]),bellman_backup,True,8x8,fixed,perturbation_seed,10000.0,2026.0,3000.0,support_restricted_tv_l1,exact_support_restricted_l1,,,,,
7,2033,365,Similarity-aware,0.008,-1.0842021724855044e-17,3.5561831257524545e-17,4.440892098500626e-16,4.440892098500626e-16,-3.3306690738754696e-16,-2.6148013371850583e-15,8.576548385966991e-15,1.0710226277109999e-13,1.0710226277109999e-13,-8.032669707832498e-14,0.4146403617999878,60,5,0.5,0.99,E[Agg(Q_xi)] - Agg(E[Q_xi]),bellman_backup,True,8x8,fixed,perturbation_seed,10000.0,2026.0,3000.0,support_restricted_tv_l1,exact_support_restricted_l1,,,,,
7,2033,370,Similarity-aware,0.008,4.9873299934333204e-18,4.174178364069192e-17,3.3306690738754696e-16,3.3306690738754696e-16,-3.3306690738754696e-16,1.2028086151051267e-15,1.0066985148162473e-14,8.032669707832498e-14,8.032669707832498e-14,-8.032669707832498e-14,0.4146403617999878,60,5,0.5,0.99,E[Agg(Q_xi)] - Agg(E[Q_xi]),bellman_backup,True,8x8,fixed,perturbation_seed,10000.0,2026.0,3000.0,support_restricted_tv_l1,exact_support_restricted_l1,,,,,
7,2033,375,Similarity-aware,0.008,-2.3852447794681098e-18,3.946495907847236e-17,3.3306690738754696e-16,2.220446049250313e-16,-3.3306690738754696e-16,-5.752562941807128e-16,9.517876867353612e-15,8.032669707832498e-14,5.3551131385549994e-14,-8.032669707832498e-14,0.4146403617999878,60,5,0.5,0.99,E[Agg(Q_xi)] - Agg(E[Q_xi]),bellman_backup,True,8x8,fixed,perturbation_seed,10000.0,2026.0,3000.0,support_restricted_tv_l1,exact_support_restricted_l1,,,,,
7,2033,380,Similarity-aware,0.008,3.903127820947816e-18,4.629543276513104e-17,4.440892098500626e-16,4.440892098500626e-16,-3.3306690738754696e-16,9.41328481386621e-16,1.1165201709780199e-14,1.0710226277109999e-13,1.0710226277109999e-13,-8.032669707832498e-14,0.4146403617999878,60,5,0.5,0.99,E[Agg(Q_xi)] - Agg(E[Q_xi]),bellman_backup,True,8x8,fixed,perturbation_seed,10000.0,2026.0,3000.0,support_restricted_tv_l1,exact_support_restricted_l1,,,,,
7,2033,385,Similarity-aware,0.008,-6.830473686658678e-18,4.098284211995207e-17,4.440892098500626e-16,4.440892098500626e-16,-3.3306690738754696e-16,-1.6473248424265867e-15,9.88394905455952e-15,1.0710226277109999e-13,1.0710226277109999e-13,-8.032669707832498e-14,0.4146403617999878,60,5,0.5,0.99,E[Agg(Q_xi)] - Agg(E[Q_xi]),bellman_backup,True,8x8,fixed,perturbation_seed,10000.0,2026.0,3000.0,support_restricted_tv_l1,exact_support_restricted_l1,,,,,
7,2033,390,Similarity-aware,0.008,-1.6479873021779667e-17,3.5453411040275995e-17,5.551115123125783e-16,2.220446049250313e-16,-5.551115123125783e-16,-3.974498032521288e-15,8.55040037259514e-15,1.3387782846387497e-13,5.3551131385549994e-14,-1.3387782846387497e-13,0.4146403617999878,60,5,0.5,0.99,E[Agg(Q_xi)] - Agg(E[Q_xi]),bellman_backup,True,8x8,fixed,perturbation_seed,10000.0,2026.0,3000.0,support_restricted_tv_l1,exact_support_restricted_l1,,,,,
7,2033,395,Similarity-aware,0.008,-4.0115480381963664e-18,3.9898639947466563e-17,4.440892098500626e-16,4.440892098500626e-16,-4.440892098500626e-16,-9.674764947584714e-16,9.622468920841014e-15,1.0710226277109999e-13,1.0710226277109999e-13,-1.0710226277109999e-13,0.4146403617999878,60,5,0.5,0.99,E[Agg(Q_xi)] - Agg(E[Q_xi]),bellman_backup,True,8x8,fixed,perturbation_seed,10000.0,2026.0,3000.0,support_restricted_tv_l1,exact_support_restricted_l1,,,,,
7,2033,400,Similarity-aware,0.008,-2.4936649967166602e-18,4.2392304944183223e-17,4.440892098500626e-16,4.440892098500626e-16,-3.3306690738754696e-16,-6.014043075525634e-16,1.0223873228393577e-14,1.0710226277109999e-13,1.0710226277109999e-13,-8.032669707832498e-14,0.4146403617999878,60,5,0.5,0.99,E[Agg(Q_xi)] - Agg(E[Q_xi]),bellman_backup,True,8x8,fixed,perturbation_seed,10000.0,2026.0,3000.0,support_restricted_tv_l1,exact_support_restricted_l1,,,,,
7,2033,405,Similarity-aware,0.008,-1.3877787807814457e-17,3.404394821604484e-17,4.440892098500626e-16,3.3306690738754696e-16,-4.440892098500626e-16,-3.3469457115968746e-15,8.210476198761083e-15,1.0710226277109999e-13,8.032669707832498e-14,-1.0710226277109999e-13,0.4146403617999878,60,5,0.5,0.99,E[Agg(Q_xi)] - Agg(E[Q_xi]),bellman_backup,True,8x8,fixed,perturbation_seed,10000.0,2026.0,3000.0,support_restricted_tv_l1,exact_support_restricted_l1,,,,,
7,2033,410,Similarity-aware,0.008,1.2685165418080402e-17,4.2609145378680324e-17,4.440892098500626e-16,3.3306690738754696e-16,-4.440892098500626e-16,3.059317564506518e-15,1.0276169255137278e-14,1.0710226277109999e-13,8.032669707832498e-14,-1.0710226277109999e-13,0.4146403617999878,60,5,0.5,0.99,E[Agg(Q_xi)] - Agg(E[Q_xi]),bellman_backup,True,8x8,fixed,perturbation_seed,10000.0,2026.0,3000.0,support_restricted_tv_l1,exact_support_restricted_l1,,,,,
7,2033,415,Similarity-aware,0.008,-7.914675859144182e-18,3.642919299551295e-17,5.551115123125783e-16,3.3306690738754696e-16,-5.551115123125783e-16,-1.9088049761450924e-15,8.785732492941796e-15,1.3387782846387497e-13,8.032669707832498e-14,-1.3387782846387497e-13,0.4146403617999878,60,5,0.5,0.99,E[Agg(Q_xi)] - Agg(E[Q_xi]),bellman_backup,True,8x8,fixed,perturbation_seed,10000.0,2026.0,3000.0,support_restricted_tv_l1,exact_support_restricted_l1,,,,,
7,2033,420,Similarity-aware,0.008,4.0115480381963664e-18,4.5102810375396984e-17,4.440892098500626e-16,4.440892098500626e-16,-4.440892098500626e-16,9.674764947584714e-16,1.0877573562689842e-14,1.0710226277109999e-13,1.0710226277109999e-13,-1.0710226277109999e-13,0.4146403617999878,60,5,0.5,0.99,E[Agg(Q_xi)] - Agg(E[Q_xi]),bellman_backup,True,8x8,fixed,perturbation_seed,10000.0,2026.0,3000.0,support_restricted_tv_l1,exact_support_restricted_l1,,,,,
7,2033,425,Similarity-aware,0.008,-5.095750210681871e-18,3.599551212651875e-17,5.551115123125783e-16,5.551115123125783e-16,-3.3306690738754696e-16,-1.2289566284769774e-15,8.681140439454393e-15,1.3387782846387497e-13,1.3387782846387497e-13,-8.032669707832498e-14,0.4146403617999878,60,5,0.5,0.99,E[Agg(Q_xi)] - Agg(E[Q_xi]),bellman_backup,True,8x8,fixed,perturbation_seed,10000.0,2026.0,3000.0,support_restricted_tv_l1,exact_support_restricted_l1,,,,,
7,2033,430,Similarity-aware,0.008,-1.0842021724855044e-18,4.195862407518902e-17,4.440892098500626e-16,4.440892098500626e-16,-4.440892098500626e-16,-2.614801337185058e-16,1.0119281174906176e-14,1.0710226277109999e-13,1.0710226277109999e-13,-1.0710226277109999e-13,0.4146403617999878,60,5,0.5,0.99,E[Agg(Q_xi)] - Agg(E[Q_xi]),bellman_backup,True,8x8,fixed,perturbation_seed,10000.0,2026.0,3000.0,support_restricted_tv_l1,exact_support_restricted_l1,,,,,
7,2033,435,Similarity-aware,0.008,4.7704895589362195e-18,4.336808689942018e-17,4.440892098500626e-16,4.440892098500626e-16,-2.220446049250313e-16,1.1505125883614256e-15,1.0459205348740233e-14,1.0710226277109999e-13,1.0710226277109999e-13,-5.3551131385549994e-14,0.4146403617999878,60,5,0.5,0.99,E[Agg(Q_xi)] - Agg(E[Q_xi]),bellman_backup,True,8x8,fixed,perturbation_seed,10000.0,2026.0,3000.0,support_restricted_tv_l1,exact_support_restricted_l1,,,,,
7,2033,440,Similarity-aware,0.008,-4.0115480381963664e-18,3.881443777498106e-17,5.551115123125783e-16,3.3306690738754696e-16,-5.551115123125783e-16,-9.674764947584714e-16,9.360988787122508e-15,1.3387782846387497e-13,8.032669707832498e-14,-1.3387782846387497e-13,0.4146403617999878,60,5,0.5,0.99,E[Agg(Q_xi)] - Agg(E[Q_xi]),bellman_backup,True,8x8,fixed,perturbation_seed,10000.0,2026.0,3000.0,support_restricted_tv_l1,exact_support_restricted_l1,,,,,
7,2033,445,Similarity-aware,0.008,-7.806255641895632e-18,3.74049749507499e-17,4.440892098500626e-16,3.3306690738754696e-16,-4.440892098500626e-16,-1.882656962773242e-15,9.02106461328845e-15,1.0710226277109999e-13,8.032669707832498e-14,-1.0710226277109999e-13,0.4146403617999878,60,5,0.5,0.99,E[Agg(Q_xi)] - Agg(E[Q_xi]),bellman_backup,True,8x8,fixed,perturbation_seed,10000.0,2026.0,3000.0,support_restricted_tv_l1,exact_support_restricted_l1,,,,,
7,2033,450,Similarity-aware,0.008,-7.914675859144182e-18,3.881443777498106e-17,5.551115123125783e-16,5.551115123125783e-16,-3.3306690738754696e-16,-1.9088049761450924e-15,9.360988787122508e-15,1.3387782846387497e-13,1.3387782846387497e-13,-8.032669707832498e-14,0.4146403617999878,60,5,0.5,0.99,E[Agg(Q_xi)] - Agg(E[Q_xi]),bellman_backup,True,8x8,fixed,perturbation_seed,10000.0,2026.0,3000.0,support_restricted_tv_l1,exact_support_restricted_l1,,,,,
7,2033,455,Similarity-aware,0.008,-5.095750210681871e-18,3.935653886122381e-17,4.440892098500626e-16,4.440892098500626e-16,-3.3306690738754696e-16,-1.2289566284769774e-15,9.491728853981762e-15,1.0710226277109999e-13,1.0710226277109999e-13,-8.032669707832498e-14,0.4146403617999878,60,5,0.5,0.99,E[Agg(Q_xi)] - Agg(E[Q_xi]),bellman_backup,True,8x8,fixed,perturbation_seed,10000.0,2026.0,3000.0,support_restricted_tv_l1,exact_support_restricted_l1,,,,,
7,2033,460,Similarity-aware,0.008,1.0842021724855044e-18,4.174178364069192e-17,3.3306690738754696e-16,3.3306690738754696e-16,-3.3306690738754696e-16,2.614801337185058e-16,1.0066985148162473e-14,8.032669707832498e-14,8.032669707832498e-14,-8.032669707832498e-14,0.4146403617999878,60,5,0.5,0.99,E[Agg(Q_xi)] - Agg(E[Q_xi]),bellman_backup,True,8x8,fixed,perturbation_seed,10000.0,2026.0,3000.0,support_restricted_tv_l1,exact_support_restricted_l1,,,,,
7,2033,465,Similarity-aware,0.008,2.927345865710862e-18,4.0332320816460765e-17,4.440892098500626e-16,4.440892098500626e-16,-3.3306690738754696e-16,7.059963610399657e-16,9.727060974328416e-15,1.0710226277109999e-13,1.0710226277109999e-13,-8.032669707832498e-14,0.4146403617999878,60,5,0.5,0.99,E[Agg(Q_xi)] - Agg(E[Q_xi]),bellman_backup,True,8x8,fixed,perturbation_seed,10000.0,2026.0,3000.0,support_restricted_tv_l1,exact_support_restricted_l1,,,,,
7,2033,470,Similarity-aware,0.008,1.0842021724855044e-18,3.859759734048396e-17,3.3306690738754696e-16,3.3306690738754696e-16,-3.3306690738754696e-16,2.614801337185058e-16,9.308692760378807e-15,8.032669707832498e-14,8.032669707832498e-14,-8.032669707832498e-14,0.4146403617999878,60,5,0.5,0.99,E[Agg(Q_xi)] - Agg(E[Q_xi]),bellman_backup,True,8x8,fixed,perturbation_seed,10000.0,2026.0,3000.0,support_restricted_tv_l1,exact_support_restricted_l1,,,,,
7,2033,475,Similarity-aware,0.008,1.5720931501039814e-17,4.85722573273506e-17,4.440892098500626e-16,4.440892098500626e-16,-4.440892098500626e-16,3.791461938918334e-15,1.171430999058906e-14,1.0710226277109999e-13,1.0710226277109999e-13,-1.0710226277109999e-13,0.4146403617999878,60,5,0.5,0.99,E[Agg(Q_xi)] - Agg(E[Q_xi]),bellman_backup,True,8x8,fixed,perturbation_seed,10000.0,2026.0,3000.0,support_restricted_tv_l1,exact_support_restricted_l1,,,,,
7,2033,480,Similarity-aware,0.008,-7.589415207398531e-19,4.2392304944183223e-17,3.3306690738754696e-16,3.3306690738754696e-16,-3.3306690738754696e-16,-1.8303609360295406e-16,1.0223873228393577e-14,8.032669707832498e-14,8.032669707832498e-14,-8.032669707832498e-14,0.4146403617999878,60,5,0.5,0.99,E[Agg(Q_xi)] - Agg(E[Q_xi]),bellman_backup,True,8x8,fixed,perturbation_seed,10000.0,2026.0,3000.0,support_restricted_tv_l1,exact_support_restricted_l1,,,,,
7,2033,485,Similarity-aware,0.008,-3.903127820947816e-18,3.859759734048396e-17,4.440892098500626e-16,4.440892098500626e-16,-3.3306690738754696e-16,-9.41328481386621e-16,9.308692760378807e-15,1.0710226277109999e-13,1.0710226277109999e-13,-8.032669707832498e-14,0.4146403617999878,60,5,0.5,0.99,E[Agg(Q_xi)] - Agg(E[Q_xi]),bellman_backup,True,8x8,fixed,perturbation_seed,10000.0,2026.0,3000.0,support_restricted_tv_l1,exact_support_restricted_l1,,,,,
7,2033,490,Similarity-aware,0.008,-4.0115480381963664e-18,3.848917712323541e-17,4.440892098500626e-16,4.440892098500626e-16,-4.440892098500626e-16,-9.674764947584714e-16,9.282544747006956e-15,1.0710226277109999e-13,1.0710226277109999e-13,-1.0710226277109999e-13,0.4146403617999878,60,5,0.5,0.99,E[Agg(Q_xi)] - Agg(E[Q_xi]),bellman_backup,True,8x8,fixed,perturbation_seed,10000.0,2026.0,3000.0,support_restricted_tv_l1,exact_support_restricted_l1,,,,,
7,2033,495,Similarity-aware,0.008,5.421010862427522e-18,4.369334755116583e-17,4.440892098500626e-16,4.440892098500626e-16,-4.440892098500626e-16,1.3074006685925291e-15,1.0537649388855785e-14,1.0710226277109999e-13,1.0710226277109999e-13,-1.0710226277109999e-13,0.4146403617999878,60,5,0.5,0.99,E[Agg(Q_xi)] - Agg(E[Q_xi]),bellman_backup,True,8x8,fixed,perturbation_seed,10000.0,2026.0,3000.0,support_restricted_tv_l1,exact_support_restricted_l1,,,,,
7,2033,500,Similarity-aware,0.008,-4.336808689942018e-19,3.8163916471489756e-17,3.3306690738754696e-16,3.3306690738754696e-16,-3.3306690738754696e-16,-1.0459205348740233e-16,9.204100706891405e-15,8.032669707832498e-14,8.032669707832498e-14,-8.032669707832498e-14,0.4146403617999878,60,5,0.5,0.99,E[Agg(Q_xi)] - Agg(E[Q_xi]),bellman_backup,True,8x8,fixed,perturbation_seed,10000.0,2026.0,3000.0,support_restricted_tv_l1,exact_support_restricted_l1,,,,,
7,2033,-1,metadata,,,,,,,,,,,,0.4146403617999878,60,5,0.5,0.99,,,,8x8,fixed,perturbation_seed,,,,support_restricted_tv_l1,exact_support_restricted_l1,0.0,0.01,0.02498903395802976,0.009747973246549234,0.39134230250575125
7,2033,-1,metadata,,,,,,,,,,,,0.4146403617999878,60,5,0.5,0.99,,,,8x8,fixed,perturbation_seed,,,,support_restricted_tv_l1,exact_support_restricted_l1,1.0,0.015,0.034460588843514106,0.013859793763876003,0.2837842872898437
7,2033,-1,metadata,,,,,,,,,,,,0.4146403617999878,60,5,0.5,0.99,,,,8x8,fixed,perturbation_seed,,,,support_restricted_tv_l1,exact_support_restricted_l1,2.0,0.02,0.04990550909978397,0.019751175024509647,0.19595955728497572
7,2033,-1,metadata,,,,,,,,,,,,0.4146403617999878,60,5,0.5,0.99,,,,8x8,fixed,perturbation_seed,,,,support_restricted_tv_l1,exact_support_restricted_l1,3.0,0.03,0.07586095903200979,0.029597490992730787,0.12891385291942928
8,2034,5,Maximum-based,0.008,0.002895909590428587,0.002895909590428587,0.004194903895157341,0.004194903895157341,5.5103229202657644e-05,0.6984147847684692,0.6984147847684692,1.0116969503274886,1.0116969503274886,0.01328940312598851,0.4146403617999878,60,5,0.5,0.99,E[Agg(Q_xi)] - Agg(E[Q_xi]),bellman_backup,True,8x8,fixed,perturbation_seed,11000.0,2026.0,3000.0,support_restricted_tv_l1,exact_support_restricted_l1,,,,,
8,2034,10,Maximum-based,0.008,0.002803511188128018,0.002803511188128018,0.004043831383904616,0.004043831383904616,0.00024158870566537427,0.6761307982555643,0.6761307982555643,0.9752623614232855,0.9752623614232855,0.05826463796640971,0.4146403617999878,60,5,0.5,0.99,E[Agg(Q_xi)] - Agg(E[Q_xi]),bellman_backup,True,8x8,fixed,perturbation_seed,11000.0,2026.0,3000.0,support_restricted_tv_l1,exact_support_restricted_l1,,,,,
8,2034,15,Maximum-based,0.008,0.002780330070003187,0.002780330070003187,0.004035964819174273,0.004035964819174273,0.0003098908703907943,0.6705401418071184,0.6705401418071184,0.9733651595454478,0.9733651595454478,0.07473726606004602,0.4146403617999878,60,5,0.5,0.99,E[Agg(Q_xi)] - Agg(E[Q_xi]),bellman_backup,True,8x8,fixed,perturbation_seed,11000.0,2026.0,3000.0,support_restricted_tv_l1,exact_support_restricted_l1,,,,,
8,2034,20,Maximum-based,0.008,0.0027036691489043213,0.0027036691489043213,0.00398249516933772,0.00398249516933772,0.00012174934060249498,0.6520516085716962,0.6520516085716962,0.9604697314196288,0.9604697314196288,0.029362636110476827,0.4146403617999878,60,5,0.5,0.99,E[Agg(Q_xi)] - Agg(E[Q_xi]),bellman_backup,True,8x8,fixed,perturbation_seed,11000.0,2026.0,3000.0,support_restricted_tv_l1,exact_support_restricted_l1,,,,,
8,2034,25,Maximum-based,0.008,0.002696413020389434,0.002696413020389434,0.004217493603321847,0.004217493603321847,0.000206144535547792,0.6503016273389507,0.6503016273389507,1.0171449747471186,1.0171449747471186,0.04971646625352671,0.4146403617999878,60,5,0.5,0.99,E[Agg(Q_xi)] - Agg(E[Q_xi]),bellman_backup,True,8x8,fixed,perturbation_seed,11000.0,2026.0,3000.0,support_restricted_tv_l1,exact_support_restricted_l1,,,,,
8,2034,30,Maximum-based,0.008,0.002649050064414536,0.002649050064414536,0.0038461859069408855,0.0038461859069408855,0.0003140379451427311,0.6388789680085152,0.6388789680085152,0.9275956373962914,0.9275956373962914,0.07573742791933391,0.4146403617999878,60,5,0.5,0.99,E[Agg(Q_xi)] - Agg(E[Q_xi]),bellman_backup,True,8x8,fixed,perturbation_seed,11000.0,2026.0,3000.0,support_restricted_tv_l1,exact_support_restricted_l1,,,,,
8,2034,35,Maximum-based,0.008,0.0026334421204587634,0.0026334421204587634,0.004136749339788144,0.004136749339788144,0.00012437194829001408,0.6351147555985083,0.6351147555985083,0.9976716501573015,0.9976716501573015,0.029995137894947142,0.4146403617999878,60,5,0.5,0.99,E[Agg(Q_xi)] - Agg(E[Q_xi]),bellman_backup,True,8x8,fixed,perturbation_seed,11000.0,2026.0,3000.0,support_restricted_tv_l1,exact_support_restricted_l1,,,,,
8,2034,40,Maximum-based,0.008,0.0026385619660658664,0.0026385619660658664,0.004291052679766358,0.004291052679766358,0.00034634174801206896,0.6363495233825411,0.6363495233825411,1.0348854272503878,1.0348854272503878,0.08352822829610003,0.4146403617999878,60,5,0.5,0.99,E[Agg(Q_xi)] - Agg(E[Q_xi]),bellman_backup,True,8x8,fixed,perturbation_seed,11000.0,2026.0,3000.0,support_restricted_tv_l1,exact_support_restricted_l1,,,,,
8,2034,45,Maximum-based,0.008,0.002632017242346291,0.002632017242346291,0.004167022129186834,0.004167022129186834,0.0001992880345004222,0.6347711136755931,0.6347711136755931,1.0049726252160907,1.0049726252160907,0.048062864318200116,0.4146403617999878,60,5,0.5,0.99,E[Agg(Q_xi)] - Agg(E[Q_xi]),bellman_backup,True,8x8,fixed,perturbation_seed,11000.0,2026.0,3000.0,support_restricted_tv_l1,exact_support_restricted_l1,,,,,
8,2034,50,Maximum-based,0.008,0.0025618394257553466,0.0025618394257553466,0.004171333041242842,0.004171333041242842,0.00033451328497713373,0.6178461292658997,0.6178461292658997,1.0060123001858148,1.0060123001858148,0.08067552409152455,0.4146403617999878,60,5,0.5,0.99,E[Agg(Q_xi)] - Agg(E[Q_xi]),bellman_backup,True,8x8,fixed,perturbation_seed,11000.0,2026.0,3000.0,support_restricted_tv_l1,exact_support_restricted_l1,,,,,
8,2034,55,Maximum-based,0.008,0.0025980836524266246,0.0025980836524266246,0.0040526154700972344,0.0040526154700972344,0.0001384607053114273,0.6265872529022816,0.6265872529022816,0.9773808445720282,0.9773808445720282,0.03339296365417926,0.4146403617999878,60,5,0.5,0.99,E[Agg(Q_xi)] - Agg(E[Q_xi]),bellman_backup,True,8x8,fixed,perturbation_seed,11000.0,2026.0,3000.0,support_restricted_tv_l1,exact_support_restricted_l1,,,,,
8,2034,60,Maximum-based,0.008,0.002578915373281995,0.002578915373281995,0.004049010312416321,0.004049010312416321,0.0002176880625197608,0.6219643842887633,0.6219643842887633,0.9765113784001237,0.9765113784001237,0.05250045161420347,0.4146403617999878,60,5,0.5,0.99,E[Agg(Q_xi)] - Agg(E[Q_xi]),bellman_backup,True,8x8,fixed,perturbation_seed,11000.0,2026.0,3000.0,support_restricted_tv_l1,exact_support_restricted_l1,,,,,
8,2034,65,Maximum-based,0.008,0.002562974542266546,0.002562974542266546,0.004161204636201177,0.004161204636201177,0.000251209458673296,0.6181198885560641,0.6181198885560641,1.0035696038217423,1.0035696038217423,0.06058490243997839,0.4146403617999878,60,5,0.5,0.99,E[Agg(Q_xi)] - Agg(E[Q_xi]),bellman_backup,True,8x8,fixed,perturbation_seed,11000.0,2026.0,3000.0,support_restricted_tv_l1,exact_support_restricted_l1,,,,,
8,2034,70,Maximum-based,0.008,0.002523215580672058,0.002523215580672058,0.003966158512824169,0.003966158512824169,0.00011457241861712042,0.608531106262442,0.608531106262442,0.9565297733213308,0.9565297733213308,0.02763175734261666,0.4146403617999878,60,5,0.5,0.99,E[Agg(Q_xi)] - Agg(E[Q_xi]),bellman_backup,True,8x8,fixed,perturbation_seed,11000.0,2026.0,3000.0,support_restricted_tv_l1,exact_support_restricted_l1,,,,,
8,2034,75,Maximum-based,0.008,0.0025396377983268915,0.0025396377983268915,0.004021994046393557,0.004021994046393557,0.0001586906331606519,0.6124916993854904,0.6124916993854904,0.9699957883824312,0.9699957883824312,0.03827187311716661,0.4146403617999878,60,5,0.5,0.99,E[Agg(Q_xi)] - Agg(E[Q_xi]),bellman_backup,True,8x8,fixed,perturbation_seed,11000.0,2026.0,3000.0,support_restricted_tv_l1,exact_support_restricted_l1,,,,,
8,2034,80,Maximum-based,0.008,0.0025534229446656006,0.0025534229446656006,0.0042464892471081594,0.0042464892471081594,0.0001727690601711629,0.6158163024894591,0.6158163024894591,1.0241379369518686,1.0241379369518686,0.0416672075581736,0.4146403617999878,60,5,0.5,0.99,E[Agg(Q_xi)] - Agg(E[Q_xi]),bellman_backup,True,8x8,fixed,perturbation_seed,11000.0,2026.0,3000.0,support_restricted_tv_l1,exact_support_restricted_l1,,,,,
8,2034,85,Maximum-based,0.008,0.002549066778009985,0.002549066778009985,0.004094575704775089,0.004094575704775089,0.0002941426716832063,0.6147657133387298,0.6147657133387298,0.987500514180578,0.987500514180578,0.07093922801106695,0.4146403617999878,60,5,0.5,0.99,E[Agg(Q_xi)] - Agg(E[Q_xi]),bellman_backup,True,8x8,fixed,perturbation_seed,11000.0,2026.0,3000.0,support_restricted_tv_l1,exact_support_restricted_l1,,,,,
8,2034,90,Maximum-based,0.008,0.0025272373636301224,0.0025272373636301224,0.00402223330929663,0.00402223330929663,0.0002177300754013789,0.6095010511420494,0.6095010511420494,0.9700534920999455,0.9700534920999455,0.05251058398082492,0.4146403617999878,60,5,0.5,0.99,E[Agg(Q_xi)] - Agg(E[Q_xi]),bellman_backup,True,8x8,fixed,perturbation_seed,11000.0,2026.0,3000.0,support_restricted_tv_l1,exact_support_restricted_l1,,,,,
8,2034,95,Maximum-based,0.008,0.002513509961248819,0.002513509961248819,0.004050105316077052,0.004050105316077052,0.00022271297130094236,0.6061903743131677,0.6061903743131677,0.9767754635596044,0.9767754635596044,0.05371232321285055,0.4146403617999878,60,5,0.5,0.99,E[Agg(Q_xi)] - Agg(E[Q_xi]),bellman_backup,True,8x8,fixed,perturbation_seed,11000.0,2026.0,3000.0,support_restricted_tv_l1,exact_support_restricted_l1,,,,,
8,2034,100,Maximum-based,0.008,0.002495696150532096,0.002495696150532096,0.0037503960254424984,0.0037503960254424984,0.00015924090757379883,0.6018941667178935,0.6018941667178935,0.9044937181613777,0.9044937181613777,0.038404584368613076,0.4146403617999878,60,5,0.5,0.99,E[Agg(Q_xi)] - Agg(E[Q_xi]),bellman_backup,True,8x8,fixed,perturbation_seed,11000.0,2026.0,3000.0,support_restricted_tv_l1,exact_support_restricted_l1,,,,,
8,2034,105,Maximum-based,0.008,0.0025211905069938622,0.0025211905069938622,0.004085529112292874,0.004085529112292874,0.00014043698217258704,0.6080427134611709,0.6080427134611709,0.9853187216404252,0.9853187216404252,0.03386958798775368,0.4146403617999878,60,5,0.5,0.99,E[Agg(Q_xi)] - Agg(E[Q_xi]),bellman_backup,True,8x8,fixed,perturbation_seed,11000.0,2026.0,3000.0,support_restricted_tv_l1,exact_support_restricted_l1,,,,,
8,2034,110,Maximum-based,0.008,0.0025227074805472885,0.0025227074805472885,0.004203030228458748,0.004203030228458748,0.00027746831150265994,0.608408566304546,0.608408566304546,1.013656801333341,1.013656801333341,0.06691782495513636,0.4146403617999878,60,5,0.5,0.99,E[Agg(Q_xi)] - Agg(E[Q_xi]),bellman_backup,True,8x8,fixed,perturbation_seed,11000.0,2026.0,3000.0,support_restricted_tv_l1,exact_support_restricted_l1,,,,,
8,2034,115,Maximum-based,0.008,0.0024948368774014144,0.0024948368774014144,0.004050295943369059,0.004050295943369059,0.00010928521897135557,0.6016869333634388,0.6016869333634388,0.976821437687926,0.976821437687926,0.026356628307224957,0.4146403617999878,60,5,0.5,0.99,E[Agg(Q_xi)] - Agg(E[Q_xi]),bellman_backup,True,8x8,fixed,perturbation_seed,11000.0,2026.0,3000.0,support_restricted_tv_l1,exact_support_restricted_l1,,,,,
8,2034,120,Maximum-based,0.008,0.002541945267475567,0.002541945267475567,0.003848769298525734,0.003848769298525734,0.0002368070575602399,0.613048198308716,0.613048198308716,0.9282186813213047,0.9282186813213047,0.057111434239600085,0.4146403617999878,60,5,0.5,0.99,E[Agg(Q_xi)] - Agg(E[Q_xi]),bellman_backup,True,8x8,fixed,perturbation_seed,11000.0,2026.0,3000.0,support_restricted_tv_l1,exact_support_restricted_l1,,,,,
8,2034,125,Maximum-based,0.008,0.0025023870456517515,0.0025023870456517515,0.00396493643974119,0.00396493643974119,0.00032476748436843783,0.60350782899877,0.60350782899877,0.9562350424664584,0.9562350424664584,0.0783251015310221,0.4146403617999878,60,5,0.5,0.99,E[Agg(Q_xi)] - Agg(E[Q_xi]),bellman_backup,True,8x8,fixed,perturbation_seed,11000.0,2026.0,3000.0,support_restricted_tv_l1,exact_support_restricted_l1,,,,,
8,2034,130,Maximum-based,0.008,0.0025098725340857494,0.0025098725340857494,0.003949034586907568,0.003949034586907568,6.239378851402577e-05,0.6053131256181108,0.6053131256181108,0.9523999472131669,0.9523999472131669,0.015047688132233249,0.4146403617999878,60,5,0.5,0.99,E[Agg(Q_xi)] - Agg(E[Q_xi]),bellman_backup,True,8x8,fixed,perturbation_seed,11000.0,2026.0,3000.0,support_restricted_tv_l1,exact_support_restricted_l1,,,,,
8,2034,135,Maximum-based,0.008,0.0025025943062140475,0.0025025943062140475,0.003927607608817912,0.003927607608817912,0.0002617176383114539,0.603557814620381,0.603557814620381,0.9472323417256935,0.9472323417256935,0.0631191901278776,0.4146403617999878,60,5,0.5,0.99,E[Agg(Q_xi)] - Agg(E[Q_xi]),bellman_backup,True,8x8,fixed,perturbation_seed,11000.0,2026.0,3000.0,support_restricted_tv_l1,exact_support_restricted_l1,,,,,
8,2034,140,Maximum-based,0.008,0.002514659487744232,0.002514659487744232,0.004116681625627505,0.004116681625627505,0.00029580407823381893,0.6064676089003707,0.6064676089003707,0.9928318622327679,0.9928318622327679,0.07133991417278077,0.4146403617999878,60,5,0.5,0.99,E[Agg(Q_xi)] - Agg(E[Q_xi]),bellman_backup,True,8x8,fixed,perturbation_seed,11000.0,2026.0,3000.0,support_restricted_tv_l1,exact_support_restricted_l1,,,,,
8,2034,145,Maximum-based,0.008,0.002507987017587345,0.002507987017587345,0.004025713837702699,0.004025713837702699,0.00029783727984872277,0.6048583902203749,0.6048583902203749,0.9708929010737751,0.9708929010737751,0.07183026721175592,0.4146403617999878,60,5,0.5,0.99,E[Agg(Q_xi)] - Agg(E[Q_xi]),bellman_backup,True,8x8,fixed,perturbation_seed,11000.0,2026.0,3000.0,support_restricted_tv_l1,exact_support_restricted_l1,,,,,
8,2034,150,Maximum-based,0.008,0.002497124223485238,0.002497124223485238,0.0038992552847774697,0.0038992552847774697,0.00022175485668052275,0.6022385791496556,0.6022385791496556,0.9403945307809599,0.9403945307809599,0.053481251974088276,0.4146403617999878,60,5,0.5,0.99,E[Agg(Q_xi)] - Agg(E[Q_xi]),bellman_backup,True,8x8,fixed,perturbation_seed,11000.0,2026.0,3000.0,support_restricted_tv_l1,exact_support_restricted_l1,,,,,
8,2034,155,Maximum-based,0.008,0.002497683188464438,0.002497683188464438,0.004242744765487222,0.004242744765487222,2.4825833277564158e-05,0.6023733863297318,0.6023733863297318,1.0232348696275295,1.0232348696275295,0.00598731709807342,0.4146403617999878,60,5,0.5,0.99,E[Agg(Q_xi)] - Agg(E[Q_xi]),bellman_backup,True,8x8,fixed,perturbation_seed,11000.0,2026.0,3000.0,support_restricted_tv_l1,exact_support_restricted_l1,,,,,
8,2034,160,Maximum-based,0.008,0.00249856255622943,0.00249856255622943,0.004187498395539169,0.004187498395539169,0.0001999296840708431,0.6025854659645205,0.6025854659645205,1.0099109448392565,1.0099109448392565,0.0482176127772347,0.4146403617999878,60,5,0.5,0.99,E[Agg(Q_xi)] - Agg(E[Q_xi]),bellman_backup,True,8x8,fixed,perturbation_seed,11000.0,2026.0,3000.0,support_restricted_tv_l1,exact_support_restricted_l1,,,,,
8,2034,165,Maximum-based,0.008,0.002477903378295572,0.002477903378295572,0.003864946665410929,0.003864946665410929,0.00022662348492297202,0.5976030330329615,0.5976030330329615,0.932120223085104,0.932120223085104,0.054655432948973154,0.4146403617999878,60,5,0.5,0.99,E[Agg(Q_xi)] - Agg(E[Q_xi]),bellman_backup,True,8x8,fixed,perturbation_seed,11000.0,2026.0,3000.0,support_restricted_tv_l1,exact_support_restricted_l1,,,,,
8,2034,170,Maximum-based,0.008,0.002524993679811219,0.002524993679811219,0.004141866405088179,0.004141866405088179,9.463456029445982e-05,0.6089599355089347,0.6089599355089347,0.9989057474067401,0.9989057474067401,0.022823287121312416,0.4146403617999878,60,5,0.5,0.99,E[Agg(Q_xi)] - Agg(E[Q_xi]),bellman_backup,True,8x8,fixed,perturbation_seed,11000.0,2026.0,3000.0,support_restricted_tv_l1,exact_support_restricted_l1,,,,,
8,2034,175,Maximum-based,0.008,0.002509690148438145,0.002509690148438145,0.00423675661773118,0.00423675661773118,4.2823956416415676e-05,0.6052691391507027,0.6052691391507027,1.021790690934928,1.021790690934928,0.010327975846469304,0.4146403617999878,60,5,0.5,0.99,E[Agg(Q_xi)] - Agg(E[Q_xi]),bellman_backup,True,8x8,fixed,perturbation_seed,11000.0,2026.0,3000.0,support_restricted_tv_l1,exact_support_restricted_l1,,,,,
8,2034,180,Maximum-based,0.008,0.0025005901224546415,0.0025005901224546415,0.004285830432382592,0.004285830432382592,0.00034614694869583573,0.6030744599004726,0.6030744599004726,1.0336259629374842,1.0336259629374842,0.0834812479887832,0.4146403617999878,60,5,0.5,0.99,E[Agg(Q_xi)] - Agg(E[Q_xi]),bellman_backup,True,8x8,fixed,perturbation_seed,11000.0,2026.0,3000.0,support_restricted_tv_l1,exact_support_restricted_l1,,,,,
8,2034,185,Maximum-based,0.008,0.0025198829781755633,0.0025198829781755633,0.003946852033743314,0.003946852033743314,0.00028854264016353603,0.6077273730026052,0.6077273730026052,0.9518735746345836,0.9518735746345836,0.06958865241939997,0.4146403617999878,60,5,0.5,0.99,E[Agg(Q_xi)] - Agg(E[Q_xi]),bellman_backup,True,8x8,fixed,perturbation_seed,11000.0,2026.0,3000.0,support_restricted_tv_l1,exact_support_restricted_l1,,,,,
8,2034,190,Maximum-based,0.008,0.002467065355477061,0.002467065355477061,0.00395981697738057,0.00395981697738057,0.00020239538980781902,0.5949891961234377,0.5949891961234377,0.9550003671110743,0.9550003671110743,0.048812274070282026,0.4146403617999878,60,5,0.5,0.99,E[Agg(Q_xi)] - Agg(E[Q_xi]),bellman_backup,True,8x8,fixed,perturbation_seed,11000.0,2026.0,3000.0,support_restricted_tv_l1,exact_support_restricted_l1,,,,,
8,2034,195,Maximum-based,0.008,0.002478919604084413,0.002478919604084413,0.004384507437566576,0.004384507437566576,0.00023454001692119197,0.5978481191081398,0.5978481191081398,1.0574241780354112,1.0574241780354112,0.05656468557547908,0.4146403617999878,60,5,0.5,0.99,E[Agg(Q_xi)] - Agg(E[Q_xi]),bellman_backup,True,8x8,fixed,perturbation_seed,11000.0,2026.0,3000.0,support_restricted_tv_l1,exact_support_restricted_l1,,,,,
8,2034,200,Maximum-based,0.008,0.002454979388008445,0.002454979388008445,0.004197212888238211,0.004197212888238211,0.00011211408196865058,0.5920743888393254,0.5920743888393254,1.0122538167817927,1.0122538167817927,0.027038873273685697,0.4146403617999878,60,5,0.5,0.99,E[Agg(Q_xi)] - Agg(E[Q_xi]),bellman_backup,True,8x8,fixed,perturbation_seed,11000.0,2026.0,3000.0,support_restricted_tv_l1,exact_support_restricted_l1,,,,,
8,2034,205,Maximum-based,0.008,0.002494932133331,0.002494932133331,0.004190367843220466,0.004190367843220466,0.00025437246843729167,0.6017099065079663,0.6017099065079663,1.0106029777298418,1.0106029777298418,0.06134773453627137,0.4146403617999878,60,5,0.5,0.99,E[Agg(Q_xi)] - Agg(E[Q_xi]),bellman_backup,True,8x8,fixed,perturbation_seed,11000.0,2026.0,3000.0,support_restricted_tv_l1,exact_support_restricted_l1,,,,,
8,2034,210,Maximum-based,0.008,0.002448098685292066,0.002448098685292066,0.004027082710398533,0.004027082710398533,0.00019326691822041386,0.5904149501183794,0.5904149501183794,0.9712230360104445,0.9712230360104445,0.04661073451253668,0.4146403617999878,60,5,0.5,0.99,E[Agg(Q_xi)] - Agg(E[Q_xi]),bellman_backup,True,8x8,fixed,perturbation_seed,11000.0,2026.0,3000.0,support_restricted_tv_l1,exact_support_restricted_l1,,,,,
8,2034,215,Maximum-based,0.008,0.002444238459882966,0.002444238459882966,0.004388243866329189,0.004388243866329189,0.00013118205490958434,0.5894839685341596,0.5894839685341596,1.0583253032289144,1.0583253032289144,0.031637550753648845,0.4146403617999878,60,5,0.5,0.99,E[Agg(Q_xi)] - Agg(E[Q_xi]),bellman_backup,True,8x8,fixed,perturbation_seed,11000.0,2026.0,3000.0,support_restricted_tv_l1,exact_support_restricted_l1,,,,,
8,2034,220,Maximum-based,0.008,0.002495126239254717,0.002495126239254717,0.004443388678630422,0.004443388678630422,0.00021388668541288958,0.6017567195878301,0.6017567195878301,1.071624735069521,1.071624735069521,0.05158366264306493,0.4146403617999878,60,5,0.5,0.99,E[Agg(Q_xi)] - Agg(E[Q_xi]),bellman_backup,True,8x8,fixed,perturbation_seed,11000.0,2026.0,3000.0,support_restricted_tv_l1,exact_support_restricted_l1,,,,,
8,2034,225,Maximum-based,0.008,0.0024452712004041613,0.0024452712004041613,0.004030677002637373,0.004030677002637373,0.0001039170149499391,0.5897330375144954,0.5897330375144954,0.9720898817326594,0.9720898817326594,0.02506196321526125,0.4146403617999878,60,5,0.5,0.99,E[Agg(Q_xi)] - Agg(E[Q_xi]),bellman_backup,True,8x8,fixed,perturbation_seed,11000.0,2026.0,3000.0,support_restricted_tv_l1,exact_support_restricted_l1,,,,,
8,2034,230,Maximum-based,0.008,0.0024365618032642106,0.0024365618032642106,0.004528293826552732,0.004528293826552732,0.00033861199206020043,0.5876325673378482,0.5876325673378482,1.0921015520281327,1.0921015520281327,0.08166402098200426,0.4146403617999878,60,5,0.5,0.99,E[Agg(Q_xi)] - Agg(E[Q_xi]),bellman_backup,True,8x8,fixed,perturbation_seed,11000.0,2026.0,3000.0,support_restricted_tv_l1,exact_support_restricted_l1,,,,,
8,2034,235,Maximum-based,0.008,0.0024944342447413104,0.0024944342447413104,0.00413916963232841,0.00413916963232841,0.00011102478723223896,0.601589829295143,0.601589829295143,0.9982553590200277,0.9982553590200277,0.026776164951784063,0.4146403617999878,60,5,0.5,0.99,E[Agg(Q_xi)] - Agg(E[Q_xi]),bellman_backup,True,8x8,fixed,perturbation_seed,11000.0,2026.0,3000.0,support_restricted_tv_l1,exact_support_restricted_l1,,,,,
8,2034,240,Maximum-based,0.008,0.002446012582879461,0.002446012582879461,0.004015371966785697,0.004015371966785697,8.041838140981916e-05,0.5899118388429722,0.5899118388429722,0.9683987225350272,0.9683987225350272,0.01939473066749131,0.4146403617999878,60,5,0.5,0.99,E[Agg(Q_xi)] - Agg(E[Q_xi]),bellman_backup,True,8x8,fixed,perturbation_seed,11000.0,2026.0,3000.0,support_restricted_tv_l1,exact_support_restricted_l1,,,,,
8,2034,245,Maximum-based,0.008,0.002487546965768835,0.002487546965768835,0.004500981811582649,0.004500981811582649,0.00011350401549969913,0.5999288045597369,0.5999288045597369,1.0855146353923477,1.0855146353923477,0.027374087512119873,0.4146403617999878,60,5,0.5,0.99,E[Agg(Q_xi)] - Agg(E[Q_xi]),bellman_backup,True,8x8,fixed,perturbation_seed,11000.0,2026.0,3000.0,support_restricted_tv_l1,exact_support_restricted_l1,,,,,
8,2034,250,Maximum-based,0.008,0.0024777006793182377,0.0024777006793182377,0.004271801755790228,0.004271801755790228,0.00013739653484190484,0.5975541475418206,0.5975541475418206,1.0302426269468765,1.0302426269468765,0.033136314623461935,0.4146403617999878,60,5,0.5,0.99,E[Agg(Q_xi)] - Agg(E[Q_xi]),bellman_backup,True,8x8,fixed,perturbation_seed,11000.0,2026.0,3000.0,support_restricted_tv_l1,exact_support_restricted_l1,,,,,
8,2034,255,Maximum-based,0.008,0.0024412623198706296,0.0024412623198706296,0.004175880934917886,0.004175880934917886,0.0003179187745367962,0.5887662043494535,0.5887662043494535,1.0071091286892682,1.0071091286892682,0.07667337862543934,0.4146403617999878,60,5,0.5,0.99,E[Agg(Q_xi)] - Agg(E[Q_xi]),bellman_backup,True,8x8,fixed,perturbation_seed,11000.0,2026.0,3000.0,support_restricted_tv_l1,exact_support_restricted_l1,,,,,
8,2034,260,Maximum-based,0.008,0.002459732996375399,0.002459732996375399,0.004169811603757845,0.004169811603757845,0.00023016337029158063,0.5932208301424146,0.5932208301424146,1.0056453707633166,1.0056453707633166,0.05550915721094361,0.4146403617999878,60,5,0.5,0.99,E[Agg(Q_xi)] - Agg(E[Q_xi]),bellman_backup,True,8x8,fixed,perturbation_seed,11000.0,2026.0,3000.0,support_restricted_tv_l1,exact_support_restricted_l1,,,,,
8,2034,265,Maximum-based,0.008,0.0024708587999226228,0.0024708587999226228,0.004135272762749609,0.004135272762749609,0.000248321848722699,0.5959040719519977,0.5959040719519977,0.997315539856769,0.997315539856769,0.0598884893030465,0.4146403617999878,60,5,0.5,0.99,E[Agg(Q_xi)] - Agg(E[Q_xi]),bellman_backup,True,8x8,fixed,perturbation_seed,11000.0,2026.0,3000.0,support_restricted_tv_l1,exact_support_restricted_l1,,,,,
8,2034,270,Maximum-based,0.008,0.002460461292709889,0.002460461292709889,0.004754515098729373,0.004754515098729373,0.00016574066488972417,0.5933964754489468,0.5933964754489468,1.1466599821806138,1.1466599821806138,0.039972149399597846,0.4146403617999878,60,5,0.5,0.99,E[Agg(Q_xi)] - Agg(E[Q_xi]),bellman_backup,True,8x8,fixed,perturbation_seed,11000.0,2026.0,3000.0,support_restricted_tv_l1,exact_support_restricted_l1,,,,,
8,2034,275,Maximum-based,0.008,0.002439029856886918,0.002439029856886918,0.0041983466180521845,0.0041983466180521845,0.00022236409227249787,0.5882277948772013,0.5882277948772013,1.0125272416382278,1.0125272416382278,0.05362818306138773,0.4146403617999878,60,5,0.5,0.99,E[Agg(Q_xi)] - Agg(E[Q_xi]),bellman_backup,True,8x8,fixed,perturbation_seed,11000.0,2026.0,3000.0,support_restricted_tv_l1,exact_support_restricted_l1,,,,,
8,2034,280,Maximum-based,0.008,0.0024641736671130753,0.0024641736671130753,0.004023573156344273,0.004023573156344273,0.00018058089871675342,0.5942917993839035,0.5942917993839035,0.9703766268381622,0.9703766268381622,0.04355121096577211,0.4146403617999878,60,5,0.5,0.99,E[Agg(Q_xi)] - Agg(E[Q_xi]),bellman_backup,True,8x8,fixed,perturbation_seed,11000.0,2026.0,3000.0,support_restricted_tv_l1,exact_support_restricted_l1,,,,,
8,2034,285,Maximum-based,0.008,0.0024182536726010777,0.0024182536726010777,0.004121578520010716,0.004121578520010716,0.00015558315437136372,0.5832171431896404,0.5832171431896404,0.99401286023353,0.99401286023353,0.03752243358460437,0.4146403617999878,60,5,0.5,0.99,E[Agg(Q_xi)] - Agg(E[Q_xi]),bellman_backup,True,8x8,fixed,perturbation_seed,11000.0,2026.0,3000.0,support_restricted_tv_l1,exact_support_restricted_l1,,,,,
8,2034,290,Maximum-based,0.008,0.0024564963518191527,0.0024564963518191527,0.004252470083359994,0.004252470083359994,0.00023637306767576582,0.5924402393330211,0.5924402393330211,1.0255803523081237,1.0255803523081237,0.05700676765996705,0.4146403617999878,60,5,0.5,0.99,E[Agg(Q_xi)] - Agg(E[Q_xi]),bellman_backup,True,8x8,fixed,perturbation_seed,11000.0,2026.0,3000.0,support_restricted_tv_l1,exact_support_restricted_l1,,,,,
8,2034,295,Maximum-based,0.008,0.002449335750105858,0.002449335750105858,0.004145059367210324,0.004145059367210324,0.00012152483637339895,0.5907132965717786,0.5907132965717786,0.9996758031987725,0.9996758031987725,0.02930849178450686,0.4146403617999878,60,5,0.5,0.99,E[Agg(Q_xi)] - Agg(E[Q_xi]),bellman_backup,True,8x8,fixed,perturbation_seed,11000.0,2026.0,3000.0,support_restricted_tv_l1,exact_support_restricted_l1,,,,,
8,2034,300,Maximum-based,0.008,0.0024462541372680486,0.0024462541372680486,0.004124214917715252,0.004124214917715252,0.00015301608065054761,0.589970095204591,0.589970095204591,0.9946486877957796,0.9946486877957796,0.03690332508545291,0.4146403617999878,60,5,0.5,0.99,E[Agg(Q_xi)] - Agg(E[Q_xi]),bellman_backup,True,8x8,fixed,perturbation_seed,11000.0,2026.0,3000.0,support_restricted_tv_l1,exact_support_restricted_l1,,,,,
8,2034,305,Maximum-based,0.008,0.0024459137505593717,0.0024459137505593717,0.004040030422164775,0.004040030422164775,9.087589491352244e-05,0.5898880031701351,0.5898880031701351,0.9743456726273998,0.9743456726273998,0.021916799059074406,0.4146403617999878,60,5,0.5,0.99,E[Agg(Q_xi)] - Agg(E[Q_xi]),bellman_backup,True,8x8,fixed,perturbation_seed,11000.0,2026.0,3000.0,support_restricted_tv_l1,exact_support_restricted_l1,,,,,
8,2034,310,Maximum-based,0.008,0.0024320332202518386,0.0024320332202518386,0.00412789987522616,0.00412789987522616,0.00015389904731188953,0.5865403960420502,0.5865403960420502,0.9955373995205407,0.9955373995205407,0.03711627267635045,0.4146403617999878,60,5,0.5,0.99,E[Agg(Q_xi)] - Agg(E[Q_xi]),bellman_backup,True,8x8,fixed,perturbation_seed,11000.0,2026.0,3000.0,support_restricted_tv_l1,exact_support_restricted_l1,,,,,
8,2034,315,Maximum-based,0.008,0.002417334317820709,0.002417334317820709,0.004174653264885864,0.004174653264885864,0.00018824419411611615,0.5829954197721762,0.5829954197721762,1.0068130480022137,1.0068130480022137,0.0453993897986517,0.4146403617999878,60,5,0.5,0.99,E[Agg(Q_xi)] - Agg(E[Q_xi]),bellman_backup,True,8x8,fixed,perturbation_seed,11000.0,2026.0,3000.0,support_restricted_tv_l1,exact_support_restricted_l1,,,,,
8,2034,320,Maximum-based,0.008,0.002475769815759444,0.002475769815759444,0.004951692278716113,0.004951692278716113,0.00025966777161479104,0.5970884756640488,0.5970884756640488,1.1942137656885141,1.1942137656885141,0.06262481792354993,0.4146403617999878,60,5,0.5,0.99,E[Agg(Q_xi)] - Agg(E[Q_xi]),bellman_backup,True,8x8,fixed,perturbation_seed,11000.0,2026.0,3000.0,support_restricted_tv_l1,exact_support_restricted_l1,,,,,
8,2034,325,Maximum-based,0.008,0.0024448467840139116,0.0024448467840139116,0.0042634072480263185,0.0042634072480263185,3.352382621868433e-05,0.5896306798018001,0.5896306798018001,1.0282180995401697,1.0282180995401697,0.008085036891525623,0.4146403617999878,60,5,0.5,0.99,E[Agg(Q_xi)] - Agg(E[Q_xi]),bellman_backup,True,8x8,fixed,perturbation_seed,11000.0,2026.0,3000.0,support_restricted_tv_l1,exact_support_restricted_l1,,,,,
8,2034,330,Maximum-based,0.008,0.0024555483461604164,0.0024555483461604164,0.004461137835726103,0.004461137835726103,0.00012604604999366664,0.5922116061014127,0.5922116061014127,1.0759053499663993,1.0759053499663993,0.03039888578296874,0.4146403617999878,60,5,0.5,0.99,E[Agg(Q_xi)] - Agg(E[Q_xi]),bellman_backup,True,8x8,fixed,perturbation_seed,11000.0,2026.0,3000.0,support_restricted_tv_l1,exact_support_restricted_l1,,,,,
8,2034,335,Maximum-based,0.008,0.0024306713627081093,0.0024306713627081093,0.004026443992975415,0.004026443992975415,0.00018314257003582135,0.5862119529696448,0.5862119529696448,0.9710689947057473,0.9710689947057473,0.044169016552268195,0.4146403617999878,60,5,0.5,0.99,E[Agg(Q_xi)] - Agg(E[Q_xi]),bellman_backup,True,8x8,fixed,perturbation_seed,11000.0,2026.0,3000.0,support_restricted_tv_l1,exact_support_restricted_l1,,,,,
8,2034,340,Maximum-based,0.008,0.0024369409596860037,0.0024369409596860037,0.004085501675779146,0.004085501675779146,0.0002621449744990567,0.5877240095747175,0.5877240095747175,0.9853121046980686,0.9853121046980686,0.06322225201643754,0.4146403617999878,60,5,0.5,0.99,E[Agg(Q_xi)] - Agg(E[Q_xi]),bellman_backup,True,8x8,fixed,perturbation_seed,11000.0,2026.0,3000.0,support_restricted_tv_l1,exact_support_restricted_l1,,,,,
8,2034,345,Maximum-based,0.008,0.002444158563003975,0.002444158563003975,0.00438273188832794,0.00438273188832794,0.00019885604849168015,0.5894646995757197,0.5894646995757197,1.056995963755709,1.056995963755709,0.047958681018999146,0.4146403617999878,60,5,0.5,0.99,E[Agg(Q_xi)] - Agg(E[Q_xi]),bellman_backup,True,8x8,fixed,perturbation_seed,11000.0,2026.0,3000.0,support_restricted_tv_l1,exact_support_restricted_l1,,,,,
8,2034,350,Maximum-based,0.008,0.00242364907362088,0.00242364907362088,0.004385865250710996,0.004385865250710996,0.00016850935313761362,0.5845183674593618,0.5845183674593618,1.0577516457084872,1.0577516457084872,0.04063988184992428,0.4146403617999878,60,5,0.5,0.99,E[Agg(Q_xi)] - Agg(E[Q_xi]),bellman_backup,True,8x8,fixed,perturbation_seed,11000.0,2026.0,3000.0,support_restricted_tv_l1,exact_support_restricted_l1,,,,,
8,2034,355,Maximum-based,0.008,0.0024264217940369293,0.0024264217940369293,0.004339175069079104,0.004339175069079104,0.0002541747205657696,0.5851870723591966,0.5851870723591966,1.0464912412873628,1.0464912412873628,0.06130004311745637,0.4146403617999878,60,5,0.5,0.99,E[Agg(Q_xi)] - Agg(E[Q_xi]),bellman_backup,True,8x8,fixed,perturbation_seed,11000.0,2026.0,3000.0,support_restricted_tv_l1,exact_support_restricted_l1,,,,,
8,2034,360,Maximum-based,0.008,0.002448452534162063,0.002448452534162063,0.004129973474433002,0.004129973474433002,0.0001212061231269379,0.5905002888607201,0.5905002888607201,0.996037495362113,0.996037495362113,0.029231626800818953,0.4146403617999878,60,5,0.5,0.99,E[Agg(Q_xi)] - Agg(E[Q_xi]),bellman_backup,True,8x8,fixed,perturbation_seed,11000.0,2026.0,3000.0,support_restricted_tv_l1,exact_support_restricted_l1,,,,,
8,2034,365,Maximum-based,0.008,0.002469542184273068,0.002469542184273068,0.004514003133702982,0.004514003133702982,0.0003550388783680747,0.5955865399963918,0.5955865399963918,1.0886550248285825,1.0886550248285825,0.0856257400574372,0.4146403617999878,60,5,0.5,0.99,E[Agg(Q_xi)] - Agg(E[Q_xi]),bellman_backup,True,8x8,fixed,perturbation_seed,11000.0,2026.0,3000.0,support_restricted_tv_l1,exact_support_restricted_l1,,,,,
8,2034,370,Maximum-based,0.008,0.0024295226967175516,0.0024295226967175516,0.004120064018321656,0.004120064018321656,0.0002892688555545808,0.5859349259128548,0.5859349259128548,0.9936476035367422,0.9936476035367422,0.06976379585885971,0.4146403617999878,60,5,0.5,0.99,E[Agg(Q_xi)] - Agg(E[Q_xi]),bellman_backup,True,8x8,fixed,perturbation_seed,11000.0,2026.0,3000.0,support_restricted_tv_l1,exact_support_restricted_l1,,,,,
8,2034,375,Maximum-based,0.008,0.0024486669721307096,0.0024486669721307096,0.004563291549348258,0.004563291549348258,0.00023684118040878666,0.5905520054779148,0.5905520054779148,1.1005420527655907,1.1005420527655907,0.05711966374441689,0.4146403617999878,60,5,0.5,0.99,E[Agg(Q_xi)] - Agg(E[Q_xi]),bellman_backup,True,8x8,fixed,perturbation_seed,11000.0,2026.0,3000.0,support_restricted_tv_l1,exact_support_restricted_l1,,,,,
8,2034,380,Maximum-based,0.008,0.0024138151384843305,0.0024138151384843305,0.004243693067642995,0.004243693067642995,0.00016784419615756274,0.5821466892431216,0.5821466892431216,1.0234635743661749,1.0234635743661749,0.04047946404178728,0.4146403617999878,60,5,0.5,0.99,E[Agg(Q_xi)] - Agg(E[Q_xi]),bellman_backup,True,8x8,fixed,perturbation_seed,11000.0,2026.0,3000.0,support_restricted_tv_l1,exact_support_restricted_l1,,,,,
8,2034,385,Maximum-based,0.008,0.002447982357799091,0.002447982357799091,0.004419772170601799,0.004419772170601799,8.405370164621395e-05,0.5903868950847426,0.5903868950847426,1.0659290743947853,1.0659290743947853,0.020271471229026027,0.4146403617999878,60,5,0.5,0.99,E[Agg(Q_xi)] - Agg(E[Q_xi]),bellman_backup,True,8x8,fixed,perturbation_seed,11000.0,2026.0,3000.0,support_restricted_tv_l1,exact_support_restricted_l1,,,,,
8,2034,390,Maximum-based,0.008,0.0024450478036424196,0.0024450478036424196,0.0044758391759289196,0.0044758391759289196,0.00029293601609026165,0.5896791602795894,0.5896791602795894,1.0794509141606319,1.0794509141606319,0.07064821543628855,0.4146403617999878,60,5,0.5,0.99,E[Agg(Q_xi)] - Agg(E[Q_xi]),bellman_backup,True,8x8,fixed,perturbation_seed,11000.0,2026.0,3000.0,support_restricted_tv_l1,exact_support_restricted_l1,,,,,
8,2034,395,Maximum-based,0.008,0.0024353112191359944,0.0024353112191359944,0.0041191888561394885,0.0041191888561394885,0.00012163868430947744,0.5873309603927868,0.5873309603927868,0.9934365381743716,0.9934365381743716,0.029335948816326982,0.4146403617999878,60,5,0.5,0.99,E[Agg(Q_xi)] - Agg(E[Q_xi]),bellman_backup,True,8x8,fixed,perturbation_seed,11000.0,2026.0,3000.0,support_restricted_tv_l1,exact_support_restricted_l1,,,,,
8,2034,400,Maximum-based,0.008,0.0024508837403750686,0.0024508837403750686,0.004122672096030955,0.004122672096030955,0.00011663109166126784,0.5910866298050632,0.5910866298050632,0.9942766010848768,0.9942766010848768,0.028128253398912423,0.4146403617999878,60,5,0.5,0.99,E[Agg(Q_xi)] - Agg(E[Q_xi]),bellman_backup,True,8x8,fixed,perturbation_seed,11000.0,2026.0,3000.0,support_restricted_tv_l1,exact_support_restricted_l1,,,,,
8,2034,405,Maximum-based,0.008,0.0024427755548772816,0.0024427755548772816,0.004166237526341432,0.004166237526341432,0.00019672987205787695,0.5891311555568283,0.5891311555568283,1.0047834003075469,1.0047834003075469,0.04744590497747408,0.4146403617999878,60,5,0.5,0.99,E[Agg(Q_xi)] - Agg(E[Q_xi]),bellman_backup,True,8x8,fixed,perturbation_seed,11000.0,2026.0,3000.0,support_restricted_tv_l1,exact_support_restricted_l1,,,,,
8,2034,410,Maximum-based,0.008,0.0024947460292562076,0.0024947460292562076,0.004266580159482891,0.004266580159482891,0.00020136308682694448,0.6016650232568558,0.6016650232568558,1.0289833196559344,1.0289833196559344,0.04856331061279486,0.4146403617999878,60,5,0.5,0.99,E[Agg(Q_xi)] - Agg(E[Q_xi]),bellman_backup,True,8x8,fixed,perturbation_seed,11000.0,2026.0,3000.0,support_restricted_tv_l1,exact_support_restricted_l1,,,,,
8,2034,415,Maximum-based,0.008,0.0024395464356798497,0.0024395464356798497,0.004112037788725986,0.004112037788725986,0.00014130901104947302,0.5883523796597077,0.5883523796597077,0.9917118948274338,0.9917118948274338,0.034079897681942736,0.4146403617999878,60,5,0.5,0.99,E[Agg(Q_xi)] - Agg(E[Q_xi]),bellman_backup,True,8x8,fixed,perturbation_seed,11000.0,2026.0,3000.0,support_restricted_tv_l1,exact_support_restricted_l1,,,,,
8,2034,420,Maximum-based,0.008,0.0024413604850951846,0.0024413604850951846,0.0040864047134834824,0.0040864047134834824,0.00019809623023736567,0.5887898791369558,0.5887898791369558,0.9855298928797149,0.9855298928797149,0.04777543348105662,0.4146403617999878,60,5,0.5,0.99,E[Agg(Q_xi)] - Agg(E[Q_xi]),bellman_backup,True,8x8,fixed,perturbation_seed,11000.0,2026.0,3000.0,support_restricted_tv_l1,exact_support_restricted_l1,,,,,
8,2034,425,Maximum-based,0.008,0.0024622688297080194,0.0024622688297080194,0.004071051536446213,0.004071051536446213,0.0002018458866457351,0.5938324043079426,0.5938324043079426,0.981827123334893,0.981827123334893,0.04867974882365662,0.4146403617999878,60,5,0.5,0.99,E[Agg(Q_xi)] - Agg(E[Q_xi]),bellman_backup,True,8x8,fixed,perturbation_seed,11000.0,2026.0,3000.0,support_restricted_tv_l1,exact_support_restricted_l1,,,,,
8,2034,430,Maximum-based,0.008,0.0024363671943361076,0.0024363671943361076,0.004255167175120811,0.004255167175120811,8.000285641129867e-05,0.5875856329469803,0.5875856329469803,1.0262308176292296,1.0262308176292296,0.019294517317127478,0.4146403617999878,60,5,0.5,0.99,E[Agg(Q_xi)] - Agg(E[Q_xi]),bellman_backup,True,8x8,fixed,perturbation_seed,11000.0,2026.0,3000.0,support_restricted_tv_l1,exact_support_restricted_l1,,,,,
8,2034,435,Maximum-based,0.008,0.002450982738208576,0.002450982738208576,0.004667592344761495,0.004667592344761495,0.00029445856079535204,0.5911105053952439,0.5911105053952439,1.1256965734110143,1.1256965734110143,0.07101541189021814,0.4146403617999878,60,5,0.5,0.99,E[Agg(Q_xi)] - Agg(E[Q_xi]),bellman_backup,True,8x8,fixed,perturbation_seed,11000.0,2026.0,3000.0,support_restricted_tv_l1,exact_support_restricted_l1,,,,,
8,2034,440,Maximum-based,0.008,0.0024189721329888536,0.0024189721329888536,0.0037913440652129204,0.0037913440652129204,0.00021478769224914096,0.5833904163328184,0.5833904163328184,0.9143692738339281,0.9143692738339281,0.05180096103445646,0.4146403617999878,60,5,0.5,0.99,E[Agg(Q_xi)] - Agg(E[Q_xi]),bellman_backup,True,8x8,fixed,perturbation_seed,11000.0,2026.0,3000.0,support_restricted_tv_l1,exact_support_restricted_l1,,,,,
8,2034,445,Maximum-based,0.008,0.0024661687822516926,0.0024661687822516926,0.004171603334858054,0.004171603334858054,0.00020035317891475835,0.5947729669986423,0.5947729669986423,1.0060774876687792,1.0060774876687792,0.048319748237969105,0.4146403617999878,60,5,0.5,0.99,E[Agg(Q_xi)] - Agg(E[Q_xi]),bellman_backup,True,8x8,fixed,perturbation_seed,11000.0,2026.0,3000.0,support_restricted_tv_l1,exact_support_restricted_l1,,,,,
8,2034,450,Maximum-based,0.008,0.002467195190017161,0.002467195190017161,0.00424413643611965,0.00424413643611965,0.0001359285813552491,0.5950205086901971,0.5950205086901971,1.0235705028076634,1.0235705028076634,0.03278228408955944,0.4146403617999878,60,5,0.5,0.99,E[Agg(Q_xi)] - Agg(E[Q_xi]),bellman_backup,True,8x8,fixed,perturbation_seed,11000.0,2026.0,3000.0,support_restricted_tv_l1,exact_support_restricted_l1,,,,,
8,2034,455,Maximum-based,0.008,0.0024247935165603316,0.0024247935165603316,0.004321874046797347,0.004321874046797347,0.0001767154916896274,0.5847943760308582,0.5847943760308582,1.0423187043431414,1.0423187043431414,0.04261897971593768,0.4146403617999878,60,5,0.5,0.99,E[Agg(Q_xi)] - Agg(E[Q_xi]),bellman_backup,True,8x8,fixed,perturbation_seed,11000.0,2026.0,3000.0,support_restricted_tv_l1,exact_support_restricted_l1,,,,,
8,2034,460,Maximum-based,0.008,0.0024505760774039967,0.0024505760774039967,0.004057417995979529,0.004057417995979529,7.848506974028613e-05,0.5910124298478433,0.5910124298478433,0.9785390834519689,0.9785390834519689,0.018928468371862305,0.4146403617999878,60,5,0.5,0.99,E[Agg(Q_xi)] - Agg(E[Q_xi]),bellman_backup,True,8x8,fixed,perturbation_seed,11000.0,2026.0,3000.0,support_restricted_tv_l1,exact_support_restricted_l1,,,,,
8,2034,465,Maximum-based,0.008,0.0024410207723155972,0.0024410207723155972,0.0040966707895705445,0.0040966707895705445,0.00023723962846045055,0.5887079496359028,0.5887079496359028,0.9880057917629053,0.9880057917629053,0.0572157585987466,0.4146403617999878,60,5,0.5,0.99,E[Agg(Q_xi)] - Agg(E[Q_xi]),bellman_backup,True,8x8,fixed,perturbation_seed,11000.0,2026.0,3000.0,support_restricted_tv_l1,exact_support_restricted_l1,,,,,
8,2034,470,Maximum-based,0.008,0.0024455417306013813,0.0024455417306013813,0.004468197605842383,0.004468197605842383,0.0002190078230528414,0.5897982820546182,0.5897982820546182,1.07760797488348,1.07760797488348,0.05281874203034902,0.4146403617999878,60,5,0.5,0.99,E[Agg(Q_xi)] - Agg(E[Q_xi]),bellman_backup,True,8x8,fixed,perturbation_seed,11000.0,2026.0,3000.0,support_restricted_tv_l1,exact_support_restricted_l1,,,,,
8,2034,475,Maximum-based,0.008,0.0024620822258820535,0.0024620822258820535,0.003911797797772454,0.003911797797772454,2.9492443105572086e-05,0.5937874005304146,0.5937874005304146,0.9434194444532652,0.9434194444532652,0.007112776715113543,0.4146403617999878,60,5,0.5,0.99,E[Agg(Q_xi)] - Agg(E[Q_xi]),bellman_backup,True,8x8,fixed,perturbation_seed,11000.0,2026.0,3000.0,support_restricted_tv_l1,exact_support_restricted_l1,,,,,
8,2034,480,Maximum-based,0.008,0.002442985633365621,0.002442985633365621,0.004144271721077009,0.004144271721077009,0.0002081627371997019,0.5891818207857094,0.5891818207857094,0.9994858443317928,0.9994858443317928,0.050203201708596434,0.4146403617999878,60,5,0.5,0.99,E[Agg(Q_xi)] - Agg(E[Q_xi]),bellman_backup,True,8x8,fixed,perturbation_seed,11000.0,2026.0,3000.0,support_restricted_tv_l1,exact_support_restricted_l1,,,,,
8,2034,485,Maximum-based,0.008,0.0024353034909587244,0.0024353034909587244,0.004299377989558928,0.004299377989558928,0.00010047162864224024,0.5873290965662079,0.5873290965662079,1.0368932659847623,1.0368932659847623,0.024231029561638587,0.4146403617999878,60,5,0.5,0.99,E[Agg(Q_xi)] - Agg(E[Q_xi]),bellman_backup,True,8x8,fixed,perturbation_seed,11000.0,2026.0,3000.0,support_restricted_tv_l1,exact_support_restricted_l1,,,,,
8,2034,490,Maximum-based,0.008,0.002465224327031254,0.002465224327031254,0.004231807715083413,0.004231807715083413,0.00031152498911346527,0.5945451900363758,0.5945451900363758,1.0205971499525008,1.0205971499525008,0.07513137113837876,0.4146403617999878,60,5,0.5,0.99,E[Agg(Q_xi)] - Agg(E[Q_xi]),bellman_backup,True,8x8,fixed,perturbation_seed,11000.0,2026.0,3000.0,support_restricted_tv_l1,exact_support_restricted_l1,,,,,
8,2034,495,Maximum-based,0.008,0.002478422991610022,0.002478422991610022,0.004085182969583878,0.004085182969583878,0.00022464599816984787,0.5977283496596869,0.5977283496596869,0.985235241414937,0.985235241414937,0.05417851682229901,0.4146403617999878,60,5,0.5,0.99,E[Agg(Q_xi)] - Agg(E[Q_xi]),bellman_backup,True,8x8,fixed,perturbation_seed,11000.0,2026.0,3000.0,support_restricted_tv_l1,exact_support_restricted_l1,,,,,
8,2034,500,Maximum-based,0.008,0.002459317971827473,0.002459317971827473,0.004831286400886203,0.004831286400886203,0.0002700885031505784,0.5931207374871496,0.5931207374871496,1.1651751363309624,1.1651751363309624,0.06513801550290524,0.4146403617999878,60,5,0.5,0.99,E[Agg(Q_xi)] - Agg(E[Q_xi]),bellman_backup,True,8x8,fixed,perturbation_seed,11000.0,2026.0,3000.0,support_restricted_tv_l1,exact_support_restricted_l1,,,,,
8,2034,5,Similarity-aware,0.008,-1.7753810574450135e-18,1.1146953585866592e-18,1.6653345369377348e-16,5.551115123125783e-17,-1.6653345369377348e-16,-4.2817371896405325e-16,2.688342624793388e-16,4.016334853916249e-14,1.3387782846387499e-14,-4.016334853916249e-14,0.4146403617999878,60,5,0.5,0.99,E[Agg(Q_xi)] - Agg(E[Q_xi]),bellman_backup,True,8x8,fixed,perturbation_seed,11000.0,2026.0,3000.0,support_restricted_tv_l1,exact_support_restricted_l1,,,,,
8,2034,10,Similarity-aware,0.008,-1.5585406229479126e-19,3.686287386450715e-18,2.220446049250313e-16,2.220446049250313e-16,-2.220446049250313e-16,-3.758776922203521e-17,8.890324546429199e-16,5.3551131385549994e-14,5.3551131385549994e-14,-5.3551131385549994e-14,0.4146403617999878,60,5,0.5,0.99,E[Agg(Q_xi)] - Agg(E[Q_xi]),bellman_backup,True,8x8,fixed,perturbation_seed,11000.0,2026.0,3000.0,support_restricted_tv_l1,exact_support_restricted_l1,,,,,
8,2034,15,Similarity-aware,0.008,-1.7076184216646695e-18,3.713392440762853e-18,2.220446049250313e-16,1.6653345369377348e-16,-2.220446049250313e-16,-4.1183121060664667e-16,8.955694579858825e-16,5.3551131385549994e-14,4.016334853916249e-14,-5.3551131385549994e-14,0.4146403617999878,60,5,0.5,0.99,E[Agg(Q_xi)] - Agg(E[Q_xi]),bellman_backup,True,8x8,fixed,perturbation_seed,11000.0,2026.0,3000.0,support_restricted_tv_l1,exact_support_restricted_l1,,,,,
8,2034,20,Similarity-aware,0.008,4.743384504624082e-19,7.399679827213568e-18,3.3306690738754696e-16,2.220446049250313e-16,-3.3306690738754696e-16,1.143975585018463e-16,1.7846019126288023e-15,8.032669707832498e-14,5.3551131385549994e-14,-8.032669707832498e-14,0.4146403617999878,60,5,0.5,0.99,E[Agg(Q_xi)] - Agg(E[Q_xi]),bellman_backup,True,8x8,fixed,perturbation_seed,11000.0,2026.0,3000.0,support_restricted_tv_l1,exact_support_restricted_l1,,,,,
8,2034,25,Similarity-aware,0.008,3.0086610286472748e-18,8.538092108323347e-18,3.3306690738754696e-16,3.3306690738754696e-16,-1.1102230246251565e-16,7.256073710688536e-16,2.0591560530332333e-15,8.032669707832498e-14,8.032669707832498e-14,-2.6775565692774997e-14,0.4146403617999878,60,5,0.5,0.99,E[Agg(Q_xi)] - Agg(E[Q_xi]),bellman_backup,True,8x8,fixed,perturbation_seed,11000.0,2026.0,3000.0,support_restricted_tv_l1,exact_support_restricted_l1,,,,,
8,2034,30,Similarity-aware,0.008,-4.960224939121183e-18,6.0986372202309624e-18,2.7755575615628914e-16,1.6653345369377348e-16,-2.7755575615628914e-16,-1.1962716117621641e-15,1.4708257521665953e-15,6.693891423193748e-14,4.016334853916249e-14,-6.693891423193748e-14,0.4146403617999878,60,5,0.5,0.99,E[Agg(Q_xi)] - Agg(E[Q_xi]),bellman_backup,True,8x8,fixed,perturbation_seed,11000.0,2026.0,3000.0,support_restricted_tv_l1,exact_support_restricted_l1,,,,,
8,2034,35,Similarity-aware,0.008,3.2526065174565133e-19,9.784924606681678e-18,2.220446049250313e-16,2.220446049250313e-16,-2.220446049250313e-16,7.844404011555174e-17,2.359858206809515e-15,5.3551131385549994e-14,5.3551131385549994e-14,-5.3551131385549994e-14,0.4146403617999878,60,5,0.5,0.99,E[Agg(Q_xi)] - Agg(E[Q_xi]),bellman_backup,True,8x8,fixed,perturbation_seed,11000.0,2026.0,3000.0,support_restricted_tv_l1,exact_support_restricted_l1,,,,,
8,2034,40,Similarity-aware,0.008,-1.951563910473908e-18,1.0408340855860843e-17,3.3306690738754696e-16,1.1102230246251565e-16,-3.3306690738754696e-16,-4.706642406933105e-16,2.5102092836976557e-15,8.032669707832498e-14,2.6775565692774997e-14,-8.032669707832498e-14,0.4146403617999878,60,5,0.5,0.99,E[Agg(Q_xi)] - Agg(E[Q_xi]),bellman_backup,True,8x8,fixed,perturbation_seed,11000.0,2026.0,3000.0,support_restricted_tv_l1,exact_support_restricted_l1,,,,,
8,2034,45,Similarity-aware,0.008,2.5478751053409354e-18,1.1953328951652686e-17,2.220446049250313e-16,2.220446049250313e-16,-2.220446049250313e-16,6.144783142384887e-16,2.8828184742465267e-15,5.3551131385549994e-14,5.3551131385549994e-14,-5.3551131385549994e-14,0.4146403617999878,60,5,0.5,0.99,E[Agg(Q_xi)] - Agg(E[Q_xi]),bellman_backup,True,8x8,fixed,perturbation_seed,11000.0,2026.0,3000.0,support_restricted_tv_l1,exact_support_restricted_l1,,,,,
8,2034,50,Similarity-aware,0.008,4.689174395999807e-18,1.496198998029996e-17,2.220446049250313e-16,2.220446049250313e-16,-2.220446049250313e-16,1.1309015783325376e-15,3.60842584531538e-15,5.3551131385549994e-14,5.3551131385549994e-14,-5.3551131385549994e-14,0.4146403617999878,60,5,0.5,0.99,E[Agg(Q_xi)] - Agg(E[Q_xi]),bellman_backup,True,8x8,fixed,perturbation_seed,11000.0,2026.0,3000.0,support_restricted_tv_l1,exact_support_restricted_l1,,,,,
8,2034,55,Similarity-aware,0.008,-1.8973538018496328e-19,1.553119612085485e-17,3.3306690738754696e-16,3.3306690738754696e-16,-2.220446049250313e-16,-4.5759023400738515e-17,3.745702915517596e-15,8.032669707832498e-14,8.032669707832498e-14,-5.3551131385549994e-14,0.4146403617999878,60,5,0.5,0.99,E[Agg(Q_xi)] - Agg(E[Q_xi]),bellman_backup,True,8x8,fixed,perturbation_seed,11000.0,2026.0,3000.0,support_restricted_tv_l1,exact_support_restricted_l1,,,,,
8,2034,60,Similarity-aware,0.008,3.144186300207963e-18,1.5748036555351952e-17,4.440892098500626e-16,4.440892098500626e-16,-2.220446049250313e-16,7.582923877836669e-16,3.7979989422612966e-15,1.0710226277109999e-13,1.0710226277109999e-13,-5.3551131385549994e-14,0.4146403617999878,60,5,0.5,0.99,E[Agg(Q_xi)] - Agg(E[Q_xi]),bellman_backup,True,8x8,fixed,perturbation_seed,11000.0,2026.0,3000.0,support_restricted_tv_l1,exact_support_restricted_l1,,,,,
8,2034,65,Similarity-aware,0.008,-1.6263032587282567e-18,1.441988889405721e-17,3.3306690738754696e-16,2.220446049250313e-16,-3.3306690738754696e-16,-3.922202005777587e-16,3.4776857784561273e-15,8.032669707832498e-14,5.3551131385549994e-14,-8.032669707832498e-14,0.4146403617999878,60,5,0.5,0.99,E[Agg(Q_xi)] - Agg(E[Q_xi]),bellman_backup,True,8x8,fixed,perturbation_seed,11000.0,2026.0,3000.0,support_restricted_tv_l1,exact_support_restricted_l1,,,,,
8,2034,70,Similarity-aware,0.008,-2.0057740190981832e-18,1.360673726469308e-17,2.220446049250313e-16,2.220446049250313e-16,-1.6653345369377348e-16,-4.837382473792357e-16,3.281575678167248e-15,5.3551131385549994e-14,5.3551131385549994e-14,-4.016334853916249e-14,0.4146403617999878,60,5,0.5,0.99,E[Agg(Q_xi)] - Agg(E[Q_xi]),bellman_backup,True,8x8,fixed,perturbation_seed,11000.0,2026.0,3000.0,support_restricted_tv_l1,exact_support_restricted_l1,,,,,
8,2034,75,Similarity-aware,0.008,1.0842021724855044e-18,1.745565497701662e-17,5.551115123125783e-16,2.220446049250313e-16,-5.551115123125783e-16,2.614801337185058e-16,4.209830152867943e-15,1.3387782846387497e-13,5.3551131385549994e-14,-1.3387782846387497e-13,0.4146403617999878,60,5,0.5,0.99,E[Agg(Q_xi)] - Agg(E[Q_xi]),bellman_backup,True,8x8,fixed,perturbation_seed,11000.0,2026.0,3000.0,support_restricted_tv_l1,exact_support_restricted_l1,,,,,
8,2034,80,Similarity-aware,0.008,-2.3310346708438345e-18,1.8810907692623502e-17,4.440892098500626e-16,3.3306690738754696e-16,-4.440892098500626e-16,-5.621822874947875e-16,4.5366803200160755e-15,1.0710226277109999e-13,8.032669707832498e-14,-1.0710226277109999e-13,0.4146403617999878,60,5,0.5,0.99,E[Agg(Q_xi)] - Agg(E[Q_xi]),bellman_backup,True,8x8,fixed,perturbation_seed,11000.0,2026.0,3000.0,support_restricted_tv_l1,exact_support_restricted_l1,,,,,
8,2034,85,Similarity-aware,0.008,3.0899761915836876e-18,2.1521413123837263e-17,3.3306690738754696e-16,2.220446049250313e-16,-3.3306690738754696e-16,7.452183810977416e-16,5.19038065431234e-15,8.032669707832498e-14,5.3551131385549994e-14,-8.032669707832498e-14,0.4146403617999878,60,5,0.5,0.99,E[Agg(Q_xi)] - Agg(E[Q_xi]),bellman_backup,True,8x8,fixed,perturbation_seed,11000.0,2026.0,3000.0,support_restricted_tv_l1,exact_support_restricted_l1,,,,,
8,2034,90,Similarity-aware,0.008,-4.7704895589362195e-18,1.85940672581264e-17,6.661338147750939e-16,2.220446049250313e-16,-6.661338147750939e-16,-1.1505125883614256e-15,4.484384293272375e-15,1.6065339415664996e-13,5.3551131385549994e-14,-1.6065339415664996e-13,0.4146403617999878,60,5,0.5,0.99,E[Agg(Q_xi)] - Agg(E[Q_xi]),bellman_backup,True,8x8,fixed,perturbation_seed,11000.0,2026.0,3000.0,support_restricted_tv_l1,exact_support_restricted_l1,,,,,
8,2034,95,Similarity-aware,0.008,-9.107298248878237e-18,1.6859343782149594e-17,3.3306690738754696e-16,3.3306690738754696e-16,-3.3306690738754696e-16,-2.196433123235449e-15,4.066016079322766e-15,8.032669707832498e-14,8.032669707832498e-14,-8.032669707832498e-14,0.4146403617999878,60,5,0.5,0.99,E[Agg(Q_xi)] - Agg(E[Q_xi]),bellman_backup,True,8x8,fixed,perturbation_seed,11000.0,2026.0,3000.0,support_restricted_tv_l1,exact_support_restricted_l1,,,,,
8,2034,100,Similarity-aware,0.008,-1.0842021724855044e-19,2.336455681706262e-17,3.3306690738754696e-16,3.3306690738754696e-16,-2.7755575615628914e-16,-2.6148013371850583e-17,5.6348968816338e-15,8.032669707832498e-14,8.032669707832498e-14,-6.693891423193748e-14,0.4146403617999878,60,5,0.5,0.99,E[Agg(Q_xi)] - Agg(E[Q_xi]),bellman_backup,True,8x8,fixed,perturbation_seed,11000.0,2026.0,3000.0,support_restricted_tv_l1,exact_support_restricted_l1,,,,,
8,2034,105,Similarity-aware,0.008,-5.312590645178972e-18,1.7564075194265172e-17,2.220446049250313e-16,2.220446049250313e-16,-1.6653345369377348e-16,-1.2812526552206785e-15,4.2359781662397945e-15,5.3551131385549994e-14,5.3551131385549994e-14,-4.016334853916249e-14,0.4146403617999878,60,5,0.5,0.99,E[Agg(Q_xi)] - Agg(E[Q_xi]),bellman_backup,True,8x8,fixed,perturbation_seed,11000.0,2026.0,3000.0,support_restricted_tv_l1,exact_support_restricted_l1,,,,,
8,2034,110,Similarity-aware,0.008,-6.776263578034403e-18,2.2442984970449942e-17,3.3306690738754696e-16,3.3306690738754696e-16,-3.3306690738754696e-16,-1.6342508357406614e-15,5.4126387679730706e-15,8.032669707832498e-14,8.032669707832498e-14,-8.032669707832498e-14,0.4146403617999878,60,5,0.5,0.99,E[Agg(Q_xi)] - Agg(E[Q_xi]),bellman_backup,True,8x8,fixed,perturbation_seed,11000.0,2026.0,3000.0,support_restricted_tv_l1,exact_support_restricted_l1,,,,,
8,2034,115,Similarity-aware,0.008,5.312590645178972e-18,2.7701365507004638e-17,3.3306690738754696e-16,2.220446049250313e-16,-3.3306690738754696e-16,1.2812526552206785e-15,6.680817416507823e-15,8.032669707832498e-14,5.3551131385549994e-14,-8.032669707832498e-14,0.4146403617999878,60,5,0.5,0.99,E[Agg(Q_xi)] - Agg(E[Q_xi]),bellman_backup,True,8x8,fixed,perturbation_seed,11000.0,2026.0,3000.0,support_restricted_tv_l1,exact_support_restricted_l1,,,,,
8,2034,120,Similarity-aware,0.008,1.0299920638612292e-18,2.3798237686056822e-17,2.7755575615628914e-16,2.7755575615628914e-16,-2.220446049250313e-16,2.484061270325805e-16,5.739488935121203e-15,6.693891423193748e-14,6.693891423193748e-14,-5.3551131385549994e-14,0.4146403617999878,60,5,0.5,0.99,E[Agg(Q_xi)] - Agg(E[Q_xi]),bellman_backup,True,8x8,fixed,perturbation_seed,11000.0,2026.0,3000.0,support_restricted_tv_l1,exact_support_restricted_l1,,,,,
8,2034,125,Similarity-aware,0.008,-3.415236843329339e-18,2.2985086056692694e-17,4.440892098500626e-16,3.3306690738754696e-16,-4.440892098500626e-16,-8.236624212132933e-16,5.543378834832324e-15,1.0710226277109999e-13,8.032669707832498e-14,-1.0710226277109999e-13,0.4146403617999878,60,5,0.5,0.99,E[Agg(Q_xi)] - Agg(E[Q_xi]),bellman_backup,True,8x8,fixed,perturbation_seed,11000.0,2026.0,3000.0,support_restricted_tv_l1,exact_support_restricted_l1,,,,,
8,2034,130,Similarity-aware,0.008,-5.149960319306146e-18,2.4015078120553923e-17,3.3306690738754696e-16,3.3306690738754696e-16,-2.220446049250313e-16,-1.2420306351629026e-15,5.791784961864904e-15,8.032669707832498e-14,8.032669707832498e-14,-5.3551131385549994e-14,0.4146403617999878,60,5,0.5,0.99,E[Agg(Q_xi)] - Agg(E[Q_xi]),bellman_backup,True,8x8,fixed,perturbation_seed,11000.0,2026.0,3000.0,support_restricted_tv_l1,exact_support_restricted_l1,,,,,
8,2034,135,Similarity-aware,0.008,2.710505431213761e-19,2.7863995832877464e-17,4.440892098500626e-16,4.440892098500626e-16,-2.220446049250313e-16,6.537003342962645e-17,6.7200394365656e-15,1.0710226277109999e-13,1.0710226277109999e-13,-5.3551131385549994e-14,0.4146403617999878,60,5,0.5,0.99,E[Agg(Q_xi)] - Agg(E[Q_xi]),bellman_backup,True,8x8,fixed,perturbation_seed,11000.0,2026.0,3000.0,support_restricted_tv_l1,exact_support_restricted_l1,,,,,
8,2034,140,Similarity-aware,0.008,-4.119968255444917e-18,2.7647155398380363e-17,4.440892098500626e-16,2.7755575615628914e-16,-4.440892098500626e-16,-9.93624508130322e-16,6.667743409821898e-15,1.0710226277109999e-13,6.693891423193748e-14,-1.0710226277109999e-13,0.4146403617999878,60,5,0.5,0.99,E[Agg(Q_xi)] - Agg(E[Q_xi]),bellman_backup,True,8x8,fixed,perturbation_seed,11000.0,2026.0,3000.0,support_restricted_tv_l1,exact_support_restricted_l1,,,,,
8,2034,145,Similarity-aware,0.008,6.071532165918825e-18,2.981555974335137e-17,3.3306690738754696e-16,3.3306690738754696e-16,-2.220446049250313e-16,1.4642887488236325e-15,7.19070367725891e-15,8.032669707832498e-14,8.032669707832498e-14,-5.3551131385549994e-14,0.4146403617999878,60,5,0.5,0.99,E[Agg(Q_xi)] - Agg(E[Q_xi]),bellman_backup,True,8x8,fixed,perturbation_seed,11000.0,2026.0,3000.0,support_restricted_tv_l1,exact_support_restricted_l1,,,,,
8,2034,150,Similarity-aware,0.008,4.336808689942018e-18,2.8189256484623115e-17,3.3306690738754696e-16,3.3306690738754696e-16,-3.3306690738754696e-16,1.0459205348740232e-15,6.798483476681151e-15,8.032669707832498e-14,8.032669707832498e-14,-8.032669707832498e-14,0.4146403617999878,60,5,0.5,0.99,E[Agg(Q_xi)] - Agg(E[Q_xi]),bellman_backup,True,8x8,fixed,perturbation_seed,11000.0,2026.0,3000.0,support_restricted_tv_l1,exact_support_restricted_l1,,,,,
8,2034,155,Similarity-aware,0.008,7.15573433840433e-18,3.2959746043559335e-17,4.440892098500626e-16,4.440892098500626e-16,-2.220446049250313e-16,1.7257688825421384e-15,7.948996065042577e-15,1.0710226277109999e-13,1.0710226277109999e-13,-5.3551131385549994e-14,0.4146403617999878,60,5,0.5,0.99,E[Agg(Q_xi)] - Agg(E[Q_xi]),bellman_backup,True,8x8,fixed,perturbation_seed,11000.0,2026.0,3000.0,support_restricted_tv_l1,exact_support_restricted_l1,,,,,
8,2034,160,Similarity-aware,0.008,-6.5052130349130266e-18,2.3310346708438345e-17,5.551115123125783e-16,2.220446049250313e-16,-5.551115123125783e-16,-1.5688808023110349e-15,5.621822874947875e-15,1.3387782846387497e-13,5.3551131385549994e-14,-1.3387782846387497e-13,0.4146403617999878,60,5,0.5,0.99,E[Agg(Q_xi)] - Agg(E[Q_xi]),bellman_backup,True,8x8,fixed,perturbation_seed,11000.0,2026.0,3000.0,support_restricted_tv_l1,exact_support_restricted_l1,,,,,
8,2034,165,Similarity-aware,0.008,-1.951563910473908e-18,2.7430314963883262e-17,4.440892098500626e-16,4.440892098500626e-16,-3.3306690738754696e-16,-4.706642406933105e-16,6.615447383078197e-15,1.0710226277109999e-13,1.0710226277109999e-13,-8.032669707832498e-14,0.4146403617999878,60,5,0.5,0.99,E[Agg(Q_xi)] - Agg(E[Q_xi]),bellman_backup,True,8x8,fixed,perturbation_seed,11000.0,2026.0,3000.0,support_restricted_tv_l1,exact_support_restricted_l1,,,,,
8,2034,170,Similarity-aware,0.008,4.336808689942018e-19,3.404394821604484e-17,3.3306690738754696e-16,3.3306690738754696e-16,-3.3306690738754696e-16,1.0459205348740233e-16,8.210476198761083e-15,8.032669707832498e-14,8.032669707832498e-14,-8.032669707832498e-14,0.4146403617999878,60,5,0.5,0.99,E[Agg(Q_xi)] - Agg(E[Q_xi]),bellman_backup,True,8x8,fixed,perturbation_seed,11000.0,2026.0,3000.0,support_restricted_tv_l1,exact_support_restricted_l1,,,,,
8,2034,175,Similarity-aware,0.008,-5.421010862427522e-19,2.938187887435717e-17,3.3306690738754696e-16,3.3306690738754696e-16,-3.3306690738754696e-16,-1.307400668592529e-16,7.086111623771508e-15,8.032669707832498e-14,8.032669707832498e-14,-8.032669707832498e-14,0.4146403617999878,60,5,0.5,0.99,E[Agg(Q_xi)] - Agg(E[Q_xi]),bellman_backup,True,8x8,fixed,perturbation_seed,11000.0,2026.0,3000.0,support_restricted_tv_l1,exact_support_restricted_l1,,,,,
8,2034,180,Similarity-aware,0.008,1.0842021724855044e-17,3.729655473350135e-17,5.551115123125783e-16,5.551115123125783e-16,-3.3306690738754696e-16,2.6148013371850583e-15,8.9949165999166e-15,1.3387782846387497e-13,1.3387782846387497e-13,-8.032669707832498e-14,0.4146403617999878,60,5,0.5,0.99,E[Agg(Q_xi)] - Agg(E[Q_xi]),bellman_backup,True,8x8,fixed,perturbation_seed,11000.0,2026.0,3000.0,support_restricted_tv_l1,exact_support_restricted_l1,,,,,
8,2034,185,Similarity-aware,0.008,6.613633252161577e-18,3.436920886779049e-17,4.440892098500626e-16,4.440892098500626e-16,-2.220446049250313e-16,1.5950288156828856e-15,8.288920238876634e-15,1.0710226277109999e-13,1.0710226277109999e-13,-5.3551131385549994e-14,0.4146403617999878,60,5,0.5,0.99,E[Agg(Q_xi)] - Agg(E[Q_xi]),bellman_backup,True,8x8,fixed,perturbation_seed,11000.0,2026.0,3000.0,support_restricted_tv_l1,exact_support_restricted_l1,,,,,
8,2034,190,Similarity-aware,0.008,-5.854691731421724e-18,3.0574501264091225e-17,3.3306690738754696e-16,3.3306690738754696e-16,-3.3306690738754696e-16,-1.4119927220799314e-15,7.373739770861864e-15,8.032669707832498e-14,8.032669707832498e-14,-8.032669707832498e-14,0.4146403617999878,60,5,0.5,0.99,E[Agg(Q_xi)] - Agg(E[Q_xi]),bellman_backup,True,8x8,fixed,perturbation_seed,11000.0,2026.0,3000.0,support_restricted_tv_l1,exact_support_restricted_l1,,,,,
8,2034,195,Similarity-aware,0.008,2.0599841277224584e-18,3.220080452281948e-17,3.3306690738754696e-16,3.3306690738754696e-16,-2.220446049250313e-16,4.96812254065161e-16,7.765959971439622e-15,8.032669707832498e-14,8.032669707832498e-14,-5.3551131385549994e-14,0.4146403617999878,60,5,0.5,0.99,E[Agg(Q_xi)] - Agg(E[Q_xi]),bellman_backup,True,8x8,fixed,perturbation_seed,11000.0,2026.0,3000.0,support_restricted_tv_l1,exact_support_restricted_l1,,,,,
8,2034,200,Similarity-aware,0.008,-6.071532165918825e-18,3.0249240612345574e-17,3.3306690738754696e-16,3.3306690738754696e-16,-3.3306690738754696e-16,-1.4642887488236325e-15,7.295295730746312e-15,8.032669707832498e-14,8.032669707832498e-14,-8.032669707832498e-14,0.4146403617999878,60,5,0.5,0.99,E[Agg(Q_xi)] - Agg(E[Q_xi]),bellman_backup,True,8x8,fixed,perturbation_seed,11000.0,2026.0,3000.0,support_restricted_tv_l1,exact_support_restricted_l1,,,,,
8,2034,205,Similarity-aware,0.008,1.1926223897340549e-18,3.415236843329339e-17,6.661338147750939e-16,3.3306690738754696e-16,-6.661338147750939e-16,2.876281470903564e-16,8.236624212132933e-15,1.6065339415664996e-13,8.032669707832498e-14,-1.6065339415664996e-13,0.4146403617999878,60,5,0.5,0.99,E[Agg(Q_xi)] - Agg(E[Q_xi]),bellman_backup,True,8x8,fixed,perturbation_seed,11000.0,2026.0,3000.0,support_restricted_tv_l1,exact_support_restricted_l1,,,,,
8,2034,210,Similarity-aware,0.008,8.673617379884035e-19,3.382710778154774e-17,4.440892098500626e-16,3.3306690738754696e-16,-4.440892098500626e-16,2.0918410697480466e-16,8.158180172017382e-15,1.0710226277109999e-13,8.032669707832498e-14,-1.0710226277109999e-13,0.4146403617999878,60,5,0.5,0.99,E[Agg(Q_xi)] - Agg(E[Q_xi]),bellman_backup,True,8x8,fixed,perturbation_seed,11000.0,2026.0,3000.0,support_restricted_tv_l1,exact_support_restricted_l1,,,,,
8,2034,215,Similarity-aware,0.008,-7.589415207398531e-19,3.187554387107383e-17,3.3306690738754696e-16,3.3306690738754696e-16,-3.3306690738754696e-16,-1.8303609360295406e-16,7.68751593132407e-15,8.032669707832498e-14,8.032669707832498e-14,-8.032669707832498e-14,0.4146403617999878,60,5,0.5,0.99,E[Agg(Q_xi)] - Agg(E[Q_xi]),bellman_backup,True,8x8,fixed,perturbation_seed,11000.0,2026.0,3000.0,support_restricted_tv_l1,exact_support_restricted_l1,,,,,
8,2034,220,Similarity-aware,0.008,-8.023096076392733e-18,3.198396408832238e-17,3.3306690738754696e-16,3.3306690738754696e-16,-3.3306690738754696e-16,-1.934952989516943e-15,7.713663944695921e-15,8.032669707832498e-14,8.032669707832498e-14,-8.032669707832498e-14,0.4146403617999878,60,5,0.5,0.99,E[Agg(Q_xi)] - Agg(E[Q_xi]),bellman_backup,True,8x8,fixed,perturbation_seed,11000.0,2026.0,3000.0,support_restricted_tv_l1,exact_support_restricted_l1,,,,,
8,2034,225,Similarity-aware,0.008,-3.7947076036992655e-18,3.241764495731658e-17,3.3306690738754696e-16,2.220446049250313e-16,-3.3306690738754696e-16,-9.151804680147703e-16,7.818255998183324e-15,8.032669707832498e-14,5.3551131385549994e-14,-8.032669707832498e-14,0.4146403617999878,60,5,0.5,0.99,E[Agg(Q_xi)] - Agg(E[Q_xi]),bellman_backup,True,8x8,fixed,perturbation_seed,11000.0,2026.0,3000.0,support_restricted_tv_l1,exact_support_restricted_l1,,,,,
8,2034,230,Similarity-aware,0.008,5.421010862427522e-18,3.5344990823027445e-17,4.440892098500626e-16,3.3306690738754696e-16,-4.440892098500626e-16,1.3074006685925291e-15,8.52425235922329e-15,1.0710226277109999e-13,8.032669707832498e-14,-1.0710226277109999e-13,0.4146403617999878,60,5,0.5,0.99,E[Agg(Q_xi)] - Agg(E[Q_xi]),bellman_backup,True,8x8,fixed,perturbation_seed,11000.0,2026.0,3000.0,support_restricted_tv_l1,exact_support_restricted_l1,,,,,
8,2034,235,Similarity-aware,0.008,-7.914675859144182e-18,3.5670251474773096e-17,4.440892098500626e-16,4.440892098500626e-16,-3.3306690738754696e-16,-1.9088049761450924e-15,8.602696399338841e-15,1.0710226277109999e-13,1.0710226277109999e-13,-8.032669707832498e-14,0.4146403617999878,60,5,0.5,0.99,E[Agg(Q_xi)] - Agg(E[Q_xi]),bellman_backup,True,8x8,fixed,perturbation_seed,11000.0,2026.0,3000.0,support_restricted_tv_l1,exact_support_restricted_l1,,,,,
8,2034,240,Similarity-aware,0.008,3.469446951953614e-18,4.369334755116583e-17,4.440892098500626e-16,3.885780586188048e-16,-4.440892098500626e-16,8.367364278992187e-16,1.0537649388855785e-14,1.0710226277109999e-13,9.371447992471248e-14,-1.0710226277109999e-13,0.4146403617999878,60,5,0.5,0.99,E[Agg(Q_xi)] - Agg(E[Q_xi]),bellman_backup,True,8x8,fixed,perturbation_seed,11000.0,2026.0,3000.0,support_restricted_tv_l1,exact_support_restricted_l1,,,,,
8,2034,245,Similarity-aware,0.008,1.2902005852577503e-17,4.217546450968612e-17,3.3306690738754696e-16,3.3306690738754696e-16,-3.3306690738754696e-16,3.1116135912502193e-15,1.0171577201649877e-14,8.032669707832498e-14,8.032669707832498e-14,-8.032669707832498e-14,0.4146403617999878,60,5,0.5,0.99,E[Agg(Q_xi)] - Agg(E[Q_xi]),bellman_backup,True,8x8,fixed,perturbation_seed,11000.0,2026.0,3000.0,support_restricted_tv_l1,exact_support_restricted_l1,,,,,
8,2034,250,Similarity-aware,0.008,2.0599841277224584e-18,4.0223900599212215e-17,4.440892098500626e-16,4.440892098500626e-16,-3.3306690738754696e-16,4.96812254065161e-16,9.700912960956565e-15,1.0710226277109999e-13,1.0710226277109999e-13,-8.032669707832498e-14,0.4146403617999878,60,5,0.5,0.99,E[Agg(Q_xi)] - Agg(E[Q_xi]),bellman_backup,True,8x8,fixed,perturbation_seed,11000.0,2026.0,3000.0,support_restricted_tv_l1,exact_support_restricted_l1,,,,,
8,2034,255,Similarity-aware,0.008,2.4936649967166602e-18,4.0440741033709315e-17,3.3306690738754696e-16,3.3306690738754696e-16,-3.3306690738754696e-16,6.014043075525634e-16,9.753208987700268e-15,8.032669707832498e-14,8.032669707832498e-14,-8.032669707832498e-14,0.4146403617999878,60,5,0.5,0.99,E[Agg(Q_xi)] - Agg(E[Q_xi]),bellman_backup,True,8x8,fixed,perturbation_seed,11000.0,2026.0,3000.0,support_restricted_tv_l1,exact_support_restricted_l1,,,,,
8,2034,260,Similarity-aware,0.008,-4.445228907190568e-18,3.65376132127615e-17,4.440892098500626e-16,2.220446049250313e-16,-4.440892098500626e-16,-1.0720685482458739e-15,8.811880506313647e-15,1.0710226277109999e-13,5.3551131385549994e-14,-1.0710226277109999e-13,0.4146403617999878,60,5,0.5,0.99,E[Agg(Q_xi)] - Agg(E[Q_xi]),bellman_backup,True,8x8,fixed,perturbation_seed,11000.0,2026.0,3000.0,support_restricted_tv_l1,exact_support_restricted_l1,,,,,
8,2034,265,Similarity-aware,0.008,6.505213034913027e-19,4.0440741033709315e-17,6.661338147750939e-16,3.3306690738754696e-16,-6.661338147750939e-16,1.5688808023110348e-16,9.753208987700268e-15,1.6065339415664996e-13,8.032669707832498e-14,-1.6065339415664996e-13,0.4146403617999878,60,5,0.5,0.99,E[Agg(Q_xi)] - Agg(E[Q_xi]),bellman_backup,True,8x8,fixed,perturbation_seed,11000.0,2026.0,3000.0,support_restricted_tv_l1,exact_support_restricted_l1,,,,,
8,2034,270,Similarity-aware,0.008,-8.239936510889834e-18,3.838075690598686e-17,4.440892098500626e-16,4.440892098500626e-16,-3.3306690738754696e-16,-1.987249016260644e-15,9.256396733635106e-15,1.0710226277109999e-13,1.0710226277109999e-13,-8.032669707832498e-14,0.4146403617999878,60,5,0.5,0.99,E[Agg(Q_xi)] - Agg(E[Q_xi]),bellman_backup,True,8x8,fixed,perturbation_seed,11000.0,2026.0,3000.0,support_restricted_tv_l1,exact_support_restricted_l1,,,,,
8,2034,275,Similarity-aware,0.008,3.469446951953614e-18,4.2934406030425976e-17,4.440892098500626e-16,3.3306690738754696e-16,-4.440892098500626e-16,8.367364278992187e-16,1.035461329525283e-14,1.0710226277109999e-13,8.032669707832498e-14,-1.0710226277109999e-13,0.4146403617999878,60,5,0.5,0.99,E[Agg(Q_xi)] - Agg(E[Q_xi]),bellman_backup,True,8x8,fixed,perturbation_seed,11000.0,2026.0,3000.0,support_restricted_tv_l1,exact_support_restricted_l1,,,,,
8,2034,280,Similarity-aware,0.008,9.432558900623889e-18,4.3151246464923076e-17,4.440892098500626e-16,4.440892098500626e-16,-2.220446049250313e-16,2.2748771633510008e-15,1.040690932199653e-14,1.0710226277109999e-13,1.0710226277109999e-13,-5.3551131385549994e-14,0.4146403617999878,60,5,0.5,0.99,E[Agg(Q_xi)] - Agg(E[Q_xi]),bellman_backup,True,8x8,fixed,perturbation_seed,11000.0,2026.0,3000.0,support_restricted_tv_l1,exact_support_restricted_l1,,,,,
8,2034,285,Similarity-aware,0.008,5.421010862427522e-18,4.152494320619482e-17,4.440892098500626e-16,4.440892098500626e-16,-3.3306690738754696e-16,1.3074006685925291e-15,1.0014689121418772e-14,1.0710226277109999e-13,1.0710226277109999e-13,-8.032669707832498e-14,0.4146403617999878,60,5,0.5,0.99,E[Agg(Q_xi)] - Agg(E[Q_xi]),bellman_backup,True,8x8,fixed,perturbation_seed,11000.0,2026.0,3000.0,support_restricted_tv_l1,exact_support_restricted_l1,,,,,
8,2034,290,Similarity-aware,0.008,7.589415207398531e-19,4.434386885465713e-17,5.551115123125783e-16,4.440892098500626e-16,-5.551115123125783e-16,1.8303609360295406e-16,1.0694537469086887e-14,1.3387782846387497e-13,1.0710226277109999e-13,-1.3387782846387497e-13,0.4146403617999878,60,5,0.5,0.99,E[Agg(Q_xi)] - Agg(E[Q_xi]),bellman_backup,True,8x8,fixed,perturbation_seed,11000.0,2026.0,3000.0,support_restricted_tv_l1,exact_support_restricted_l1,,,,,
8,2034,295,Similarity-aware,0.008,-4.228388472693467e-18,3.7838655819744105e-17,4.440892098500626e-16,4.440892098500626e-16,-4.440892098500626e-16,-1.0197725215021727e-15,9.125656666775854e-15,1.0710226277109999e-13,1.0710226277109999e-13,-1.0710226277109999e-13,0.4146403617999878,60,5,0.5,0.99,E[Agg(Q_xi)] - Agg(E[Q_xi]),bellman_backup,True,8x8,fixed,perturbation_seed,11000.0,2026.0,3000.0,support_restricted_tv_l1,exact_support_restricted_l1,,,,,
8,2034,300,Similarity-aware,0.008,9.107298248878237e-18,4.109126233720062e-17,3.3306690738754696e-16,3.3306690738754696e-16,-3.3306690738754696e-16,2.196433123235449e-15,9.91009706793137e-15,8.032669707832498e-14,8.032669707832498e-14,-8.032669707832498e-14,0.4146403617999878,60,5,0.5,0.99,E[Agg(Q_xi)] - Agg(E[Q_xi]),bellman_backup,True,8x8,fixed,perturbation_seed,11000.0,2026.0,3000.0,support_restricted_tv_l1,exact_support_restricted_l1,,,,,
8,2034,305,Similarity-aware,0.008,7.589415207398531e-19,3.8055496254241206e-17,4.440892098500626e-16,3.3306690738754696e-16,-4.440892098500626e-16,1.8303609360295406e-16,9.177952693519554e-15,1.0710226277109999e-13,8.032669707832498e-14,-1.0710226277109999e-13,0.4146403617999878,60,5,0.5,0.99,E[Agg(Q_xi)] - Agg(E[Q_xi]),bellman_backup,True,8x8,fixed,perturbation_seed,11000.0,2026.0,3000.0,support_restricted_tv_l1,exact_support_restricted_l1,,,,,
8,2034,310,Similarity-aware,0.008,5.637851296924623e-18,4.4777549723651333e-17,4.440892098500626e-16,4.440892098500626e-16,-3.3306690738754696e-16,1.3596966953362303e-15,1.079912952257429e-14,1.0710226277109999e-13,1.0710226277109999e-13,-8.032669707832498e-14,0.4146403617999878,60,5,0.5,0.99,E[Agg(Q_xi)] - Agg(E[Q_xi]),bellman_backup,True,8x8,fixed,perturbation_seed,11000.0,2026.0,3000.0,support_restricted_tv_l1,exact_support_restricted_l1,,,,,
8,2034,315,Similarity-aware,0.008,3.577867169202165e-18,4.174178364069192e-17,4.440892098500626e-16,4.440892098500626e-16,-4.440892098500626e-16,8.628844412710692e-16,1.0066985148162473e-14,1.0710226277109999e-13,1.0710226277109999e-13,-1.0710226277109999e-13,0.4146403617999878,60,5,0.5,0.99,E[Agg(Q_xi)] - Agg(E[Q_xi]),bellman_backup,True,8x8,fixed,perturbation_seed,11000.0,2026.0,3000.0,support_restricted_tv_l1,exact_support_restricted_l1,,,,,
8,2034,320,Similarity-aware,0.008,-4.119968255444917e-18,3.71881345162528e-17,4.440892098500626e-16,4.440892098500626e-16,-4.440892098500626e-16,-9.93624508130322e-16,8.96876858654475e-15,1.0710226277109999e-13,1.0710226277109999e-13,-1.0710226277109999e-13,0.4146403617999878,60,5,0.5,0.99,E[Agg(Q_xi)] - Agg(E[Q_xi]),bellman_backup,True,8x8,fixed,perturbation_seed,11000.0,2026.0,3000.0,support_restricted_tv_l1,exact_support_restricted_l1,,,,,
8,2034,325,Similarity-aware,0.008,5.421010862427522e-18,4.0440741033709315e-17,4.440892098500626e-16,4.440892098500626e-16,-4.440892098500626e-16,1.3074006685925291e-15,9.753208987700268e-15,1.0710226277109999e-13,1.0710226277109999e-13,-1.0710226277109999e-13,0.4146403617999878,60,5,0.5,0.99,E[Agg(Q_xi)] - Agg(E[Q_xi]),bellman_backup,True,8x8,fixed,perturbation_seed,11000.0,2026.0,3000.0,support_restricted_tv_l1,exact_support_restricted_l1,,,,,
8,2034,330,Similarity-aware,0.008,-4.553649124439119e-18,4.0115480381963664e-17,4.440892098500626e-16,3.3306690738754696e-16,-4.440892098500626e-16,-1.0982165616177245e-15,9.674764947584715e-15,1.0710226277109999e-13,8.032669707832498e-14,-1.0710226277109999e-13,0.4146403617999878,60,5,0.5,0.99,E[Agg(Q_xi)] - Agg(E[Q_xi]),bellman_backup,True,8x8,fixed,perturbation_seed,11000.0,2026.0,3000.0,support_restricted_tv_l1,exact_support_restricted_l1,,,,,
8,2034,335,Similarity-aware,0.008,3.7947076036992655e-18,4.228388472693467e-17,4.440892098500626e-16,4.440892098500626e-16,-4.440892098500626e-16,9.151804680147703e-16,1.0197725215021727e-14,1.0710226277109999e-13,1.0710226277109999e-13,-1.0710226277109999e-13,0.4146403617999878,60,5,0.5,0.99,E[Agg(Q_xi)] - Agg(E[Q_xi]),bellman_backup,True,8x8,fixed,perturbation_seed,11000.0,2026.0,3000.0,support_restricted_tv_l1,exact_support_restricted_l1,,,,,
8,2034,340,Similarity-aware,0.008,1.6263032587282567e-18,4.228388472693467e-17,4.440892098500626e-16,4.440892098500626e-16,-4.440892098500626e-16,3.922202005777587e-16,1.0197725215021727e-14,1.0710226277109999e-13,1.0710226277109999e-13,-1.0710226277109999e-13,0.4146403617999878,60,5,0.5,0.99,E[Agg(Q_xi)] - Agg(E[Q_xi]),bellman_backup,True,8x8,fixed,perturbation_seed,11000.0,2026.0,3000.0,support_restricted_tv_l1,exact_support_restricted_l1,,,,,
8,2034,345,Similarity-aware,0.008,-6.505213034913027e-19,3.5778671692021646e-17,4.440892098500626e-16,4.440892098500626e-16,-3.3306690738754696e-16,-1.5688808023110348e-16,8.628844412710692e-15,1.0710226277109999e-13,1.0710226277109999e-13,-8.032669707832498e-14,0.4146403617999878,60,5,0.5,0.99,E[Agg(Q_xi)] - Agg(E[Q_xi]),bellman_backup,True,8x8,fixed,perturbation_seed,11000.0,2026.0,3000.0,support_restricted_tv_l1,exact_support_restricted_l1,,,,,
8,2034,350,Similarity-aware,0.008,4.9873299934333204e-18,4.195862407518902e-17,4.440892098500626e-16,3.885780586188048e-16,-4.440892098500626e-16,1.2028086151051267e-15,1.0119281174906176e-14,1.0710226277109999e-13,9.371447992471248e-14,-1.0710226277109999e-13,0.4146403617999878,60,5,0.5,0.99,E[Agg(Q_xi)] - Agg(E[Q_xi]),bellman_backup,True,8x8,fixed,perturbation_seed,11000.0,2026.0,3000.0,support_restricted_tv_l1,exact_support_restricted_l1,,,,,
8,2034,355,Similarity-aware,0.008,8.456776945386935e-18,4.466912950640278e-17,6.661338147750939e-16,6.661338147750939e-16,-3.3306690738754696e-16,2.0395450430043455e-15,1.077298150920244e-14,1.6065339415664996e-13,1.6065339415664996e-13,-8.032669707832498e-14,0.4146403617999878,60,5,0.5,0.99,E[Agg(Q_xi)] - Agg(E[Q_xi]),bellman_backup,True,8x8,fixed,perturbation_seed,11000.0,2026.0,3000.0,support_restricted_tv_l1,exact_support_restricted_l1,,,,,
8,2034,360,Similarity-aware,0.008,1.3769367590565906e-17,5.0306980803327406e-17,4.440892098500626e-16,4.440892098500626e-16,-4.440892098500626e-16,3.3207976982250238e-15,1.213267820453867e-14,1.0710226277109999e-13,1.0710226277109999e-13,-1.0710226277109999e-13,0.4146403617999878,60,5,0.5,0.99,E[Agg(Q_xi)] - Agg(E[Q_xi]),bellman_backup,True,8x8,fixed,perturbation_seed,11000.0,2026.0,3000.0,support_restricted_tv_l1,exact_support_restricted_l1,,,,,
8,2034,365,Similarity-aware,0.008,-1.951563910473908e-18,3.621235256101585e-17,4.440892098500626e-16,4.440892098500626e-16,-3.3306690738754696e-16,-4.706642406933105e-16,8.733436466198094e-15,1.0710226277109999e-13,1.0710226277109999e-13,-8.032669707832498e-14,0.4146403617999878,60,5,0.5,0.99,E[Agg(Q_xi)] - Agg(E[Q_xi]),bellman_backup,True,8x8,fixed,perturbation_seed,11000.0,2026.0,3000.0,support_restricted_tv_l1,exact_support_restricted_l1,,,,,
8,2034,370,Similarity-aware,0.008,1.1926223897340549e-18,4.163336342344337e-17,4.440892098500626e-16,3.3306690738754696e-16,-4.440892098500626e-16,2.876281470903564e-16,1.0040837134790623e-14,1.0710226277109999e-13,8.032669707832498e-14,-1.0710226277109999e-13,0.4146403617999878,60,5,0.5,0.99,E[Agg(Q_xi)] - Agg(E[Q_xi]),bellman_backup,True,8x8,fixed,perturbation_seed,11000.0,2026.0,3000.0,support_restricted_tv_l1,exact_support_restricted_l1,,,,,
8,2034,375,Similarity-aware,0.008,-3.0357660829594124e-18,4.0223900599212215e-17,5.551115123125783e-16,3.3306690738754696e-16,-5.551115123125783e-16,-7.321443744118162e-16,9.700912960956565e-15,1.3387782846387497e-13,8.032669707832498e-14,-1.3387782846387497e-13,0.4146403617999878,60,5,0.5,0.99,E[Agg(Q_xi)] - Agg(E[Q_xi]),bellman_backup,True,8x8,fixed,perturbation_seed,11000.0,2026.0,3000.0,support_restricted_tv_l1,exact_support_restricted_l1,,,,,
8,2034,380,Similarity-aware,0.008,-1.713039432527097e-17,3.447762908503904e-17,5.551115123125783e-16,4.440892098500626e-16,-5.551115123125783e-16,-4.131386112752392e-15,8.315068252248485e-15,1.3387782846387497e-13,1.0710226277109999e-13,-1.3387782846387497e-13,0.4146403617999878,60,5,0.5,0.99,E[Agg(Q_xi)] - Agg(E[Q_xi]),bellman_backup,True,8x8,fixed,perturbation_seed,11000.0,2026.0,3000.0,support_restricted_tv_l1,exact_support_restricted_l1,,,,,
8,2034,385,Similarity-aware,0.008,-3.7947076036992655e-18,3.913969842672671e-17,6.661338147750939e-16,6.661338147750939e-16,-4.440892098500626e-16,-9.151804680147703e-16,9.43943282723806e-15,1.6065339415664996e-13,1.6065339415664996e-13,-1.0710226277109999e-13,0.4146403617999878,60,5,0.5,0.99,E[Agg(Q_xi)] - Agg(E[Q_xi]),bellman_backup,True,8x8,fixed,perturbation_seed,11000.0,2026.0,3000.0,support_restricted_tv_l1,exact_support_restricted_l1,,,,,
8,2034,390,Similarity-aware,0.008,-7.589415207398531e-19,4.119968255444917e-17,4.440892098500626e-16,3.3306690738754696e-16,-4.440892098500626e-16,-1.8303609360295406e-16,9.936245081303221e-15,1.0710226277109999e-13,8.032669707832498e-14,-1.0710226277109999e-13,0.4146403617999878,60,5,0.5,0.99,E[Agg(Q_xi)] - Agg(E[Q_xi]),bellman_backup,True,8x8,fixed,perturbation_seed,11000.0,2026.0,3000.0,support_restricted_tv_l1,exact_support_restricted_l1,,,,,
8,2034,395,Similarity-aware,0.008,-1.5178830414797062e-18,4.185020385794047e-17,3.3306690738754696e-16,3.3306690738754696e-16,-3.3306690738754696e-16,-3.660721872059081e-16,1.0093133161534325e-14,8.032669707832498e-14,8.032669707832498e-14,-8.032669707832498e-14,0.4146403617999878,60,5,0.5,0.99,E[Agg(Q_xi)] - Agg(E[Q_xi]),bellman_backup,True,8x8,fixed,perturbation_seed,11000.0,2026.0,3000.0,support_restricted_tv_l1,exact_support_restricted_l1,,,,,
8,2034,400,Similarity-aware,0.008,3.903127820947816e-18,4.423544863740858e-17,4.440892098500626e-16,4.440892098500626e-16,-3.3306690738754696e-16,9.41328481386621e-16,1.0668389455715037e-14,1.0710226277109999e-13,1.0710226277109999e-13,-8.032669707832498e-14,0.4146403617999878,60,5,0.5,0.99,E[Agg(Q_xi)] - Agg(E[Q_xi]),bellman_backup,True,8x8,fixed,perturbation_seed,11000.0,2026.0,3000.0,support_restricted_tv_l1,exact_support_restricted_l1,,,,,
8,2034,405,Similarity-aware,0.008,-3.144186300207963e-18,3.946495907847236e-17,4.440892098500626e-16,4.440892098500626e-16,-3.3306690738754696e-16,-7.582923877836669e-16,9.517876867353612e-15,1.0710226277109999e-13,1.0710226277109999e-13,-8.032669707832498e-14,0.4146403617999878,60,5,0.5,0.99,E[Agg(Q_xi)] - Agg(E[Q_xi]),bellman_backup,True,8x8,fixed,perturbation_seed,11000.0,2026.0,3000.0,support_restricted_tv_l1,exact_support_restricted_l1,,,,,
8,2034,410,Similarity-aware,0.008,-3.0357660829594124e-18,4.098284211995207e-17,3.3306690738754696e-16,3.3306690738754696e-16,-3.3306690738754696e-16,-7.321443744118162e-16,9.88394905455952e-15,8.032669707832498e-14,8.032669707832498e-14,-8.032669707832498e-14,0.4146403617999878,60,5,0.5,0.99,E[Agg(Q_xi)] - Agg(E[Q_xi]),bellman_backup,True,8x8,fixed,perturbation_seed,11000.0,2026.0,3000.0,support_restricted_tv_l1,exact_support_restricted_l1,,,,,
8,2034,415,Similarity-aware,0.008,2.8189256484623115e-18,4.5428071027142636e-17,4.440892098500626e-16,4.440892098500626e-16,-4.440892098500626e-16,6.798483476681151e-16,1.0956017602805393e-14,1.0710226277109999e-13,1.0710226277109999e-13,-1.0710226277109999e-13,0.4146403617999878,60,5,0.5,0.99,E[Agg(Q_xi)] - Agg(E[Q_xi]),bellman_backup,True,8x8,fixed,perturbation_seed,11000.0,2026.0,3000.0,support_restricted_tv_l1,exact_support_restricted_l1,,,,,
8,2034,420,Similarity-aware,0.008,3.577867169202165e-18,4.174178364069192e-17,4.440892098500626e-16,4.440892098500626e-16,-4.440892098500626e-16,8.628844412710692e-16,1.0066985148162473e-14,1.0710226277109999e-13,1.0710226277109999e-13,-1.0710226277109999e-13,0.4146403617999878,60,5,0.5,0.99,E[Agg(Q_xi)] - Agg(E[Q_xi]),bellman_backup,True,8x8,fixed,perturbation_seed,11000.0,2026.0,3000.0,support_restricted_tv_l1,exact_support_restricted_l1,,,,,
8,2034,425,Similarity-aware,0.008,4.119968255444917e-18,4.456070928915423e-17,3.3306690738754696e-16,3.3306690738754696e-16,-3.3306690738754696e-16,9.93624508130322e-16,1.074683349583059e-14,8.032669707832498e-14,8.032669707832498e-14,-8.032669707832498e-14,0.4146403617999878,60,5,0.5,0.99,E[Agg(Q_xi)] - Agg(E[Q_xi]),bellman_backup,True,8x8,fixed,perturbation_seed,11000.0,2026.0,3000.0,support_restricted_tv_l1,exact_support_restricted_l1,,,,,
8,2034,430,Similarity-aware,0.008,4.87890977618477e-18,4.098284211995207e-17,4.440892098500626e-16,4.440892098500626e-16,-3.3306690738754696e-16,1.176660601733276e-15,9.88394905455952e-15,1.0710226277109999e-13,1.0710226277109999e-13,-8.032669707832498e-14,0.4146403617999878,60,5,0.5,0.99,E[Agg(Q_xi)] - Agg(E[Q_xi]),bellman_backup,True,8x8,fixed,perturbation_seed,11000.0,2026.0,3000.0,support_restricted_tv_l1,exact_support_restricted_l1,,,,,
8,2034,435,Similarity-aware,0.008,-1.235990476633475e-17,3.5670251474773096e-17,5.551115123125783e-16,5.551115123125783e-16,-4.440892098500626e-16,-2.9808735243909663e-15,8.602696399338841e-15,1.3387782846387497e-13,1.3387782846387497e-13,-1.0710226277109999e-13,0.4146403617999878,60,5,0.5,0.99,E[Agg(Q_xi)] - Agg(E[Q_xi]),bellman_backup,True,8x8,fixed,perturbation_seed,11000.0,2026.0,3000.0,support_restricted_tv_l1,exact_support_restricted_l1,,,,,
8,2034,440,Similarity-aware,0.008,2.4936649967166602e-18,4.228388472693467e-17,4.440892098500626e-16,4.440892098500626e-16,-3.3306690738754696e-16,6.014043075525634e-16,1.0197725215021727e-14,1.0710226277109999e-13,1.0710226277109999e-13,-8.032669707832498e-14,0.4146403617999878,60,5,0.5,0.99,E[Agg(Q_xi)] - Agg(E[Q_xi]),bellman_backup,True,8x8,fixed,perturbation_seed,11000.0,2026.0,3000.0,support_restricted_tv_l1,exact_support_restricted_l1,,,,,
8,2034,445,Similarity-aware,0.008,2.2768245622195593e-18,4.2609145378680324e-17,4.440892098500626e-16,3.3306690738754696e-16,-4.440892098500626e-16,5.491082808088623e-16,1.0276169255137278e-14,1.0710226277109999e-13,8.032669707832498e-14,-1.0710226277109999e-13,0.4146403617999878,60,5,0.5,0.99,E[Agg(Q_xi)] - Agg(E[Q_xi]),bellman_backup,True,8x8,fixed,perturbation_seed,11000.0,2026.0,3000.0,support_restricted_tv_l1,exact_support_restricted_l1,,,,,
8,2034,450,Similarity-aware,0.008,-2.6020852139652106e-18,4.2717565595928875e-17,5.551115123125783e-16,3.3306690738754696e-16,-5.551115123125783e-16,-6.275523209244139e-16,1.0302317268509129e-14,1.3387782846387497e-13,8.032669707832498e-14,-1.3387782846387497e-13,0.4146403617999878,60,5,0.5,0.99,E[Agg(Q_xi)] - Agg(E[Q_xi]),bellman_backup,True,8x8,fixed,perturbation_seed,11000.0,2026.0,3000.0,support_restricted_tv_l1,exact_support_restricted_l1,,,,,
8,2034,455,Similarity-aware,0.008,-9.974659986866641e-18,3.65376132127615e-17,4.440892098500626e-16,4.440892098500626e-16,-4.440892098500626e-16,-2.4056172302102535e-15,8.811880506313647e-15,1.0710226277109999e-13,1.0710226277109999e-13,-1.0710226277109999e-13,0.4146403617999878,60,5,0.5,0.99,E[Agg(Q_xi)] - Agg(E[Q_xi]),bellman_backup,True,8x8,fixed,perturbation_seed,11000.0,2026.0,3000.0,support_restricted_tv_l1,exact_support_restricted_l1,,,,,
8,2034,460,Similarity-aware,0.008,-6.071532165918825e-18,3.903127820947816e-17,3.3306690738754696e-16,3.3306690738754696e-16,-3.3306690738754696e-16,-1.4642887488236325e-15,9.413284813866209e-15,8.032669707832498e-14,8.032669707832498e-14,-8.032669707832498e-14,0.4146403617999878,60,5,0.5,0.99,E[Agg(Q_xi)] - Agg(E[Q_xi]),bellman_backup,True,8x8,fixed,perturbation_seed,11000.0,2026.0,3000.0,support_restricted_tv_l1,exact_support_restricted_l1,,,,,
8,2034,465,Similarity-aware,0.008,-6.505213034913027e-19,4.2609145378680324e-17,5.551115123125783e-16,4.440892098500626e-16,-5.551115123125783e-16,-1.5688808023110348e-16,1.0276169255137278e-14,1.3387782846387497e-13,1.0710226277109999e-13,-1.3387782846387497e-13,0.4146403617999878,60,5,0.5,0.99,E[Agg(Q_xi)] - Agg(E[Q_xi]),bellman_backup,True,8x8,fixed,perturbation_seed,11000.0,2026.0,3000.0,support_restricted_tv_l1,exact_support_restricted_l1,,,,,
8,2034,470,Similarity-aware,0.008,-2.168404344971009e-18,4.347650711666873e-17,3.3306690738754696e-16,3.3306690738754696e-16,-3.3306690738754696e-16,-5.229602674370116e-16,1.0485353362112084e-14,8.032669707832498e-14,8.032669707832498e-14,-8.032669707832498e-14,0.4146403617999878,60,5,0.5,0.99,E[Agg(Q_xi)] - Agg(E[Q_xi]),bellman_backup,True,8x8,fixed,perturbation_seed,11000.0,2026.0,3000.0,support_restricted_tv_l1,exact_support_restricted_l1,,,,,
8,2034,475,Similarity-aware,0.008,2.168404344971009e-19,4.434386885465713e-17,4.440892098500626e-16,4.440892098500626e-16,-4.440892098500626e-16,5.2296026743701166e-17,1.0694537469086887e-14,1.0710226277109999e-13,1.0710226277109999e-13,-1.0710226277109999e-13,0.4146403617999878,60,5,0.5,0.99,E[Agg(Q_xi)] - Agg(E[Q_xi]),bellman_backup,True,8x8,fixed,perturbation_seed,11000.0,2026.0,3000.0,support_restricted_tv_l1,exact_support_restricted_l1,,,,,
8,2034,480,Similarity-aware,0.008,-1.6263032587282567e-18,4.109126233720062e-17,3.3306690738754696e-16,3.3306690738754696e-16,-3.3306690738754696e-16,-3.922202005777587e-16,9.91009706793137e-15,8.032669707832498e-14,8.032669707832498e-14,-8.032669707832498e-14,0.4146403617999878,60,5,0.5,0.99,E[Agg(Q_xi)] - Agg(E[Q_xi]),bellman_backup,True,8x8,fixed,perturbation_seed,11000.0,2026.0,3000.0,support_restricted_tv_l1,exact_support_restricted_l1,,,,,
8,2034,485,Similarity-aware,0.008,-4.336808689942018e-19,4.391018798566293e-17,3.3306690738754696e-16,3.3306690738754696e-16,-3.3306690738754696e-16,-1.0459205348740233e-16,1.0589945415599485e-14,8.032669707832498e-14,8.032669707832498e-14,-8.032669707832498e-14,0.4146403617999878,60,5,0.5,0.99,E[Agg(Q_xi)] - Agg(E[Q_xi]),bellman_backup,True,8x8,fixed,perturbation_seed,11000.0,2026.0,3000.0,support_restricted_tv_l1,exact_support_restricted_l1,,,,,
8,2034,490,Similarity-aware,0.008,-2.168404344971009e-19,4.412702842016003e-17,4.440892098500626e-16,4.440892098500626e-16,-4.440892098500626e-16,-5.2296026743701166e-17,1.0642241442343186e-14,1.0710226277109999e-13,1.0710226277109999e-13,-1.0710226277109999e-13,0.4146403617999878,60,5,0.5,0.99,E[Agg(Q_xi)] - Agg(E[Q_xi]),bellman_backup,True,8x8,fixed,perturbation_seed,11000.0,2026.0,3000.0,support_restricted_tv_l1,exact_support_restricted_l1,,,,,
8,2034,495,Similarity-aware,0.008,7.047314121155779e-18,5.095750210681871e-17,4.440892098500626e-16,4.440892098500626e-16,-3.3306690738754696e-16,1.6996208691702878e-15,1.2289566284769773e-14,1.0710226277109999e-13,1.0710226277109999e-13,-8.032669707832498e-14,0.4146403617999878,60,5,0.5,0.99,E[Agg(Q_xi)] - Agg(E[Q_xi]),bellman_backup,True,8x8,fixed,perturbation_seed,11000.0,2026.0,3000.0,support_restricted_tv_l1,exact_support_restricted_l1,,,,,
8,2034,500,Similarity-aware,0.008,4.662069341687669e-18,4.347650711666873e-17,6.661338147750939e-16,6.661338147750939e-16,-4.440892098500626e-16,1.124364574989575e-15,1.0485353362112084e-14,1.6065339415664996e-13,1.6065339415664996e-13,-1.0710226277109999e-13,0.4146403617999878,60,5,0.5,0.99,E[Agg(Q_xi)] - Agg(E[Q_xi]),bellman_backup,True,8x8,fixed,perturbation_seed,11000.0,2026.0,3000.0,support_restricted_tv_l1,exact_support_restricted_l1,,,,,
8,2034,-1,metadata,,,,,,,,,,,,0.4146403617999878,60,5,0.5,0.99,,,,8x8,fixed,perturbation_seed,,,,support_restricted_tv_l1,exact_support_restricted_l1,0.0,0.01,0.026178166011668835,0.009750713088871073,0.3771545271640919
8,2034,-1,metadata,,,,,,,,,,,,0.4146403617999878,60,5,0.5,0.99,,,,8x8,fixed,perturbation_seed,,,,support_restricted_tv_l1,exact_support_restricted_l1,1.0,0.015,0.03602457307022089,0.013893325844238259,0.27407172564432675
8,2034,-1,metadata,,,,,,,,,,,,0.4146403617999878,60,5,0.5,0.99,,,,8x8,fixed,perturbation_seed,,,,support_restricted_tv_l1,exact_support_restricted_l1,2.0,0.02,0.04842382601845763,0.018431017761294872,0.20389522875968216
8,2034,-1,metadata,,,,,,,,,,,,0.4146403617999878,60,5,0.5,0.99,,,,8x8,fixed,perturbation_seed,,,,support_restricted_tv_l1,exact_support_restricted_l1,3.0,0.03,0.06814982791809715,0.029162573301803538,0.14487851843189917
9,2035,5,Maximum-based,0.008,0.0028256509067642105,0.0028256509067642105,0.0041266329434983765,0.0041266329434983765,0.0,0.6814702974157721,0.6814702974157721,0.9952318499782136,0.9952318499782136,0.0,0.4146403617999878,60,5,0.5,0.99,E[Agg(Q_xi)] - Agg(E[Q_xi]),bellman_backup,True,8x8,fixed,perturbation_seed,12000.0,2026.0,3000.0,support_restricted_tv_l1,exact_support_restricted_l1,,,,,
9,2035,10,Maximum-based,0.008,0.0027926103451082224,0.0027926103451082224,0.004059390455637557,0.004059390455637557,4.179240382951033e-05,0.673501810818723,0.673501810818723,0.9790147871797645,0.9790147871797645,0.010079193363638328,0.4146403617999878,60,5,0.5,0.99,E[Agg(Q_xi)] - Agg(E[Q_xi]),bellman_backup,True,8x8,fixed,perturbation_seed,12000.0,2026.0,3000.0,support_restricted_tv_l1,exact_support_restricted_l1,,,,,
9,2035,15,Maximum-based,0.008,0.0027386967982939384,0.0027386967982939384,0.0038720373769983094,0.0038720373769983094,3.061456608244306e-05,0.6604993267913021,0.6604993267913021,0.9338303102451189,0.9338303102451189,0.007383402317502985,0.4146403617999878,60,5,0.5,0.99,E[Agg(Q_xi)] - Agg(E[Q_xi]),bellman_backup,True,8x8,fixed,perturbation_seed,12000.0,2026.0,3000.0,support_restricted_tv_l1,exact_support_restricted_l1,,,,,
9,2035,20,Maximum-based,0.008,0.002706581952107966,0.002706581952107966,0.004115761791996811,0.004115761791996811,5.081362538184031e-06,0.6527540976374012,0.6527540976374012,0.9926100233296034,0.9926100233296034,0.001225486712418786,0.4146403617999878,60,5,0.5,0.99,E[Agg(Q_xi)] - Agg(E[Q_xi]),bellman_backup,True,8x8,fixed,perturbation_seed,12000.0,2026.0,3000.0,support_restricted_tv_l1,exact_support_restricted_l1,,,,,
9,2035,25,Maximum-based,0.008,0.00269242016303926,0.00269242016303926,0.004108342575355799,0.004108342575355799,0.0,0.6493386585307912,0.6493386585307912,0.9908207096678063,0.9908207096678063,0.0,0.4146403617999878,60,5,0.5,0.99,E[Agg(Q_xi)] - Agg(E[Q_xi]),bellman_backup,True,8x8,fixed,perturbation_seed,12000.0,2026.0,3000.0,support_restricted_tv_l1,exact_support_restricted_l1,,,,,
9,2035,30,Maximum-based,0.008,0.0026883512305871477,0.0026883512305871477,0.004056085050789741,0.004056085050789741,3.669949545481721e-05,0.6483573424730759,0.6483573424730759,0.9782176132545186,0.9782176132545186,0.008850922108861205,0.4146403617999878,60,5,0.5,0.99,E[Agg(Q_xi)] - Agg(E[Q_xi]),bellman_backup,True,8x8,fixed,perturbation_seed,12000.0,2026.0,3000.0,support_restricted_tv_l1,exact_support_restricted_l1,,,,,
9,2035,35,Maximum-based,0.008,0.0026501972083823287,0.0026501972083823287,0.0040720768165081675,0.0040720768165081675,0.0,0.6391556279947291,0.6391556279947291,0.9820743930549714,0.9820743930549714,0.0,0.4146403617999878,60,5,0.5,0.99,E[Agg(Q_xi)] - Agg(E[Q_xi]),bellman_backup,True,8x8,fixed,perturbation_seed,12000.0,2026.0,3000.0,support_restricted_tv_l1,exact_support_restricted_l1,,,,,
9,2035,40,Maximum-based,0.008,0.0026725088868580745,0.0026725088868580745,0.0040883571978200944,0.0040883571978200944,4.2763091786190977e-05,0.6445365992004478,0.6445365992004478,0.9860007791022082,0.9860007791022082,0.010313296949807994,0.4146403617999878,60,5,0.5,0.99,E[Agg(Q_xi)] - Agg(E[Q_xi]),bellman_backup,True,8x8,fixed,perturbation_seed,12000.0,2026.0,3000.0,support_restricted_tv_l1,exact_support_restricted_l1,,,,,
9,2035,45,Maximum-based,0.008,0.002603497425733657,0.002603497425733657,0.0038936534980689858,0.0038936534980689858,2.8094391266386687e-05,0.6278929080689736,0.6278929080689736,0.939043531885395,0.939043531885395,0.006775604561125364,0.4146403617999878,60,5,0.5,0.99,E[Agg(Q_xi)] - Agg(E[Q_xi]),bellman_backup,True,8x8,fixed,perturbation_seed,12000.0,2026.0,3000.0,support_restricted_tv_l1,exact_support_restricted_l1,,,,,
9,2035,50,Maximum-based,0.008,0.002601785844336264,0.002601785844336264,0.0038919047706284238,0.0038919047706284238,6.498213431371802e-05,0.6274801210961949,0.6274801210961949,0.9386217862953201,0.9386217862953201,0.015671926879386573,0.4146403617999878,60,5,0.5,0.99,E[Agg(Q_xi)] - Agg(E[Q_xi]),bellman_backup,True,8x8,fixed,perturbation_seed,12000.0,2026.0,3000.0,support_restricted_tv_l1,exact_support_restricted_l1,,,,,
9,2035,55,Maximum-based,0.008,0.00258633203324458,0.00258633203324458,0.004165943950311057,0.004165943950311057,0.0,0.623753081349124,0.623753081349124,1.004712597738038,1.004712597738038,0.0,0.4146403617999878,60,5,0.5,0.99,E[Agg(Q_xi)] - Agg(E[Q_xi]),bellman_backup,True,8x8,fixed,perturbation_seed,12000.0,2026.0,3000.0,support_restricted_tv_l1,exact_support_restricted_l1,,,,,
9,2035,60,Maximum-based,0.008,0.002581901506169873,0.002581901506169873,0.004137401481695779,0.004137401481695779,3.8751824767757626e-05,0.6226845584837971,0.6226845584837971,0.9978289290832615,0.9978289290832615,0.00934588822938818,0.4146403617999878,60,5,0.5,0.99,E[Agg(Q_xi)] - Agg(E[Q_xi]),bellman_backup,True,8x8,fixed,perturbation_seed,12000.0,2026.0,3000.0,support_restricted_tv_l1,exact_support_restricted_l1,,,,,
9,2035,65,Maximum-based,0.008,0.0025356758428137487,0.0025356758428137487,0.004064910541215716,0.004064910541215716,0.0,0.6115361832616034,0.6115361832616034,0.9803460819804435,0.9803460819804435,0.0,0.4146403617999878,60,5,0.5,0.99,E[Agg(Q_xi)] - Agg(E[Q_xi]),bellman_backup,True,8x8,fixed,perturbation_seed,12000.0,2026.0,3000.0,support_restricted_tv_l1,exact_support_restricted_l1,,,,,
9,2035,70,Maximum-based,0.008,0.002569782135423996,0.002569782135423996,0.004073598974615997,0.004073598974615997,4.332248093319446e-05,0.6197616952359295,0.6197616952359295,0.9824414962721356,0.9824414962721356,0.010448206427644434,0.4146403617999878,60,5,0.5,0.99,E[Agg(Q_xi)] - Agg(E[Q_xi]),bellman_backup,True,8x8,fixed,perturbation_seed,12000.0,2026.0,3000.0,support_restricted_tv_l1,exact_support_restricted_l1,,,,,
9,2035,75,Maximum-based,0.008,0.0025448694587663226,0.0025448694587663226,0.00418430456300295,0.00418430456300295,3.0357235828226692e-05,0.6137534338719067,0.6137534338719067,1.0091406791269766,1.0091406791269766,0.00732134124532485,0.4146403617999878,60,5,0.5,0.99,E[Agg(Q_xi)] - Agg(E[Q_xi]),bellman_backup,True,8x8,fixed,perturbation_seed,12000.0,2026.0,3000.0,support_restricted_tv_l1,exact_support_restricted_l1,,,,,
9,2035,80,Maximum-based,0.008,0.0025126668222177316,0.0025126668222177316,0.004047606727708625,0.004047606727708625,9.272134262627851e-05,0.6059870320655807,0.6059870320655807,0.9761728718684385,0.9761728718684385,0.02236187095336488,0.4146403617999878,60,5,0.5,0.99,E[Agg(Q_xi)] - Agg(E[Q_xi]),bellman_backup,True,8x8,fixed,perturbation_seed,12000.0,2026.0,3000.0,support_restricted_tv_l1,exact_support_restricted_l1,,,,,
9,2035,85,Maximum-based,0.008,0.002519104906320601,0.002519104906320601,0.004392817055847709,0.004392817055847709,2.3075071915013012e-05,0.6075397231916739,0.6075397231916739,1.0594282324031674,1.0594282324031674,0.005565080981224846,0.4146403617999878,60,5,0.5,0.99,E[Agg(Q_xi)] - Agg(E[Q_xi]),bellman_backup,True,8x8,fixed,perturbation_seed,12000.0,2026.0,3000.0,support_restricted_tv_l1,exact_support_restricted_l1,,,,,
9,2035,90,Maximum-based,0.008,0.0024886027633029568,0.0024886027633029568,0.004092493387675783,0.004092493387675783,1.1068667285063505e-05,0.600183434265716,0.600183434265716,0.9869983158199876,0.9869983158199876,0.002669462094093665,0.4146403617999878,60,5,0.5,0.99,E[Agg(Q_xi)] - Agg(E[Q_xi]),bellman_backup,True,8x8,fixed,perturbation_seed,12000.0,2026.0,3000.0,support_restricted_tv_l1,exact_support_restricted_l1,,,,,
9,2035,95,Maximum-based,0.008,0.002527231894388845,0.002527231894388845,0.004190449161896537,0.004190449161896537,3.1200032287737045e-06,0.6094997321095139,0.6094997321095139,1.0106225895871432,1.0106225895871432,0.0007524600873946556,0.4146403617999878,60,5,0.5,0.99,E[Agg(Q_xi)] - Agg(E[Q_xi]),bellman_backup,True,8x8,fixed,perturbation_seed,12000.0,2026.0,3000.0,support_restricted_tv_l1,exact_support_restricted_l1,,,,,
9,2035,100,Maximum-based,0.008,0.0024905494443555882,0.0024905494443555882,0.003982249226789608,0.003982249226789608,2.2698322311054397e-05,0.6006529208936411,0.6006529208936411,0.9604104167530478,0.9604104167530478,0.005474219203484947,0.4146403617999878,60,5,0.5,0.99,E[Agg(Q_xi)] - Agg(E[Q_xi]),bellman_backup,True,8x8,fixed,perturbation_seed,12000.0,2026.0,3000.0,support_restricted_tv_l1,exact_support_restricted_l1,,,,,
9,2035,105,Maximum-based,0.008,0.00246603569776877,0.00246603569776877,0.003998144901426609,0.003998144901426609,2.276931723632636e-05,0.5947408706338927,0.5947408706338927,0.9642440219930193,0.9642440219930193,0.0054913412523283755,0.4146403617999878,60,5,0.5,0.99,E[Agg(Q_xi)] - Agg(E[Q_xi]),bellman_backup,True,8x8,fixed,perturbation_seed,12000.0,2026.0,3000.0,support_restricted_tv_l1,exact_support_restricted_l1,,,,,
9,2035,110,Maximum-based,0.008,0.0024646512974026216,0.0024646512974026216,0.0039478567213522,0.0039478567213522,2.835537451673087e-05,0.5944069908446366,0.5944069908446366,0.9521158780139565,0.9521158780139565,0.006838546636810238,0.4146403617999878,60,5,0.5,0.99,E[Agg(Q_xi)] - Agg(E[Q_xi]),bellman_backup,True,8x8,fixed,perturbation_seed,12000.0,2026.0,3000.0,support_restricted_tv_l1,exact_support_restricted_l1,,,,,
9,2035,115,Maximum-based,0.008,0.0025018456486304314,0.0025018456486304314,0.0042016977802113165,0.0042016977802113165,0.0,0.6033772587332584,0.6033772587332584,1.0133354509848973,1.0133354509848973,0.0,0.4146403617999878,60,5,0.5,0.99,E[Agg(Q_xi)] - Agg(E[Q_xi]),bellman_backup,True,8x8,fixed,perturbation_seed,12000.0,2026.0,3000.0,support_restricted_tv_l1,exact_support_restricted_l1,,,,,
9,2035,120,Maximum-based,0.008,0.002486924988908335,0.002486924988908335,0.00411928194358796,0.00411928194358796,5.151057062890985e-06,0.5997788006243265,0.5997788006243265,0.993458988340117,0.993458988340117,0.0012422951399448485,0.4146403617999878,60,5,0.5,0.99,E[Agg(Q_xi)] - Agg(E[Q_xi]),bellman_backup,True,8x8,fixed,perturbation_seed,12000.0,2026.0,3000.0,support_restricted_tv_l1,exact_support_restricted_l1,,,,,
9,2035,125,Maximum-based,0.008,0.002457231248765996,0.002457231248765996,0.003973924020017394,0.003973924020017394,1.5124054173587531e-05,0.5926174765280817,0.5926174765280817,0.9584026028643869,0.9584026028643869,0.0036475113295610616,0.4146403617999878,60,5,0.5,0.99,E[Agg(Q_xi)] - Agg(E[Q_xi]),bellman_backup,True,8x8,fixed,perturbation_seed,12000.0,2026.0,3000.0,support_restricted_tv_l1,exact_support_restricted_l1,,,,,
9,2035,130,Maximum-based,0.008,0.002430748968654622,0.002430748968654622,0.0039968378468082655,0.0039968378468082655,5.0552726497565814e-05,0.5862306694173576,0.5862306694173576,0.9639287958986107,0.9639287958986107,0.01219194539530891,0.4146403617999878,60,5,0.5,0.99,E[Agg(Q_xi)] - Agg(E[Q_xi]),bellman_backup,True,8x8,fixed,perturbation_seed,12000.0,2026.0,3000.0,support_restricted_tv_l1,exact_support_restricted_l1,,,,,
9,2035,135,Maximum-based,0.008,0.0024337317208784058,0.0024337317208784058,0.004073770344553307,0.004073770344553307,8.76661635373921e-06,0.5869500282879787,0.5869500282879787,0.9824828260492384,0.9824828260492384,0.0021142698978176195,0.4146403617999878,60,5,0.5,0.99,E[Agg(Q_xi)] - Agg(E[Q_xi]),bellman_backup,True,8x8,fixed,perturbation_seed,12000.0,2026.0,3000.0,support_restricted_tv_l1,exact_support_restricted_l1,,,,,
9,2035,140,Maximum-based,0.008,0.0024341781434552142,0.0024341781434552142,0.004065918290001969,0.004065918290001969,2.6006701982828062e-05,0.5870576932955218,0.5870576932955218,0.9805891236327028,0.9805891236327028,0.006272110575519189,0.4146403617999878,60,5,0.5,0.99,E[Agg(Q_xi)] - Agg(E[Q_xi]),bellman_backup,True,8x8,fixed,perturbation_seed,12000.0,2026.0,3000.0,support_restricted_tv_l1,exact_support_restricted_l1,,,,,
9,2035,145,Maximum-based,0.008,0.002424918132477437,0.002424918132477437,0.004006671545134288,0.004006671545134288,0.0,0.5848244300074089,0.5848244300074089,0.96630041700258,0.96630041700258,0.0,0.4146403617999878,60,5,0.5,0.99,E[Agg(Q_xi)] - Agg(E[Q_xi]),bellman_backup,True,8x8,fixed,perturbation_seed,12000.0,2026.0,3000.0,support_restricted_tv_l1,exact_support_restricted_l1,,,,,
9,2035,150,Maximum-based,0.008,0.002443369662289892,0.002443369662289892,0.003941898951464878,0.003941898951464878,1.609192055362918e-05,0.589274438137914,0.589274438137914,0.9506790256386937,0.9506790256386937,0.0038809344280361017,0.4146403617999878,60,5,0.5,0.99,E[Agg(Q_xi)] - Agg(E[Q_xi]),bellman_backup,True,8x8,fixed,perturbation_seed,12000.0,2026.0,3000.0,support_restricted_tv_l1,exact_support_restricted_l1,,,,,
9,2035,155,Maximum-based,0.008,0.0024226435784137214,0.0024226435784137214,0.003826467454297794,0.003826467454297794,1.0889497386756819e-05,0.5842758693092074,0.5842758693092074,0.9228400818692095,0.9228400818692095,0.002626251178125694,0.4146403617999878,60,5,0.5,0.99,E[Agg(Q_xi)] - Agg(E[Q_xi]),bellman_backup,True,8x8,fixed,perturbation_seed,12000.0,2026.0,3000.0,support_restricted_tv_l1,exact_support_restricted_l1,,,,,
9,2035,160,Maximum-based,0.008,0.0024125121501289634,0.0024125121501289634,0.003942252165359816,0.003942252165359816,4.4527371728553256e-05,0.5818324438209658,0.5818324438209658,0.9507642112422863,0.9507642112422863,0.01073879338114994,0.4146403617999878,60,5,0.5,0.99,E[Agg(Q_xi)] - Agg(E[Q_xi]),bellman_backup,True,8x8,fixed,perturbation_seed,12000.0,2026.0,3000.0,support_restricted_tv_l1,exact_support_restricted_l1,,,,,
9,2035,165,Maximum-based,0.008,0.0024136578114894057,0.0024136578114894057,0.004189831730431748,0.004189831730431748,0.0,0.5821087462425315,0.5821087462425315,1.0104736818777953,1.0104736818777953,0.0,0.4146403617999878,60,5,0.5,0.99,E[Agg(Q_xi)] - Agg(E[Q_xi]),bellman_backup,True,8x8,fixed,perturbation_seed,12000.0,2026.0,3000.0,support_restricted_tv_l1,exact_support_restricted_l1,,,,,
9,2035,170,Maximum-based,0.008,0.0024369044855823974,0.0024369044855823974,0.004123248983955746,0.004123248983955746,0.0,0.5877152130110044,0.5877152130110044,0.9944157307929176,0.9944157307929176,0.0,0.4146403617999878,60,5,0.5,0.99,E[Agg(Q_xi)] - Agg(E[Q_xi]),bellman_backup,True,8x8,fixed,perturbation_seed,12000.0,2026.0,3000.0,support_restricted_tv_l1,exact_support_restricted_l1,,,,,
9,2035,175,Maximum-based,0.008,0.0023957913849176503,0.0023957913849176503,0.004329638379333783,0.004329638379333783,0.0,0.5777998491312624,0.5777998491312624,1.0441912505908657,1.0441912505908657,0.0,0.4146403617999878,60,5,0.5,0.99,E[Agg(Q_xi)] - Agg(E[Q_xi]),bellman_backup,True,8x8,fixed,perturbation_seed,12000.0,2026.0,3000.0,support_restricted_tv_l1,exact_support_restricted_l1,,,,,
9,2035,180,Maximum-based,0.008,0.0024172586562123555,0.0024172586562123555,0.003921050737715509,0.003921050737715509,0.0,0.582977172246049,0.582977172246049,0.9456510023997438,0.9456510023997438,0.0,0.4146403617999878,60,5,0.5,0.99,E[Agg(Q_xi)] - Agg(E[Q_xi]),bellman_backup,True,8x8,fixed,perturbation_seed,12000.0,2026.0,3000.0,support_restricted_tv_l1,exact_support_restricted_l1,,,,,
9,2035,185,Maximum-based,0.008,0.0024294614454647635,0.0024294614454647635,0.0040930743011165505,0.0040930743011165505,9.387818941331005e-06,0.585920153773326,0.585920153773326,0.9871384163732105,0.9871384163732105,0.0022640870996199487,0.4146403617999878,60,5,0.5,0.99,E[Agg(Q_xi)] - Agg(E[Q_xi]),bellman_backup,True,8x8,fixed,perturbation_seed,12000.0,2026.0,3000.0,support_restricted_tv_l1,exact_support_restricted_l1,,,,,
9,2035,190,Maximum-based,0.008,0.002400811745897397,0.002400811745897397,0.003933056551834235,0.003933056551834235,0.0,0.5790106239236519,0.5790106239236519,0.9485464788715972,0.9485464788715972,0.0,0.4146403617999878,60,5,0.5,0.99,E[Agg(Q_xi)] - Agg(E[Q_xi]),bellman_backup,True,8x8,fixed,perturbation_seed,12000.0,2026.0,3000.0,support_restricted_tv_l1,exact_support_restricted_l1,,,,,
9,2035,195,Maximum-based,0.008,0.002425928821574841,0.002425928821574841,0.004183257755960623,0.004183257755960623,3.321594993166421e-05,0.5850681807829043,0.5850681807829043,1.0088882176835747,1.0088882176835747,0.00801078548828943,0.4146403617999878,60,5,0.5,0.99,E[Agg(Q_xi)] - Agg(E[Q_xi]),bellman_backup,True,8x8,fixed,perturbation_seed,12000.0,2026.0,3000.0,support_restricted_tv_l1,exact_support_restricted_l1,,,,,
9,2035,200,Maximum-based,0.008,0.0023841922651404264,0.0023841922651404264,0.004095610121894411,0.004095610121894411,0.0,0.5750024562950051,0.5750024562950051,0.9877499875108712,0.9877499875108712,0.0,0.4146403617999878,60,5,0.5,0.99,E[Agg(Q_xi)] - Agg(E[Q_xi]),bellman_backup,True,8x8,fixed,perturbation_seed,12000.0,2026.0,3000.0,support_restricted_tv_l1,exact_support_restricted_l1,,,,,
9,2035,205,Maximum-based,0.008,0.0024255664583530314,0.0024255664583530314,0.004142625291920332,0.004142625291920332,0.0,0.5849807886100254,0.5849807886100254,0.9990887703109403,0.9990887703109403,0.0,0.4146403617999878,60,5,0.5,0.99,E[Agg(Q_xi)] - Agg(E[Q_xi]),bellman_backup,True,8x8,fixed,perturbation_seed,12000.0,2026.0,3000.0,support_restricted_tv_l1,exact_support_restricted_l1,,,,,
9,2035,210,Maximum-based,0.008,0.002395524794731484,0.002395524794731484,0.004117270124220307,0.004117270124220307,4.2376572500057996e-05,0.5777355548148556,0.5777355548148556,0.9929737921187652,0.9929737921187652,0.01022007898992221,0.4146403617999878,60,5,0.5,0.99,E[Agg(Q_xi)] - Agg(E[Q_xi]),bellman_backup,True,8x8,fixed,perturbation_seed,12000.0,2026.0,3000.0,support_restricted_tv_l1,exact_support_restricted_l1,,,,,
9,2035,215,Maximum-based,0.008,0.002412262343687385,0.002412262343687385,0.004127320758174902,0.004127320758174902,1.4122713324904446e-05,0.5817721972881646,0.5817721972881646,0.995397732207705,0.995397732207705,0.003406015097902334,0.4146403617999878,60,5,0.5,0.99,E[Agg(Q_xi)] - Agg(E[Q_xi]),bellman_backup,True,8x8,fixed,perturbation_seed,12000.0,2026.0,3000.0,support_restricted_tv_l1,exact_support_restricted_l1,,,,,
9,2035,220,Maximum-based,0.008,0.0024145319080549907,0.0024145319080549907,0.004087690671924271,0.004087690671924271,0.0,0.5823195546071082,0.5823195546071082,0.9858400311487455,0.9858400311487455,0.0,0.4146403617999878,60,5,0.5,0.99,E[Agg(Q_xi)] - Agg(E[Q_xi]),bellman_backup,True,8x8,fixed,perturbation_seed,12000.0,2026.0,3000.0,support_restricted_tv_l1,exact_support_restricted_l1,,,,,
9,2035,225,Maximum-based,0.008,0.002437882427782576,0.002437882427782576,0.0044326336149478895,0.0044326336149478895,7.971233056291993e-06,0.5879510661237919,0.5879510661237919,1.0690309056516987,1.0690309056516987,0.0019224450368720055,0.4146403617999878,60,5,0.5,0.99,E[Agg(Q_xi)] - Agg(E[Q_xi]),bellman_backup,True,8x8,fixed,perturbation_seed,12000.0,2026.0,3000.0,support_restricted_tv_l1,exact_support_restricted_l1,,,,,
9,2035,230,Maximum-based,0.008,0.0023729281253963485,0.0023729281253963485,0.004224890496723643,0.004224890496723643,0.0,0.5722858515498281,0.5722858515498281,1.0189289046495733,1.0189289046495733,0.0,0.4146403617999878,60,5,0.5,0.99,E[Agg(Q_xi)] - Agg(E[Q_xi]),bellman_backup,True,8x8,fixed,perturbation_seed,12000.0,2026.0,3000.0,support_restricted_tv_l1,exact_support_restricted_l1,,,,,
9,2035,235,Maximum-based,0.008,0.0023911231180954355,0.0023911231180954355,0.003923377898134461,0.003923377898134461,1.677774900232798e-05,0.5766739898921982,0.5766739898921982,0.9462122503228475,0.9462122503228475,0.004046337633291268,0.4146403617999878,60,5,0.5,0.99,E[Agg(Q_xi)] - Agg(E[Q_xi]),bellman_backup,True,8x8,fixed,perturbation_seed,12000.0,2026.0,3000.0,support_restricted_tv_l1,exact_support_restricted_l1,,,,,
9,2035,240,Maximum-based,0.008,0.00241553260618121,0.00241553260618121,0.004098262736462632,0.004098262736462632,3.646116191180493e-05,0.582560895831555,0.582560895831555,0.9883897261404407,0.9883897261404407,0.00879344252776648,0.4146403617999878,60,5,0.5,0.99,E[Agg(Q_xi)] - Agg(E[Q_xi]),bellman_backup,True,8x8,fixed,perturbation_seed,12000.0,2026.0,3000.0,support_restricted_tv_l1,exact_support_restricted_l1,,,,,
9,2035,245,Maximum-based,0.008,0.002391320378953266,0.002391320378953266,0.004180159851184362,0.004180159851184362,0.0,0.5767215638565306,0.5767215638565306,1.0081410871430714,1.0081410871430714,0.0,0.4146403617999878,60,5,0.5,0.99,E[Agg(Q_xi)] - Agg(E[Q_xi]),bellman_backup,True,8x8,fixed,perturbation_seed,12000.0,2026.0,3000.0,support_restricted_tv_l1,exact_support_restricted_l1,,,,,
9,2035,250,Maximum-based,0.008,0.002371485756587772,0.002371485756587772,0.0042171769879137955,0.0042171769879137955,4.8649520760890574e-05,0.5719379913457913,0.5719379913457913,1.0170686157051099,1.0170686157051099,0.011732943833470292,0.4146403617999878,60,5,0.5,0.99,E[Agg(Q_xi)] - Agg(E[Q_xi]),bellman_backup,True,8x8,fixed,perturbation_seed,12000.0,2026.0,3000.0,support_restricted_tv_l1,exact_support_restricted_l1,,,,,
9,2035,255,Maximum-based,0.008,0.0024169356273156537,0.0024169356273156537,0.004053338709669785,0.004053338709669785,3.6142142559869583e-06,0.5828992664446697,0.5828992664446697,0.9775552703248447,0.9775552703248447,0.0008716503719747296,0.4146403617999878,60,5,0.5,0.99,E[Agg(Q_xi)] - Agg(E[Q_xi]),bellman_backup,True,8x8,fixed,perturbation_seed,12000.0,2026.0,3000.0,support_restricted_tv_l1,exact_support_restricted_l1,,,,,
9,2035,260,Maximum-based,0.008,0.00239498051329254,0.00239498051329254,0.004334920634800454,0.004334920634800454,0.0,0.5776042889061097,0.5776042889061097,1.045465187224468,1.045465187224468,0.0,0.4146403617999878,60,5,0.5,0.99,E[Agg(Q_xi)] - Agg(E[Q_xi]),bellman_backup,True,8x8,fixed,perturbation_seed,12000.0,2026.0,3000.0,support_restricted_tv_l1,exact_support_restricted_l1,,,,,
9,2035,265,Maximum-based,0.008,0.002399372729952728,0.002399372729952728,0.004655296848908086,0.004655296848908086,0.0,0.5786635723393773,0.5786635723393773,1.1227312335680637,1.1227312335680637,0.0,0.4146403617999878,60,5,0.5,0.99,E[Agg(Q_xi)] - Agg(E[Q_xi]),bellman_backup,True,8x8,fixed,perturbation_seed,12000.0,2026.0,3000.0,support_restricted_tv_l1,exact_support_restricted_l1,,,,,
9,2035,270,Maximum-based,0.008,0.002395138577036966,0.002395138577036966,0.00411631735066148,0.00411631735066148,5.6140283195560414e-06,0.5776424095906808,0.5776424095906808,0.9927440089990779,0.9927440089990779,0.001353951239861234,0.4146403617999878,60,5,0.5,0.99,E[Agg(Q_xi)] - Agg(E[Q_xi]),bellman_backup,True,8x8,fixed,perturbation_seed,12000.0,2026.0,3000.0,support_restricted_tv_l1,exact_support_restricted_l1,,,,,
9,2035,275,Maximum-based,0.008,0.002420942774616905,0.002420942774616905,0.004245471270505341,0.004245471270505341,2.617137177862716e-05,0.5838656816011336,0.5838656816011336,1.023892428627884,1.023892428627884,0.006311824460362491,0.4146403617999878,60,5,0.5,0.99,E[Agg(Q_xi)] - Agg(E[Q_xi]),bellman_backup,True,8x8,fixed,perturbation_seed,12000.0,2026.0,3000.0,support_restricted_tv_l1,exact_support_restricted_l1,,,,,
9,2035,280,Maximum-based,0.008,0.0024034386831613998,0.0024034386831613998,0.004465594568466957,0.004465594568466957,1.9321996898025162e-06,0.5796441698844452,0.5796441698844452,1.0769801929270573,1.0769801929270573,0.00046599411630230086,0.4146403617999878,60,5,0.5,0.99,E[Agg(Q_xi)] - Agg(E[Q_xi]),bellman_backup,True,8x8,fixed,perturbation_seed,12000.0,2026.0,3000.0,support_restricted_tv_l1,exact_support_restricted_l1,,,,,
9,2035,285,Maximum-based,0.008,0.002425853516603226,0.002425853516603226,0.004269749435474313,0.004269749435474313,1.623034465159101e-06,0.5850500192678775,0.5850500192678775,1.029747662996188,1.029747662996188,0.0003914318562991252,0.4146403617999878,60,5,0.5,0.99,E[Agg(Q_xi)] - Agg(E[Q_xi]),bellman_backup,True,8x8,fixed,perturbation_seed,12000.0,2026.0,3000.0,support_restricted_tv_l1,exact_support_restricted_l1,,,,,
9,2035,290,Maximum-based,0.008,0.002424812081057504,0.002424812081057504,0.004168120573651235,0.004168120573651235,2.8885119143340354e-05,0.5847988532836494,0.5847988532836494,1.0052375402040172,1.0052375402040172,0.006966306661017679,0.4146403617999878,60,5,0.5,0.99,E[Agg(Q_xi)] - Agg(E[Q_xi]),bellman_backup,True,8x8,fixed,perturbation_seed,12000.0,2026.0,3000.0,support_restricted_tv_l1,exact_support_restricted_l1,,,,,
9,2035,295,Maximum-based,0.008,0.0023878391244442944,0.0023878391244442944,0.004130771490871377,0.004130771490871377,0.0,0.5758819797663906,0.5758819797663906,0.9962299552651745,0.9962299552651745,0.0,0.4146403617999878,60,5,0.5,0.99,E[Agg(Q_xi)] - Agg(E[Q_xi]),bellman_backup,True,8x8,fixed,perturbation_seed,12000.0,2026.0,3000.0,support_restricted_tv_l1,exact_support_restricted_l1,,,,,
9,2035,300,Maximum-based,0.008,0.002414871902498739,0.002414871902498739,0.004357494063019773,0.004357494063019773,2.8727794624039404e-05,0.5824015520379111,0.5824015520379111,1.0509092853632325,1.0509092853632325,0.006928364257480794,0.4146403617999878,60,5,0.5,0.99,E[Agg(Q_xi)] - Agg(E[Q_xi]),bellman_backup,True,8x8,fixed,perturbation_seed,12000.0,2026.0,3000.0,support_restricted_tv_l1,exact_support_restricted_l1,,,,,
9,2035,305,Maximum-based,0.008,0.0024038575684437215,0.0024038575684437215,0.003980667319393283,0.003980667319393283,0.0,0.5797451936440482,0.5797451936440482,0.9600289036293717,0.9600289036293717,0.0,0.4146403617999878,60,5,0.5,0.99,E[Agg(Q_xi)] - Agg(E[Q_xi]),bellman_backup,True,8x8,fixed,perturbation_seed,12000.0,2026.0,3000.0,support_restricted_tv_l1,exact_support_restricted_l1,,,,,
9,2035,310,Maximum-based,0.008,0.0024146464292897295,0.0024146464292897295,0.004666864276985927,0.004666864276985927,0.0,0.5823471740202887,0.5823471740202887,1.12552098322669,1.12552098322669,0.0,0.4146403617999878,60,5,0.5,0.99,E[Agg(Q_xi)] - Agg(E[Q_xi]),bellman_backup,True,8x8,fixed,perturbation_seed,12000.0,2026.0,3000.0,support_restricted_tv_l1,exact_support_restricted_l1,,,,,
9,2035,315,Maximum-based,0.008,0.0024012114796484255,0.0024012114796484255,0.004294868635580651,0.004294868635580651,0.0,0.5791070288537685,0.5791070288537685,1.0358057322100227,1.0358057322100227,0.0,0.4146403617999878,60,5,0.5,0.99,E[Agg(Q_xi)] - Agg(E[Q_xi]),bellman_backup,True,8x8,fixed,perturbation_seed,12000.0,2026.0,3000.0,support_restricted_tv_l1,exact_support_restricted_l1,,,,,
9,2035,320,Maximum-based,0.008,0.002384639159888709,0.002384639159888709,0.004117437943887525,0.004117437943887525,0.0,0.5751102351774909,0.5751102351774909,0.9930142656670927,0.9930142656670927,0.0,0.4146403617999878,60,5,0.5,0.99,E[Agg(Q_xi)] - Agg(E[Q_xi]),bellman_backup,True,8x8,fixed,perturbation_seed,12000.0,2026.0,3000.0,support_restricted_tv_l1,exact_support_restricted_l1,,,,,
9,2035,325,Maximum-based,0.008,0.0023966288132806412,0.0023966288132806412,0.0042667569725320376,0.0042667569725320376,0.0,0.5780018141207187,0.5780018141207187,1.0290259621638607,1.0290259621638607,0.0,0.4146403617999878,60,5,0.5,0.99,E[Agg(Q_xi)] - Agg(E[Q_xi]),bellman_backup,True,8x8,fixed,perturbation_seed,12000.0,2026.0,3000.0,support_restricted_tv_l1,exact_support_restricted_l1,,,,,
9,2035,330,Maximum-based,0.008,0.002370659679524243,0.002370659679524243,0.004552324274682384,0.004552324274682384,0.0,0.5717387639816381,0.5717387639816381,1.0978970438189788,1.0978970438189788,0.0,0.4146403617999878,60,5,0.5,0.99,E[Agg(Q_xi)] - Agg(E[Q_xi]),bellman_backup,True,8x8,fixed,perturbation_seed,12000.0,2026.0,3000.0,support_restricted_tv_l1,exact_support_restricted_l1,,,,,
9,2035,335,Maximum-based,0.008,0.002386296058545929,0.002386296058545929,0.004265508945602847,0.004265508945602847,0.0,0.5755098341576835,0.5755098341576835,1.02872497194579,1.02872497194579,0.0,0.4146403617999878,60,5,0.5,0.99,E[Agg(Q_xi)] - Agg(E[Q_xi]),bellman_backup,True,8x8,fixed,perturbation_seed,12000.0,2026.0,3000.0,support_restricted_tv_l1,exact_support_restricted_l1,,,,,
9,2035,340,Maximum-based,0.008,0.002349623030639015,0.002349623030639015,0.0040226983664613525,0.0040226983664613525,1.1674013344564749e-05,0.5666652953029244,0.5666652953029244,0.970165651264264,0.970165651264264,0.0028154551317404073,0.4146403617999878,60,5,0.5,0.99,E[Agg(Q_xi)] - Agg(E[Q_xi]),bellman_backup,True,8x8,fixed,perturbation_seed,12000.0,2026.0,3000.0,support_restricted_tv_l1,exact_support_restricted_l1,,,,,
9,2035,345,Maximum-based,0.008,0.0023668347687558276,0.0023668347687558276,0.004150795537911645,0.004150795537911645,0.0,0.5708162993301481,0.5708162993301481,1.0010592118656034,1.0010592118656034,0.0,0.4146403617999878,60,5,0.5,0.99,E[Agg(Q_xi)] - Agg(E[Q_xi]),bellman_backup,True,8x8,fixed,perturbation_seed,12000.0,2026.0,3000.0,support_restricted_tv_l1,exact_support_restricted_l1,,,,,
9,2035,350,Maximum-based,0.008,0.002389228502194491,0.002389228502194491,0.004642425298791386,0.004642425298791386,2.329374774590054e-05,0.5762170599655697,0.5762170599655697,1.119626965073597,1.119626965073597,0.005617819655756731,0.4146403617999878,60,5,0.5,0.99,E[Agg(Q_xi)] - Agg(E[Q_xi]),bellman_backup,True,8x8,fixed,perturbation_seed,12000.0,2026.0,3000.0,support_restricted_tv_l1,exact_support_restricted_l1,,,,,
9,2035,355,Maximum-based,0.008,0.002394134552016077,0.002394134552016077,0.004051914778568866,0.004051914778568866,3.753133224759786e-06,0.5774002660095469,0.5774002660095469,0.9772118567954098,0.9772118567954098,0.0009051538563363988,0.4146403617999878,60,5,0.5,0.99,E[Agg(Q_xi)] - Agg(E[Q_xi]),bellman_backup,True,8x8,fixed,perturbation_seed,12000.0,2026.0,3000.0,support_restricted_tv_l1,exact_support_restricted_l1,,,,,
9,2035,360,Maximum-based,0.008,0.002424998121410108,0.002424998121410108,0.00400873975591215,0.00400873975591215,5.7375008713611564e-05,0.5848437211666979,0.5848437211666979,0.9667992133013491,0.9667992133013491,0.013837294677378233,0.4146403617999878,60,5,0.5,0.99,E[Agg(Q_xi)] - Agg(E[Q_xi]),bellman_backup,True,8x8,fixed,perturbation_seed,12000.0,2026.0,3000.0,support_restricted_tv_l1,exact_support_restricted_l1,,,,,
9,2035,365,Maximum-based,0.008,0.00242407920378033,0.00242407920378033,0.004283380423715788,0.004283380423715788,5.849250241274362e-06,0.5846221031780899,0.5846221031780899,1.0330350873516707,1.0330350873516707,0.0014106803823637157,0.4146403617999878,60,5,0.5,0.99,E[Agg(Q_xi)] - Agg(E[Q_xi]),bellman_backup,True,8x8,fixed,perturbation_seed,12000.0,2026.0,3000.0,support_restricted_tv_l1,exact_support_restricted_l1,,,,,
9,2035,370,Maximum-based,0.008,0.002379433543133232,0.002379433543133232,0.004203886785253685,0.004203886785253685,0.0,0.5738547817206979,0.5738547817206979,1.013863379581348,1.013863379581348,0.0,0.4146403617999878,60,5,0.5,0.99,E[Agg(Q_xi)] - Agg(E[Q_xi]),bellman_backup,True,8x8,fixed,perturbation_seed,12000.0,2026.0,3000.0,support_restricted_tv_l1,exact_support_restricted_l1,,,,,
9,2035,375,Maximum-based,0.008,0.0023773253755010213,0.0023773253755010213,0.003924496000623112,0.003924496000623112,0.0,0.5733463489132743,0.5733463489132743,0.946481906292613,0.946481906292613,0.0,0.4146403617999878,60,5,0.5,0.99,E[Agg(Q_xi)] - Agg(E[Q_xi]),bellman_backup,True,8x8,fixed,perturbation_seed,12000.0,2026.0,3000.0,support_restricted_tv_l1,exact_support_restricted_l1,,,,,
9,2035,380,Maximum-based,0.008,0.002412621509254177,0.002412621509254177,0.004175869625381079,0.004175869625381079,0.0,0.5818588182734524,0.5818588182734524,1.0071064011359836,1.0071064011359836,0.0,0.4146403617999878,60,5,0.5,0.99,E[Agg(Q_xi)] - Agg(E[Q_xi]),bellman_backup,True,8x8,fixed,perturbation_seed,12000.0,2026.0,3000.0,support_restricted_tv_l1,exact_support_restricted_l1,,,,,
9,2035,385,Maximum-based,0.008,0.0023891892889632326,0.0023891892889632326,0.004144556784063225,0.004144556784063225,8.500692430635226e-06,0.5762076027986195,0.5762076027986195,0.9995545937861341,0.9995545937861341,0.0020501362659758986,0.4146403617999878,60,5,0.5,0.99,E[Agg(Q_xi)] - Agg(E[Q_xi]),bellman_backup,True,8x8,fixed,perturbation_seed,12000.0,2026.0,3000.0,support_restricted_tv_l1,exact_support_restricted_l1,,,,,
9,2035,390,Maximum-based,0.008,0.0024098873907768686,0.0024098873907768686,0.004131561206208723,0.004131561206208723,9.72589543868363e-06,0.581199423113406,0.581199423113406,0.9964204131679986,0.9964204131679986,0.0023456219738143,0.4146403617999878,60,5,0.5,0.99,E[Agg(Q_xi)] - Agg(E[Q_xi]),bellman_backup,True,8x8,fixed,perturbation_seed,12000.0,2026.0,3000.0,support_restricted_tv_l1,exact_support_restricted_l1,,,,,
9,2035,395,Maximum-based,0.008,0.0023923206323323122,0.0023923206323323122,0.0041230588273297175,0.0041230588273297175,0.0,0.5769627978200319,0.5769627978200319,0.9943698701764538,0.9943698701764538,0.0,0.4146403617999878,60,5,0.5,0.99,E[Agg(Q_xi)] - Agg(E[Q_xi]),bellman_backup,True,8x8,fixed,perturbation_seed,12000.0,2026.0,3000.0,support_restricted_tv_l1,exact_support_restricted_l1,,,,,
9,2035,400,Maximum-based,0.008,0.0023954774941583436,0.0023954774941583436,0.004157471972789206,0.004157471972789206,2.3545914355604936e-05,0.5777241472005715,0.5777241472005715,1.002669386728605,1.002669386728605,0.005678635397043884,0.4146403617999878,60,5,0.5,0.99,E[Agg(Q_xi)] - Agg(E[Q_xi]),bellman_backup,True,8x8,fixed,perturbation_seed,12000.0,2026.0,3000.0,support_restricted_tv_l1,exact_support_restricted_l1,,,,,
9,2035,405,Maximum-based,0.008,0.0023718746259318935,0.0023718746259318935,0.003961223865067698,0.003961223865067698,4.440322440180111e-06,0.5720317760758724,0.5720317760758724,0.9553396702317402,0.9553396702317402,0.0010708852415872655,0.4146403617999878,60,5,0.5,0.99,E[Agg(Q_xi)] - Agg(E[Q_xi]),bellman_backup,True,8x8,fixed,perturbation_seed,12000.0,2026.0,3000.0,support_restricted_tv_l1,exact_support_restricted_l1,,,,,
9,2035,410,Maximum-based,0.008,0.0024163175919779687,0.0024163175919779687,0.0039383498708357445,0.0039383498708357445,0.0,0.582750213097571,0.582750213097571,0.9498230837294867,0.9498230837294867,0.0,0.4146403617999878,60,5,0.5,0.99,E[Agg(Q_xi)] - Agg(E[Q_xi]),bellman_backup,True,8x8,fixed,perturbation_seed,12000.0,2026.0,3000.0,support_restricted_tv_l1,exact_support_restricted_l1,,,,,
9,2035,415,Maximum-based,0.008,0.002403158290449763,0.002403158290449763,0.004045099846629763,0.004045099846629763,0.0,0.5795765467735596,0.5795765467735596,0.9755682802006184,0.9755682802006184,0.0,0.4146403617999878,60,5,0.5,0.99,E[Agg(Q_xi)] - Agg(E[Q_xi]),bellman_backup,True,8x8,fixed,perturbation_seed,12000.0,2026.0,3000.0,support_restricted_tv_l1,exact_support_restricted_l1,,,,,
9,2035,420,Maximum-based,0.008,0.0023886903162330195,0.0023886903162330195,0.004448495669685026,0.004448495669685026,0.0,0.5760872641205306,0.5760872641205306,1.0728564026844232,1.0728564026844232,0.0,0.4146403617999878,60,5,0.5,0.99,E[Agg(Q_xi)] - Agg(E[Q_xi]),bellman_backup,True,8x8,fixed,perturbation_seed,12000.0,2026.0,3000.0,support_restricted_tv_l1,exact_support_restricted_l1,,,,,
9,2035,425,Maximum-based,0.008,0.002402230766243475,0.002402230766243475,0.0043402082436216904,0.0043402082436216904,0.0,0.5793528531123199,0.5793528531123199,1.0467404149418764,1.0467404149418764,0.0,0.4146403617999878,60,5,0.5,0.99,E[Agg(Q_xi)] - Agg(E[Q_xi]),bellman_backup,True,8x8,fixed,perturbation_seed,12000.0,2026.0,3000.0,support_restricted_tv_l1,exact_support_restricted_l1,,,,,
9,2035,430,Maximum-based,0.008,0.0023792703346368054,0.0023792703346368054,0.0038797895027942175,0.0038797895027942175,0.0,0.5738154202615968,0.5738154202615968,0.9356999125583755,0.9356999125583755,0.0,0.4146403617999878,60,5,0.5,0.99,E[Agg(Q_xi)] - Agg(E[Q_xi]),bellman_backup,True,8x8,fixed,perturbation_seed,12000.0,2026.0,3000.0,support_restricted_tv_l1,exact_support_restricted_l1,,,,,
9,2035,435,Maximum-based,0.008,0.0023736865053998087,0.0023736865053998087,0.004096112310703615,0.004096112310703615,0.0,0.5724687522207054,0.5724687522207054,0.9878711018199133,0.9878711018199133,0.0,0.4146403617999878,60,5,0.5,0.99,E[Agg(Q_xi)] - Agg(E[Q_xi]),bellman_backup,True,8x8,fixed,perturbation_seed,12000.0,2026.0,3000.0,support_restricted_tv_l1,exact_support_restricted_l1,,,,,
9,2035,440,Maximum-based,0.008,0.0023716375329205907,0.0023716375329205907,0.004064705096665899,0.004064705096665899,0.0,0.5719745956773522,0.5719745956773522,0.9802965343317475,0.9802965343317475,0.0,0.4146403617999878,60,5,0.5,0.99,E[Agg(Q_xi)] - Agg(E[Q_xi]),bellman_backup,True,8x8,fixed,perturbation_seed,12000.0,2026.0,3000.0,support_restricted_tv_l1,exact_support_restricted_l1,,,,,
9,2035,445,Maximum-based,0.008,0.0023990453244889624,0.0023990453244889624,0.003969851177596517,0.003969851177596517,0.0,0.5785846110288226,0.5785846110288226,0.9574203438283403,0.9574203438283403,0.0,0.4146403617999878,60,5,0.5,0.99,E[Agg(Q_xi)] - Agg(E[Q_xi]),bellman_backup,True,8x8,fixed,perturbation_seed,12000.0,2026.0,3000.0,support_restricted_tv_l1,exact_support_restricted_l1,,,,,
9,2035,450,Maximum-based,0.008,0.0023530746364502347,0.0023530746364502347,0.004174377278452934,0.004174377278452934,0.0,0.56749772893197,0.56749772893197,1.0067464875661454,1.0067464875661454,0.0,0.4146403617999878,60,5,0.5,0.99,E[Agg(Q_xi)] - Agg(E[Q_xi]),bellman_backup,True,8x8,fixed,perturbation_seed,12000.0,2026.0,3000.0,support_restricted_tv_l1,exact_support_restricted_l1,,,,,
9,2035,455,Maximum-based,0.008,0.0024084510027096414,0.0024084510027096414,0.004087635459882999,0.004087635459882999,0.0,0.5808530053018375,0.5808530053018375,0.9858267155031021,0.9858267155031021,0.0,0.4146403617999878,60,5,0.5,0.99,E[Agg(Q_xi)] - Agg(E[Q_xi]),bellman_backup,True,8x8,fixed,perturbation_seed,12000.0,2026.0,3000.0,support_restricted_tv_l1,exact_support_restricted_l1,,,,,
9,2035,460,Maximum-based,0.008,0.002377866482061529,0.002377866482061529,0.0040096818866258155,0.0040096818866258155,2.0586466006777826e-05,0.5734768491275224,0.5734768491275224,0.9670264296556799,0.9670264296556799,0.004964896788486844,0.4146403617999878,60,5,0.5,0.99,E[Agg(Q_xi)] - Agg(E[Q_xi]),bellman_backup,True,8x8,fixed,perturbation_seed,12000.0,2026.0,3000.0,support_restricted_tv_l1,exact_support_restricted_l1,,,,,
9,2035,465,Maximum-based,0.008,0.002397214102963531,0.002397214102963531,0.004303526617544184,0.004303526617544184,0.0,0.57814297010475,0.57814297010475,1.0378938024417648,1.0378938024417648,0.0,0.4146403617999878,60,5,0.5,0.99,E[Agg(Q_xi)] - Agg(E[Q_xi]),bellman_backup,True,8x8,fixed,perturbation_seed,12000.0,2026.0,3000.0,support_restricted_tv_l1,exact_support_restricted_l1,,,,,
9,2035,470,Maximum-based,0.008,0.0024158008890174925,0.0024158008890174925,0.0040402432870607075,0.0040402432870607075,0.0,0.5826255983692236,0.5826255983692236,0.9743970098621563,0.9743970098621563,0.0,0.4146403617999878,60,5,0.5,0.99,E[Agg(Q_xi)] - Agg(E[Q_xi]),bellman_backup,True,8x8,fixed,perturbation_seed,12000.0,2026.0,3000.0,support_restricted_tv_l1,exact_support_restricted_l1,,,,,
9,2035,475,Maximum-based,0.008,0.002407240871929528,0.002407240871929528,0.004097717702747916,0.004097717702747916,5.5016207285429886e-06,0.5805611546062467,0.5805611546062467,0.9882582788031989,0.9882582788031989,0.0013268415801732378,0.4146403617999878,60,5,0.5,0.99,E[Agg(Q_xi)] - Agg(E[Q_xi]),bellman_backup,True,8x8,fixed,perturbation_seed,12000.0,2026.0,3000.0,support_restricted_tv_l1,exact_support_restricted_l1,,,,,
9,2035,480,Maximum-based,0.008,0.002359438256824693,0.002359438256824693,0.004110504003410398,0.004110504003410398,0.0,0.5690324614280622,0.5690324614280622,0.9913419874433745,0.9913419874433745,0.0,0.4146403617999878,60,5,0.5,0.99,E[Agg(Q_xi)] - Agg(E[Q_xi]),bellman_backup,True,8x8,fixed,perturbation_seed,12000.0,2026.0,3000.0,support_restricted_tv_l1,exact_support_restricted_l1,,,,,
9,2035,485,Maximum-based,0.008,0.0023707063638373303,0.0023707063638373303,0.004248626499976871,0.004248626499976871,0.0,0.5717500229707256,0.5717500229707256,1.0246533843288277,1.0246533843288277,0.0,0.4146403617999878,60,5,0.5,0.99,E[Agg(Q_xi)] - Agg(E[Q_xi]),bellman_backup,True,8x8,fixed,perturbation_seed,12000.0,2026.0,3000.0,support_restricted_tv_l1,exact_support_restricted_l1,,,,,
9,2035,490,Maximum-based,0.008,0.0023829587074887214,0.0023829587074887214,0.004154257853257515,0.004154257853257515,0.0,0.5747049556739007,0.5747049556739007,1.0018942283437002,1.0018942283437002,0.0,0.4146403617999878,60,5,0.5,0.99,E[Agg(Q_xi)] - Agg(E[Q_xi]),bellman_backup,True,8x8,fixed,perturbation_seed,12000.0,2026.0,3000.0,support_restricted_tv_l1,exact_support_restricted_l1,,,,,
9,2035,495,Maximum-based,0.008,0.002361880872834871,0.002361880872834871,0.0041878873919413695,0.0041878873919413695,0.0,0.5696215541057683,0.5696215541057683,1.0100047602122975,1.0100047602122975,0.0,0.4146403617999878,60,5,0.5,0.99,E[Agg(Q_xi)] - Agg(E[Q_xi]),bellman_backup,True,8x8,fixed,perturbation_seed,12000.0,2026.0,3000.0,support_restricted_tv_l1,exact_support_restricted_l1,,,,,
9,2035,500,Maximum-based,0.008,0.0023950887093906912,0.0023950887093906912,0.003981953204858724,0.003981953204858724,0.0,0.5776303828680388,0.5776303828680388,0.9603390242987292,0.9603390242987292,0.0,0.4146403617999878,60,5,0.5,0.99,E[Agg(Q_xi)] - Agg(E[Q_xi]),bellman_backup,True,8x8,fixed,perturbation_seed,12000.0,2026.0,3000.0,support_restricted_tv_l1,exact_support_restricted_l1,,,,,
9,2035,5,Similarity-aware,0.008,-1.4907779871675686e-19,1.782157321023048e-18,1.1102230246251565e-16,1.1102230246251565e-16,-1.1102230246251565e-16,-3.595351838629455e-17,4.2980796979979395e-16,2.6775565692774997e-14,2.6775565692774997e-14,-2.6775565692774997e-14,0.4146403617999878,60,5,0.5,0.99,E[Agg(Q_xi)] - Agg(E[Q_xi]),bellman_backup,True,8x8,fixed,perturbation_seed,12000.0,2026.0,3000.0,support_restricted_tv_l1,exact_support_restricted_l1,,,,,
9,2035,10,Similarity-aware,0.008,2.222614453595284e-18,4.4520051707686026e-18,4.440892098500626e-16,4.440892098500626e-16,-1.1102230246251565e-16,5.360342741229369e-16,1.0737027990816144e-15,1.0710226277109999e-13,1.0710226277109999e-13,-2.6775565692774997e-14,0.4146403617999878,60,5,0.5,0.99,E[Agg(Q_xi)] - Agg(E[Q_xi]),bellman_backup,True,8x8,fixed,perturbation_seed,12000.0,2026.0,3000.0,support_restricted_tv_l1,exact_support_restricted_l1,,,,,
9,2035,15,Similarity-aware,0.008,3.1848438816761693e-18,7.724940478959219e-18,4.440892098500626e-16,4.440892098500626e-16,-2.220446049250313e-16,7.680978927981108e-16,1.863045952744354e-15,1.0710226277109999e-13,1.0710226277109999e-13,-5.3551131385549994e-14,0.4146403617999878,60,5,0.5,0.99,E[Agg(Q_xi)] - Agg(E[Q_xi]),bellman_backup,True,8x8,fixed,perturbation_seed,12000.0,2026.0,3000.0,support_restricted_tv_l1,exact_support_restricted_l1,,,,,
9,2035,20,Similarity-aware,0.008,2.1955093992831465e-18,7.182839392716467e-18,2.220446049250313e-16,2.220446049250313e-16,-1.1102230246251565e-16,5.294972707799743e-16,1.732305885885101e-15,5.3551131385549994e-14,5.3551131385549994e-14,-2.6775565692774997e-14,0.4146403617999878,60,5,0.5,0.99,E[Agg(Q_xi)] - Agg(E[Q_xi]),bellman_backup,True,8x8,fixed,perturbation_seed,12000.0,2026.0,3000.0,support_restricted_tv_l1,exact_support_restricted_l1,,,,,
9,2035,25,Similarity-aware,0.008,-1.6263032587282567e-18,6.816921159502609e-18,3.885780586188048e-16,2.220446049250313e-16,-3.885780586188048e-16,-3.922202005777587e-16,1.6440563407551054e-15,9.371447992471248e-14,5.3551131385549994e-14,-9.371447992471248e-14,0.4146403617999878,60,5,0.5,0.99,E[Agg(Q_xi)] - Agg(E[Q_xi]),bellman_backup,True,8x8,fixed,perturbation_seed,12000.0,2026.0,3000.0,support_restricted_tv_l1,exact_support_restricted_l1,,,,,
9,2035,30,Similarity-aware,0.008,2.710505431213761e-20,8.212831456577696e-18,2.220446049250313e-16,2.220446049250313e-16,-2.220446049250313e-16,6.537003342962646e-18,1.9807120129176816e-15,5.3551131385549994e-14,5.3551131385549994e-14,-5.3551131385549994e-14,0.4146403617999878,60,5,0.5,0.99,E[Agg(Q_xi)] - Agg(E[Q_xi]),bellman_backup,True,8x8,fixed,perturbation_seed,12000.0,2026.0,3000.0,support_restricted_tv_l1,exact_support_restricted_l1,,,,,
9,2035,35,Similarity-aware,0.008,1.9786689647860456e-18,1.0652286344670081e-17,3.3306690738754696e-16,1.6653345369377348e-16,-3.3306690738754696e-16,4.772012440362731e-16,2.5690423137843196e-15,8.032669707832498e-14,4.016334853916249e-14,-8.032669707832498e-14,0.4146403617999878,60,5,0.5,0.99,E[Agg(Q_xi)] - Agg(E[Q_xi]),bellman_backup,True,8x8,fixed,perturbation_seed,12000.0,2026.0,3000.0,support_restricted_tv_l1,exact_support_restricted_l1,,,,,
9,2035,40,Similarity-aware,0.008,3.6591823321385775e-18,1.2495430037895439e-17,2.220446049250313e-16,2.220446049250313e-16,-2.220446049250313e-16,8.824954512999572e-16,3.0135585411057793e-15,5.3551131385549994e-14,5.3551131385549994e-14,-5.3551131385549994e-14,0.4146403617999878,60,5,0.5,0.99,E[Agg(Q_xi)] - Agg(E[Q_xi]),bellman_backup,True,8x8,fixed,perturbation_seed,12000.0,2026.0,3000.0,support_restricted_tv_l1,exact_support_restricted_l1,,,,,
9,2035,45,Similarity-aware,0.008,-3.469446951953614e-18,9.784924606681678e-18,3.3306690738754696e-16,1.6653345369377348e-16,-3.3306690738754696e-16,-8.367364278992187e-16,2.359858206809515e-15,8.032669707832498e-14,4.016334853916249e-14,-8.032669707832498e-14,0.4146403617999878,60,5,0.5,0.99,E[Agg(Q_xi)] - Agg(E[Q_xi]),bellman_backup,True,8x8,fixed,perturbation_seed,12000.0,2026.0,3000.0,support_restricted_tv_l1,exact_support_restricted_l1,,,,,
9,2035,50,Similarity-aware,0.008,1.5449880957918438e-18,1.2983321015513916e-17,3.3306690738754696e-16,2.220446049250313e-16,-3.3306690738754696e-16,3.726091905488708e-16,3.131224601279107e-15,8.032669707832498e-14,5.3551131385549994e-14,-8.032669707832498e-14,0.4146403617999878,60,5,0.5,0.99,E[Agg(Q_xi)] - Agg(E[Q_xi]),bellman_backup,True,8x8,fixed,perturbation_seed,12000.0,2026.0,3000.0,support_restricted_tv_l1,exact_support_restricted_l1,,,,,
9,2035,55,Similarity-aware,0.008,-2.656295322589486e-18,1.1709383462843448e-17,3.3306690738754696e-16,2.220446049250313e-16,-3.3306690738754696e-16,-6.406263276103392e-16,2.8239854441598627e-15,8.032669707832498e-14,5.3551131385549994e-14,-8.032669707832498e-14,0.4146403617999878,60,5,0.5,0.99,E[Agg(Q_xi)] - Agg(E[Q_xi]),bellman_backup,True,8x8,fixed,perturbation_seed,12000.0,2026.0,3000.0,support_restricted_tv_l1,exact_support_restricted_l1,,,,,
9,2035,60,Similarity-aware,0.008,1.2197274440461925e-18,1.4474099002681484e-17,2.7755575615628914e-16,2.7755575615628914e-16,-2.7755575615628914e-16,2.94165150433319e-16,3.4907597851420525e-15,6.693891423193748e-14,6.693891423193748e-14,-6.693891423193748e-14,0.4146403617999878,60,5,0.5,0.99,E[Agg(Q_xi)] - Agg(E[Q_xi]),bellman_backup,True,8x8,fixed,perturbation_seed,12000.0,2026.0,3000.0,support_restricted_tv_l1,exact_support_restricted_l1,,,,,
9,2035,65,Similarity-aware,0.008,-6.071532165918825e-18,1.2739375526704677e-17,3.3306690738754696e-16,3.3306690738754696e-16,-3.3306690738754696e-16,-1.4642887488236325e-15,3.0723915711924433e-15,8.032669707832498e-14,8.032669707832498e-14,-8.032669707832498e-14,0.4146403617999878,60,5,0.5,0.99,E[Agg(Q_xi)] - Agg(E[Q_xi]),bellman_backup,True,8x8,fixed,perturbation_seed,12000.0,2026.0,3000.0,support_restricted_tv_l1,exact_support_restricted_l1,,,,,
9,2035,70,Similarity-aware,0.008,-2.927345865710862e-18,1.5016200088924236e-17,4.440892098500626e-16,2.220446049250313e-16,-4.440892098500626e-16,-7.059963610399657e-16,3.621499852001306e-15,1.0710226277109999e-13,5.3551131385549994e-14,-1.0710226277109999e-13,0.4146403617999878,60,5,0.5,0.99,E[Agg(Q_xi)] - Agg(E[Q_xi]),bellman_backup,True,8x8,fixed,perturbation_seed,12000.0,2026.0,3000.0,support_restricted_tv_l1,exact_support_restricted_l1,,,,,
9,2035,75,Similarity-aware,0.008,-5.149960319306146e-18,1.2956215961201778e-17,2.220446049250313e-16,2.220446049250313e-16,-2.220446049250313e-16,-1.2420306351629026e-15,3.1246875979361446e-15,5.3551131385549994e-14,5.3551131385549994e-14,-5.3551131385549994e-14,0.4146403617999878,60,5,0.5,0.99,E[Agg(Q_xi)] - Agg(E[Q_xi]),bellman_backup,True,8x8,fixed,perturbation_seed,12000.0,2026.0,3000.0,support_restricted_tv_l1,exact_support_restricted_l1,,,,,
9,2035,80,Similarity-aware,0.008,-1.463672932855431e-18,1.555830117516699e-17,2.220446049250313e-16,2.220446049250313e-16,-2.220446049250313e-16,-3.5299818051998284e-16,3.752239918860559e-15,5.3551131385549994e-14,5.3551131385549994e-14,-5.3551131385549994e-14,0.4146403617999878,60,5,0.5,0.99,E[Agg(Q_xi)] - Agg(E[Q_xi]),bellman_backup,True,8x8,fixed,perturbation_seed,12000.0,2026.0,3000.0,support_restricted_tv_l1,exact_support_restricted_l1,,,,,
9,2035,85,Similarity-aware,0.008,4.933119884809045e-18,2.190088388420719e-17,2.220446049250313e-16,2.220446049250313e-16,-2.220446049250313e-16,1.1897346084192015e-15,5.2818987011138175e-15,5.3551131385549994e-14,5.3551131385549994e-14,-5.3551131385549994e-14,0.4146403617999878,60,5,0.5,0.99,E[Agg(Q_xi)] - Agg(E[Q_xi]),bellman_backup,True,8x8,fixed,perturbation_seed,12000.0,2026.0,3000.0,support_restricted_tv_l1,exact_support_restricted_l1,,,,,
9,2035,90,Similarity-aware,0.008,5.041540102057596e-18,2.3798237686056822e-17,4.440892098500626e-16,4.440892098500626e-16,-2.7755575615628914e-16,1.215882621791052e-15,5.739488935121203e-15,1.0710226277109999e-13,1.0710226277109999e-13,-6.693891423193748e-14,0.4146403617999878,60,5,0.5,0.99,E[Agg(Q_xi)] - Agg(E[Q_xi]),bellman_backup,True,8x8,fixed,perturbation_seed,12000.0,2026.0,3000.0,support_restricted_tv_l1,exact_support_restricted_l1,,,,,
9,2035,95,Similarity-aware,0.008,3.144186300207963e-18,2.2497195079074217e-17,3.3306690738754696e-16,3.3306690738754696e-16,-3.3306690738754696e-16,7.582923877836669e-16,5.425712774658996e-15,8.032669707832498e-14,8.032669707832498e-14,-8.032669707832498e-14,0.4146403617999878,60,5,0.5,0.99,E[Agg(Q_xi)] - Agg(E[Q_xi]),bellman_backup,True,8x8,fixed,perturbation_seed,12000.0,2026.0,3000.0,support_restricted_tv_l1,exact_support_restricted_l1,,,,,
9,2035,100,Similarity-aware,0.008,4.933119884809045e-18,2.6400322900022033e-17,4.440892098500626e-16,4.440892098500626e-16,-2.7755575615628914e-16,1.1897346084192015e-15,6.367041256045617e-15,1.0710226277109999e-13,1.0710226277109999e-13,-6.693891423193748e-14,0.4146403617999878,60,5,0.5,0.99,E[Agg(Q_xi)] - Agg(E[Q_xi]),bellman_backup,True,8x8,fixed,perturbation_seed,12000.0,2026.0,3000.0,support_restricted_tv_l1,exact_support_restricted_l1,,,,,
9,2035,105,Similarity-aware,0.008,8.565197162635485e-18,2.856872724499304e-17,3.3306690738754696e-16,3.3306690738754696e-16,-2.7755575615628914e-16,2.065693056376196e-15,6.8900015234826285e-15,8.032669707832498e-14,8.032669707832498e-14,-6.693891423193748e-14,0.4146403617999878,60,5,0.5,0.99,E[Agg(Q_xi)] - Agg(E[Q_xi]),bellman_backup,True,8x8,fixed,perturbation_seed,12000.0,2026.0,3000.0,support_restricted_tv_l1,exact_support_restricted_l1,,,,,
9,2035,110,Similarity-aware,0.008,2.0599841277224584e-18,2.358139725155972e-17,3.3306690738754696e-16,3.3306690738754696e-16,-2.7755575615628914e-16,4.96812254065161e-16,5.687192908377501e-15,8.032669707832498e-14,8.032669707832498e-14,-6.693891423193748e-14,0.4146403617999878,60,5,0.5,0.99,E[Agg(Q_xi)] - Agg(E[Q_xi]),bellman_backup,True,8x8,fixed,perturbation_seed,12000.0,2026.0,3000.0,support_restricted_tv_l1,exact_support_restricted_l1,,,,,
9,2035,115,Similarity-aware,0.008,8.673617379884035e-19,2.439454888092385e-17,3.3306690738754696e-16,2.7755575615628914e-16,-3.3306690738754696e-16,2.0918410697480466e-16,5.883303008666381e-15,8.032669707832498e-14,6.693891423193748e-14,-8.032669707832498e-14,0.4146403617999878,60,5,0.5,0.99,E[Agg(Q_xi)] - Agg(E[Q_xi]),bellman_backup,True,8x8,fixed,perturbation_seed,12000.0,2026.0,3000.0,support_restricted_tv_l1,exact_support_restricted_l1,,,,,
9,2035,120,Similarity-aware,0.008,-2.3852447794681098e-18,2.5261910618912253e-17,5.551115123125783e-16,3.3306690738754696e-16,-5.551115123125783e-16,-5.752562941807128e-16,6.0924871156411856e-15,1.3387782846387497e-13,8.032669707832498e-14,-1.3387782846387497e-13,0.4146403617999878,60,5,0.5,0.99,E[Agg(Q_xi)] - Agg(E[Q_xi]),bellman_backup,True,8x8,fixed,perturbation_seed,12000.0,2026.0,3000.0,support_restricted_tv_l1,exact_support_restricted_l1,,,,,
9,2035,125,Similarity-aware,0.008,-1.734723475976807e-18,2.4069288229178198e-17,3.3306690738754696e-16,2.220446049250313e-16,-3.3306690738754696e-16,-4.1836821394960933e-16,5.804858968550829e-15,8.032669707832498e-14,5.3551131385549994e-14,-8.032669707832498e-14,0.4146403617999878,60,5,0.5,0.99,E[Agg(Q_xi)] - Agg(E[Q_xi]),bellman_backup,True,8x8,fixed,perturbation_seed,12000.0,2026.0,3000.0,support_restricted_tv_l1,exact_support_restricted_l1,,,,,
9,2035,130,Similarity-aware,0.008,2.9815559743351372e-18,2.9761349634727097e-17,3.3306690738754696e-16,3.3306690738754696e-16,-3.3306690738754696e-16,7.19070367725891e-16,7.177629670572984e-15,8.032669707832498e-14,8.032669707832498e-14,-8.032669707832498e-14,0.4146403617999878,60,5,0.5,0.99,E[Agg(Q_xi)] - Agg(E[Q_xi]),bellman_backup,True,8x8,fixed,perturbation_seed,12000.0,2026.0,3000.0,support_restricted_tv_l1,exact_support_restricted_l1,,,,,
9,2035,135,Similarity-aware,0.008,4.87890977618477e-19,3.030345072096985e-17,4.440892098500626e-16,4.440892098500626e-16,-3.3306690738754696e-16,1.1766606017332762e-16,7.308369737432238e-15,1.0710226277109999e-13,1.0710226277109999e-13,-8.032669707832498e-14,0.4146403617999878,60,5,0.5,0.99,E[Agg(Q_xi)] - Agg(E[Q_xi]),bellman_backup,True,8x8,fixed,perturbation_seed,12000.0,2026.0,3000.0,support_restricted_tv_l1,exact_support_restricted_l1,,,,,
9,2035,140,Similarity-aware,0.008,1.7889335846010823e-18,3.2255014631443757e-17,4.440892098500626e-16,4.440892098500626e-16,-4.440892098500626e-16,4.314422206355346e-16,7.779033978125548e-15,1.0710226277109999e-13,1.0710226277109999e-13,-1.0710226277109999e-13,0.4146403617999878,60,5,0.5,0.99,E[Agg(Q_xi)] - Agg(E[Q_xi]),bellman_backup,True,8x8,fixed,perturbation_seed,12000.0,2026.0,3000.0,support_restricted_tv_l1,exact_support_restricted_l1,,,,,
9,2035,145,Similarity-aware,0.008,6.830473686658678e-18,3.0357660829594124e-17,3.3306690738754696e-16,3.3306690738754696e-16,-3.3306690738754696e-16,1.6473248424265867e-15,7.321443744118163e-15,8.032669707832498e-14,8.032669707832498e-14,-8.032669707832498e-14,0.4146403617999878,60,5,0.5,0.99,E[Agg(Q_xi)] - Agg(E[Q_xi]),bellman_backup,True,8x8,fixed,perturbation_seed,12000.0,2026.0,3000.0,support_restricted_tv_l1,exact_support_restricted_l1,,,,,
9,2035,150,Similarity-aware,0.008,5.9631119486702744e-18,2.970713952610282e-17,3.3306690738754696e-16,3.3306690738754696e-16,-3.3306690738754696e-16,1.438140735451782e-15,7.16455566388706e-15,8.032669707832498e-14,8.032669707832498e-14,-8.032669707832498e-14,0.4146403617999878,60,5,0.5,0.99,E[Agg(Q_xi)] - Agg(E[Q_xi]),bellman_backup,True,8x8,fixed,perturbation_seed,12000.0,2026.0,3000.0,support_restricted_tv_l1,exact_support_restricted_l1,,,,,
9,2035,155,Similarity-aware,0.008,-6.505213034913027e-19,2.6454533008646308e-17,3.3306690738754696e-16,2.220446049250313e-16,-3.3306690738754696e-16,-1.5688808023110348e-16,6.380115262731542e-15,8.032669707832498e-14,5.3551131385549994e-14,-8.032669707832498e-14,0.4146403617999878,60,5,0.5,0.99,E[Agg(Q_xi)] - Agg(E[Q_xi]),bellman_backup,True,8x8,fixed,perturbation_seed,12000.0,2026.0,3000.0,support_restricted_tv_l1,exact_support_restricted_l1,,,,,
9,2035,160,Similarity-aware,0.008,-1.2685165418080402e-17,2.200930410145574e-17,2.220446049250313e-16,2.220446049250313e-16,-2.220446049250313e-16,-3.059317564506518e-15,5.308046714485668e-15,5.3551131385549994e-14,5.3551131385549994e-14,-5.3551131385549994e-14,0.4146403617999878,60,5,0.5,0.99,E[Agg(Q_xi)] - Agg(E[Q_xi]),bellman_backup,True,8x8,fixed,perturbation_seed,12000.0,2026.0,3000.0,support_restricted_tv_l1,exact_support_restricted_l1,,,,,
9,2035,165,Similarity-aware,0.008,5.9631119486702744e-18,3.2634485391813683e-17,3.3306690738754696e-16,3.3306690738754696e-16,-2.7755575615628914e-16,1.438140735451782e-15,7.870552024927025e-15,8.032669707832498e-14,8.032669707832498e-14,-6.693891423193748e-14,0.4146403617999878,60,5,0.5,0.99,E[Agg(Q_xi)] - Agg(E[Q_xi]),bellman_backup,True,8x8,fixed,perturbation_seed,12000.0,2026.0,3000.0,support_restricted_tv_l1,exact_support_restricted_l1,,,,,
9,2035,170,Similarity-aware,0.008,3.469446951953614e-18,3.2959746043559335e-17,3.885780586188048e-16,3.3306690738754696e-16,-3.885780586188048e-16,8.367364278992187e-16,7.948996065042577e-15,9.371447992471248e-14,8.032669707832498e-14,-9.371447992471248e-14,0.4146403617999878,60,5,0.5,0.99,E[Agg(Q_xi)] - Agg(E[Q_xi]),bellman_backup,True,8x8,fixed,perturbation_seed,12000.0,2026.0,3000.0,support_restricted_tv_l1,exact_support_restricted_l1,,,,,
9,2035,175,Similarity-aware,0.008,-7.589415207398531e-19,3.003240017784847e-17,4.440892098500626e-16,2.220446049250313e-16,-4.440892098500626e-16,-1.8303609360295406e-16,7.242999704002611e-15,1.0710226277109999e-13,5.3551131385549994e-14,-1.0710226277109999e-13,0.4146403617999878,60,5,0.5,0.99,E[Agg(Q_xi)] - Agg(E[Q_xi]),bellman_backup,True,8x8,fixed,perturbation_seed,12000.0,2026.0,3000.0,support_restricted_tv_l1,exact_support_restricted_l1,,,,,
9,2035,180,Similarity-aware,0.008,7.589415207398531e-19,3.155028321932818e-17,3.3306690738754696e-16,3.3306690738754696e-16,-3.3306690738754696e-16,1.8303609360295406e-16,7.609071891208519e-15,8.032669707832498e-14,8.032669707832498e-14,-8.032669707832498e-14,0.4146403617999878,60,5,0.5,0.99,E[Agg(Q_xi)] - Agg(E[Q_xi]),bellman_backup,True,8x8,fixed,perturbation_seed,12000.0,2026.0,3000.0,support_restricted_tv_l1,exact_support_restricted_l1,,,,,
9,2035,185,Similarity-aware,0.008,-5.854691731421724e-18,3.0682921481339775e-17,4.440892098500626e-16,2.220446049250313e-16,-4.440892098500626e-16,-1.4119927220799314e-15,7.399887784233714e-15,1.0710226277109999e-13,5.3551131385549994e-14,-1.0710226277109999e-13,0.4146403617999878,60,5,0.5,0.99,E[Agg(Q_xi)] - Agg(E[Q_xi]),bellman_backup,True,8x8,fixed,perturbation_seed,12000.0,2026.0,3000.0,support_restricted_tv_l1,exact_support_restricted_l1,,,,,
9,2035,190,Similarity-aware,0.008,-3.144186300207963e-18,3.2742905609062234e-17,4.440892098500626e-16,2.7755575615628914e-16,-4.440892098500626e-16,-7.582923877836669e-16,7.896700038298876e-15,1.0710226277109999e-13,6.693891423193748e-14,-1.0710226277109999e-13,0.4146403617999878,60,5,0.5,0.99,E[Agg(Q_xi)] - Agg(E[Q_xi]),bellman_backup,True,8x8,fixed,perturbation_seed,12000.0,2026.0,3000.0,support_restricted_tv_l1,exact_support_restricted_l1,,,,,
9,2035,195,Similarity-aware,0.008,-4.228388472693467e-18,3.0791341698588326e-17,4.440892098500626e-16,2.7755575615628914e-16,-4.440892098500626e-16,-1.0197725215021727e-15,7.426035797605564e-15,1.0710226277109999e-13,6.693891423193748e-14,-1.0710226277109999e-13,0.4146403617999878,60,5,0.5,0.99,E[Agg(Q_xi)] - Agg(E[Q_xi]),bellman_backup,True,8x8,fixed,perturbation_seed,12000.0,2026.0,3000.0,support_restricted_tv_l1,exact_support_restricted_l1,,,,,
9,2035,200,Similarity-aware,0.008,-7.15573433840433e-18,2.927345865710862e-17,3.3306690738754696e-16,3.3306690738754696e-16,-2.7755575615628914e-16,-1.7257688825421384e-15,7.059963610399657e-15,8.032669707832498e-14,8.032669707832498e-14,-6.693891423193748e-14,0.4146403617999878,60,5,0.5,0.99,E[Agg(Q_xi)] - Agg(E[Q_xi]),bellman_backup,True,8x8,fixed,perturbation_seed,12000.0,2026.0,3000.0,support_restricted_tv_l1,exact_support_restricted_l1,,,,,
9,2035,205,Similarity-aware,0.008,-7.15573433840433e-18,3.0682921481339775e-17,4.440892098500626e-16,4.440892098500626e-16,-4.440892098500626e-16,-1.7257688825421384e-15,7.399887784233714e-15,1.0710226277109999e-13,1.0710226277109999e-13,-1.0710226277109999e-13,0.4146403617999878,60,5,0.5,0.99,E[Agg(Q_xi)] - Agg(E[Q_xi]),bellman_backup,True,8x8,fixed,perturbation_seed,12000.0,2026.0,3000.0,support_restricted_tv_l1,exact_support_restricted_l1,,,,,
9,2035,210,Similarity-aware,0.008,-1.0842021724855044e-18,3.480288973678469e-17,6.661338147750939e-16,3.3306690738754696e-16,-6.661338147750939e-16,-2.614801337185058e-16,8.393512292364036e-15,1.6065339415664996e-13,8.032669707832498e-14,-1.6065339415664996e-13,0.4146403617999878,60,5,0.5,0.99,E[Agg(Q_xi)] - Agg(E[Q_xi]),bellman_backup,True,8x8,fixed,perturbation_seed,12000.0,2026.0,3000.0,support_restricted_tv_l1,exact_support_restricted_l1,,,,,
9,2035,215,Similarity-aware,0.008,3.144186300207963e-18,4.185020385794047e-17,4.440892098500626e-16,4.440892098500626e-16,-3.3306690738754696e-16,7.582923877836669e-16,1.0093133161534325e-14,1.0710226277109999e-13,1.0710226277109999e-13,-8.032669707832498e-14,0.4146403617999878,60,5,0.5,0.99,E[Agg(Q_xi)] - Agg(E[Q_xi]),bellman_backup,True,8x8,fixed,perturbation_seed,12000.0,2026.0,3000.0,support_restricted_tv_l1,exact_support_restricted_l1,,,,,
9,2035,220,Similarity-aware,0.008,2.0599841277224584e-18,3.935653886122381e-17,4.440892098500626e-16,3.3306690738754696e-16,-4.440892098500626e-16,4.96812254065161e-16,9.491728853981762e-15,1.0710226277109999e-13,8.032669707832498e-14,-1.0710226277109999e-13,0.4146403617999878,60,5,0.5,0.99,E[Agg(Q_xi)] - Agg(E[Q_xi]),bellman_backup,True,8x8,fixed,perturbation_seed,12000.0,2026.0,3000.0,support_restricted_tv_l1,exact_support_restricted_l1,,,,,
9,2035,225,Similarity-aware,0.008,5.421010862427522e-18,3.469446951953614e-17,3.3306690738754696e-16,3.3306690738754696e-16,-2.220446049250313e-16,1.3074006685925291e-15,8.367364278992186e-15,8.032669707832498e-14,8.032669707832498e-14,-5.3551131385549994e-14,0.4146403617999878,60,5,0.5,0.99,E[Agg(Q_xi)] - Agg(E[Q_xi]),bellman_backup,True,8x8,fixed,perturbation_seed,12000.0,2026.0,3000.0,support_restricted_tv_l1,exact_support_restricted_l1,,,,,
9,2035,230,Similarity-aware,0.008,9.540979117872439e-18,3.935653886122381e-17,4.440892098500626e-16,3.3306690738754696e-16,-4.440892098500626e-16,2.3010251767228512e-15,9.491728853981762e-15,1.0710226277109999e-13,8.032669707832498e-14,-1.0710226277109999e-13,0.4146403617999878,60,5,0.5,0.99,E[Agg(Q_xi)] - Agg(E[Q_xi]),bellman_backup,True,8x8,fixed,perturbation_seed,12000.0,2026.0,3000.0,support_restricted_tv_l1,exact_support_restricted_l1,,,,,
9,2035,235,Similarity-aware,0.008,1.1926223897340549e-18,3.924811864397526e-17,4.440892098500626e-16,4.440892098500626e-16,-3.3306690738754696e-16,2.876281470903564e-16,9.465580840609911e-15,1.0710226277109999e-13,1.0710226277109999e-13,-8.032669707832498e-14,0.4146403617999878,60,5,0.5,0.99,E[Agg(Q_xi)] - Agg(E[Q_xi]),bellman_backup,True,8x8,fixed,perturbation_seed,12000.0,2026.0,3000.0,support_restricted_tv_l1,exact_support_restricted_l1,,,,,
9,2035,240,Similarity-aware,0.008,6.071532165918825e-18,4.2825985813177425e-17,4.440892098500626e-16,3.3306690738754696e-16,-4.440892098500626e-16,1.4642887488236325e-15,1.032846528188098e-14,1.0710226277109999e-13,8.032669707832498e-14,-1.0710226277109999e-13,0.4146403617999878,60,5,0.5,0.99,E[Agg(Q_xi)] - Agg(E[Q_xi]),bellman_backup,True,8x8,fixed,perturbation_seed,12000.0,2026.0,3000.0,support_restricted_tv_l1,exact_support_restricted_l1,,,,,
9,2035,245,Similarity-aware,0.008,3.686287386450715e-18,3.5887091909270197e-17,4.440892098500626e-16,3.3306690738754696e-16,-4.440892098500626e-16,8.890324546429199e-16,8.654992426082542e-15,1.0710226277109999e-13,8.032669707832498e-14,-1.0710226277109999e-13,0.4146403617999878,60,5,0.5,0.99,E[Agg(Q_xi)] - Agg(E[Q_xi]),bellman_backup,True,8x8,fixed,perturbation_seed,12000.0,2026.0,3000.0,support_restricted_tv_l1,exact_support_restricted_l1,,,,,
9,2035,250,Similarity-aware,0.008,-5.095750210681871e-18,3.71881345162528e-17,4.440892098500626e-16,4.440892098500626e-16,-4.440892098500626e-16,-1.2289566284769774e-15,8.96876858654475e-15,1.0710226277109999e-13,1.0710226277109999e-13,-1.0710226277109999e-13,0.4146403617999878,60,5,0.5,0.99,E[Agg(Q_xi)] - Agg(E[Q_xi]),bellman_backup,True,8x8,fixed,perturbation_seed,12000.0,2026.0,3000.0,support_restricted_tv_l1,exact_support_restricted_l1,,,,,
9,2035,255,Similarity-aware,0.008,-3.686287386450715e-18,3.393552799879629e-17,4.440892098500626e-16,4.440892098500626e-16,-4.440892098500626e-16,-8.890324546429199e-16,8.184328185389232e-15,1.0710226277109999e-13,1.0710226277109999e-13,-1.0710226277109999e-13,0.4146403617999878,60,5,0.5,0.99,E[Agg(Q_xi)] - Agg(E[Q_xi]),bellman_backup,True,8x8,fixed,perturbation_seed,12000.0,2026.0,3000.0,support_restricted_tv_l1,exact_support_restricted_l1,,,,,
9,2035,260,Similarity-aware,0.008,-4.9873299934333204e-18,3.382710778154774e-17,5.551115123125783e-16,5.551115123125783e-16,-3.3306690738754696e-16,-1.2028086151051267e-15,8.158180172017382e-15,1.3387782846387497e-13,1.3387782846387497e-13,-8.032669707832498e-14,0.4146403617999878,60,5,0.5,0.99,E[Agg(Q_xi)] - Agg(E[Q_xi]),bellman_backup,True,8x8,fixed,perturbation_seed,12000.0,2026.0,3000.0,support_restricted_tv_l1,exact_support_restricted_l1,,,,,
9,2035,265,Similarity-aware,0.008,-7.047314121155779e-18,3.241764495731658e-17,4.440892098500626e-16,3.3306690738754696e-16,-4.440892098500626e-16,-1.6996208691702878e-15,7.818255998183324e-15,1.0710226277109999e-13,8.032669707832498e-14,-1.0710226277109999e-13,0.4146403617999878,60,5,0.5,0.99,E[Agg(Q_xi)] - Agg(E[Q_xi]),bellman_backup,True,8x8,fixed,perturbation_seed,12000.0,2026.0,3000.0,support_restricted_tv_l1,exact_support_restricted_l1,,,,,
9,2035,270,Similarity-aware,0.008,-2.3852447794681098e-18,3.382710778154774e-17,4.440892098500626e-16,4.440892098500626e-16,-3.3306690738754696e-16,-5.752562941807128e-16,8.158180172017382e-15,1.0710226277109999e-13,1.0710226277109999e-13,-8.032669707832498e-14,0.4146403617999878,60,5,0.5,0.99,E[Agg(Q_xi)] - Agg(E[Q_xi]),bellman_backup,True,8x8,fixed,perturbation_seed,12000.0,2026.0,3000.0,support_restricted_tv_l1,exact_support_restricted_l1,,,,,
9,2035,275,Similarity-aware,0.008,5.9631119486702744e-18,4.185020385794047e-17,4.440892098500626e-16,3.3306690738754696e-16,-4.440892098500626e-16,1.438140735451782e-15,1.0093133161534325e-14,1.0710226277109999e-13,8.032669707832498e-14,-1.0710226277109999e-13,0.4146403617999878,60,5,0.5,0.99,E[Agg(Q_xi)] - Agg(E[Q_xi]),bellman_backup,True,8x8,fixed,perturbation_seed,12000.0,2026.0,3000.0,support_restricted_tv_l1,exact_support_restricted_l1,,,,,
9,2035,280,Similarity-aware,0.008,-9.432558900623889e-18,3.61039323437673e-17,4.440892098500626e-16,4.440892098500626e-16,-4.440892098500626e-16,-2.2748771633510008e-15,8.707288452826243e-15,1.0710226277109999e-13,1.0710226277109999e-13,-1.0710226277109999e-13,0.4146403617999878,60,5,0.5,0.99,E[Agg(Q_xi)] - Agg(E[Q_xi]),bellman_backup,True,8x8,fixed,perturbation_seed,12000.0,2026.0,3000.0,support_restricted_tv_l1,exact_support_restricted_l1,,,,,
9,2035,285,Similarity-aware,0.008,-7.589415207398531e-18,3.2851325826310784e-17,4.440892098500626e-16,3.3306690738754696e-16,-4.440892098500626e-16,-1.8303609360295406e-15,7.922848051670726e-15,1.0710226277109999e-13,8.032669707832498e-14,-1.0710226277109999e-13,0.4146403617999878,60,5,0.5,0.99,E[Agg(Q_xi)] - Agg(E[Q_xi]),bellman_backup,True,8x8,fixed,perturbation_seed,12000.0,2026.0,3000.0,support_restricted_tv_l1,exact_support_restricted_l1,,,,,
9,2035,290,Similarity-aware,0.008,6.288372600415926e-18,4.3042826247674526e-17,3.3306690738754696e-16,3.3306690738754696e-16,-3.3306690738754696e-16,1.5165847755673338e-15,1.038076130862468e-14,8.032669707832498e-14,8.032669707832498e-14,-8.032669707832498e-14,0.4146403617999878,60,5,0.5,0.99,E[Agg(Q_xi)] - Agg(E[Q_xi]),bellman_backup,True,8x8,fixed,perturbation_seed,12000.0,2026.0,3000.0,support_restricted_tv_l1,exact_support_restricted_l1,,,,,
9,2035,295,Similarity-aware,0.008,-8.673617379884035e-19,4.152494320619482e-17,4.440892098500626e-16,4.440892098500626e-16,-4.440892098500626e-16,-2.0918410697480466e-16,1.0014689121418772e-14,1.0710226277109999e-13,1.0710226277109999e-13,-1.0710226277109999e-13,0.4146403617999878,60,5,0.5,0.99,E[Agg(Q_xi)] - Agg(E[Q_xi]),bellman_backup,True,8x8,fixed,perturbation_seed,12000.0,2026.0,3000.0,support_restricted_tv_l1,exact_support_restricted_l1,,,,,
9,2035,300,Similarity-aware,0.008,-1.1926223897340549e-17,3.458604930228759e-17,4.440892098500626e-16,3.3306690738754696e-16,-4.440892098500626e-16,-2.876281470903564e-15,8.341216265620335e-15,1.0710226277109999e-13,8.032669707832498e-14,-1.0710226277109999e-13,0.4146403617999878,60,5,0.5,0.99,E[Agg(Q_xi)] - Agg(E[Q_xi]),bellman_backup,True,8x8,fixed,perturbation_seed,12000.0,2026.0,3000.0,support_restricted_tv_l1,exact_support_restricted_l1,,,,,
9,2035,305,Similarity-aware,0.008,-2.168404344971009e-19,3.8055496254241206e-17,4.440892098500626e-16,4.440892098500626e-16,-3.3306690738754696e-16,-5.2296026743701166e-17,9.177952693519554e-15,1.0710226277109999e-13,1.0710226277109999e-13,-8.032669707832498e-14,0.4146403617999878,60,5,0.5,0.99,E[Agg(Q_xi)] - Agg(E[Q_xi]),bellman_backup,True,8x8,fixed,perturbation_seed,12000.0,2026.0,3000.0,support_restricted_tv_l1,exact_support_restricted_l1,,,,,
9,2035,310,Similarity-aware,0.008,-1.1384122811097797e-17,3.209238430557093e-17,4.440892098500626e-16,4.440892098500626e-16,-4.440892098500626e-16,-2.745541404044311e-15,7.739811958067771e-15,1.0710226277109999e-13,1.0710226277109999e-13,-1.0710226277109999e-13,0.4146403617999878,60,5,0.5,0.99,E[Agg(Q_xi)] - Agg(E[Q_xi]),bellman_backup,True,8x8,fixed,perturbation_seed,12000.0,2026.0,3000.0,support_restricted_tv_l1,exact_support_restricted_l1,,,,,
9,2035,315,Similarity-aware,0.008,1.8431436932253575e-18,4.0657581468206416e-17,4.440892098500626e-16,4.440892098500626e-16,-4.440892098500626e-16,4.445162273214599e-16,9.805505014443969e-15,1.0710226277109999e-13,1.0710226277109999e-13,-1.0710226277109999e-13,0.4146403617999878,60,5,0.5,0.99,E[Agg(Q_xi)] - Agg(E[Q_xi]),bellman_backup,True,8x8,fixed,perturbation_seed,12000.0,2026.0,3000.0,support_restricted_tv_l1,exact_support_restricted_l1,,,,,
9,2035,320,Similarity-aware,0.008,7.806255641895632e-18,4.3042826247674526e-17,5.551115123125783e-16,5.551115123125783e-16,-3.3306690738754696e-16,1.882656962773242e-15,1.038076130862468e-14,1.3387782846387497e-13,1.3387782846387497e-13,-8.032669707832498e-14,0.4146403617999878,60,5,0.5,0.99,E[Agg(Q_xi)] - Agg(E[Q_xi]),bellman_backup,True,8x8,fixed,perturbation_seed,12000.0,2026.0,3000.0,support_restricted_tv_l1,exact_support_restricted_l1,,,,,
9,2035,325,Similarity-aware,0.008,-5.095750210681871e-18,3.5344990823027445e-17,4.440892098500626e-16,4.440892098500626e-16,-4.440892098500626e-16,-1.2289566284769774e-15,8.52425235922329e-15,1.0710226277109999e-13,1.0710226277109999e-13,-1.0710226277109999e-13,0.4146403617999878,60,5,0.5,0.99,E[Agg(Q_xi)] - Agg(E[Q_xi]),bellman_backup,True,8x8,fixed,perturbation_seed,12000.0,2026.0,3000.0,support_restricted_tv_l1,exact_support_restricted_l1,,,,,
9,2035,330,Similarity-aware,0.008,-1.0191500421363742e-17,3.707971429900425e-17,4.440892098500626e-16,4.440892098500626e-16,-4.440892098500626e-16,-2.4579132569539548e-15,8.942620573172899e-15,1.0710226277109999e-13,1.0710226277109999e-13,-1.0710226277109999e-13,0.4146403617999878,60,5,0.5,0.99,E[Agg(Q_xi)] - Agg(E[Q_xi]),bellman_backup,True,8x8,fixed,perturbation_seed,12000.0,2026.0,3000.0,support_restricted_tv_l1,exact_support_restricted_l1,,,,,
9,2035,335,Similarity-aware,0.008,-5.421010862427522e-19,3.8272336688738307e-17,4.440892098500626e-16,3.3306690738754696e-16,-4.440892098500626e-16,-1.307400668592529e-16,9.230248720263255e-15,1.0710226277109999e-13,8.032669707832498e-14,-1.0710226277109999e-13,0.4146403617999878,60,5,0.5,0.99,E[Agg(Q_xi)] - Agg(E[Q_xi]),bellman_backup,True,8x8,fixed,perturbation_seed,12000.0,2026.0,3000.0,support_restricted_tv_l1,exact_support_restricted_l1,,,,,
9,2035,340,Similarity-aware,0.008,-2.0599841277224584e-18,3.71881345162528e-17,3.885780586188048e-16,3.885780586188048e-16,-3.3306690738754696e-16,-4.96812254065161e-16,8.96876858654475e-15,9.371447992471248e-14,9.371447992471248e-14,-8.032669707832498e-14,0.4146403617999878,60,5,0.5,0.99,E[Agg(Q_xi)] - Agg(E[Q_xi]),bellman_backup,True,8x8,fixed,perturbation_seed,12000.0,2026.0,3000.0,support_restricted_tv_l1,exact_support_restricted_l1,,,,,
9,2035,345,Similarity-aware,0.008,-5.204170427930421e-18,4.0223900599212215e-17,4.440892098500626e-16,3.3306690738754696e-16,-4.440892098500626e-16,-1.2551046418488278e-15,9.700912960956565e-15,1.0710226277109999e-13,8.032669707832498e-14,-1.0710226277109999e-13,0.4146403617999878,60,5,0.5,0.99,E[Agg(Q_xi)] - Agg(E[Q_xi]),bellman_backup,True,8x8,fixed,perturbation_seed,12000.0,2026.0,3000.0,support_restricted_tv_l1,exact_support_restricted_l1,,,,,
9,2035,350,Similarity-aware,0.008,8.348356728138384e-18,4.336808689942018e-17,4.440892098500626e-16,3.3306690738754696e-16,-4.440892098500626e-16,2.0133970296324946e-15,1.0459205348740233e-14,1.0710226277109999e-13,8.032669707832498e-14,-1.0710226277109999e-13,0.4146403617999878,60,5,0.5,0.99,E[Agg(Q_xi)] - Agg(E[Q_xi]),bellman_backup,True,8x8,fixed,perturbation_seed,12000.0,2026.0,3000.0,support_restricted_tv_l1,exact_support_restricted_l1,,,,,
9,2035,355,Similarity-aware,0.008,1.8106176280507924e-17,5.4643789493269423e-17,4.440892098500626e-16,4.440892098500626e-16,-3.3306690738754696e-16,4.366718233099047e-15,1.3178598739412693e-14,1.0710226277109999e-13,1.0710226277109999e-13,-8.032669707832498e-14,0.4146403617999878,60,5,0.5,0.99,E[Agg(Q_xi)] - Agg(E[Q_xi]),bellman_backup,True,8x8,fixed,perturbation_seed,12000.0,2026.0,3000.0,support_restricted_tv_l1,exact_support_restricted_l1,,,,,
9,2035,360,Similarity-aware,0.008,4.87890977618477e-18,4.85722573273506e-17,4.440892098500626e-16,4.440892098500626e-16,-3.3306690738754696e-16,1.176660601733276e-15,1.171430999058906e-14,1.0710226277109999e-13,1.0710226277109999e-13,-8.032669707832498e-14,0.4146403617999878,60,5,0.5,0.99,E[Agg(Q_xi)] - Agg(E[Q_xi]),bellman_backup,True,8x8,fixed,perturbation_seed,12000.0,2026.0,3000.0,support_restricted_tv_l1,exact_support_restricted_l1,,,,,
9,2035,365,Similarity-aware,0.008,7.589415207398531e-19,4.391018798566293e-17,5.551115123125783e-16,4.440892098500626e-16,-5.551115123125783e-16,1.8303609360295406e-16,1.0589945415599485e-14,1.3387782846387497e-13,1.0710226277109999e-13,-1.3387782846387497e-13,0.4146403617999878,60,5,0.5,0.99,E[Agg(Q_xi)] - Agg(E[Q_xi]),bellman_backup,True,8x8,fixed,perturbation_seed,12000.0,2026.0,3000.0,support_restricted_tv_l1,exact_support_restricted_l1,,,,,
9,2035,370,Similarity-aware,0.008,-7.806255641895632e-18,4.163336342344337e-17,5.551115123125783e-16,3.3306690738754696e-16,-5.551115123125783e-16,-1.882656962773242e-15,1.0040837134790623e-14,1.3387782846387497e-13,8.032669707832498e-14,-1.3387782846387497e-13,0.4146403617999878,60,5,0.5,0.99,E[Agg(Q_xi)] - Agg(E[Q_xi]),bellman_backup,True,8x8,fixed,perturbation_seed,12000.0,2026.0,3000.0,support_restricted_tv_l1,exact_support_restricted_l1,,,,,
9,2035,375,Similarity-aware,0.008,-3.7947076036992655e-18,3.7730235602495554e-17,5.551115123125783e-16,3.3306690738754696e-16,-5.551115123125783e-16,-9.151804680147703e-16,9.099508653404003e-15,1.3387782846387497e-13,8.032669707832498e-14,-1.3387782846387497e-13,0.4146403617999878,60,5,0.5,0.99,E[Agg(Q_xi)] - Agg(E[Q_xi]),bellman_backup,True,8x8,fixed,perturbation_seed,12000.0,2026.0,3000.0,support_restricted_tv_l1,exact_support_restricted_l1,,,,,
9,2035,380,Similarity-aware,0.008,-2.6020852139652106e-18,4.163336342344337e-17,3.3306690738754696e-16,3.3306690738754696e-16,-3.3306690738754696e-16,-6.275523209244139e-16,1.0040837134790623e-14,8.032669707832498e-14,8.032669707832498e-14,-8.032669707832498e-14,0.4146403617999878,60,5,0.5,0.99,E[Agg(Q_xi)] - Agg(E[Q_xi]),bellman_backup,True,8x8,fixed,perturbation_seed,12000.0,2026.0,3000.0,support_restricted_tv_l1,exact_support_restricted_l1,,,,,
9,2035,385,Similarity-aware,0.008,-8.239936510889834e-18,3.5887091909270197e-17,5.551115123125783e-16,3.3306690738754696e-16,-5.551115123125783e-16,-1.987249016260644e-15,8.654992426082542e-15,1.3387782846387497e-13,8.032669707832498e-14,-1.3387782846387497e-13,0.4146403617999878,60,5,0.5,0.99,E[Agg(Q_xi)] - Agg(E[Q_xi]),bellman_backup,True,8x8,fixed,perturbation_seed,12000.0,2026.0,3000.0,support_restricted_tv_l1,exact_support_restricted_l1,,,,,
9,2035,390,Similarity-aware,0.008,-1.7672495411513722e-17,3.220080452281948e-17,4.440892098500626e-16,4.440892098500626e-16,-3.3306690738754696e-16,-4.262126179611645e-15,7.765959971439622e-15,1.0710226277109999e-13,1.0710226277109999e-13,-8.032669707832498e-14,0.4146403617999878,60,5,0.5,0.99,E[Agg(Q_xi)] - Agg(E[Q_xi]),bellman_backup,True,8x8,fixed,perturbation_seed,12000.0,2026.0,3000.0,support_restricted_tv_l1,exact_support_restricted_l1,,,,,
9,2035,395,Similarity-aware,0.008,6.071532165918825e-18,4.391018798566293e-17,4.440892098500626e-16,4.440892098500626e-16,-4.440892098500626e-16,1.4642887488236325e-15,1.0589945415599485e-14,1.0710226277109999e-13,1.0710226277109999e-13,-1.0710226277109999e-13,0.4146403617999878,60,5,0.5,0.99,E[Agg(Q_xi)] - Agg(E[Q_xi]),bellman_backup,True,8x8,fixed,perturbation_seed,12000.0,2026.0,3000.0,support_restricted_tv_l1,exact_support_restricted_l1,,,,,
9,2035,400,Similarity-aware,0.008,-6.179952383167375e-18,3.903127820947816e-17,3.3306690738754696e-16,3.3306690738754696e-16,-3.3306690738754696e-16,-1.4904367621954831e-15,9.413284813866209e-15,8.032669707832498e-14,8.032669707832498e-14,-8.032669707832498e-14,0.4146403617999878,60,5,0.5,0.99,E[Agg(Q_xi)] - Agg(E[Q_xi]),bellman_backup,True,8x8,fixed,perturbation_seed,12000.0,2026.0,3000.0,support_restricted_tv_l1,exact_support_restricted_l1,,,,,
9,2035,405,Similarity-aware,0.008,-1.2468324983583301e-17,4.0223900599212215e-17,4.440892098500626e-16,4.440892098500626e-16,-4.440892098500626e-16,-3.0070215377628167e-15,9.700912960956565e-15,1.0710226277109999e-13,1.0710226277109999e-13,-1.0710226277109999e-13,0.4146403617999878,60,5,0.5,0.99,E[Agg(Q_xi)] - Agg(E[Q_xi]),bellman_backup,True,8x8,fixed,perturbation_seed,12000.0,2026.0,3000.0,support_restricted_tv_l1,exact_support_restricted_l1,,,,,
9,2035,410,Similarity-aware,0.008,2.2768245622195593e-18,4.7704895589362195e-17,5.551115123125783e-16,4.440892098500626e-16,-5.551115123125783e-16,5.491082808088623e-16,1.1505125883614256e-14,1.3387782846387497e-13,1.0710226277109999e-13,-1.3387782846387497e-13,0.4146403617999878,60,5,0.5,0.99,E[Agg(Q_xi)] - Agg(E[Q_xi]),bellman_backup,True,8x8,fixed,perturbation_seed,12000.0,2026.0,3000.0,support_restricted_tv_l1,exact_support_restricted_l1,,,,,
9,2035,415,Similarity-aware,0.008,-3.0357660829594124e-18,4.336808689942018e-17,4.440892098500626e-16,3.3306690738754696e-16,-4.440892098500626e-16,-7.321443744118162e-16,1.0459205348740233e-14,1.0710226277109999e-13,8.032669707832498e-14,-1.0710226277109999e-13,0.4146403617999878,60,5,0.5,0.99,E[Agg(Q_xi)] - Agg(E[Q_xi]),bellman_backup,True,8x8,fixed,perturbation_seed,12000.0,2026.0,3000.0,support_restricted_tv_l1,exact_support_restricted_l1,,,,,
9,2035,420,Similarity-aware,0.008,-4.662069341687669e-18,4.119968255444917e-17,4.440892098500626e-16,4.440892098500626e-16,-4.440892098500626e-16,-1.124364574989575e-15,9.936245081303221e-15,1.0710226277109999e-13,1.0710226277109999e-13,-1.0710226277109999e-13,0.4146403617999878,60,5,0.5,0.99,E[Agg(Q_xi)] - Agg(E[Q_xi]),bellman_backup,True,8x8,fixed,perturbation_seed,12000.0,2026.0,3000.0,support_restricted_tv_l1,exact_support_restricted_l1,,,,,
9,2035,425,Similarity-aware,0.008,-9.540979117872439e-18,3.8163916471489756e-17,4.440892098500626e-16,4.440892098500626e-16,-3.3306690738754696e-16,-2.3010251767228512e-15,9.204100706891405e-15,1.0710226277109999e-13,1.0710226277109999e-13,-8.032669707832498e-14,0.4146403617999878,60,5,0.5,0.99,E[Agg(Q_xi)] - Agg(E[Q_xi]),bellman_backup,True,8x8,fixed,perturbation_seed,12000.0,2026.0,3000.0,support_restricted_tv_l1,exact_support_restricted_l1,,,,,
9,2035,430,Similarity-aware,0.008,2.0599841277224584e-18,4.412702842016003e-17,5.551115123125783e-16,4.440892098500626e-16,-5.551115123125783e-16,4.96812254065161e-16,1.0642241442343186e-14,1.3387782846387497e-13,1.0710226277109999e-13,-1.3387782846387497e-13,0.4146403617999878,60,5,0.5,0.99,E[Agg(Q_xi)] - Agg(E[Q_xi]),bellman_backup,True,8x8,fixed,perturbation_seed,12000.0,2026.0,3000.0,support_restricted_tv_l1,exact_support_restricted_l1,,,,,
9,2035,435,Similarity-aware,0.008,-6.613633252161577e-18,4.087442190270352e-17,4.440892098500626e-16,4.440892098500626e-16,-4.440892098500626e-16,-1.5950288156828856e-15,9.85780104118767e-15,1.0710226277109999e-13,1.0710226277109999e-13,-1.0710226277109999e-13,0.4146403617999878,60,5,0.5,0.99,E[Agg(Q_xi)] - Agg(E[Q_xi]),bellman_backup,True,8x8,fixed,perturbation_seed,12000.0,2026.0,3000.0,support_restricted_tv_l1,exact_support_restricted_l1,,,,,
9,2035,440,Similarity-aware,0.008,1.951563910473908e-18,4.5211230592645535e-17,5.551115123125783e-16,5.551115123125783e-16,-4.440892098500626e-16,4.706642406933105e-16,1.0903721576061693e-14,1.3387782846387497e-13,1.3387782846387497e-13,-1.0710226277109999e-13,0.4146403617999878,60,5,0.5,0.99,E[Agg(Q_xi)] - Agg(E[Q_xi]),bellman_backup,True,8x8,fixed,perturbation_seed,12000.0,2026.0,3000.0,support_restricted_tv_l1,exact_support_restricted_l1,,,,,
9,2035,445,Similarity-aware,0.008,5.421010862427522e-18,4.4994390158148434e-17,3.3306690738754696e-16,3.3306690738754696e-16,-3.3306690738754696e-16,1.3074006685925291e-15,1.0851425549317992e-14,8.032669707832498e-14,8.032669707832498e-14,-8.032669707832498e-14,0.4146403617999878,60,5,0.5,0.99,E[Agg(Q_xi)] - Agg(E[Q_xi]),bellman_backup,True,8x8,fixed,perturbation_seed,12000.0,2026.0,3000.0,support_restricted_tv_l1,exact_support_restricted_l1,,,,,
9,2035,450,Similarity-aware,0.008,9.540979117872439e-18,4.694595406862234e-17,5.551115123125783e-16,4.440892098500626e-16,-5.551115123125783e-16,2.3010251767228512e-15,1.1322089790011301e-14,1.3387782846387497e-13,1.0710226277109999e-13,-1.3387782846387497e-13,0.4146403617999878,60,5,0.5,0.99,E[Agg(Q_xi)] - Agg(E[Q_xi]),bellman_backup,True,8x8,fixed,perturbation_seed,12000.0,2026.0,3000.0,support_restricted_tv_l1,exact_support_restricted_l1,,,,,
9,2035,455,Similarity-aware,0.008,1.8865117801247777e-17,5.323432666903827e-17,5.551115123125783e-16,5.551115123125783e-16,-3.3306690738754696e-16,4.5497543267020016e-15,1.2838674565578636e-14,1.3387782846387497e-13,1.3387782846387497e-13,-8.032669707832498e-14,0.4146403617999878,60,5,0.5,0.99,E[Agg(Q_xi)] - Agg(E[Q_xi]),bellman_backup,True,8x8,fixed,perturbation_seed,12000.0,2026.0,3000.0,support_restricted_tv_l1,exact_support_restricted_l1,,,,,
9,2035,460,Similarity-aware,0.008,2.0599841277224584e-18,4.3259666682171627e-17,5.551115123125783e-16,5.551115123125783e-16,-3.3306690738754696e-16,4.96812254065161e-16,1.0433057335368383e-14,1.3387782846387497e-13,1.3387782846387497e-13,-8.032669707832498e-14,0.4146403617999878,60,5,0.5,0.99,E[Agg(Q_xi)] - Agg(E[Q_xi]),bellman_backup,True,8x8,fixed,perturbation_seed,12000.0,2026.0,3000.0,support_restricted_tv_l1,exact_support_restricted_l1,,,,,
9,2035,465,Similarity-aware,0.008,5.095750210681871e-18,4.7488055154865094e-17,4.440892098500626e-16,4.440892098500626e-16,-4.440892098500626e-16,1.2289566284769774e-15,1.1452829856870555e-14,1.0710226277109999e-13,1.0710226277109999e-13,-1.0710226277109999e-13,0.4146403617999878,60,5,0.5,0.99,E[Agg(Q_xi)] - Agg(E[Q_xi]),bellman_backup,True,8x8,fixed,perturbation_seed,12000.0,2026.0,3000.0,support_restricted_tv_l1,exact_support_restricted_l1,,,,,
9,2035,470,Similarity-aware,0.008,-4.9873299934333204e-18,4.358492733391728e-17,5.551115123125783e-16,5.551115123125783e-16,-5.551115123125783e-16,-1.2028086151051267e-15,1.0511501375483934e-14,1.3387782846387497e-13,1.3387782846387497e-13,-1.3387782846387497e-13,0.4146403617999878,60,5,0.5,0.99,E[Agg(Q_xi)] - Agg(E[Q_xi]),bellman_backup,True,8x8,fixed,perturbation_seed,12000.0,2026.0,3000.0,support_restricted_tv_l1,exact_support_restricted_l1,,,,,
9,2035,475,Similarity-aware,0.008,9.86623976961809e-18,5.0523821237824507e-17,6.661338147750939e-16,6.661338147750939e-16,-4.440892098500626e-16,2.379469216838403e-15,1.2184974231282371e-14,1.6065339415664996e-13,1.6065339415664996e-13,-1.0710226277109999e-13,0.4146403617999878,60,5,0.5,0.99,E[Agg(Q_xi)] - Agg(E[Q_xi]),bellman_backup,True,8x8,fixed,perturbation_seed,12000.0,2026.0,3000.0,support_restricted_tv_l1,exact_support_restricted_l1,,,,,
9,2035,480,Similarity-aware,0.008,7.589415207398531e-18,5.0415401020575956e-17,4.440892098500626e-16,4.440892098500626e-16,-4.440892098500626e-16,1.8303609360295406e-15,1.215882621791052e-14,1.0710226277109999e-13,1.0710226277109999e-13,-1.0710226277109999e-13,0.4146403617999878,60,5,0.5,0.99,E[Agg(Q_xi)] - Agg(E[Q_xi]),bellman_backup,True,8x8,fixed,perturbation_seed,12000.0,2026.0,3000.0,support_restricted_tv_l1,exact_support_restricted_l1,,,,,
9,2035,485,Similarity-aware,0.008,-6.613633252161577e-18,4.087442190270352e-17,4.440892098500626e-16,4.440892098500626e-16,-4.440892098500626e-16,-1.5950288156828856e-15,9.85780104118767e-15,1.0710226277109999e-13,1.0710226277109999e-13,-1.0710226277109999e-13,0.4146403617999878,60,5,0.5,0.99,E[Agg(Q_xi)] - Agg(E[Q_xi]),bellman_backup,True,8x8,fixed,perturbation_seed,12000.0,2026.0,3000.0,support_restricted_tv_l1,exact_support_restricted_l1,,,,,
9,2035,490,Similarity-aware,0.008,-7.589415207398531e-19,4.651227319962814e-17,4.440892098500626e-16,4.440892098500626e-16,-4.440892098500626e-16,-1.8303609360295406e-16,1.12174977365239e-14,1.0710226277109999e-13,1.0710226277109999e-13,-1.0710226277109999e-13,0.4146403617999878,60,5,0.5,0.99,E[Agg(Q_xi)] - Agg(E[Q_xi]),bellman_backup,True,8x8,fixed,perturbation_seed,12000.0,2026.0,3000.0,support_restricted_tv_l1,exact_support_restricted_l1,,,,,
9,2035,495,Similarity-aware,0.008,5.854691731421724e-18,4.607859233063394e-17,3.3306690738754696e-16,3.3306690738754696e-16,-3.3306690738754696e-16,1.4119927220799314e-15,1.1112905683036498e-14,8.032669707832498e-14,8.032669707832498e-14,-8.032669707832498e-14,0.4146403617999878,60,5,0.5,0.99,E[Agg(Q_xi)] - Agg(E[Q_xi]),bellman_backup,True,8x8,fixed,perturbation_seed,12000.0,2026.0,3000.0,support_restricted_tv_l1,exact_support_restricted_l1,,,,,
9,2035,500,Similarity-aware,0.008,-8.023096076392733e-18,3.74049749507499e-17,5.551115123125783e-16,2.220446049250313e-16,-5.551115123125783e-16,-1.934952989516943e-15,9.02106461328845e-15,1.3387782846387497e-13,5.3551131385549994e-14,-1.3387782846387497e-13,0.4146403617999878,60,5,0.5,0.99,E[Agg(Q_xi)] - Agg(E[Q_xi]),bellman_backup,True,8x8,fixed,perturbation_seed,12000.0,2026.0,3000.0,support_restricted_tv_l1,exact_support_restricted_l1,,,,,
9,2035,-1,metadata,,,,,,,,,,,,0.4146403617999878,60,5,0.5,0.99,,,,8x8,fixed,perturbation_seed,,,,support_restricted_tv_l1,exact_support_restricted_l1,0.0,0.01,0.02335193071259517,0.009216910897870526,0.4058961704389859
9,2035,-1,metadata,,,,,,,,,,,,0.4146403617999878,60,5,0.5,0.99,,,,8x8,fixed,perturbation_seed,,,,support_restricted_tv_l1,exact_support_restricted_l1,1.0,0.015,0.03431631736508489,0.01470740401416642,0.2762122995783272
9,2035,-1,metadata,,,,,,,,,,,,0.4146403617999878,60,5,0.5,0.99,,,,8x8,fixed,perturbation_seed,,,,support_restricted_tv_l1,exact_support_restricted_l1,2.0,0.02,0.05002420197620644,0.019790913577492516,0.18948179658080755
9,2035,-1,metadata,,,,,,,,,,,,0.4146403617999878,60,5,0.5,0.99,,,,8x8,fixed,perturbation_seed,,,,support_restricted_tv_l1,exact_support_restricted_l1,3.0,0.03,0.07381634151805844,0.02907148524257466,0.12840973340187928
