seed,iteration,method,target_performance,normalized_performance,oracle_performance,uses_robust_term,penalty_type,p_norm,robust_q,sync_period,stepsize,aggregation,source_index,source_gamma,max_selected_count,max_selected_fraction,actual_source_gamma,local_gamma_max,local_gamma_mean,mixing_coefficient,uniform_weight,similarity_weight
0,0,Non-robust DR,8.054286843965905,0.5145769988120121,15.65224808446663,False,none,1,inf,1,0.05,uniform_model_mixture,,,,,,,,,,
0,5,Non-robust DR,15.206491764431284,0.9715212589508011,15.65224808446663,False,none,1,inf,1,0.05,uniform_model_mixture,,,,,,,,,,
0,10,Non-robust DR,15.333785201998557,0.9796538567016378,15.65224808446663,False,none,1,inf,1,0.05,uniform_model_mixture,,,,,,,,,,
0,15,Non-robust DR,15.333409452788906,0.9796298506158908,15.65224808446663,False,none,1,inf,1,0.05,uniform_model_mixture,,,,,,,,,,
0,20,Non-robust DR,15.333409452788906,0.9796298506158908,15.65224808446663,False,none,1,inf,1,0.05,uniform_model_mixture,,,,,,,,,,
0,25,Non-robust DR,15.333409452788906,0.9796298506158908,15.65224808446663,False,none,1,inf,1,0.05,uniform_model_mixture,,,,,,,,,,
0,30,Non-robust DR,15.333409452788906,0.9796298506158908,15.65224808446663,False,none,1,inf,1,0.05,uniform_model_mixture,,,,,,,,,,
0,35,Non-robust DR,15.333409452788906,0.9796298506158908,15.65224808446663,False,none,1,inf,1,0.05,uniform_model_mixture,,,,,,,,,,
0,40,Non-robust DR,15.333409452788906,0.9796298506158908,15.65224808446663,False,none,1,inf,1,0.05,uniform_model_mixture,,,,,,,,,,
0,45,Non-robust DR,15.333409452788906,0.9796298506158908,15.65224808446663,False,none,1,inf,1,0.05,uniform_model_mixture,,,,,,,,,,
0,50,Non-robust DR,15.333409452788906,0.9796298506158908,15.65224808446663,False,none,1,inf,1,0.05,uniform_model_mixture,,,,,,,,,,
0,55,Non-robust DR,15.333409452788906,0.9796298506158908,15.65224808446663,False,none,1,inf,1,0.05,uniform_model_mixture,,,,,,,,,,
0,60,Non-robust DR,15.333409452788906,0.9796298506158908,15.65224808446663,False,none,1,inf,1,0.05,uniform_model_mixture,,,,,,,,,,
0,65,Non-robust DR,15.333409452788906,0.9796298506158908,15.65224808446663,False,none,1,inf,1,0.05,uniform_model_mixture,,,,,,,,,,
0,70,Non-robust DR,15.333409452788906,0.9796298506158908,15.65224808446663,False,none,1,inf,1,0.05,uniform_model_mixture,,,,,,,,,,
0,75,Non-robust DR,15.333409452788906,0.9796298506158908,15.65224808446663,False,none,1,inf,1,0.05,uniform_model_mixture,,,,,,,,,,
0,80,Non-robust DR,15.333409452788906,0.9796298506158908,15.65224808446663,False,none,1,inf,1,0.05,uniform_model_mixture,,,,,,,,,,
0,85,Non-robust DR,15.333409452788906,0.9796298506158908,15.65224808446663,False,none,1,inf,1,0.05,uniform_model_mixture,,,,,,,,,,
0,90,Non-robust DR,15.333409452788906,0.9796298506158908,15.65224808446663,False,none,1,inf,1,0.05,uniform_model_mixture,,,,,,,,,,
0,95,Non-robust DR,15.402825292035079,0.9840647304409212,15.65224808446663,False,none,1,inf,1,0.05,uniform_model_mixture,,,,,,,,,,
0,100,Non-robust DR,15.402825292035079,0.9840647304409212,15.65224808446663,False,none,1,inf,1,0.05,uniform_model_mixture,,,,,,,,,,
0,105,Non-robust DR,15.402825292035079,0.9840647304409212,15.65224808446663,False,none,1,inf,1,0.05,uniform_model_mixture,,,,,,,,,,
0,110,Non-robust DR,15.402825292035079,0.9840647304409212,15.65224808446663,False,none,1,inf,1,0.05,uniform_model_mixture,,,,,,,,,,
0,115,Non-robust DR,15.402825292035079,0.9840647304409212,15.65224808446663,False,none,1,inf,1,0.05,uniform_model_mixture,,,,,,,,,,
0,120,Non-robust DR,15.402825292035079,0.9840647304409212,15.65224808446663,False,none,1,inf,1,0.05,uniform_model_mixture,,,,,,,,,,
0,125,Non-robust DR,15.402825292035079,0.9840647304409212,15.65224808446663,False,none,1,inf,1,0.05,uniform_model_mixture,,,,,,,,,,
0,130,Non-robust DR,15.402825292035079,0.9840647304409212,15.65224808446663,False,none,1,inf,1,0.05,uniform_model_mixture,,,,,,,,,,
0,135,Non-robust DR,15.402825292035079,0.9840647304409212,15.65224808446663,False,none,1,inf,1,0.05,uniform_model_mixture,,,,,,,,,,
0,140,Non-robust DR,15.402825292035079,0.9840647304409212,15.65224808446663,False,none,1,inf,1,0.05,uniform_model_mixture,,,,,,,,,,
0,145,Non-robust DR,15.402825292035079,0.9840647304409212,15.65224808446663,False,none,1,inf,1,0.05,uniform_model_mixture,,,,,,,,,,
0,150,Non-robust DR,15.402825292035079,0.9840647304409212,15.65224808446663,False,none,1,inf,1,0.05,uniform_model_mixture,,,,,,,,,,
0,155,Non-robust DR,15.402825292035079,0.9840647304409212,15.65224808446663,False,none,1,inf,1,0.05,uniform_model_mixture,,,,,,,,,,
0,160,Non-robust DR,15.402825292035079,0.9840647304409212,15.65224808446663,False,none,1,inf,1,0.05,uniform_model_mixture,,,,,,,,,,
0,165,Non-robust DR,15.402825292035079,0.9840647304409212,15.65224808446663,False,none,1,inf,1,0.05,uniform_model_mixture,,,,,,,,,,
0,170,Non-robust DR,15.402825292035079,0.9840647304409212,15.65224808446663,False,none,1,inf,1,0.05,uniform_model_mixture,,,,,,,,,,
0,175,Non-robust DR,15.402825292035079,0.9840647304409212,15.65224808446663,False,none,1,inf,1,0.05,uniform_model_mixture,,,,,,,,,,
0,180,Non-robust DR,15.402825292035079,0.9840647304409212,15.65224808446663,False,none,1,inf,1,0.05,uniform_model_mixture,,,,,,,,,,
0,185,Non-robust DR,15.402825292035079,0.9840647304409212,15.65224808446663,False,none,1,inf,1,0.05,uniform_model_mixture,,,,,,,,,,
0,190,Non-robust DR,15.402825292035079,0.9840647304409212,15.65224808446663,False,none,1,inf,1,0.05,uniform_model_mixture,,,,,,,,,,
0,195,Non-robust DR,15.402825292035079,0.9840647304409212,15.65224808446663,False,none,1,inf,1,0.05,uniform_model_mixture,,,,,,,,,,
0,200,Non-robust DR,15.402825292035079,0.9840647304409212,15.65224808446663,False,none,1,inf,1,0.05,uniform_model_mixture,,,,,,,,,,
0,205,Non-robust DR,15.402825292035079,0.9840647304409212,15.65224808446663,False,none,1,inf,1,0.05,uniform_model_mixture,,,,,,,,,,
0,210,Non-robust DR,15.402825292035079,0.9840647304409212,15.65224808446663,False,none,1,inf,1,0.05,uniform_model_mixture,,,,,,,,,,
0,215,Non-robust DR,15.402825292035079,0.9840647304409212,15.65224808446663,False,none,1,inf,1,0.05,uniform_model_mixture,,,,,,,,,,
0,220,Non-robust DR,15.402825292035079,0.9840647304409212,15.65224808446663,False,none,1,inf,1,0.05,uniform_model_mixture,,,,,,,,,,
0,225,Non-robust DR,15.402825292035079,0.9840647304409212,15.65224808446663,False,none,1,inf,1,0.05,uniform_model_mixture,,,,,,,,,,
0,230,Non-robust DR,15.402825292035079,0.9840647304409212,15.65224808446663,False,none,1,inf,1,0.05,uniform_model_mixture,,,,,,,,,,
0,235,Non-robust DR,15.402825292035079,0.9840647304409212,15.65224808446663,False,none,1,inf,1,0.05,uniform_model_mixture,,,,,,,,,,
0,240,Non-robust DR,15.402825292035079,0.9840647304409212,15.65224808446663,False,none,1,inf,1,0.05,uniform_model_mixture,,,,,,,,,,
0,245,Non-robust DR,15.402825292035079,0.9840647304409212,15.65224808446663,False,none,1,inf,1,0.05,uniform_model_mixture,,,,,,,,,,
0,250,Non-robust DR,15.402825292035079,0.9840647304409212,15.65224808446663,False,none,1,inf,1,0.05,uniform_model_mixture,,,,,,,,,,
0,255,Non-robust DR,15.402825292035079,0.9840647304409212,15.65224808446663,False,none,1,inf,1,0.05,uniform_model_mixture,,,,,,,,,,
0,260,Non-robust DR,15.402825292035079,0.9840647304409212,15.65224808446663,False,none,1,inf,1,0.05,uniform_model_mixture,,,,,,,,,,
0,265,Non-robust DR,15.402825292035079,0.9840647304409212,15.65224808446663,False,none,1,inf,1,0.05,uniform_model_mixture,,,,,,,,,,
0,270,Non-robust DR,15.402825292035079,0.9840647304409212,15.65224808446663,False,none,1,inf,1,0.05,uniform_model_mixture,,,,,,,,,,
0,275,Non-robust DR,15.402825292035079,0.9840647304409212,15.65224808446663,False,none,1,inf,1,0.05,uniform_model_mixture,,,,,,,,,,
0,280,Non-robust DR,15.402825292035079,0.9840647304409212,15.65224808446663,False,none,1,inf,1,0.05,uniform_model_mixture,,,,,,,,,,
0,285,Non-robust DR,15.402825292035079,0.9840647304409212,15.65224808446663,False,none,1,inf,1,0.05,uniform_model_mixture,,,,,,,,,,
0,290,Non-robust DR,15.402825292035079,0.9840647304409212,15.65224808446663,False,none,1,inf,1,0.05,uniform_model_mixture,,,,,,,,,,
0,295,Non-robust DR,15.402825292035079,0.9840647304409212,15.65224808446663,False,none,1,inf,1,0.05,uniform_model_mixture,,,,,,,,,,
0,300,Non-robust DR,15.402825292035079,0.9840647304409212,15.65224808446663,False,none,1,inf,1,0.05,uniform_model_mixture,,,,,,,,,,
0,-1,metadata,,,,,none,1,inf,1,0.05,uniform_model_mixture,0.0,0.3,0.0,0.0,0.3,0.3,0.27626572338202443,0.14999999999999997,0.16666666666666666,0.408162732967454
0,-1,metadata,,,,,none,1,inf,1,0.05,uniform_model_mixture,1.0,0.6,0.0,0.0,0.6,0.6,0.5660653629870588,0.29999999999999993,0.16666666666666666,0.2040817066187709
0,-1,metadata,,,,,none,1,inf,1,0.05,uniform_model_mixture,2.0,0.9,0.0,0.0,0.9,0.9,0.836967378721664,0.4499999999999999,0.16666666666666666,0.13605454666491387
0,-1,metadata,,,,,none,1,inf,1,0.05,uniform_model_mixture,3.0,1.2,0.0,0.0,1.2,1.2,1.1272251790031178,0.5999999999999999,0.16666666666666666,0.10204093834335902
0,-1,metadata,,,,,none,1,inf,1,0.05,uniform_model_mixture,4.0,1.5,0.0,0.0,1.5000000000000002,1.5000000000000002,1.4258005454786757,0.7499999999999999,0.16666666666666666,0.08163276428013658
0,-1,metadata,,,,,none,1,inf,1,0.05,uniform_model_mixture,5.0,1.8,0.0,0.0,1.8,1.8,1.6696044212029462,0.8999999999999998,0.16666666666666666,0.06802731112536557
1,0,Non-robust DR,10.542362152879246,0.6585871226993749,16.00754370912824,False,none,1,inf,1,0.05,uniform_model_mixture,,,,,,,,,,
1,5,Non-robust DR,15.174269393135488,0.947944898284577,16.00754370912824,False,none,1,inf,1,0.05,uniform_model_mixture,,,,,,,,,,
1,10,Non-robust DR,15.848607815348716,0.9900711878931875,16.00754370912824,False,none,1,inf,1,0.05,uniform_model_mixture,,,,,,,,,,
1,15,Non-robust DR,15.848607815348716,0.9900711878931875,16.00754370912824,False,none,1,inf,1,0.05,uniform_model_mixture,,,,,,,,,,
1,20,Non-robust DR,15.848607815348716,0.9900711878931875,16.00754370912824,False,none,1,inf,1,0.05,uniform_model_mixture,,,,,,,,,,
1,25,Non-robust DR,15.848607815348716,0.9900711878931875,16.00754370912824,False,none,1,inf,1,0.05,uniform_model_mixture,,,,,,,,,,
1,30,Non-robust DR,15.848607815348716,0.9900711878931875,16.00754370912824,False,none,1,inf,1,0.05,uniform_model_mixture,,,,,,,,,,
1,35,Non-robust DR,15.848607815348716,0.9900711878931875,16.00754370912824,False,none,1,inf,1,0.05,uniform_model_mixture,,,,,,,,,,
1,40,Non-robust DR,15.848607815348716,0.9900711878931875,16.00754370912824,False,none,1,inf,1,0.05,uniform_model_mixture,,,,,,,,,,
1,45,Non-robust DR,15.848607815348716,0.9900711878931875,16.00754370912824,False,none,1,inf,1,0.05,uniform_model_mixture,,,,,,,,,,
1,50,Non-robust DR,15.848607815348716,0.9900711878931875,16.00754370912824,False,none,1,inf,1,0.05,uniform_model_mixture,,,,,,,,,,
1,55,Non-robust DR,15.848607815348716,0.9900711878931875,16.00754370912824,False,none,1,inf,1,0.05,uniform_model_mixture,,,,,,,,,,
1,60,Non-robust DR,15.848607815348716,0.9900711878931875,16.00754370912824,False,none,1,inf,1,0.05,uniform_model_mixture,,,,,,,,,,
1,65,Non-robust DR,15.848607815348716,0.9900711878931875,16.00754370912824,False,none,1,inf,1,0.05,uniform_model_mixture,,,,,,,,,,
1,70,Non-robust DR,15.848607815348716,0.9900711878931875,16.00754370912824,False,none,1,inf,1,0.05,uniform_model_mixture,,,,,,,,,,
1,75,Non-robust DR,15.848607815348716,0.9900711878931875,16.00754370912824,False,none,1,inf,1,0.05,uniform_model_mixture,,,,,,,,,,
1,80,Non-robust DR,15.848607815348716,0.9900711878931875,16.00754370912824,False,none,1,inf,1,0.05,uniform_model_mixture,,,,,,,,,,
1,85,Non-robust DR,15.848607815348716,0.9900711878931875,16.00754370912824,False,none,1,inf,1,0.05,uniform_model_mixture,,,,,,,,,,
1,90,Non-robust DR,15.848607815348716,0.9900711878931875,16.00754370912824,False,none,1,inf,1,0.05,uniform_model_mixture,,,,,,,,,,
1,95,Non-robust DR,15.848607815348716,0.9900711878931875,16.00754370912824,False,none,1,inf,1,0.05,uniform_model_mixture,,,,,,,,,,
1,100,Non-robust DR,15.848607815348716,0.9900711878931875,16.00754370912824,False,none,1,inf,1,0.05,uniform_model_mixture,,,,,,,,,,
1,105,Non-robust DR,15.848607815348716,0.9900711878931875,16.00754370912824,False,none,1,inf,1,0.05,uniform_model_mixture,,,,,,,,,,
1,110,Non-robust DR,15.848607815348716,0.9900711878931875,16.00754370912824,False,none,1,inf,1,0.05,uniform_model_mixture,,,,,,,,,,
1,115,Non-robust DR,15.84218401738026,0.98966988972495,16.00754370912824,False,none,1,inf,1,0.05,uniform_model_mixture,,,,,,,,,,
1,120,Non-robust DR,15.84218401738026,0.98966988972495,16.00754370912824,False,none,1,inf,1,0.05,uniform_model_mixture,,,,,,,,,,
1,125,Non-robust DR,15.84218401738026,0.98966988972495,16.00754370912824,False,none,1,inf,1,0.05,uniform_model_mixture,,,,,,,,,,
1,130,Non-robust DR,15.84218401738026,0.98966988972495,16.00754370912824,False,none,1,inf,1,0.05,uniform_model_mixture,,,,,,,,,,
1,135,Non-robust DR,15.84218401738026,0.98966988972495,16.00754370912824,False,none,1,inf,1,0.05,uniform_model_mixture,,,,,,,,,,
1,140,Non-robust DR,15.84218401738026,0.98966988972495,16.00754370912824,False,none,1,inf,1,0.05,uniform_model_mixture,,,,,,,,,,
1,145,Non-robust DR,15.84218401738026,0.98966988972495,16.00754370912824,False,none,1,inf,1,0.05,uniform_model_mixture,,,,,,,,,,
1,150,Non-robust DR,15.84218401738026,0.98966988972495,16.00754370912824,False,none,1,inf,1,0.05,uniform_model_mixture,,,,,,,,,,
1,155,Non-robust DR,15.84218401738026,0.98966988972495,16.00754370912824,False,none,1,inf,1,0.05,uniform_model_mixture,,,,,,,,,,
1,160,Non-robust DR,15.84218401738026,0.98966988972495,16.00754370912824,False,none,1,inf,1,0.05,uniform_model_mixture,,,,,,,,,,
1,165,Non-robust DR,15.84218401738026,0.98966988972495,16.00754370912824,False,none,1,inf,1,0.05,uniform_model_mixture,,,,,,,,,,
1,170,Non-robust DR,15.84218401738026,0.98966988972495,16.00754370912824,False,none,1,inf,1,0.05,uniform_model_mixture,,,,,,,,,,
1,175,Non-robust DR,15.84218401738026,0.98966988972495,16.00754370912824,False,none,1,inf,1,0.05,uniform_model_mixture,,,,,,,,,,
1,180,Non-robust DR,15.84218401738026,0.98966988972495,16.00754370912824,False,none,1,inf,1,0.05,uniform_model_mixture,,,,,,,,,,
1,185,Non-robust DR,15.84218401738026,0.98966988972495,16.00754370912824,False,none,1,inf,1,0.05,uniform_model_mixture,,,,,,,,,,
1,190,Non-robust DR,15.84218401738026,0.98966988972495,16.00754370912824,False,none,1,inf,1,0.05,uniform_model_mixture,,,,,,,,,,
1,195,Non-robust DR,15.84218401738026,0.98966988972495,16.00754370912824,False,none,1,inf,1,0.05,uniform_model_mixture,,,,,,,,,,
1,200,Non-robust DR,15.84218401738026,0.98966988972495,16.00754370912824,False,none,1,inf,1,0.05,uniform_model_mixture,,,,,,,,,,
1,205,Non-robust DR,15.84218401738026,0.98966988972495,16.00754370912824,False,none,1,inf,1,0.05,uniform_model_mixture,,,,,,,,,,
1,210,Non-robust DR,15.84218401738026,0.98966988972495,16.00754370912824,False,none,1,inf,1,0.05,uniform_model_mixture,,,,,,,,,,
1,215,Non-robust DR,15.84218401738026,0.98966988972495,16.00754370912824,False,none,1,inf,1,0.05,uniform_model_mixture,,,,,,,,,,
1,220,Non-robust DR,15.84218401738026,0.98966988972495,16.00754370912824,False,none,1,inf,1,0.05,uniform_model_mixture,,,,,,,,,,
1,225,Non-robust DR,15.84218401738026,0.98966988972495,16.00754370912824,False,none,1,inf,1,0.05,uniform_model_mixture,,,,,,,,,,
1,230,Non-robust DR,15.84218401738026,0.98966988972495,16.00754370912824,False,none,1,inf,1,0.05,uniform_model_mixture,,,,,,,,,,
1,235,Non-robust DR,15.84218401738026,0.98966988972495,16.00754370912824,False,none,1,inf,1,0.05,uniform_model_mixture,,,,,,,,,,
1,240,Non-robust DR,15.84218401738026,0.98966988972495,16.00754370912824,False,none,1,inf,1,0.05,uniform_model_mixture,,,,,,,,,,
1,245,Non-robust DR,15.84218401738026,0.98966988972495,16.00754370912824,False,none,1,inf,1,0.05,uniform_model_mixture,,,,,,,,,,
1,250,Non-robust DR,15.84218401738026,0.98966988972495,16.00754370912824,False,none,1,inf,1,0.05,uniform_model_mixture,,,,,,,,,,
1,255,Non-robust DR,15.84218401738026,0.98966988972495,16.00754370912824,False,none,1,inf,1,0.05,uniform_model_mixture,,,,,,,,,,
1,260,Non-robust DR,15.84218401738026,0.98966988972495,16.00754370912824,False,none,1,inf,1,0.05,uniform_model_mixture,,,,,,,,,,
1,265,Non-robust DR,15.84218401738026,0.98966988972495,16.00754370912824,False,none,1,inf,1,0.05,uniform_model_mixture,,,,,,,,,,
1,270,Non-robust DR,15.84218401738026,0.98966988972495,16.00754370912824,False,none,1,inf,1,0.05,uniform_model_mixture,,,,,,,,,,
1,275,Non-robust DR,15.84218401738026,0.98966988972495,16.00754370912824,False,none,1,inf,1,0.05,uniform_model_mixture,,,,,,,,,,
1,280,Non-robust DR,15.84218401738026,0.98966988972495,16.00754370912824,False,none,1,inf,1,0.05,uniform_model_mixture,,,,,,,,,,
1,285,Non-robust DR,15.84218401738026,0.98966988972495,16.00754370912824,False,none,1,inf,1,0.05,uniform_model_mixture,,,,,,,,,,
1,290,Non-robust DR,15.84218401738026,0.98966988972495,16.00754370912824,False,none,1,inf,1,0.05,uniform_model_mixture,,,,,,,,,,
1,295,Non-robust DR,15.84218401738026,0.98966988972495,16.00754370912824,False,none,1,inf,1,0.05,uniform_model_mixture,,,,,,,,,,
1,300,Non-robust DR,15.84218401738026,0.98966988972495,16.00754370912824,False,none,1,inf,1,0.05,uniform_model_mixture,,,,,,,,,,
1,-1,metadata,,,,,none,1,inf,1,0.05,uniform_model_mixture,0.0,0.3,0.0,0.0,0.3,0.3,0.2842984721681192,0.14999999999999997,0.16666666666666666,0.408162732967454
1,-1,metadata,,,,,none,1,inf,1,0.05,uniform_model_mixture,1.0,0.6,0.0,0.0,0.6000000000000001,0.6000000000000001,0.5776085131374507,0.29999999999999993,0.16666666666666666,0.20408170661877084
1,-1,metadata,,,,,none,1,inf,1,0.05,uniform_model_mixture,2.0,0.9,0.0,0.0,0.9000000000000001,0.9000000000000001,0.8318494479054813,0.4499999999999999,0.16666666666666666,0.13605454666491387
1,-1,metadata,,,,,none,1,inf,1,0.05,uniform_model_mixture,3.0,1.2,0.0,0.0,1.2000000000000002,1.2000000000000002,1.1247620484455325,0.5999999999999999,0.16666666666666666,0.102040938343359
1,-1,metadata,,,,,none,1,inf,1,0.05,uniform_model_mixture,4.0,1.5,0.0,0.0,1.5,1.5,1.3984381150517275,0.7499999999999999,0.16666666666666666,0.08163276428013659
1,-1,metadata,,,,,none,1,inf,1,0.05,uniform_model_mixture,5.0,1.8,0.0,0.0,1.8,1.8,1.703429564826228,0.8999999999999998,0.16666666666666666,0.06802731112536557
2,0,Non-robust DR,10.930179364810925,0.6396048458323307,17.08895646434208,False,none,1,inf,1,0.05,uniform_model_mixture,,,,,,,,,,
2,5,Non-robust DR,16.439835920625118,0.9620152029135647,17.08895646434208,False,none,1,inf,1,0.05,uniform_model_mixture,,,,,,,,,,
2,10,Non-robust DR,16.439835920625118,0.9620152029135647,17.08895646434208,False,none,1,inf,1,0.05,uniform_model_mixture,,,,,,,,,,
2,15,Non-robust DR,16.679430644690893,0.9760356449789251,17.08895646434208,False,none,1,inf,1,0.05,uniform_model_mixture,,,,,,,,,,
2,20,Non-robust DR,16.717909308569126,0.978287313415118,17.08895646434208,False,none,1,inf,1,0.05,uniform_model_mixture,,,,,,,,,,
2,25,Non-robust DR,16.717909308569126,0.978287313415118,17.08895646434208,False,none,1,inf,1,0.05,uniform_model_mixture,,,,,,,,,,
2,30,Non-robust DR,16.78722439703795,0.9823434468960275,17.08895646434208,False,none,1,inf,1,0.05,uniform_model_mixture,,,,,,,,,,
2,35,Non-robust DR,16.78722439703795,0.9823434468960275,17.08895646434208,False,none,1,inf,1,0.05,uniform_model_mixture,,,,,,,,,,
2,40,Non-robust DR,16.78722439703795,0.9823434468960275,17.08895646434208,False,none,1,inf,1,0.05,uniform_model_mixture,,,,,,,,,,
2,45,Non-robust DR,16.78722439703795,0.9823434468960275,17.08895646434208,False,none,1,inf,1,0.05,uniform_model_mixture,,,,,,,,,,
2,50,Non-robust DR,16.78722439703795,0.9823434468960275,17.08895646434208,False,none,1,inf,1,0.05,uniform_model_mixture,,,,,,,,,,
2,55,Non-robust DR,16.78722439703795,0.9823434468960275,17.08895646434208,False,none,1,inf,1,0.05,uniform_model_mixture,,,,,,,,,,
2,60,Non-robust DR,17.031616025707972,0.9966445909816815,17.08895646434208,False,none,1,inf,1,0.05,uniform_model_mixture,,,,,,,,,,
2,65,Non-robust DR,17.031616025707972,0.9966445909816815,17.08895646434208,False,none,1,inf,1,0.05,uniform_model_mixture,,,,,,,,,,
2,70,Non-robust DR,17.031616025707972,0.9966445909816815,17.08895646434208,False,none,1,inf,1,0.05,uniform_model_mixture,,,,,,,,,,
2,75,Non-robust DR,17.031616025707972,0.9966445909816815,17.08895646434208,False,none,1,inf,1,0.05,uniform_model_mixture,,,,,,,,,,
2,80,Non-robust DR,17.031616025707972,0.9966445909816815,17.08895646434208,False,none,1,inf,1,0.05,uniform_model_mixture,,,,,,,,,,
2,85,Non-robust DR,17.031616025707972,0.9966445909816815,17.08895646434208,False,none,1,inf,1,0.05,uniform_model_mixture,,,,,,,,,,
2,90,Non-robust DR,17.031616025707972,0.9966445909816815,17.08895646434208,False,none,1,inf,1,0.05,uniform_model_mixture,,,,,,,,,,
2,95,Non-robust DR,17.031616025707972,0.9966445909816815,17.08895646434208,False,none,1,inf,1,0.05,uniform_model_mixture,,,,,,,,,,
2,100,Non-robust DR,17.031616025707972,0.9966445909816815,17.08895646434208,False,none,1,inf,1,0.05,uniform_model_mixture,,,,,,,,,,
2,105,Non-robust DR,17.031616025707972,0.9966445909816815,17.08895646434208,False,none,1,inf,1,0.05,uniform_model_mixture,,,,,,,,,,
2,110,Non-robust DR,17.031616025707972,0.9966445909816815,17.08895646434208,False,none,1,inf,1,0.05,uniform_model_mixture,,,,,,,,,,
2,115,Non-robust DR,17.031616025707972,0.9966445909816815,17.08895646434208,False,none,1,inf,1,0.05,uniform_model_mixture,,,,,,,,,,
2,120,Non-robust DR,17.031616025707972,0.9966445909816815,17.08895646434208,False,none,1,inf,1,0.05,uniform_model_mixture,,,,,,,,,,
2,125,Non-robust DR,17.031616025707972,0.9966445909816815,17.08895646434208,False,none,1,inf,1,0.05,uniform_model_mixture,,,,,,,,,,
2,130,Non-robust DR,17.031616025707972,0.9966445909816815,17.08895646434208,False,none,1,inf,1,0.05,uniform_model_mixture,,,,,,,,,,
2,135,Non-robust DR,17.031616025707972,0.9966445909816815,17.08895646434208,False,none,1,inf,1,0.05,uniform_model_mixture,,,,,,,,,,
2,140,Non-robust DR,17.031616025707972,0.9966445909816815,17.08895646434208,False,none,1,inf,1,0.05,uniform_model_mixture,,,,,,,,,,
2,145,Non-robust DR,17.031616025707972,0.9966445909816815,17.08895646434208,False,none,1,inf,1,0.05,uniform_model_mixture,,,,,,,,,,
2,150,Non-robust DR,17.031616025707972,0.9966445909816815,17.08895646434208,False,none,1,inf,1,0.05,uniform_model_mixture,,,,,,,,,,
2,155,Non-robust DR,17.031616025707972,0.9966445909816815,17.08895646434208,False,none,1,inf,1,0.05,uniform_model_mixture,,,,,,,,,,
2,160,Non-robust DR,17.031616025707972,0.9966445909816815,17.08895646434208,False,none,1,inf,1,0.05,uniform_model_mixture,,,,,,,,,,
2,165,Non-robust DR,17.031616025707972,0.9966445909816815,17.08895646434208,False,none,1,inf,1,0.05,uniform_model_mixture,,,,,,,,,,
2,170,Non-robust DR,17.031616025707972,0.9966445909816815,17.08895646434208,False,none,1,inf,1,0.05,uniform_model_mixture,,,,,,,,,,
2,175,Non-robust DR,17.031616025707972,0.9966445909816815,17.08895646434208,False,none,1,inf,1,0.05,uniform_model_mixture,,,,,,,,,,
2,180,Non-robust DR,17.031616025707972,0.9966445909816815,17.08895646434208,False,none,1,inf,1,0.05,uniform_model_mixture,,,,,,,,,,
2,185,Non-robust DR,17.031616025707972,0.9966445909816815,17.08895646434208,False,none,1,inf,1,0.05,uniform_model_mixture,,,,,,,,,,
2,190,Non-robust DR,17.031616025707972,0.9966445909816815,17.08895646434208,False,none,1,inf,1,0.05,uniform_model_mixture,,,,,,,,,,
2,195,Non-robust DR,17.031616025707972,0.9966445909816815,17.08895646434208,False,none,1,inf,1,0.05,uniform_model_mixture,,,,,,,,,,
2,200,Non-robust DR,17.031616025707972,0.9966445909816815,17.08895646434208,False,none,1,inf,1,0.05,uniform_model_mixture,,,,,,,,,,
2,205,Non-robust DR,17.031616025707972,0.9966445909816815,17.08895646434208,False,none,1,inf,1,0.05,uniform_model_mixture,,,,,,,,,,
2,210,Non-robust DR,17.031616025707972,0.9966445909816815,17.08895646434208,False,none,1,inf,1,0.05,uniform_model_mixture,,,,,,,,,,
2,215,Non-robust DR,17.031616025707972,0.9966445909816815,17.08895646434208,False,none,1,inf,1,0.05,uniform_model_mixture,,,,,,,,,,
2,220,Non-robust DR,17.031616025707972,0.9966445909816815,17.08895646434208,False,none,1,inf,1,0.05,uniform_model_mixture,,,,,,,,,,
2,225,Non-robust DR,17.031616025707972,0.9966445909816815,17.08895646434208,False,none,1,inf,1,0.05,uniform_model_mixture,,,,,,,,,,
2,230,Non-robust DR,17.031616025707972,0.9966445909816815,17.08895646434208,False,none,1,inf,1,0.05,uniform_model_mixture,,,,,,,,,,
2,235,Non-robust DR,17.031616025707972,0.9966445909816815,17.08895646434208,False,none,1,inf,1,0.05,uniform_model_mixture,,,,,,,,,,
2,240,Non-robust DR,17.031616025707972,0.9966445909816815,17.08895646434208,False,none,1,inf,1,0.05,uniform_model_mixture,,,,,,,,,,
2,245,Non-robust DR,17.031616025707972,0.9966445909816815,17.08895646434208,False,none,1,inf,1,0.05,uniform_model_mixture,,,,,,,,,,
2,250,Non-robust DR,17.031616025707972,0.9966445909816815,17.08895646434208,False,none,1,inf,1,0.05,uniform_model_mixture,,,,,,,,,,
2,255,Non-robust DR,17.031616025707972,0.9966445909816815,17.08895646434208,False,none,1,inf,1,0.05,uniform_model_mixture,,,,,,,,,,
2,260,Non-robust DR,17.031616025707972,0.9966445909816815,17.08895646434208,False,none,1,inf,1,0.05,uniform_model_mixture,,,,,,,,,,
2,265,Non-robust DR,17.031616025707972,0.9966445909816815,17.08895646434208,False,none,1,inf,1,0.05,uniform_model_mixture,,,,,,,,,,
2,270,Non-robust DR,17.031616025707972,0.9966445909816815,17.08895646434208,False,none,1,inf,1,0.05,uniform_model_mixture,,,,,,,,,,
2,275,Non-robust DR,17.031616025707972,0.9966445909816815,17.08895646434208,False,none,1,inf,1,0.05,uniform_model_mixture,,,,,,,,,,
2,280,Non-robust DR,17.031616025707972,0.9966445909816815,17.08895646434208,False,none,1,inf,1,0.05,uniform_model_mixture,,,,,,,,,,
2,285,Non-robust DR,17.031616025707972,0.9966445909816815,17.08895646434208,False,none,1,inf,1,0.05,uniform_model_mixture,,,,,,,,,,
2,290,Non-robust DR,17.031616025707972,0.9966445909816815,17.08895646434208,False,none,1,inf,1,0.05,uniform_model_mixture,,,,,,,,,,
2,295,Non-robust DR,17.031616025707972,0.9966445909816815,17.08895646434208,False,none,1,inf,1,0.05,uniform_model_mixture,,,,,,,,,,
2,300,Non-robust DR,17.031616025707972,0.9966445909816815,17.08895646434208,False,none,1,inf,1,0.05,uniform_model_mixture,,,,,,,,,,
2,-1,metadata,,,,,none,1,inf,1,0.05,uniform_model_mixture,0.0,0.3,0.0,0.0,0.29999999999999993,0.29999999999999993,0.28188048336143123,0.14999999999999997,0.16666666666666666,0.40816273296745403
2,-1,metadata,,,,,none,1,inf,1,0.05,uniform_model_mixture,1.0,0.6,0.0,0.0,0.6,0.6,0.5691980816060175,0.29999999999999993,0.16666666666666666,0.20408170661877087
2,-1,metadata,,,,,none,1,inf,1,0.05,uniform_model_mixture,2.0,0.9,0.0,0.0,0.9,0.9,0.8417284769131903,0.4499999999999999,0.16666666666666666,0.13605454666491384
2,-1,metadata,,,,,none,1,inf,1,0.05,uniform_model_mixture,3.0,1.2,0.0,0.0,1.2,1.2,1.110802388242728,0.5999999999999999,0.16666666666666666,0.10204093834335899
2,-1,metadata,,,,,none,1,inf,1,0.05,uniform_model_mixture,4.0,1.5,0.0,0.0,1.5,1.5,1.4235592847380039,0.7499999999999999,0.16666666666666666,0.08163276428013658
2,-1,metadata,,,,,none,1,inf,1,0.05,uniform_model_mixture,5.0,1.8,0.0,0.0,1.7999999999999998,1.7999999999999998,1.706611909726064,0.8999999999999998,0.16666666666666666,0.06802731112536557
3,0,Non-robust DR,9.275301265199484,0.566121583426491,16.38393860389506,False,none,1,inf,1,0.05,uniform_model_mixture,,,,,,,,,,
3,5,Non-robust DR,16.378970804056088,0.9996967884243785,16.38393860389506,False,none,1,inf,1,0.05,uniform_model_mixture,,,,,,,,,,
3,10,Non-robust DR,16.378970804056088,0.9996967884243785,16.38393860389506,False,none,1,inf,1,0.05,uniform_model_mixture,,,,,,,,,,
3,15,Non-robust DR,16.37562663059292,0.9994926755096503,16.38393860389506,False,none,1,inf,1,0.05,uniform_model_mixture,,,,,,,,,,
3,20,Non-robust DR,16.37562663059292,0.9994926755096503,16.38393860389506,False,none,1,inf,1,0.05,uniform_model_mixture,,,,,,,,,,
3,25,Non-robust DR,16.37562663059292,0.9994926755096503,16.38393860389506,False,none,1,inf,1,0.05,uniform_model_mixture,,,,,,,,,,
3,30,Non-robust DR,16.37562663059292,0.9994926755096503,16.38393860389506,False,none,1,inf,1,0.05,uniform_model_mixture,,,,,,,,,,
3,35,Non-robust DR,16.37562663059292,0.9994926755096503,16.38393860389506,False,none,1,inf,1,0.05,uniform_model_mixture,,,,,,,,,,
3,40,Non-robust DR,16.37562663059292,0.9994926755096503,16.38393860389506,False,none,1,inf,1,0.05,uniform_model_mixture,,,,,,,,,,
3,45,Non-robust DR,16.37562663059292,0.9994926755096503,16.38393860389506,False,none,1,inf,1,0.05,uniform_model_mixture,,,,,,,,,,
3,50,Non-robust DR,16.37562663059292,0.9994926755096503,16.38393860389506,False,none,1,inf,1,0.05,uniform_model_mixture,,,,,,,,,,
3,55,Non-robust DR,16.37562663059292,0.9994926755096503,16.38393860389506,False,none,1,inf,1,0.05,uniform_model_mixture,,,,,,,,,,
3,60,Non-robust DR,16.37562663059292,0.9994926755096503,16.38393860389506,False,none,1,inf,1,0.05,uniform_model_mixture,,,,,,,,,,
3,65,Non-robust DR,16.37562663059292,0.9994926755096503,16.38393860389506,False,none,1,inf,1,0.05,uniform_model_mixture,,,,,,,,,,
3,70,Non-robust DR,16.37562663059292,0.9994926755096503,16.38393860389506,False,none,1,inf,1,0.05,uniform_model_mixture,,,,,,,,,,
3,75,Non-robust DR,16.37562663059292,0.9994926755096503,16.38393860389506,False,none,1,inf,1,0.05,uniform_model_mixture,,,,,,,,,,
3,80,Non-robust DR,16.37562663059292,0.9994926755096503,16.38393860389506,False,none,1,inf,1,0.05,uniform_model_mixture,,,,,,,,,,
3,85,Non-robust DR,16.37562663059292,0.9994926755096503,16.38393860389506,False,none,1,inf,1,0.05,uniform_model_mixture,,,,,,,,,,
3,90,Non-robust DR,16.37562663059292,0.9994926755096503,16.38393860389506,False,none,1,inf,1,0.05,uniform_model_mixture,,,,,,,,,,
3,95,Non-robust DR,16.37562663059292,0.9994926755096503,16.38393860389506,False,none,1,inf,1,0.05,uniform_model_mixture,,,,,,,,,,
3,100,Non-robust DR,16.37562663059292,0.9994926755096503,16.38393860389506,False,none,1,inf,1,0.05,uniform_model_mixture,,,,,,,,,,
3,105,Non-robust DR,16.37562663059292,0.9994926755096503,16.38393860389506,False,none,1,inf,1,0.05,uniform_model_mixture,,,,,,,,,,
3,110,Non-robust DR,16.37562663059292,0.9994926755096503,16.38393860389506,False,none,1,inf,1,0.05,uniform_model_mixture,,,,,,,,,,
3,115,Non-robust DR,16.37562663059292,0.9994926755096503,16.38393860389506,False,none,1,inf,1,0.05,uniform_model_mixture,,,,,,,,,,
3,120,Non-robust DR,16.37562663059292,0.9994926755096503,16.38393860389506,False,none,1,inf,1,0.05,uniform_model_mixture,,,,,,,,,,
3,125,Non-robust DR,16.37562663059292,0.9994926755096503,16.38393860389506,False,none,1,inf,1,0.05,uniform_model_mixture,,,,,,,,,,
3,130,Non-robust DR,16.37562663059292,0.9994926755096503,16.38393860389506,False,none,1,inf,1,0.05,uniform_model_mixture,,,,,,,,,,
3,135,Non-robust DR,16.37562663059292,0.9994926755096503,16.38393860389506,False,none,1,inf,1,0.05,uniform_model_mixture,,,,,,,,,,
3,140,Non-robust DR,16.37562663059292,0.9994926755096503,16.38393860389506,False,none,1,inf,1,0.05,uniform_model_mixture,,,,,,,,,,
3,145,Non-robust DR,16.37562663059292,0.9994926755096503,16.38393860389506,False,none,1,inf,1,0.05,uniform_model_mixture,,,,,,,,,,
3,150,Non-robust DR,16.37562663059292,0.9994926755096503,16.38393860389506,False,none,1,inf,1,0.05,uniform_model_mixture,,,,,,,,,,
3,155,Non-robust DR,16.37562663059292,0.9994926755096503,16.38393860389506,False,none,1,inf,1,0.05,uniform_model_mixture,,,,,,,,,,
3,160,Non-robust DR,16.37562663059292,0.9994926755096503,16.38393860389506,False,none,1,inf,1,0.05,uniform_model_mixture,,,,,,,,,,
3,165,Non-robust DR,16.37562663059292,0.9994926755096503,16.38393860389506,False,none,1,inf,1,0.05,uniform_model_mixture,,,,,,,,,,
3,170,Non-robust DR,16.37562663059292,0.9994926755096503,16.38393860389506,False,none,1,inf,1,0.05,uniform_model_mixture,,,,,,,,,,
3,175,Non-robust DR,16.37562663059292,0.9994926755096503,16.38393860389506,False,none,1,inf,1,0.05,uniform_model_mixture,,,,,,,,,,
3,180,Non-robust DR,16.37562663059292,0.9994926755096503,16.38393860389506,False,none,1,inf,1,0.05,uniform_model_mixture,,,,,,,,,,
3,185,Non-robust DR,16.37562663059292,0.9994926755096503,16.38393860389506,False,none,1,inf,1,0.05,uniform_model_mixture,,,,,,,,,,
3,190,Non-robust DR,16.37562663059292,0.9994926755096503,16.38393860389506,False,none,1,inf,1,0.05,uniform_model_mixture,,,,,,,,,,
3,195,Non-robust DR,16.37562663059292,0.9994926755096503,16.38393860389506,False,none,1,inf,1,0.05,uniform_model_mixture,,,,,,,,,,
3,200,Non-robust DR,16.37562663059292,0.9994926755096503,16.38393860389506,False,none,1,inf,1,0.05,uniform_model_mixture,,,,,,,,,,
3,205,Non-robust DR,16.37562663059292,0.9994926755096503,16.38393860389506,False,none,1,inf,1,0.05,uniform_model_mixture,,,,,,,,,,
3,210,Non-robust DR,16.37562663059292,0.9994926755096503,16.38393860389506,False,none,1,inf,1,0.05,uniform_model_mixture,,,,,,,,,,
3,215,Non-robust DR,16.37562663059292,0.9994926755096503,16.38393860389506,False,none,1,inf,1,0.05,uniform_model_mixture,,,,,,,,,,
3,220,Non-robust DR,16.37562663059292,0.9994926755096503,16.38393860389506,False,none,1,inf,1,0.05,uniform_model_mixture,,,,,,,,,,
3,225,Non-robust DR,16.37562663059292,0.9994926755096503,16.38393860389506,False,none,1,inf,1,0.05,uniform_model_mixture,,,,,,,,,,
3,230,Non-robust DR,16.37562663059292,0.9994926755096503,16.38393860389506,False,none,1,inf,1,0.05,uniform_model_mixture,,,,,,,,,,
3,235,Non-robust DR,16.37562663059292,0.9994926755096503,16.38393860389506,False,none,1,inf,1,0.05,uniform_model_mixture,,,,,,,,,,
3,240,Non-robust DR,16.37562663059292,0.9994926755096503,16.38393860389506,False,none,1,inf,1,0.05,uniform_model_mixture,,,,,,,,,,
3,245,Non-robust DR,16.37562663059292,0.9994926755096503,16.38393860389506,False,none,1,inf,1,0.05,uniform_model_mixture,,,,,,,,,,
3,250,Non-robust DR,16.37562663059292,0.9994926755096503,16.38393860389506,False,none,1,inf,1,0.05,uniform_model_mixture,,,,,,,,,,
3,255,Non-robust DR,16.37562663059292,0.9994926755096503,16.38393860389506,False,none,1,inf,1,0.05,uniform_model_mixture,,,,,,,,,,
3,260,Non-robust DR,16.37562663059292,0.9994926755096503,16.38393860389506,False,none,1,inf,1,0.05,uniform_model_mixture,,,,,,,,,,
3,265,Non-robust DR,16.37562663059292,0.9994926755096503,16.38393860389506,False,none,1,inf,1,0.05,uniform_model_mixture,,,,,,,,,,
3,270,Non-robust DR,16.37562663059292,0.9994926755096503,16.38393860389506,False,none,1,inf,1,0.05,uniform_model_mixture,,,,,,,,,,
3,275,Non-robust DR,16.37562663059292,0.9994926755096503,16.38393860389506,False,none,1,inf,1,0.05,uniform_model_mixture,,,,,,,,,,
3,280,Non-robust DR,16.37562663059292,0.9994926755096503,16.38393860389506,False,none,1,inf,1,0.05,uniform_model_mixture,,,,,,,,,,
3,285,Non-robust DR,16.37562663059292,0.9994926755096503,16.38393860389506,False,none,1,inf,1,0.05,uniform_model_mixture,,,,,,,,,,
3,290,Non-robust DR,16.37562663059292,0.9994926755096503,16.38393860389506,False,none,1,inf,1,0.05,uniform_model_mixture,,,,,,,,,,
3,295,Non-robust DR,16.37562663059292,0.9994926755096503,16.38393860389506,False,none,1,inf,1,0.05,uniform_model_mixture,,,,,,,,,,
3,300,Non-robust DR,16.37562663059292,0.9994926755096503,16.38393860389506,False,none,1,inf,1,0.05,uniform_model_mixture,,,,,,,,,,
3,-1,metadata,,,,,none,1,inf,1,0.05,uniform_model_mixture,0.0,0.3,0.0,0.0,0.3,0.3,0.2757273599052119,0.14999999999999997,0.16666666666666666,0.408162732967454
3,-1,metadata,,,,,none,1,inf,1,0.05,uniform_model_mixture,1.0,0.6,0.0,0.0,0.6,0.6,0.5623711690870264,0.29999999999999993,0.16666666666666666,0.2040817066187709
3,-1,metadata,,,,,none,1,inf,1,0.05,uniform_model_mixture,2.0,0.9,0.0,0.0,0.9000000000000001,0.9000000000000001,0.8393392360497776,0.4499999999999999,0.16666666666666666,0.13605454666491387
3,-1,metadata,,,,,none,1,inf,1,0.05,uniform_model_mixture,3.0,1.2,0.0,0.0,1.2,1.2,1.1365148558128773,0.5999999999999999,0.16666666666666666,0.10204093834335902
3,-1,metadata,,,,,none,1,inf,1,0.05,uniform_model_mixture,4.0,1.5,0.0,0.0,1.5,1.5,1.407486841553939,0.7499999999999999,0.16666666666666666,0.08163276428013659
3,-1,metadata,,,,,none,1,inf,1,0.05,uniform_model_mixture,5.0,1.8,0.0,0.0,1.8,1.8,1.7096163084579237,0.8999999999999998,0.16666666666666666,0.06802731112536557
4,0,Non-robust DR,6.70226929475892,0.3992674382955051,16.78641595060013,False,none,1,inf,1,0.05,uniform_model_mixture,,,,,,,,,,
4,5,Non-robust DR,16.17796403666482,0.9637533160308972,16.78641595060013,False,none,1,inf,1,0.05,uniform_model_mixture,,,,,,,,,,
4,10,Non-robust DR,16.211209311919998,0.9657338028336199,16.78641595060013,False,none,1,inf,1,0.05,uniform_model_mixture,,,,,,,,,,
4,15,Non-robust DR,16.211209311919998,0.9657338028336199,16.78641595060013,False,none,1,inf,1,0.05,uniform_model_mixture,,,,,,,,,,
4,20,Non-robust DR,16.211209311919998,0.9657338028336199,16.78641595060013,False,none,1,inf,1,0.05,uniform_model_mixture,,,,,,,,,,
4,25,Non-robust DR,16.211209311919998,0.9657338028336199,16.78641595060013,False,none,1,inf,1,0.05,uniform_model_mixture,,,,,,,,,,
4,30,Non-robust DR,16.22817606247238,0.9667445457225314,16.78641595060013,False,none,1,inf,1,0.05,uniform_model_mixture,,,,,,,,,,
4,35,Non-robust DR,16.315285025274708,0.9719337989293314,16.78641595060013,False,none,1,inf,1,0.05,uniform_model_mixture,,,,,,,,,,
4,40,Non-robust DR,16.315285025274708,0.9719337989293314,16.78641595060013,False,none,1,inf,1,0.05,uniform_model_mixture,,,,,,,,,,
4,45,Non-robust DR,16.315285025274708,0.9719337989293314,16.78641595060013,False,none,1,inf,1,0.05,uniform_model_mixture,,,,,,,,,,
4,50,Non-robust DR,16.315285025274708,0.9719337989293314,16.78641595060013,False,none,1,inf,1,0.05,uniform_model_mixture,,,,,,,,,,
4,55,Non-robust DR,16.315285025274708,0.9719337989293314,16.78641595060013,False,none,1,inf,1,0.05,uniform_model_mixture,,,,,,,,,,
4,60,Non-robust DR,16.315285025274708,0.9719337989293314,16.78641595060013,False,none,1,inf,1,0.05,uniform_model_mixture,,,,,,,,,,
4,65,Non-robust DR,16.315285025274708,0.9719337989293314,16.78641595060013,False,none,1,inf,1,0.05,uniform_model_mixture,,,,,,,,,,
4,70,Non-robust DR,16.315285025274708,0.9719337989293314,16.78641595060013,False,none,1,inf,1,0.05,uniform_model_mixture,,,,,,,,,,
4,75,Non-robust DR,16.315285025274708,0.9719337989293314,16.78641595060013,False,none,1,inf,1,0.05,uniform_model_mixture,,,,,,,,,,
4,80,Non-robust DR,16.315285025274708,0.9719337989293314,16.78641595060013,False,none,1,inf,1,0.05,uniform_model_mixture,,,,,,,,,,
4,85,Non-robust DR,16.315285025274708,0.9719337989293314,16.78641595060013,False,none,1,inf,1,0.05,uniform_model_mixture,,,,,,,,,,
4,90,Non-robust DR,16.315285025274708,0.9719337989293314,16.78641595060013,False,none,1,inf,1,0.05,uniform_model_mixture,,,,,,,,,,
4,95,Non-robust DR,16.315285025274708,0.9719337989293314,16.78641595060013,False,none,1,inf,1,0.05,uniform_model_mixture,,,,,,,,,,
4,100,Non-robust DR,16.315285025274708,0.9719337989293314,16.78641595060013,False,none,1,inf,1,0.05,uniform_model_mixture,,,,,,,,,,
4,105,Non-robust DR,16.315285025274708,0.9719337989293314,16.78641595060013,False,none,1,inf,1,0.05,uniform_model_mixture,,,,,,,,,,
4,110,Non-robust DR,16.315285025274708,0.9719337989293314,16.78641595060013,False,none,1,inf,1,0.05,uniform_model_mixture,,,,,,,,,,
4,115,Non-robust DR,16.315285025274708,0.9719337989293314,16.78641595060013,False,none,1,inf,1,0.05,uniform_model_mixture,,,,,,,,,,
4,120,Non-robust DR,16.315285025274708,0.9719337989293314,16.78641595060013,False,none,1,inf,1,0.05,uniform_model_mixture,,,,,,,,,,
4,125,Non-robust DR,16.315285025274708,0.9719337989293314,16.78641595060013,False,none,1,inf,1,0.05,uniform_model_mixture,,,,,,,,,,
4,130,Non-robust DR,16.315285025274708,0.9719337989293314,16.78641595060013,False,none,1,inf,1,0.05,uniform_model_mixture,,,,,,,,,,
4,135,Non-robust DR,16.315285025274708,0.9719337989293314,16.78641595060013,False,none,1,inf,1,0.05,uniform_model_mixture,,,,,,,,,,
4,140,Non-robust DR,16.315285025274708,0.9719337989293314,16.78641595060013,False,none,1,inf,1,0.05,uniform_model_mixture,,,,,,,,,,
4,145,Non-robust DR,16.315285025274708,0.9719337989293314,16.78641595060013,False,none,1,inf,1,0.05,uniform_model_mixture,,,,,,,,,,
4,150,Non-robust DR,16.315285025274708,0.9719337989293314,16.78641595060013,False,none,1,inf,1,0.05,uniform_model_mixture,,,,,,,,,,
4,155,Non-robust DR,16.315285025274708,0.9719337989293314,16.78641595060013,False,none,1,inf,1,0.05,uniform_model_mixture,,,,,,,,,,
4,160,Non-robust DR,16.315285025274708,0.9719337989293314,16.78641595060013,False,none,1,inf,1,0.05,uniform_model_mixture,,,,,,,,,,
4,165,Non-robust DR,16.315285025274708,0.9719337989293314,16.78641595060013,False,none,1,inf,1,0.05,uniform_model_mixture,,,,,,,,,,
4,170,Non-robust DR,16.315285025274708,0.9719337989293314,16.78641595060013,False,none,1,inf,1,0.05,uniform_model_mixture,,,,,,,,,,
4,175,Non-robust DR,16.315285025274708,0.9719337989293314,16.78641595060013,False,none,1,inf,1,0.05,uniform_model_mixture,,,,,,,,,,
4,180,Non-robust DR,16.315285025274708,0.9719337989293314,16.78641595060013,False,none,1,inf,1,0.05,uniform_model_mixture,,,,,,,,,,
4,185,Non-robust DR,16.315285025274708,0.9719337989293314,16.78641595060013,False,none,1,inf,1,0.05,uniform_model_mixture,,,,,,,,,,
4,190,Non-robust DR,16.315285025274708,0.9719337989293314,16.78641595060013,False,none,1,inf,1,0.05,uniform_model_mixture,,,,,,,,,,
4,195,Non-robust DR,16.315285025274708,0.9719337989293314,16.78641595060013,False,none,1,inf,1,0.05,uniform_model_mixture,,,,,,,,,,
4,200,Non-robust DR,16.315285025274708,0.9719337989293314,16.78641595060013,False,none,1,inf,1,0.05,uniform_model_mixture,,,,,,,,,,
4,205,Non-robust DR,16.315285025274708,0.9719337989293314,16.78641595060013,False,none,1,inf,1,0.05,uniform_model_mixture,,,,,,,,,,
4,210,Non-robust DR,16.315285025274708,0.9719337989293314,16.78641595060013,False,none,1,inf,1,0.05,uniform_model_mixture,,,,,,,,,,
4,215,Non-robust DR,16.315285025274708,0.9719337989293314,16.78641595060013,False,none,1,inf,1,0.05,uniform_model_mixture,,,,,,,,,,
4,220,Non-robust DR,16.315285025274708,0.9719337989293314,16.78641595060013,False,none,1,inf,1,0.05,uniform_model_mixture,,,,,,,,,,
4,225,Non-robust DR,16.315285025274708,0.9719337989293314,16.78641595060013,False,none,1,inf,1,0.05,uniform_model_mixture,,,,,,,,,,
4,230,Non-robust DR,16.315285025274708,0.9719337989293314,16.78641595060013,False,none,1,inf,1,0.05,uniform_model_mixture,,,,,,,,,,
4,235,Non-robust DR,16.315285025274708,0.9719337989293314,16.78641595060013,False,none,1,inf,1,0.05,uniform_model_mixture,,,,,,,,,,
4,240,Non-robust DR,16.315285025274708,0.9719337989293314,16.78641595060013,False,none,1,inf,1,0.05,uniform_model_mixture,,,,,,,,,,
4,245,Non-robust DR,16.315285025274708,0.9719337989293314,16.78641595060013,False,none,1,inf,1,0.05,uniform_model_mixture,,,,,,,,,,
4,250,Non-robust DR,16.315285025274708,0.9719337989293314,16.78641595060013,False,none,1,inf,1,0.05,uniform_model_mixture,,,,,,,,,,
4,255,Non-robust DR,16.315285025274708,0.9719337989293314,16.78641595060013,False,none,1,inf,1,0.05,uniform_model_mixture,,,,,,,,,,
4,260,Non-robust DR,16.315285025274708,0.9719337989293314,16.78641595060013,False,none,1,inf,1,0.05,uniform_model_mixture,,,,,,,,,,
4,265,Non-robust DR,16.315285025274708,0.9719337989293314,16.78641595060013,False,none,1,inf,1,0.05,uniform_model_mixture,,,,,,,,,,
4,270,Non-robust DR,16.315285025274708,0.9719337989293314,16.78641595060013,False,none,1,inf,1,0.05,uniform_model_mixture,,,,,,,,,,
4,275,Non-robust DR,16.315285025274708,0.9719337989293314,16.78641595060013,False,none,1,inf,1,0.05,uniform_model_mixture,,,,,,,,,,
4,280,Non-robust DR,16.315285025274708,0.9719337989293314,16.78641595060013,False,none,1,inf,1,0.05,uniform_model_mixture,,,,,,,,,,
4,285,Non-robust DR,16.315285025274708,0.9719337989293314,16.78641595060013,False,none,1,inf,1,0.05,uniform_model_mixture,,,,,,,,,,
4,290,Non-robust DR,16.315285025274708,0.9719337989293314,16.78641595060013,False,none,1,inf,1,0.05,uniform_model_mixture,,,,,,,,,,
4,295,Non-robust DR,16.315285025274708,0.9719337989293314,16.78641595060013,False,none,1,inf,1,0.05,uniform_model_mixture,,,,,,,,,,
4,300,Non-robust DR,16.315285025274708,0.9719337989293314,16.78641595060013,False,none,1,inf,1,0.05,uniform_model_mixture,,,,,,,,,,
4,-1,metadata,,,,,none,1,inf,1,0.05,uniform_model_mixture,0.0,0.3,0.0,0.0,0.29999999999999993,0.29999999999999993,0.28157051509336634,0.14999999999999997,0.16666666666666666,0.40816273296745403
4,-1,metadata,,,,,none,1,inf,1,0.05,uniform_model_mixture,1.0,0.6,0.0,0.0,0.6,0.6,0.5618353477869233,0.29999999999999993,0.16666666666666666,0.20408170661877087
4,-1,metadata,,,,,none,1,inf,1,0.05,uniform_model_mixture,2.0,0.9,0.0,0.0,0.9000000000000001,0.9000000000000001,0.854314168297815,0.4499999999999999,0.16666666666666666,0.13605454666491384
4,-1,metadata,,,,,none,1,inf,1,0.05,uniform_model_mixture,3.0,1.2,0.0,0.0,1.2,1.2,1.1362986828863597,0.5999999999999999,0.16666666666666666,0.10204093834335899
4,-1,metadata,,,,,none,1,inf,1,0.05,uniform_model_mixture,4.0,1.5,0.0,0.0,1.5,1.5,1.4127669389278492,0.7499999999999999,0.16666666666666666,0.08163276428013658
4,-1,metadata,,,,,none,1,inf,1,0.05,uniform_model_mixture,5.0,1.8,0.0,0.0,1.8,1.8,1.6789269636306452,0.8999999999999998,0.16666666666666666,0.06802731112536556
5,0,Non-robust DR,10.662376779623814,0.6274400534668018,16.993458929997953,False,none,1,inf,1,0.05,uniform_model_mixture,,,,,,,,,,
5,5,Non-robust DR,15.871200347679613,0.9339593789032993,16.993458929997953,False,none,1,inf,1,0.05,uniform_model_mixture,,,,,,,,,,
5,10,Non-robust DR,16.46111707604648,0.9686737199210369,16.993458929997953,False,none,1,inf,1,0.05,uniform_model_mixture,,,,,,,,,,
5,15,Non-robust DR,16.656364822650122,0.9801633023190606,16.993458929997953,False,none,1,inf,1,0.05,uniform_model_mixture,,,,,,,,,,
5,20,Non-robust DR,16.656364822650122,0.9801633023190606,16.993458929997953,False,none,1,inf,1,0.05,uniform_model_mixture,,,,,,,,,,
5,25,Non-robust DR,16.656364822650122,0.9801633023190606,16.993458929997953,False,none,1,inf,1,0.05,uniform_model_mixture,,,,,,,,,,
5,30,Non-robust DR,16.656364822650122,0.9801633023190606,16.993458929997953,False,none,1,inf,1,0.05,uniform_model_mixture,,,,,,,,,,
5,35,Non-robust DR,16.656364822650122,0.9801633023190606,16.993458929997953,False,none,1,inf,1,0.05,uniform_model_mixture,,,,,,,,,,
5,40,Non-robust DR,16.656364822650122,0.9801633023190606,16.993458929997953,False,none,1,inf,1,0.05,uniform_model_mixture,,,,,,,,,,
5,45,Non-robust DR,16.656364822650122,0.9801633023190606,16.993458929997953,False,none,1,inf,1,0.05,uniform_model_mixture,,,,,,,,,,
5,50,Non-robust DR,16.656364822650122,0.9801633023190606,16.993458929997953,False,none,1,inf,1,0.05,uniform_model_mixture,,,,,,,,,,
5,55,Non-robust DR,16.656364822650122,0.9801633023190606,16.993458929997953,False,none,1,inf,1,0.05,uniform_model_mixture,,,,,,,,,,
5,60,Non-robust DR,16.656364822650122,0.9801633023190606,16.993458929997953,False,none,1,inf,1,0.05,uniform_model_mixture,,,,,,,,,,
5,65,Non-robust DR,16.656364822650122,0.9801633023190606,16.993458929997953,False,none,1,inf,1,0.05,uniform_model_mixture,,,,,,,,,,
5,70,Non-robust DR,16.656364822650122,0.9801633023190606,16.993458929997953,False,none,1,inf,1,0.05,uniform_model_mixture,,,,,,,,,,
5,75,Non-robust DR,16.851353488732343,0.9916376388202666,16.993458929997953,False,none,1,inf,1,0.05,uniform_model_mixture,,,,,,,,,,
5,80,Non-robust DR,16.851353488732343,0.9916376388202666,16.993458929997953,False,none,1,inf,1,0.05,uniform_model_mixture,,,,,,,,,,
5,85,Non-robust DR,16.851353488732343,0.9916376388202666,16.993458929997953,False,none,1,inf,1,0.05,uniform_model_mixture,,,,,,,,,,
5,90,Non-robust DR,16.851353488732343,0.9916376388202666,16.993458929997953,False,none,1,inf,1,0.05,uniform_model_mixture,,,,,,,,,,
5,95,Non-robust DR,16.851353488732343,0.9916376388202666,16.993458929997953,False,none,1,inf,1,0.05,uniform_model_mixture,,,,,,,,,,
5,100,Non-robust DR,16.851353488732343,0.9916376388202666,16.993458929997953,False,none,1,inf,1,0.05,uniform_model_mixture,,,,,,,,,,
5,105,Non-robust DR,16.851353488732343,0.9916376388202666,16.993458929997953,False,none,1,inf,1,0.05,uniform_model_mixture,,,,,,,,,,
5,110,Non-robust DR,16.851353488732343,0.9916376388202666,16.993458929997953,False,none,1,inf,1,0.05,uniform_model_mixture,,,,,,,,,,
5,115,Non-robust DR,16.851353488732343,0.9916376388202666,16.993458929997953,False,none,1,inf,1,0.05,uniform_model_mixture,,,,,,,,,,
5,120,Non-robust DR,16.851353488732343,0.9916376388202666,16.993458929997953,False,none,1,inf,1,0.05,uniform_model_mixture,,,,,,,,,,
5,125,Non-robust DR,16.851353488732343,0.9916376388202666,16.993458929997953,False,none,1,inf,1,0.05,uniform_model_mixture,,,,,,,,,,
5,130,Non-robust DR,16.851353488732343,0.9916376388202666,16.993458929997953,False,none,1,inf,1,0.05,uniform_model_mixture,,,,,,,,,,
5,135,Non-robust DR,16.851353488732343,0.9916376388202666,16.993458929997953,False,none,1,inf,1,0.05,uniform_model_mixture,,,,,,,,,,
5,140,Non-robust DR,16.851353488732343,0.9916376388202666,16.993458929997953,False,none,1,inf,1,0.05,uniform_model_mixture,,,,,,,,,,
5,145,Non-robust DR,16.851353488732343,0.9916376388202666,16.993458929997953,False,none,1,inf,1,0.05,uniform_model_mixture,,,,,,,,,,
5,150,Non-robust DR,16.851353488732343,0.9916376388202666,16.993458929997953,False,none,1,inf,1,0.05,uniform_model_mixture,,,,,,,,,,
5,155,Non-robust DR,16.851353488732343,0.9916376388202666,16.993458929997953,False,none,1,inf,1,0.05,uniform_model_mixture,,,,,,,,,,
5,160,Non-robust DR,16.851353488732343,0.9916376388202666,16.993458929997953,False,none,1,inf,1,0.05,uniform_model_mixture,,,,,,,,,,
5,165,Non-robust DR,16.851353488732343,0.9916376388202666,16.993458929997953,False,none,1,inf,1,0.05,uniform_model_mixture,,,,,,,,,,
5,170,Non-robust DR,16.851353488732343,0.9916376388202666,16.993458929997953,False,none,1,inf,1,0.05,uniform_model_mixture,,,,,,,,,,
5,175,Non-robust DR,16.851353488732343,0.9916376388202666,16.993458929997953,False,none,1,inf,1,0.05,uniform_model_mixture,,,,,,,,,,
5,180,Non-robust DR,16.851353488732343,0.9916376388202666,16.993458929997953,False,none,1,inf,1,0.05,uniform_model_mixture,,,,,,,,,,
5,185,Non-robust DR,16.851353488732343,0.9916376388202666,16.993458929997953,False,none,1,inf,1,0.05,uniform_model_mixture,,,,,,,,,,
5,190,Non-robust DR,16.851353488732343,0.9916376388202666,16.993458929997953,False,none,1,inf,1,0.05,uniform_model_mixture,,,,,,,,,,
5,195,Non-robust DR,16.851353488732343,0.9916376388202666,16.993458929997953,False,none,1,inf,1,0.05,uniform_model_mixture,,,,,,,,,,
5,200,Non-robust DR,16.851353488732343,0.9916376388202666,16.993458929997953,False,none,1,inf,1,0.05,uniform_model_mixture,,,,,,,,,,
5,205,Non-robust DR,16.851353488732343,0.9916376388202666,16.993458929997953,False,none,1,inf,1,0.05,uniform_model_mixture,,,,,,,,,,
5,210,Non-robust DR,16.851353488732343,0.9916376388202666,16.993458929997953,False,none,1,inf,1,0.05,uniform_model_mixture,,,,,,,,,,
5,215,Non-robust DR,16.851353488732343,0.9916376388202666,16.993458929997953,False,none,1,inf,1,0.05,uniform_model_mixture,,,,,,,,,,
5,220,Non-robust DR,16.851353488732343,0.9916376388202666,16.993458929997953,False,none,1,inf,1,0.05,uniform_model_mixture,,,,,,,,,,
5,225,Non-robust DR,16.851353488732343,0.9916376388202666,16.993458929997953,False,none,1,inf,1,0.05,uniform_model_mixture,,,,,,,,,,
5,230,Non-robust DR,16.851353488732343,0.9916376388202666,16.993458929997953,False,none,1,inf,1,0.05,uniform_model_mixture,,,,,,,,,,
5,235,Non-robust DR,16.851353488732343,0.9916376388202666,16.993458929997953,False,none,1,inf,1,0.05,uniform_model_mixture,,,,,,,,,,
5,240,Non-robust DR,16.851353488732343,0.9916376388202666,16.993458929997953,False,none,1,inf,1,0.05,uniform_model_mixture,,,,,,,,,,
5,245,Non-robust DR,16.851353488732343,0.9916376388202666,16.993458929997953,False,none,1,inf,1,0.05,uniform_model_mixture,,,,,,,,,,
5,250,Non-robust DR,16.851353488732343,0.9916376388202666,16.993458929997953,False,none,1,inf,1,0.05,uniform_model_mixture,,,,,,,,,,
5,255,Non-robust DR,16.851353488732343,0.9916376388202666,16.993458929997953,False,none,1,inf,1,0.05,uniform_model_mixture,,,,,,,,,,
5,260,Non-robust DR,16.851353488732343,0.9916376388202666,16.993458929997953,False,none,1,inf,1,0.05,uniform_model_mixture,,,,,,,,,,
5,265,Non-robust DR,16.851353488732343,0.9916376388202666,16.993458929997953,False,none,1,inf,1,0.05,uniform_model_mixture,,,,,,,,,,
5,270,Non-robust DR,16.851353488732343,0.9916376388202666,16.993458929997953,False,none,1,inf,1,0.05,uniform_model_mixture,,,,,,,,,,
5,275,Non-robust DR,16.851353488732343,0.9916376388202666,16.993458929997953,False,none,1,inf,1,0.05,uniform_model_mixture,,,,,,,,,,
5,280,Non-robust DR,16.851353488732343,0.9916376388202666,16.993458929997953,False,none,1,inf,1,0.05,uniform_model_mixture,,,,,,,,,,
5,285,Non-robust DR,16.851353488732343,0.9916376388202666,16.993458929997953,False,none,1,inf,1,0.05,uniform_model_mixture,,,,,,,,,,
5,290,Non-robust DR,16.851353488732343,0.9916376388202666,16.993458929997953,False,none,1,inf,1,0.05,uniform_model_mixture,,,,,,,,,,
5,295,Non-robust DR,16.851353488732343,0.9916376388202666,16.993458929997953,False,none,1,inf,1,0.05,uniform_model_mixture,,,,,,,,,,
5,300,Non-robust DR,16.851353488732343,0.9916376388202666,16.993458929997953,False,none,1,inf,1,0.05,uniform_model_mixture,,,,,,,,,,
5,-1,metadata,,,,,none,1,inf,1,0.05,uniform_model_mixture,0.0,0.3,0.0,0.0,0.3,0.3,0.281467891978057,0.14999999999999997,0.16666666666666666,0.408162732967454
5,-1,metadata,,,,,none,1,inf,1,0.05,uniform_model_mixture,1.0,0.6,0.0,0.0,0.6000000000000001,0.6000000000000001,0.5663128071640069,0.29999999999999993,0.16666666666666666,0.20408170661877084
5,-1,metadata,,,,,none,1,inf,1,0.05,uniform_model_mixture,2.0,0.9,0.0,0.0,0.9,0.9,0.8581663494505761,0.4499999999999999,0.16666666666666666,0.13605454666491387
5,-1,metadata,,,,,none,1,inf,1,0.05,uniform_model_mixture,3.0,1.2,0.0,0.0,1.2,1.2,1.1075926037205572,0.5999999999999999,0.16666666666666666,0.10204093834335902
5,-1,metadata,,,,,none,1,inf,1,0.05,uniform_model_mixture,4.0,1.5,0.0,0.0,1.5000000000000002,1.5000000000000002,1.4289701876357617,0.7499999999999999,0.16666666666666666,0.08163276428013658
5,-1,metadata,,,,,none,1,inf,1,0.05,uniform_model_mixture,5.0,1.8,0.0,0.0,1.8,1.8,1.6832905442217556,0.8999999999999998,0.16666666666666666,0.06802731112536557
6,0,Non-robust DR,11.092680922267876,0.7043519916318423,15.74877483709297,False,none,1,inf,1,0.05,uniform_model_mixture,,,,,,,,,,
6,5,Non-robust DR,14.915960546356134,0.9471187886453671,15.74877483709297,False,none,1,inf,1,0.05,uniform_model_mixture,,,,,,,,,,
6,10,Non-robust DR,14.915960546356134,0.9471187886453671,15.74877483709297,False,none,1,inf,1,0.05,uniform_model_mixture,,,,,,,,,,
6,15,Non-robust DR,14.915960546356134,0.9471187886453671,15.74877483709297,False,none,1,inf,1,0.05,uniform_model_mixture,,,,,,,,,,
6,20,Non-robust DR,15.064699051244839,0.9565632379074381,15.74877483709297,False,none,1,inf,1,0.05,uniform_model_mixture,,,,,,,,,,
6,25,Non-robust DR,15.064699051244839,0.9565632379074381,15.74877483709297,False,none,1,inf,1,0.05,uniform_model_mixture,,,,,,,,,,
6,30,Non-robust DR,15.064699051244839,0.9565632379074381,15.74877483709297,False,none,1,inf,1,0.05,uniform_model_mixture,,,,,,,,,,
6,35,Non-robust DR,15.080829066230745,0.9575874455142366,15.74877483709297,False,none,1,inf,1,0.05,uniform_model_mixture,,,,,,,,,,
6,40,Non-robust DR,15.080829066230745,0.9575874455142366,15.74877483709297,False,none,1,inf,1,0.05,uniform_model_mixture,,,,,,,,,,
6,45,Non-robust DR,15.080829066230745,0.9575874455142366,15.74877483709297,False,none,1,inf,1,0.05,uniform_model_mixture,,,,,,,,,,
6,50,Non-robust DR,15.080829066230745,0.9575874455142366,15.74877483709297,False,none,1,inf,1,0.05,uniform_model_mixture,,,,,,,,,,
6,55,Non-robust DR,15.114602032496824,0.9597319276479537,15.74877483709297,False,none,1,inf,1,0.05,uniform_model_mixture,,,,,,,,,,
6,60,Non-robust DR,15.114602032496824,0.9597319276479537,15.74877483709297,False,none,1,inf,1,0.05,uniform_model_mixture,,,,,,,,,,
6,65,Non-robust DR,15.114602032496824,0.9597319276479537,15.74877483709297,False,none,1,inf,1,0.05,uniform_model_mixture,,,,,,,,,,
6,70,Non-robust DR,15.114602032496824,0.9597319276479537,15.74877483709297,False,none,1,inf,1,0.05,uniform_model_mixture,,,,,,,,,,
6,75,Non-robust DR,15.114602032496824,0.9597319276479537,15.74877483709297,False,none,1,inf,1,0.05,uniform_model_mixture,,,,,,,,,,
6,80,Non-robust DR,15.114602032496824,0.9597319276479537,15.74877483709297,False,none,1,inf,1,0.05,uniform_model_mixture,,,,,,,,,,
6,85,Non-robust DR,15.114602032496824,0.9597319276479537,15.74877483709297,False,none,1,inf,1,0.05,uniform_model_mixture,,,,,,,,,,
6,90,Non-robust DR,15.114602032496824,0.9597319276479537,15.74877483709297,False,none,1,inf,1,0.05,uniform_model_mixture,,,,,,,,,,
6,95,Non-robust DR,15.114602032496824,0.9597319276479537,15.74877483709297,False,none,1,inf,1,0.05,uniform_model_mixture,,,,,,,,,,
6,100,Non-robust DR,15.114602032496824,0.9597319276479537,15.74877483709297,False,none,1,inf,1,0.05,uniform_model_mixture,,,,,,,,,,
6,105,Non-robust DR,15.114602032496824,0.9597319276479537,15.74877483709297,False,none,1,inf,1,0.05,uniform_model_mixture,,,,,,,,,,
6,110,Non-robust DR,15.114602032496824,0.9597319276479537,15.74877483709297,False,none,1,inf,1,0.05,uniform_model_mixture,,,,,,,,,,
6,115,Non-robust DR,15.114602032496824,0.9597319276479537,15.74877483709297,False,none,1,inf,1,0.05,uniform_model_mixture,,,,,,,,,,
6,120,Non-robust DR,15.114602032496824,0.9597319276479537,15.74877483709297,False,none,1,inf,1,0.05,uniform_model_mixture,,,,,,,,,,
6,125,Non-robust DR,15.114602032496824,0.9597319276479537,15.74877483709297,False,none,1,inf,1,0.05,uniform_model_mixture,,,,,,,,,,
6,130,Non-robust DR,15.114602032496824,0.9597319276479537,15.74877483709297,False,none,1,inf,1,0.05,uniform_model_mixture,,,,,,,,,,
6,135,Non-robust DR,15.114602032496824,0.9597319276479537,15.74877483709297,False,none,1,inf,1,0.05,uniform_model_mixture,,,,,,,,,,
6,140,Non-robust DR,15.114602032496824,0.9597319276479537,15.74877483709297,False,none,1,inf,1,0.05,uniform_model_mixture,,,,,,,,,,
6,145,Non-robust DR,15.0644042721671,0.9565445203195122,15.74877483709297,False,none,1,inf,1,0.05,uniform_model_mixture,,,,,,,,,,
6,150,Non-robust DR,15.0644042721671,0.9565445203195122,15.74877483709297,False,none,1,inf,1,0.05,uniform_model_mixture,,,,,,,,,,
6,155,Non-robust DR,15.0644042721671,0.9565445203195122,15.74877483709297,False,none,1,inf,1,0.05,uniform_model_mixture,,,,,,,,,,
6,160,Non-robust DR,15.0644042721671,0.9565445203195122,15.74877483709297,False,none,1,inf,1,0.05,uniform_model_mixture,,,,,,,,,,
6,165,Non-robust DR,15.0644042721671,0.9565445203195122,15.74877483709297,False,none,1,inf,1,0.05,uniform_model_mixture,,,,,,,,,,
6,170,Non-robust DR,15.0644042721671,0.9565445203195122,15.74877483709297,False,none,1,inf,1,0.05,uniform_model_mixture,,,,,,,,,,
6,175,Non-robust DR,15.0644042721671,0.9565445203195122,15.74877483709297,False,none,1,inf,1,0.05,uniform_model_mixture,,,,,,,,,,
6,180,Non-robust DR,15.0644042721671,0.9565445203195122,15.74877483709297,False,none,1,inf,1,0.05,uniform_model_mixture,,,,,,,,,,
6,185,Non-robust DR,15.0644042721671,0.9565445203195122,15.74877483709297,False,none,1,inf,1,0.05,uniform_model_mixture,,,,,,,,,,
6,190,Non-robust DR,15.0644042721671,0.9565445203195122,15.74877483709297,False,none,1,inf,1,0.05,uniform_model_mixture,,,,,,,,,,
6,195,Non-robust DR,15.0644042721671,0.9565445203195122,15.74877483709297,False,none,1,inf,1,0.05,uniform_model_mixture,,,,,,,,,,
6,200,Non-robust DR,15.0644042721671,0.9565445203195122,15.74877483709297,False,none,1,inf,1,0.05,uniform_model_mixture,,,,,,,,,,
6,205,Non-robust DR,15.0644042721671,0.9565445203195122,15.74877483709297,False,none,1,inf,1,0.05,uniform_model_mixture,,,,,,,,,,
6,210,Non-robust DR,15.0644042721671,0.9565445203195122,15.74877483709297,False,none,1,inf,1,0.05,uniform_model_mixture,,,,,,,,,,
6,215,Non-robust DR,15.0644042721671,0.9565445203195122,15.74877483709297,False,none,1,inf,1,0.05,uniform_model_mixture,,,,,,,,,,
6,220,Non-robust DR,15.0644042721671,0.9565445203195122,15.74877483709297,False,none,1,inf,1,0.05,uniform_model_mixture,,,,,,,,,,
6,225,Non-robust DR,15.0644042721671,0.9565445203195122,15.74877483709297,False,none,1,inf,1,0.05,uniform_model_mixture,,,,,,,,,,
6,230,Non-robust DR,15.0644042721671,0.9565445203195122,15.74877483709297,False,none,1,inf,1,0.05,uniform_model_mixture,,,,,,,,,,
6,235,Non-robust DR,15.0644042721671,0.9565445203195122,15.74877483709297,False,none,1,inf,1,0.05,uniform_model_mixture,,,,,,,,,,
6,240,Non-robust DR,15.0644042721671,0.9565445203195122,15.74877483709297,False,none,1,inf,1,0.05,uniform_model_mixture,,,,,,,,,,
6,245,Non-robust DR,15.0644042721671,0.9565445203195122,15.74877483709297,False,none,1,inf,1,0.05,uniform_model_mixture,,,,,,,,,,
6,250,Non-robust DR,15.0644042721671,0.9565445203195122,15.74877483709297,False,none,1,inf,1,0.05,uniform_model_mixture,,,,,,,,,,
6,255,Non-robust DR,15.0644042721671,0.9565445203195122,15.74877483709297,False,none,1,inf,1,0.05,uniform_model_mixture,,,,,,,,,,
6,260,Non-robust DR,15.0644042721671,0.9565445203195122,15.74877483709297,False,none,1,inf,1,0.05,uniform_model_mixture,,,,,,,,,,
6,265,Non-robust DR,15.0644042721671,0.9565445203195122,15.74877483709297,False,none,1,inf,1,0.05,uniform_model_mixture,,,,,,,,,,
6,270,Non-robust DR,15.0644042721671,0.9565445203195122,15.74877483709297,False,none,1,inf,1,0.05,uniform_model_mixture,,,,,,,,,,
6,275,Non-robust DR,15.0644042721671,0.9565445203195122,15.74877483709297,False,none,1,inf,1,0.05,uniform_model_mixture,,,,,,,,,,
6,280,Non-robust DR,15.0644042721671,0.9565445203195122,15.74877483709297,False,none,1,inf,1,0.05,uniform_model_mixture,,,,,,,,,,
6,285,Non-robust DR,15.0644042721671,0.9565445203195122,15.74877483709297,False,none,1,inf,1,0.05,uniform_model_mixture,,,,,,,,,,
6,290,Non-robust DR,15.0644042721671,0.9565445203195122,15.74877483709297,False,none,1,inf,1,0.05,uniform_model_mixture,,,,,,,,,,
6,295,Non-robust DR,15.0644042721671,0.9565445203195122,15.74877483709297,False,none,1,inf,1,0.05,uniform_model_mixture,,,,,,,,,,
6,300,Non-robust DR,15.0644042721671,0.9565445203195122,15.74877483709297,False,none,1,inf,1,0.05,uniform_model_mixture,,,,,,,,,,
6,-1,metadata,,,,,none,1,inf,1,0.05,uniform_model_mixture,0.0,0.3,0.0,0.0,0.3,0.3,0.2814377898502797,0.14999999999999997,0.16666666666666666,0.408162732967454
6,-1,metadata,,,,,none,1,inf,1,0.05,uniform_model_mixture,1.0,0.6,0.0,0.0,0.6,0.6,0.5592938210687134,0.29999999999999993,0.16666666666666666,0.2040817066187709
6,-1,metadata,,,,,none,1,inf,1,0.05,uniform_model_mixture,2.0,0.9,0.0,0.0,0.9,0.9,0.8235985421443789,0.4499999999999999,0.16666666666666666,0.13605454666491387
6,-1,metadata,,,,,none,1,inf,1,0.05,uniform_model_mixture,3.0,1.2,0.0,0.0,1.2,1.2,1.1160879954091736,0.5999999999999999,0.16666666666666666,0.10204093834335902
6,-1,metadata,,,,,none,1,inf,1,0.05,uniform_model_mixture,4.0,1.5,0.0,0.0,1.5,1.5,1.433755162561898,0.7499999999999999,0.16666666666666666,0.08163276428013659
6,-1,metadata,,,,,none,1,inf,1,0.05,uniform_model_mixture,5.0,1.8,0.0,0.0,1.8,1.8,1.6578314995769527,0.8999999999999998,0.16666666666666666,0.06802731112536557
7,0,Non-robust DR,8.363625031539065,0.5226553183676651,16.002181050524815,False,none,1,inf,1,0.05,uniform_model_mixture,,,,,,,,,,
7,5,Non-robust DR,15.631213339483425,0.9768176781733623,16.002181050524815,False,none,1,inf,1,0.05,uniform_model_mixture,,,,,,,,,,
7,10,Non-robust DR,15.631213339483425,0.9768176781733623,16.002181050524815,False,none,1,inf,1,0.05,uniform_model_mixture,,,,,,,,,,
7,15,Non-robust DR,15.540695529873807,0.9711610861548231,16.002181050524815,False,none,1,inf,1,0.05,uniform_model_mixture,,,,,,,,,,
7,20,Non-robust DR,15.540695529873807,0.9711610861548231,16.002181050524815,False,none,1,inf,1,0.05,uniform_model_mixture,,,,,,,,,,
7,25,Non-robust DR,15.540695529873807,0.9711610861548231,16.002181050524815,False,none,1,inf,1,0.05,uniform_model_mixture,,,,,,,,,,
7,30,Non-robust DR,15.540695529873807,0.9711610861548231,16.002181050524815,False,none,1,inf,1,0.05,uniform_model_mixture,,,,,,,,,,
7,35,Non-robust DR,15.540695529873807,0.9711610861548231,16.002181050524815,False,none,1,inf,1,0.05,uniform_model_mixture,,,,,,,,,,
7,40,Non-robust DR,15.540695529873807,0.9711610861548231,16.002181050524815,False,none,1,inf,1,0.05,uniform_model_mixture,,,,,,,,,,
7,45,Non-robust DR,15.540695529873807,0.9711610861548231,16.002181050524815,False,none,1,inf,1,0.05,uniform_model_mixture,,,,,,,,,,
7,50,Non-robust DR,15.540695529873807,0.9711610861548231,16.002181050524815,False,none,1,inf,1,0.05,uniform_model_mixture,,,,,,,,,,
7,55,Non-robust DR,15.540695529873807,0.9711610861548231,16.002181050524815,False,none,1,inf,1,0.05,uniform_model_mixture,,,,,,,,,,
7,60,Non-robust DR,15.540695529873807,0.9711610861548231,16.002181050524815,False,none,1,inf,1,0.05,uniform_model_mixture,,,,,,,,,,
7,65,Non-robust DR,15.540695529873807,0.9711610861548231,16.002181050524815,False,none,1,inf,1,0.05,uniform_model_mixture,,,,,,,,,,
7,70,Non-robust DR,15.540695529873807,0.9711610861548231,16.002181050524815,False,none,1,inf,1,0.05,uniform_model_mixture,,,,,,,,,,
7,75,Non-robust DR,15.540695529873807,0.9711610861548231,16.002181050524815,False,none,1,inf,1,0.05,uniform_model_mixture,,,,,,,,,,
7,80,Non-robust DR,15.540695529873807,0.9711610861548231,16.002181050524815,False,none,1,inf,1,0.05,uniform_model_mixture,,,,,,,,,,
7,85,Non-robust DR,15.540695529873807,0.9711610861548231,16.002181050524815,False,none,1,inf,1,0.05,uniform_model_mixture,,,,,,,,,,
7,90,Non-robust DR,15.540695529873807,0.9711610861548231,16.002181050524815,False,none,1,inf,1,0.05,uniform_model_mixture,,,,,,,,,,
7,95,Non-robust DR,15.540695529873807,0.9711610861548231,16.002181050524815,False,none,1,inf,1,0.05,uniform_model_mixture,,,,,,,,,,
7,100,Non-robust DR,15.540695529873807,0.9711610861548231,16.002181050524815,False,none,1,inf,1,0.05,uniform_model_mixture,,,,,,,,,,
7,105,Non-robust DR,15.540695529873807,0.9711610861548231,16.002181050524815,False,none,1,inf,1,0.05,uniform_model_mixture,,,,,,,,,,
7,110,Non-robust DR,15.540695529873807,0.9711610861548231,16.002181050524815,False,none,1,inf,1,0.05,uniform_model_mixture,,,,,,,,,,
7,115,Non-robust DR,15.540695529873807,0.9711610861548231,16.002181050524815,False,none,1,inf,1,0.05,uniform_model_mixture,,,,,,,,,,
7,120,Non-robust DR,15.540695529873807,0.9711610861548231,16.002181050524815,False,none,1,inf,1,0.05,uniform_model_mixture,,,,,,,,,,
7,125,Non-robust DR,15.540695529873807,0.9711610861548231,16.002181050524815,False,none,1,inf,1,0.05,uniform_model_mixture,,,,,,,,,,
7,130,Non-robust DR,15.540695529873807,0.9711610861548231,16.002181050524815,False,none,1,inf,1,0.05,uniform_model_mixture,,,,,,,,,,
7,135,Non-robust DR,15.540695529873807,0.9711610861548231,16.002181050524815,False,none,1,inf,1,0.05,uniform_model_mixture,,,,,,,,,,
7,140,Non-robust DR,15.540695529873807,0.9711610861548231,16.002181050524815,False,none,1,inf,1,0.05,uniform_model_mixture,,,,,,,,,,
7,145,Non-robust DR,15.540695529873807,0.9711610861548231,16.002181050524815,False,none,1,inf,1,0.05,uniform_model_mixture,,,,,,,,,,
7,150,Non-robust DR,15.540695529873807,0.9711610861548231,16.002181050524815,False,none,1,inf,1,0.05,uniform_model_mixture,,,,,,,,,,
7,155,Non-robust DR,15.540695529873807,0.9711610861548231,16.002181050524815,False,none,1,inf,1,0.05,uniform_model_mixture,,,,,,,,,,
7,160,Non-robust DR,15.540695529873807,0.9711610861548231,16.002181050524815,False,none,1,inf,1,0.05,uniform_model_mixture,,,,,,,,,,
7,165,Non-robust DR,15.540695529873807,0.9711610861548231,16.002181050524815,False,none,1,inf,1,0.05,uniform_model_mixture,,,,,,,,,,
7,170,Non-robust DR,15.540695529873807,0.9711610861548231,16.002181050524815,False,none,1,inf,1,0.05,uniform_model_mixture,,,,,,,,,,
7,175,Non-robust DR,15.540695529873807,0.9711610861548231,16.002181050524815,False,none,1,inf,1,0.05,uniform_model_mixture,,,,,,,,,,
7,180,Non-robust DR,15.540695529873807,0.9711610861548231,16.002181050524815,False,none,1,inf,1,0.05,uniform_model_mixture,,,,,,,,,,
7,185,Non-robust DR,15.540695529873807,0.9711610861548231,16.002181050524815,False,none,1,inf,1,0.05,uniform_model_mixture,,,,,,,,,,
7,190,Non-robust DR,15.540695529873807,0.9711610861548231,16.002181050524815,False,none,1,inf,1,0.05,uniform_model_mixture,,,,,,,,,,
7,195,Non-robust DR,15.540695529873807,0.9711610861548231,16.002181050524815,False,none,1,inf,1,0.05,uniform_model_mixture,,,,,,,,,,
7,200,Non-robust DR,15.540695529873807,0.9711610861548231,16.002181050524815,False,none,1,inf,1,0.05,uniform_model_mixture,,,,,,,,,,
7,205,Non-robust DR,15.540695529873807,0.9711610861548231,16.002181050524815,False,none,1,inf,1,0.05,uniform_model_mixture,,,,,,,,,,
7,210,Non-robust DR,15.540695529873807,0.9711610861548231,16.002181050524815,False,none,1,inf,1,0.05,uniform_model_mixture,,,,,,,,,,
7,215,Non-robust DR,15.540695529873807,0.9711610861548231,16.002181050524815,False,none,1,inf,1,0.05,uniform_model_mixture,,,,,,,,,,
7,220,Non-robust DR,15.540695529873807,0.9711610861548231,16.002181050524815,False,none,1,inf,1,0.05,uniform_model_mixture,,,,,,,,,,
7,225,Non-robust DR,15.540695529873807,0.9711610861548231,16.002181050524815,False,none,1,inf,1,0.05,uniform_model_mixture,,,,,,,,,,
7,230,Non-robust DR,15.540695529873807,0.9711610861548231,16.002181050524815,False,none,1,inf,1,0.05,uniform_model_mixture,,,,,,,,,,
7,235,Non-robust DR,15.540695529873807,0.9711610861548231,16.002181050524815,False,none,1,inf,1,0.05,uniform_model_mixture,,,,,,,,,,
7,240,Non-robust DR,15.540695529873807,0.9711610861548231,16.002181050524815,False,none,1,inf,1,0.05,uniform_model_mixture,,,,,,,,,,
7,245,Non-robust DR,15.540695529873807,0.9711610861548231,16.002181050524815,False,none,1,inf,1,0.05,uniform_model_mixture,,,,,,,,,,
7,250,Non-robust DR,15.540695529873807,0.9711610861548231,16.002181050524815,False,none,1,inf,1,0.05,uniform_model_mixture,,,,,,,,,,
7,255,Non-robust DR,15.540695529873807,0.9711610861548231,16.002181050524815,False,none,1,inf,1,0.05,uniform_model_mixture,,,,,,,,,,
7,260,Non-robust DR,15.540695529873807,0.9711610861548231,16.002181050524815,False,none,1,inf,1,0.05,uniform_model_mixture,,,,,,,,,,
7,265,Non-robust DR,15.540695529873807,0.9711610861548231,16.002181050524815,False,none,1,inf,1,0.05,uniform_model_mixture,,,,,,,,,,
7,270,Non-robust DR,15.540695529873807,0.9711610861548231,16.002181050524815,False,none,1,inf,1,0.05,uniform_model_mixture,,,,,,,,,,
7,275,Non-robust DR,15.540695529873807,0.9711610861548231,16.002181050524815,False,none,1,inf,1,0.05,uniform_model_mixture,,,,,,,,,,
7,280,Non-robust DR,15.540695529873807,0.9711610861548231,16.002181050524815,False,none,1,inf,1,0.05,uniform_model_mixture,,,,,,,,,,
7,285,Non-robust DR,15.540695529873807,0.9711610861548231,16.002181050524815,False,none,1,inf,1,0.05,uniform_model_mixture,,,,,,,,,,
7,290,Non-robust DR,15.540695529873807,0.9711610861548231,16.002181050524815,False,none,1,inf,1,0.05,uniform_model_mixture,,,,,,,,,,
7,295,Non-robust DR,15.540695529873807,0.9711610861548231,16.002181050524815,False,none,1,inf,1,0.05,uniform_model_mixture,,,,,,,,,,
7,300,Non-robust DR,15.540695529873807,0.9711610861548231,16.002181050524815,False,none,1,inf,1,0.05,uniform_model_mixture,,,,,,,,,,
7,-1,metadata,,,,,none,1,inf,1,0.05,uniform_model_mixture,0.0,0.3,0.0,0.0,0.29999999999999993,0.29999999999999993,0.2808083138427909,0.14999999999999997,0.16666666666666666,0.40816273296745403
7,-1,metadata,,,,,none,1,inf,1,0.05,uniform_model_mixture,1.0,0.6,0.0,0.0,0.6,0.6,0.565102048393261,0.29999999999999993,0.16666666666666666,0.20408170661877087
7,-1,metadata,,,,,none,1,inf,1,0.05,uniform_model_mixture,2.0,0.9,0.0,0.0,0.9000000000000001,0.9000000000000001,0.8377778460501191,0.45,0.16666666666666666,0.13605454666491384
7,-1,metadata,,,,,none,1,inf,1,0.05,uniform_model_mixture,3.0,1.2,0.0,0.0,1.2,1.2,1.13638022832064,0.5999999999999999,0.16666666666666666,0.10204093834335899
7,-1,metadata,,,,,none,1,inf,1,0.05,uniform_model_mixture,4.0,1.5,0.0,0.0,1.5,1.5,1.415222989957079,0.7499999999999999,0.16666666666666666,0.08163276428013658
7,-1,metadata,,,,,none,1,inf,1,0.05,uniform_model_mixture,5.0,1.8,0.0,0.0,1.8000000000000003,1.8000000000000003,1.6824709740481272,0.9,0.16666666666666666,0.06802731112536556
8,0,Non-robust DR,10.163438561839877,0.6478611553144297,15.687680112426566,False,none,1,inf,1,0.05,uniform_model_mixture,,,,,,,,,,
8,5,Non-robust DR,14.063847247851902,0.8964899301275024,15.687680112426566,False,none,1,inf,1,0.05,uniform_model_mixture,,,,,,,,,,
8,10,Non-robust DR,13.854215189427144,0.8831270838097283,15.687680112426566,False,none,1,inf,1,0.05,uniform_model_mixture,,,,,,,,,,
8,15,Non-robust DR,14.079841922826207,0.8975094992964093,15.687680112426566,False,none,1,inf,1,0.05,uniform_model_mixture,,,,,,,,,,
8,20,Non-robust DR,14.079841922826207,0.8975094992964093,15.687680112426566,False,none,1,inf,1,0.05,uniform_model_mixture,,,,,,,,,,
8,25,Non-robust DR,14.079841922826207,0.8975094992964093,15.687680112426566,False,none,1,inf,1,0.05,uniform_model_mixture,,,,,,,,,,
8,30,Non-robust DR,14.182542969943805,0.9040561044274158,15.687680112426566,False,none,1,inf,1,0.05,uniform_model_mixture,,,,,,,,,,
8,35,Non-robust DR,14.182542969943805,0.9040561044274158,15.687680112426566,False,none,1,inf,1,0.05,uniform_model_mixture,,,,,,,,,,
8,40,Non-robust DR,14.182542969943805,0.9040561044274158,15.687680112426566,False,none,1,inf,1,0.05,uniform_model_mixture,,,,,,,,,,
8,45,Non-robust DR,14.182542969943805,0.9040561044274158,15.687680112426566,False,none,1,inf,1,0.05,uniform_model_mixture,,,,,,,,,,
8,50,Non-robust DR,14.182542969943805,0.9040561044274158,15.687680112426566,False,none,1,inf,1,0.05,uniform_model_mixture,,,,,,,,,,
8,55,Non-robust DR,14.182542969943805,0.9040561044274158,15.687680112426566,False,none,1,inf,1,0.05,uniform_model_mixture,,,,,,,,,,
8,60,Non-robust DR,14.207704432609775,0.9056600039514785,15.687680112426566,False,none,1,inf,1,0.05,uniform_model_mixture,,,,,,,,,,
8,65,Non-robust DR,14.207704432609775,0.9056600039514785,15.687680112426566,False,none,1,inf,1,0.05,uniform_model_mixture,,,,,,,,,,
8,70,Non-robust DR,14.207704432609775,0.9056600039514785,15.687680112426566,False,none,1,inf,1,0.05,uniform_model_mixture,,,,,,,,,,
8,75,Non-robust DR,14.207704432609775,0.9056600039514785,15.687680112426566,False,none,1,inf,1,0.05,uniform_model_mixture,,,,,,,,,,
8,80,Non-robust DR,14.207704432609775,0.9056600039514785,15.687680112426566,False,none,1,inf,1,0.05,uniform_model_mixture,,,,,,,,,,
8,85,Non-robust DR,14.207704432609775,0.9056600039514785,15.687680112426566,False,none,1,inf,1,0.05,uniform_model_mixture,,,,,,,,,,
8,90,Non-robust DR,14.207704432609775,0.9056600039514785,15.687680112426566,False,none,1,inf,1,0.05,uniform_model_mixture,,,,,,,,,,
8,95,Non-robust DR,14.207704432609775,0.9056600039514785,15.687680112426566,False,none,1,inf,1,0.05,uniform_model_mixture,,,,,,,,,,
8,100,Non-robust DR,14.207704432609775,0.9056600039514785,15.687680112426566,False,none,1,inf,1,0.05,uniform_model_mixture,,,,,,,,,,
8,105,Non-robust DR,14.207704432609775,0.9056600039514785,15.687680112426566,False,none,1,inf,1,0.05,uniform_model_mixture,,,,,,,,,,
8,110,Non-robust DR,14.207704432609775,0.9056600039514785,15.687680112426566,False,none,1,inf,1,0.05,uniform_model_mixture,,,,,,,,,,
8,115,Non-robust DR,14.207704432609775,0.9056600039514785,15.687680112426566,False,none,1,inf,1,0.05,uniform_model_mixture,,,,,,,,,,
8,120,Non-robust DR,14.207704432609775,0.9056600039514785,15.687680112426566,False,none,1,inf,1,0.05,uniform_model_mixture,,,,,,,,,,
8,125,Non-robust DR,14.207704432609775,0.9056600039514785,15.687680112426566,False,none,1,inf,1,0.05,uniform_model_mixture,,,,,,,,,,
8,130,Non-robust DR,14.207704432609775,0.9056600039514785,15.687680112426566,False,none,1,inf,1,0.05,uniform_model_mixture,,,,,,,,,,
8,135,Non-robust DR,14.207704432609775,0.9056600039514785,15.687680112426566,False,none,1,inf,1,0.05,uniform_model_mixture,,,,,,,,,,
8,140,Non-robust DR,14.207704432609775,0.9056600039514785,15.687680112426566,False,none,1,inf,1,0.05,uniform_model_mixture,,,,,,,,,,
8,145,Non-robust DR,14.207704432609775,0.9056600039514785,15.687680112426566,False,none,1,inf,1,0.05,uniform_model_mixture,,,,,,,,,,
8,150,Non-robust DR,14.207704432609775,0.9056600039514785,15.687680112426566,False,none,1,inf,1,0.05,uniform_model_mixture,,,,,,,,,,
8,155,Non-robust DR,14.207704432609775,0.9056600039514785,15.687680112426566,False,none,1,inf,1,0.05,uniform_model_mixture,,,,,,,,,,
8,160,Non-robust DR,14.207704432609775,0.9056600039514785,15.687680112426566,False,none,1,inf,1,0.05,uniform_model_mixture,,,,,,,,,,
8,165,Non-robust DR,14.207704432609775,0.9056600039514785,15.687680112426566,False,none,1,inf,1,0.05,uniform_model_mixture,,,,,,,,,,
8,170,Non-robust DR,14.207704432609775,0.9056600039514785,15.687680112426566,False,none,1,inf,1,0.05,uniform_model_mixture,,,,,,,,,,
8,175,Non-robust DR,14.207704432609775,0.9056600039514785,15.687680112426566,False,none,1,inf,1,0.05,uniform_model_mixture,,,,,,,,,,
8,180,Non-robust DR,14.207704432609775,0.9056600039514785,15.687680112426566,False,none,1,inf,1,0.05,uniform_model_mixture,,,,,,,,,,
8,185,Non-robust DR,14.207704432609775,0.9056600039514785,15.687680112426566,False,none,1,inf,1,0.05,uniform_model_mixture,,,,,,,,,,
8,190,Non-robust DR,14.207704432609775,0.9056600039514785,15.687680112426566,False,none,1,inf,1,0.05,uniform_model_mixture,,,,,,,,,,
8,195,Non-robust DR,14.207704432609775,0.9056600039514785,15.687680112426566,False,none,1,inf,1,0.05,uniform_model_mixture,,,,,,,,,,
8,200,Non-robust DR,14.207704432609775,0.9056600039514785,15.687680112426566,False,none,1,inf,1,0.05,uniform_model_mixture,,,,,,,,,,
8,205,Non-robust DR,14.207704432609775,0.9056600039514785,15.687680112426566,False,none,1,inf,1,0.05,uniform_model_mixture,,,,,,,,,,
8,210,Non-robust DR,14.207704432609775,0.9056600039514785,15.687680112426566,False,none,1,inf,1,0.05,uniform_model_mixture,,,,,,,,,,
8,215,Non-robust DR,14.207704432609775,0.9056600039514785,15.687680112426566,False,none,1,inf,1,0.05,uniform_model_mixture,,,,,,,,,,
8,220,Non-robust DR,14.207704432609775,0.9056600039514785,15.687680112426566,False,none,1,inf,1,0.05,uniform_model_mixture,,,,,,,,,,
8,225,Non-robust DR,14.207704432609775,0.9056600039514785,15.687680112426566,False,none,1,inf,1,0.05,uniform_model_mixture,,,,,,,,,,
8,230,Non-robust DR,14.207704432609775,0.9056600039514785,15.687680112426566,False,none,1,inf,1,0.05,uniform_model_mixture,,,,,,,,,,
8,235,Non-robust DR,14.207704432609775,0.9056600039514785,15.687680112426566,False,none,1,inf,1,0.05,uniform_model_mixture,,,,,,,,,,
8,240,Non-robust DR,14.207704432609775,0.9056600039514785,15.687680112426566,False,none,1,inf,1,0.05,uniform_model_mixture,,,,,,,,,,
8,245,Non-robust DR,14.207704432609775,0.9056600039514785,15.687680112426566,False,none,1,inf,1,0.05,uniform_model_mixture,,,,,,,,,,
8,250,Non-robust DR,14.207704432609775,0.9056600039514785,15.687680112426566,False,none,1,inf,1,0.05,uniform_model_mixture,,,,,,,,,,
8,255,Non-robust DR,14.207704432609775,0.9056600039514785,15.687680112426566,False,none,1,inf,1,0.05,uniform_model_mixture,,,,,,,,,,
8,260,Non-robust DR,14.207704432609775,0.9056600039514785,15.687680112426566,False,none,1,inf,1,0.05,uniform_model_mixture,,,,,,,,,,
8,265,Non-robust DR,14.207704432609775,0.9056600039514785,15.687680112426566,False,none,1,inf,1,0.05,uniform_model_mixture,,,,,,,,,,
8,270,Non-robust DR,14.207704432609775,0.9056600039514785,15.687680112426566,False,none,1,inf,1,0.05,uniform_model_mixture,,,,,,,,,,
8,275,Non-robust DR,14.207704432609775,0.9056600039514785,15.687680112426566,False,none,1,inf,1,0.05,uniform_model_mixture,,,,,,,,,,
8,280,Non-robust DR,14.207704432609775,0.9056600039514785,15.687680112426566,False,none,1,inf,1,0.05,uniform_model_mixture,,,,,,,,,,
8,285,Non-robust DR,14.207704432609775,0.9056600039514785,15.687680112426566,False,none,1,inf,1,0.05,uniform_model_mixture,,,,,,,,,,
8,290,Non-robust DR,14.207704432609775,0.9056600039514785,15.687680112426566,False,none,1,inf,1,0.05,uniform_model_mixture,,,,,,,,,,
8,295,Non-robust DR,14.207704432609775,0.9056600039514785,15.687680112426566,False,none,1,inf,1,0.05,uniform_model_mixture,,,,,,,,,,
8,300,Non-robust DR,14.207704432609775,0.9056600039514785,15.687680112426566,False,none,1,inf,1,0.05,uniform_model_mixture,,,,,,,,,,
8,-1,metadata,,,,,none,1,inf,1,0.05,uniform_model_mixture,0.0,0.3,0.0,0.0,0.29999999999999993,0.29999999999999993,0.28803490795214154,0.14999999999999997,0.16666666666666666,0.40816273296745403
8,-1,metadata,,,,,none,1,inf,1,0.05,uniform_model_mixture,1.0,0.6,0.0,0.0,0.6,0.6,0.5607382516593445,0.29999999999999993,0.16666666666666666,0.20408170661877087
8,-1,metadata,,,,,none,1,inf,1,0.05,uniform_model_mixture,2.0,0.9,0.0,0.0,0.9000000000000001,0.9000000000000001,0.8524502353820179,0.4499999999999999,0.16666666666666666,0.13605454666491384
8,-1,metadata,,,,,none,1,inf,1,0.05,uniform_model_mixture,3.0,1.2,0.0,0.0,1.2,1.2,1.1297938207520744,0.5999999999999999,0.16666666666666666,0.10204093834335899
8,-1,metadata,,,,,none,1,inf,1,0.05,uniform_model_mixture,4.0,1.5,0.0,0.0,1.5,1.5,1.417388746625801,0.7499999999999999,0.16666666666666666,0.08163276428013658
8,-1,metadata,,,,,none,1,inf,1,0.05,uniform_model_mixture,5.0,1.8,0.0,0.0,1.8,1.8,1.7283870038544686,0.8999999999999998,0.16666666666666666,0.06802731112536556
9,0,Non-robust DR,9.426420046754831,0.5724540493237122,16.46668419568531,False,none,1,inf,1,0.05,uniform_model_mixture,,,,,,,,,,
9,5,Non-robust DR,16.07619035037768,0.9762858241120608,16.46668419568531,False,none,1,inf,1,0.05,uniform_model_mixture,,,,,,,,,,
9,10,Non-robust DR,16.15018337880504,0.9807793230793117,16.46668419568531,False,none,1,inf,1,0.05,uniform_model_mixture,,,,,,,,,,
9,15,Non-robust DR,16.171328528801627,0.9820634401331949,16.46668419568531,False,none,1,inf,1,0.05,uniform_model_mixture,,,,,,,,,,
9,20,Non-robust DR,16.171328528801627,0.9820634401331949,16.46668419568531,False,none,1,inf,1,0.05,uniform_model_mixture,,,,,,,,,,
9,25,Non-robust DR,16.171328528801627,0.9820634401331949,16.46668419568531,False,none,1,inf,1,0.05,uniform_model_mixture,,,,,,,,,,
9,30,Non-robust DR,16.171328528801627,0.9820634401331949,16.46668419568531,False,none,1,inf,1,0.05,uniform_model_mixture,,,,,,,,,,
9,35,Non-robust DR,16.171328528801627,0.9820634401331949,16.46668419568531,False,none,1,inf,1,0.05,uniform_model_mixture,,,,,,,,,,
9,40,Non-robust DR,16.171328528801627,0.9820634401331949,16.46668419568531,False,none,1,inf,1,0.05,uniform_model_mixture,,,,,,,,,,
9,45,Non-robust DR,16.171328528801627,0.9820634401331949,16.46668419568531,False,none,1,inf,1,0.05,uniform_model_mixture,,,,,,,,,,
9,50,Non-robust DR,16.171328528801627,0.9820634401331949,16.46668419568531,False,none,1,inf,1,0.05,uniform_model_mixture,,,,,,,,,,
9,55,Non-robust DR,16.171328528801627,0.9820634401331949,16.46668419568531,False,none,1,inf,1,0.05,uniform_model_mixture,,,,,,,,,,
9,60,Non-robust DR,16.171328528801627,0.9820634401331949,16.46668419568531,False,none,1,inf,1,0.05,uniform_model_mixture,,,,,,,,,,
9,65,Non-robust DR,16.171328528801627,0.9820634401331949,16.46668419568531,False,none,1,inf,1,0.05,uniform_model_mixture,,,,,,,,,,
9,70,Non-robust DR,16.171328528801627,0.9820634401331949,16.46668419568531,False,none,1,inf,1,0.05,uniform_model_mixture,,,,,,,,,,
9,75,Non-robust DR,16.171328528801627,0.9820634401331949,16.46668419568531,False,none,1,inf,1,0.05,uniform_model_mixture,,,,,,,,,,
9,80,Non-robust DR,16.171328528801627,0.9820634401331949,16.46668419568531,False,none,1,inf,1,0.05,uniform_model_mixture,,,,,,,,,,
9,85,Non-robust DR,16.171328528801627,0.9820634401331949,16.46668419568531,False,none,1,inf,1,0.05,uniform_model_mixture,,,,,,,,,,
9,90,Non-robust DR,16.171328528801627,0.9820634401331949,16.46668419568531,False,none,1,inf,1,0.05,uniform_model_mixture,,,,,,,,,,
9,95,Non-robust DR,16.171328528801627,0.9820634401331949,16.46668419568531,False,none,1,inf,1,0.05,uniform_model_mixture,,,,,,,,,,
9,100,Non-robust DR,16.171328528801627,0.9820634401331949,16.46668419568531,False,none,1,inf,1,0.05,uniform_model_mixture,,,,,,,,,,
9,105,Non-robust DR,16.171328528801627,0.9820634401331949,16.46668419568531,False,none,1,inf,1,0.05,uniform_model_mixture,,,,,,,,,,
9,110,Non-robust DR,16.171328528801627,0.9820634401331949,16.46668419568531,False,none,1,inf,1,0.05,uniform_model_mixture,,,,,,,,,,
9,115,Non-robust DR,16.171328528801627,0.9820634401331949,16.46668419568531,False,none,1,inf,1,0.05,uniform_model_mixture,,,,,,,,,,
9,120,Non-robust DR,16.171328528801627,0.9820634401331949,16.46668419568531,False,none,1,inf,1,0.05,uniform_model_mixture,,,,,,,,,,
9,125,Non-robust DR,16.171328528801627,0.9820634401331949,16.46668419568531,False,none,1,inf,1,0.05,uniform_model_mixture,,,,,,,,,,
9,130,Non-robust DR,16.171328528801627,0.9820634401331949,16.46668419568531,False,none,1,inf,1,0.05,uniform_model_mixture,,,,,,,,,,
9,135,Non-robust DR,16.171328528801627,0.9820634401331949,16.46668419568531,False,none,1,inf,1,0.05,uniform_model_mixture,,,,,,,,,,
9,140,Non-robust DR,16.171328528801627,0.9820634401331949,16.46668419568531,False,none,1,inf,1,0.05,uniform_model_mixture,,,,,,,,,,
9,145,Non-robust DR,16.171328528801627,0.9820634401331949,16.46668419568531,False,none,1,inf,1,0.05,uniform_model_mixture,,,,,,,,,,
9,150,Non-robust DR,16.171328528801627,0.9820634401331949,16.46668419568531,False,none,1,inf,1,0.05,uniform_model_mixture,,,,,,,,,,
9,155,Non-robust DR,16.171328528801627,0.9820634401331949,16.46668419568531,False,none,1,inf,1,0.05,uniform_model_mixture,,,,,,,,,,
9,160,Non-robust DR,16.171328528801627,0.9820634401331949,16.46668419568531,False,none,1,inf,1,0.05,uniform_model_mixture,,,,,,,,,,
9,165,Non-robust DR,16.171328528801627,0.9820634401331949,16.46668419568531,False,none,1,inf,1,0.05,uniform_model_mixture,,,,,,,,,,
9,170,Non-robust DR,16.171328528801627,0.9820634401331949,16.46668419568531,False,none,1,inf,1,0.05,uniform_model_mixture,,,,,,,,,,
9,175,Non-robust DR,16.171328528801627,0.9820634401331949,16.46668419568531,False,none,1,inf,1,0.05,uniform_model_mixture,,,,,,,,,,
9,180,Non-robust DR,16.171328528801627,0.9820634401331949,16.46668419568531,False,none,1,inf,1,0.05,uniform_model_mixture,,,,,,,,,,
9,185,Non-robust DR,16.171328528801627,0.9820634401331949,16.46668419568531,False,none,1,inf,1,0.05,uniform_model_mixture,,,,,,,,,,
9,190,Non-robust DR,16.171328528801627,0.9820634401331949,16.46668419568531,False,none,1,inf,1,0.05,uniform_model_mixture,,,,,,,,,,
9,195,Non-robust DR,16.171328528801627,0.9820634401331949,16.46668419568531,False,none,1,inf,1,0.05,uniform_model_mixture,,,,,,,,,,
9,200,Non-robust DR,16.171328528801627,0.9820634401331949,16.46668419568531,False,none,1,inf,1,0.05,uniform_model_mixture,,,,,,,,,,
9,205,Non-robust DR,16.171328528801627,0.9820634401331949,16.46668419568531,False,none,1,inf,1,0.05,uniform_model_mixture,,,,,,,,,,
9,210,Non-robust DR,16.171328528801627,0.9820634401331949,16.46668419568531,False,none,1,inf,1,0.05,uniform_model_mixture,,,,,,,,,,
9,215,Non-robust DR,16.171328528801627,0.9820634401331949,16.46668419568531,False,none,1,inf,1,0.05,uniform_model_mixture,,,,,,,,,,
9,220,Non-robust DR,16.171328528801627,0.9820634401331949,16.46668419568531,False,none,1,inf,1,0.05,uniform_model_mixture,,,,,,,,,,
9,225,Non-robust DR,16.171328528801627,0.9820634401331949,16.46668419568531,False,none,1,inf,1,0.05,uniform_model_mixture,,,,,,,,,,
9,230,Non-robust DR,16.171328528801627,0.9820634401331949,16.46668419568531,False,none,1,inf,1,0.05,uniform_model_mixture,,,,,,,,,,
9,235,Non-robust DR,16.171328528801627,0.9820634401331949,16.46668419568531,False,none,1,inf,1,0.05,uniform_model_mixture,,,,,,,,,,
9,240,Non-robust DR,16.171328528801627,0.9820634401331949,16.46668419568531,False,none,1,inf,1,0.05,uniform_model_mixture,,,,,,,,,,
9,245,Non-robust DR,16.171328528801627,0.9820634401331949,16.46668419568531,False,none,1,inf,1,0.05,uniform_model_mixture,,,,,,,,,,
9,250,Non-robust DR,16.171328528801627,0.9820634401331949,16.46668419568531,False,none,1,inf,1,0.05,uniform_model_mixture,,,,,,,,,,
9,255,Non-robust DR,16.171328528801627,0.9820634401331949,16.46668419568531,False,none,1,inf,1,0.05,uniform_model_mixture,,,,,,,,,,
9,260,Non-robust DR,16.171328528801627,0.9820634401331949,16.46668419568531,False,none,1,inf,1,0.05,uniform_model_mixture,,,,,,,,,,
9,265,Non-robust DR,16.171328528801627,0.9820634401331949,16.46668419568531,False,none,1,inf,1,0.05,uniform_model_mixture,,,,,,,,,,
9,270,Non-robust DR,16.171328528801627,0.9820634401331949,16.46668419568531,False,none,1,inf,1,0.05,uniform_model_mixture,,,,,,,,,,
9,275,Non-robust DR,16.171328528801627,0.9820634401331949,16.46668419568531,False,none,1,inf,1,0.05,uniform_model_mixture,,,,,,,,,,
9,280,Non-robust DR,16.171328528801627,0.9820634401331949,16.46668419568531,False,none,1,inf,1,0.05,uniform_model_mixture,,,,,,,,,,
9,285,Non-robust DR,16.171328528801627,0.9820634401331949,16.46668419568531,False,none,1,inf,1,0.05,uniform_model_mixture,,,,,,,,,,
9,290,Non-robust DR,16.171328528801627,0.9820634401331949,16.46668419568531,False,none,1,inf,1,0.05,uniform_model_mixture,,,,,,,,,,
9,295,Non-robust DR,16.171328528801627,0.9820634401331949,16.46668419568531,False,none,1,inf,1,0.05,uniform_model_mixture,,,,,,,,,,
9,300,Non-robust DR,16.171328528801627,0.9820634401331949,16.46668419568531,False,none,1,inf,1,0.05,uniform_model_mixture,,,,,,,,,,
9,-1,metadata,,,,,none,1,inf,1,0.05,uniform_model_mixture,0.0,0.3,0.0,0.0,0.3,0.3,0.2850550114623761,0.14999999999999997,0.16666666666666666,0.408162732967454
9,-1,metadata,,,,,none,1,inf,1,0.05,uniform_model_mixture,1.0,0.6,0.0,0.0,0.6000000000000001,0.6000000000000001,0.570532416774362,0.29999999999999993,0.16666666666666666,0.20408170661877084
9,-1,metadata,,,,,none,1,inf,1,0.05,uniform_model_mixture,2.0,0.9,0.0,0.0,0.9,0.9,0.847069166314311,0.4499999999999999,0.16666666666666666,0.13605454666491387
9,-1,metadata,,,,,none,1,inf,1,0.05,uniform_model_mixture,3.0,1.2,0.0,0.0,1.2,1.2,1.1253828371683068,0.5999999999999999,0.16666666666666666,0.10204093834335902
9,-1,metadata,,,,,none,1,inf,1,0.05,uniform_model_mixture,4.0,1.5,0.0,0.0,1.5000000000000002,1.5000000000000002,1.3931018589252944,0.7499999999999999,0.16666666666666666,0.08163276428013658
9,-1,metadata,,,,,none,1,inf,1,0.05,uniform_model_mixture,5.0,1.8,0.0,0.0,1.8,1.8,1.6859743088642134,0.8999999999999998,0.16666666666666666,0.06802731112536557
10,0,Non-robust DR,10.440062779612445,0.6018801898957528,17.34574912894324,False,none,1,inf,1,0.05,uniform_model_mixture,,,,,,,,,,
10,5,Non-robust DR,17.31960361365263,0.998492684570943,17.34574912894324,False,none,1,inf,1,0.05,uniform_model_mixture,,,,,,,,,,
10,10,Non-robust DR,17.31960361365263,0.998492684570943,17.34574912894324,False,none,1,inf,1,0.05,uniform_model_mixture,,,,,,,,,,
10,15,Non-robust DR,17.31960361365263,0.998492684570943,17.34574912894324,False,none,1,inf,1,0.05,uniform_model_mixture,,,,,,,,,,
10,20,Non-robust DR,17.31960361365263,0.998492684570943,17.34574912894324,False,none,1,inf,1,0.05,uniform_model_mixture,,,,,,,,,,
10,25,Non-robust DR,17.31960361365263,0.998492684570943,17.34574912894324,False,none,1,inf,1,0.05,uniform_model_mixture,,,,,,,,,,
10,30,Non-robust DR,17.31960361365263,0.998492684570943,17.34574912894324,False,none,1,inf,1,0.05,uniform_model_mixture,,,,,,,,,,
10,35,Non-robust DR,17.31960361365263,0.998492684570943,17.34574912894324,False,none,1,inf,1,0.05,uniform_model_mixture,,,,,,,,,,
10,40,Non-robust DR,17.33852176107254,0.9995833349244835,17.34574912894324,False,none,1,inf,1,0.05,uniform_model_mixture,,,,,,,,,,
10,45,Non-robust DR,17.317037495588348,0.998344745266321,17.34574912894324,False,none,1,inf,1,0.05,uniform_model_mixture,,,,,,,,,,
10,50,Non-robust DR,17.317037495588348,0.998344745266321,17.34574912894324,False,none,1,inf,1,0.05,uniform_model_mixture,,,,,,,,,,
10,55,Non-robust DR,17.317037495588348,0.998344745266321,17.34574912894324,False,none,1,inf,1,0.05,uniform_model_mixture,,,,,,,,,,
10,60,Non-robust DR,17.317037495588348,0.998344745266321,17.34574912894324,False,none,1,inf,1,0.05,uniform_model_mixture,,,,,,,,,,
10,65,Non-robust DR,17.317037495588348,0.998344745266321,17.34574912894324,False,none,1,inf,1,0.05,uniform_model_mixture,,,,,,,,,,
10,70,Non-robust DR,17.317037495588348,0.998344745266321,17.34574912894324,False,none,1,inf,1,0.05,uniform_model_mixture,,,,,,,,,,
10,75,Non-robust DR,17.317037495588348,0.998344745266321,17.34574912894324,False,none,1,inf,1,0.05,uniform_model_mixture,,,,,,,,,,
10,80,Non-robust DR,17.317037495588348,0.998344745266321,17.34574912894324,False,none,1,inf,1,0.05,uniform_model_mixture,,,,,,,,,,
10,85,Non-robust DR,17.317037495588348,0.998344745266321,17.34574912894324,False,none,1,inf,1,0.05,uniform_model_mixture,,,,,,,,,,
10,90,Non-robust DR,17.317037495588348,0.998344745266321,17.34574912894324,False,none,1,inf,1,0.05,uniform_model_mixture,,,,,,,,,,
10,95,Non-robust DR,17.317037495588348,0.998344745266321,17.34574912894324,False,none,1,inf,1,0.05,uniform_model_mixture,,,,,,,,,,
10,100,Non-robust DR,17.317037495588348,0.998344745266321,17.34574912894324,False,none,1,inf,1,0.05,uniform_model_mixture,,,,,,,,,,
10,105,Non-robust DR,17.317037495588348,0.998344745266321,17.34574912894324,False,none,1,inf,1,0.05,uniform_model_mixture,,,,,,,,,,
10,110,Non-robust DR,17.317037495588348,0.998344745266321,17.34574912894324,False,none,1,inf,1,0.05,uniform_model_mixture,,,,,,,,,,
10,115,Non-robust DR,17.317037495588348,0.998344745266321,17.34574912894324,False,none,1,inf,1,0.05,uniform_model_mixture,,,,,,,,,,
10,120,Non-robust DR,17.317037495588348,0.998344745266321,17.34574912894324,False,none,1,inf,1,0.05,uniform_model_mixture,,,,,,,,,,
10,125,Non-robust DR,17.317037495588348,0.998344745266321,17.34574912894324,False,none,1,inf,1,0.05,uniform_model_mixture,,,,,,,,,,
10,130,Non-robust DR,17.317037495588348,0.998344745266321,17.34574912894324,False,none,1,inf,1,0.05,uniform_model_mixture,,,,,,,,,,
10,135,Non-robust DR,17.317037495588348,0.998344745266321,17.34574912894324,False,none,1,inf,1,0.05,uniform_model_mixture,,,,,,,,,,
10,140,Non-robust DR,17.317037495588348,0.998344745266321,17.34574912894324,False,none,1,inf,1,0.05,uniform_model_mixture,,,,,,,,,,
10,145,Non-robust DR,17.317037495588348,0.998344745266321,17.34574912894324,False,none,1,inf,1,0.05,uniform_model_mixture,,,,,,,,,,
10,150,Non-robust DR,17.317037495588348,0.998344745266321,17.34574912894324,False,none,1,inf,1,0.05,uniform_model_mixture,,,,,,,,,,
10,155,Non-robust DR,17.317037495588348,0.998344745266321,17.34574912894324,False,none,1,inf,1,0.05,uniform_model_mixture,,,,,,,,,,
10,160,Non-robust DR,17.317037495588348,0.998344745266321,17.34574912894324,False,none,1,inf,1,0.05,uniform_model_mixture,,,,,,,,,,
10,165,Non-robust DR,17.317037495588348,0.998344745266321,17.34574912894324,False,none,1,inf,1,0.05,uniform_model_mixture,,,,,,,,,,
10,170,Non-robust DR,17.317037495588348,0.998344745266321,17.34574912894324,False,none,1,inf,1,0.05,uniform_model_mixture,,,,,,,,,,
10,175,Non-robust DR,17.317037495588348,0.998344745266321,17.34574912894324,False,none,1,inf,1,0.05,uniform_model_mixture,,,,,,,,,,
10,180,Non-robust DR,17.317037495588348,0.998344745266321,17.34574912894324,False,none,1,inf,1,0.05,uniform_model_mixture,,,,,,,,,,
10,185,Non-robust DR,17.317037495588348,0.998344745266321,17.34574912894324,False,none,1,inf,1,0.05,uniform_model_mixture,,,,,,,,,,
10,190,Non-robust DR,17.317037495588348,0.998344745266321,17.34574912894324,False,none,1,inf,1,0.05,uniform_model_mixture,,,,,,,,,,
10,195,Non-robust DR,17.317037495588348,0.998344745266321,17.34574912894324,False,none,1,inf,1,0.05,uniform_model_mixture,,,,,,,,,,
10,200,Non-robust DR,17.317037495588348,0.998344745266321,17.34574912894324,False,none,1,inf,1,0.05,uniform_model_mixture,,,,,,,,,,
10,205,Non-robust DR,17.317037495588348,0.998344745266321,17.34574912894324,False,none,1,inf,1,0.05,uniform_model_mixture,,,,,,,,,,
10,210,Non-robust DR,17.317037495588348,0.998344745266321,17.34574912894324,False,none,1,inf,1,0.05,uniform_model_mixture,,,,,,,,,,
10,215,Non-robust DR,17.317037495588348,0.998344745266321,17.34574912894324,False,none,1,inf,1,0.05,uniform_model_mixture,,,,,,,,,,
10,220,Non-robust DR,17.317037495588348,0.998344745266321,17.34574912894324,False,none,1,inf,1,0.05,uniform_model_mixture,,,,,,,,,,
10,225,Non-robust DR,17.317037495588348,0.998344745266321,17.34574912894324,False,none,1,inf,1,0.05,uniform_model_mixture,,,,,,,,,,
10,230,Non-robust DR,17.317037495588348,0.998344745266321,17.34574912894324,False,none,1,inf,1,0.05,uniform_model_mixture,,,,,,,,,,
10,235,Non-robust DR,17.317037495588348,0.998344745266321,17.34574912894324,False,none,1,inf,1,0.05,uniform_model_mixture,,,,,,,,,,
10,240,Non-robust DR,17.317037495588348,0.998344745266321,17.34574912894324,False,none,1,inf,1,0.05,uniform_model_mixture,,,,,,,,,,
10,245,Non-robust DR,17.317037495588348,0.998344745266321,17.34574912894324,False,none,1,inf,1,0.05,uniform_model_mixture,,,,,,,,,,
10,250,Non-robust DR,17.317037495588348,0.998344745266321,17.34574912894324,False,none,1,inf,1,0.05,uniform_model_mixture,,,,,,,,,,
10,255,Non-robust DR,17.317037495588348,0.998344745266321,17.34574912894324,False,none,1,inf,1,0.05,uniform_model_mixture,,,,,,,,,,
10,260,Non-robust DR,17.317037495588348,0.998344745266321,17.34574912894324,False,none,1,inf,1,0.05,uniform_model_mixture,,,,,,,,,,
10,265,Non-robust DR,17.317037495588348,0.998344745266321,17.34574912894324,False,none,1,inf,1,0.05,uniform_model_mixture,,,,,,,,,,
10,270,Non-robust DR,17.317037495588348,0.998344745266321,17.34574912894324,False,none,1,inf,1,0.05,uniform_model_mixture,,,,,,,,,,
10,275,Non-robust DR,17.317037495588348,0.998344745266321,17.34574912894324,False,none,1,inf,1,0.05,uniform_model_mixture,,,,,,,,,,
10,280,Non-robust DR,17.317037495588348,0.998344745266321,17.34574912894324,False,none,1,inf,1,0.05,uniform_model_mixture,,,,,,,,,,
10,285,Non-robust DR,17.317037495588348,0.998344745266321,17.34574912894324,False,none,1,inf,1,0.05,uniform_model_mixture,,,,,,,,,,
10,290,Non-robust DR,17.317037495588348,0.998344745266321,17.34574912894324,False,none,1,inf,1,0.05,uniform_model_mixture,,,,,,,,,,
10,295,Non-robust DR,17.317037495588348,0.998344745266321,17.34574912894324,False,none,1,inf,1,0.05,uniform_model_mixture,,,,,,,,,,
10,300,Non-robust DR,17.317037495588348,0.998344745266321,17.34574912894324,False,none,1,inf,1,0.05,uniform_model_mixture,,,,,,,,,,
10,-1,metadata,,,,,none,1,inf,1,0.05,uniform_model_mixture,0.0,0.3,0.0,0.0,0.29999999999999993,0.29999999999999993,0.28791522518232476,0.14999999999999997,0.16666666666666666,0.40816273296745403
10,-1,metadata,,,,,none,1,inf,1,0.05,uniform_model_mixture,1.0,0.6,0.0,0.0,0.6000000000000001,0.6000000000000001,0.5669649016829105,0.29999999999999993,0.16666666666666666,0.20408170661877081
10,-1,metadata,,,,,none,1,inf,1,0.05,uniform_model_mixture,2.0,0.9,0.0,0.0,0.9000000000000001,0.9000000000000001,0.831881612143327,0.4499999999999999,0.16666666666666666,0.13605454666491384
10,-1,metadata,,,,,none,1,inf,1,0.05,uniform_model_mixture,3.0,1.2,0.0,0.0,1.2,1.2,1.1025381479809164,0.5999999999999999,0.16666666666666666,0.10204093834335899
10,-1,metadata,,,,,none,1,inf,1,0.05,uniform_model_mixture,4.0,1.5,0.0,0.0,1.5,1.5,1.4056546944068378,0.7499999999999999,0.16666666666666666,0.08163276428013658
10,-1,metadata,,,,,none,1,inf,1,0.05,uniform_model_mixture,5.0,1.8,0.0,0.0,1.8,1.8,1.717416149992764,0.8999999999999998,0.16666666666666666,0.06802731112536556
11,0,Non-robust DR,10.123324872063508,0.6249184980453613,16.199432251929725,False,none,1,inf,1,0.05,uniform_model_mixture,,,,,,,,,,
11,5,Non-robust DR,15.826470720818365,0.9769768763922617,16.199432251929725,False,none,1,inf,1,0.05,uniform_model_mixture,,,,,,,,,,
11,10,Non-robust DR,15.826470720818365,0.9769768763922617,16.199432251929725,False,none,1,inf,1,0.05,uniform_model_mixture,,,,,,,,,,
11,15,Non-robust DR,15.929896707185401,0.9833614202922318,16.199432251929725,False,none,1,inf,1,0.05,uniform_model_mixture,,,,,,,,,,
11,20,Non-robust DR,15.929896707185401,0.9833614202922318,16.199432251929725,False,none,1,inf,1,0.05,uniform_model_mixture,,,,,,,,,,
11,25,Non-robust DR,15.929896707185401,0.9833614202922318,16.199432251929725,False,none,1,inf,1,0.05,uniform_model_mixture,,,,,,,,,,
11,30,Non-robust DR,15.929896707185401,0.9833614202922318,16.199432251929725,False,none,1,inf,1,0.05,uniform_model_mixture,,,,,,,,,,
11,35,Non-robust DR,15.929896707185401,0.9833614202922318,16.199432251929725,False,none,1,inf,1,0.05,uniform_model_mixture,,,,,,,,,,
11,40,Non-robust DR,15.929896707185401,0.9833614202922318,16.199432251929725,False,none,1,inf,1,0.05,uniform_model_mixture,,,,,,,,,,
11,45,Non-robust DR,15.929896707185401,0.9833614202922318,16.199432251929725,False,none,1,inf,1,0.05,uniform_model_mixture,,,,,,,,,,
11,50,Non-robust DR,15.906660037604846,0.9819270077017667,16.199432251929725,False,none,1,inf,1,0.05,uniform_model_mixture,,,,,,,,,,
11,55,Non-robust DR,15.906660037604846,0.9819270077017667,16.199432251929725,False,none,1,inf,1,0.05,uniform_model_mixture,,,,,,,,,,
11,60,Non-robust DR,15.906660037604846,0.9819270077017667,16.199432251929725,False,none,1,inf,1,0.05,uniform_model_mixture,,,,,,,,,,
11,65,Non-robust DR,15.906660037604846,0.9819270077017667,16.199432251929725,False,none,1,inf,1,0.05,uniform_model_mixture,,,,,,,,,,
11,70,Non-robust DR,15.906660037604846,0.9819270077017667,16.199432251929725,False,none,1,inf,1,0.05,uniform_model_mixture,,,,,,,,,,
11,75,Non-robust DR,15.906660037604846,0.9819270077017667,16.199432251929725,False,none,1,inf,1,0.05,uniform_model_mixture,,,,,,,,,,
11,80,Non-robust DR,15.906660037604846,0.9819270077017667,16.199432251929725,False,none,1,inf,1,0.05,uniform_model_mixture,,,,,,,,,,
11,85,Non-robust DR,15.906660037604846,0.9819270077017667,16.199432251929725,False,none,1,inf,1,0.05,uniform_model_mixture,,,,,,,,,,
11,90,Non-robust DR,15.906660037604846,0.9819270077017667,16.199432251929725,False,none,1,inf,1,0.05,uniform_model_mixture,,,,,,,,,,
11,95,Non-robust DR,15.906660037604846,0.9819270077017667,16.199432251929725,False,none,1,inf,1,0.05,uniform_model_mixture,,,,,,,,,,
11,100,Non-robust DR,15.906660037604846,0.9819270077017667,16.199432251929725,False,none,1,inf,1,0.05,uniform_model_mixture,,,,,,,,,,
11,105,Non-robust DR,15.906660037604846,0.9819270077017667,16.199432251929725,False,none,1,inf,1,0.05,uniform_model_mixture,,,,,,,,,,
11,110,Non-robust DR,15.906660037604846,0.9819270077017667,16.199432251929725,False,none,1,inf,1,0.05,uniform_model_mixture,,,,,,,,,,
11,115,Non-robust DR,15.906660037604846,0.9819270077017667,16.199432251929725,False,none,1,inf,1,0.05,uniform_model_mixture,,,,,,,,,,
11,120,Non-robust DR,15.906660037604846,0.9819270077017667,16.199432251929725,False,none,1,inf,1,0.05,uniform_model_mixture,,,,,,,,,,
11,125,Non-robust DR,15.906660037604846,0.9819270077017667,16.199432251929725,False,none,1,inf,1,0.05,uniform_model_mixture,,,,,,,,,,
11,130,Non-robust DR,15.906660037604846,0.9819270077017667,16.199432251929725,False,none,1,inf,1,0.05,uniform_model_mixture,,,,,,,,,,
11,135,Non-robust DR,15.906660037604846,0.9819270077017667,16.199432251929725,False,none,1,inf,1,0.05,uniform_model_mixture,,,,,,,,,,
11,140,Non-robust DR,15.906660037604846,0.9819270077017667,16.199432251929725,False,none,1,inf,1,0.05,uniform_model_mixture,,,,,,,,,,
11,145,Non-robust DR,15.906660037604846,0.9819270077017667,16.199432251929725,False,none,1,inf,1,0.05,uniform_model_mixture,,,,,,,,,,
11,150,Non-robust DR,15.906660037604846,0.9819270077017667,16.199432251929725,False,none,1,inf,1,0.05,uniform_model_mixture,,,,,,,,,,
11,155,Non-robust DR,15.906660037604846,0.9819270077017667,16.199432251929725,False,none,1,inf,1,0.05,uniform_model_mixture,,,,,,,,,,
11,160,Non-robust DR,15.906660037604846,0.9819270077017667,16.199432251929725,False,none,1,inf,1,0.05,uniform_model_mixture,,,,,,,,,,
11,165,Non-robust DR,15.906660037604846,0.9819270077017667,16.199432251929725,False,none,1,inf,1,0.05,uniform_model_mixture,,,,,,,,,,
11,170,Non-robust DR,15.906660037604846,0.9819270077017667,16.199432251929725,False,none,1,inf,1,0.05,uniform_model_mixture,,,,,,,,,,
11,175,Non-robust DR,15.906660037604846,0.9819270077017667,16.199432251929725,False,none,1,inf,1,0.05,uniform_model_mixture,,,,,,,,,,
11,180,Non-robust DR,15.906660037604846,0.9819270077017667,16.199432251929725,False,none,1,inf,1,0.05,uniform_model_mixture,,,,,,,,,,
11,185,Non-robust DR,15.906660037604846,0.9819270077017667,16.199432251929725,False,none,1,inf,1,0.05,uniform_model_mixture,,,,,,,,,,
11,190,Non-robust DR,15.906660037604846,0.9819270077017667,16.199432251929725,False,none,1,inf,1,0.05,uniform_model_mixture,,,,,,,,,,
11,195,Non-robust DR,15.906660037604846,0.9819270077017667,16.199432251929725,False,none,1,inf,1,0.05,uniform_model_mixture,,,,,,,,,,
11,200,Non-robust DR,15.906660037604846,0.9819270077017667,16.199432251929725,False,none,1,inf,1,0.05,uniform_model_mixture,,,,,,,,,,
11,205,Non-robust DR,15.906660037604846,0.9819270077017667,16.199432251929725,False,none,1,inf,1,0.05,uniform_model_mixture,,,,,,,,,,
11,210,Non-robust DR,15.906660037604846,0.9819270077017667,16.199432251929725,False,none,1,inf,1,0.05,uniform_model_mixture,,,,,,,,,,
11,215,Non-robust DR,15.906660037604846,0.9819270077017667,16.199432251929725,False,none,1,inf,1,0.05,uniform_model_mixture,,,,,,,,,,
11,220,Non-robust DR,15.906660037604846,0.9819270077017667,16.199432251929725,False,none,1,inf,1,0.05,uniform_model_mixture,,,,,,,,,,
11,225,Non-robust DR,15.906660037604846,0.9819270077017667,16.199432251929725,False,none,1,inf,1,0.05,uniform_model_mixture,,,,,,,,,,
11,230,Non-robust DR,15.906660037604846,0.9819270077017667,16.199432251929725,False,none,1,inf,1,0.05,uniform_model_mixture,,,,,,,,,,
11,235,Non-robust DR,15.906660037604846,0.9819270077017667,16.199432251929725,False,none,1,inf,1,0.05,uniform_model_mixture,,,,,,,,,,
11,240,Non-robust DR,15.906660037604846,0.9819270077017667,16.199432251929725,False,none,1,inf,1,0.05,uniform_model_mixture,,,,,,,,,,
11,245,Non-robust DR,15.906660037604846,0.9819270077017667,16.199432251929725,False,none,1,inf,1,0.05,uniform_model_mixture,,,,,,,,,,
11,250,Non-robust DR,15.906660037604846,0.9819270077017667,16.199432251929725,False,none,1,inf,1,0.05,uniform_model_mixture,,,,,,,,,,
11,255,Non-robust DR,15.906660037604846,0.9819270077017667,16.199432251929725,False,none,1,inf,1,0.05,uniform_model_mixture,,,,,,,,,,
11,260,Non-robust DR,15.906660037604846,0.9819270077017667,16.199432251929725,False,none,1,inf,1,0.05,uniform_model_mixture,,,,,,,,,,
11,265,Non-robust DR,15.906660037604846,0.9819270077017667,16.199432251929725,False,none,1,inf,1,0.05,uniform_model_mixture,,,,,,,,,,
11,270,Non-robust DR,15.906660037604846,0.9819270077017667,16.199432251929725,False,none,1,inf,1,0.05,uniform_model_mixture,,,,,,,,,,
11,275,Non-robust DR,15.906660037604846,0.9819270077017667,16.199432251929725,False,none,1,inf,1,0.05,uniform_model_mixture,,,,,,,,,,
11,280,Non-robust DR,15.906660037604846,0.9819270077017667,16.199432251929725,False,none,1,inf,1,0.05,uniform_model_mixture,,,,,,,,,,
11,285,Non-robust DR,15.906660037604846,0.9819270077017667,16.199432251929725,False,none,1,inf,1,0.05,uniform_model_mixture,,,,,,,,,,
11,290,Non-robust DR,15.906660037604846,0.9819270077017667,16.199432251929725,False,none,1,inf,1,0.05,uniform_model_mixture,,,,,,,,,,
11,295,Non-robust DR,15.906660037604846,0.9819270077017667,16.199432251929725,False,none,1,inf,1,0.05,uniform_model_mixture,,,,,,,,,,
11,300,Non-robust DR,15.906660037604846,0.9819270077017667,16.199432251929725,False,none,1,inf,1,0.05,uniform_model_mixture,,,,,,,,,,
11,-1,metadata,,,,,none,1,inf,1,0.05,uniform_model_mixture,0.0,0.3,0.0,0.0,0.3,0.3,0.27602986283560066,0.14999999999999997,0.16666666666666666,0.408162732967454
11,-1,metadata,,,,,none,1,inf,1,0.05,uniform_model_mixture,1.0,0.6,0.0,0.0,0.6,0.6,0.580057941350515,0.29999999999999993,0.16666666666666666,0.2040817066187709
11,-1,metadata,,,,,none,1,inf,1,0.05,uniform_model_mixture,2.0,0.9,0.0,0.0,0.9000000000000001,0.9000000000000001,0.8591080304616361,0.4499999999999999,0.16666666666666666,0.13605454666491387
11,-1,metadata,,,,,none,1,inf,1,0.05,uniform_model_mixture,3.0,1.2,0.0,0.0,1.2,1.2,1.1187785384908246,0.5999999999999999,0.16666666666666666,0.10204093834335902
11,-1,metadata,,,,,none,1,inf,1,0.05,uniform_model_mixture,4.0,1.5,0.0,0.0,1.5,1.5,1.4249725780429894,0.7499999999999999,0.16666666666666666,0.08163276428013659
11,-1,metadata,,,,,none,1,inf,1,0.05,uniform_model_mixture,5.0,1.8,0.0,0.0,1.7999999999999998,1.7999999999999998,1.705627428498611,0.8999999999999998,0.16666666666666666,0.06802731112536559
12,0,Non-robust DR,11.20951265473268,0.6826614808450401,16.42030928837066,False,none,1,inf,1,0.05,uniform_model_mixture,,,,,,,,,,
12,5,Non-robust DR,16.31130130309109,0.9933613926896752,16.42030928837066,False,none,1,inf,1,0.05,uniform_model_mixture,,,,,,,,,,
12,10,Non-robust DR,16.31130130309109,0.9933613926896752,16.42030928837066,False,none,1,inf,1,0.05,uniform_model_mixture,,,,,,,,,,
12,15,Non-robust DR,16.31130130309109,0.9933613926896752,16.42030928837066,False,none,1,inf,1,0.05,uniform_model_mixture,,,,,,,,,,
12,20,Non-robust DR,16.39202927323244,0.9982777416282743,16.42030928837066,False,none,1,inf,1,0.05,uniform_model_mixture,,,,,,,,,,
12,25,Non-robust DR,16.406199187545987,0.9991406921406367,16.42030928837066,False,none,1,inf,1,0.05,uniform_model_mixture,,,,,,,,,,
12,30,Non-robust DR,16.406199187545987,0.9991406921406367,16.42030928837066,False,none,1,inf,1,0.05,uniform_model_mixture,,,,,,,,,,
12,35,Non-robust DR,16.406199187545987,0.9991406921406367,16.42030928837066,False,none,1,inf,1,0.05,uniform_model_mixture,,,,,,,,,,
12,40,Non-robust DR,16.406199187545987,0.9991406921406367,16.42030928837066,False,none,1,inf,1,0.05,uniform_model_mixture,,,,,,,,,,
12,45,Non-robust DR,16.406199187545987,0.9991406921406367,16.42030928837066,False,none,1,inf,1,0.05,uniform_model_mixture,,,,,,,,,,
12,50,Non-robust DR,16.406199187545987,0.9991406921406367,16.42030928837066,False,none,1,inf,1,0.05,uniform_model_mixture,,,,,,,,,,
12,55,Non-robust DR,16.406199187545987,0.9991406921406367,16.42030928837066,False,none,1,inf,1,0.05,uniform_model_mixture,,,,,,,,,,
12,60,Non-robust DR,16.406199187545987,0.9991406921406367,16.42030928837066,False,none,1,inf,1,0.05,uniform_model_mixture,,,,,,,,,,
12,65,Non-robust DR,16.406199187545987,0.9991406921406367,16.42030928837066,False,none,1,inf,1,0.05,uniform_model_mixture,,,,,,,,,,
12,70,Non-robust DR,16.406199187545987,0.9991406921406367,16.42030928837066,False,none,1,inf,1,0.05,uniform_model_mixture,,,,,,,,,,
12,75,Non-robust DR,16.406199187545987,0.9991406921406367,16.42030928837066,False,none,1,inf,1,0.05,uniform_model_mixture,,,,,,,,,,
12,80,Non-robust DR,16.406199187545987,0.9991406921406367,16.42030928837066,False,none,1,inf,1,0.05,uniform_model_mixture,,,,,,,,,,
12,85,Non-robust DR,16.406199187545987,0.9991406921406367,16.42030928837066,False,none,1,inf,1,0.05,uniform_model_mixture,,,,,,,,,,
12,90,Non-robust DR,16.406199187545987,0.9991406921406367,16.42030928837066,False,none,1,inf,1,0.05,uniform_model_mixture,,,,,,,,,,
12,95,Non-robust DR,16.406199187545987,0.9991406921406367,16.42030928837066,False,none,1,inf,1,0.05,uniform_model_mixture,,,,,,,,,,
12,100,Non-robust DR,16.406199187545987,0.9991406921406367,16.42030928837066,False,none,1,inf,1,0.05,uniform_model_mixture,,,,,,,,,,
12,105,Non-robust DR,16.406199187545987,0.9991406921406367,16.42030928837066,False,none,1,inf,1,0.05,uniform_model_mixture,,,,,,,,,,
12,110,Non-robust DR,16.406199187545987,0.9991406921406367,16.42030928837066,False,none,1,inf,1,0.05,uniform_model_mixture,,,,,,,,,,
12,115,Non-robust DR,16.406199187545987,0.9991406921406367,16.42030928837066,False,none,1,inf,1,0.05,uniform_model_mixture,,,,,,,,,,
12,120,Non-robust DR,16.406199187545987,0.9991406921406367,16.42030928837066,False,none,1,inf,1,0.05,uniform_model_mixture,,,,,,,,,,
12,125,Non-robust DR,16.406199187545987,0.9991406921406367,16.42030928837066,False,none,1,inf,1,0.05,uniform_model_mixture,,,,,,,,,,
12,130,Non-robust DR,16.406199187545987,0.9991406921406367,16.42030928837066,False,none,1,inf,1,0.05,uniform_model_mixture,,,,,,,,,,
12,135,Non-robust DR,16.406199187545987,0.9991406921406367,16.42030928837066,False,none,1,inf,1,0.05,uniform_model_mixture,,,,,,,,,,
12,140,Non-robust DR,16.406199187545987,0.9991406921406367,16.42030928837066,False,none,1,inf,1,0.05,uniform_model_mixture,,,,,,,,,,
12,145,Non-robust DR,16.406199187545987,0.9991406921406367,16.42030928837066,False,none,1,inf,1,0.05,uniform_model_mixture,,,,,,,,,,
12,150,Non-robust DR,16.406199187545987,0.9991406921406367,16.42030928837066,False,none,1,inf,1,0.05,uniform_model_mixture,,,,,,,,,,
12,155,Non-robust DR,16.406199187545987,0.9991406921406367,16.42030928837066,False,none,1,inf,1,0.05,uniform_model_mixture,,,,,,,,,,
12,160,Non-robust DR,16.406199187545987,0.9991406921406367,16.42030928837066,False,none,1,inf,1,0.05,uniform_model_mixture,,,,,,,,,,
12,165,Non-robust DR,16.406199187545987,0.9991406921406367,16.42030928837066,False,none,1,inf,1,0.05,uniform_model_mixture,,,,,,,,,,
12,170,Non-robust DR,16.406199187545987,0.9991406921406367,16.42030928837066,False,none,1,inf,1,0.05,uniform_model_mixture,,,,,,,,,,
12,175,Non-robust DR,16.406199187545987,0.9991406921406367,16.42030928837066,False,none,1,inf,1,0.05,uniform_model_mixture,,,,,,,,,,
12,180,Non-robust DR,16.406199187545987,0.9991406921406367,16.42030928837066,False,none,1,inf,1,0.05,uniform_model_mixture,,,,,,,,,,
12,185,Non-robust DR,16.406199187545987,0.9991406921406367,16.42030928837066,False,none,1,inf,1,0.05,uniform_model_mixture,,,,,,,,,,
12,190,Non-robust DR,16.406199187545987,0.9991406921406367,16.42030928837066,False,none,1,inf,1,0.05,uniform_model_mixture,,,,,,,,,,
12,195,Non-robust DR,16.406199187545987,0.9991406921406367,16.42030928837066,False,none,1,inf,1,0.05,uniform_model_mixture,,,,,,,,,,
12,200,Non-robust DR,16.406199187545987,0.9991406921406367,16.42030928837066,False,none,1,inf,1,0.05,uniform_model_mixture,,,,,,,,,,
12,205,Non-robust DR,16.406199187545987,0.9991406921406367,16.42030928837066,False,none,1,inf,1,0.05,uniform_model_mixture,,,,,,,,,,
12,210,Non-robust DR,16.406199187545987,0.9991406921406367,16.42030928837066,False,none,1,inf,1,0.05,uniform_model_mixture,,,,,,,,,,
12,215,Non-robust DR,16.406199187545987,0.9991406921406367,16.42030928837066,False,none,1,inf,1,0.05,uniform_model_mixture,,,,,,,,,,
12,220,Non-robust DR,16.406199187545987,0.9991406921406367,16.42030928837066,False,none,1,inf,1,0.05,uniform_model_mixture,,,,,,,,,,
12,225,Non-robust DR,16.406199187545987,0.9991406921406367,16.42030928837066,False,none,1,inf,1,0.05,uniform_model_mixture,,,,,,,,,,
12,230,Non-robust DR,16.406199187545987,0.9991406921406367,16.42030928837066,False,none,1,inf,1,0.05,uniform_model_mixture,,,,,,,,,,
12,235,Non-robust DR,16.406199187545987,0.9991406921406367,16.42030928837066,False,none,1,inf,1,0.05,uniform_model_mixture,,,,,,,,,,
12,240,Non-robust DR,16.406199187545987,0.9991406921406367,16.42030928837066,False,none,1,inf,1,0.05,uniform_model_mixture,,,,,,,,,,
12,245,Non-robust DR,16.406199187545987,0.9991406921406367,16.42030928837066,False,none,1,inf,1,0.05,uniform_model_mixture,,,,,,,,,,
12,250,Non-robust DR,16.406199187545987,0.9991406921406367,16.42030928837066,False,none,1,inf,1,0.05,uniform_model_mixture,,,,,,,,,,
12,255,Non-robust DR,16.406199187545987,0.9991406921406367,16.42030928837066,False,none,1,inf,1,0.05,uniform_model_mixture,,,,,,,,,,
12,260,Non-robust DR,16.406199187545987,0.9991406921406367,16.42030928837066,False,none,1,inf,1,0.05,uniform_model_mixture,,,,,,,,,,
12,265,Non-robust DR,16.406199187545987,0.9991406921406367,16.42030928837066,False,none,1,inf,1,0.05,uniform_model_mixture,,,,,,,,,,
12,270,Non-robust DR,16.406199187545987,0.9991406921406367,16.42030928837066,False,none,1,inf,1,0.05,uniform_model_mixture,,,,,,,,,,
12,275,Non-robust DR,16.406199187545987,0.9991406921406367,16.42030928837066,False,none,1,inf,1,0.05,uniform_model_mixture,,,,,,,,,,
12,280,Non-robust DR,16.406199187545987,0.9991406921406367,16.42030928837066,False,none,1,inf,1,0.05,uniform_model_mixture,,,,,,,,,,
12,285,Non-robust DR,16.406199187545987,0.9991406921406367,16.42030928837066,False,none,1,inf,1,0.05,uniform_model_mixture,,,,,,,,,,
12,290,Non-robust DR,16.406199187545987,0.9991406921406367,16.42030928837066,False,none,1,inf,1,0.05,uniform_model_mixture,,,,,,,,,,
12,295,Non-robust DR,16.406199187545987,0.9991406921406367,16.42030928837066,False,none,1,inf,1,0.05,uniform_model_mixture,,,,,,,,,,
12,300,Non-robust DR,16.406199187545987,0.9991406921406367,16.42030928837066,False,none,1,inf,1,0.05,uniform_model_mixture,,,,,,,,,,
12,-1,metadata,,,,,none,1,inf,1,0.05,uniform_model_mixture,0.0,0.3,0.0,0.0,0.29999999999999993,0.29999999999999993,0.2850838026149037,0.14999999999999997,0.16666666666666666,0.40816273296745403
12,-1,metadata,,,,,none,1,inf,1,0.05,uniform_model_mixture,1.0,0.6,0.0,0.0,0.6,0.6,0.5710675916184489,0.29999999999999993,0.16666666666666666,0.20408170661877087
12,-1,metadata,,,,,none,1,inf,1,0.05,uniform_model_mixture,2.0,0.9,0.0,0.0,0.9,0.9,0.8511279045623006,0.4499999999999999,0.16666666666666666,0.13605454666491384
12,-1,metadata,,,,,none,1,inf,1,0.05,uniform_model_mixture,3.0,1.2,0.0,0.0,1.2,1.2,1.136940360077221,0.5999999999999999,0.16666666666666666,0.10204093834335899
12,-1,metadata,,,,,none,1,inf,1,0.05,uniform_model_mixture,4.0,1.5,0.0,0.0,1.5,1.5,1.401303890332372,0.7499999999999999,0.16666666666666666,0.08163276428013658
12,-1,metadata,,,,,none,1,inf,1,0.05,uniform_model_mixture,5.0,1.8,0.0,0.0,1.8,1.8,1.7088892775939637,0.8999999999999998,0.16666666666666666,0.06802731112536556
13,0,Non-robust DR,10.124541083365923,0.6347406980568587,15.950672635865848,False,none,1,inf,1,0.05,uniform_model_mixture,,,,,,,,,,
13,5,Non-robust DR,15.59042745874094,0.9774150479199931,15.950672635865848,False,none,1,inf,1,0.05,uniform_model_mixture,,,,,,,,,,
13,10,Non-robust DR,15.59042745874094,0.9774150479199931,15.950672635865848,False,none,1,inf,1,0.05,uniform_model_mixture,,,,,,,,,,
13,15,Non-robust DR,15.59042745874094,0.9774150479199931,15.950672635865848,False,none,1,inf,1,0.05,uniform_model_mixture,,,,,,,,,,
13,20,Non-robust DR,15.720633764866818,0.9855781084440429,15.950672635865848,False,none,1,inf,1,0.05,uniform_model_mixture,,,,,,,,,,
13,25,Non-robust DR,15.720633764866818,0.9855781084440429,15.950672635865848,False,none,1,inf,1,0.05,uniform_model_mixture,,,,,,,,,,
13,30,Non-robust DR,15.720633764866818,0.9855781084440429,15.950672635865848,False,none,1,inf,1,0.05,uniform_model_mixture,,,,,,,,,,
13,35,Non-robust DR,15.720633764866818,0.9855781084440429,15.950672635865848,False,none,1,inf,1,0.05,uniform_model_mixture,,,,,,,,,,
13,40,Non-robust DR,15.720633764866818,0.9855781084440429,15.950672635865848,False,none,1,inf,1,0.05,uniform_model_mixture,,,,,,,,,,
13,45,Non-robust DR,15.720633764866818,0.9855781084440429,15.950672635865848,False,none,1,inf,1,0.05,uniform_model_mixture,,,,,,,,,,
13,50,Non-robust DR,15.720633764866818,0.9855781084440429,15.950672635865848,False,none,1,inf,1,0.05,uniform_model_mixture,,,,,,,,,,
13,55,Non-robust DR,15.720633764866818,0.9855781084440429,15.950672635865848,False,none,1,inf,1,0.05,uniform_model_mixture,,,,,,,,,,
13,60,Non-robust DR,15.720633764866818,0.9855781084440429,15.950672635865848,False,none,1,inf,1,0.05,uniform_model_mixture,,,,,,,,,,
13,65,Non-robust DR,15.720633764866818,0.9855781084440429,15.950672635865848,False,none,1,inf,1,0.05,uniform_model_mixture,,,,,,,,,,
13,70,Non-robust DR,15.720633764866818,0.9855781084440429,15.950672635865848,False,none,1,inf,1,0.05,uniform_model_mixture,,,,,,,,,,
13,75,Non-robust DR,15.720633764866818,0.9855781084440429,15.950672635865848,False,none,1,inf,1,0.05,uniform_model_mixture,,,,,,,,,,
13,80,Non-robust DR,15.720633764866818,0.9855781084440429,15.950672635865848,False,none,1,inf,1,0.05,uniform_model_mixture,,,,,,,,,,
13,85,Non-robust DR,15.720633764866818,0.9855781084440429,15.950672635865848,False,none,1,inf,1,0.05,uniform_model_mixture,,,,,,,,,,
13,90,Non-robust DR,15.720633764866818,0.9855781084440429,15.950672635865848,False,none,1,inf,1,0.05,uniform_model_mixture,,,,,,,,,,
13,95,Non-robust DR,15.720633764866818,0.9855781084440429,15.950672635865848,False,none,1,inf,1,0.05,uniform_model_mixture,,,,,,,,,,
13,100,Non-robust DR,15.720633764866818,0.9855781084440429,15.950672635865848,False,none,1,inf,1,0.05,uniform_model_mixture,,,,,,,,,,
13,105,Non-robust DR,15.869068043177807,0.9948839403484121,15.950672635865848,False,none,1,inf,1,0.05,uniform_model_mixture,,,,,,,,,,
13,110,Non-robust DR,15.869068043177807,0.9948839403484121,15.950672635865848,False,none,1,inf,1,0.05,uniform_model_mixture,,,,,,,,,,
13,115,Non-robust DR,15.869068043177807,0.9948839403484121,15.950672635865848,False,none,1,inf,1,0.05,uniform_model_mixture,,,,,,,,,,
13,120,Non-robust DR,15.869068043177807,0.9948839403484121,15.950672635865848,False,none,1,inf,1,0.05,uniform_model_mixture,,,,,,,,,,
13,125,Non-robust DR,15.845562703273272,0.9934103134712807,15.950672635865848,False,none,1,inf,1,0.05,uniform_model_mixture,,,,,,,,,,
13,130,Non-robust DR,15.845562703273272,0.9934103134712807,15.950672635865848,False,none,1,inf,1,0.05,uniform_model_mixture,,,,,,,,,,
13,135,Non-robust DR,15.845562703273272,0.9934103134712807,15.950672635865848,False,none,1,inf,1,0.05,uniform_model_mixture,,,,,,,,,,
13,140,Non-robust DR,15.845562703273272,0.9934103134712807,15.950672635865848,False,none,1,inf,1,0.05,uniform_model_mixture,,,,,,,,,,
13,145,Non-robust DR,15.845562703273272,0.9934103134712807,15.950672635865848,False,none,1,inf,1,0.05,uniform_model_mixture,,,,,,,,,,
13,150,Non-robust DR,15.845562703273272,0.9934103134712807,15.950672635865848,False,none,1,inf,1,0.05,uniform_model_mixture,,,,,,,,,,
13,155,Non-robust DR,15.845562703273272,0.9934103134712807,15.950672635865848,False,none,1,inf,1,0.05,uniform_model_mixture,,,,,,,,,,
13,160,Non-robust DR,15.845562703273272,0.9934103134712807,15.950672635865848,False,none,1,inf,1,0.05,uniform_model_mixture,,,,,,,,,,
13,165,Non-robust DR,15.845562703273272,0.9934103134712807,15.950672635865848,False,none,1,inf,1,0.05,uniform_model_mixture,,,,,,,,,,
13,170,Non-robust DR,15.845562703273272,0.9934103134712807,15.950672635865848,False,none,1,inf,1,0.05,uniform_model_mixture,,,,,,,,,,
13,175,Non-robust DR,15.845562703273272,0.9934103134712807,15.950672635865848,False,none,1,inf,1,0.05,uniform_model_mixture,,,,,,,,,,
13,180,Non-robust DR,15.845562703273272,0.9934103134712807,15.950672635865848,False,none,1,inf,1,0.05,uniform_model_mixture,,,,,,,,,,
13,185,Non-robust DR,15.845562703273272,0.9934103134712807,15.950672635865848,False,none,1,inf,1,0.05,uniform_model_mixture,,,,,,,,,,
13,190,Non-robust DR,15.845562703273272,0.9934103134712807,15.950672635865848,False,none,1,inf,1,0.05,uniform_model_mixture,,,,,,,,,,
13,195,Non-robust DR,15.845562703273272,0.9934103134712807,15.950672635865848,False,none,1,inf,1,0.05,uniform_model_mixture,,,,,,,,,,
13,200,Non-robust DR,15.845562703273272,0.9934103134712807,15.950672635865848,False,none,1,inf,1,0.05,uniform_model_mixture,,,,,,,,,,
13,205,Non-robust DR,15.845562703273272,0.9934103134712807,15.950672635865848,False,none,1,inf,1,0.05,uniform_model_mixture,,,,,,,,,,
13,210,Non-robust DR,15.845562703273272,0.9934103134712807,15.950672635865848,False,none,1,inf,1,0.05,uniform_model_mixture,,,,,,,,,,
13,215,Non-robust DR,15.845562703273272,0.9934103134712807,15.950672635865848,False,none,1,inf,1,0.05,uniform_model_mixture,,,,,,,,,,
13,220,Non-robust DR,15.845562703273272,0.9934103134712807,15.950672635865848,False,none,1,inf,1,0.05,uniform_model_mixture,,,,,,,,,,
13,225,Non-robust DR,15.845562703273272,0.9934103134712807,15.950672635865848,False,none,1,inf,1,0.05,uniform_model_mixture,,,,,,,,,,
13,230,Non-robust DR,15.845562703273272,0.9934103134712807,15.950672635865848,False,none,1,inf,1,0.05,uniform_model_mixture,,,,,,,,,,
13,235,Non-robust DR,15.845562703273272,0.9934103134712807,15.950672635865848,False,none,1,inf,1,0.05,uniform_model_mixture,,,,,,,,,,
13,240,Non-robust DR,15.845562703273272,0.9934103134712807,15.950672635865848,False,none,1,inf,1,0.05,uniform_model_mixture,,,,,,,,,,
13,245,Non-robust DR,15.845562703273272,0.9934103134712807,15.950672635865848,False,none,1,inf,1,0.05,uniform_model_mixture,,,,,,,,,,
13,250,Non-robust DR,15.845562703273272,0.9934103134712807,15.950672635865848,False,none,1,inf,1,0.05,uniform_model_mixture,,,,,,,,,,
13,255,Non-robust DR,15.845562703273272,0.9934103134712807,15.950672635865848,False,none,1,inf,1,0.05,uniform_model_mixture,,,,,,,,,,
13,260,Non-robust DR,15.845562703273272,0.9934103134712807,15.950672635865848,False,none,1,inf,1,0.05,uniform_model_mixture,,,,,,,,,,
13,265,Non-robust DR,15.845562703273272,0.9934103134712807,15.950672635865848,False,none,1,inf,1,0.05,uniform_model_mixture,,,,,,,,,,
13,270,Non-robust DR,15.845562703273272,0.9934103134712807,15.950672635865848,False,none,1,inf,1,0.05,uniform_model_mixture,,,,,,,,,,
13,275,Non-robust DR,15.845562703273272,0.9934103134712807,15.950672635865848,False,none,1,inf,1,0.05,uniform_model_mixture,,,,,,,,,,
13,280,Non-robust DR,15.845562703273272,0.9934103134712807,15.950672635865848,False,none,1,inf,1,0.05,uniform_model_mixture,,,,,,,,,,
13,285,Non-robust DR,15.845562703273272,0.9934103134712807,15.950672635865848,False,none,1,inf,1,0.05,uniform_model_mixture,,,,,,,,,,
13,290,Non-robust DR,15.845562703273272,0.9934103134712807,15.950672635865848,False,none,1,inf,1,0.05,uniform_model_mixture,,,,,,,,,,
13,295,Non-robust DR,15.845562703273272,0.9934103134712807,15.950672635865848,False,none,1,inf,1,0.05,uniform_model_mixture,,,,,,,,,,
13,300,Non-robust DR,15.845562703273272,0.9934103134712807,15.950672635865848,False,none,1,inf,1,0.05,uniform_model_mixture,,,,,,,,,,
13,-1,metadata,,,,,none,1,inf,1,0.05,uniform_model_mixture,0.0,0.3,0.0,0.0,0.3,0.3,0.2789385781250304,0.14999999999999997,0.16666666666666666,0.408162732967454
13,-1,metadata,,,,,none,1,inf,1,0.05,uniform_model_mixture,1.0,0.6,0.0,0.0,0.6,0.6,0.5617087703808513,0.29999999999999993,0.16666666666666666,0.2040817066187709
13,-1,metadata,,,,,none,1,inf,1,0.05,uniform_model_mixture,2.0,0.9,0.0,0.0,0.9000000000000001,0.9000000000000001,0.8478793295256765,0.45,0.16666666666666666,0.13605454666491387
13,-1,metadata,,,,,none,1,inf,1,0.05,uniform_model_mixture,3.0,1.2,0.0,0.0,1.2,1.2,1.1427779241107865,0.5999999999999999,0.16666666666666666,0.10204093834335902
13,-1,metadata,,,,,none,1,inf,1,0.05,uniform_model_mixture,4.0,1.5,0.0,0.0,1.5000000000000002,1.5000000000000002,1.4215964305344042,0.7499999999999999,0.16666666666666666,0.08163276428013658
13,-1,metadata,,,,,none,1,inf,1,0.05,uniform_model_mixture,5.0,1.8,0.0,0.0,1.8,1.8,1.653154286814115,0.8999999999999998,0.16666666666666666,0.06802731112536557
14,0,Non-robust DR,12.830996606197775,0.757100393974538,16.947549767923242,False,none,1,inf,1,0.05,uniform_model_mixture,,,,,,,,,,
14,5,Non-robust DR,16.379934753620194,0.9665075469860913,16.947549767923242,False,none,1,inf,1,0.05,uniform_model_mixture,,,,,,,,,,
14,10,Non-robust DR,16.379934753620194,0.9665075469860913,16.947549767923242,False,none,1,inf,1,0.05,uniform_model_mixture,,,,,,,,,,
14,15,Non-robust DR,16.379934753620194,0.9665075469860913,16.947549767923242,False,none,1,inf,1,0.05,uniform_model_mixture,,,,,,,,,,
14,20,Non-robust DR,16.379934753620194,0.9665075469860913,16.947549767923242,False,none,1,inf,1,0.05,uniform_model_mixture,,,,,,,,,,
14,25,Non-robust DR,16.379934753620194,0.9665075469860913,16.947549767923242,False,none,1,inf,1,0.05,uniform_model_mixture,,,,,,,,,,
14,30,Non-robust DR,16.379934753620194,0.9665075469860913,16.947549767923242,False,none,1,inf,1,0.05,uniform_model_mixture,,,,,,,,,,
14,35,Non-robust DR,16.379934753620194,0.9665075469860913,16.947549767923242,False,none,1,inf,1,0.05,uniform_model_mixture,,,,,,,,,,
14,40,Non-robust DR,16.379934753620194,0.9665075469860913,16.947549767923242,False,none,1,inf,1,0.05,uniform_model_mixture,,,,,,,,,,
14,45,Non-robust DR,16.379934753620194,0.9665075469860913,16.947549767923242,False,none,1,inf,1,0.05,uniform_model_mixture,,,,,,,,,,
14,50,Non-robust DR,16.379934753620194,0.9665075469860913,16.947549767923242,False,none,1,inf,1,0.05,uniform_model_mixture,,,,,,,,,,
14,55,Non-robust DR,16.379934753620194,0.9665075469860913,16.947549767923242,False,none,1,inf,1,0.05,uniform_model_mixture,,,,,,,,,,
14,60,Non-robust DR,16.379934753620194,0.9665075469860913,16.947549767923242,False,none,1,inf,1,0.05,uniform_model_mixture,,,,,,,,,,
14,65,Non-robust DR,16.379934753620194,0.9665075469860913,16.947549767923242,False,none,1,inf,1,0.05,uniform_model_mixture,,,,,,,,,,
14,70,Non-robust DR,16.379934753620194,0.9665075469860913,16.947549767923242,False,none,1,inf,1,0.05,uniform_model_mixture,,,,,,,,,,
14,75,Non-robust DR,16.379934753620194,0.9665075469860913,16.947549767923242,False,none,1,inf,1,0.05,uniform_model_mixture,,,,,,,,,,
14,80,Non-robust DR,16.379934753620194,0.9665075469860913,16.947549767923242,False,none,1,inf,1,0.05,uniform_model_mixture,,,,,,,,,,
14,85,Non-robust DR,16.379934753620194,0.9665075469860913,16.947549767923242,False,none,1,inf,1,0.05,uniform_model_mixture,,,,,,,,,,
14,90,Non-robust DR,16.379934753620194,0.9665075469860913,16.947549767923242,False,none,1,inf,1,0.05,uniform_model_mixture,,,,,,,,,,
14,95,Non-robust DR,16.379934753620194,0.9665075469860913,16.947549767923242,False,none,1,inf,1,0.05,uniform_model_mixture,,,,,,,,,,
14,100,Non-robust DR,16.379934753620194,0.9665075469860913,16.947549767923242,False,none,1,inf,1,0.05,uniform_model_mixture,,,,,,,,,,
14,105,Non-robust DR,16.379934753620194,0.9665075469860913,16.947549767923242,False,none,1,inf,1,0.05,uniform_model_mixture,,,,,,,,,,
14,110,Non-robust DR,16.379934753620194,0.9665075469860913,16.947549767923242,False,none,1,inf,1,0.05,uniform_model_mixture,,,,,,,,,,
14,115,Non-robust DR,16.379934753620194,0.9665075469860913,16.947549767923242,False,none,1,inf,1,0.05,uniform_model_mixture,,,,,,,,,,
14,120,Non-robust DR,16.379934753620194,0.9665075469860913,16.947549767923242,False,none,1,inf,1,0.05,uniform_model_mixture,,,,,,,,,,
14,125,Non-robust DR,16.379934753620194,0.9665075469860913,16.947549767923242,False,none,1,inf,1,0.05,uniform_model_mixture,,,,,,,,,,
14,130,Non-robust DR,16.379934753620194,0.9665075469860913,16.947549767923242,False,none,1,inf,1,0.05,uniform_model_mixture,,,,,,,,,,
14,135,Non-robust DR,16.379934753620194,0.9665075469860913,16.947549767923242,False,none,1,inf,1,0.05,uniform_model_mixture,,,,,,,,,,
14,140,Non-robust DR,16.379934753620194,0.9665075469860913,16.947549767923242,False,none,1,inf,1,0.05,uniform_model_mixture,,,,,,,,,,
14,145,Non-robust DR,16.379934753620194,0.9665075469860913,16.947549767923242,False,none,1,inf,1,0.05,uniform_model_mixture,,,,,,,,,,
14,150,Non-robust DR,16.379934753620194,0.9665075469860913,16.947549767923242,False,none,1,inf,1,0.05,uniform_model_mixture,,,,,,,,,,
14,155,Non-robust DR,16.379934753620194,0.9665075469860913,16.947549767923242,False,none,1,inf,1,0.05,uniform_model_mixture,,,,,,,,,,
14,160,Non-robust DR,16.379934753620194,0.9665075469860913,16.947549767923242,False,none,1,inf,1,0.05,uniform_model_mixture,,,,,,,,,,
14,165,Non-robust DR,16.379934753620194,0.9665075469860913,16.947549767923242,False,none,1,inf,1,0.05,uniform_model_mixture,,,,,,,,,,
14,170,Non-robust DR,16.379934753620194,0.9665075469860913,16.947549767923242,False,none,1,inf,1,0.05,uniform_model_mixture,,,,,,,,,,
14,175,Non-robust DR,16.379934753620194,0.9665075469860913,16.947549767923242,False,none,1,inf,1,0.05,uniform_model_mixture,,,,,,,,,,
14,180,Non-robust DR,16.379934753620194,0.9665075469860913,16.947549767923242,False,none,1,inf,1,0.05,uniform_model_mixture,,,,,,,,,,
14,185,Non-robust DR,16.379934753620194,0.9665075469860913,16.947549767923242,False,none,1,inf,1,0.05,uniform_model_mixture,,,,,,,,,,
14,190,Non-robust DR,16.379934753620194,0.9665075469860913,16.947549767923242,False,none,1,inf,1,0.05,uniform_model_mixture,,,,,,,,,,
14,195,Non-robust DR,16.379934753620194,0.9665075469860913,16.947549767923242,False,none,1,inf,1,0.05,uniform_model_mixture,,,,,,,,,,
14,200,Non-robust DR,16.379934753620194,0.9665075469860913,16.947549767923242,False,none,1,inf,1,0.05,uniform_model_mixture,,,,,,,,,,
14,205,Non-robust DR,16.379934753620194,0.9665075469860913,16.947549767923242,False,none,1,inf,1,0.05,uniform_model_mixture,,,,,,,,,,
14,210,Non-robust DR,16.379934753620194,0.9665075469860913,16.947549767923242,False,none,1,inf,1,0.05,uniform_model_mixture,,,,,,,,,,
14,215,Non-robust DR,16.379934753620194,0.9665075469860913,16.947549767923242,False,none,1,inf,1,0.05,uniform_model_mixture,,,,,,,,,,
14,220,Non-robust DR,16.379934753620194,0.9665075469860913,16.947549767923242,False,none,1,inf,1,0.05,uniform_model_mixture,,,,,,,,,,
14,225,Non-robust DR,16.379934753620194,0.9665075469860913,16.947549767923242,False,none,1,inf,1,0.05,uniform_model_mixture,,,,,,,,,,
14,230,Non-robust DR,16.379934753620194,0.9665075469860913,16.947549767923242,False,none,1,inf,1,0.05,uniform_model_mixture,,,,,,,,,,
14,235,Non-robust DR,16.379934753620194,0.9665075469860913,16.947549767923242,False,none,1,inf,1,0.05,uniform_model_mixture,,,,,,,,,,
14,240,Non-robust DR,16.379934753620194,0.9665075469860913,16.947549767923242,False,none,1,inf,1,0.05,uniform_model_mixture,,,,,,,,,,
14,245,Non-robust DR,16.379934753620194,0.9665075469860913,16.947549767923242,False,none,1,inf,1,0.05,uniform_model_mixture,,,,,,,,,,
14,250,Non-robust DR,16.379934753620194,0.9665075469860913,16.947549767923242,False,none,1,inf,1,0.05,uniform_model_mixture,,,,,,,,,,
14,255,Non-robust DR,16.379934753620194,0.9665075469860913,16.947549767923242,False,none,1,inf,1,0.05,uniform_model_mixture,,,,,,,,,,
14,260,Non-robust DR,16.379934753620194,0.9665075469860913,16.947549767923242,False,none,1,inf,1,0.05,uniform_model_mixture,,,,,,,,,,
14,265,Non-robust DR,16.379934753620194,0.9665075469860913,16.947549767923242,False,none,1,inf,1,0.05,uniform_model_mixture,,,,,,,,,,
14,270,Non-robust DR,16.379934753620194,0.9665075469860913,16.947549767923242,False,none,1,inf,1,0.05,uniform_model_mixture,,,,,,,,,,
14,275,Non-robust DR,16.379934753620194,0.9665075469860913,16.947549767923242,False,none,1,inf,1,0.05,uniform_model_mixture,,,,,,,,,,
14,280,Non-robust DR,16.379934753620194,0.9665075469860913,16.947549767923242,False,none,1,inf,1,0.05,uniform_model_mixture,,,,,,,,,,
14,285,Non-robust DR,16.379934753620194,0.9665075469860913,16.947549767923242,False,none,1,inf,1,0.05,uniform_model_mixture,,,,,,,,,,
14,290,Non-robust DR,16.379934753620194,0.9665075469860913,16.947549767923242,False,none,1,inf,1,0.05,uniform_model_mixture,,,,,,,,,,
14,295,Non-robust DR,16.379934753620194,0.9665075469860913,16.947549767923242,False,none,1,inf,1,0.05,uniform_model_mixture,,,,,,,,,,
14,300,Non-robust DR,16.379934753620194,0.9665075469860913,16.947549767923242,False,none,1,inf,1,0.05,uniform_model_mixture,,,,,,,,,,
14,-1,metadata,,,,,none,1,inf,1,0.05,uniform_model_mixture,0.0,0.3,0.0,0.0,0.3,0.3,0.28612895799503407,0.14999999999999997,0.16666666666666666,0.408162732967454
14,-1,metadata,,,,,none,1,inf,1,0.05,uniform_model_mixture,1.0,0.6,0.0,0.0,0.6,0.6,0.5729334093320358,0.29999999999999993,0.16666666666666666,0.2040817066187709
14,-1,metadata,,,,,none,1,inf,1,0.05,uniform_model_mixture,2.0,0.9,0.0,0.0,0.9,0.9,0.8426457223004735,0.4499999999999999,0.16666666666666666,0.13605454666491387
14,-1,metadata,,,,,none,1,inf,1,0.05,uniform_model_mixture,3.0,1.2,0.0,0.0,1.2000000000000002,1.2000000000000002,1.1163688907978928,0.5999999999999999,0.16666666666666666,0.102040938343359
14,-1,metadata,,,,,none,1,inf,1,0.05,uniform_model_mixture,4.0,1.5,0.0,0.0,1.5000000000000002,1.5000000000000002,1.4315954361424585,0.7499999999999999,0.16666666666666666,0.08163276428013658
14,-1,metadata,,,,,none,1,inf,1,0.05,uniform_model_mixture,5.0,1.8,0.0,0.0,1.7999999999999998,1.7999999999999998,1.736103546182483,0.8999999999999998,0.16666666666666666,0.06802731112536559
15,0,Non-robust DR,11.936723133685392,0.7371339913811391,16.193423818809414,False,none,1,inf,1,0.05,uniform_model_mixture,,,,,,,,,,
15,5,Non-robust DR,15.609755483847133,0.9639564590235499,16.193423818809414,False,none,1,inf,1,0.05,uniform_model_mixture,,,,,,,,,,
15,10,Non-robust DR,15.951023549806143,0.9850309439365311,16.193423818809414,False,none,1,inf,1,0.05,uniform_model_mixture,,,,,,,,,,
15,15,Non-robust DR,15.951023549806143,0.9850309439365311,16.193423818809414,False,none,1,inf,1,0.05,uniform_model_mixture,,,,,,,,,,
15,20,Non-robust DR,15.935006971823624,0.984041864779354,16.193423818809414,False,none,1,inf,1,0.05,uniform_model_mixture,,,,,,,,,,
15,25,Non-robust DR,15.935006971823624,0.984041864779354,16.193423818809414,False,none,1,inf,1,0.05,uniform_model_mixture,,,,,,,,,,
15,30,Non-robust DR,15.935006971823624,0.984041864779354,16.193423818809414,False,none,1,inf,1,0.05,uniform_model_mixture,,,,,,,,,,
15,35,Non-robust DR,15.935006971823624,0.984041864779354,16.193423818809414,False,none,1,inf,1,0.05,uniform_model_mixture,,,,,,,,,,
15,40,Non-robust DR,15.929480491650489,0.9837005854899973,16.193423818809414,False,none,1,inf,1,0.05,uniform_model_mixture,,,,,,,,,,
15,45,Non-robust DR,15.929480491650489,0.9837005854899973,16.193423818809414,False,none,1,inf,1,0.05,uniform_model_mixture,,,,,,,,,,
15,50,Non-robust DR,15.929480491650489,0.9837005854899973,16.193423818809414,False,none,1,inf,1,0.05,uniform_model_mixture,,,,,,,,,,
15,55,Non-robust DR,15.929480491650489,0.9837005854899973,16.193423818809414,False,none,1,inf,1,0.05,uniform_model_mixture,,,,,,,,,,
15,60,Non-robust DR,15.929480491650489,0.9837005854899973,16.193423818809414,False,none,1,inf,1,0.05,uniform_model_mixture,,,,,,,,,,
15,65,Non-robust DR,15.929480491650489,0.9837005854899973,16.193423818809414,False,none,1,inf,1,0.05,uniform_model_mixture,,,,,,,,,,
15,70,Non-robust DR,15.929480491650489,0.9837005854899973,16.193423818809414,False,none,1,inf,1,0.05,uniform_model_mixture,,,,,,,,,,
15,75,Non-robust DR,15.929480491650489,0.9837005854899973,16.193423818809414,False,none,1,inf,1,0.05,uniform_model_mixture,,,,,,,,,,
15,80,Non-robust DR,15.929480491650489,0.9837005854899973,16.193423818809414,False,none,1,inf,1,0.05,uniform_model_mixture,,,,,,,,,,
15,85,Non-robust DR,15.929480491650489,0.9837005854899973,16.193423818809414,False,none,1,inf,1,0.05,uniform_model_mixture,,,,,,,,,,
15,90,Non-robust DR,15.929480491650489,0.9837005854899973,16.193423818809414,False,none,1,inf,1,0.05,uniform_model_mixture,,,,,,,,,,
15,95,Non-robust DR,15.929480491650489,0.9837005854899973,16.193423818809414,False,none,1,inf,1,0.05,uniform_model_mixture,,,,,,,,,,
15,100,Non-robust DR,15.929480491650489,0.9837005854899973,16.193423818809414,False,none,1,inf,1,0.05,uniform_model_mixture,,,,,,,,,,
15,105,Non-robust DR,15.929480491650489,0.9837005854899973,16.193423818809414,False,none,1,inf,1,0.05,uniform_model_mixture,,,,,,,,,,
15,110,Non-robust DR,15.929480491650489,0.9837005854899973,16.193423818809414,False,none,1,inf,1,0.05,uniform_model_mixture,,,,,,,,,,
15,115,Non-robust DR,15.929480491650489,0.9837005854899973,16.193423818809414,False,none,1,inf,1,0.05,uniform_model_mixture,,,,,,,,,,
15,120,Non-robust DR,15.929480491650489,0.9837005854899973,16.193423818809414,False,none,1,inf,1,0.05,uniform_model_mixture,,,,,,,,,,
15,125,Non-robust DR,15.929480491650489,0.9837005854899973,16.193423818809414,False,none,1,inf,1,0.05,uniform_model_mixture,,,,,,,,,,
15,130,Non-robust DR,15.929480491650489,0.9837005854899973,16.193423818809414,False,none,1,inf,1,0.05,uniform_model_mixture,,,,,,,,,,
15,135,Non-robust DR,15.929480491650489,0.9837005854899973,16.193423818809414,False,none,1,inf,1,0.05,uniform_model_mixture,,,,,,,,,,
15,140,Non-robust DR,15.929480491650489,0.9837005854899973,16.193423818809414,False,none,1,inf,1,0.05,uniform_model_mixture,,,,,,,,,,
15,145,Non-robust DR,15.929480491650489,0.9837005854899973,16.193423818809414,False,none,1,inf,1,0.05,uniform_model_mixture,,,,,,,,,,
15,150,Non-robust DR,15.929480491650489,0.9837005854899973,16.193423818809414,False,none,1,inf,1,0.05,uniform_model_mixture,,,,,,,,,,
15,155,Non-robust DR,15.929480491650489,0.9837005854899973,16.193423818809414,False,none,1,inf,1,0.05,uniform_model_mixture,,,,,,,,,,
15,160,Non-robust DR,15.929480491650489,0.9837005854899973,16.193423818809414,False,none,1,inf,1,0.05,uniform_model_mixture,,,,,,,,,,
15,165,Non-robust DR,15.929480491650489,0.9837005854899973,16.193423818809414,False,none,1,inf,1,0.05,uniform_model_mixture,,,,,,,,,,
15,170,Non-robust DR,15.929480491650489,0.9837005854899973,16.193423818809414,False,none,1,inf,1,0.05,uniform_model_mixture,,,,,,,,,,
15,175,Non-robust DR,15.929480491650489,0.9837005854899973,16.193423818809414,False,none,1,inf,1,0.05,uniform_model_mixture,,,,,,,,,,
15,180,Non-robust DR,15.929480491650489,0.9837005854899973,16.193423818809414,False,none,1,inf,1,0.05,uniform_model_mixture,,,,,,,,,,
15,185,Non-robust DR,15.929480491650489,0.9837005854899973,16.193423818809414,False,none,1,inf,1,0.05,uniform_model_mixture,,,,,,,,,,
15,190,Non-robust DR,15.929480491650489,0.9837005854899973,16.193423818809414,False,none,1,inf,1,0.05,uniform_model_mixture,,,,,,,,,,
15,195,Non-robust DR,15.929480491650489,0.9837005854899973,16.193423818809414,False,none,1,inf,1,0.05,uniform_model_mixture,,,,,,,,,,
15,200,Non-robust DR,15.929480491650489,0.9837005854899973,16.193423818809414,False,none,1,inf,1,0.05,uniform_model_mixture,,,,,,,,,,
15,205,Non-robust DR,15.929480491650489,0.9837005854899973,16.193423818809414,False,none,1,inf,1,0.05,uniform_model_mixture,,,,,,,,,,
15,210,Non-robust DR,15.929480491650489,0.9837005854899973,16.193423818809414,False,none,1,inf,1,0.05,uniform_model_mixture,,,,,,,,,,
15,215,Non-robust DR,15.929480491650489,0.9837005854899973,16.193423818809414,False,none,1,inf,1,0.05,uniform_model_mixture,,,,,,,,,,
15,220,Non-robust DR,15.929480491650489,0.9837005854899973,16.193423818809414,False,none,1,inf,1,0.05,uniform_model_mixture,,,,,,,,,,
15,225,Non-robust DR,15.929480491650489,0.9837005854899973,16.193423818809414,False,none,1,inf,1,0.05,uniform_model_mixture,,,,,,,,,,
15,230,Non-robust DR,15.929480491650489,0.9837005854899973,16.193423818809414,False,none,1,inf,1,0.05,uniform_model_mixture,,,,,,,,,,
15,235,Non-robust DR,15.929480491650489,0.9837005854899973,16.193423818809414,False,none,1,inf,1,0.05,uniform_model_mixture,,,,,,,,,,
15,240,Non-robust DR,15.929480491650489,0.9837005854899973,16.193423818809414,False,none,1,inf,1,0.05,uniform_model_mixture,,,,,,,,,,
15,245,Non-robust DR,15.929480491650489,0.9837005854899973,16.193423818809414,False,none,1,inf,1,0.05,uniform_model_mixture,,,,,,,,,,
15,250,Non-robust DR,15.929480491650489,0.9837005854899973,16.193423818809414,False,none,1,inf,1,0.05,uniform_model_mixture,,,,,,,,,,
15,255,Non-robust DR,15.929480491650489,0.9837005854899973,16.193423818809414,False,none,1,inf,1,0.05,uniform_model_mixture,,,,,,,,,,
15,260,Non-robust DR,15.929480491650489,0.9837005854899973,16.193423818809414,False,none,1,inf,1,0.05,uniform_model_mixture,,,,,,,,,,
15,265,Non-robust DR,15.929480491650489,0.9837005854899973,16.193423818809414,False,none,1,inf,1,0.05,uniform_model_mixture,,,,,,,,,,
15,270,Non-robust DR,15.929480491650489,0.9837005854899973,16.193423818809414,False,none,1,inf,1,0.05,uniform_model_mixture,,,,,,,,,,
15,275,Non-robust DR,15.929480491650489,0.9837005854899973,16.193423818809414,False,none,1,inf,1,0.05,uniform_model_mixture,,,,,,,,,,
15,280,Non-robust DR,15.929480491650489,0.9837005854899973,16.193423818809414,False,none,1,inf,1,0.05,uniform_model_mixture,,,,,,,,,,
15,285,Non-robust DR,15.929480491650489,0.9837005854899973,16.193423818809414,False,none,1,inf,1,0.05,uniform_model_mixture,,,,,,,,,,
15,290,Non-robust DR,15.929480491650489,0.9837005854899973,16.193423818809414,False,none,1,inf,1,0.05,uniform_model_mixture,,,,,,,,,,
15,295,Non-robust DR,15.929480491650489,0.9837005854899973,16.193423818809414,False,none,1,inf,1,0.05,uniform_model_mixture,,,,,,,,,,
15,300,Non-robust DR,15.929480491650489,0.9837005854899973,16.193423818809414,False,none,1,inf,1,0.05,uniform_model_mixture,,,,,,,,,,
15,-1,metadata,,,,,none,1,inf,1,0.05,uniform_model_mixture,0.0,0.3,0.0,0.0,0.3,0.3,0.2771548561128862,0.14999999999999997,0.16666666666666666,0.408162732967454
15,-1,metadata,,,,,none,1,inf,1,0.05,uniform_model_mixture,1.0,0.6,0.0,0.0,0.6000000000000001,0.6000000000000001,0.5683522626965846,0.29999999999999993,0.16666666666666666,0.20408170661877084
15,-1,metadata,,,,,none,1,inf,1,0.05,uniform_model_mixture,2.0,0.9,0.0,0.0,0.9,0.9,0.8520991458961492,0.4499999999999999,0.16666666666666666,0.13605454666491387
15,-1,metadata,,,,,none,1,inf,1,0.05,uniform_model_mixture,3.0,1.2,0.0,0.0,1.2,1.2,1.128302532587811,0.5999999999999999,0.16666666666666666,0.10204093834335902
15,-1,metadata,,,,,none,1,inf,1,0.05,uniform_model_mixture,4.0,1.5,0.0,0.0,1.5,1.5,1.437961455675538,0.7499999999999999,0.16666666666666666,0.08163276428013659
15,-1,metadata,,,,,none,1,inf,1,0.05,uniform_model_mixture,5.0,1.8,0.0,0.0,1.8,1.8,1.7117537453699532,0.8999999999999998,0.16666666666666666,0.06802731112536557
16,0,Non-robust DR,11.554343072818357,0.686471880719705,16.83148778170586,False,none,1,inf,1,0.05,uniform_model_mixture,,,,,,,,,,
16,5,Non-robust DR,16.61976238289878,0.987420874402012,16.83148778170586,False,none,1,inf,1,0.05,uniform_model_mixture,,,,,,,,,,
16,10,Non-robust DR,16.61976238289878,0.987420874402012,16.83148778170586,False,none,1,inf,1,0.05,uniform_model_mixture,,,,,,,,,,
16,15,Non-robust DR,16.61976238289878,0.987420874402012,16.83148778170586,False,none,1,inf,1,0.05,uniform_model_mixture,,,,,,,,,,
16,20,Non-robust DR,16.61976238289878,0.987420874402012,16.83148778170586,False,none,1,inf,1,0.05,uniform_model_mixture,,,,,,,,,,
16,25,Non-robust DR,16.61976238289878,0.987420874402012,16.83148778170586,False,none,1,inf,1,0.05,uniform_model_mixture,,,,,,,,,,
16,30,Non-robust DR,16.61976238289878,0.987420874402012,16.83148778170586,False,none,1,inf,1,0.05,uniform_model_mixture,,,,,,,,,,
16,35,Non-robust DR,16.61976238289878,0.987420874402012,16.83148778170586,False,none,1,inf,1,0.05,uniform_model_mixture,,,,,,,,,,
16,40,Non-robust DR,16.71230829843778,0.9929192543871483,16.83148778170586,False,none,1,inf,1,0.05,uniform_model_mixture,,,,,,,,,,
16,45,Non-robust DR,16.71230829843778,0.9929192543871483,16.83148778170586,False,none,1,inf,1,0.05,uniform_model_mixture,,,,,,,,,,
16,50,Non-robust DR,16.73655241733908,0.9943596569953866,16.83148778170586,False,none,1,inf,1,0.05,uniform_model_mixture,,,,,,,,,,
16,55,Non-robust DR,16.73655241733908,0.9943596569953866,16.83148778170586,False,none,1,inf,1,0.05,uniform_model_mixture,,,,,,,,,,
16,60,Non-robust DR,16.73655241733908,0.9943596569953866,16.83148778170586,False,none,1,inf,1,0.05,uniform_model_mixture,,,,,,,,,,
16,65,Non-robust DR,16.73655241733908,0.9943596569953866,16.83148778170586,False,none,1,inf,1,0.05,uniform_model_mixture,,,,,,,,,,
16,70,Non-robust DR,16.73655241733908,0.9943596569953866,16.83148778170586,False,none,1,inf,1,0.05,uniform_model_mixture,,,,,,,,,,
16,75,Non-robust DR,16.73655241733908,0.9943596569953866,16.83148778170586,False,none,1,inf,1,0.05,uniform_model_mixture,,,,,,,,,,
16,80,Non-robust DR,16.6523917645215,0.9893594660491618,16.83148778170586,False,none,1,inf,1,0.05,uniform_model_mixture,,,,,,,,,,
16,85,Non-robust DR,16.6523917645215,0.9893594660491618,16.83148778170586,False,none,1,inf,1,0.05,uniform_model_mixture,,,,,,,,,,
16,90,Non-robust DR,16.6523917645215,0.9893594660491618,16.83148778170586,False,none,1,inf,1,0.05,uniform_model_mixture,,,,,,,,,,
16,95,Non-robust DR,16.6523917645215,0.9893594660491618,16.83148778170586,False,none,1,inf,1,0.05,uniform_model_mixture,,,,,,,,,,
16,100,Non-robust DR,16.6523917645215,0.9893594660491618,16.83148778170586,False,none,1,inf,1,0.05,uniform_model_mixture,,,,,,,,,,
16,105,Non-robust DR,16.6523917645215,0.9893594660491618,16.83148778170586,False,none,1,inf,1,0.05,uniform_model_mixture,,,,,,,,,,
16,110,Non-robust DR,16.6523917645215,0.9893594660491618,16.83148778170586,False,none,1,inf,1,0.05,uniform_model_mixture,,,,,,,,,,
16,115,Non-robust DR,16.6523917645215,0.9893594660491618,16.83148778170586,False,none,1,inf,1,0.05,uniform_model_mixture,,,,,,,,,,
16,120,Non-robust DR,16.6523917645215,0.9893594660491618,16.83148778170586,False,none,1,inf,1,0.05,uniform_model_mixture,,,,,,,,,,
16,125,Non-robust DR,16.6523917645215,0.9893594660491618,16.83148778170586,False,none,1,inf,1,0.05,uniform_model_mixture,,,,,,,,,,
16,130,Non-robust DR,16.6523917645215,0.9893594660491618,16.83148778170586,False,none,1,inf,1,0.05,uniform_model_mixture,,,,,,,,,,
16,135,Non-robust DR,16.6523917645215,0.9893594660491618,16.83148778170586,False,none,1,inf,1,0.05,uniform_model_mixture,,,,,,,,,,
16,140,Non-robust DR,16.6523917645215,0.9893594660491618,16.83148778170586,False,none,1,inf,1,0.05,uniform_model_mixture,,,,,,,,,,
16,145,Non-robust DR,16.6523917645215,0.9893594660491618,16.83148778170586,False,none,1,inf,1,0.05,uniform_model_mixture,,,,,,,,,,
16,150,Non-robust DR,16.6523917645215,0.9893594660491618,16.83148778170586,False,none,1,inf,1,0.05,uniform_model_mixture,,,,,,,,,,
16,155,Non-robust DR,16.6523917645215,0.9893594660491618,16.83148778170586,False,none,1,inf,1,0.05,uniform_model_mixture,,,,,,,,,,
16,160,Non-robust DR,16.6523917645215,0.9893594660491618,16.83148778170586,False,none,1,inf,1,0.05,uniform_model_mixture,,,,,,,,,,
16,165,Non-robust DR,16.6523917645215,0.9893594660491618,16.83148778170586,False,none,1,inf,1,0.05,uniform_model_mixture,,,,,,,,,,
16,170,Non-robust DR,16.6523917645215,0.9893594660491618,16.83148778170586,False,none,1,inf,1,0.05,uniform_model_mixture,,,,,,,,,,
16,175,Non-robust DR,16.6523917645215,0.9893594660491618,16.83148778170586,False,none,1,inf,1,0.05,uniform_model_mixture,,,,,,,,,,
16,180,Non-robust DR,16.6523917645215,0.9893594660491618,16.83148778170586,False,none,1,inf,1,0.05,uniform_model_mixture,,,,,,,,,,
16,185,Non-robust DR,16.6523917645215,0.9893594660491618,16.83148778170586,False,none,1,inf,1,0.05,uniform_model_mixture,,,,,,,,,,
16,190,Non-robust DR,16.6523917645215,0.9893594660491618,16.83148778170586,False,none,1,inf,1,0.05,uniform_model_mixture,,,,,,,,,,
16,195,Non-robust DR,16.6523917645215,0.9893594660491618,16.83148778170586,False,none,1,inf,1,0.05,uniform_model_mixture,,,,,,,,,,
16,200,Non-robust DR,16.6523917645215,0.9893594660491618,16.83148778170586,False,none,1,inf,1,0.05,uniform_model_mixture,,,,,,,,,,
16,205,Non-robust DR,16.6523917645215,0.9893594660491618,16.83148778170586,False,none,1,inf,1,0.05,uniform_model_mixture,,,,,,,,,,
16,210,Non-robust DR,16.6523917645215,0.9893594660491618,16.83148778170586,False,none,1,inf,1,0.05,uniform_model_mixture,,,,,,,,,,
16,215,Non-robust DR,16.6523917645215,0.9893594660491618,16.83148778170586,False,none,1,inf,1,0.05,uniform_model_mixture,,,,,,,,,,
16,220,Non-robust DR,16.6523917645215,0.9893594660491618,16.83148778170586,False,none,1,inf,1,0.05,uniform_model_mixture,,,,,,,,,,
16,225,Non-robust DR,16.6523917645215,0.9893594660491618,16.83148778170586,False,none,1,inf,1,0.05,uniform_model_mixture,,,,,,,,,,
16,230,Non-robust DR,16.6523917645215,0.9893594660491618,16.83148778170586,False,none,1,inf,1,0.05,uniform_model_mixture,,,,,,,,,,
16,235,Non-robust DR,16.6523917645215,0.9893594660491618,16.83148778170586,False,none,1,inf,1,0.05,uniform_model_mixture,,,,,,,,,,
16,240,Non-robust DR,16.6523917645215,0.9893594660491618,16.83148778170586,False,none,1,inf,1,0.05,uniform_model_mixture,,,,,,,,,,
16,245,Non-robust DR,16.6523917645215,0.9893594660491618,16.83148778170586,False,none,1,inf,1,0.05,uniform_model_mixture,,,,,,,,,,
16,250,Non-robust DR,16.6523917645215,0.9893594660491618,16.83148778170586,False,none,1,inf,1,0.05,uniform_model_mixture,,,,,,,,,,
16,255,Non-robust DR,16.6523917645215,0.9893594660491618,16.83148778170586,False,none,1,inf,1,0.05,uniform_model_mixture,,,,,,,,,,
16,260,Non-robust DR,16.6523917645215,0.9893594660491618,16.83148778170586,False,none,1,inf,1,0.05,uniform_model_mixture,,,,,,,,,,
16,265,Non-robust DR,16.6523917645215,0.9893594660491618,16.83148778170586,False,none,1,inf,1,0.05,uniform_model_mixture,,,,,,,,,,
16,270,Non-robust DR,16.6523917645215,0.9893594660491618,16.83148778170586,False,none,1,inf,1,0.05,uniform_model_mixture,,,,,,,,,,
16,275,Non-robust DR,16.6523917645215,0.9893594660491618,16.83148778170586,False,none,1,inf,1,0.05,uniform_model_mixture,,,,,,,,,,
16,280,Non-robust DR,16.6523917645215,0.9893594660491618,16.83148778170586,False,none,1,inf,1,0.05,uniform_model_mixture,,,,,,,,,,
16,285,Non-robust DR,16.6523917645215,0.9893594660491618,16.83148778170586,False,none,1,inf,1,0.05,uniform_model_mixture,,,,,,,,,,
16,290,Non-robust DR,16.6523917645215,0.9893594660491618,16.83148778170586,False,none,1,inf,1,0.05,uniform_model_mixture,,,,,,,,,,
16,295,Non-robust DR,16.6523917645215,0.9893594660491618,16.83148778170586,False,none,1,inf,1,0.05,uniform_model_mixture,,,,,,,,,,
16,300,Non-robust DR,16.6523917645215,0.9893594660491618,16.83148778170586,False,none,1,inf,1,0.05,uniform_model_mixture,,,,,,,,,,
16,-1,metadata,,,,,none,1,inf,1,0.05,uniform_model_mixture,0.0,0.3,0.0,0.0,0.3,0.3,0.2854325426300364,0.14999999999999997,0.16666666666666666,0.408162732967454
16,-1,metadata,,,,,none,1,inf,1,0.05,uniform_model_mixture,1.0,0.6,0.0,0.0,0.6000000000000001,0.6000000000000001,0.565474942230203,0.29999999999999993,0.16666666666666666,0.20408170661877084
16,-1,metadata,,,,,none,1,inf,1,0.05,uniform_model_mixture,2.0,0.9,0.0,0.0,0.9,0.9,0.8634920890545572,0.4499999999999999,0.16666666666666666,0.13605454666491387
16,-1,metadata,,,,,none,1,inf,1,0.05,uniform_model_mixture,3.0,1.2,0.0,0.0,1.2,1.2,1.1285781444263092,0.5999999999999999,0.16666666666666666,0.10204093834335902
16,-1,metadata,,,,,none,1,inf,1,0.05,uniform_model_mixture,4.0,1.5,0.0,0.0,1.5,1.5,1.3983603552323818,0.7499999999999999,0.16666666666666666,0.08163276428013659
16,-1,metadata,,,,,none,1,inf,1,0.05,uniform_model_mixture,5.0,1.8,0.0,0.0,1.7999999999999998,1.7999999999999998,1.6779306222848518,0.8999999999999998,0.16666666666666666,0.06802731112536559
17,0,Non-robust DR,11.50413501139134,0.7169610035133301,16.045691404438355,False,none,1,inf,1,0.05,uniform_model_mixture,,,,,,,,,,
17,5,Non-robust DR,15.966407366069669,0.9950588580840615,16.045691404438355,False,none,1,inf,1,0.05,uniform_model_mixture,,,,,,,,,,
17,10,Non-robust DR,15.966407366069669,0.9950588580840615,16.045691404438355,False,none,1,inf,1,0.05,uniform_model_mixture,,,,,,,,,,
17,15,Non-robust DR,15.966407366069669,0.9950588580840615,16.045691404438355,False,none,1,inf,1,0.05,uniform_model_mixture,,,,,,,,,,
17,20,Non-robust DR,15.966407366069669,0.9950588580840615,16.045691404438355,False,none,1,inf,1,0.05,uniform_model_mixture,,,,,,,,,,
17,25,Non-robust DR,15.966407366069669,0.9950588580840615,16.045691404438355,False,none,1,inf,1,0.05,uniform_model_mixture,,,,,,,,,,
17,30,Non-robust DR,15.966407366069669,0.9950588580840615,16.045691404438355,False,none,1,inf,1,0.05,uniform_model_mixture,,,,,,,,,,
17,35,Non-robust DR,15.966407366069669,0.9950588580840615,16.045691404438355,False,none,1,inf,1,0.05,uniform_model_mixture,,,,,,,,,,
17,40,Non-robust DR,15.966407366069669,0.9950588580840615,16.045691404438355,False,none,1,inf,1,0.05,uniform_model_mixture,,,,,,,,,,
17,45,Non-robust DR,15.966407366069669,0.9950588580840615,16.045691404438355,False,none,1,inf,1,0.05,uniform_model_mixture,,,,,,,,,,
17,50,Non-robust DR,15.966407366069669,0.9950588580840615,16.045691404438355,False,none,1,inf,1,0.05,uniform_model_mixture,,,,,,,,,,
17,55,Non-robust DR,15.966407366069669,0.9950588580840615,16.045691404438355,False,none,1,inf,1,0.05,uniform_model_mixture,,,,,,,,,,
17,60,Non-robust DR,15.966407366069669,0.9950588580840615,16.045691404438355,False,none,1,inf,1,0.05,uniform_model_mixture,,,,,,,,,,
17,65,Non-robust DR,15.966407366069669,0.9950588580840615,16.045691404438355,False,none,1,inf,1,0.05,uniform_model_mixture,,,,,,,,,,
17,70,Non-robust DR,15.966407366069669,0.9950588580840615,16.045691404438355,False,none,1,inf,1,0.05,uniform_model_mixture,,,,,,,,,,
17,75,Non-robust DR,15.966407366069669,0.9950588580840615,16.045691404438355,False,none,1,inf,1,0.05,uniform_model_mixture,,,,,,,,,,
17,80,Non-robust DR,15.966407366069669,0.9950588580840615,16.045691404438355,False,none,1,inf,1,0.05,uniform_model_mixture,,,,,,,,,,
17,85,Non-robust DR,15.966407366069669,0.9950588580840615,16.045691404438355,False,none,1,inf,1,0.05,uniform_model_mixture,,,,,,,,,,
17,90,Non-robust DR,15.966407366069669,0.9950588580840615,16.045691404438355,False,none,1,inf,1,0.05,uniform_model_mixture,,,,,,,,,,
17,95,Non-robust DR,15.966407366069669,0.9950588580840615,16.045691404438355,False,none,1,inf,1,0.05,uniform_model_mixture,,,,,,,,,,
17,100,Non-robust DR,15.966407366069669,0.9950588580840615,16.045691404438355,False,none,1,inf,1,0.05,uniform_model_mixture,,,,,,,,,,
17,105,Non-robust DR,15.966407366069669,0.9950588580840615,16.045691404438355,False,none,1,inf,1,0.05,uniform_model_mixture,,,,,,,,,,
17,110,Non-robust DR,15.966407366069669,0.9950588580840615,16.045691404438355,False,none,1,inf,1,0.05,uniform_model_mixture,,,,,,,,,,
17,115,Non-robust DR,15.966407366069669,0.9950588580840615,16.045691404438355,False,none,1,inf,1,0.05,uniform_model_mixture,,,,,,,,,,
17,120,Non-robust DR,15.966407366069669,0.9950588580840615,16.045691404438355,False,none,1,inf,1,0.05,uniform_model_mixture,,,,,,,,,,
17,125,Non-robust DR,15.966407366069669,0.9950588580840615,16.045691404438355,False,none,1,inf,1,0.05,uniform_model_mixture,,,,,,,,,,
17,130,Non-robust DR,15.966407366069669,0.9950588580840615,16.045691404438355,False,none,1,inf,1,0.05,uniform_model_mixture,,,,,,,,,,
17,135,Non-robust DR,15.966407366069669,0.9950588580840615,16.045691404438355,False,none,1,inf,1,0.05,uniform_model_mixture,,,,,,,,,,
17,140,Non-robust DR,15.966407366069669,0.9950588580840615,16.045691404438355,False,none,1,inf,1,0.05,uniform_model_mixture,,,,,,,,,,
17,145,Non-robust DR,15.966407366069669,0.9950588580840615,16.045691404438355,False,none,1,inf,1,0.05,uniform_model_mixture,,,,,,,,,,
17,150,Non-robust DR,15.966407366069669,0.9950588580840615,16.045691404438355,False,none,1,inf,1,0.05,uniform_model_mixture,,,,,,,,,,
17,155,Non-robust DR,15.966407366069669,0.9950588580840615,16.045691404438355,False,none,1,inf,1,0.05,uniform_model_mixture,,,,,,,,,,
17,160,Non-robust DR,15.966407366069669,0.9950588580840615,16.045691404438355,False,none,1,inf,1,0.05,uniform_model_mixture,,,,,,,,,,
17,165,Non-robust DR,15.966407366069669,0.9950588580840615,16.045691404438355,False,none,1,inf,1,0.05,uniform_model_mixture,,,,,,,,,,
17,170,Non-robust DR,15.966407366069669,0.9950588580840615,16.045691404438355,False,none,1,inf,1,0.05,uniform_model_mixture,,,,,,,,,,
17,175,Non-robust DR,15.966407366069669,0.9950588580840615,16.045691404438355,False,none,1,inf,1,0.05,uniform_model_mixture,,,,,,,,,,
17,180,Non-robust DR,15.966407366069669,0.9950588580840615,16.045691404438355,False,none,1,inf,1,0.05,uniform_model_mixture,,,,,,,,,,
17,185,Non-robust DR,15.966407366069669,0.9950588580840615,16.045691404438355,False,none,1,inf,1,0.05,uniform_model_mixture,,,,,,,,,,
17,190,Non-robust DR,15.966407366069669,0.9950588580840615,16.045691404438355,False,none,1,inf,1,0.05,uniform_model_mixture,,,,,,,,,,
17,195,Non-robust DR,15.966407366069669,0.9950588580840615,16.045691404438355,False,none,1,inf,1,0.05,uniform_model_mixture,,,,,,,,,,
17,200,Non-robust DR,15.966407366069669,0.9950588580840615,16.045691404438355,False,none,1,inf,1,0.05,uniform_model_mixture,,,,,,,,,,
17,205,Non-robust DR,15.966407366069669,0.9950588580840615,16.045691404438355,False,none,1,inf,1,0.05,uniform_model_mixture,,,,,,,,,,
17,210,Non-robust DR,15.966407366069669,0.9950588580840615,16.045691404438355,False,none,1,inf,1,0.05,uniform_model_mixture,,,,,,,,,,
17,215,Non-robust DR,15.966407366069669,0.9950588580840615,16.045691404438355,False,none,1,inf,1,0.05,uniform_model_mixture,,,,,,,,,,
17,220,Non-robust DR,15.966407366069669,0.9950588580840615,16.045691404438355,False,none,1,inf,1,0.05,uniform_model_mixture,,,,,,,,,,
17,225,Non-robust DR,15.966407366069669,0.9950588580840615,16.045691404438355,False,none,1,inf,1,0.05,uniform_model_mixture,,,,,,,,,,
17,230,Non-robust DR,15.966407366069669,0.9950588580840615,16.045691404438355,False,none,1,inf,1,0.05,uniform_model_mixture,,,,,,,,,,
17,235,Non-robust DR,15.966407366069669,0.9950588580840615,16.045691404438355,False,none,1,inf,1,0.05,uniform_model_mixture,,,,,,,,,,
17,240,Non-robust DR,15.966407366069669,0.9950588580840615,16.045691404438355,False,none,1,inf,1,0.05,uniform_model_mixture,,,,,,,,,,
17,245,Non-robust DR,15.966407366069669,0.9950588580840615,16.045691404438355,False,none,1,inf,1,0.05,uniform_model_mixture,,,,,,,,,,
17,250,Non-robust DR,15.966407366069669,0.9950588580840615,16.045691404438355,False,none,1,inf,1,0.05,uniform_model_mixture,,,,,,,,,,
17,255,Non-robust DR,15.966407366069669,0.9950588580840615,16.045691404438355,False,none,1,inf,1,0.05,uniform_model_mixture,,,,,,,,,,
17,260,Non-robust DR,15.966407366069669,0.9950588580840615,16.045691404438355,False,none,1,inf,1,0.05,uniform_model_mixture,,,,,,,,,,
17,265,Non-robust DR,15.966407366069669,0.9950588580840615,16.045691404438355,False,none,1,inf,1,0.05,uniform_model_mixture,,,,,,,,,,
17,270,Non-robust DR,15.966407366069669,0.9950588580840615,16.045691404438355,False,none,1,inf,1,0.05,uniform_model_mixture,,,,,,,,,,
17,275,Non-robust DR,15.966407366069669,0.9950588580840615,16.045691404438355,False,none,1,inf,1,0.05,uniform_model_mixture,,,,,,,,,,
17,280,Non-robust DR,15.966407366069669,0.9950588580840615,16.045691404438355,False,none,1,inf,1,0.05,uniform_model_mixture,,,,,,,,,,
17,285,Non-robust DR,15.966407366069669,0.9950588580840615,16.045691404438355,False,none,1,inf,1,0.05,uniform_model_mixture,,,,,,,,,,
17,290,Non-robust DR,15.966407366069669,0.9950588580840615,16.045691404438355,False,none,1,inf,1,0.05,uniform_model_mixture,,,,,,,,,,
17,295,Non-robust DR,15.966407366069669,0.9950588580840615,16.045691404438355,False,none,1,inf,1,0.05,uniform_model_mixture,,,,,,,,,,
17,300,Non-robust DR,15.966407366069669,0.9950588580840615,16.045691404438355,False,none,1,inf,1,0.05,uniform_model_mixture,,,,,,,,,,
17,-1,metadata,,,,,none,1,inf,1,0.05,uniform_model_mixture,0.0,0.3,0.0,0.0,0.29999999999999993,0.29999999999999993,0.285567147603101,0.14999999999999997,0.16666666666666666,0.40816273296745403
17,-1,metadata,,,,,none,1,inf,1,0.05,uniform_model_mixture,1.0,0.6,0.0,0.0,0.6,0.6,0.5537608495876261,0.29999999999999993,0.16666666666666666,0.20408170661877087
17,-1,metadata,,,,,none,1,inf,1,0.05,uniform_model_mixture,2.0,0.9,0.0,0.0,0.9,0.9,0.8466973217393725,0.4499999999999999,0.16666666666666666,0.13605454666491384
17,-1,metadata,,,,,none,1,inf,1,0.05,uniform_model_mixture,3.0,1.2,0.0,0.0,1.2,1.2,1.1167603219243574,0.5999999999999999,0.16666666666666666,0.10204093834335899
17,-1,metadata,,,,,none,1,inf,1,0.05,uniform_model_mixture,4.0,1.5,0.0,0.0,1.5,1.5,1.4204883097765564,0.7499999999999999,0.16666666666666666,0.08163276428013658
17,-1,metadata,,,,,none,1,inf,1,0.05,uniform_model_mixture,5.0,1.8,0.0,0.0,1.8,1.8,1.7102560566529184,0.8999999999999998,0.16666666666666666,0.06802731112536556
18,0,Non-robust DR,12.328501272608046,0.7297541360821543,16.89404782108714,False,none,1,inf,1,0.05,uniform_model_mixture,,,,,,,,,,
18,5,Non-robust DR,16.476249353081577,0.9752694870743727,16.89404782108714,False,none,1,inf,1,0.05,uniform_model_mixture,,,,,,,,,,
18,10,Non-robust DR,16.476249353081577,0.9752694870743727,16.89404782108714,False,none,1,inf,1,0.05,uniform_model_mixture,,,,,,,,,,
18,15,Non-robust DR,16.476249353081577,0.9752694870743727,16.89404782108714,False,none,1,inf,1,0.05,uniform_model_mixture,,,,,,,,,,
18,20,Non-robust DR,16.476249353081577,0.9752694870743727,16.89404782108714,False,none,1,inf,1,0.05,uniform_model_mixture,,,,,,,,,,
18,25,Non-robust DR,16.476249353081577,0.9752694870743727,16.89404782108714,False,none,1,inf,1,0.05,uniform_model_mixture,,,,,,,,,,
18,30,Non-robust DR,16.476249353081577,0.9752694870743727,16.89404782108714,False,none,1,inf,1,0.05,uniform_model_mixture,,,,,,,,,,
18,35,Non-robust DR,16.476249353081577,0.9752694870743727,16.89404782108714,False,none,1,inf,1,0.05,uniform_model_mixture,,,,,,,,,,
18,40,Non-robust DR,16.476249353081577,0.9752694870743727,16.89404782108714,False,none,1,inf,1,0.05,uniform_model_mixture,,,,,,,,,,
18,45,Non-robust DR,16.476249353081577,0.9752694870743727,16.89404782108714,False,none,1,inf,1,0.05,uniform_model_mixture,,,,,,,,,,
18,50,Non-robust DR,16.476249353081577,0.9752694870743727,16.89404782108714,False,none,1,inf,1,0.05,uniform_model_mixture,,,,,,,,,,
18,55,Non-robust DR,16.476249353081577,0.9752694870743727,16.89404782108714,False,none,1,inf,1,0.05,uniform_model_mixture,,,,,,,,,,
18,60,Non-robust DR,16.15888183517422,0.956483727659674,16.89404782108714,False,none,1,inf,1,0.05,uniform_model_mixture,,,,,,,,,,
18,65,Non-robust DR,16.15888183517422,0.956483727659674,16.89404782108714,False,none,1,inf,1,0.05,uniform_model_mixture,,,,,,,,,,
18,70,Non-robust DR,16.15888183517422,0.956483727659674,16.89404782108714,False,none,1,inf,1,0.05,uniform_model_mixture,,,,,,,,,,
18,75,Non-robust DR,16.15220292064575,0.956088386377395,16.89404782108714,False,none,1,inf,1,0.05,uniform_model_mixture,,,,,,,,,,
18,80,Non-robust DR,16.15220292064575,0.956088386377395,16.89404782108714,False,none,1,inf,1,0.05,uniform_model_mixture,,,,,,,,,,
18,85,Non-robust DR,16.15220292064575,0.956088386377395,16.89404782108714,False,none,1,inf,1,0.05,uniform_model_mixture,,,,,,,,,,
18,90,Non-robust DR,16.57968219908407,0.9813919301441376,16.89404782108714,False,none,1,inf,1,0.05,uniform_model_mixture,,,,,,,,,,
18,95,Non-robust DR,16.57968219908407,0.9813919301441376,16.89404782108714,False,none,1,inf,1,0.05,uniform_model_mixture,,,,,,,,,,
18,100,Non-robust DR,16.57968219908407,0.9813919301441376,16.89404782108714,False,none,1,inf,1,0.05,uniform_model_mixture,,,,,,,,,,
18,105,Non-robust DR,16.57968219908407,0.9813919301441376,16.89404782108714,False,none,1,inf,1,0.05,uniform_model_mixture,,,,,,,,,,
18,110,Non-robust DR,16.57968219908407,0.9813919301441376,16.89404782108714,False,none,1,inf,1,0.05,uniform_model_mixture,,,,,,,,,,
18,115,Non-robust DR,16.56544686075696,0.9805493056601854,16.89404782108714,False,none,1,inf,1,0.05,uniform_model_mixture,,,,,,,,,,
18,120,Non-robust DR,16.56544686075696,0.9805493056601854,16.89404782108714,False,none,1,inf,1,0.05,uniform_model_mixture,,,,,,,,,,
18,125,Non-robust DR,16.56544686075696,0.9805493056601854,16.89404782108714,False,none,1,inf,1,0.05,uniform_model_mixture,,,,,,,,,,
18,130,Non-robust DR,16.56544686075696,0.9805493056601854,16.89404782108714,False,none,1,inf,1,0.05,uniform_model_mixture,,,,,,,,,,
18,135,Non-robust DR,16.56544686075696,0.9805493056601854,16.89404782108714,False,none,1,inf,1,0.05,uniform_model_mixture,,,,,,,,,,
18,140,Non-robust DR,16.56544686075696,0.9805493056601854,16.89404782108714,False,none,1,inf,1,0.05,uniform_model_mixture,,,,,,,,,,
18,145,Non-robust DR,16.56544686075696,0.9805493056601854,16.89404782108714,False,none,1,inf,1,0.05,uniform_model_mixture,,,,,,,,,,
18,150,Non-robust DR,16.56544686075696,0.9805493056601854,16.89404782108714,False,none,1,inf,1,0.05,uniform_model_mixture,,,,,,,,,,
18,155,Non-robust DR,16.56544686075696,0.9805493056601854,16.89404782108714,False,none,1,inf,1,0.05,uniform_model_mixture,,,,,,,,,,
18,160,Non-robust DR,16.56544686075696,0.9805493056601854,16.89404782108714,False,none,1,inf,1,0.05,uniform_model_mixture,,,,,,,,,,
18,165,Non-robust DR,16.56544686075696,0.9805493056601854,16.89404782108714,False,none,1,inf,1,0.05,uniform_model_mixture,,,,,,,,,,
18,170,Non-robust DR,16.56544686075696,0.9805493056601854,16.89404782108714,False,none,1,inf,1,0.05,uniform_model_mixture,,,,,,,,,,
18,175,Non-robust DR,16.56544686075696,0.9805493056601854,16.89404782108714,False,none,1,inf,1,0.05,uniform_model_mixture,,,,,,,,,,
18,180,Non-robust DR,16.56544686075696,0.9805493056601854,16.89404782108714,False,none,1,inf,1,0.05,uniform_model_mixture,,,,,,,,,,
18,185,Non-robust DR,16.56544686075696,0.9805493056601854,16.89404782108714,False,none,1,inf,1,0.05,uniform_model_mixture,,,,,,,,,,
18,190,Non-robust DR,16.56544686075696,0.9805493056601854,16.89404782108714,False,none,1,inf,1,0.05,uniform_model_mixture,,,,,,,,,,
18,195,Non-robust DR,16.56544686075696,0.9805493056601854,16.89404782108714,False,none,1,inf,1,0.05,uniform_model_mixture,,,,,,,,,,
18,200,Non-robust DR,16.56544686075696,0.9805493056601854,16.89404782108714,False,none,1,inf,1,0.05,uniform_model_mixture,,,,,,,,,,
18,205,Non-robust DR,16.56544686075696,0.9805493056601854,16.89404782108714,False,none,1,inf,1,0.05,uniform_model_mixture,,,,,,,,,,
18,210,Non-robust DR,16.56544686075696,0.9805493056601854,16.89404782108714,False,none,1,inf,1,0.05,uniform_model_mixture,,,,,,,,,,
18,215,Non-robust DR,16.56544686075696,0.9805493056601854,16.89404782108714,False,none,1,inf,1,0.05,uniform_model_mixture,,,,,,,,,,
18,220,Non-robust DR,16.56544686075696,0.9805493056601854,16.89404782108714,False,none,1,inf,1,0.05,uniform_model_mixture,,,,,,,,,,
18,225,Non-robust DR,16.56544686075696,0.9805493056601854,16.89404782108714,False,none,1,inf,1,0.05,uniform_model_mixture,,,,,,,,,,
18,230,Non-robust DR,16.56544686075696,0.9805493056601854,16.89404782108714,False,none,1,inf,1,0.05,uniform_model_mixture,,,,,,,,,,
18,235,Non-robust DR,16.56544686075696,0.9805493056601854,16.89404782108714,False,none,1,inf,1,0.05,uniform_model_mixture,,,,,,,,,,
18,240,Non-robust DR,16.56544686075696,0.9805493056601854,16.89404782108714,False,none,1,inf,1,0.05,uniform_model_mixture,,,,,,,,,,
18,245,Non-robust DR,16.56544686075696,0.9805493056601854,16.89404782108714,False,none,1,inf,1,0.05,uniform_model_mixture,,,,,,,,,,
18,250,Non-robust DR,16.56544686075696,0.9805493056601854,16.89404782108714,False,none,1,inf,1,0.05,uniform_model_mixture,,,,,,,,,,
18,255,Non-robust DR,16.56544686075696,0.9805493056601854,16.89404782108714,False,none,1,inf,1,0.05,uniform_model_mixture,,,,,,,,,,
18,260,Non-robust DR,16.56544686075696,0.9805493056601854,16.89404782108714,False,none,1,inf,1,0.05,uniform_model_mixture,,,,,,,,,,
18,265,Non-robust DR,16.56544686075696,0.9805493056601854,16.89404782108714,False,none,1,inf,1,0.05,uniform_model_mixture,,,,,,,,,,
18,270,Non-robust DR,16.56544686075696,0.9805493056601854,16.89404782108714,False,none,1,inf,1,0.05,uniform_model_mixture,,,,,,,,,,
18,275,Non-robust DR,16.56544686075696,0.9805493056601854,16.89404782108714,False,none,1,inf,1,0.05,uniform_model_mixture,,,,,,,,,,
18,280,Non-robust DR,16.56544686075696,0.9805493056601854,16.89404782108714,False,none,1,inf,1,0.05,uniform_model_mixture,,,,,,,,,,
18,285,Non-robust DR,16.56544686075696,0.9805493056601854,16.89404782108714,False,none,1,inf,1,0.05,uniform_model_mixture,,,,,,,,,,
18,290,Non-robust DR,16.56544686075696,0.9805493056601854,16.89404782108714,False,none,1,inf,1,0.05,uniform_model_mixture,,,,,,,,,,
18,295,Non-robust DR,16.56544686075696,0.9805493056601854,16.89404782108714,False,none,1,inf,1,0.05,uniform_model_mixture,,,,,,,,,,
18,300,Non-robust DR,16.56544686075696,0.9805493056601854,16.89404782108714,False,none,1,inf,1,0.05,uniform_model_mixture,,,,,,,,,,
18,-1,metadata,,,,,none,1,inf,1,0.05,uniform_model_mixture,0.0,0.3,0.0,0.0,0.3,0.3,0.2801638519430891,0.14999999999999997,0.16666666666666666,0.408162732967454
18,-1,metadata,,,,,none,1,inf,1,0.05,uniform_model_mixture,1.0,0.6,0.0,0.0,0.6,0.6,0.5724551930640156,0.29999999999999993,0.16666666666666666,0.2040817066187709
18,-1,metadata,,,,,none,1,inf,1,0.05,uniform_model_mixture,2.0,0.9,0.0,0.0,0.9000000000000001,0.9000000000000001,0.8374096544730272,0.4499999999999999,0.16666666666666666,0.13605454666491387
18,-1,metadata,,,,,none,1,inf,1,0.05,uniform_model_mixture,3.0,1.2,0.0,0.0,1.2,1.2,1.1261926430695768,0.5999999999999999,0.16666666666666666,0.10204093834335902
18,-1,metadata,,,,,none,1,inf,1,0.05,uniform_model_mixture,4.0,1.5,0.0,0.0,1.5,1.5,1.4163514148456662,0.7499999999999999,0.16666666666666666,0.08163276428013659
18,-1,metadata,,,,,none,1,inf,1,0.05,uniform_model_mixture,5.0,1.8,0.0,0.0,1.8,1.8,1.684456009547239,0.8999999999999998,0.16666666666666666,0.06802731112536557
19,0,Non-robust DR,10.112760300376051,0.6149929759580308,16.443700490436463,False,none,1,inf,1,0.05,uniform_model_mixture,,,,,,,,,,
19,5,Non-robust DR,15.697903771268383,0.9546454449470282,16.443700490436463,False,none,1,inf,1,0.05,uniform_model_mixture,,,,,,,,,,
19,10,Non-robust DR,15.99765791183986,0.9728745619724698,16.443700490436463,False,none,1,inf,1,0.05,uniform_model_mixture,,,,,,,,,,
19,15,Non-robust DR,15.99765791183986,0.9728745619724698,16.443700490436463,False,none,1,inf,1,0.05,uniform_model_mixture,,,,,,,,,,
19,20,Non-robust DR,15.975458670613023,0.9715245470388028,16.443700490436463,False,none,1,inf,1,0.05,uniform_model_mixture,,,,,,,,,,
19,25,Non-robust DR,15.975458670613023,0.9715245470388028,16.443700490436463,False,none,1,inf,1,0.05,uniform_model_mixture,,,,,,,,,,
19,30,Non-robust DR,15.975458670613023,0.9715245470388028,16.443700490436463,False,none,1,inf,1,0.05,uniform_model_mixture,,,,,,,,,,
19,35,Non-robust DR,15.975458670613023,0.9715245470388028,16.443700490436463,False,none,1,inf,1,0.05,uniform_model_mixture,,,,,,,,,,
19,40,Non-robust DR,15.99721143085779,0.9728474098735654,16.443700490436463,False,none,1,inf,1,0.05,uniform_model_mixture,,,,,,,,,,
19,45,Non-robust DR,15.99721143085779,0.9728474098735654,16.443700490436463,False,none,1,inf,1,0.05,uniform_model_mixture,,,,,,,,,,
19,50,Non-robust DR,15.99721143085779,0.9728474098735654,16.443700490436463,False,none,1,inf,1,0.05,uniform_model_mixture,,,,,,,,,,
19,55,Non-robust DR,15.99721143085779,0.9728474098735654,16.443700490436463,False,none,1,inf,1,0.05,uniform_model_mixture,,,,,,,,,,
19,60,Non-robust DR,15.99721143085779,0.9728474098735654,16.443700490436463,False,none,1,inf,1,0.05,uniform_model_mixture,,,,,,,,,,
19,65,Non-robust DR,15.99721143085779,0.9728474098735654,16.443700490436463,False,none,1,inf,1,0.05,uniform_model_mixture,,,,,,,,,,
19,70,Non-robust DR,15.99721143085779,0.9728474098735654,16.443700490436463,False,none,1,inf,1,0.05,uniform_model_mixture,,,,,,,,,,
19,75,Non-robust DR,15.99721143085779,0.9728474098735654,16.443700490436463,False,none,1,inf,1,0.05,uniform_model_mixture,,,,,,,,,,
19,80,Non-robust DR,15.99721143085779,0.9728474098735654,16.443700490436463,False,none,1,inf,1,0.05,uniform_model_mixture,,,,,,,,,,
19,85,Non-robust DR,15.99721143085779,0.9728474098735654,16.443700490436463,False,none,1,inf,1,0.05,uniform_model_mixture,,,,,,,,,,
19,90,Non-robust DR,15.99721143085779,0.9728474098735654,16.443700490436463,False,none,1,inf,1,0.05,uniform_model_mixture,,,,,,,,,,
19,95,Non-robust DR,15.99721143085779,0.9728474098735654,16.443700490436463,False,none,1,inf,1,0.05,uniform_model_mixture,,,,,,,,,,
19,100,Non-robust DR,15.99721143085779,0.9728474098735654,16.443700490436463,False,none,1,inf,1,0.05,uniform_model_mixture,,,,,,,,,,
19,105,Non-robust DR,15.99721143085779,0.9728474098735654,16.443700490436463,False,none,1,inf,1,0.05,uniform_model_mixture,,,,,,,,,,
19,110,Non-robust DR,16.014107484127376,0.9738749190573658,16.443700490436463,False,none,1,inf,1,0.05,uniform_model_mixture,,,,,,,,,,
19,115,Non-robust DR,16.014107484127376,0.9738749190573658,16.443700490436463,False,none,1,inf,1,0.05,uniform_model_mixture,,,,,,,,,,
19,120,Non-robust DR,16.014107484127376,0.9738749190573658,16.443700490436463,False,none,1,inf,1,0.05,uniform_model_mixture,,,,,,,,,,
19,125,Non-robust DR,16.014107484127376,0.9738749190573658,16.443700490436463,False,none,1,inf,1,0.05,uniform_model_mixture,,,,,,,,,,
19,130,Non-robust DR,16.014107484127376,0.9738749190573658,16.443700490436463,False,none,1,inf,1,0.05,uniform_model_mixture,,,,,,,,,,
19,135,Non-robust DR,16.014107484127376,0.9738749190573658,16.443700490436463,False,none,1,inf,1,0.05,uniform_model_mixture,,,,,,,,,,
19,140,Non-robust DR,16.014107484127376,0.9738749190573658,16.443700490436463,False,none,1,inf,1,0.05,uniform_model_mixture,,,,,,,,,,
19,145,Non-robust DR,16.014107484127376,0.9738749190573658,16.443700490436463,False,none,1,inf,1,0.05,uniform_model_mixture,,,,,,,,,,
19,150,Non-robust DR,16.014107484127376,0.9738749190573658,16.443700490436463,False,none,1,inf,1,0.05,uniform_model_mixture,,,,,,,,,,
19,155,Non-robust DR,16.014107484127376,0.9738749190573658,16.443700490436463,False,none,1,inf,1,0.05,uniform_model_mixture,,,,,,,,,,
19,160,Non-robust DR,16.014107484127376,0.9738749190573658,16.443700490436463,False,none,1,inf,1,0.05,uniform_model_mixture,,,,,,,,,,
19,165,Non-robust DR,16.014107484127376,0.9738749190573658,16.443700490436463,False,none,1,inf,1,0.05,uniform_model_mixture,,,,,,,,,,
19,170,Non-robust DR,16.014107484127376,0.9738749190573658,16.443700490436463,False,none,1,inf,1,0.05,uniform_model_mixture,,,,,,,,,,
19,175,Non-robust DR,16.014107484127376,0.9738749190573658,16.443700490436463,False,none,1,inf,1,0.05,uniform_model_mixture,,,,,,,,,,
19,180,Non-robust DR,16.014107484127376,0.9738749190573658,16.443700490436463,False,none,1,inf,1,0.05,uniform_model_mixture,,,,,,,,,,
19,185,Non-robust DR,16.014107484127376,0.9738749190573658,16.443700490436463,False,none,1,inf,1,0.05,uniform_model_mixture,,,,,,,,,,
19,190,Non-robust DR,16.014107484127376,0.9738749190573658,16.443700490436463,False,none,1,inf,1,0.05,uniform_model_mixture,,,,,,,,,,
19,195,Non-robust DR,16.014107484127376,0.9738749190573658,16.443700490436463,False,none,1,inf,1,0.05,uniform_model_mixture,,,,,,,,,,
19,200,Non-robust DR,16.014107484127376,0.9738749190573658,16.443700490436463,False,none,1,inf,1,0.05,uniform_model_mixture,,,,,,,,,,
19,205,Non-robust DR,16.014107484127376,0.9738749190573658,16.443700490436463,False,none,1,inf,1,0.05,uniform_model_mixture,,,,,,,,,,
19,210,Non-robust DR,16.014107484127376,0.9738749190573658,16.443700490436463,False,none,1,inf,1,0.05,uniform_model_mixture,,,,,,,,,,
19,215,Non-robust DR,16.014107484127376,0.9738749190573658,16.443700490436463,False,none,1,inf,1,0.05,uniform_model_mixture,,,,,,,,,,
19,220,Non-robust DR,16.014107484127376,0.9738749190573658,16.443700490436463,False,none,1,inf,1,0.05,uniform_model_mixture,,,,,,,,,,
19,225,Non-robust DR,16.014107484127376,0.9738749190573658,16.443700490436463,False,none,1,inf,1,0.05,uniform_model_mixture,,,,,,,,,,
19,230,Non-robust DR,16.014107484127376,0.9738749190573658,16.443700490436463,False,none,1,inf,1,0.05,uniform_model_mixture,,,,,,,,,,
19,235,Non-robust DR,16.014107484127376,0.9738749190573658,16.443700490436463,False,none,1,inf,1,0.05,uniform_model_mixture,,,,,,,,,,
19,240,Non-robust DR,16.014107484127376,0.9738749190573658,16.443700490436463,False,none,1,inf,1,0.05,uniform_model_mixture,,,,,,,,,,
19,245,Non-robust DR,16.014107484127376,0.9738749190573658,16.443700490436463,False,none,1,inf,1,0.05,uniform_model_mixture,,,,,,,,,,
19,250,Non-robust DR,16.014107484127376,0.9738749190573658,16.443700490436463,False,none,1,inf,1,0.05,uniform_model_mixture,,,,,,,,,,
19,255,Non-robust DR,16.014107484127376,0.9738749190573658,16.443700490436463,False,none,1,inf,1,0.05,uniform_model_mixture,,,,,,,,,,
19,260,Non-robust DR,16.014107484127376,0.9738749190573658,16.443700490436463,False,none,1,inf,1,0.05,uniform_model_mixture,,,,,,,,,,
19,265,Non-robust DR,16.014107484127376,0.9738749190573658,16.443700490436463,False,none,1,inf,1,0.05,uniform_model_mixture,,,,,,,,,,
19,270,Non-robust DR,16.014107484127376,0.9738749190573658,16.443700490436463,False,none,1,inf,1,0.05,uniform_model_mixture,,,,,,,,,,
19,275,Non-robust DR,16.014107484127376,0.9738749190573658,16.443700490436463,False,none,1,inf,1,0.05,uniform_model_mixture,,,,,,,,,,
19,280,Non-robust DR,16.014107484127376,0.9738749190573658,16.443700490436463,False,none,1,inf,1,0.05,uniform_model_mixture,,,,,,,,,,
19,285,Non-robust DR,16.014107484127376,0.9738749190573658,16.443700490436463,False,none,1,inf,1,0.05,uniform_model_mixture,,,,,,,,,,
19,290,Non-robust DR,16.014107484127376,0.9738749190573658,16.443700490436463,False,none,1,inf,1,0.05,uniform_model_mixture,,,,,,,,,,
19,295,Non-robust DR,16.014107484127376,0.9738749190573658,16.443700490436463,False,none,1,inf,1,0.05,uniform_model_mixture,,,,,,,,,,
19,300,Non-robust DR,16.014107484127376,0.9738749190573658,16.443700490436463,False,none,1,inf,1,0.05,uniform_model_mixture,,,,,,,,,,
19,-1,metadata,,,,,none,1,inf,1,0.05,uniform_model_mixture,0.0,0.3,0.0,0.0,0.3,0.3,0.2827078697259088,0.14999999999999997,0.16666666666666666,0.408162732967454
19,-1,metadata,,,,,none,1,inf,1,0.05,uniform_model_mixture,1.0,0.6,0.0,0.0,0.6000000000000001,0.6000000000000001,0.5611546540968357,0.29999999999999993,0.16666666666666666,0.20408170661877084
19,-1,metadata,,,,,none,1,inf,1,0.05,uniform_model_mixture,2.0,0.9,0.0,0.0,0.9,0.9,0.8522261719168467,0.4499999999999999,0.16666666666666666,0.13605454666491387
19,-1,metadata,,,,,none,1,inf,1,0.05,uniform_model_mixture,3.0,1.2,0.0,0.0,1.2,1.2,1.1340947145756495,0.5999999999999999,0.16666666666666666,0.10204093834335902
19,-1,metadata,,,,,none,1,inf,1,0.05,uniform_model_mixture,4.0,1.5,0.0,0.0,1.5,1.5,1.392093358156167,0.7499999999999999,0.16666666666666666,0.08163276428013659
19,-1,metadata,,,,,none,1,inf,1,0.05,uniform_model_mixture,5.0,1.8,0.0,0.0,1.8000000000000003,1.8000000000000003,1.6988945807408427,0.8999999999999998,0.16666666666666666,0.06802731112536557
