seed,iteration,method,target_performance,normalized_performance,oracle_performance,penalty_type,p_norm,robust_q,sync_period,stepsize,source_index,source_gamma,actual_source_gamma,local_gamma_max,local_gamma_mean,mixing_coefficient,uniform_weight,similarity_weight
0,1,Maximum-based,15.206491764431284,0.9715212589508011,15.65224808446663,state_action_local,1,inf,5,0.05,,,,,,,,
0,5,Maximum-based,15.206491764431284,0.9715212589508011,15.65224808446663,state_action_local,1,inf,5,0.05,,,,,,,,
0,10,Maximum-based,15.333409452788906,0.9796298506158908,15.65224808446663,state_action_local,1,inf,5,0.05,,,,,,,,
0,15,Maximum-based,15.333409452788906,0.9796298506158908,15.65224808446663,state_action_local,1,inf,5,0.05,,,,,,,,
0,20,Maximum-based,15.333409452788906,0.9796298506158908,15.65224808446663,state_action_local,1,inf,5,0.05,,,,,,,,
0,25,Maximum-based,15.333409452788906,0.9796298506158908,15.65224808446663,state_action_local,1,inf,5,0.05,,,,,,,,
0,30,Maximum-based,15.333409452788906,0.9796298506158908,15.65224808446663,state_action_local,1,inf,5,0.05,,,,,,,,
0,35,Maximum-based,15.415170223135599,0.9848534306349062,15.65224808446663,state_action_local,1,inf,5,0.05,,,,,,,,
0,40,Maximum-based,15.415170223135599,0.9848534306349062,15.65224808446663,state_action_local,1,inf,5,0.05,,,,,,,,
0,45,Maximum-based,15.415170223135599,0.9848534306349062,15.65224808446663,state_action_local,1,inf,5,0.05,,,,,,,,
0,50,Maximum-based,15.490931678425584,0.9896937228971513,15.65224808446663,state_action_local,1,inf,5,0.05,,,,,,,,
0,55,Maximum-based,15.490931678425584,0.9896937228971513,15.65224808446663,state_action_local,1,inf,5,0.05,,,,,,,,
0,60,Maximum-based,15.490931678425584,0.9896937228971513,15.65224808446663,state_action_local,1,inf,5,0.05,,,,,,,,
0,65,Maximum-based,15.490931678425584,0.9896937228971513,15.65224808446663,state_action_local,1,inf,5,0.05,,,,,,,,
0,70,Maximum-based,15.490931678425584,0.9896937228971513,15.65224808446663,state_action_local,1,inf,5,0.05,,,,,,,,
0,75,Maximum-based,15.490931678425584,0.9896937228971513,15.65224808446663,state_action_local,1,inf,5,0.05,,,,,,,,
0,80,Maximum-based,15.59066416330809,0.9960654903483381,15.65224808446663,state_action_local,1,inf,5,0.05,,,,,,,,
0,85,Maximum-based,15.59066416330809,0.9960654903483381,15.65224808446663,state_action_local,1,inf,5,0.05,,,,,,,,
0,90,Maximum-based,15.593001261212656,0.9962148042291273,15.65224808446663,state_action_local,1,inf,5,0.05,,,,,,,,
0,95,Maximum-based,15.646794755224159,0.9996515945049528,15.65224808446663,state_action_local,1,inf,5,0.05,,,,,,,,
0,100,Maximum-based,15.646794755224159,0.9996515945049528,15.65224808446663,state_action_local,1,inf,5,0.05,,,,,,,,
0,105,Maximum-based,15.646794755224159,0.9996515945049528,15.65224808446663,state_action_local,1,inf,5,0.05,,,,,,,,
0,110,Maximum-based,15.649653348005021,0.9998342259560667,15.65224808446663,state_action_local,1,inf,5,0.05,,,,,,,,
0,115,Maximum-based,15.649653348005021,0.9998342259560667,15.65224808446663,state_action_local,1,inf,5,0.05,,,,,,,,
0,120,Maximum-based,15.649653348005021,0.9998342259560667,15.65224808446663,state_action_local,1,inf,5,0.05,,,,,,,,
0,125,Maximum-based,15.649653348005021,0.9998342259560667,15.65224808446663,state_action_local,1,inf,5,0.05,,,,,,,,
0,130,Maximum-based,15.649653348005021,0.9998342259560667,15.65224808446663,state_action_local,1,inf,5,0.05,,,,,,,,
0,135,Maximum-based,15.649653348005021,0.9998342259560667,15.65224808446663,state_action_local,1,inf,5,0.05,,,,,,,,
0,140,Maximum-based,15.649653348005021,0.9998342259560667,15.65224808446663,state_action_local,1,inf,5,0.05,,,,,,,,
0,145,Maximum-based,15.649653348005021,0.9998342259560667,15.65224808446663,state_action_local,1,inf,5,0.05,,,,,,,,
0,150,Maximum-based,15.649653348005021,0.9998342259560667,15.65224808446663,state_action_local,1,inf,5,0.05,,,,,,,,
0,155,Maximum-based,15.649653348005021,0.9998342259560667,15.65224808446663,state_action_local,1,inf,5,0.05,,,,,,,,
0,160,Maximum-based,15.649653348005021,0.9998342259560667,15.65224808446663,state_action_local,1,inf,5,0.05,,,,,,,,
0,165,Maximum-based,15.649653348005021,0.9998342259560667,15.65224808446663,state_action_local,1,inf,5,0.05,,,,,,,,
0,170,Maximum-based,15.649653348005021,0.9998342259560667,15.65224808446663,state_action_local,1,inf,5,0.05,,,,,,,,
0,175,Maximum-based,15.649653348005021,0.9998342259560667,15.65224808446663,state_action_local,1,inf,5,0.05,,,,,,,,
0,180,Maximum-based,15.649653348005021,0.9998342259560667,15.65224808446663,state_action_local,1,inf,5,0.05,,,,,,,,
0,185,Maximum-based,15.649653348005021,0.9998342259560667,15.65224808446663,state_action_local,1,inf,5,0.05,,,,,,,,
0,190,Maximum-based,15.649653348005021,0.9998342259560667,15.65224808446663,state_action_local,1,inf,5,0.05,,,,,,,,
0,195,Maximum-based,15.649653348005021,0.9998342259560667,15.65224808446663,state_action_local,1,inf,5,0.05,,,,,,,,
0,200,Maximum-based,15.649653348005021,0.9998342259560667,15.65224808446663,state_action_local,1,inf,5,0.05,,,,,,,,
0,1,Similarity-aware,15.206491764431284,0.9715212589508011,15.65224808446663,state_action_local,1,inf,5,0.05,,,,,,,,
0,5,Similarity-aware,15.206491764431284,0.9715212589508011,15.65224808446663,state_action_local,1,inf,5,0.05,,,,,,,,
0,10,Similarity-aware,15.333409452788906,0.9796298506158908,15.65224808446663,state_action_local,1,inf,5,0.05,,,,,,,,
0,15,Similarity-aware,15.333409452788906,0.9796298506158908,15.65224808446663,state_action_local,1,inf,5,0.05,,,,,,,,
0,20,Similarity-aware,15.333409452788906,0.9796298506158908,15.65224808446663,state_action_local,1,inf,5,0.05,,,,,,,,
0,25,Similarity-aware,15.333409452788906,0.9796298506158908,15.65224808446663,state_action_local,1,inf,5,0.05,,,,,,,,
0,30,Similarity-aware,15.333409452788906,0.9796298506158908,15.65224808446663,state_action_local,1,inf,5,0.05,,,,,,,,
0,35,Similarity-aware,15.333409452788906,0.9796298506158908,15.65224808446663,state_action_local,1,inf,5,0.05,,,,,,,,
0,40,Similarity-aware,15.333409452788906,0.9796298506158908,15.65224808446663,state_action_local,1,inf,5,0.05,,,,,,,,
0,45,Similarity-aware,15.415170223135599,0.9848534306349062,15.65224808446663,state_action_local,1,inf,5,0.05,,,,,,,,
0,50,Similarity-aware,15.490931678425584,0.9896937228971513,15.65224808446663,state_action_local,1,inf,5,0.05,,,,,,,,
0,55,Similarity-aware,15.490931678425584,0.9896937228971513,15.65224808446663,state_action_local,1,inf,5,0.05,,,,,,,,
0,60,Similarity-aware,15.490931678425584,0.9896937228971513,15.65224808446663,state_action_local,1,inf,5,0.05,,,,,,,,
0,65,Similarity-aware,15.490931678425584,0.9896937228971513,15.65224808446663,state_action_local,1,inf,5,0.05,,,,,,,,
0,70,Similarity-aware,15.490931678425584,0.9896937228971513,15.65224808446663,state_action_local,1,inf,5,0.05,,,,,,,,
0,75,Similarity-aware,15.59066416330809,0.9960654903483381,15.65224808446663,state_action_local,1,inf,5,0.05,,,,,,,,
0,80,Similarity-aware,15.59066416330809,0.9960654903483381,15.65224808446663,state_action_local,1,inf,5,0.05,,,,,,,,
0,85,Similarity-aware,15.593001261212656,0.9962148042291273,15.65224808446663,state_action_local,1,inf,5,0.05,,,,,,,,
0,90,Similarity-aware,15.593001261212656,0.9962148042291273,15.65224808446663,state_action_local,1,inf,5,0.05,,,,,,,,
0,95,Similarity-aware,15.593001261212656,0.9962148042291273,15.65224808446663,state_action_local,1,inf,5,0.05,,,,,,,,
0,100,Similarity-aware,15.593001261212656,0.9962148042291273,15.65224808446663,state_action_local,1,inf,5,0.05,,,,,,,,
0,105,Similarity-aware,15.593001261212656,0.9962148042291273,15.65224808446663,state_action_local,1,inf,5,0.05,,,,,,,,
0,110,Similarity-aware,15.593001261212656,0.9962148042291273,15.65224808446663,state_action_local,1,inf,5,0.05,,,,,,,,
0,115,Similarity-aware,15.593001261212656,0.9962148042291273,15.65224808446663,state_action_local,1,inf,5,0.05,,,,,,,,
0,120,Similarity-aware,15.593001261212656,0.9962148042291273,15.65224808446663,state_action_local,1,inf,5,0.05,,,,,,,,
0,125,Similarity-aware,15.593001261212656,0.9962148042291273,15.65224808446663,state_action_local,1,inf,5,0.05,,,,,,,,
0,130,Similarity-aware,15.593001261212656,0.9962148042291273,15.65224808446663,state_action_local,1,inf,5,0.05,,,,,,,,
0,135,Similarity-aware,15.593001261212656,0.9962148042291273,15.65224808446663,state_action_local,1,inf,5,0.05,,,,,,,,
0,140,Similarity-aware,15.593001261212656,0.9962148042291273,15.65224808446663,state_action_local,1,inf,5,0.05,,,,,,,,
0,145,Similarity-aware,15.593001261212656,0.9962148042291273,15.65224808446663,state_action_local,1,inf,5,0.05,,,,,,,,
0,150,Similarity-aware,15.593001261212656,0.9962148042291273,15.65224808446663,state_action_local,1,inf,5,0.05,,,,,,,,
0,155,Similarity-aware,15.593001261212656,0.9962148042291273,15.65224808446663,state_action_local,1,inf,5,0.05,,,,,,,,
0,160,Similarity-aware,15.593001261212656,0.9962148042291273,15.65224808446663,state_action_local,1,inf,5,0.05,,,,,,,,
0,165,Similarity-aware,15.593001261212656,0.9962148042291273,15.65224808446663,state_action_local,1,inf,5,0.05,,,,,,,,
0,170,Similarity-aware,15.593001261212656,0.9962148042291273,15.65224808446663,state_action_local,1,inf,5,0.05,,,,,,,,
0,175,Similarity-aware,15.593001261212656,0.9962148042291273,15.65224808446663,state_action_local,1,inf,5,0.05,,,,,,,,
0,180,Similarity-aware,15.593001261212656,0.9962148042291273,15.65224808446663,state_action_local,1,inf,5,0.05,,,,,,,,
0,185,Similarity-aware,15.593001261212656,0.9962148042291273,15.65224808446663,state_action_local,1,inf,5,0.05,,,,,,,,
0,190,Similarity-aware,15.593001261212656,0.9962148042291273,15.65224808446663,state_action_local,1,inf,5,0.05,,,,,,,,
0,195,Similarity-aware,15.593001261212656,0.9962148042291273,15.65224808446663,state_action_local,1,inf,5,0.05,,,,,,,,
0,200,Similarity-aware,15.593001261212656,0.9962148042291273,15.65224808446663,state_action_local,1,inf,5,0.05,,,,,,,,
0,1,Uniform,15.206491764431284,0.9715212589508011,15.65224808446663,state_action_local,1,inf,5,0.05,,,,,,,,
0,5,Uniform,15.206491764431284,0.9715212589508011,15.65224808446663,state_action_local,1,inf,5,0.05,,,,,,,,
0,10,Uniform,15.333409452788906,0.9796298506158908,15.65224808446663,state_action_local,1,inf,5,0.05,,,,,,,,
0,15,Uniform,15.333409452788906,0.9796298506158908,15.65224808446663,state_action_local,1,inf,5,0.05,,,,,,,,
0,20,Uniform,15.333409452788906,0.9796298506158908,15.65224808446663,state_action_local,1,inf,5,0.05,,,,,,,,
0,25,Uniform,15.333409452788906,0.9796298506158908,15.65224808446663,state_action_local,1,inf,5,0.05,,,,,,,,
0,30,Uniform,15.333409452788906,0.9796298506158908,15.65224808446663,state_action_local,1,inf,5,0.05,,,,,,,,
0,35,Uniform,15.333409452788906,0.9796298506158908,15.65224808446663,state_action_local,1,inf,5,0.05,,,,,,,,
0,40,Uniform,15.388941707917034,0.9831777278810894,15.65224808446663,state_action_local,1,inf,5,0.05,,,,,,,,
0,45,Uniform,15.388941707917034,0.9831777278810894,15.65224808446663,state_action_local,1,inf,5,0.05,,,,,,,,
0,50,Uniform,15.534139941048803,0.9924542377056342,15.65224808446663,state_action_local,1,inf,5,0.05,,,,,,,,
0,55,Uniform,15.534139941048803,0.9924542377056342,15.65224808446663,state_action_local,1,inf,5,0.05,,,,,,,,
0,60,Uniform,15.534139941048803,0.9924542377056342,15.65224808446663,state_action_local,1,inf,5,0.05,,,,,,,,
0,65,Uniform,15.534139941048803,0.9924542377056342,15.65224808446663,state_action_local,1,inf,5,0.05,,,,,,,,
0,70,Uniform,15.534139941048803,0.9924542377056342,15.65224808446663,state_action_local,1,inf,5,0.05,,,,,,,,
0,75,Uniform,15.571151566079632,0.994818858099529,15.65224808446663,state_action_local,1,inf,5,0.05,,,,,,,,
0,80,Uniform,15.571151566079632,0.994818858099529,15.65224808446663,state_action_local,1,inf,5,0.05,,,,,,,,
0,85,Uniform,15.571151566079632,0.994818858099529,15.65224808446663,state_action_local,1,inf,5,0.05,,,,,,,,
0,90,Uniform,15.571151566079632,0.994818858099529,15.65224808446663,state_action_local,1,inf,5,0.05,,,,,,,,
0,95,Uniform,15.571151566079632,0.994818858099529,15.65224808446663,state_action_local,1,inf,5,0.05,,,,,,,,
0,100,Uniform,15.571151566079632,0.994818858099529,15.65224808446663,state_action_local,1,inf,5,0.05,,,,,,,,
0,105,Uniform,15.571151566079632,0.994818858099529,15.65224808446663,state_action_local,1,inf,5,0.05,,,,,,,,
0,110,Uniform,15.571151566079632,0.994818858099529,15.65224808446663,state_action_local,1,inf,5,0.05,,,,,,,,
0,115,Uniform,15.571151566079632,0.994818858099529,15.65224808446663,state_action_local,1,inf,5,0.05,,,,,,,,
0,120,Uniform,15.571151566079632,0.994818858099529,15.65224808446663,state_action_local,1,inf,5,0.05,,,,,,,,
0,125,Uniform,15.571151566079632,0.994818858099529,15.65224808446663,state_action_local,1,inf,5,0.05,,,,,,,,
0,130,Uniform,15.571151566079632,0.994818858099529,15.65224808446663,state_action_local,1,inf,5,0.05,,,,,,,,
0,135,Uniform,15.571151566079632,0.994818858099529,15.65224808446663,state_action_local,1,inf,5,0.05,,,,,,,,
0,140,Uniform,15.571151566079632,0.994818858099529,15.65224808446663,state_action_local,1,inf,5,0.05,,,,,,,,
0,145,Uniform,15.571151566079632,0.994818858099529,15.65224808446663,state_action_local,1,inf,5,0.05,,,,,,,,
0,150,Uniform,15.571151566079632,0.994818858099529,15.65224808446663,state_action_local,1,inf,5,0.05,,,,,,,,
0,155,Uniform,15.571151566079632,0.994818858099529,15.65224808446663,state_action_local,1,inf,5,0.05,,,,,,,,
0,160,Uniform,15.571151566079632,0.994818858099529,15.65224808446663,state_action_local,1,inf,5,0.05,,,,,,,,
0,165,Uniform,15.571151566079632,0.994818858099529,15.65224808446663,state_action_local,1,inf,5,0.05,,,,,,,,
0,170,Uniform,15.571151566079632,0.994818858099529,15.65224808446663,state_action_local,1,inf,5,0.05,,,,,,,,
0,175,Uniform,15.571151566079632,0.994818858099529,15.65224808446663,state_action_local,1,inf,5,0.05,,,,,,,,
0,180,Uniform,15.571151566079632,0.994818858099529,15.65224808446663,state_action_local,1,inf,5,0.05,,,,,,,,
0,185,Uniform,15.571151566079632,0.994818858099529,15.65224808446663,state_action_local,1,inf,5,0.05,,,,,,,,
0,190,Uniform,15.571151566079632,0.994818858099529,15.65224808446663,state_action_local,1,inf,5,0.05,,,,,,,,
0,195,Uniform,15.571151566079632,0.994818858099529,15.65224808446663,state_action_local,1,inf,5,0.05,,,,,,,,
0,200,Uniform,15.571151566079632,0.994818858099529,15.65224808446663,state_action_local,1,inf,5,0.05,,,,,,,,
0,-1,metadata,,,,state_action_local,1,inf,5,0.05,0.0,0.1,0.1000000000000001,0.1000000000000001,0.09208857446067491,0.04999999999999999,0.2,0.516127419364919
0,-1,metadata,,,,state_action_local,1,inf,5,0.05,1.0,0.2,0.20000000000000004,0.20000000000000004,0.18868845432901962,0.09999999999999998,0.2,0.25806499999455657
0,-1,metadata,,,,state_action_local,1,inf,5,0.05,2.0,0.4,0.4,0.4,0.3719855016540729,0.19999999999999996,0.2,0.12903282257772186
0,-1,metadata,,,,state_action_local,1,inf,5,0.05,3.0,0.8,0.8,0.8,0.7514834526687454,0.3999999999999999,0.2,0.06451649193427422
0,-1,metadata,,,,state_action_local,1,inf,5,0.05,4.0,1.6,1.6,1.6,1.5208539151772542,0.7999999999999998,0.2,0.032258266128528244
1,1,Maximum-based,14.970263670472091,0.9352005493469531,16.00754370912824,state_action_local,1,inf,5,0.05,,,,,,,,
1,5,Maximum-based,15.848607815348716,0.9900711878931875,16.00754370912824,state_action_local,1,inf,5,0.05,,,,,,,,
1,10,Maximum-based,15.848607815348716,0.9900711878931875,16.00754370912824,state_action_local,1,inf,5,0.05,,,,,,,,
1,15,Maximum-based,15.848607815348716,0.9900711878931875,16.00754370912824,state_action_local,1,inf,5,0.05,,,,,,,,
1,20,Maximum-based,15.848607815348716,0.9900711878931875,16.00754370912824,state_action_local,1,inf,5,0.05,,,,,,,,
1,25,Maximum-based,15.848607815348716,0.9900711878931875,16.00754370912824,state_action_local,1,inf,5,0.05,,,,,,,,
1,30,Maximum-based,15.848607815348716,0.9900711878931875,16.00754370912824,state_action_local,1,inf,5,0.05,,,,,,,,
1,35,Maximum-based,15.848607815348716,0.9900711878931875,16.00754370912824,state_action_local,1,inf,5,0.05,,,,,,,,
1,40,Maximum-based,15.92354720172656,0.9947526922975835,16.00754370912824,state_action_local,1,inf,5,0.05,,,,,,,,
1,45,Maximum-based,15.92354720172656,0.9947526922975835,16.00754370912824,state_action_local,1,inf,5,0.05,,,,,,,,
1,50,Maximum-based,15.92354720172656,0.9947526922975835,16.00754370912824,state_action_local,1,inf,5,0.05,,,,,,,,
1,55,Maximum-based,15.92354720172656,0.9947526922975835,16.00754370912824,state_action_local,1,inf,5,0.05,,,,,,,,
1,60,Maximum-based,15.92354720172656,0.9947526922975835,16.00754370912824,state_action_local,1,inf,5,0.05,,,,,,,,
1,65,Maximum-based,15.92354720172656,0.9947526922975835,16.00754370912824,state_action_local,1,inf,5,0.05,,,,,,,,
1,70,Maximum-based,15.923568993658616,0.9947540536514833,16.00754370912824,state_action_local,1,inf,5,0.05,,,,,,,,
1,75,Maximum-based,15.923568993658616,0.9947540536514833,16.00754370912824,state_action_local,1,inf,5,0.05,,,,,,,,
1,80,Maximum-based,15.965314721297714,0.9973619320616665,16.00754370912824,state_action_local,1,inf,5,0.05,,,,,,,,
1,85,Maximum-based,16.001863029782847,0.999645124858091,16.00754370912824,state_action_local,1,inf,5,0.05,,,,,,,,
1,90,Maximum-based,16.001863029782847,0.999645124858091,16.00754370912824,state_action_local,1,inf,5,0.05,,,,,,,,
1,95,Maximum-based,16.001863029782847,0.999645124858091,16.00754370912824,state_action_local,1,inf,5,0.05,,,,,,,,
1,100,Maximum-based,16.001863029782847,0.999645124858091,16.00754370912824,state_action_local,1,inf,5,0.05,,,,,,,,
1,105,Maximum-based,16.001863029782847,0.999645124858091,16.00754370912824,state_action_local,1,inf,5,0.05,,,,,,,,
1,110,Maximum-based,16.001863029782847,0.999645124858091,16.00754370912824,state_action_local,1,inf,5,0.05,,,,,,,,
1,115,Maximum-based,16.001863029782847,0.999645124858091,16.00754370912824,state_action_local,1,inf,5,0.05,,,,,,,,
1,120,Maximum-based,16.001863029782847,0.999645124858091,16.00754370912824,state_action_local,1,inf,5,0.05,,,,,,,,
1,125,Maximum-based,16.001863029782847,0.999645124858091,16.00754370912824,state_action_local,1,inf,5,0.05,,,,,,,,
1,130,Maximum-based,16.001863029782847,0.999645124858091,16.00754370912824,state_action_local,1,inf,5,0.05,,,,,,,,
1,135,Maximum-based,16.001863029782847,0.999645124858091,16.00754370912824,state_action_local,1,inf,5,0.05,,,,,,,,
1,140,Maximum-based,16.001863029782847,0.999645124858091,16.00754370912824,state_action_local,1,inf,5,0.05,,,,,,,,
1,145,Maximum-based,16.001863029782847,0.999645124858091,16.00754370912824,state_action_local,1,inf,5,0.05,,,,,,,,
1,150,Maximum-based,16.001863029782847,0.999645124858091,16.00754370912824,state_action_local,1,inf,5,0.05,,,,,,,,
1,155,Maximum-based,16.001863029782847,0.999645124858091,16.00754370912824,state_action_local,1,inf,5,0.05,,,,,,,,
1,160,Maximum-based,16.001863029782847,0.999645124858091,16.00754370912824,state_action_local,1,inf,5,0.05,,,,,,,,
1,165,Maximum-based,16.001863029782847,0.999645124858091,16.00754370912824,state_action_local,1,inf,5,0.05,,,,,,,,
1,170,Maximum-based,16.001863029782847,0.999645124858091,16.00754370912824,state_action_local,1,inf,5,0.05,,,,,,,,
1,175,Maximum-based,16.001863029782847,0.999645124858091,16.00754370912824,state_action_local,1,inf,5,0.05,,,,,,,,
1,180,Maximum-based,16.001863029782847,0.999645124858091,16.00754370912824,state_action_local,1,inf,5,0.05,,,,,,,,
1,185,Maximum-based,16.001863029782847,0.999645124858091,16.00754370912824,state_action_local,1,inf,5,0.05,,,,,,,,
1,190,Maximum-based,16.001863029782847,0.999645124858091,16.00754370912824,state_action_local,1,inf,5,0.05,,,,,,,,
1,195,Maximum-based,16.001863029782847,0.999645124858091,16.00754370912824,state_action_local,1,inf,5,0.05,,,,,,,,
1,200,Maximum-based,16.001863029782847,0.999645124858091,16.00754370912824,state_action_local,1,inf,5,0.05,,,,,,,,
1,1,Similarity-aware,14.970263670472091,0.9352005493469531,16.00754370912824,state_action_local,1,inf,5,0.05,,,,,,,,
1,5,Similarity-aware,15.848607815348716,0.9900711878931875,16.00754370912824,state_action_local,1,inf,5,0.05,,,,,,,,
1,10,Similarity-aware,15.848607815348716,0.9900711878931875,16.00754370912824,state_action_local,1,inf,5,0.05,,,,,,,,
1,15,Similarity-aware,15.848607815348716,0.9900711878931875,16.00754370912824,state_action_local,1,inf,5,0.05,,,,,,,,
1,20,Similarity-aware,15.848607815348716,0.9900711878931875,16.00754370912824,state_action_local,1,inf,5,0.05,,,,,,,,
1,25,Similarity-aware,15.848607815348716,0.9900711878931875,16.00754370912824,state_action_local,1,inf,5,0.05,,,,,,,,
1,30,Similarity-aware,15.848607815348716,0.9900711878931875,16.00754370912824,state_action_local,1,inf,5,0.05,,,,,,,,
1,35,Similarity-aware,15.848607815348716,0.9900711878931875,16.00754370912824,state_action_local,1,inf,5,0.05,,,,,,,,
1,40,Similarity-aware,15.92354720172656,0.9947526922975835,16.00754370912824,state_action_local,1,inf,5,0.05,,,,,,,,
1,45,Similarity-aware,15.92354720172656,0.9947526922975835,16.00754370912824,state_action_local,1,inf,5,0.05,,,,,,,,
1,50,Similarity-aware,15.92354720172656,0.9947526922975835,16.00754370912824,state_action_local,1,inf,5,0.05,,,,,,,,
1,55,Similarity-aware,15.92354720172656,0.9947526922975835,16.00754370912824,state_action_local,1,inf,5,0.05,,,,,,,,
1,60,Similarity-aware,15.92354720172656,0.9947526922975835,16.00754370912824,state_action_local,1,inf,5,0.05,,,,,,,,
1,65,Similarity-aware,15.92354720172656,0.9947526922975835,16.00754370912824,state_action_local,1,inf,5,0.05,,,,,,,,
1,70,Similarity-aware,15.92354720172656,0.9947526922975835,16.00754370912824,state_action_local,1,inf,5,0.05,,,,,,,,
1,75,Similarity-aware,15.92354720172656,0.9947526922975835,16.00754370912824,state_action_local,1,inf,5,0.05,,,,,,,,
1,80,Similarity-aware,15.92354720172656,0.9947526922975835,16.00754370912824,state_action_local,1,inf,5,0.05,,,,,,,,
1,85,Similarity-aware,15.92354720172656,0.9947526922975835,16.00754370912824,state_action_local,1,inf,5,0.05,,,,,,,,
1,90,Similarity-aware,15.92354720172656,0.9947526922975835,16.00754370912824,state_action_local,1,inf,5,0.05,,,,,,,,
1,95,Similarity-aware,15.965314721297714,0.9973619320616665,16.00754370912824,state_action_local,1,inf,5,0.05,,,,,,,,
1,100,Similarity-aware,15.965314721297714,0.9973619320616665,16.00754370912824,state_action_local,1,inf,5,0.05,,,,,,,,
1,105,Similarity-aware,15.965314721297714,0.9973619320616665,16.00754370912824,state_action_local,1,inf,5,0.05,,,,,,,,
1,110,Similarity-aware,15.965314721297714,0.9973619320616665,16.00754370912824,state_action_local,1,inf,5,0.05,,,,,,,,
1,115,Similarity-aware,15.965314721297714,0.9973619320616665,16.00754370912824,state_action_local,1,inf,5,0.05,,,,,,,,
1,120,Similarity-aware,15.965314721297714,0.9973619320616665,16.00754370912824,state_action_local,1,inf,5,0.05,,,,,,,,
1,125,Similarity-aware,15.965314721297714,0.9973619320616665,16.00754370912824,state_action_local,1,inf,5,0.05,,,,,,,,
1,130,Similarity-aware,15.965314721297714,0.9973619320616665,16.00754370912824,state_action_local,1,inf,5,0.05,,,,,,,,
1,135,Similarity-aware,15.965314721297714,0.9973619320616665,16.00754370912824,state_action_local,1,inf,5,0.05,,,,,,,,
1,140,Similarity-aware,15.965314721297714,0.9973619320616665,16.00754370912824,state_action_local,1,inf,5,0.05,,,,,,,,
1,145,Similarity-aware,15.965314721297714,0.9973619320616665,16.00754370912824,state_action_local,1,inf,5,0.05,,,,,,,,
1,150,Similarity-aware,15.965314721297714,0.9973619320616665,16.00754370912824,state_action_local,1,inf,5,0.05,,,,,,,,
1,155,Similarity-aware,15.965314721297714,0.9973619320616665,16.00754370912824,state_action_local,1,inf,5,0.05,,,,,,,,
1,160,Similarity-aware,15.965314721297714,0.9973619320616665,16.00754370912824,state_action_local,1,inf,5,0.05,,,,,,,,
1,165,Similarity-aware,15.965314721297714,0.9973619320616665,16.00754370912824,state_action_local,1,inf,5,0.05,,,,,,,,
1,170,Similarity-aware,15.965314721297714,0.9973619320616665,16.00754370912824,state_action_local,1,inf,5,0.05,,,,,,,,
1,175,Similarity-aware,15.965314721297714,0.9973619320616665,16.00754370912824,state_action_local,1,inf,5,0.05,,,,,,,,
1,180,Similarity-aware,15.965314721297714,0.9973619320616665,16.00754370912824,state_action_local,1,inf,5,0.05,,,,,,,,
1,185,Similarity-aware,15.965314721297714,0.9973619320616665,16.00754370912824,state_action_local,1,inf,5,0.05,,,,,,,,
1,190,Similarity-aware,15.965314721297714,0.9973619320616665,16.00754370912824,state_action_local,1,inf,5,0.05,,,,,,,,
1,195,Similarity-aware,15.965314721297714,0.9973619320616665,16.00754370912824,state_action_local,1,inf,5,0.05,,,,,,,,
1,200,Similarity-aware,15.965314721297714,0.9973619320616665,16.00754370912824,state_action_local,1,inf,5,0.05,,,,,,,,
1,1,Uniform,14.970263670472091,0.9352005493469531,16.00754370912824,state_action_local,1,inf,5,0.05,,,,,,,,
1,5,Uniform,15.174269393135488,0.947944898284577,16.00754370912824,state_action_local,1,inf,5,0.05,,,,,,,,
1,10,Uniform,15.848607815348716,0.9900711878931875,16.00754370912824,state_action_local,1,inf,5,0.05,,,,,,,,
1,15,Uniform,15.848607815348716,0.9900711878931875,16.00754370912824,state_action_local,1,inf,5,0.05,,,,,,,,
1,20,Uniform,15.848607815348716,0.9900711878931875,16.00754370912824,state_action_local,1,inf,5,0.05,,,,,,,,
1,25,Uniform,15.848607815348716,0.9900711878931875,16.00754370912824,state_action_local,1,inf,5,0.05,,,,,,,,
1,30,Uniform,15.848607815348716,0.9900711878931875,16.00754370912824,state_action_local,1,inf,5,0.05,,,,,,,,
1,35,Uniform,15.848607815348716,0.9900711878931875,16.00754370912824,state_action_local,1,inf,5,0.05,,,,,,,,
1,40,Uniform,15.846330520638976,0.9899289240486451,16.00754370912824,state_action_local,1,inf,5,0.05,,,,,,,,
1,45,Uniform,15.846330520638976,0.9899289240486451,16.00754370912824,state_action_local,1,inf,5,0.05,,,,,,,,
1,50,Uniform,15.921095601675122,0.9945995395031269,16.00754370912824,state_action_local,1,inf,5,0.05,,,,,,,,
1,55,Uniform,15.921095601675122,0.9945995395031269,16.00754370912824,state_action_local,1,inf,5,0.05,,,,,,,,
1,60,Uniform,15.921095601675122,0.9945995395031269,16.00754370912824,state_action_local,1,inf,5,0.05,,,,,,,,
1,65,Uniform,15.921095601675122,0.9945995395031269,16.00754370912824,state_action_local,1,inf,5,0.05,,,,,,,,
1,70,Uniform,15.921095601675122,0.9945995395031269,16.00754370912824,state_action_local,1,inf,5,0.05,,,,,,,,
1,75,Uniform,15.921095601675122,0.9945995395031269,16.00754370912824,state_action_local,1,inf,5,0.05,,,,,,,,
1,80,Uniform,15.921095601675122,0.9945995395031269,16.00754370912824,state_action_local,1,inf,5,0.05,,,,,,,,
1,85,Uniform,15.921095601675122,0.9945995395031269,16.00754370912824,state_action_local,1,inf,5,0.05,,,,,,,,
1,90,Uniform,15.965342577865341,0.9973636722766633,16.00754370912824,state_action_local,1,inf,5,0.05,,,,,,,,
1,95,Uniform,15.965342577865341,0.9973636722766633,16.00754370912824,state_action_local,1,inf,5,0.05,,,,,,,,
1,100,Uniform,15.965342577865341,0.9973636722766633,16.00754370912824,state_action_local,1,inf,5,0.05,,,,,,,,
1,105,Uniform,15.948797226757526,0.9963300751546776,16.00754370912824,state_action_local,1,inf,5,0.05,,,,,,,,
1,110,Uniform,15.948797226757526,0.9963300751546776,16.00754370912824,state_action_local,1,inf,5,0.05,,,,,,,,
1,115,Uniform,15.948797226757526,0.9963300751546776,16.00754370912824,state_action_local,1,inf,5,0.05,,,,,,,,
1,120,Uniform,15.948797226757526,0.9963300751546776,16.00754370912824,state_action_local,1,inf,5,0.05,,,,,,,,
1,125,Uniform,15.984485684563598,0.998559552609468,16.00754370912824,state_action_local,1,inf,5,0.05,,,,,,,,
1,130,Uniform,15.984485684563598,0.998559552609468,16.00754370912824,state_action_local,1,inf,5,0.05,,,,,,,,
1,135,Uniform,15.984485684563598,0.998559552609468,16.00754370912824,state_action_local,1,inf,5,0.05,,,,,,,,
1,140,Uniform,15.984485684563598,0.998559552609468,16.00754370912824,state_action_local,1,inf,5,0.05,,,,,,,,
1,145,Uniform,15.984485684563598,0.998559552609468,16.00754370912824,state_action_local,1,inf,5,0.05,,,,,,,,
1,150,Uniform,15.984485684563598,0.998559552609468,16.00754370912824,state_action_local,1,inf,5,0.05,,,,,,,,
1,155,Uniform,15.984485684563598,0.998559552609468,16.00754370912824,state_action_local,1,inf,5,0.05,,,,,,,,
1,160,Uniform,15.984485684563598,0.998559552609468,16.00754370912824,state_action_local,1,inf,5,0.05,,,,,,,,
1,165,Uniform,15.984485684563598,0.998559552609468,16.00754370912824,state_action_local,1,inf,5,0.05,,,,,,,,
1,170,Uniform,15.984485684563598,0.998559552609468,16.00754370912824,state_action_local,1,inf,5,0.05,,,,,,,,
1,175,Uniform,15.984485684563598,0.998559552609468,16.00754370912824,state_action_local,1,inf,5,0.05,,,,,,,,
1,180,Uniform,15.984485684563598,0.998559552609468,16.00754370912824,state_action_local,1,inf,5,0.05,,,,,,,,
1,185,Uniform,15.984485684563598,0.998559552609468,16.00754370912824,state_action_local,1,inf,5,0.05,,,,,,,,
1,190,Uniform,15.984485684563598,0.998559552609468,16.00754370912824,state_action_local,1,inf,5,0.05,,,,,,,,
1,195,Uniform,15.984485684563598,0.998559552609468,16.00754370912824,state_action_local,1,inf,5,0.05,,,,,,,,
1,200,Uniform,15.984485684563598,0.998559552609468,16.00754370912824,state_action_local,1,inf,5,0.05,,,,,,,,
1,-1,metadata,,,,state_action_local,1,inf,5,0.05,0.0,0.1,0.10000000000000009,0.10000000000000009,0.09476615738937315,0.04999999999999999,0.2,0.516127419364919
1,-1,metadata,,,,state_action_local,1,inf,5,0.05,1.0,0.2,0.20000000000000004,0.20000000000000004,0.19253617104581694,0.09999999999999998,0.2,0.25806499999455657
1,-1,metadata,,,,state_action_local,1,inf,5,0.05,2.0,0.4,0.4,0.4,0.3697108657357694,0.19999999999999996,0.2,0.12903282257772183
1,-1,metadata,,,,state_action_local,1,inf,5,0.05,3.0,0.8,0.7999999999999999,0.7999999999999999,0.7498413656303551,0.3999999999999999,0.2,0.06451649193427422
1,-1,metadata,,,,state_action_local,1,inf,5,0.05,4.0,1.6,1.5999999999999999,1.5999999999999999,1.4916673227218429,0.7999999999999998,0.2,0.032258266128528244
2,1,Maximum-based,16.439835920625118,0.9620152029135647,17.08895646434208,state_action_local,1,inf,5,0.05,,,,,,,,
2,5,Maximum-based,16.439835920625118,0.9620152029135647,17.08895646434208,state_action_local,1,inf,5,0.05,,,,,,,,
2,10,Maximum-based,16.717909308569126,0.978287313415118,17.08895646434208,state_action_local,1,inf,5,0.05,,,,,,,,
2,15,Maximum-based,16.717909308569126,0.978287313415118,17.08895646434208,state_action_local,1,inf,5,0.05,,,,,,,,
2,20,Maximum-based,16.78722439703795,0.9823434468960275,17.08895646434208,state_action_local,1,inf,5,0.05,,,,,,,,
2,25,Maximum-based,16.78722439703795,0.9823434468960275,17.08895646434208,state_action_local,1,inf,5,0.05,,,,,,,,
2,30,Maximum-based,16.78722439703795,0.9823434468960275,17.08895646434208,state_action_local,1,inf,5,0.05,,,,,,,,
2,35,Maximum-based,16.78722439703795,0.9823434468960275,17.08895646434208,state_action_local,1,inf,5,0.05,,,,,,,,
2,40,Maximum-based,16.82734550461235,0.9846912267419249,17.08895646434208,state_action_local,1,inf,5,0.05,,,,,,,,
2,45,Maximum-based,17.05566661955313,0.9980519673709503,17.08895646434208,state_action_local,1,inf,5,0.05,,,,,,,,
2,50,Maximum-based,17.05566661955313,0.9980519673709503,17.08895646434208,state_action_local,1,inf,5,0.05,,,,,,,,
2,55,Maximum-based,17.05566661955313,0.9980519673709503,17.08895646434208,state_action_local,1,inf,5,0.05,,,,,,,,
2,60,Maximum-based,17.05566661955313,0.9980519673709503,17.08895646434208,state_action_local,1,inf,5,0.05,,,,,,,,
2,65,Maximum-based,17.05566661955313,0.9980519673709503,17.08895646434208,state_action_local,1,inf,5,0.05,,,,,,,,
2,70,Maximum-based,17.05566661955313,0.9980519673709503,17.08895646434208,state_action_local,1,inf,5,0.05,,,,,,,,
2,75,Maximum-based,17.05566661955313,0.9980519673709503,17.08895646434208,state_action_local,1,inf,5,0.05,,,,,,,,
2,80,Maximum-based,17.05566661955313,0.9980519673709503,17.08895646434208,state_action_local,1,inf,5,0.05,,,,,,,,
2,85,Maximum-based,17.05566661955313,0.9980519673709503,17.08895646434208,state_action_local,1,inf,5,0.05,,,,,,,,
2,90,Maximum-based,17.05566661955313,0.9980519673709503,17.08895646434208,state_action_local,1,inf,5,0.05,,,,,,,,
2,95,Maximum-based,17.05566661955313,0.9980519673709503,17.08895646434208,state_action_local,1,inf,5,0.05,,,,,,,,
2,100,Maximum-based,17.05566661955313,0.9980519673709503,17.08895646434208,state_action_local,1,inf,5,0.05,,,,,,,,
2,105,Maximum-based,17.05566661955313,0.9980519673709503,17.08895646434208,state_action_local,1,inf,5,0.05,,,,,,,,
2,110,Maximum-based,17.05566661955313,0.9980519673709503,17.08895646434208,state_action_local,1,inf,5,0.05,,,,,,,,
2,115,Maximum-based,17.05566661955313,0.9980519673709503,17.08895646434208,state_action_local,1,inf,5,0.05,,,,,,,,
2,120,Maximum-based,17.05566661955313,0.9980519673709503,17.08895646434208,state_action_local,1,inf,5,0.05,,,,,,,,
2,125,Maximum-based,17.05566661955313,0.9980519673709503,17.08895646434208,state_action_local,1,inf,5,0.05,,,,,,,,
2,130,Maximum-based,17.05566661955313,0.9980519673709503,17.08895646434208,state_action_local,1,inf,5,0.05,,,,,,,,
2,135,Maximum-based,17.05566661955313,0.9980519673709503,17.08895646434208,state_action_local,1,inf,5,0.05,,,,,,,,
2,140,Maximum-based,17.05566661955313,0.9980519673709503,17.08895646434208,state_action_local,1,inf,5,0.05,,,,,,,,
2,145,Maximum-based,17.05566661955313,0.9980519673709503,17.08895646434208,state_action_local,1,inf,5,0.05,,,,,,,,
2,150,Maximum-based,17.05566661955313,0.9980519673709503,17.08895646434208,state_action_local,1,inf,5,0.05,,,,,,,,
2,155,Maximum-based,17.05566661955313,0.9980519673709503,17.08895646434208,state_action_local,1,inf,5,0.05,,,,,,,,
2,160,Maximum-based,17.05566661955313,0.9980519673709503,17.08895646434208,state_action_local,1,inf,5,0.05,,,,,,,,
2,165,Maximum-based,17.05566661955313,0.9980519673709503,17.08895646434208,state_action_local,1,inf,5,0.05,,,,,,,,
2,170,Maximum-based,17.05566661955313,0.9980519673709503,17.08895646434208,state_action_local,1,inf,5,0.05,,,,,,,,
2,175,Maximum-based,17.078533887662566,0.9993900987048998,17.08895646434208,state_action_local,1,inf,5,0.05,,,,,,,,
2,180,Maximum-based,17.078533887662566,0.9993900987048998,17.08895646434208,state_action_local,1,inf,5,0.05,,,,,,,,
2,185,Maximum-based,17.078533887662566,0.9993900987048998,17.08895646434208,state_action_local,1,inf,5,0.05,,,,,,,,
2,190,Maximum-based,17.078533887662566,0.9993900987048998,17.08895646434208,state_action_local,1,inf,5,0.05,,,,,,,,
2,195,Maximum-based,17.078533887662566,0.9993900987048998,17.08895646434208,state_action_local,1,inf,5,0.05,,,,,,,,
2,200,Maximum-based,17.078533887662566,0.9993900987048998,17.08895646434208,state_action_local,1,inf,5,0.05,,,,,,,,
2,1,Similarity-aware,16.439835920625118,0.9620152029135647,17.08895646434208,state_action_local,1,inf,5,0.05,,,,,,,,
2,5,Similarity-aware,16.439835920625118,0.9620152029135647,17.08895646434208,state_action_local,1,inf,5,0.05,,,,,,,,
2,10,Similarity-aware,16.717909308569126,0.978287313415118,17.08895646434208,state_action_local,1,inf,5,0.05,,,,,,,,
2,15,Similarity-aware,16.717909308569126,0.978287313415118,17.08895646434208,state_action_local,1,inf,5,0.05,,,,,,,,
2,20,Similarity-aware,16.717909308569126,0.978287313415118,17.08895646434208,state_action_local,1,inf,5,0.05,,,,,,,,
2,25,Similarity-aware,16.78722439703795,0.9823434468960275,17.08895646434208,state_action_local,1,inf,5,0.05,,,,,,,,
2,30,Similarity-aware,16.7821907215125,0.9820488896750554,17.08895646434208,state_action_local,1,inf,5,0.05,,,,,,,,
2,35,Similarity-aware,16.7821907215125,0.9820488896750554,17.08895646434208,state_action_local,1,inf,5,0.05,,,,,,,,
2,40,Similarity-aware,16.7821907215125,0.9820488896750554,17.08895646434208,state_action_local,1,inf,5,0.05,,,,,,,,
2,45,Similarity-aware,16.78722439703795,0.9823434468960275,17.08895646434208,state_action_local,1,inf,5,0.05,,,,,,,,
2,50,Similarity-aware,16.82734550461235,0.9846912267419249,17.08895646434208,state_action_local,1,inf,5,0.05,,,,,,,,
2,55,Similarity-aware,17.05566661955313,0.9980519673709503,17.08895646434208,state_action_local,1,inf,5,0.05,,,,,,,,
2,60,Similarity-aware,17.05566661955313,0.9980519673709503,17.08895646434208,state_action_local,1,inf,5,0.05,,,,,,,,
2,65,Similarity-aware,17.05566661955313,0.9980519673709503,17.08895646434208,state_action_local,1,inf,5,0.05,,,,,,,,
2,70,Similarity-aware,17.05566661955313,0.9980519673709503,17.08895646434208,state_action_local,1,inf,5,0.05,,,,,,,,
2,75,Similarity-aware,17.05566661955313,0.9980519673709503,17.08895646434208,state_action_local,1,inf,5,0.05,,,,,,,,
2,80,Similarity-aware,17.05566661955313,0.9980519673709503,17.08895646434208,state_action_local,1,inf,5,0.05,,,,,,,,
2,85,Similarity-aware,17.05566661955313,0.9980519673709503,17.08895646434208,state_action_local,1,inf,5,0.05,,,,,,,,
2,90,Similarity-aware,17.05566661955313,0.9980519673709503,17.08895646434208,state_action_local,1,inf,5,0.05,,,,,,,,
2,95,Similarity-aware,17.05566661955313,0.9980519673709503,17.08895646434208,state_action_local,1,inf,5,0.05,,,,,,,,
2,100,Similarity-aware,17.05566661955313,0.9980519673709503,17.08895646434208,state_action_local,1,inf,5,0.05,,,,,,,,
2,105,Similarity-aware,17.05566661955313,0.9980519673709503,17.08895646434208,state_action_local,1,inf,5,0.05,,,,,,,,
2,110,Similarity-aware,17.05566661955313,0.9980519673709503,17.08895646434208,state_action_local,1,inf,5,0.05,,,,,,,,
2,115,Similarity-aware,17.05566661955313,0.9980519673709503,17.08895646434208,state_action_local,1,inf,5,0.05,,,,,,,,
2,120,Similarity-aware,17.05566661955313,0.9980519673709503,17.08895646434208,state_action_local,1,inf,5,0.05,,,,,,,,
2,125,Similarity-aware,17.05566661955313,0.9980519673709503,17.08895646434208,state_action_local,1,inf,5,0.05,,,,,,,,
2,130,Similarity-aware,17.05566661955313,0.9980519673709503,17.08895646434208,state_action_local,1,inf,5,0.05,,,,,,,,
2,135,Similarity-aware,17.05566661955313,0.9980519673709503,17.08895646434208,state_action_local,1,inf,5,0.05,,,,,,,,
2,140,Similarity-aware,17.05566661955313,0.9980519673709503,17.08895646434208,state_action_local,1,inf,5,0.05,,,,,,,,
2,145,Similarity-aware,17.05566661955313,0.9980519673709503,17.08895646434208,state_action_local,1,inf,5,0.05,,,,,,,,
2,150,Similarity-aware,17.05566661955313,0.9980519673709503,17.08895646434208,state_action_local,1,inf,5,0.05,,,,,,,,
2,155,Similarity-aware,17.05566661955313,0.9980519673709503,17.08895646434208,state_action_local,1,inf,5,0.05,,,,,,,,
2,160,Similarity-aware,17.05566661955313,0.9980519673709503,17.08895646434208,state_action_local,1,inf,5,0.05,,,,,,,,
2,165,Similarity-aware,17.05566661955313,0.9980519673709503,17.08895646434208,state_action_local,1,inf,5,0.05,,,,,,,,
2,170,Similarity-aware,17.05566661955313,0.9980519673709503,17.08895646434208,state_action_local,1,inf,5,0.05,,,,,,,,
2,175,Similarity-aware,17.05566661955313,0.9980519673709503,17.08895646434208,state_action_local,1,inf,5,0.05,,,,,,,,
2,180,Similarity-aware,17.05566661955313,0.9980519673709503,17.08895646434208,state_action_local,1,inf,5,0.05,,,,,,,,
2,185,Similarity-aware,17.05566661955313,0.9980519673709503,17.08895646434208,state_action_local,1,inf,5,0.05,,,,,,,,
2,190,Similarity-aware,17.05566661955313,0.9980519673709503,17.08895646434208,state_action_local,1,inf,5,0.05,,,,,,,,
2,195,Similarity-aware,17.05566661955313,0.9980519673709503,17.08895646434208,state_action_local,1,inf,5,0.05,,,,,,,,
2,200,Similarity-aware,17.05566661955313,0.9980519673709503,17.08895646434208,state_action_local,1,inf,5,0.05,,,,,,,,
2,1,Uniform,16.439835920625118,0.9620152029135647,17.08895646434208,state_action_local,1,inf,5,0.05,,,,,,,,
2,5,Uniform,16.439835920625118,0.9620152029135647,17.08895646434208,state_action_local,1,inf,5,0.05,,,,,,,,
2,10,Uniform,16.717909308569126,0.978287313415118,17.08895646434208,state_action_local,1,inf,5,0.05,,,,,,,,
2,15,Uniform,16.717909308569126,0.978287313415118,17.08895646434208,state_action_local,1,inf,5,0.05,,,,,,,,
2,20,Uniform,16.717909308569126,0.978287313415118,17.08895646434208,state_action_local,1,inf,5,0.05,,,,,,,,
2,25,Uniform,16.7821907215125,0.9820488896750554,17.08895646434208,state_action_local,1,inf,5,0.05,,,,,,,,
2,30,Uniform,16.7821907215125,0.9820488896750554,17.08895646434208,state_action_local,1,inf,5,0.05,,,,,,,,
2,35,Uniform,16.7821907215125,0.9820488896750554,17.08895646434208,state_action_local,1,inf,5,0.05,,,,,,,,
2,40,Uniform,16.7821907215125,0.9820488896750554,17.08895646434208,state_action_local,1,inf,5,0.05,,,,,,,,
2,45,Uniform,16.7821907215125,0.9820488896750554,17.08895646434208,state_action_local,1,inf,5,0.05,,,,,,,,
2,50,Uniform,16.7821907215125,0.9820488896750554,17.08895646434208,state_action_local,1,inf,5,0.05,,,,,,,,
2,55,Uniform,16.7821907215125,0.9820488896750554,17.08895646434208,state_action_local,1,inf,5,0.05,,,,,,,,
2,60,Uniform,16.7821907215125,0.9820488896750554,17.08895646434208,state_action_local,1,inf,5,0.05,,,,,,,,
2,65,Uniform,16.7821907215125,0.9820488896750554,17.08895646434208,state_action_local,1,inf,5,0.05,,,,,,,,
2,70,Uniform,16.7821907215125,0.9820488896750554,17.08895646434208,state_action_local,1,inf,5,0.05,,,,,,,,
2,75,Uniform,16.7821907215125,0.9820488896750554,17.08895646434208,state_action_local,1,inf,5,0.05,,,,,,,,
2,80,Uniform,16.7821907215125,0.9820488896750554,17.08895646434208,state_action_local,1,inf,5,0.05,,,,,,,,
2,85,Uniform,16.7821907215125,0.9820488896750554,17.08895646434208,state_action_local,1,inf,5,0.05,,,,,,,,
2,90,Uniform,16.7821907215125,0.9820488896750554,17.08895646434208,state_action_local,1,inf,5,0.05,,,,,,,,
2,95,Uniform,16.78722439703795,0.9823434468960275,17.08895646434208,state_action_local,1,inf,5,0.05,,,,,,,,
2,100,Uniform,16.78722439703795,0.9823434468960275,17.08895646434208,state_action_local,1,inf,5,0.05,,,,,,,,
2,105,Uniform,17.031616025707972,0.9966445909816815,17.08895646434208,state_action_local,1,inf,5,0.05,,,,,,,,
2,110,Uniform,17.031616025707972,0.9966445909816815,17.08895646434208,state_action_local,1,inf,5,0.05,,,,,,,,
2,115,Uniform,17.031616025707972,0.9966445909816815,17.08895646434208,state_action_local,1,inf,5,0.05,,,,,,,,
2,120,Uniform,17.031616025707972,0.9966445909816815,17.08895646434208,state_action_local,1,inf,5,0.05,,,,,,,,
2,125,Uniform,17.031616025707972,0.9966445909816815,17.08895646434208,state_action_local,1,inf,5,0.05,,,,,,,,
2,130,Uniform,17.031616025707972,0.9966445909816815,17.08895646434208,state_action_local,1,inf,5,0.05,,,,,,,,
2,135,Uniform,17.031616025707972,0.9966445909816815,17.08895646434208,state_action_local,1,inf,5,0.05,,,,,,,,
2,140,Uniform,17.031616025707972,0.9966445909816815,17.08895646434208,state_action_local,1,inf,5,0.05,,,,,,,,
2,145,Uniform,17.031616025707972,0.9966445909816815,17.08895646434208,state_action_local,1,inf,5,0.05,,,,,,,,
2,150,Uniform,17.031616025707972,0.9966445909816815,17.08895646434208,state_action_local,1,inf,5,0.05,,,,,,,,
2,155,Uniform,17.031616025707972,0.9966445909816815,17.08895646434208,state_action_local,1,inf,5,0.05,,,,,,,,
2,160,Uniform,17.031616025707972,0.9966445909816815,17.08895646434208,state_action_local,1,inf,5,0.05,,,,,,,,
2,165,Uniform,17.031616025707972,0.9966445909816815,17.08895646434208,state_action_local,1,inf,5,0.05,,,,,,,,
2,170,Uniform,17.031616025707972,0.9966445909816815,17.08895646434208,state_action_local,1,inf,5,0.05,,,,,,,,
2,175,Uniform,17.031616025707972,0.9966445909816815,17.08895646434208,state_action_local,1,inf,5,0.05,,,,,,,,
2,180,Uniform,17.031616025707972,0.9966445909816815,17.08895646434208,state_action_local,1,inf,5,0.05,,,,,,,,
2,185,Uniform,17.031616025707972,0.9966445909816815,17.08895646434208,state_action_local,1,inf,5,0.05,,,,,,,,
2,190,Uniform,17.031616025707972,0.9966445909816815,17.08895646434208,state_action_local,1,inf,5,0.05,,,,,,,,
2,195,Uniform,17.031616025707972,0.9966445909816815,17.08895646434208,state_action_local,1,inf,5,0.05,,,,,,,,
2,200,Uniform,17.031616025707972,0.9966445909816815,17.08895646434208,state_action_local,1,inf,5,0.05,,,,,,,,
2,-1,metadata,,,,state_action_local,1,inf,5,0.05,0.0,0.1,0.10000000000000012,0.10000000000000012,0.09396016112047718,0.04999999999999999,0.2,0.516127419364919
2,-1,metadata,,,,state_action_local,1,inf,5,0.05,1.0,0.2,0.2,0.2,0.18973269386867253,0.09999999999999998,0.2,0.25806499999455657
2,-1,metadata,,,,state_action_local,1,inf,5,0.05,2.0,0.4,0.4,0.4,0.37410154529475126,0.19999999999999996,0.2,0.12903282257772186
2,-1,metadata,,,,state_action_local,1,inf,5,0.05,3.0,0.8,0.7999999999999999,0.7999999999999999,0.740534925495152,0.3999999999999999,0.2,0.06451649193427424
2,-1,metadata,,,,state_action_local,1,inf,5,0.05,4.0,1.6,1.6,1.6,1.518463237053871,0.7999999999999998,0.2,0.032258266128528244
3,1,Maximum-based,16.378970804056088,0.9996967884243785,16.38393860389506,state_action_local,1,inf,5,0.05,,,,,,,,
3,5,Maximum-based,16.378970804056088,0.9996967884243785,16.38393860389506,state_action_local,1,inf,5,0.05,,,,,,,,
3,10,Maximum-based,16.378970804056088,0.9996967884243785,16.38393860389506,state_action_local,1,inf,5,0.05,,,,,,,,
3,15,Maximum-based,16.378970804056088,0.9996967884243785,16.38393860389506,state_action_local,1,inf,5,0.05,,,,,,,,
3,20,Maximum-based,16.378970804056088,0.9996967884243785,16.38393860389506,state_action_local,1,inf,5,0.05,,,,,,,,
3,25,Maximum-based,16.37562663059292,0.9994926755096503,16.38393860389506,state_action_local,1,inf,5,0.05,,,,,,,,
3,30,Maximum-based,16.37562663059292,0.9994926755096503,16.38393860389506,state_action_local,1,inf,5,0.05,,,,,,,,
3,35,Maximum-based,16.378970804056088,0.9996967884243785,16.38393860389506,state_action_local,1,inf,5,0.05,,,,,,,,
3,40,Maximum-based,16.38393860389506,1.0,16.38393860389506,state_action_local,1,inf,5,0.05,,,,,,,,
3,45,Maximum-based,16.38393860389506,1.0,16.38393860389506,state_action_local,1,inf,5,0.05,,,,,,,,
3,50,Maximum-based,16.38393860389506,1.0,16.38393860389506,state_action_local,1,inf,5,0.05,,,,,,,,
3,55,Maximum-based,16.38393860389506,1.0,16.38393860389506,state_action_local,1,inf,5,0.05,,,,,,,,
3,60,Maximum-based,16.38393860389506,1.0,16.38393860389506,state_action_local,1,inf,5,0.05,,,,,,,,
3,65,Maximum-based,16.38393860389506,1.0,16.38393860389506,state_action_local,1,inf,5,0.05,,,,,,,,
3,70,Maximum-based,16.38393860389506,1.0,16.38393860389506,state_action_local,1,inf,5,0.05,,,,,,,,
3,75,Maximum-based,16.38393860389506,1.0,16.38393860389506,state_action_local,1,inf,5,0.05,,,,,,,,
3,80,Maximum-based,16.38393860389506,1.0,16.38393860389506,state_action_local,1,inf,5,0.05,,,,,,,,
3,85,Maximum-based,16.38393860389506,1.0,16.38393860389506,state_action_local,1,inf,5,0.05,,,,,,,,
3,90,Maximum-based,16.38393860389506,1.0,16.38393860389506,state_action_local,1,inf,5,0.05,,,,,,,,
3,95,Maximum-based,16.38393860389506,1.0,16.38393860389506,state_action_local,1,inf,5,0.05,,,,,,,,
3,100,Maximum-based,16.38393860389506,1.0,16.38393860389506,state_action_local,1,inf,5,0.05,,,,,,,,
3,105,Maximum-based,16.38393860389506,1.0,16.38393860389506,state_action_local,1,inf,5,0.05,,,,,,,,
3,110,Maximum-based,16.38393860389506,1.0,16.38393860389506,state_action_local,1,inf,5,0.05,,,,,,,,
3,115,Maximum-based,16.38393860389506,1.0,16.38393860389506,state_action_local,1,inf,5,0.05,,,,,,,,
3,120,Maximum-based,16.38393860389506,1.0,16.38393860389506,state_action_local,1,inf,5,0.05,,,,,,,,
3,125,Maximum-based,16.38393860389506,1.0,16.38393860389506,state_action_local,1,inf,5,0.05,,,,,,,,
3,130,Maximum-based,16.38393860389506,1.0,16.38393860389506,state_action_local,1,inf,5,0.05,,,,,,,,
3,135,Maximum-based,16.38393860389506,1.0,16.38393860389506,state_action_local,1,inf,5,0.05,,,,,,,,
3,140,Maximum-based,16.38393860389506,1.0,16.38393860389506,state_action_local,1,inf,5,0.05,,,,,,,,
3,145,Maximum-based,16.38393860389506,1.0,16.38393860389506,state_action_local,1,inf,5,0.05,,,,,,,,
3,150,Maximum-based,16.38393860389506,1.0,16.38393860389506,state_action_local,1,inf,5,0.05,,,,,,,,
3,155,Maximum-based,16.38393860389506,1.0,16.38393860389506,state_action_local,1,inf,5,0.05,,,,,,,,
3,160,Maximum-based,16.38393860389506,1.0,16.38393860389506,state_action_local,1,inf,5,0.05,,,,,,,,
3,165,Maximum-based,16.38393860389506,1.0,16.38393860389506,state_action_local,1,inf,5,0.05,,,,,,,,
3,170,Maximum-based,16.38393860389506,1.0,16.38393860389506,state_action_local,1,inf,5,0.05,,,,,,,,
3,175,Maximum-based,16.38393860389506,1.0,16.38393860389506,state_action_local,1,inf,5,0.05,,,,,,,,
3,180,Maximum-based,16.38393860389506,1.0,16.38393860389506,state_action_local,1,inf,5,0.05,,,,,,,,
3,185,Maximum-based,16.38393860389506,1.0,16.38393860389506,state_action_local,1,inf,5,0.05,,,,,,,,
3,190,Maximum-based,16.38393860389506,1.0,16.38393860389506,state_action_local,1,inf,5,0.05,,,,,,,,
3,195,Maximum-based,16.38393860389506,1.0,16.38393860389506,state_action_local,1,inf,5,0.05,,,,,,,,
3,200,Maximum-based,16.38393860389506,1.0,16.38393860389506,state_action_local,1,inf,5,0.05,,,,,,,,
3,1,Similarity-aware,16.378970804056088,0.9996967884243785,16.38393860389506,state_action_local,1,inf,5,0.05,,,,,,,,
3,5,Similarity-aware,16.378970804056088,0.9996967884243785,16.38393860389506,state_action_local,1,inf,5,0.05,,,,,,,,
3,10,Similarity-aware,16.378970804056088,0.9996967884243785,16.38393860389506,state_action_local,1,inf,5,0.05,,,,,,,,
3,15,Similarity-aware,16.378970804056088,0.9996967884243785,16.38393860389506,state_action_local,1,inf,5,0.05,,,,,,,,
3,20,Similarity-aware,16.37562663059292,0.9994926755096503,16.38393860389506,state_action_local,1,inf,5,0.05,,,,,,,,
3,25,Similarity-aware,16.37562663059292,0.9994926755096503,16.38393860389506,state_action_local,1,inf,5,0.05,,,,,,,,
3,30,Similarity-aware,16.37562663059292,0.9994926755096503,16.38393860389506,state_action_local,1,inf,5,0.05,,,,,,,,
3,35,Similarity-aware,16.37562663059292,0.9994926755096503,16.38393860389506,state_action_local,1,inf,5,0.05,,,,,,,,
3,40,Similarity-aware,16.37562663059292,0.9994926755096503,16.38393860389506,state_action_local,1,inf,5,0.05,,,,,,,,
3,45,Similarity-aware,16.380644592064293,0.9997989487198161,16.38393860389506,state_action_local,1,inf,5,0.05,,,,,,,,
3,50,Similarity-aware,16.380644592064293,0.9997989487198161,16.38393860389506,state_action_local,1,inf,5,0.05,,,,,,,,
3,55,Similarity-aware,16.380644592064293,0.9997989487198161,16.38393860389506,state_action_local,1,inf,5,0.05,,,,,,,,
3,60,Similarity-aware,16.380644592064293,0.9997989487198161,16.38393860389506,state_action_local,1,inf,5,0.05,,,,,,,,
3,65,Similarity-aware,16.380644592064293,0.9997989487198161,16.38393860389506,state_action_local,1,inf,5,0.05,,,,,,,,
3,70,Similarity-aware,16.380644592064293,0.9997989487198161,16.38393860389506,state_action_local,1,inf,5,0.05,,,,,,,,
3,75,Similarity-aware,16.38393860389506,1.0,16.38393860389506,state_action_local,1,inf,5,0.05,,,,,,,,
3,80,Similarity-aware,16.38393860389506,1.0,16.38393860389506,state_action_local,1,inf,5,0.05,,,,,,,,
3,85,Similarity-aware,16.38393860389506,1.0,16.38393860389506,state_action_local,1,inf,5,0.05,,,,,,,,
3,90,Similarity-aware,16.38393860389506,1.0,16.38393860389506,state_action_local,1,inf,5,0.05,,,,,,,,
3,95,Similarity-aware,16.38393860389506,1.0,16.38393860389506,state_action_local,1,inf,5,0.05,,,,,,,,
3,100,Similarity-aware,16.38393860389506,1.0,16.38393860389506,state_action_local,1,inf,5,0.05,,,,,,,,
3,105,Similarity-aware,16.38393860389506,1.0,16.38393860389506,state_action_local,1,inf,5,0.05,,,,,,,,
3,110,Similarity-aware,16.38393860389506,1.0,16.38393860389506,state_action_local,1,inf,5,0.05,,,,,,,,
3,115,Similarity-aware,16.38393860389506,1.0,16.38393860389506,state_action_local,1,inf,5,0.05,,,,,,,,
3,120,Similarity-aware,16.38393860389506,1.0,16.38393860389506,state_action_local,1,inf,5,0.05,,,,,,,,
3,125,Similarity-aware,16.38393860389506,1.0,16.38393860389506,state_action_local,1,inf,5,0.05,,,,,,,,
3,130,Similarity-aware,16.38393860389506,1.0,16.38393860389506,state_action_local,1,inf,5,0.05,,,,,,,,
3,135,Similarity-aware,16.38393860389506,1.0,16.38393860389506,state_action_local,1,inf,5,0.05,,,,,,,,
3,140,Similarity-aware,16.38393860389506,1.0,16.38393860389506,state_action_local,1,inf,5,0.05,,,,,,,,
3,145,Similarity-aware,16.38393860389506,1.0,16.38393860389506,state_action_local,1,inf,5,0.05,,,,,,,,
3,150,Similarity-aware,16.38393860389506,1.0,16.38393860389506,state_action_local,1,inf,5,0.05,,,,,,,,
3,155,Similarity-aware,16.38393860389506,1.0,16.38393860389506,state_action_local,1,inf,5,0.05,,,,,,,,
3,160,Similarity-aware,16.38393860389506,1.0,16.38393860389506,state_action_local,1,inf,5,0.05,,,,,,,,
3,165,Similarity-aware,16.38393860389506,1.0,16.38393860389506,state_action_local,1,inf,5,0.05,,,,,,,,
3,170,Similarity-aware,16.38393860389506,1.0,16.38393860389506,state_action_local,1,inf,5,0.05,,,,,,,,
3,175,Similarity-aware,16.38393860389506,1.0,16.38393860389506,state_action_local,1,inf,5,0.05,,,,,,,,
3,180,Similarity-aware,16.38393860389506,1.0,16.38393860389506,state_action_local,1,inf,5,0.05,,,,,,,,
3,185,Similarity-aware,16.38393860389506,1.0,16.38393860389506,state_action_local,1,inf,5,0.05,,,,,,,,
3,190,Similarity-aware,16.38393860389506,1.0,16.38393860389506,state_action_local,1,inf,5,0.05,,,,,,,,
3,195,Similarity-aware,16.38393860389506,1.0,16.38393860389506,state_action_local,1,inf,5,0.05,,,,,,,,
3,200,Similarity-aware,16.38393860389506,1.0,16.38393860389506,state_action_local,1,inf,5,0.05,,,,,,,,
3,1,Uniform,16.378970804056088,0.9996967884243785,16.38393860389506,state_action_local,1,inf,5,0.05,,,,,,,,
3,5,Uniform,16.378970804056088,0.9996967884243785,16.38393860389506,state_action_local,1,inf,5,0.05,,,,,,,,
3,10,Uniform,16.378970804056088,0.9996967884243785,16.38393860389506,state_action_local,1,inf,5,0.05,,,,,,,,
3,15,Uniform,16.378970804056088,0.9996967884243785,16.38393860389506,state_action_local,1,inf,5,0.05,,,,,,,,
3,20,Uniform,16.37562663059292,0.9994926755096503,16.38393860389506,state_action_local,1,inf,5,0.05,,,,,,,,
3,25,Uniform,16.37562663059292,0.9994926755096503,16.38393860389506,state_action_local,1,inf,5,0.05,,,,,,,,
3,30,Uniform,16.37562663059292,0.9994926755096503,16.38393860389506,state_action_local,1,inf,5,0.05,,,,,,,,
3,35,Uniform,16.37562663059292,0.9994926755096503,16.38393860389506,state_action_local,1,inf,5,0.05,,,,,,,,
3,40,Uniform,16.37562663059292,0.9994926755096503,16.38393860389506,state_action_local,1,inf,5,0.05,,,,,,,,
3,45,Uniform,16.37562663059292,0.9994926755096503,16.38393860389506,state_action_local,1,inf,5,0.05,,,,,,,,
3,50,Uniform,16.37562663059292,0.9994926755096503,16.38393860389506,state_action_local,1,inf,5,0.05,,,,,,,,
3,55,Uniform,16.37562663059292,0.9994926755096503,16.38393860389506,state_action_local,1,inf,5,0.05,,,,,,,,
3,60,Uniform,16.37562663059292,0.9994926755096503,16.38393860389506,state_action_local,1,inf,5,0.05,,,,,,,,
3,65,Uniform,16.380644592064293,0.9997989487198161,16.38393860389506,state_action_local,1,inf,5,0.05,,,,,,,,
3,70,Uniform,16.380644592064293,0.9997989487198161,16.38393860389506,state_action_local,1,inf,5,0.05,,,,,,,,
3,75,Uniform,16.380644592064293,0.9997989487198161,16.38393860389506,state_action_local,1,inf,5,0.05,,,,,,,,
3,80,Uniform,16.380644592064293,0.9997989487198161,16.38393860389506,state_action_local,1,inf,5,0.05,,,,,,,,
3,85,Uniform,16.380644592064293,0.9997989487198161,16.38393860389506,state_action_local,1,inf,5,0.05,,,,,,,,
3,90,Uniform,16.380644592064293,0.9997989487198161,16.38393860389506,state_action_local,1,inf,5,0.05,,,,,,,,
3,95,Uniform,16.380644592064293,0.9997989487198161,16.38393860389506,state_action_local,1,inf,5,0.05,,,,,,,,
3,100,Uniform,16.380644592064293,0.9997989487198161,16.38393860389506,state_action_local,1,inf,5,0.05,,,,,,,,
3,105,Uniform,16.380644592064293,0.9997989487198161,16.38393860389506,state_action_local,1,inf,5,0.05,,,,,,,,
3,110,Uniform,16.380644592064293,0.9997989487198161,16.38393860389506,state_action_local,1,inf,5,0.05,,,,,,,,
3,115,Uniform,16.380644592064293,0.9997989487198161,16.38393860389506,state_action_local,1,inf,5,0.05,,,,,,,,
3,120,Uniform,16.380644592064293,0.9997989487198161,16.38393860389506,state_action_local,1,inf,5,0.05,,,,,,,,
3,125,Uniform,16.380644592064293,0.9997989487198161,16.38393860389506,state_action_local,1,inf,5,0.05,,,,,,,,
3,130,Uniform,16.380644592064293,0.9997989487198161,16.38393860389506,state_action_local,1,inf,5,0.05,,,,,,,,
3,135,Uniform,16.380644592064293,0.9997989487198161,16.38393860389506,state_action_local,1,inf,5,0.05,,,,,,,,
3,140,Uniform,16.380644592064293,0.9997989487198161,16.38393860389506,state_action_local,1,inf,5,0.05,,,,,,,,
3,145,Uniform,16.380644592064293,0.9997989487198161,16.38393860389506,state_action_local,1,inf,5,0.05,,,,,,,,
3,150,Uniform,16.380644592064293,0.9997989487198161,16.38393860389506,state_action_local,1,inf,5,0.05,,,,,,,,
3,155,Uniform,16.380644592064293,0.9997989487198161,16.38393860389506,state_action_local,1,inf,5,0.05,,,,,,,,
3,160,Uniform,16.380644592064293,0.9997989487198161,16.38393860389506,state_action_local,1,inf,5,0.05,,,,,,,,
3,165,Uniform,16.380644592064293,0.9997989487198161,16.38393860389506,state_action_local,1,inf,5,0.05,,,,,,,,
3,170,Uniform,16.380644592064293,0.9997989487198161,16.38393860389506,state_action_local,1,inf,5,0.05,,,,,,,,
3,175,Uniform,16.380644592064293,0.9997989487198161,16.38393860389506,state_action_local,1,inf,5,0.05,,,,,,,,
3,180,Uniform,16.380644592064293,0.9997989487198161,16.38393860389506,state_action_local,1,inf,5,0.05,,,,,,,,
3,185,Uniform,16.380644592064293,0.9997989487198161,16.38393860389506,state_action_local,1,inf,5,0.05,,,,,,,,
3,190,Uniform,16.380644592064293,0.9997989487198161,16.38393860389506,state_action_local,1,inf,5,0.05,,,,,,,,
3,195,Uniform,16.380644592064293,0.9997989487198161,16.38393860389506,state_action_local,1,inf,5,0.05,,,,,,,,
3,200,Uniform,16.380644592064293,0.9997989487198161,16.38393860389506,state_action_local,1,inf,5,0.05,,,,,,,,
3,-1,metadata,,,,state_action_local,1,inf,5,0.05,0.0,0.1,0.10000000000000009,0.10000000000000009,0.09190911996840406,0.04999999999999999,0.2,0.516127419364919
3,-1,metadata,,,,state_action_local,1,inf,5,0.05,1.0,0.2,0.20000000000000004,0.20000000000000004,0.1874570563623422,0.09999999999999998,0.2,0.25806499999455657
3,-1,metadata,,,,state_action_local,1,inf,5,0.05,2.0,0.4,0.4,0.4,0.3730396604665677,0.19999999999999996,0.2,0.12903282257772183
3,-1,metadata,,,,state_action_local,1,inf,5,0.05,3.0,0.8,0.8,0.8,0.7576765705419184,0.3999999999999999,0.2,0.06451649193427422
3,-1,metadata,,,,state_action_local,1,inf,5,0.05,4.0,1.6,1.5999999999999999,1.5999999999999999,1.501319297657535,0.7999999999999998,0.2,0.032258266128528244
4,1,Maximum-based,16.17796403666482,0.9637533160308972,16.78641595060013,state_action_local,1,inf,5,0.05,,,,,,,,
4,5,Maximum-based,16.211209311919998,0.9657338028336199,16.78641595060013,state_action_local,1,inf,5,0.05,,,,,,,,
4,10,Maximum-based,16.211209311919998,0.9657338028336199,16.78641595060013,state_action_local,1,inf,5,0.05,,,,,,,,
4,15,Maximum-based,16.211209311919998,0.9657338028336199,16.78641595060013,state_action_local,1,inf,5,0.05,,,,,,,,
4,20,Maximum-based,16.211209311919998,0.9657338028336199,16.78641595060013,state_action_local,1,inf,5,0.05,,,,,,,,
4,25,Maximum-based,16.315285025274708,0.9719337989293314,16.78641595060013,state_action_local,1,inf,5,0.05,,,,,,,,
4,30,Maximum-based,16.315285025274708,0.9719337989293314,16.78641595060013,state_action_local,1,inf,5,0.05,,,,,,,,
4,35,Maximum-based,16.315285025274708,0.9719337989293314,16.78641595060013,state_action_local,1,inf,5,0.05,,,,,,,,
4,40,Maximum-based,16.315285025274708,0.9719337989293314,16.78641595060013,state_action_local,1,inf,5,0.05,,,,,,,,
4,45,Maximum-based,16.405061116729136,0.977281938265246,16.78641595060013,state_action_local,1,inf,5,0.05,,,,,,,,
4,50,Maximum-based,16.405061116729136,0.977281938265246,16.78641595060013,state_action_local,1,inf,5,0.05,,,,,,,,
4,55,Maximum-based,16.700689413028222,0.9948931005984727,16.78641595060013,state_action_local,1,inf,5,0.05,,,,,,,,
4,60,Maximum-based,16.700689413028222,0.9948931005984727,16.78641595060013,state_action_local,1,inf,5,0.05,,,,,,,,
4,65,Maximum-based,16.700689413028222,0.9948931005984727,16.78641595060013,state_action_local,1,inf,5,0.05,,,,,,,,
4,70,Maximum-based,16.700689413028222,0.9948931005984727,16.78641595060013,state_action_local,1,inf,5,0.05,,,,,,,,
4,75,Maximum-based,16.726499395945442,0.9964306523303715,16.78641595060013,state_action_local,1,inf,5,0.05,,,,,,,,
4,80,Maximum-based,16.726499395945442,0.9964306523303715,16.78641595060013,state_action_local,1,inf,5,0.05,,,,,,,,
4,85,Maximum-based,16.78641595060013,1.0,16.78641595060013,state_action_local,1,inf,5,0.05,,,,,,,,
4,90,Maximum-based,16.78641595060013,1.0,16.78641595060013,state_action_local,1,inf,5,0.05,,,,,,,,
4,95,Maximum-based,16.78641595060013,1.0,16.78641595060013,state_action_local,1,inf,5,0.05,,,,,,,,
4,100,Maximum-based,16.78641595060013,1.0,16.78641595060013,state_action_local,1,inf,5,0.05,,,,,,,,
4,105,Maximum-based,16.78641595060013,1.0,16.78641595060013,state_action_local,1,inf,5,0.05,,,,,,,,
4,110,Maximum-based,16.78641595060013,1.0,16.78641595060013,state_action_local,1,inf,5,0.05,,,,,,,,
4,115,Maximum-based,16.78641595060013,1.0,16.78641595060013,state_action_local,1,inf,5,0.05,,,,,,,,
4,120,Maximum-based,16.78641595060013,1.0,16.78641595060013,state_action_local,1,inf,5,0.05,,,,,,,,
4,125,Maximum-based,16.78641595060013,1.0,16.78641595060013,state_action_local,1,inf,5,0.05,,,,,,,,
4,130,Maximum-based,16.78641595060013,1.0,16.78641595060013,state_action_local,1,inf,5,0.05,,,,,,,,
4,135,Maximum-based,16.78641595060013,1.0,16.78641595060013,state_action_local,1,inf,5,0.05,,,,,,,,
4,140,Maximum-based,16.78641595060013,1.0,16.78641595060013,state_action_local,1,inf,5,0.05,,,,,,,,
4,145,Maximum-based,16.78641595060013,1.0,16.78641595060013,state_action_local,1,inf,5,0.05,,,,,,,,
4,150,Maximum-based,16.78641595060013,1.0,16.78641595060013,state_action_local,1,inf,5,0.05,,,,,,,,
4,155,Maximum-based,16.78641595060013,1.0,16.78641595060013,state_action_local,1,inf,5,0.05,,,,,,,,
4,160,Maximum-based,16.78641595060013,1.0,16.78641595060013,state_action_local,1,inf,5,0.05,,,,,,,,
4,165,Maximum-based,16.78641595060013,1.0,16.78641595060013,state_action_local,1,inf,5,0.05,,,,,,,,
4,170,Maximum-based,16.78641595060013,1.0,16.78641595060013,state_action_local,1,inf,5,0.05,,,,,,,,
4,175,Maximum-based,16.78641595060013,1.0,16.78641595060013,state_action_local,1,inf,5,0.05,,,,,,,,
4,180,Maximum-based,16.78641595060013,1.0,16.78641595060013,state_action_local,1,inf,5,0.05,,,,,,,,
4,185,Maximum-based,16.78641595060013,1.0,16.78641595060013,state_action_local,1,inf,5,0.05,,,,,,,,
4,190,Maximum-based,16.78641595060013,1.0,16.78641595060013,state_action_local,1,inf,5,0.05,,,,,,,,
4,195,Maximum-based,16.78641595060013,1.0,16.78641595060013,state_action_local,1,inf,5,0.05,,,,,,,,
4,200,Maximum-based,16.78641595060013,1.0,16.78641595060013,state_action_local,1,inf,5,0.05,,,,,,,,
4,1,Similarity-aware,16.17796403666482,0.9637533160308972,16.78641595060013,state_action_local,1,inf,5,0.05,,,,,,,,
4,5,Similarity-aware,16.211209311919998,0.9657338028336199,16.78641595060013,state_action_local,1,inf,5,0.05,,,,,,,,
4,10,Similarity-aware,16.211209311919998,0.9657338028336199,16.78641595060013,state_action_local,1,inf,5,0.05,,,,,,,,
4,15,Similarity-aware,16.211209311919998,0.9657338028336199,16.78641595060013,state_action_local,1,inf,5,0.05,,,,,,,,
4,20,Similarity-aware,16.211209311919998,0.9657338028336199,16.78641595060013,state_action_local,1,inf,5,0.05,,,,,,,,
4,25,Similarity-aware,16.22817606247238,0.9667445457225314,16.78641595060013,state_action_local,1,inf,5,0.05,,,,,,,,
4,30,Similarity-aware,16.315285025274708,0.9719337989293314,16.78641595060013,state_action_local,1,inf,5,0.05,,,,,,,,
4,35,Similarity-aware,16.315285025274708,0.9719337989293314,16.78641595060013,state_action_local,1,inf,5,0.05,,,,,,,,
4,40,Similarity-aware,16.315285025274708,0.9719337989293314,16.78641595060013,state_action_local,1,inf,5,0.05,,,,,,,,
4,45,Similarity-aware,16.315285025274708,0.9719337989293314,16.78641595060013,state_action_local,1,inf,5,0.05,,,,,,,,
4,50,Similarity-aware,16.405061116729136,0.977281938265246,16.78641595060013,state_action_local,1,inf,5,0.05,,,,,,,,
4,55,Similarity-aware,16.405061116729136,0.977281938265246,16.78641595060013,state_action_local,1,inf,5,0.05,,,,,,,,
4,60,Similarity-aware,16.69339738449621,0.9944587000359302,16.78641595060013,state_action_local,1,inf,5,0.05,,,,,,,,
4,65,Similarity-aware,16.700689413028222,0.9948931005984727,16.78641595060013,state_action_local,1,inf,5,0.05,,,,,,,,
4,70,Similarity-aware,16.700689413028222,0.9948931005984727,16.78641595060013,state_action_local,1,inf,5,0.05,,,,,,,,
4,75,Similarity-aware,16.700689413028222,0.9948931005984727,16.78641595060013,state_action_local,1,inf,5,0.05,,,,,,,,
4,80,Similarity-aware,16.700689413028222,0.9948931005984727,16.78641595060013,state_action_local,1,inf,5,0.05,,,,,,,,
4,85,Similarity-aware,16.700689413028222,0.9948931005984727,16.78641595060013,state_action_local,1,inf,5,0.05,,,,,,,,
4,90,Similarity-aware,16.700689413028222,0.9948931005984727,16.78641595060013,state_action_local,1,inf,5,0.05,,,,,,,,
4,95,Similarity-aware,16.726499395945442,0.9964306523303715,16.78641595060013,state_action_local,1,inf,5,0.05,,,,,,,,
4,100,Similarity-aware,16.726499395945442,0.9964306523303715,16.78641595060013,state_action_local,1,inf,5,0.05,,,,,,,,
4,105,Similarity-aware,16.726499395945442,0.9964306523303715,16.78641595060013,state_action_local,1,inf,5,0.05,,,,,,,,
4,110,Similarity-aware,16.726499395945442,0.9964306523303715,16.78641595060013,state_action_local,1,inf,5,0.05,,,,,,,,
4,115,Similarity-aware,16.726499395945442,0.9964306523303715,16.78641595060013,state_action_local,1,inf,5,0.05,,,,,,,,
4,120,Similarity-aware,16.726499395945442,0.9964306523303715,16.78641595060013,state_action_local,1,inf,5,0.05,,,,,,,,
4,125,Similarity-aware,16.726499395945442,0.9964306523303715,16.78641595060013,state_action_local,1,inf,5,0.05,,,,,,,,
4,130,Similarity-aware,16.726499395945442,0.9964306523303715,16.78641595060013,state_action_local,1,inf,5,0.05,,,,,,,,
4,135,Similarity-aware,16.726499395945442,0.9964306523303715,16.78641595060013,state_action_local,1,inf,5,0.05,,,,,,,,
4,140,Similarity-aware,16.78641595060013,1.0,16.78641595060013,state_action_local,1,inf,5,0.05,,,,,,,,
4,145,Similarity-aware,16.78641595060013,1.0,16.78641595060013,state_action_local,1,inf,5,0.05,,,,,,,,
4,150,Similarity-aware,16.78641595060013,1.0,16.78641595060013,state_action_local,1,inf,5,0.05,,,,,,,,
4,155,Similarity-aware,16.78641595060013,1.0,16.78641595060013,state_action_local,1,inf,5,0.05,,,,,,,,
4,160,Similarity-aware,16.78641595060013,1.0,16.78641595060013,state_action_local,1,inf,5,0.05,,,,,,,,
4,165,Similarity-aware,16.78641595060013,1.0,16.78641595060013,state_action_local,1,inf,5,0.05,,,,,,,,
4,170,Similarity-aware,16.78641595060013,1.0,16.78641595060013,state_action_local,1,inf,5,0.05,,,,,,,,
4,175,Similarity-aware,16.78641595060013,1.0,16.78641595060013,state_action_local,1,inf,5,0.05,,,,,,,,
4,180,Similarity-aware,16.78641595060013,1.0,16.78641595060013,state_action_local,1,inf,5,0.05,,,,,,,,
4,185,Similarity-aware,16.78641595060013,1.0,16.78641595060013,state_action_local,1,inf,5,0.05,,,,,,,,
4,190,Similarity-aware,16.78641595060013,1.0,16.78641595060013,state_action_local,1,inf,5,0.05,,,,,,,,
4,195,Similarity-aware,16.78641595060013,1.0,16.78641595060013,state_action_local,1,inf,5,0.05,,,,,,,,
4,200,Similarity-aware,16.78641595060013,1.0,16.78641595060013,state_action_local,1,inf,5,0.05,,,,,,,,
4,1,Uniform,16.17796403666482,0.9637533160308972,16.78641595060013,state_action_local,1,inf,5,0.05,,,,,,,,
4,5,Uniform,16.211209311919998,0.9657338028336199,16.78641595060013,state_action_local,1,inf,5,0.05,,,,,,,,
4,10,Uniform,16.211209311919998,0.9657338028336199,16.78641595060013,state_action_local,1,inf,5,0.05,,,,,,,,
4,15,Uniform,16.211209311919998,0.9657338028336199,16.78641595060013,state_action_local,1,inf,5,0.05,,,,,,,,
4,20,Uniform,16.211209311919998,0.9657338028336199,16.78641595060013,state_action_local,1,inf,5,0.05,,,,,,,,
4,25,Uniform,16.211209311919998,0.9657338028336199,16.78641595060013,state_action_local,1,inf,5,0.05,,,,,,,,
4,30,Uniform,16.22817606247238,0.9667445457225314,16.78641595060013,state_action_local,1,inf,5,0.05,,,,,,,,
4,35,Uniform,16.315285025274708,0.9719337989293314,16.78641595060013,state_action_local,1,inf,5,0.05,,,,,,,,
4,40,Uniform,16.315285025274708,0.9719337989293314,16.78641595060013,state_action_local,1,inf,5,0.05,,,,,,,,
4,45,Uniform,16.315285025274708,0.9719337989293314,16.78641595060013,state_action_local,1,inf,5,0.05,,,,,,,,
4,50,Uniform,16.315285025274708,0.9719337989293314,16.78641595060013,state_action_local,1,inf,5,0.05,,,,,,,,
4,55,Uniform,16.315285025274708,0.9719337989293314,16.78641595060013,state_action_local,1,inf,5,0.05,,,,,,,,
4,60,Uniform,16.315285025274708,0.9719337989293314,16.78641595060013,state_action_local,1,inf,5,0.05,,,,,,,,
4,65,Uniform,16.315285025274708,0.9719337989293314,16.78641595060013,state_action_local,1,inf,5,0.05,,,,,,,,
4,70,Uniform,16.405061116729136,0.977281938265246,16.78641595060013,state_action_local,1,inf,5,0.05,,,,,,,,
4,75,Uniform,16.405061116729136,0.977281938265246,16.78641595060013,state_action_local,1,inf,5,0.05,,,,,,,,
4,80,Uniform,16.405061116729136,0.977281938265246,16.78641595060013,state_action_local,1,inf,5,0.05,,,,,,,,
4,85,Uniform,16.405061116729136,0.977281938265246,16.78641595060013,state_action_local,1,inf,5,0.05,,,,,,,,
4,90,Uniform,16.405061116729136,0.977281938265246,16.78641595060013,state_action_local,1,inf,5,0.05,,,,,,,,
4,95,Uniform,16.405061116729136,0.977281938265246,16.78641595060013,state_action_local,1,inf,5,0.05,,,,,,,,
4,100,Uniform,16.405061116729136,0.977281938265246,16.78641595060013,state_action_local,1,inf,5,0.05,,,,,,,,
4,105,Uniform,16.69339738449621,0.9944587000359302,16.78641595060013,state_action_local,1,inf,5,0.05,,,,,,,,
4,110,Uniform,16.69339738449621,0.9944587000359302,16.78641595060013,state_action_local,1,inf,5,0.05,,,,,,,,
4,115,Uniform,16.69339738449621,0.9944587000359302,16.78641595060013,state_action_local,1,inf,5,0.05,,,,,,,,
4,120,Uniform,16.69339738449621,0.9944587000359302,16.78641595060013,state_action_local,1,inf,5,0.05,,,,,,,,
4,125,Uniform,16.69339738449621,0.9944587000359302,16.78641595060013,state_action_local,1,inf,5,0.05,,,,,,,,
4,130,Uniform,16.69339738449621,0.9944587000359302,16.78641595060013,state_action_local,1,inf,5,0.05,,,,,,,,
4,135,Uniform,16.69339738449621,0.9944587000359302,16.78641595060013,state_action_local,1,inf,5,0.05,,,,,,,,
4,140,Uniform,16.69339738449621,0.9944587000359302,16.78641595060013,state_action_local,1,inf,5,0.05,,,,,,,,
4,145,Uniform,16.69339738449621,0.9944587000359302,16.78641595060013,state_action_local,1,inf,5,0.05,,,,,,,,
4,150,Uniform,16.69339738449621,0.9944587000359302,16.78641595060013,state_action_local,1,inf,5,0.05,,,,,,,,
4,155,Uniform,16.69339738449621,0.9944587000359302,16.78641595060013,state_action_local,1,inf,5,0.05,,,,,,,,
4,160,Uniform,16.69339738449621,0.9944587000359302,16.78641595060013,state_action_local,1,inf,5,0.05,,,,,,,,
4,165,Uniform,16.69339738449621,0.9944587000359302,16.78641595060013,state_action_local,1,inf,5,0.05,,,,,,,,
4,170,Uniform,16.69339738449621,0.9944587000359302,16.78641595060013,state_action_local,1,inf,5,0.05,,,,,,,,
4,175,Uniform,16.69339738449621,0.9944587000359302,16.78641595060013,state_action_local,1,inf,5,0.05,,,,,,,,
4,180,Uniform,16.69339738449621,0.9944587000359302,16.78641595060013,state_action_local,1,inf,5,0.05,,,,,,,,
4,185,Uniform,16.69339738449621,0.9944587000359302,16.78641595060013,state_action_local,1,inf,5,0.05,,,,,,,,
4,190,Uniform,16.69339738449621,0.9944587000359302,16.78641595060013,state_action_local,1,inf,5,0.05,,,,,,,,
4,195,Uniform,16.69339738449621,0.9944587000359302,16.78641595060013,state_action_local,1,inf,5,0.05,,,,,,,,
4,200,Uniform,16.69339738449621,0.9944587000359302,16.78641595060013,state_action_local,1,inf,5,0.05,,,,,,,,
4,-1,metadata,,,,state_action_local,1,inf,5,0.05,0.0,0.1,0.10000000000000012,0.10000000000000012,0.09385683836445553,0.04999999999999999,0.2,0.516127419364919
4,-1,metadata,,,,state_action_local,1,inf,5,0.05,1.0,0.2,0.20000000000000004,0.20000000000000004,0.1872784492623078,0.09999999999999998,0.2,0.25806499999455657
4,-1,metadata,,,,state_action_local,1,inf,5,0.05,2.0,0.4,0.4,0.4,0.3796951859101399,0.19999999999999996,0.2,0.12903282257772186
4,-1,metadata,,,,state_action_local,1,inf,5,0.05,3.0,0.8,0.8,0.8,0.7575324552575732,0.3999999999999999,0.2,0.06451649193427422
4,-1,metadata,,,,state_action_local,1,inf,5,0.05,4.0,1.6,1.6,1.6,1.5069514015230392,0.7999999999999998,0.2,0.032258266128528244
5,1,Maximum-based,15.837911813296072,0.9320004760971862,16.993458929997953,state_action_local,1,inf,5,0.05,,,,,,,,
5,5,Maximum-based,16.46111707604648,0.9686737199210369,16.993458929997953,state_action_local,1,inf,5,0.05,,,,,,,,
5,10,Maximum-based,16.656364822650122,0.9801633023190606,16.993458929997953,state_action_local,1,inf,5,0.05,,,,,,,,
5,15,Maximum-based,16.656364822650122,0.9801633023190606,16.993458929997953,state_action_local,1,inf,5,0.05,,,,,,,,
5,20,Maximum-based,16.656364822650122,0.9801633023190606,16.993458929997953,state_action_local,1,inf,5,0.05,,,,,,,,
5,25,Maximum-based,16.66676680604687,0.9807754192188393,16.993458929997953,state_action_local,1,inf,5,0.05,,,,,,,,
5,30,Maximum-based,16.66676680604687,0.9807754192188393,16.993458929997953,state_action_local,1,inf,5,0.05,,,,,,,,
5,35,Maximum-based,16.66676680604687,0.9807754192188393,16.993458929997953,state_action_local,1,inf,5,0.05,,,,,,,,
5,40,Maximum-based,16.66676680604687,0.9807754192188393,16.993458929997953,state_action_local,1,inf,5,0.05,,,,,,,,
5,45,Maximum-based,16.66676680604687,0.9807754192188393,16.993458929997953,state_action_local,1,inf,5,0.05,,,,,,,,
5,50,Maximum-based,16.66676680604687,0.9807754192188393,16.993458929997953,state_action_local,1,inf,5,0.05,,,,,,,,
5,55,Maximum-based,16.892301884340114,0.9940472951342901,16.993458929997953,state_action_local,1,inf,5,0.05,,,,,,,,
5,60,Maximum-based,16.892301884340114,0.9940472951342901,16.993458929997953,state_action_local,1,inf,5,0.05,,,,,,,,
5,65,Maximum-based,16.975649740446258,0.9989519973758693,16.993458929997953,state_action_local,1,inf,5,0.05,,,,,,,,
5,70,Maximum-based,16.975649740446258,0.9989519973758693,16.993458929997953,state_action_local,1,inf,5,0.05,,,,,,,,
5,75,Maximum-based,16.975649740446258,0.9989519973758693,16.993458929997953,state_action_local,1,inf,5,0.05,,,,,,,,
5,80,Maximum-based,16.975649740446258,0.9989519973758693,16.993458929997953,state_action_local,1,inf,5,0.05,,,,,,,,
5,85,Maximum-based,16.975649740446258,0.9989519973758693,16.993458929997953,state_action_local,1,inf,5,0.05,,,,,,,,
5,90,Maximum-based,16.975649740446258,0.9989519973758693,16.993458929997953,state_action_local,1,inf,5,0.05,,,,,,,,
5,95,Maximum-based,16.993458929997953,1.0,16.993458929997953,state_action_local,1,inf,5,0.05,,,,,,,,
5,100,Maximum-based,16.993458929997953,1.0,16.993458929997953,state_action_local,1,inf,5,0.05,,,,,,,,
5,105,Maximum-based,16.993458929997953,1.0,16.993458929997953,state_action_local,1,inf,5,0.05,,,,,,,,
5,110,Maximum-based,16.993458929997953,1.0,16.993458929997953,state_action_local,1,inf,5,0.05,,,,,,,,
5,115,Maximum-based,16.993458929997953,1.0,16.993458929997953,state_action_local,1,inf,5,0.05,,,,,,,,
5,120,Maximum-based,16.993458929997953,1.0,16.993458929997953,state_action_local,1,inf,5,0.05,,,,,,,,
5,125,Maximum-based,16.993458929997953,1.0,16.993458929997953,state_action_local,1,inf,5,0.05,,,,,,,,
5,130,Maximum-based,16.993458929997953,1.0,16.993458929997953,state_action_local,1,inf,5,0.05,,,,,,,,
5,135,Maximum-based,16.993458929997953,1.0,16.993458929997953,state_action_local,1,inf,5,0.05,,,,,,,,
5,140,Maximum-based,16.993458929997953,1.0,16.993458929997953,state_action_local,1,inf,5,0.05,,,,,,,,
5,145,Maximum-based,16.993458929997953,1.0,16.993458929997953,state_action_local,1,inf,5,0.05,,,,,,,,
5,150,Maximum-based,16.993458929997953,1.0,16.993458929997953,state_action_local,1,inf,5,0.05,,,,,,,,
5,155,Maximum-based,16.993458929997953,1.0,16.993458929997953,state_action_local,1,inf,5,0.05,,,,,,,,
5,160,Maximum-based,16.993458929997953,1.0,16.993458929997953,state_action_local,1,inf,5,0.05,,,,,,,,
5,165,Maximum-based,16.993458929997953,1.0,16.993458929997953,state_action_local,1,inf,5,0.05,,,,,,,,
5,170,Maximum-based,16.993458929997953,1.0,16.993458929997953,state_action_local,1,inf,5,0.05,,,,,,,,
5,175,Maximum-based,16.993458929997953,1.0,16.993458929997953,state_action_local,1,inf,5,0.05,,,,,,,,
5,180,Maximum-based,16.993458929997953,1.0,16.993458929997953,state_action_local,1,inf,5,0.05,,,,,,,,
5,185,Maximum-based,16.993458929997953,1.0,16.993458929997953,state_action_local,1,inf,5,0.05,,,,,,,,
5,190,Maximum-based,16.993458929997953,1.0,16.993458929997953,state_action_local,1,inf,5,0.05,,,,,,,,
5,195,Maximum-based,16.993458929997953,1.0,16.993458929997953,state_action_local,1,inf,5,0.05,,,,,,,,
5,200,Maximum-based,16.993458929997953,1.0,16.993458929997953,state_action_local,1,inf,5,0.05,,,,,,,,
5,1,Similarity-aware,15.837911813296072,0.9320004760971862,16.993458929997953,state_action_local,1,inf,5,0.05,,,,,,,,
5,5,Similarity-aware,16.46111707604648,0.9686737199210369,16.993458929997953,state_action_local,1,inf,5,0.05,,,,,,,,
5,10,Similarity-aware,16.656364822650122,0.9801633023190606,16.993458929997953,state_action_local,1,inf,5,0.05,,,,,,,,
5,15,Similarity-aware,16.656364822650122,0.9801633023190606,16.993458929997953,state_action_local,1,inf,5,0.05,,,,,,,,
5,20,Similarity-aware,16.656364822650122,0.9801633023190606,16.993458929997953,state_action_local,1,inf,5,0.05,,,,,,,,
5,25,Similarity-aware,16.656364822650122,0.9801633023190606,16.993458929997953,state_action_local,1,inf,5,0.05,,,,,,,,
5,30,Similarity-aware,16.66676680604687,0.9807754192188393,16.993458929997953,state_action_local,1,inf,5,0.05,,,,,,,,
5,35,Similarity-aware,16.66676680604687,0.9807754192188393,16.993458929997953,state_action_local,1,inf,5,0.05,,,,,,,,
5,40,Similarity-aware,16.66676680604687,0.9807754192188393,16.993458929997953,state_action_local,1,inf,5,0.05,,,,,,,,
5,45,Similarity-aware,16.66676680604687,0.9807754192188393,16.993458929997953,state_action_local,1,inf,5,0.05,,,,,,,,
5,50,Similarity-aware,16.66676680604687,0.9807754192188393,16.993458929997953,state_action_local,1,inf,5,0.05,,,,,,,,
5,55,Similarity-aware,16.861086876813907,0.9922104114454078,16.993458929997953,state_action_local,1,inf,5,0.05,,,,,,,,
5,60,Similarity-aware,16.861086876813907,0.9922104114454078,16.993458929997953,state_action_local,1,inf,5,0.05,,,,,,,,
5,65,Similarity-aware,16.88307795598043,0.9935045022633578,16.993458929997953,state_action_local,1,inf,5,0.05,,,,,,,,
5,70,Similarity-aware,16.88307795598043,0.9935045022633578,16.993458929997953,state_action_local,1,inf,5,0.05,,,,,,,,
5,75,Similarity-aware,16.892301884340114,0.9940472951342901,16.993458929997953,state_action_local,1,inf,5,0.05,,,,,,,,
5,80,Similarity-aware,16.892301884340114,0.9940472951342901,16.993458929997953,state_action_local,1,inf,5,0.05,,,,,,,,
5,85,Similarity-aware,16.975649740446258,0.9989519973758693,16.993458929997953,state_action_local,1,inf,5,0.05,,,,,,,,
5,90,Similarity-aware,16.975649740446258,0.9989519973758693,16.993458929997953,state_action_local,1,inf,5,0.05,,,,,,,,
5,95,Similarity-aware,16.975649740446258,0.9989519973758693,16.993458929997953,state_action_local,1,inf,5,0.05,,,,,,,,
5,100,Similarity-aware,16.975649740446258,0.9989519973758693,16.993458929997953,state_action_local,1,inf,5,0.05,,,,,,,,
5,105,Similarity-aware,16.975649740446258,0.9989519973758693,16.993458929997953,state_action_local,1,inf,5,0.05,,,,,,,,
5,110,Similarity-aware,16.975649740446258,0.9989519973758693,16.993458929997953,state_action_local,1,inf,5,0.05,,,,,,,,
5,115,Similarity-aware,16.975649740446258,0.9989519973758693,16.993458929997953,state_action_local,1,inf,5,0.05,,,,,,,,
5,120,Similarity-aware,16.975649740446258,0.9989519973758693,16.993458929997953,state_action_local,1,inf,5,0.05,,,,,,,,
5,125,Similarity-aware,16.993458929997953,1.0,16.993458929997953,state_action_local,1,inf,5,0.05,,,,,,,,
5,130,Similarity-aware,16.993458929997953,1.0,16.993458929997953,state_action_local,1,inf,5,0.05,,,,,,,,
5,135,Similarity-aware,16.993458929997953,1.0,16.993458929997953,state_action_local,1,inf,5,0.05,,,,,,,,
5,140,Similarity-aware,16.993458929997953,1.0,16.993458929997953,state_action_local,1,inf,5,0.05,,,,,,,,
5,145,Similarity-aware,16.993458929997953,1.0,16.993458929997953,state_action_local,1,inf,5,0.05,,,,,,,,
5,150,Similarity-aware,16.993458929997953,1.0,16.993458929997953,state_action_local,1,inf,5,0.05,,,,,,,,
5,155,Similarity-aware,16.993458929997953,1.0,16.993458929997953,state_action_local,1,inf,5,0.05,,,,,,,,
5,160,Similarity-aware,16.993458929997953,1.0,16.993458929997953,state_action_local,1,inf,5,0.05,,,,,,,,
5,165,Similarity-aware,16.993458929997953,1.0,16.993458929997953,state_action_local,1,inf,5,0.05,,,,,,,,
5,170,Similarity-aware,16.993458929997953,1.0,16.993458929997953,state_action_local,1,inf,5,0.05,,,,,,,,
5,175,Similarity-aware,16.993458929997953,1.0,16.993458929997953,state_action_local,1,inf,5,0.05,,,,,,,,
5,180,Similarity-aware,16.993458929997953,1.0,16.993458929997953,state_action_local,1,inf,5,0.05,,,,,,,,
5,185,Similarity-aware,16.993458929997953,1.0,16.993458929997953,state_action_local,1,inf,5,0.05,,,,,,,,
5,190,Similarity-aware,16.993458929997953,1.0,16.993458929997953,state_action_local,1,inf,5,0.05,,,,,,,,
5,195,Similarity-aware,16.993458929997953,1.0,16.993458929997953,state_action_local,1,inf,5,0.05,,,,,,,,
5,200,Similarity-aware,16.993458929997953,1.0,16.993458929997953,state_action_local,1,inf,5,0.05,,,,,,,,
5,1,Uniform,15.837911813296072,0.9320004760971862,16.993458929997953,state_action_local,1,inf,5,0.05,,,,,,,,
5,5,Uniform,16.46111707604648,0.9686737199210369,16.993458929997953,state_action_local,1,inf,5,0.05,,,,,,,,
5,10,Uniform,16.656364822650122,0.9801633023190606,16.993458929997953,state_action_local,1,inf,5,0.05,,,,,,,,
5,15,Uniform,16.656364822650122,0.9801633023190606,16.993458929997953,state_action_local,1,inf,5,0.05,,,,,,,,
5,20,Uniform,16.656364822650122,0.9801633023190606,16.993458929997953,state_action_local,1,inf,5,0.05,,,,,,,,
5,25,Uniform,16.656364822650122,0.9801633023190606,16.993458929997953,state_action_local,1,inf,5,0.05,,,,,,,,
5,30,Uniform,16.851353488732343,0.9916376388202666,16.993458929997953,state_action_local,1,inf,5,0.05,,,,,,,,
5,35,Uniform,16.851353488732343,0.9916376388202666,16.993458929997953,state_action_local,1,inf,5,0.05,,,,,,,,
5,40,Uniform,16.851353488732343,0.9916376388202666,16.993458929997953,state_action_local,1,inf,5,0.05,,,,,,,,
5,45,Uniform,16.851353488732343,0.9916376388202666,16.993458929997953,state_action_local,1,inf,5,0.05,,,,,,,,
5,50,Uniform,16.861086876813907,0.9922104114454078,16.993458929997953,state_action_local,1,inf,5,0.05,,,,,,,,
5,55,Uniform,16.861086876813907,0.9922104114454078,16.993458929997953,state_action_local,1,inf,5,0.05,,,,,,,,
5,60,Uniform,16.861086876813907,0.9922104114454078,16.993458929997953,state_action_local,1,inf,5,0.05,,,,,,,,
5,65,Uniform,16.861086876813907,0.9922104114454078,16.993458929997953,state_action_local,1,inf,5,0.05,,,,,,,,
5,70,Uniform,16.861086876813907,0.9922104114454078,16.993458929997953,state_action_local,1,inf,5,0.05,,,,,,,,
5,75,Uniform,16.861086876813907,0.9922104114454078,16.993458929997953,state_action_local,1,inf,5,0.05,,,,,,,,
5,80,Uniform,16.861086876813907,0.9922104114454078,16.993458929997953,state_action_local,1,inf,5,0.05,,,,,,,,
5,85,Uniform,16.861086876813907,0.9922104114454078,16.993458929997953,state_action_local,1,inf,5,0.05,,,,,,,,
5,90,Uniform,16.861086876813907,0.9922104114454078,16.993458929997953,state_action_local,1,inf,5,0.05,,,,,,,,
5,95,Uniform,16.861086876813907,0.9922104114454078,16.993458929997953,state_action_local,1,inf,5,0.05,,,,,,,,
5,100,Uniform,16.861086876813907,0.9922104114454078,16.993458929997953,state_action_local,1,inf,5,0.05,,,,,,,,
5,105,Uniform,16.861086876813907,0.9922104114454078,16.993458929997953,state_action_local,1,inf,5,0.05,,,,,,,,
5,110,Uniform,16.861086876813907,0.9922104114454078,16.993458929997953,state_action_local,1,inf,5,0.05,,,,,,,,
5,115,Uniform,16.861086876813907,0.9922104114454078,16.993458929997953,state_action_local,1,inf,5,0.05,,,,,,,,
5,120,Uniform,16.861086876813907,0.9922104114454078,16.993458929997953,state_action_local,1,inf,5,0.05,,,,,,,,
5,125,Uniform,16.861086876813907,0.9922104114454078,16.993458929997953,state_action_local,1,inf,5,0.05,,,,,,,,
5,130,Uniform,16.861086876813907,0.9922104114454078,16.993458929997953,state_action_local,1,inf,5,0.05,,,,,,,,
5,135,Uniform,16.861086876813907,0.9922104114454078,16.993458929997953,state_action_local,1,inf,5,0.05,,,,,,,,
5,140,Uniform,16.861086876813907,0.9922104114454078,16.993458929997953,state_action_local,1,inf,5,0.05,,,,,,,,
5,145,Uniform,16.8902674927435,0.9939275789773269,16.993458929997953,state_action_local,1,inf,5,0.05,,,,,,,,
5,150,Uniform,16.8902674927435,0.9939275789773269,16.993458929997953,state_action_local,1,inf,5,0.05,,,,,,,,
5,155,Uniform,16.8902674927435,0.9939275789773269,16.993458929997953,state_action_local,1,inf,5,0.05,,,,,,,,
5,160,Uniform,16.8902674927435,0.9939275789773269,16.993458929997953,state_action_local,1,inf,5,0.05,,,,,,,,
5,165,Uniform,16.8902674927435,0.9939275789773269,16.993458929997953,state_action_local,1,inf,5,0.05,,,,,,,,
5,170,Uniform,16.8902674927435,0.9939275789773269,16.993458929997953,state_action_local,1,inf,5,0.05,,,,,,,,
5,175,Uniform,16.8902674927435,0.9939275789773269,16.993458929997953,state_action_local,1,inf,5,0.05,,,,,,,,
5,180,Uniform,16.8902674927435,0.9939275789773269,16.993458929997953,state_action_local,1,inf,5,0.05,,,,,,,,
5,185,Uniform,16.8902674927435,0.9939275789773269,16.993458929997953,state_action_local,1,inf,5,0.05,,,,,,,,
5,190,Uniform,16.8902674927435,0.9939275789773269,16.993458929997953,state_action_local,1,inf,5,0.05,,,,,,,,
5,195,Uniform,16.8902674927435,0.9939275789773269,16.993458929997953,state_action_local,1,inf,5,0.05,,,,,,,,
5,200,Uniform,16.8902674927435,0.9939275789773269,16.993458929997953,state_action_local,1,inf,5,0.05,,,,,,,,
5,-1,metadata,,,,state_action_local,1,inf,5,0.05,0.0,0.1,0.10000000000000012,0.10000000000000012,0.09382263065935244,0.04999999999999999,0.2,0.516127419364919
5,-1,metadata,,,,state_action_local,1,inf,5,0.05,1.0,0.2,0.20000000000000004,0.20000000000000004,0.18877093572133566,0.09999999999999998,0.2,0.25806499999455657
5,-1,metadata,,,,state_action_local,1,inf,5,0.05,2.0,0.4,0.4,0.4,0.38140726642247824,0.19999999999999996,0.2,0.12903282257772186
5,-1,metadata,,,,state_action_local,1,inf,5,0.05,3.0,0.8,0.7999999999999999,0.7999999999999999,0.7383950691470383,0.3999999999999999,0.2,0.06451649193427424
5,-1,metadata,,,,state_action_local,1,inf,5,0.05,4.0,1.6,1.6,1.6,1.5242348668114791,0.7999999999999998,0.2,0.032258266128528244
6,1,Maximum-based,14.942594844922683,0.948809986776146,15.74877483709297,state_action_local,1,inf,5,0.05,,,,,,,,
6,5,Maximum-based,14.915960546356134,0.9471187886453671,15.74877483709297,state_action_local,1,inf,5,0.05,,,,,,,,
6,10,Maximum-based,15.064699051244839,0.9565632379074381,15.74877483709297,state_action_local,1,inf,5,0.05,,,,,,,,
6,15,Maximum-based,15.064699051244839,0.9565632379074381,15.74877483709297,state_action_local,1,inf,5,0.05,,,,,,,,
6,20,Maximum-based,15.064699051244839,0.9565632379074381,15.74877483709297,state_action_local,1,inf,5,0.05,,,,,,,,
6,25,Maximum-based,15.080829066230745,0.9575874455142366,15.74877483709297,state_action_local,1,inf,5,0.05,,,,,,,,
6,30,Maximum-based,15.379214006736252,0.9765339949183669,15.74877483709297,state_action_local,1,inf,5,0.05,,,,,,,,
6,35,Maximum-based,15.587616927800362,0.9897669557816628,15.74877483709297,state_action_local,1,inf,5,0.05,,,,,,,,
6,40,Maximum-based,15.587616927800362,0.9897669557816628,15.74877483709297,state_action_local,1,inf,5,0.05,,,,,,,,
6,45,Maximum-based,15.587616927800362,0.9897669557816628,15.74877483709297,state_action_local,1,inf,5,0.05,,,,,,,,
6,50,Maximum-based,15.587616927800362,0.9897669557816628,15.74877483709297,state_action_local,1,inf,5,0.05,,,,,,,,
6,55,Maximum-based,15.690069913145146,0.9962724132794408,15.74877483709297,state_action_local,1,inf,5,0.05,,,,,,,,
6,60,Maximum-based,15.694149826173607,0.9965314755284516,15.74877483709297,state_action_local,1,inf,5,0.05,,,,,,,,
6,65,Maximum-based,15.694149826173607,0.9965314755284516,15.74877483709297,state_action_local,1,inf,5,0.05,,,,,,,,
6,70,Maximum-based,15.694149826173607,0.9965314755284516,15.74877483709297,state_action_local,1,inf,5,0.05,,,,,,,,
6,75,Maximum-based,15.713681660891382,0.9977716884923052,15.74877483709297,state_action_local,1,inf,5,0.05,,,,,,,,
6,80,Maximum-based,15.713681660891382,0.9977716884923052,15.74877483709297,state_action_local,1,inf,5,0.05,,,,,,,,
6,85,Maximum-based,15.713681660891382,0.9977716884923052,15.74877483709297,state_action_local,1,inf,5,0.05,,,,,,,,
6,90,Maximum-based,15.734129056556233,0.9990700368321832,15.74877483709297,state_action_local,1,inf,5,0.05,,,,,,,,
6,95,Maximum-based,15.734129056556233,0.9990700368321832,15.74877483709297,state_action_local,1,inf,5,0.05,,,,,,,,
6,100,Maximum-based,15.734129056556233,0.9990700368321832,15.74877483709297,state_action_local,1,inf,5,0.05,,,,,,,,
6,105,Maximum-based,15.734129056556233,0.9990700368321832,15.74877483709297,state_action_local,1,inf,5,0.05,,,,,,,,
6,110,Maximum-based,15.734129056556233,0.9990700368321832,15.74877483709297,state_action_local,1,inf,5,0.05,,,,,,,,
6,115,Maximum-based,15.734129056556233,0.9990700368321832,15.74877483709297,state_action_local,1,inf,5,0.05,,,,,,,,
6,120,Maximum-based,15.734129056556233,0.9990700368321832,15.74877483709297,state_action_local,1,inf,5,0.05,,,,,,,,
6,125,Maximum-based,15.734129056556233,0.9990700368321832,15.74877483709297,state_action_local,1,inf,5,0.05,,,,,,,,
6,130,Maximum-based,15.734129056556233,0.9990700368321832,15.74877483709297,state_action_local,1,inf,5,0.05,,,,,,,,
6,135,Maximum-based,15.734129056556233,0.9990700368321832,15.74877483709297,state_action_local,1,inf,5,0.05,,,,,,,,
6,140,Maximum-based,15.74877483709297,1.0,15.74877483709297,state_action_local,1,inf,5,0.05,,,,,,,,
6,145,Maximum-based,15.74877483709297,1.0,15.74877483709297,state_action_local,1,inf,5,0.05,,,,,,,,
6,150,Maximum-based,15.74877483709297,1.0,15.74877483709297,state_action_local,1,inf,5,0.05,,,,,,,,
6,155,Maximum-based,15.74877483709297,1.0,15.74877483709297,state_action_local,1,inf,5,0.05,,,,,,,,
6,160,Maximum-based,15.74877483709297,1.0,15.74877483709297,state_action_local,1,inf,5,0.05,,,,,,,,
6,165,Maximum-based,15.74877483709297,1.0,15.74877483709297,state_action_local,1,inf,5,0.05,,,,,,,,
6,170,Maximum-based,15.74877483709297,1.0,15.74877483709297,state_action_local,1,inf,5,0.05,,,,,,,,
6,175,Maximum-based,15.74877483709297,1.0,15.74877483709297,state_action_local,1,inf,5,0.05,,,,,,,,
6,180,Maximum-based,15.74877483709297,1.0,15.74877483709297,state_action_local,1,inf,5,0.05,,,,,,,,
6,185,Maximum-based,15.74877483709297,1.0,15.74877483709297,state_action_local,1,inf,5,0.05,,,,,,,,
6,190,Maximum-based,15.74877483709297,1.0,15.74877483709297,state_action_local,1,inf,5,0.05,,,,,,,,
6,195,Maximum-based,15.74877483709297,1.0,15.74877483709297,state_action_local,1,inf,5,0.05,,,,,,,,
6,200,Maximum-based,15.74877483709297,1.0,15.74877483709297,state_action_local,1,inf,5,0.05,,,,,,,,
6,1,Similarity-aware,14.942594844922683,0.948809986776146,15.74877483709297,state_action_local,1,inf,5,0.05,,,,,,,,
6,5,Similarity-aware,14.915960546356134,0.9471187886453671,15.74877483709297,state_action_local,1,inf,5,0.05,,,,,,,,
6,10,Similarity-aware,15.064699051244839,0.9565632379074381,15.74877483709297,state_action_local,1,inf,5,0.05,,,,,,,,
6,15,Similarity-aware,15.064699051244839,0.9565632379074381,15.74877483709297,state_action_local,1,inf,5,0.05,,,,,,,,
6,20,Similarity-aware,15.064699051244839,0.9565632379074381,15.74877483709297,state_action_local,1,inf,5,0.05,,,,,,,,
6,25,Similarity-aware,15.080829066230745,0.9575874455142366,15.74877483709297,state_action_local,1,inf,5,0.05,,,,,,,,
6,30,Similarity-aware,15.080829066230745,0.9575874455142366,15.74877483709297,state_action_local,1,inf,5,0.05,,,,,,,,
6,35,Similarity-aware,15.523334779657164,0.9856852320407281,15.74877483709297,state_action_local,1,inf,5,0.05,,,,,,,,
6,40,Similarity-aware,15.587616927800362,0.9897669557816628,15.74877483709297,state_action_local,1,inf,5,0.05,,,,,,,,
6,45,Similarity-aware,15.587616927800362,0.9897669557816628,15.74877483709297,state_action_local,1,inf,5,0.05,,,,,,,,
6,50,Similarity-aware,15.587616927800362,0.9897669557816628,15.74877483709297,state_action_local,1,inf,5,0.05,,,,,,,,
6,55,Similarity-aware,15.587616927800362,0.9897669557816628,15.74877483709297,state_action_local,1,inf,5,0.05,,,,,,,,
6,60,Similarity-aware,15.587616927800362,0.9897669557816628,15.74877483709297,state_action_local,1,inf,5,0.05,,,,,,,,
6,65,Similarity-aware,15.587616927800362,0.9897669557816628,15.74877483709297,state_action_local,1,inf,5,0.05,,,,,,,,
6,70,Similarity-aware,15.587616927800362,0.9897669557816628,15.74877483709297,state_action_local,1,inf,5,0.05,,,,,,,,
6,75,Similarity-aware,15.587616927800362,0.9897669557816628,15.74877483709297,state_action_local,1,inf,5,0.05,,,,,,,,
6,80,Similarity-aware,15.587616927800362,0.9897669557816628,15.74877483709297,state_action_local,1,inf,5,0.05,,,,,,,,
6,85,Similarity-aware,15.587616927800362,0.9897669557816628,15.74877483709297,state_action_local,1,inf,5,0.05,,,,,,,,
6,90,Similarity-aware,15.587616927800362,0.9897669557816628,15.74877483709297,state_action_local,1,inf,5,0.05,,,,,,,,
6,95,Similarity-aware,15.709025537959496,0.9974760386414406,15.74877483709297,state_action_local,1,inf,5,0.05,,,,,,,,
6,100,Similarity-aware,15.694149826173607,0.9965314755284516,15.74877483709297,state_action_local,1,inf,5,0.05,,,,,,,,
6,105,Similarity-aware,15.713681660891382,0.9977716884923052,15.74877483709297,state_action_local,1,inf,5,0.05,,,,,,,,
6,110,Similarity-aware,15.713681660891382,0.9977716884923052,15.74877483709297,state_action_local,1,inf,5,0.05,,,,,,,,
6,115,Similarity-aware,15.713681660891382,0.9977716884923052,15.74877483709297,state_action_local,1,inf,5,0.05,,,,,,,,
6,120,Similarity-aware,15.713681660891382,0.9977716884923052,15.74877483709297,state_action_local,1,inf,5,0.05,,,,,,,,
6,125,Similarity-aware,15.713681660891382,0.9977716884923052,15.74877483709297,state_action_local,1,inf,5,0.05,,,,,,,,
6,130,Similarity-aware,15.713681660891382,0.9977716884923052,15.74877483709297,state_action_local,1,inf,5,0.05,,,,,,,,
6,135,Similarity-aware,15.727104196507387,0.9986239792739596,15.74877483709297,state_action_local,1,inf,5,0.05,,,,,,,,
6,140,Similarity-aware,15.727104196507387,0.9986239792739596,15.74877483709297,state_action_local,1,inf,5,0.05,,,,,,,,
6,145,Similarity-aware,15.727104196507387,0.9986239792739596,15.74877483709297,state_action_local,1,inf,5,0.05,,,,,,,,
6,150,Similarity-aware,15.727104196507387,0.9986239792739596,15.74877483709297,state_action_local,1,inf,5,0.05,,,,,,,,
6,155,Similarity-aware,15.727104196507387,0.9986239792739596,15.74877483709297,state_action_local,1,inf,5,0.05,,,,,,,,
6,160,Similarity-aware,15.727104196507387,0.9986239792739596,15.74877483709297,state_action_local,1,inf,5,0.05,,,,,,,,
6,165,Similarity-aware,15.727104196507387,0.9986239792739596,15.74877483709297,state_action_local,1,inf,5,0.05,,,,,,,,
6,170,Similarity-aware,15.727104196507387,0.9986239792739596,15.74877483709297,state_action_local,1,inf,5,0.05,,,,,,,,
6,175,Similarity-aware,15.727104196507387,0.9986239792739596,15.74877483709297,state_action_local,1,inf,5,0.05,,,,,,,,
6,180,Similarity-aware,15.727104196507387,0.9986239792739596,15.74877483709297,state_action_local,1,inf,5,0.05,,,,,,,,
6,185,Similarity-aware,15.727104196507387,0.9986239792739596,15.74877483709297,state_action_local,1,inf,5,0.05,,,,,,,,
6,190,Similarity-aware,15.727104196507387,0.9986239792739596,15.74877483709297,state_action_local,1,inf,5,0.05,,,,,,,,
6,195,Similarity-aware,15.727104196507387,0.9986239792739596,15.74877483709297,state_action_local,1,inf,5,0.05,,,,,,,,
6,200,Similarity-aware,15.727104196507387,0.9986239792739596,15.74877483709297,state_action_local,1,inf,5,0.05,,,,,,,,
6,1,Uniform,14.942594844922683,0.948809986776146,15.74877483709297,state_action_local,1,inf,5,0.05,,,,,,,,
6,5,Uniform,14.915960546356134,0.9471187886453671,15.74877483709297,state_action_local,1,inf,5,0.05,,,,,,,,
6,10,Uniform,14.927315327534263,0.9478397832176806,15.74877483709297,state_action_local,1,inf,5,0.05,,,,,,,,
6,15,Uniform,15.064699051244839,0.9565632379074381,15.74877483709297,state_action_local,1,inf,5,0.05,,,,,,,,
6,20,Uniform,15.064699051244839,0.9565632379074381,15.74877483709297,state_action_local,1,inf,5,0.05,,,,,,,,
6,25,Uniform,15.080829066230745,0.9575874455142366,15.74877483709297,state_action_local,1,inf,5,0.05,,,,,,,,
6,30,Uniform,15.080829066230745,0.9575874455142366,15.74877483709297,state_action_local,1,inf,5,0.05,,,,,,,,
6,35,Uniform,15.080829066230745,0.9575874455142366,15.74877483709297,state_action_local,1,inf,5,0.05,,,,,,,,
6,40,Uniform,15.523334779657164,0.9856852320407281,15.74877483709297,state_action_local,1,inf,5,0.05,,,,,,,,
6,45,Uniform,15.587616927800362,0.9897669557816628,15.74877483709297,state_action_local,1,inf,5,0.05,,,,,,,,
6,50,Uniform,15.587616927800362,0.9897669557816628,15.74877483709297,state_action_local,1,inf,5,0.05,,,,,,,,
6,55,Uniform,15.587616927800362,0.9897669557816628,15.74877483709297,state_action_local,1,inf,5,0.05,,,,,,,,
6,60,Uniform,15.587616927800362,0.9897669557816628,15.74877483709297,state_action_local,1,inf,5,0.05,,,,,,,,
6,65,Uniform,15.587616927800362,0.9897669557816628,15.74877483709297,state_action_local,1,inf,5,0.05,,,,,,,,
6,70,Uniform,15.587616927800362,0.9897669557816628,15.74877483709297,state_action_local,1,inf,5,0.05,,,,,,,,
6,75,Uniform,15.587616927800362,0.9897669557816628,15.74877483709297,state_action_local,1,inf,5,0.05,,,,,,,,
6,80,Uniform,15.587616927800362,0.9897669557816628,15.74877483709297,state_action_local,1,inf,5,0.05,,,,,,,,
6,85,Uniform,15.587616927800362,0.9897669557816628,15.74877483709297,state_action_local,1,inf,5,0.05,,,,,,,,
6,90,Uniform,15.587616927800362,0.9897669557816628,15.74877483709297,state_action_local,1,inf,5,0.05,,,,,,,,
6,95,Uniform,15.587616927800362,0.9897669557816628,15.74877483709297,state_action_local,1,inf,5,0.05,,,,,,,,
6,100,Uniform,15.587616927800362,0.9897669557816628,15.74877483709297,state_action_local,1,inf,5,0.05,,,,,,,,
6,105,Uniform,15.587616927800362,0.9897669557816628,15.74877483709297,state_action_local,1,inf,5,0.05,,,,,,,,
6,110,Uniform,15.587616927800362,0.9897669557816628,15.74877483709297,state_action_local,1,inf,5,0.05,,,,,,,,
6,115,Uniform,15.587616927800362,0.9897669557816628,15.74877483709297,state_action_local,1,inf,5,0.05,,,,,,,,
6,120,Uniform,15.587616927800362,0.9897669557816628,15.74877483709297,state_action_local,1,inf,5,0.05,,,,,,,,
6,125,Uniform,15.587616927800362,0.9897669557816628,15.74877483709297,state_action_local,1,inf,5,0.05,,,,,,,,
6,130,Uniform,15.587616927800362,0.9897669557816628,15.74877483709297,state_action_local,1,inf,5,0.05,,,,,,,,
6,135,Uniform,15.587616927800362,0.9897669557816628,15.74877483709297,state_action_local,1,inf,5,0.05,,,,,,,,
6,140,Uniform,15.587616927800362,0.9897669557816628,15.74877483709297,state_action_local,1,inf,5,0.05,,,,,,,,
6,145,Uniform,15.587616927800362,0.9897669557816628,15.74877483709297,state_action_local,1,inf,5,0.05,,,,,,,,
6,150,Uniform,15.587616927800362,0.9897669557816628,15.74877483709297,state_action_local,1,inf,5,0.05,,,,,,,,
6,155,Uniform,15.587616927800362,0.9897669557816628,15.74877483709297,state_action_local,1,inf,5,0.05,,,,,,,,
6,160,Uniform,15.587616927800362,0.9897669557816628,15.74877483709297,state_action_local,1,inf,5,0.05,,,,,,,,
6,165,Uniform,15.587616927800362,0.9897669557816628,15.74877483709297,state_action_local,1,inf,5,0.05,,,,,,,,
6,170,Uniform,15.587616927800362,0.9897669557816628,15.74877483709297,state_action_local,1,inf,5,0.05,,,,,,,,
6,175,Uniform,15.587616927800362,0.9897669557816628,15.74877483709297,state_action_local,1,inf,5,0.05,,,,,,,,
6,180,Uniform,15.587616927800362,0.9897669557816628,15.74877483709297,state_action_local,1,inf,5,0.05,,,,,,,,
6,185,Uniform,15.587616927800362,0.9897669557816628,15.74877483709297,state_action_local,1,inf,5,0.05,,,,,,,,
6,190,Uniform,15.587616927800362,0.9897669557816628,15.74877483709297,state_action_local,1,inf,5,0.05,,,,,,,,
6,195,Uniform,15.587616927800362,0.9897669557816628,15.74877483709297,state_action_local,1,inf,5,0.05,,,,,,,,
6,200,Uniform,15.587616927800362,0.9897669557816628,15.74877483709297,state_action_local,1,inf,5,0.05,,,,,,,,
6,-1,metadata,,,,state_action_local,1,inf,5,0.05,0.0,0.1,0.1000000000000001,0.1000000000000001,0.09381259661675999,0.04999999999999999,0.2,0.516127419364919
6,-1,metadata,,,,state_action_local,1,inf,5,0.05,1.0,0.2,0.2,0.2,0.18643127368957113,0.09999999999999998,0.2,0.25806499999455657
6,-1,metadata,,,,state_action_local,1,inf,5,0.05,2.0,0.4,0.4,0.4,0.3660437965086127,0.19999999999999996,0.2,0.12903282257772186
6,-1,metadata,,,,state_action_local,1,inf,5,0.05,3.0,0.8,0.7999999999999999,0.7999999999999999,0.7440586636061158,0.3999999999999999,0.2,0.06451649193427424
6,-1,metadata,,,,state_action_local,1,inf,5,0.05,4.0,1.6,1.5999999999999999,1.5999999999999999,1.5293388400660244,0.7999999999999998,0.2,0.03225826612852825
7,1,Maximum-based,15.631213339483425,0.9768176781733623,16.002181050524815,state_action_local,1,inf,5,0.05,,,,,,,,
7,5,Maximum-based,15.631213339483425,0.9768176781733623,16.002181050524815,state_action_local,1,inf,5,0.05,,,,,,,,
7,10,Maximum-based,15.631213339483425,0.9768176781733623,16.002181050524815,state_action_local,1,inf,5,0.05,,,,,,,,
7,15,Maximum-based,15.631213339483425,0.9768176781733623,16.002181050524815,state_action_local,1,inf,5,0.05,,,,,,,,
7,20,Maximum-based,15.540695529873807,0.9711610861548231,16.002181050524815,state_action_local,1,inf,5,0.05,,,,,,,,
7,25,Maximum-based,15.540695529873807,0.9711610861548231,16.002181050524815,state_action_local,1,inf,5,0.05,,,,,,,,
7,30,Maximum-based,15.802726179666244,0.9875357696410997,16.002181050524815,state_action_local,1,inf,5,0.05,,,,,,,,
7,35,Maximum-based,15.802726179666244,0.9875357696410997,16.002181050524815,state_action_local,1,inf,5,0.05,,,,,,,,
7,40,Maximum-based,15.802726179666244,0.9875357696410997,16.002181050524815,state_action_local,1,inf,5,0.05,,,,,,,,
7,45,Maximum-based,15.8215270681355,0.9887106650137927,16.002181050524815,state_action_local,1,inf,5,0.05,,,,,,,,
7,50,Maximum-based,15.8215270681355,0.9887106650137927,16.002181050524815,state_action_local,1,inf,5,0.05,,,,,,,,
7,55,Maximum-based,15.903342215097839,0.9938234147510951,16.002181050524815,state_action_local,1,inf,5,0.05,,,,,,,,
7,60,Maximum-based,15.903342215097839,0.9938234147510951,16.002181050524815,state_action_local,1,inf,5,0.05,,,,,,,,
7,65,Maximum-based,15.922918248287006,0.99504675006566,16.002181050524815,state_action_local,1,inf,5,0.05,,,,,,,,
7,70,Maximum-based,15.922918248287006,0.99504675006566,16.002181050524815,state_action_local,1,inf,5,0.05,,,,,,,,
7,75,Maximum-based,15.922918248287006,0.99504675006566,16.002181050524815,state_action_local,1,inf,5,0.05,,,,,,,,
7,80,Maximum-based,15.922918248287006,0.99504675006566,16.002181050524815,state_action_local,1,inf,5,0.05,,,,,,,,
7,85,Maximum-based,15.938627834010344,0.9960284653502038,16.002181050524815,state_action_local,1,inf,5,0.05,,,,,,,,
7,90,Maximum-based,15.938627834010344,0.9960284653502038,16.002181050524815,state_action_local,1,inf,5,0.05,,,,,,,,
7,95,Maximum-based,15.938627834010344,0.9960284653502038,16.002181050524815,state_action_local,1,inf,5,0.05,,,,,,,,
7,100,Maximum-based,15.938627834010344,0.9960284653502038,16.002181050524815,state_action_local,1,inf,5,0.05,,,,,,,,
7,105,Maximum-based,15.938627834010344,0.9960284653502038,16.002181050524815,state_action_local,1,inf,5,0.05,,,,,,,,
7,110,Maximum-based,15.946091500795754,0.9964948809445434,16.002181050524815,state_action_local,1,inf,5,0.05,,,,,,,,
7,115,Maximum-based,15.946091500795754,0.9964948809445434,16.002181050524815,state_action_local,1,inf,5,0.05,,,,,,,,
7,120,Maximum-based,15.946091500795754,0.9964948809445434,16.002181050524815,state_action_local,1,inf,5,0.05,,,,,,,,
7,125,Maximum-based,15.994991135960854,0.9995506915875243,16.002181050524815,state_action_local,1,inf,5,0.05,,,,,,,,
7,130,Maximum-based,15.994991135960854,0.9995506915875243,16.002181050524815,state_action_local,1,inf,5,0.05,,,,,,,,
7,135,Maximum-based,15.994991135960854,0.9995506915875243,16.002181050524815,state_action_local,1,inf,5,0.05,,,,,,,,
7,140,Maximum-based,15.994991135960854,0.9995506915875243,16.002181050524815,state_action_local,1,inf,5,0.05,,,,,,,,
7,145,Maximum-based,15.994991135960854,0.9995506915875243,16.002181050524815,state_action_local,1,inf,5,0.05,,,,,,,,
7,150,Maximum-based,16.001803946988655,0.999976434241372,16.002181050524815,state_action_local,1,inf,5,0.05,,,,,,,,
7,155,Maximum-based,16.001803946988655,0.999976434241372,16.002181050524815,state_action_local,1,inf,5,0.05,,,,,,,,
7,160,Maximum-based,16.001803946988655,0.999976434241372,16.002181050524815,state_action_local,1,inf,5,0.05,,,,,,,,
7,165,Maximum-based,16.001803946988655,0.999976434241372,16.002181050524815,state_action_local,1,inf,5,0.05,,,,,,,,
7,170,Maximum-based,16.001803946988655,0.999976434241372,16.002181050524815,state_action_local,1,inf,5,0.05,,,,,,,,
7,175,Maximum-based,16.001803946988655,0.999976434241372,16.002181050524815,state_action_local,1,inf,5,0.05,,,,,,,,
7,180,Maximum-based,16.001803946988655,0.999976434241372,16.002181050524815,state_action_local,1,inf,5,0.05,,,,,,,,
7,185,Maximum-based,16.001803946988655,0.999976434241372,16.002181050524815,state_action_local,1,inf,5,0.05,,,,,,,,
7,190,Maximum-based,16.001803946988655,0.999976434241372,16.002181050524815,state_action_local,1,inf,5,0.05,,,,,,,,
7,195,Maximum-based,16.001803946988655,0.999976434241372,16.002181050524815,state_action_local,1,inf,5,0.05,,,,,,,,
7,200,Maximum-based,16.001803946988655,0.999976434241372,16.002181050524815,state_action_local,1,inf,5,0.05,,,,,,,,
7,1,Similarity-aware,15.631213339483425,0.9768176781733623,16.002181050524815,state_action_local,1,inf,5,0.05,,,,,,,,
7,5,Similarity-aware,15.631213339483425,0.9768176781733623,16.002181050524815,state_action_local,1,inf,5,0.05,,,,,,,,
7,10,Similarity-aware,15.631213339483425,0.9768176781733623,16.002181050524815,state_action_local,1,inf,5,0.05,,,,,,,,
7,15,Similarity-aware,15.631213339483425,0.9768176781733623,16.002181050524815,state_action_local,1,inf,5,0.05,,,,,,,,
7,20,Similarity-aware,15.540695529873807,0.9711610861548231,16.002181050524815,state_action_local,1,inf,5,0.05,,,,,,,,
7,25,Similarity-aware,15.540695529873807,0.9711610861548231,16.002181050524815,state_action_local,1,inf,5,0.05,,,,,,,,
7,30,Similarity-aware,15.540695529873807,0.9711610861548231,16.002181050524815,state_action_local,1,inf,5,0.05,,,,,,,,
7,35,Similarity-aware,15.802726179666244,0.9875357696410997,16.002181050524815,state_action_local,1,inf,5,0.05,,,,,,,,
7,40,Similarity-aware,15.802726179666244,0.9875357696410997,16.002181050524815,state_action_local,1,inf,5,0.05,,,,,,,,
7,45,Similarity-aware,15.802726179666244,0.9875357696410997,16.002181050524815,state_action_local,1,inf,5,0.05,,,,,,,,
7,50,Similarity-aware,15.802726179666244,0.9875357696410997,16.002181050524815,state_action_local,1,inf,5,0.05,,,,,,,,
7,55,Similarity-aware,15.903342215097839,0.9938234147510951,16.002181050524815,state_action_local,1,inf,5,0.05,,,,,,,,
7,60,Similarity-aware,15.903342215097839,0.9938234147510951,16.002181050524815,state_action_local,1,inf,5,0.05,,,,,,,,
7,65,Similarity-aware,15.903342215097839,0.9938234147510951,16.002181050524815,state_action_local,1,inf,5,0.05,,,,,,,,
7,70,Similarity-aware,15.903342215097839,0.9938234147510951,16.002181050524815,state_action_local,1,inf,5,0.05,,,,,,,,
7,75,Similarity-aware,15.922918248287006,0.99504675006566,16.002181050524815,state_action_local,1,inf,5,0.05,,,,,,,,
7,80,Similarity-aware,15.922918248287006,0.99504675006566,16.002181050524815,state_action_local,1,inf,5,0.05,,,,,,,,
7,85,Similarity-aware,15.922918248287006,0.99504675006566,16.002181050524815,state_action_local,1,inf,5,0.05,,,,,,,,
7,90,Similarity-aware,15.922918248287006,0.99504675006566,16.002181050524815,state_action_local,1,inf,5,0.05,,,,,,,,
7,95,Similarity-aware,15.922918248287006,0.99504675006566,16.002181050524815,state_action_local,1,inf,5,0.05,,,,,,,,
7,100,Similarity-aware,15.922918248287006,0.99504675006566,16.002181050524815,state_action_local,1,inf,5,0.05,,,,,,,,
7,105,Similarity-aware,15.922918248287006,0.99504675006566,16.002181050524815,state_action_local,1,inf,5,0.05,,,,,,,,
7,110,Similarity-aware,15.922918248287006,0.99504675006566,16.002181050524815,state_action_local,1,inf,5,0.05,,,,,,,,
7,115,Similarity-aware,15.922918248287006,0.99504675006566,16.002181050524815,state_action_local,1,inf,5,0.05,,,,,,,,
7,120,Similarity-aware,15.922918248287006,0.99504675006566,16.002181050524815,state_action_local,1,inf,5,0.05,,,,,,,,
7,125,Similarity-aware,15.922918248287006,0.99504675006566,16.002181050524815,state_action_local,1,inf,5,0.05,,,,,,,,
7,130,Similarity-aware,15.922918248287006,0.99504675006566,16.002181050524815,state_action_local,1,inf,5,0.05,,,,,,,,
7,135,Similarity-aware,15.922918248287006,0.99504675006566,16.002181050524815,state_action_local,1,inf,5,0.05,,,,,,,,
7,140,Similarity-aware,15.922918248287006,0.99504675006566,16.002181050524815,state_action_local,1,inf,5,0.05,,,,,,,,
7,145,Similarity-aware,15.922918248287006,0.99504675006566,16.002181050524815,state_action_local,1,inf,5,0.05,,,,,,,,
7,150,Similarity-aware,15.922918248287006,0.99504675006566,16.002181050524815,state_action_local,1,inf,5,0.05,,,,,,,,
7,155,Similarity-aware,15.922918248287006,0.99504675006566,16.002181050524815,state_action_local,1,inf,5,0.05,,,,,,,,
7,160,Similarity-aware,15.938627834010344,0.9960284653502038,16.002181050524815,state_action_local,1,inf,5,0.05,,,,,,,,
7,165,Similarity-aware,15.938627834010344,0.9960284653502038,16.002181050524815,state_action_local,1,inf,5,0.05,,,,,,,,
7,170,Similarity-aware,15.938627834010344,0.9960284653502038,16.002181050524815,state_action_local,1,inf,5,0.05,,,,,,,,
7,175,Similarity-aware,15.938627834010344,0.9960284653502038,16.002181050524815,state_action_local,1,inf,5,0.05,,,,,,,,
7,180,Similarity-aware,15.938627834010344,0.9960284653502038,16.002181050524815,state_action_local,1,inf,5,0.05,,,,,,,,
7,185,Similarity-aware,15.938627834010344,0.9960284653502038,16.002181050524815,state_action_local,1,inf,5,0.05,,,,,,,,
7,190,Similarity-aware,15.938627834010344,0.9960284653502038,16.002181050524815,state_action_local,1,inf,5,0.05,,,,,,,,
7,195,Similarity-aware,15.938627834010344,0.9960284653502038,16.002181050524815,state_action_local,1,inf,5,0.05,,,,,,,,
7,200,Similarity-aware,15.938627834010344,0.9960284653502038,16.002181050524815,state_action_local,1,inf,5,0.05,,,,,,,,
7,1,Uniform,15.631213339483425,0.9768176781733623,16.002181050524815,state_action_local,1,inf,5,0.05,,,,,,,,
7,5,Uniform,15.631213339483425,0.9768176781733623,16.002181050524815,state_action_local,1,inf,5,0.05,,,,,,,,
7,10,Uniform,15.631213339483425,0.9768176781733623,16.002181050524815,state_action_local,1,inf,5,0.05,,,,,,,,
7,15,Uniform,15.631213339483425,0.9768176781733623,16.002181050524815,state_action_local,1,inf,5,0.05,,,,,,,,
7,20,Uniform,15.631213339483425,0.9768176781733623,16.002181050524815,state_action_local,1,inf,5,0.05,,,,,,,,
7,25,Uniform,15.540695529873807,0.9711610861548231,16.002181050524815,state_action_local,1,inf,5,0.05,,,,,,,,
7,30,Uniform,15.540695529873807,0.9711610861548231,16.002181050524815,state_action_local,1,inf,5,0.05,,,,,,,,
7,35,Uniform,15.540695529873807,0.9711610861548231,16.002181050524815,state_action_local,1,inf,5,0.05,,,,,,,,
7,40,Uniform,15.540695529873807,0.9711610861548231,16.002181050524815,state_action_local,1,inf,5,0.05,,,,,,,,
7,45,Uniform,15.540695529873807,0.9711610861548231,16.002181050524815,state_action_local,1,inf,5,0.05,,,,,,,,
7,50,Uniform,15.802726179666244,0.9875357696410997,16.002181050524815,state_action_local,1,inf,5,0.05,,,,,,,,
7,55,Uniform,15.802726179666244,0.9875357696410997,16.002181050524815,state_action_local,1,inf,5,0.05,,,,,,,,
7,60,Uniform,15.802726179666244,0.9875357696410997,16.002181050524815,state_action_local,1,inf,5,0.05,,,,,,,,
7,65,Uniform,15.802726179666244,0.9875357696410997,16.002181050524815,state_action_local,1,inf,5,0.05,,,,,,,,
7,70,Uniform,15.802726179666244,0.9875357696410997,16.002181050524815,state_action_local,1,inf,5,0.05,,,,,,,,
7,75,Uniform,15.802726179666244,0.9875357696410997,16.002181050524815,state_action_local,1,inf,5,0.05,,,,,,,,
7,80,Uniform,15.8215270681355,0.9887106650137927,16.002181050524815,state_action_local,1,inf,5,0.05,,,,,,,,
7,85,Uniform,15.8215270681355,0.9887106650137927,16.002181050524815,state_action_local,1,inf,5,0.05,,,,,,,,
7,90,Uniform,15.903342215097839,0.9938234147510951,16.002181050524815,state_action_local,1,inf,5,0.05,,,,,,,,
7,95,Uniform,15.903342215097839,0.9938234147510951,16.002181050524815,state_action_local,1,inf,5,0.05,,,,,,,,
7,100,Uniform,15.903342215097839,0.9938234147510951,16.002181050524815,state_action_local,1,inf,5,0.05,,,,,,,,
7,105,Uniform,15.903342215097839,0.9938234147510951,16.002181050524815,state_action_local,1,inf,5,0.05,,,,,,,,
7,110,Uniform,15.903342215097839,0.9938234147510951,16.002181050524815,state_action_local,1,inf,5,0.05,,,,,,,,
7,115,Uniform,15.903342215097839,0.9938234147510951,16.002181050524815,state_action_local,1,inf,5,0.05,,,,,,,,
7,120,Uniform,15.903342215097839,0.9938234147510951,16.002181050524815,state_action_local,1,inf,5,0.05,,,,,,,,
7,125,Uniform,15.903342215097839,0.9938234147510951,16.002181050524815,state_action_local,1,inf,5,0.05,,,,,,,,
7,130,Uniform,15.903342215097839,0.9938234147510951,16.002181050524815,state_action_local,1,inf,5,0.05,,,,,,,,
7,135,Uniform,15.903342215097839,0.9938234147510951,16.002181050524815,state_action_local,1,inf,5,0.05,,,,,,,,
7,140,Uniform,15.903342215097839,0.9938234147510951,16.002181050524815,state_action_local,1,inf,5,0.05,,,,,,,,
7,145,Uniform,15.903342215097839,0.9938234147510951,16.002181050524815,state_action_local,1,inf,5,0.05,,,,,,,,
7,150,Uniform,15.903342215097839,0.9938234147510951,16.002181050524815,state_action_local,1,inf,5,0.05,,,,,,,,
7,155,Uniform,15.903342215097839,0.9938234147510951,16.002181050524815,state_action_local,1,inf,5,0.05,,,,,,,,
7,160,Uniform,15.903342215097839,0.9938234147510951,16.002181050524815,state_action_local,1,inf,5,0.05,,,,,,,,
7,165,Uniform,15.903342215097839,0.9938234147510951,16.002181050524815,state_action_local,1,inf,5,0.05,,,,,,,,
7,170,Uniform,15.903342215097839,0.9938234147510951,16.002181050524815,state_action_local,1,inf,5,0.05,,,,,,,,
7,175,Uniform,15.903342215097839,0.9938234147510951,16.002181050524815,state_action_local,1,inf,5,0.05,,,,,,,,
7,180,Uniform,15.903342215097839,0.9938234147510951,16.002181050524815,state_action_local,1,inf,5,0.05,,,,,,,,
7,185,Uniform,15.903342215097839,0.9938234147510951,16.002181050524815,state_action_local,1,inf,5,0.05,,,,,,,,
7,190,Uniform,15.903342215097839,0.9938234147510951,16.002181050524815,state_action_local,1,inf,5,0.05,,,,,,,,
7,195,Uniform,15.903342215097839,0.9938234147510951,16.002181050524815,state_action_local,1,inf,5,0.05,,,,,,,,
7,200,Uniform,15.903342215097839,0.9938234147510951,16.002181050524815,state_action_local,1,inf,5,0.05,,,,,,,,
7,-1,metadata,,,,state_action_local,1,inf,5,0.05,0.0,0.1,0.1000000000000001,0.1000000000000001,0.09360277128093039,0.04999999999999999,0.2,0.516127419364919
7,-1,metadata,,,,state_action_local,1,inf,5,0.05,1.0,0.2,0.20000000000000004,0.20000000000000004,0.18836734946442035,0.09999999999999998,0.2,0.25806499999455657
7,-1,metadata,,,,state_action_local,1,inf,5,0.05,2.0,0.4,0.4000000000000001,0.4000000000000001,0.37234570935560846,0.2,0.2,0.12903282257772183
7,-1,metadata,,,,state_action_local,1,inf,5,0.05,3.0,0.8,0.8,0.8,0.7575868188804267,0.3999999999999999,0.2,0.06451649193427422
7,-1,metadata,,,,state_action_local,1,inf,5,0.05,4.0,1.6,1.5999999999999999,1.5999999999999999,1.5095711892875505,0.7999999999999998,0.2,0.03225826612852825
8,1,Maximum-based,14.063847247851902,0.8964899301275024,15.687680112426566,state_action_local,1,inf,5,0.05,,,,,,,,
8,5,Maximum-based,14.001146759209636,0.8924931321183054,15.687680112426566,state_action_local,1,inf,5,0.05,,,,,,,,
8,10,Maximum-based,14.011639949194853,0.8931620130433382,15.687680112426566,state_action_local,1,inf,5,0.05,,,,,,,,
8,15,Maximum-based,14.245199411955555,0.9080500947155093,15.687680112426566,state_action_local,1,inf,5,0.05,,,,,,,,
8,20,Maximum-based,14.247513807127332,0.908197624188012,15.687680112426566,state_action_local,1,inf,5,0.05,,,,,,,,
8,25,Maximum-based,14.247513807127332,0.908197624188012,15.687680112426566,state_action_local,1,inf,5,0.05,,,,,,,,
8,30,Maximum-based,14.247513807127332,0.908197624188012,15.687680112426566,state_action_local,1,inf,5,0.05,,,,,,,,
8,35,Maximum-based,15.547278875853753,0.9910502231326352,15.687680112426566,state_action_local,1,inf,5,0.05,,,,,,,,
8,40,Maximum-based,15.547278875853753,0.9910502231326352,15.687680112426566,state_action_local,1,inf,5,0.05,,,,,,,,
8,45,Maximum-based,15.577004558039407,0.9929450655805067,15.687680112426566,state_action_local,1,inf,5,0.05,,,,,,,,
8,50,Maximum-based,15.577004558039407,0.9929450655805067,15.687680112426566,state_action_local,1,inf,5,0.05,,,,,,,,
8,55,Maximum-based,15.577004558039407,0.9929450655805067,15.687680112426566,state_action_local,1,inf,5,0.05,,,,,,,,
8,60,Maximum-based,15.577004558039407,0.9929450655805067,15.687680112426566,state_action_local,1,inf,5,0.05,,,,,,,,
8,65,Maximum-based,15.578211697058377,0.9930220137978543,15.687680112426566,state_action_local,1,inf,5,0.05,,,,,,,,
8,70,Maximum-based,15.578211697058377,0.9930220137978543,15.687680112426566,state_action_local,1,inf,5,0.05,,,,,,,,
8,75,Maximum-based,15.578211697058377,0.9930220137978543,15.687680112426566,state_action_local,1,inf,5,0.05,,,,,,,,
8,80,Maximum-based,15.676483880650744,0.9992863041765524,15.687680112426566,state_action_local,1,inf,5,0.05,,,,,,,,
8,85,Maximum-based,15.68714430991826,0.99996584565057,15.687680112426566,state_action_local,1,inf,5,0.05,,,,,,,,
8,90,Maximum-based,15.68714430991826,0.99996584565057,15.687680112426566,state_action_local,1,inf,5,0.05,,,,,,,,
8,95,Maximum-based,15.68714430991826,0.99996584565057,15.687680112426566,state_action_local,1,inf,5,0.05,,,,,,,,
8,100,Maximum-based,15.68714430991826,0.99996584565057,15.687680112426566,state_action_local,1,inf,5,0.05,,,,,,,,
8,105,Maximum-based,15.68714430991826,0.99996584565057,15.687680112426566,state_action_local,1,inf,5,0.05,,,,,,,,
8,110,Maximum-based,15.68714430991826,0.99996584565057,15.687680112426566,state_action_local,1,inf,5,0.05,,,,,,,,
8,115,Maximum-based,15.68714430991826,0.99996584565057,15.687680112426566,state_action_local,1,inf,5,0.05,,,,,,,,
8,120,Maximum-based,15.68714430991826,0.99996584565057,15.687680112426566,state_action_local,1,inf,5,0.05,,,,,,,,
8,125,Maximum-based,15.68714430991826,0.99996584565057,15.687680112426566,state_action_local,1,inf,5,0.05,,,,,,,,
8,130,Maximum-based,15.68714430991826,0.99996584565057,15.687680112426566,state_action_local,1,inf,5,0.05,,,,,,,,
8,135,Maximum-based,15.68714430991826,0.99996584565057,15.687680112426566,state_action_local,1,inf,5,0.05,,,,,,,,
8,140,Maximum-based,15.68714430991826,0.99996584565057,15.687680112426566,state_action_local,1,inf,5,0.05,,,,,,,,
8,145,Maximum-based,15.68714430991826,0.99996584565057,15.687680112426566,state_action_local,1,inf,5,0.05,,,,,,,,
8,150,Maximum-based,15.68714430991826,0.99996584565057,15.687680112426566,state_action_local,1,inf,5,0.05,,,,,,,,
8,155,Maximum-based,15.68714430991826,0.99996584565057,15.687680112426566,state_action_local,1,inf,5,0.05,,,,,,,,
8,160,Maximum-based,15.68714430991826,0.99996584565057,15.687680112426566,state_action_local,1,inf,5,0.05,,,,,,,,
8,165,Maximum-based,15.68714430991826,0.99996584565057,15.687680112426566,state_action_local,1,inf,5,0.05,,,,,,,,
8,170,Maximum-based,15.68714430991826,0.99996584565057,15.687680112426566,state_action_local,1,inf,5,0.05,,,,,,,,
8,175,Maximum-based,15.68714430991826,0.99996584565057,15.687680112426566,state_action_local,1,inf,5,0.05,,,,,,,,
8,180,Maximum-based,15.68714430991826,0.99996584565057,15.687680112426566,state_action_local,1,inf,5,0.05,,,,,,,,
8,185,Maximum-based,15.68714430991826,0.99996584565057,15.687680112426566,state_action_local,1,inf,5,0.05,,,,,,,,
8,190,Maximum-based,15.68714430991826,0.99996584565057,15.687680112426566,state_action_local,1,inf,5,0.05,,,,,,,,
8,195,Maximum-based,15.68714430991826,0.99996584565057,15.687680112426566,state_action_local,1,inf,5,0.05,,,,,,,,
8,200,Maximum-based,15.68714430991826,0.99996584565057,15.687680112426566,state_action_local,1,inf,5,0.05,,,,,,,,
8,1,Similarity-aware,14.063847247851902,0.8964899301275024,15.687680112426566,state_action_local,1,inf,5,0.05,,,,,,,,
8,5,Similarity-aware,14.001146759209636,0.8924931321183054,15.687680112426566,state_action_local,1,inf,5,0.05,,,,,,,,
8,10,Similarity-aware,14.011639949194853,0.8931620130433382,15.687680112426566,state_action_local,1,inf,5,0.05,,,,,,,,
8,15,Similarity-aware,14.245199411955555,0.9080500947155093,15.687680112426566,state_action_local,1,inf,5,0.05,,,,,,,,
8,20,Similarity-aware,14.192688433242786,0.9047028197623966,15.687680112426566,state_action_local,1,inf,5,0.05,,,,,,,,
8,25,Similarity-aware,14.192688433242786,0.9047028197623966,15.687680112426566,state_action_local,1,inf,5,0.05,,,,,,,,
8,30,Similarity-aware,14.192688433242786,0.9047028197623966,15.687680112426566,state_action_local,1,inf,5,0.05,,,,,,,,
8,35,Similarity-aware,14.192688433242786,0.9047028197623966,15.687680112426566,state_action_local,1,inf,5,0.05,,,,,,,,
8,40,Similarity-aware,15.525737517970924,0.9896770846106581,15.687680112426566,state_action_local,1,inf,5,0.05,,,,,,,,
8,45,Similarity-aware,15.525737517970924,0.9896770846106581,15.687680112426566,state_action_local,1,inf,5,0.05,,,,,,,,
8,50,Similarity-aware,15.547278875853753,0.9910502231326352,15.687680112426566,state_action_local,1,inf,5,0.05,,,,,,,,
8,55,Similarity-aware,15.577004558039407,0.9929450655805067,15.687680112426566,state_action_local,1,inf,5,0.05,,,,,,,,
8,60,Similarity-aware,15.577004558039407,0.9929450655805067,15.687680112426566,state_action_local,1,inf,5,0.05,,,,,,,,
8,65,Similarity-aware,15.577004558039407,0.9929450655805067,15.687680112426566,state_action_local,1,inf,5,0.05,,,,,,,,
8,70,Similarity-aware,15.577004558039407,0.9929450655805067,15.687680112426566,state_action_local,1,inf,5,0.05,,,,,,,,
8,75,Similarity-aware,15.577004558039407,0.9929450655805067,15.687680112426566,state_action_local,1,inf,5,0.05,,,,,,,,
8,80,Similarity-aware,15.577004558039407,0.9929450655805067,15.687680112426566,state_action_local,1,inf,5,0.05,,,,,,,,
8,85,Similarity-aware,15.577004558039407,0.9929450655805067,15.687680112426566,state_action_local,1,inf,5,0.05,,,,,,,,
8,90,Similarity-aware,15.578211697058377,0.9930220137978543,15.687680112426566,state_action_local,1,inf,5,0.05,,,,,,,,
8,95,Similarity-aware,15.578211697058377,0.9930220137978543,15.687680112426566,state_action_local,1,inf,5,0.05,,,,,,,,
8,100,Similarity-aware,15.578211697058377,0.9930220137978543,15.687680112426566,state_action_local,1,inf,5,0.05,,,,,,,,
8,105,Similarity-aware,15.578211697058377,0.9930220137978543,15.687680112426566,state_action_local,1,inf,5,0.05,,,,,,,,
8,110,Similarity-aware,15.676483880650744,0.9992863041765524,15.687680112426566,state_action_local,1,inf,5,0.05,,,,,,,,
8,115,Similarity-aware,15.676483880650744,0.9992863041765524,15.687680112426566,state_action_local,1,inf,5,0.05,,,,,,,,
8,120,Similarity-aware,15.676483880650744,0.9992863041765524,15.687680112426566,state_action_local,1,inf,5,0.05,,,,,,,,
8,125,Similarity-aware,15.676483880650744,0.9992863041765524,15.687680112426566,state_action_local,1,inf,5,0.05,,,,,,,,
8,130,Similarity-aware,15.676483880650744,0.9992863041765524,15.687680112426566,state_action_local,1,inf,5,0.05,,,,,,,,
8,135,Similarity-aware,15.676483880650744,0.9992863041765524,15.687680112426566,state_action_local,1,inf,5,0.05,,,,,,,,
8,140,Similarity-aware,15.676483880650744,0.9992863041765524,15.687680112426566,state_action_local,1,inf,5,0.05,,,,,,,,
8,145,Similarity-aware,15.676483880650744,0.9992863041765524,15.687680112426566,state_action_local,1,inf,5,0.05,,,,,,,,
8,150,Similarity-aware,15.676483880650744,0.9992863041765524,15.687680112426566,state_action_local,1,inf,5,0.05,,,,,,,,
8,155,Similarity-aware,15.676483880650744,0.9992863041765524,15.687680112426566,state_action_local,1,inf,5,0.05,,,,,,,,
8,160,Similarity-aware,15.676483880650744,0.9992863041765524,15.687680112426566,state_action_local,1,inf,5,0.05,,,,,,,,
8,165,Similarity-aware,15.676483880650744,0.9992863041765524,15.687680112426566,state_action_local,1,inf,5,0.05,,,,,,,,
8,170,Similarity-aware,15.676483880650744,0.9992863041765524,15.687680112426566,state_action_local,1,inf,5,0.05,,,,,,,,
8,175,Similarity-aware,15.676483880650744,0.9992863041765524,15.687680112426566,state_action_local,1,inf,5,0.05,,,,,,,,
8,180,Similarity-aware,15.676483880650744,0.9992863041765524,15.687680112426566,state_action_local,1,inf,5,0.05,,,,,,,,
8,185,Similarity-aware,15.676483880650744,0.9992863041765524,15.687680112426566,state_action_local,1,inf,5,0.05,,,,,,,,
8,190,Similarity-aware,15.676483880650744,0.9992863041765524,15.687680112426566,state_action_local,1,inf,5,0.05,,,,,,,,
8,195,Similarity-aware,15.676483880650744,0.9992863041765524,15.687680112426566,state_action_local,1,inf,5,0.05,,,,,,,,
8,200,Similarity-aware,15.676483880650744,0.9992863041765524,15.687680112426566,state_action_local,1,inf,5,0.05,,,,,,,,
8,1,Uniform,14.063847247851902,0.8964899301275024,15.687680112426566,state_action_local,1,inf,5,0.05,,,,,,,,
8,5,Uniform,14.001146759209636,0.8924931321183054,15.687680112426566,state_action_local,1,inf,5,0.05,,,,,,,,
8,10,Uniform,13.864559458267191,0.8837864718623858,15.687680112426566,state_action_local,1,inf,5,0.05,,,,,,,,
8,15,Uniform,13.864559458267191,0.8837864718623858,15.687680112426566,state_action_local,1,inf,5,0.05,,,,,,,,
8,20,Uniform,14.089946443350481,0.8981536047633656,15.687680112426566,state_action_local,1,inf,5,0.05,,,,,,,,
8,25,Uniform,14.192688433242786,0.9047028197623966,15.687680112426566,state_action_local,1,inf,5,0.05,,,,,,,,
8,30,Uniform,14.192688433242786,0.9047028197623966,15.687680112426566,state_action_local,1,inf,5,0.05,,,,,,,,
8,35,Uniform,14.192688433242786,0.9047028197623966,15.687680112426566,state_action_local,1,inf,5,0.05,,,,,,,,
8,40,Uniform,14.192688433242786,0.9047028197623966,15.687680112426566,state_action_local,1,inf,5,0.05,,,,,,,,
8,45,Uniform,14.192688433242786,0.9047028197623966,15.687680112426566,state_action_local,1,inf,5,0.05,,,,,,,,
8,50,Uniform,14.192688433242786,0.9047028197623966,15.687680112426566,state_action_local,1,inf,5,0.05,,,,,,,,
8,55,Uniform,15.525737517970924,0.9896770846106581,15.687680112426566,state_action_local,1,inf,5,0.05,,,,,,,,
8,60,Uniform,15.525737517970924,0.9896770846106581,15.687680112426566,state_action_local,1,inf,5,0.05,,,,,,,,
8,65,Uniform,15.525737517970924,0.9896770846106581,15.687680112426566,state_action_local,1,inf,5,0.05,,,,,,,,
8,70,Uniform,15.561051052894046,0.991928120753035,15.687680112426566,state_action_local,1,inf,5,0.05,,,,,,,,
8,75,Uniform,15.561051052894046,0.991928120753035,15.687680112426566,state_action_local,1,inf,5,0.05,,,,,,,,
8,80,Uniform,15.561051052894046,0.991928120753035,15.687680112426566,state_action_local,1,inf,5,0.05,,,,,,,,
8,85,Uniform,15.561051052894046,0.991928120753035,15.687680112426566,state_action_local,1,inf,5,0.05,,,,,,,,
8,90,Uniform,15.561051052894046,0.991928120753035,15.687680112426566,state_action_local,1,inf,5,0.05,,,,,,,,
8,95,Uniform,15.561051052894046,0.991928120753035,15.687680112426566,state_action_local,1,inf,5,0.05,,,,,,,,
8,100,Uniform,15.561051052894046,0.991928120753035,15.687680112426566,state_action_local,1,inf,5,0.05,,,,,,,,
8,105,Uniform,15.561051052894046,0.991928120753035,15.687680112426566,state_action_local,1,inf,5,0.05,,,,,,,,
8,110,Uniform,15.561051052894046,0.991928120753035,15.687680112426566,state_action_local,1,inf,5,0.05,,,,,,,,
8,115,Uniform,15.561051052894046,0.991928120753035,15.687680112426566,state_action_local,1,inf,5,0.05,,,,,,,,
8,120,Uniform,15.561051052894046,0.991928120753035,15.687680112426566,state_action_local,1,inf,5,0.05,,,,,,,,
8,125,Uniform,15.561051052894046,0.991928120753035,15.687680112426566,state_action_local,1,inf,5,0.05,,,,,,,,
8,130,Uniform,15.561051052894046,0.991928120753035,15.687680112426566,state_action_local,1,inf,5,0.05,,,,,,,,
8,135,Uniform,15.561051052894046,0.991928120753035,15.687680112426566,state_action_local,1,inf,5,0.05,,,,,,,,
8,140,Uniform,15.561051052894046,0.991928120753035,15.687680112426566,state_action_local,1,inf,5,0.05,,,,,,,,
8,145,Uniform,15.561051052894046,0.991928120753035,15.687680112426566,state_action_local,1,inf,5,0.05,,,,,,,,
8,150,Uniform,15.561051052894046,0.991928120753035,15.687680112426566,state_action_local,1,inf,5,0.05,,,,,,,,
8,155,Uniform,15.561051052894046,0.991928120753035,15.687680112426566,state_action_local,1,inf,5,0.05,,,,,,,,
8,160,Uniform,15.561051052894046,0.991928120753035,15.687680112426566,state_action_local,1,inf,5,0.05,,,,,,,,
8,165,Uniform,15.561051052894046,0.991928120753035,15.687680112426566,state_action_local,1,inf,5,0.05,,,,,,,,
8,170,Uniform,15.561051052894046,0.991928120753035,15.687680112426566,state_action_local,1,inf,5,0.05,,,,,,,,
8,175,Uniform,15.561051052894046,0.991928120753035,15.687680112426566,state_action_local,1,inf,5,0.05,,,,,,,,
8,180,Uniform,15.561051052894046,0.991928120753035,15.687680112426566,state_action_local,1,inf,5,0.05,,,,,,,,
8,185,Uniform,15.561051052894046,0.991928120753035,15.687680112426566,state_action_local,1,inf,5,0.05,,,,,,,,
8,190,Uniform,15.561051052894046,0.991928120753035,15.687680112426566,state_action_local,1,inf,5,0.05,,,,,,,,
8,195,Uniform,15.561051052894046,0.991928120753035,15.687680112426566,state_action_local,1,inf,5,0.05,,,,,,,,
8,200,Uniform,15.561051052894046,0.991928120753035,15.687680112426566,state_action_local,1,inf,5,0.05,,,,,,,,
8,-1,metadata,,,,state_action_local,1,inf,5,0.05,0.0,0.1,0.1000000000000001,0.1000000000000001,0.09601163598404727,0.04999999999999999,0.2,0.516127419364919
8,-1,metadata,,,,state_action_local,1,inf,5,0.05,1.0,0.2,0.20000000000000004,0.20000000000000004,0.18691275055311482,0.09999999999999998,0.2,0.25806499999455657
8,-1,metadata,,,,state_action_local,1,inf,5,0.05,2.0,0.4,0.4,0.4,0.37886677128089674,0.19999999999999996,0.2,0.12903282257772186
8,-1,metadata,,,,state_action_local,1,inf,5,0.05,3.0,0.8,0.8,0.8,0.7531958805013832,0.3999999999999999,0.2,0.06451649193427422
8,-1,metadata,,,,state_action_local,1,inf,5,0.05,4.0,1.6,1.6,1.6,1.5118813297341878,0.7999999999999998,0.2,0.032258266128528244
9,1,Maximum-based,16.07619035037768,0.9762858241120608,16.46668419568531,state_action_local,1,inf,5,0.05,,,,,,,,
9,5,Maximum-based,16.07619035037768,0.9762858241120608,16.46668419568531,state_action_local,1,inf,5,0.05,,,,,,,,
9,10,Maximum-based,16.15018337880504,0.9807793230793117,16.46668419568531,state_action_local,1,inf,5,0.05,,,,,,,,
9,15,Maximum-based,16.1719656513091,0.9821021317422585,16.46668419568531,state_action_local,1,inf,5,0.05,,,,,,,,
9,20,Maximum-based,16.1719656513091,0.9821021317422585,16.46668419568531,state_action_local,1,inf,5,0.05,,,,,,,,
9,25,Maximum-based,16.1719656513091,0.9821021317422585,16.46668419568531,state_action_local,1,inf,5,0.05,,,,,,,,
9,30,Maximum-based,16.1719656513091,0.9821021317422585,16.46668419568531,state_action_local,1,inf,5,0.05,,,,,,,,
9,35,Maximum-based,16.189829337625312,0.9831869698374041,16.46668419568531,state_action_local,1,inf,5,0.05,,,,,,,,
9,40,Maximum-based,16.189829337625312,0.9831869698374041,16.46668419568531,state_action_local,1,inf,5,0.05,,,,,,,,
9,45,Maximum-based,16.189829337625312,0.9831869698374041,16.46668419568531,state_action_local,1,inf,5,0.05,,,,,,,,
9,50,Maximum-based,16.238123113270692,0.986119787098698,16.46668419568531,state_action_local,1,inf,5,0.05,,,,,,,,
9,55,Maximum-based,16.238123113270692,0.986119787098698,16.46668419568531,state_action_local,1,inf,5,0.05,,,,,,,,
9,60,Maximum-based,16.238123113270692,0.986119787098698,16.46668419568531,state_action_local,1,inf,5,0.05,,,,,,,,
9,65,Maximum-based,16.238123113270692,0.986119787098698,16.46668419568531,state_action_local,1,inf,5,0.05,,,,,,,,
9,70,Maximum-based,16.238123113270692,0.986119787098698,16.46668419568531,state_action_local,1,inf,5,0.05,,,,,,,,
9,75,Maximum-based,16.238123113270692,0.986119787098698,16.46668419568531,state_action_local,1,inf,5,0.05,,,,,,,,
9,80,Maximum-based,16.238123113270692,0.986119787098698,16.46668419568531,state_action_local,1,inf,5,0.05,,,,,,,,
9,85,Maximum-based,16.238123113270692,0.986119787098698,16.46668419568531,state_action_local,1,inf,5,0.05,,,,,,,,
9,90,Maximum-based,16.238123113270692,0.986119787098698,16.46668419568531,state_action_local,1,inf,5,0.05,,,,,,,,
9,95,Maximum-based,16.238123113270692,0.986119787098698,16.46668419568531,state_action_local,1,inf,5,0.05,,,,,,,,
9,100,Maximum-based,16.238123113270692,0.986119787098698,16.46668419568531,state_action_local,1,inf,5,0.05,,,,,,,,
9,105,Maximum-based,16.238123113270692,0.986119787098698,16.46668419568531,state_action_local,1,inf,5,0.05,,,,,,,,
9,110,Maximum-based,16.238123113270692,0.986119787098698,16.46668419568531,state_action_local,1,inf,5,0.05,,,,,,,,
9,115,Maximum-based,16.238123113270692,0.986119787098698,16.46668419568531,state_action_local,1,inf,5,0.05,,,,,,,,
9,120,Maximum-based,16.238123113270692,0.986119787098698,16.46668419568531,state_action_local,1,inf,5,0.05,,,,,,,,
9,125,Maximum-based,16.238123113270692,0.986119787098698,16.46668419568531,state_action_local,1,inf,5,0.05,,,,,,,,
9,130,Maximum-based,16.238123113270692,0.986119787098698,16.46668419568531,state_action_local,1,inf,5,0.05,,,,,,,,
9,135,Maximum-based,16.238123113270692,0.986119787098698,16.46668419568531,state_action_local,1,inf,5,0.05,,,,,,,,
9,140,Maximum-based,16.238123113270692,0.986119787098698,16.46668419568531,state_action_local,1,inf,5,0.05,,,,,,,,
9,145,Maximum-based,16.421701861271117,0.9972682821945429,16.46668419568531,state_action_local,1,inf,5,0.05,,,,,,,,
9,150,Maximum-based,16.421701861271117,0.9972682821945429,16.46668419568531,state_action_local,1,inf,5,0.05,,,,,,,,
9,155,Maximum-based,16.421701861271117,0.9972682821945429,16.46668419568531,state_action_local,1,inf,5,0.05,,,,,,,,
9,160,Maximum-based,16.421701861271117,0.9972682821945429,16.46668419568531,state_action_local,1,inf,5,0.05,,,,,,,,
9,165,Maximum-based,16.421701861271117,0.9972682821945429,16.46668419568531,state_action_local,1,inf,5,0.05,,,,,,,,
9,170,Maximum-based,16.421701861271117,0.9972682821945429,16.46668419568531,state_action_local,1,inf,5,0.05,,,,,,,,
9,175,Maximum-based,16.421701861271117,0.9972682821945429,16.46668419568531,state_action_local,1,inf,5,0.05,,,,,,,,
9,180,Maximum-based,16.421701861271117,0.9972682821945429,16.46668419568531,state_action_local,1,inf,5,0.05,,,,,,,,
9,185,Maximum-based,16.421701861271117,0.9972682821945429,16.46668419568531,state_action_local,1,inf,5,0.05,,,,,,,,
9,190,Maximum-based,16.421701861271117,0.9972682821945429,16.46668419568531,state_action_local,1,inf,5,0.05,,,,,,,,
9,195,Maximum-based,16.421701861271117,0.9972682821945429,16.46668419568531,state_action_local,1,inf,5,0.05,,,,,,,,
9,200,Maximum-based,16.421701861271117,0.9972682821945429,16.46668419568531,state_action_local,1,inf,5,0.05,,,,,,,,
9,1,Similarity-aware,16.07619035037768,0.9762858241120608,16.46668419568531,state_action_local,1,inf,5,0.05,,,,,,,,
9,5,Similarity-aware,16.07619035037768,0.9762858241120608,16.46668419568531,state_action_local,1,inf,5,0.05,,,,,,,,
9,10,Similarity-aware,16.15018337880504,0.9807793230793117,16.46668419568531,state_action_local,1,inf,5,0.05,,,,,,,,
9,15,Similarity-aware,16.1719656513091,0.9821021317422585,16.46668419568531,state_action_local,1,inf,5,0.05,,,,,,,,
9,20,Similarity-aware,16.189829337625312,0.9831869698374041,16.46668419568531,state_action_local,1,inf,5,0.05,,,,,,,,
9,25,Similarity-aware,16.189829337625312,0.9831869698374041,16.46668419568531,state_action_local,1,inf,5,0.05,,,,,,,,
9,30,Similarity-aware,16.189829337625312,0.9831869698374041,16.46668419568531,state_action_local,1,inf,5,0.05,,,,,,,,
9,35,Similarity-aware,16.189829337625312,0.9831869698374041,16.46668419568531,state_action_local,1,inf,5,0.05,,,,,,,,
9,40,Similarity-aware,16.189829337625312,0.9831869698374041,16.46668419568531,state_action_local,1,inf,5,0.05,,,,,,,,
9,45,Similarity-aware,16.189829337625312,0.9831869698374041,16.46668419568531,state_action_local,1,inf,5,0.05,,,,,,,,
9,50,Similarity-aware,16.189829337625312,0.9831869698374041,16.46668419568531,state_action_local,1,inf,5,0.05,,,,,,,,
9,55,Similarity-aware,16.189829337625312,0.9831869698374041,16.46668419568531,state_action_local,1,inf,5,0.05,,,,,,,,
9,60,Similarity-aware,16.189829337625312,0.9831869698374041,16.46668419568531,state_action_local,1,inf,5,0.05,,,,,,,,
9,65,Similarity-aware,16.238123113270692,0.986119787098698,16.46668419568531,state_action_local,1,inf,5,0.05,,,,,,,,
9,70,Similarity-aware,16.238123113270692,0.986119787098698,16.46668419568531,state_action_local,1,inf,5,0.05,,,,,,,,
9,75,Similarity-aware,16.238123113270692,0.986119787098698,16.46668419568531,state_action_local,1,inf,5,0.05,,,,,,,,
9,80,Similarity-aware,16.238123113270692,0.986119787098698,16.46668419568531,state_action_local,1,inf,5,0.05,,,,,,,,
9,85,Similarity-aware,16.238123113270692,0.986119787098698,16.46668419568531,state_action_local,1,inf,5,0.05,,,,,,,,
9,90,Similarity-aware,16.238123113270692,0.986119787098698,16.46668419568531,state_action_local,1,inf,5,0.05,,,,,,,,
9,95,Similarity-aware,16.238123113270692,0.986119787098698,16.46668419568531,state_action_local,1,inf,5,0.05,,,,,,,,
9,100,Similarity-aware,16.238123113270692,0.986119787098698,16.46668419568531,state_action_local,1,inf,5,0.05,,,,,,,,
9,105,Similarity-aware,16.238123113270692,0.986119787098698,16.46668419568531,state_action_local,1,inf,5,0.05,,,,,,,,
9,110,Similarity-aware,16.238123113270692,0.986119787098698,16.46668419568531,state_action_local,1,inf,5,0.05,,,,,,,,
9,115,Similarity-aware,16.238123113270692,0.986119787098698,16.46668419568531,state_action_local,1,inf,5,0.05,,,,,,,,
9,120,Similarity-aware,16.238123113270692,0.986119787098698,16.46668419568531,state_action_local,1,inf,5,0.05,,,,,,,,
9,125,Similarity-aware,16.238123113270692,0.986119787098698,16.46668419568531,state_action_local,1,inf,5,0.05,,,,,,,,
9,130,Similarity-aware,16.238123113270692,0.986119787098698,16.46668419568531,state_action_local,1,inf,5,0.05,,,,,,,,
9,135,Similarity-aware,16.238123113270692,0.986119787098698,16.46668419568531,state_action_local,1,inf,5,0.05,,,,,,,,
9,140,Similarity-aware,16.238123113270692,0.986119787098698,16.46668419568531,state_action_local,1,inf,5,0.05,,,,,,,,
9,145,Similarity-aware,16.238123113270692,0.986119787098698,16.46668419568531,state_action_local,1,inf,5,0.05,,,,,,,,
9,150,Similarity-aware,16.238123113270692,0.986119787098698,16.46668419568531,state_action_local,1,inf,5,0.05,,,,,,,,
9,155,Similarity-aware,16.238123113270692,0.986119787098698,16.46668419568531,state_action_local,1,inf,5,0.05,,,,,,,,
9,160,Similarity-aware,16.238123113270692,0.986119787098698,16.46668419568531,state_action_local,1,inf,5,0.05,,,,,,,,
9,165,Similarity-aware,16.238123113270692,0.986119787098698,16.46668419568531,state_action_local,1,inf,5,0.05,,,,,,,,
9,170,Similarity-aware,16.238123113270692,0.986119787098698,16.46668419568531,state_action_local,1,inf,5,0.05,,,,,,,,
9,175,Similarity-aware,16.238123113270692,0.986119787098698,16.46668419568531,state_action_local,1,inf,5,0.05,,,,,,,,
9,180,Similarity-aware,16.238123113270692,0.986119787098698,16.46668419568531,state_action_local,1,inf,5,0.05,,,,,,,,
9,185,Similarity-aware,16.238123113270692,0.986119787098698,16.46668419568531,state_action_local,1,inf,5,0.05,,,,,,,,
9,190,Similarity-aware,16.238123113270692,0.986119787098698,16.46668419568531,state_action_local,1,inf,5,0.05,,,,,,,,
9,195,Similarity-aware,16.238123113270692,0.986119787098698,16.46668419568531,state_action_local,1,inf,5,0.05,,,,,,,,
9,200,Similarity-aware,16.238123113270692,0.986119787098698,16.46668419568531,state_action_local,1,inf,5,0.05,,,,,,,,
9,1,Uniform,16.07619035037768,0.9762858241120608,16.46668419568531,state_action_local,1,inf,5,0.05,,,,,,,,
9,5,Uniform,16.07619035037768,0.9762858241120608,16.46668419568531,state_action_local,1,inf,5,0.05,,,,,,,,
9,10,Uniform,16.1719656513091,0.9821021317422585,16.46668419568531,state_action_local,1,inf,5,0.05,,,,,,,,
9,15,Uniform,16.1719656513091,0.9821021317422585,16.46668419568531,state_action_local,1,inf,5,0.05,,,,,,,,
9,20,Uniform,16.189829337625312,0.9831869698374041,16.46668419568531,state_action_local,1,inf,5,0.05,,,,,,,,
9,25,Uniform,16.189829337625312,0.9831869698374041,16.46668419568531,state_action_local,1,inf,5,0.05,,,,,,,,
9,30,Uniform,16.189829337625312,0.9831869698374041,16.46668419568531,state_action_local,1,inf,5,0.05,,,,,,,,
9,35,Uniform,16.189829337625312,0.9831869698374041,16.46668419568531,state_action_local,1,inf,5,0.05,,,,,,,,
9,40,Uniform,16.189829337625312,0.9831869698374041,16.46668419568531,state_action_local,1,inf,5,0.05,,,,,,,,
9,45,Uniform,16.189829337625312,0.9831869698374041,16.46668419568531,state_action_local,1,inf,5,0.05,,,,,,,,
9,50,Uniform,16.189829337625312,0.9831869698374041,16.46668419568531,state_action_local,1,inf,5,0.05,,,,,,,,
9,55,Uniform,16.178248573289704,0.9824836853025223,16.46668419568531,state_action_local,1,inf,5,0.05,,,,,,,,
9,60,Uniform,16.178248573289704,0.9824836853025223,16.46668419568531,state_action_local,1,inf,5,0.05,,,,,,,,
9,65,Uniform,16.178248573289704,0.9824836853025223,16.46668419568531,state_action_local,1,inf,5,0.05,,,,,,,,
9,70,Uniform,16.178248573289704,0.9824836853025223,16.46668419568531,state_action_local,1,inf,5,0.05,,,,,,,,
9,75,Uniform,16.178248573289704,0.9824836853025223,16.46668419568531,state_action_local,1,inf,5,0.05,,,,,,,,
9,80,Uniform,16.178248573289704,0.9824836853025223,16.46668419568531,state_action_local,1,inf,5,0.05,,,,,,,,
9,85,Uniform,16.178248573289704,0.9824836853025223,16.46668419568531,state_action_local,1,inf,5,0.05,,,,,,,,
9,90,Uniform,16.178248573289704,0.9824836853025223,16.46668419568531,state_action_local,1,inf,5,0.05,,,,,,,,
9,95,Uniform,16.178248573289704,0.9824836853025223,16.46668419568531,state_action_local,1,inf,5,0.05,,,,,,,,
9,100,Uniform,16.178248573289704,0.9824836853025223,16.46668419568531,state_action_local,1,inf,5,0.05,,,,,,,,
9,105,Uniform,16.178248573289704,0.9824836853025223,16.46668419568531,state_action_local,1,inf,5,0.05,,,,,,,,
9,110,Uniform,16.178248573289704,0.9824836853025223,16.46668419568531,state_action_local,1,inf,5,0.05,,,,,,,,
9,115,Uniform,16.178248573289704,0.9824836853025223,16.46668419568531,state_action_local,1,inf,5,0.05,,,,,,,,
9,120,Uniform,16.178248573289704,0.9824836853025223,16.46668419568531,state_action_local,1,inf,5,0.05,,,,,,,,
9,125,Uniform,16.178248573289704,0.9824836853025223,16.46668419568531,state_action_local,1,inf,5,0.05,,,,,,,,
9,130,Uniform,16.178248573289704,0.9824836853025223,16.46668419568531,state_action_local,1,inf,5,0.05,,,,,,,,
9,135,Uniform,16.178248573289704,0.9824836853025223,16.46668419568531,state_action_local,1,inf,5,0.05,,,,,,,,
9,140,Uniform,16.178248573289704,0.9824836853025223,16.46668419568531,state_action_local,1,inf,5,0.05,,,,,,,,
9,145,Uniform,16.178248573289704,0.9824836853025223,16.46668419568531,state_action_local,1,inf,5,0.05,,,,,,,,
9,150,Uniform,16.178248573289704,0.9824836853025223,16.46668419568531,state_action_local,1,inf,5,0.05,,,,,,,,
9,155,Uniform,16.178248573289704,0.9824836853025223,16.46668419568531,state_action_local,1,inf,5,0.05,,,,,,,,
9,160,Uniform,16.178248573289704,0.9824836853025223,16.46668419568531,state_action_local,1,inf,5,0.05,,,,,,,,
9,165,Uniform,16.178248573289704,0.9824836853025223,16.46668419568531,state_action_local,1,inf,5,0.05,,,,,,,,
9,170,Uniform,16.178248573289704,0.9824836853025223,16.46668419568531,state_action_local,1,inf,5,0.05,,,,,,,,
9,175,Uniform,16.178248573289704,0.9824836853025223,16.46668419568531,state_action_local,1,inf,5,0.05,,,,,,,,
9,180,Uniform,16.178248573289704,0.9824836853025223,16.46668419568531,state_action_local,1,inf,5,0.05,,,,,,,,
9,185,Uniform,16.178248573289704,0.9824836853025223,16.46668419568531,state_action_local,1,inf,5,0.05,,,,,,,,
9,190,Uniform,16.178248573289704,0.9824836853025223,16.46668419568531,state_action_local,1,inf,5,0.05,,,,,,,,
9,195,Uniform,16.178248573289704,0.9824836853025223,16.46668419568531,state_action_local,1,inf,5,0.05,,,,,,,,
9,200,Uniform,16.178248573289704,0.9824836853025223,16.46668419568531,state_action_local,1,inf,5,0.05,,,,,,,,
9,-1,metadata,,,,state_action_local,1,inf,5,0.05,0.0,0.1,0.1000000000000001,0.1000000000000001,0.09501833715412548,0.04999999999999999,0.2,0.516127419364919
9,-1,metadata,,,,state_action_local,1,inf,5,0.05,1.0,0.2,0.2,0.2,0.1901774722581207,0.09999999999999998,0.2,0.25806499999455657
9,-1,metadata,,,,state_action_local,1,inf,5,0.05,2.0,0.4,0.4,0.4,0.37647518502858257,0.19999999999999996,0.2,0.12903282257772186
9,-1,metadata,,,,state_action_local,1,inf,5,0.05,3.0,0.8,0.8,0.8,0.7502552247788714,0.3999999999999999,0.2,0.06451649193427422
9,-1,metadata,,,,state_action_local,1,inf,5,0.05,4.0,1.6,1.6,1.6,1.4859753161869806,0.7999999999999998,0.2,0.032258266128528244
10,1,Maximum-based,17.31960361365263,0.998492684570943,17.34574912894324,state_action_local,1,inf,5,0.05,,,,,,,,
10,5,Maximum-based,17.31960361365263,0.998492684570943,17.34574912894324,state_action_local,1,inf,5,0.05,,,,,,,,
10,10,Maximum-based,17.31960361365263,0.998492684570943,17.34574912894324,state_action_local,1,inf,5,0.05,,,,,,,,
10,15,Maximum-based,17.31960361365263,0.998492684570943,17.34574912894324,state_action_local,1,inf,5,0.05,,,,,,,,
10,20,Maximum-based,17.31960361365263,0.998492684570943,17.34574912894324,state_action_local,1,inf,5,0.05,,,,,,,,
10,25,Maximum-based,17.31960361365263,0.998492684570943,17.34574912894324,state_action_local,1,inf,5,0.05,,,,,,,,
10,30,Maximum-based,17.31960361365263,0.998492684570943,17.34574912894324,state_action_local,1,inf,5,0.05,,,,,,,,
10,35,Maximum-based,17.34438875884591,0.9999215732865028,17.34574912894324,state_action_local,1,inf,5,0.05,,,,,,,,
10,40,Maximum-based,17.34438875884591,0.9999215732865028,17.34574912894324,state_action_local,1,inf,5,0.05,,,,,,,,
10,45,Maximum-based,17.34438875884591,0.9999215732865028,17.34574912894324,state_action_local,1,inf,5,0.05,,,,,,,,
10,50,Maximum-based,17.34438875884591,0.9999215732865028,17.34574912894324,state_action_local,1,inf,5,0.05,,,,,,,,
10,55,Maximum-based,17.34438875884591,0.9999215732865028,17.34574912894324,state_action_local,1,inf,5,0.05,,,,,,,,
10,60,Maximum-based,17.34438875884591,0.9999215732865028,17.34574912894324,state_action_local,1,inf,5,0.05,,,,,,,,
10,65,Maximum-based,17.34438875884591,0.9999215732865028,17.34574912894324,state_action_local,1,inf,5,0.05,,,,,,,,
10,70,Maximum-based,17.34438875884591,0.9999215732865028,17.34574912894324,state_action_local,1,inf,5,0.05,,,,,,,,
10,75,Maximum-based,17.34438875884591,0.9999215732865028,17.34574912894324,state_action_local,1,inf,5,0.05,,,,,,,,
10,80,Maximum-based,17.34438875884591,0.9999215732865028,17.34574912894324,state_action_local,1,inf,5,0.05,,,,,,,,
10,85,Maximum-based,17.34438875884591,0.9999215732865028,17.34574912894324,state_action_local,1,inf,5,0.05,,,,,,,,
10,90,Maximum-based,17.34438875884591,0.9999215732865028,17.34574912894324,state_action_local,1,inf,5,0.05,,,,,,,,
10,95,Maximum-based,17.34438875884591,0.9999215732865028,17.34574912894324,state_action_local,1,inf,5,0.05,,,,,,,,
10,100,Maximum-based,17.34438875884591,0.9999215732865028,17.34574912894324,state_action_local,1,inf,5,0.05,,,,,,,,
10,105,Maximum-based,17.34438875884591,0.9999215732865028,17.34574912894324,state_action_local,1,inf,5,0.05,,,,,,,,
10,110,Maximum-based,17.34438875884591,0.9999215732865028,17.34574912894324,state_action_local,1,inf,5,0.05,,,,,,,,
10,115,Maximum-based,17.34438875884591,0.9999215732865028,17.34574912894324,state_action_local,1,inf,5,0.05,,,,,,,,
10,120,Maximum-based,17.34438875884591,0.9999215732865028,17.34574912894324,state_action_local,1,inf,5,0.05,,,,,,,,
10,125,Maximum-based,17.34218418508309,0.999794477376927,17.34574912894324,state_action_local,1,inf,5,0.05,,,,,,,,
10,130,Maximum-based,17.34218418508309,0.999794477376927,17.34574912894324,state_action_local,1,inf,5,0.05,,,,,,,,
10,135,Maximum-based,17.34218418508309,0.999794477376927,17.34574912894324,state_action_local,1,inf,5,0.05,,,,,,,,
10,140,Maximum-based,17.34218418508309,0.999794477376927,17.34574912894324,state_action_local,1,inf,5,0.05,,,,,,,,
10,145,Maximum-based,17.34218418508309,0.999794477376927,17.34574912894324,state_action_local,1,inf,5,0.05,,,,,,,,
10,150,Maximum-based,17.34218418508309,0.999794477376927,17.34574912894324,state_action_local,1,inf,5,0.05,,,,,,,,
10,155,Maximum-based,17.34218418508309,0.999794477376927,17.34574912894324,state_action_local,1,inf,5,0.05,,,,,,,,
10,160,Maximum-based,17.34218418508309,0.999794477376927,17.34574912894324,state_action_local,1,inf,5,0.05,,,,,,,,
10,165,Maximum-based,17.34218418508309,0.999794477376927,17.34574912894324,state_action_local,1,inf,5,0.05,,,,,,,,
10,170,Maximum-based,17.34218418508309,0.999794477376927,17.34574912894324,state_action_local,1,inf,5,0.05,,,,,,,,
10,175,Maximum-based,17.34218418508309,0.999794477376927,17.34574912894324,state_action_local,1,inf,5,0.05,,,,,,,,
10,180,Maximum-based,17.34218418508309,0.999794477376927,17.34574912894324,state_action_local,1,inf,5,0.05,,,,,,,,
10,185,Maximum-based,17.34218418508309,0.999794477376927,17.34574912894324,state_action_local,1,inf,5,0.05,,,,,,,,
10,190,Maximum-based,17.34218418508309,0.999794477376927,17.34574912894324,state_action_local,1,inf,5,0.05,,,,,,,,
10,195,Maximum-based,17.34218418508309,0.999794477376927,17.34574912894324,state_action_local,1,inf,5,0.05,,,,,,,,
10,200,Maximum-based,17.34218418508309,0.999794477376927,17.34574912894324,state_action_local,1,inf,5,0.05,,,,,,,,
10,1,Similarity-aware,17.31960361365263,0.998492684570943,17.34574912894324,state_action_local,1,inf,5,0.05,,,,,,,,
10,5,Similarity-aware,17.31960361365263,0.998492684570943,17.34574912894324,state_action_local,1,inf,5,0.05,,,,,,,,
10,10,Similarity-aware,17.31960361365263,0.998492684570943,17.34574912894324,state_action_local,1,inf,5,0.05,,,,,,,,
10,15,Similarity-aware,17.31960361365263,0.998492684570943,17.34574912894324,state_action_local,1,inf,5,0.05,,,,,,,,
10,20,Similarity-aware,17.31960361365263,0.998492684570943,17.34574912894324,state_action_local,1,inf,5,0.05,,,,,,,,
10,25,Similarity-aware,17.31960361365263,0.998492684570943,17.34574912894324,state_action_local,1,inf,5,0.05,,,,,,,,
10,30,Similarity-aware,17.31960361365263,0.998492684570943,17.34574912894324,state_action_local,1,inf,5,0.05,,,,,,,,
10,35,Similarity-aware,17.31960361365263,0.998492684570943,17.34574912894324,state_action_local,1,inf,5,0.05,,,,,,,,
10,40,Similarity-aware,17.31960361365263,0.998492684570943,17.34574912894324,state_action_local,1,inf,5,0.05,,,,,,,,
10,45,Similarity-aware,17.32784473694164,0.9989677936727607,17.34574912894324,state_action_local,1,inf,5,0.05,,,,,,,,
10,50,Similarity-aware,17.32784473694164,0.9989677936727607,17.34574912894324,state_action_local,1,inf,5,0.05,,,,,,,,
10,55,Similarity-aware,17.32784473694164,0.9989677936727607,17.34574912894324,state_action_local,1,inf,5,0.05,,,,,,,,
10,60,Similarity-aware,17.32784473694164,0.9989677936727607,17.34574912894324,state_action_local,1,inf,5,0.05,,,,,,,,
10,65,Similarity-aware,17.32784473694164,0.9989677936727607,17.34574912894324,state_action_local,1,inf,5,0.05,,,,,,,,
10,70,Similarity-aware,17.32784473694164,0.9989677936727607,17.34574912894324,state_action_local,1,inf,5,0.05,,,,,,,,
10,75,Similarity-aware,17.32784473694164,0.9989677936727607,17.34574912894324,state_action_local,1,inf,5,0.05,,,,,,,,
10,80,Similarity-aware,17.32784473694164,0.9989677936727607,17.34574912894324,state_action_local,1,inf,5,0.05,,,,,,,,
10,85,Similarity-aware,17.32784473694164,0.9989677936727607,17.34574912894324,state_action_local,1,inf,5,0.05,,,,,,,,
10,90,Similarity-aware,17.32784473694164,0.9989677936727607,17.34574912894324,state_action_local,1,inf,5,0.05,,,,,,,,
10,95,Similarity-aware,17.32784473694164,0.9989677936727607,17.34574912894324,state_action_local,1,inf,5,0.05,,,,,,,,
10,100,Similarity-aware,17.32784473694164,0.9989677936727607,17.34574912894324,state_action_local,1,inf,5,0.05,,,,,,,,
10,105,Similarity-aware,17.32784473694164,0.9989677936727607,17.34574912894324,state_action_local,1,inf,5,0.05,,,,,,,,
10,110,Similarity-aware,17.32784473694164,0.9989677936727607,17.34574912894324,state_action_local,1,inf,5,0.05,,,,,,,,
10,115,Similarity-aware,17.32784473694164,0.9989677936727607,17.34574912894324,state_action_local,1,inf,5,0.05,,,,,,,,
10,120,Similarity-aware,17.32784473694164,0.9989677936727607,17.34574912894324,state_action_local,1,inf,5,0.05,,,,,,,,
10,125,Similarity-aware,17.32784473694164,0.9989677936727607,17.34574912894324,state_action_local,1,inf,5,0.05,,,,,,,,
10,130,Similarity-aware,17.32784473694164,0.9989677936727607,17.34574912894324,state_action_local,1,inf,5,0.05,,,,,,,,
10,135,Similarity-aware,17.32784473694164,0.9989677936727607,17.34574912894324,state_action_local,1,inf,5,0.05,,,,,,,,
10,140,Similarity-aware,17.32784473694164,0.9989677936727607,17.34574912894324,state_action_local,1,inf,5,0.05,,,,,,,,
10,145,Similarity-aware,17.32784473694164,0.9989677936727607,17.34574912894324,state_action_local,1,inf,5,0.05,,,,,,,,
10,150,Similarity-aware,17.32784473694164,0.9989677936727607,17.34574912894324,state_action_local,1,inf,5,0.05,,,,,,,,
10,155,Similarity-aware,17.32784473694164,0.9989677936727607,17.34574912894324,state_action_local,1,inf,5,0.05,,,,,,,,
10,160,Similarity-aware,17.32784473694164,0.9989677936727607,17.34574912894324,state_action_local,1,inf,5,0.05,,,,,,,,
10,165,Similarity-aware,17.32784473694164,0.9989677936727607,17.34574912894324,state_action_local,1,inf,5,0.05,,,,,,,,
10,170,Similarity-aware,17.32784473694164,0.9989677936727607,17.34574912894324,state_action_local,1,inf,5,0.05,,,,,,,,
10,175,Similarity-aware,17.32784473694164,0.9989677936727607,17.34574912894324,state_action_local,1,inf,5,0.05,,,,,,,,
10,180,Similarity-aware,17.32784473694164,0.9989677936727607,17.34574912894324,state_action_local,1,inf,5,0.05,,,,,,,,
10,185,Similarity-aware,17.32784473694164,0.9989677936727607,17.34574912894324,state_action_local,1,inf,5,0.05,,,,,,,,
10,190,Similarity-aware,17.32784473694164,0.9989677936727607,17.34574912894324,state_action_local,1,inf,5,0.05,,,,,,,,
10,195,Similarity-aware,17.32784473694164,0.9989677936727607,17.34574912894324,state_action_local,1,inf,5,0.05,,,,,,,,
10,200,Similarity-aware,17.32784473694164,0.9989677936727607,17.34574912894324,state_action_local,1,inf,5,0.05,,,,,,,,
10,1,Uniform,17.31960361365263,0.998492684570943,17.34574912894324,state_action_local,1,inf,5,0.05,,,,,,,,
10,5,Uniform,17.31960361365263,0.998492684570943,17.34574912894324,state_action_local,1,inf,5,0.05,,,,,,,,
10,10,Uniform,17.31960361365263,0.998492684570943,17.34574912894324,state_action_local,1,inf,5,0.05,,,,,,,,
10,15,Uniform,17.31960361365263,0.998492684570943,17.34574912894324,state_action_local,1,inf,5,0.05,,,,,,,,
10,20,Uniform,17.31960361365263,0.998492684570943,17.34574912894324,state_action_local,1,inf,5,0.05,,,,,,,,
10,25,Uniform,17.31960361365263,0.998492684570943,17.34574912894324,state_action_local,1,inf,5,0.05,,,,,,,,
10,30,Uniform,17.31960361365263,0.998492684570943,17.34574912894324,state_action_local,1,inf,5,0.05,,,,,,,,
10,35,Uniform,17.31960361365263,0.998492684570943,17.34574912894324,state_action_local,1,inf,5,0.05,,,,,,,,
10,40,Uniform,17.31960361365263,0.998492684570943,17.34574912894324,state_action_local,1,inf,5,0.05,,,,,,,,
10,45,Uniform,17.31960361365263,0.998492684570943,17.34574912894324,state_action_local,1,inf,5,0.05,,,,,,,,
10,50,Uniform,17.31960361365263,0.998492684570943,17.34574912894324,state_action_local,1,inf,5,0.05,,,,,,,,
10,55,Uniform,17.31960361365263,0.998492684570943,17.34574912894324,state_action_local,1,inf,5,0.05,,,,,,,,
10,60,Uniform,17.31960361365263,0.998492684570943,17.34574912894324,state_action_local,1,inf,5,0.05,,,,,,,,
10,65,Uniform,17.31960361365263,0.998492684570943,17.34574912894324,state_action_local,1,inf,5,0.05,,,,,,,,
10,70,Uniform,17.31960361365263,0.998492684570943,17.34574912894324,state_action_local,1,inf,5,0.05,,,,,,,,
10,75,Uniform,17.31960361365263,0.998492684570943,17.34574912894324,state_action_local,1,inf,5,0.05,,,,,,,,
10,80,Uniform,17.31960361365263,0.998492684570943,17.34574912894324,state_action_local,1,inf,5,0.05,,,,,,,,
10,85,Uniform,17.31960361365263,0.998492684570943,17.34574912894324,state_action_local,1,inf,5,0.05,,,,,,,,
10,90,Uniform,17.31960361365263,0.998492684570943,17.34574912894324,state_action_local,1,inf,5,0.05,,,,,,,,
10,95,Uniform,17.31960361365263,0.998492684570943,17.34574912894324,state_action_local,1,inf,5,0.05,,,,,,,,
10,100,Uniform,17.31960361365263,0.998492684570943,17.34574912894324,state_action_local,1,inf,5,0.05,,,,,,,,
10,105,Uniform,17.32784473694164,0.9989677936727607,17.34574912894324,state_action_local,1,inf,5,0.05,,,,,,,,
10,110,Uniform,17.32784473694164,0.9989677936727607,17.34574912894324,state_action_local,1,inf,5,0.05,,,,,,,,
10,115,Uniform,17.325177525395993,0.9988140262265802,17.34574912894324,state_action_local,1,inf,5,0.05,,,,,,,,
10,120,Uniform,17.325177525395993,0.9988140262265802,17.34574912894324,state_action_local,1,inf,5,0.05,,,,,,,,
10,125,Uniform,17.325177525395993,0.9988140262265802,17.34574912894324,state_action_local,1,inf,5,0.05,,,,,,,,
10,130,Uniform,17.325177525395993,0.9988140262265802,17.34574912894324,state_action_local,1,inf,5,0.05,,,,,,,,
10,135,Uniform,17.325177525395993,0.9988140262265802,17.34574912894324,state_action_local,1,inf,5,0.05,,,,,,,,
10,140,Uniform,17.325177525395993,0.9988140262265802,17.34574912894324,state_action_local,1,inf,5,0.05,,,,,,,,
10,145,Uniform,17.325177525395993,0.9988140262265802,17.34574912894324,state_action_local,1,inf,5,0.05,,,,,,,,
10,150,Uniform,17.325177525395993,0.9988140262265802,17.34574912894324,state_action_local,1,inf,5,0.05,,,,,,,,
10,155,Uniform,17.325177525395993,0.9988140262265802,17.34574912894324,state_action_local,1,inf,5,0.05,,,,,,,,
10,160,Uniform,17.325177525395993,0.9988140262265802,17.34574912894324,state_action_local,1,inf,5,0.05,,,,,,,,
10,165,Uniform,17.325177525395993,0.9988140262265802,17.34574912894324,state_action_local,1,inf,5,0.05,,,,,,,,
10,170,Uniform,17.325177525395993,0.9988140262265802,17.34574912894324,state_action_local,1,inf,5,0.05,,,,,,,,
10,175,Uniform,17.325177525395993,0.9988140262265802,17.34574912894324,state_action_local,1,inf,5,0.05,,,,,,,,
10,180,Uniform,17.325177525395993,0.9988140262265802,17.34574912894324,state_action_local,1,inf,5,0.05,,,,,,,,
10,185,Uniform,17.325177525395993,0.9988140262265802,17.34574912894324,state_action_local,1,inf,5,0.05,,,,,,,,
10,190,Uniform,17.325177525395993,0.9988140262265802,17.34574912894324,state_action_local,1,inf,5,0.05,,,,,,,,
10,195,Uniform,17.325177525395993,0.9988140262265802,17.34574912894324,state_action_local,1,inf,5,0.05,,,,,,,,
10,200,Uniform,17.325177525395993,0.9988140262265802,17.34574912894324,state_action_local,1,inf,5,0.05,,,,,,,,
10,-1,metadata,,,,state_action_local,1,inf,5,0.05,0.0,0.1,0.1000000000000001,0.1000000000000001,0.09597174172744166,0.04999999999999999,0.2,0.516127419364919
10,-1,metadata,,,,state_action_local,1,inf,5,0.05,1.0,0.2,0.20000000000000004,0.20000000000000004,0.18898830056097016,0.09999999999999998,0.2,0.25806499999455657
10,-1,metadata,,,,state_action_local,1,inf,5,0.05,2.0,0.4,0.4,0.4,0.3697251609525897,0.19999999999999996,0.2,0.12903282257772186
10,-1,metadata,,,,state_action_local,1,inf,5,0.05,3.0,0.8,0.8,0.8,0.735025431987278,0.3999999999999999,0.2,0.06451649193427422
10,-1,metadata,,,,state_action_local,1,inf,5,0.05,4.0,1.6,1.6,1.6,1.4993650073672937,0.7999999999999998,0.2,0.032258266128528244
11,1,Maximum-based,15.826470720818365,0.9769768763922617,16.199432251929725,state_action_local,1,inf,5,0.05,,,,,,,,
11,5,Maximum-based,15.826470720818365,0.9769768763922617,16.199432251929725,state_action_local,1,inf,5,0.05,,,,,,,,
11,10,Maximum-based,15.929896707185401,0.9833614202922318,16.199432251929725,state_action_local,1,inf,5,0.05,,,,,,,,
11,15,Maximum-based,15.929896707185401,0.9833614202922318,16.199432251929725,state_action_local,1,inf,5,0.05,,,,,,,,
11,20,Maximum-based,15.929896707185401,0.9833614202922318,16.199432251929725,state_action_local,1,inf,5,0.05,,,,,,,,
11,25,Maximum-based,15.929896707185401,0.9833614202922318,16.199432251929725,state_action_local,1,inf,5,0.05,,,,,,,,
11,30,Maximum-based,15.915371515130715,0.9824647720746403,16.199432251929725,state_action_local,1,inf,5,0.05,,,,,,,,
11,35,Maximum-based,15.930388674583941,0.9833917897144985,16.199432251929725,state_action_local,1,inf,5,0.05,,,,,,,,
11,40,Maximum-based,15.930388674583941,0.9833917897144985,16.199432251929725,state_action_local,1,inf,5,0.05,,,,,,,,
11,45,Maximum-based,15.930388674583941,0.9833917897144985,16.199432251929725,state_action_local,1,inf,5,0.05,,,,,,,,
11,50,Maximum-based,15.930388674583941,0.9833917897144985,16.199432251929725,state_action_local,1,inf,5,0.05,,,,,,,,
11,55,Maximum-based,15.930388674583941,0.9833917897144985,16.199432251929725,state_action_local,1,inf,5,0.05,,,,,,,,
11,60,Maximum-based,15.930388674583941,0.9833917897144985,16.199432251929725,state_action_local,1,inf,5,0.05,,,,,,,,
11,65,Maximum-based,15.953430195713441,0.9848141556820932,16.199432251929725,state_action_local,1,inf,5,0.05,,,,,,,,
11,70,Maximum-based,16.090935625053017,0.9933024426295074,16.199432251929725,state_action_local,1,inf,5,0.05,,,,,,,,
11,75,Maximum-based,16.090935625053017,0.9933024426295074,16.199432251929725,state_action_local,1,inf,5,0.05,,,,,,,,
11,80,Maximum-based,16.090935625053017,0.9933024426295074,16.199432251929725,state_action_local,1,inf,5,0.05,,,,,,,,
11,85,Maximum-based,16.090935625053017,0.9933024426295074,16.199432251929725,state_action_local,1,inf,5,0.05,,,,,,,,
11,90,Maximum-based,16.11699198877904,0.9949109165143203,16.199432251929725,state_action_local,1,inf,5,0.05,,,,,,,,
11,95,Maximum-based,16.12446407673378,0.9953721726767916,16.199432251929725,state_action_local,1,inf,5,0.05,,,,,,,,
11,100,Maximum-based,16.12446407673378,0.9953721726767916,16.199432251929725,state_action_local,1,inf,5,0.05,,,,,,,,
11,105,Maximum-based,16.12446407673378,0.9953721726767916,16.199432251929725,state_action_local,1,inf,5,0.05,,,,,,,,
11,110,Maximum-based,16.12446407673378,0.9953721726767916,16.199432251929725,state_action_local,1,inf,5,0.05,,,,,,,,
11,115,Maximum-based,16.12446407673378,0.9953721726767916,16.199432251929725,state_action_local,1,inf,5,0.05,,,,,,,,
11,120,Maximum-based,16.126568571969333,0.9955020843430046,16.199432251929725,state_action_local,1,inf,5,0.05,,,,,,,,
11,125,Maximum-based,16.126568571969333,0.9955020843430046,16.199432251929725,state_action_local,1,inf,5,0.05,,,,,,,,
11,130,Maximum-based,16.126568571969333,0.9955020843430046,16.199432251929725,state_action_local,1,inf,5,0.05,,,,,,,,
11,135,Maximum-based,16.198758732328226,0.9999584232588511,16.199432251929725,state_action_local,1,inf,5,0.05,,,,,,,,
11,140,Maximum-based,16.198758732328226,0.9999584232588511,16.199432251929725,state_action_local,1,inf,5,0.05,,,,,,,,
11,145,Maximum-based,16.198758732328226,0.9999584232588511,16.199432251929725,state_action_local,1,inf,5,0.05,,,,,,,,
11,150,Maximum-based,16.198758732328226,0.9999584232588511,16.199432251929725,state_action_local,1,inf,5,0.05,,,,,,,,
11,155,Maximum-based,16.198758732328226,0.9999584232588511,16.199432251929725,state_action_local,1,inf,5,0.05,,,,,,,,
11,160,Maximum-based,16.198758732328226,0.9999584232588511,16.199432251929725,state_action_local,1,inf,5,0.05,,,,,,,,
11,165,Maximum-based,16.198758732328226,0.9999584232588511,16.199432251929725,state_action_local,1,inf,5,0.05,,,,,,,,
11,170,Maximum-based,16.198758732328226,0.9999584232588511,16.199432251929725,state_action_local,1,inf,5,0.05,,,,,,,,
11,175,Maximum-based,16.198758732328226,0.9999584232588511,16.199432251929725,state_action_local,1,inf,5,0.05,,,,,,,,
11,180,Maximum-based,16.198758732328226,0.9999584232588511,16.199432251929725,state_action_local,1,inf,5,0.05,,,,,,,,
11,185,Maximum-based,16.198758732328226,0.9999584232588511,16.199432251929725,state_action_local,1,inf,5,0.05,,,,,,,,
11,190,Maximum-based,16.198758732328226,0.9999584232588511,16.199432251929725,state_action_local,1,inf,5,0.05,,,,,,,,
11,195,Maximum-based,16.198758732328226,0.9999584232588511,16.199432251929725,state_action_local,1,inf,5,0.05,,,,,,,,
11,200,Maximum-based,16.198758732328226,0.9999584232588511,16.199432251929725,state_action_local,1,inf,5,0.05,,,,,,,,
11,1,Similarity-aware,15.826470720818365,0.9769768763922617,16.199432251929725,state_action_local,1,inf,5,0.05,,,,,,,,
11,5,Similarity-aware,15.826470720818365,0.9769768763922617,16.199432251929725,state_action_local,1,inf,5,0.05,,,,,,,,
11,10,Similarity-aware,15.929896707185401,0.9833614202922318,16.199432251929725,state_action_local,1,inf,5,0.05,,,,,,,,
11,15,Similarity-aware,15.929896707185401,0.9833614202922318,16.199432251929725,state_action_local,1,inf,5,0.05,,,,,,,,
11,20,Similarity-aware,15.929896707185401,0.9833614202922318,16.199432251929725,state_action_local,1,inf,5,0.05,,,,,,,,
11,25,Similarity-aware,15.929896707185401,0.9833614202922318,16.199432251929725,state_action_local,1,inf,5,0.05,,,,,,,,
11,30,Similarity-aware,15.929896707185401,0.9833614202922318,16.199432251929725,state_action_local,1,inf,5,0.05,,,,,,,,
11,35,Similarity-aware,15.906660037604846,0.9819270077017667,16.199432251929725,state_action_local,1,inf,5,0.05,,,,,,,,
11,40,Similarity-aware,15.926510318201075,0.9831523766089927,16.199432251929725,state_action_local,1,inf,5,0.05,,,,,,,,
11,45,Similarity-aware,15.93550367664929,0.9837075416486282,16.199432251929725,state_action_local,1,inf,5,0.05,,,,,,,,
11,50,Similarity-aware,15.930388674583941,0.9833917897144985,16.199432251929725,state_action_local,1,inf,5,0.05,,,,,,,,
11,55,Similarity-aware,15.930388674583941,0.9833917897144985,16.199432251929725,state_action_local,1,inf,5,0.05,,,,,,,,
11,60,Similarity-aware,15.930388674583941,0.9833917897144985,16.199432251929725,state_action_local,1,inf,5,0.05,,,,,,,,
11,65,Similarity-aware,15.930388674583941,0.9833917897144985,16.199432251929725,state_action_local,1,inf,5,0.05,,,,,,,,
11,70,Similarity-aware,15.930388674583941,0.9833917897144985,16.199432251929725,state_action_local,1,inf,5,0.05,,,,,,,,
11,75,Similarity-aware,15.930388674583941,0.9833917897144985,16.199432251929725,state_action_local,1,inf,5,0.05,,,,,,,,
11,80,Similarity-aware,15.953430195713441,0.9848141556820932,16.199432251929725,state_action_local,1,inf,5,0.05,,,,,,,,
11,85,Similarity-aware,16.090935625053017,0.9933024426295074,16.199432251929725,state_action_local,1,inf,5,0.05,,,,,,,,
11,90,Similarity-aware,16.090935625053017,0.9933024426295074,16.199432251929725,state_action_local,1,inf,5,0.05,,,,,,,,
11,95,Similarity-aware,16.090935625053017,0.9933024426295074,16.199432251929725,state_action_local,1,inf,5,0.05,,,,,,,,
11,100,Similarity-aware,16.090935625053017,0.9933024426295074,16.199432251929725,state_action_local,1,inf,5,0.05,,,,,,,,
11,105,Similarity-aware,16.11699198877904,0.9949109165143203,16.199432251929725,state_action_local,1,inf,5,0.05,,,,,,,,
11,110,Similarity-aware,16.11699198877904,0.9949109165143203,16.199432251929725,state_action_local,1,inf,5,0.05,,,,,,,,
11,115,Similarity-aware,16.11699198877904,0.9949109165143203,16.199432251929725,state_action_local,1,inf,5,0.05,,,,,,,,
11,120,Similarity-aware,16.11699198877904,0.9949109165143203,16.199432251929725,state_action_local,1,inf,5,0.05,,,,,,,,
11,125,Similarity-aware,16.11699198877904,0.9949109165143203,16.199432251929725,state_action_local,1,inf,5,0.05,,,,,,,,
11,130,Similarity-aware,16.11699198877904,0.9949109165143203,16.199432251929725,state_action_local,1,inf,5,0.05,,,,,,,,
11,135,Similarity-aware,16.11699198877904,0.9949109165143203,16.199432251929725,state_action_local,1,inf,5,0.05,,,,,,,,
11,140,Similarity-aware,16.11699198877904,0.9949109165143203,16.199432251929725,state_action_local,1,inf,5,0.05,,,,,,,,
11,145,Similarity-aware,16.11699198877904,0.9949109165143203,16.199432251929725,state_action_local,1,inf,5,0.05,,,,,,,,
11,150,Similarity-aware,16.11699198877904,0.9949109165143203,16.199432251929725,state_action_local,1,inf,5,0.05,,,,,,,,
11,155,Similarity-aware,16.11699198877904,0.9949109165143203,16.199432251929725,state_action_local,1,inf,5,0.05,,,,,,,,
11,160,Similarity-aware,16.11699198877904,0.9949109165143203,16.199432251929725,state_action_local,1,inf,5,0.05,,,,,,,,
11,165,Similarity-aware,16.194885032343112,0.9997192975953789,16.199432251929725,state_action_local,1,inf,5,0.05,,,,,,,,
11,170,Similarity-aware,16.194885032343112,0.9997192975953789,16.199432251929725,state_action_local,1,inf,5,0.05,,,,,,,,
11,175,Similarity-aware,16.194885032343112,0.9997192975953789,16.199432251929725,state_action_local,1,inf,5,0.05,,,,,,,,
11,180,Similarity-aware,16.194885032343112,0.9997192975953789,16.199432251929725,state_action_local,1,inf,5,0.05,,,,,,,,
11,185,Similarity-aware,16.194885032343112,0.9997192975953789,16.199432251929725,state_action_local,1,inf,5,0.05,,,,,,,,
11,190,Similarity-aware,16.194885032343112,0.9997192975953789,16.199432251929725,state_action_local,1,inf,5,0.05,,,,,,,,
11,195,Similarity-aware,16.194885032343112,0.9997192975953789,16.199432251929725,state_action_local,1,inf,5,0.05,,,,,,,,
11,200,Similarity-aware,16.194885032343112,0.9997192975953789,16.199432251929725,state_action_local,1,inf,5,0.05,,,,,,,,
11,1,Uniform,15.826470720818365,0.9769768763922617,16.199432251929725,state_action_local,1,inf,5,0.05,,,,,,,,
11,5,Uniform,15.826470720818365,0.9769768763922617,16.199432251929725,state_action_local,1,inf,5,0.05,,,,,,,,
11,10,Uniform,15.826470720818365,0.9769768763922617,16.199432251929725,state_action_local,1,inf,5,0.05,,,,,,,,
11,15,Uniform,15.826470720818365,0.9769768763922617,16.199432251929725,state_action_local,1,inf,5,0.05,,,,,,,,
11,20,Uniform,15.826470720818365,0.9769768763922617,16.199432251929725,state_action_local,1,inf,5,0.05,,,,,,,,
11,25,Uniform,15.826470720818365,0.9769768763922617,16.199432251929725,state_action_local,1,inf,5,0.05,,,,,,,,
11,30,Uniform,15.826470720818365,0.9769768763922617,16.199432251929725,state_action_local,1,inf,5,0.05,,,,,,,,
11,35,Uniform,15.929896707185401,0.9833614202922318,16.199432251929725,state_action_local,1,inf,5,0.05,,,,,,,,
11,40,Uniform,15.906660037604846,0.9819270077017667,16.199432251929725,state_action_local,1,inf,5,0.05,,,,,,,,
11,45,Uniform,15.794414312003957,0.9749980163732268,16.199432251929725,state_action_local,1,inf,5,0.05,,,,,,,,
11,50,Uniform,15.794414312003957,0.9749980163732268,16.199432251929725,state_action_local,1,inf,5,0.05,,,,,,,,
11,55,Uniform,15.794414312003957,0.9749980163732268,16.199432251929725,state_action_local,1,inf,5,0.05,,,,,,,,
11,60,Uniform,15.861692742584014,0.9791511514667139,16.199432251929725,state_action_local,1,inf,5,0.05,,,,,,,,
11,65,Uniform,15.861692742584014,0.9791511514667139,16.199432251929725,state_action_local,1,inf,5,0.05,,,,,,,,
11,70,Uniform,15.861692742584014,0.9791511514667139,16.199432251929725,state_action_local,1,inf,5,0.05,,,,,,,,
11,75,Uniform,15.852936317214047,0.9786106124383216,16.199432251929725,state_action_local,1,inf,5,0.05,,,,,,,,
11,80,Uniform,15.852936317214047,0.9786106124383216,16.199432251929725,state_action_local,1,inf,5,0.05,,,,,,,,
11,85,Uniform,15.852936317214047,0.9786106124383216,16.199432251929725,state_action_local,1,inf,5,0.05,,,,,,,,
11,90,Uniform,15.852936317214047,0.9786106124383216,16.199432251929725,state_action_local,1,inf,5,0.05,,,,,,,,
11,95,Uniform,15.852936317214047,0.9786106124383216,16.199432251929725,state_action_local,1,inf,5,0.05,,,,,,,,
11,100,Uniform,15.852936317214047,0.9786106124383216,16.199432251929725,state_action_local,1,inf,5,0.05,,,,,,,,
11,105,Uniform,15.852936317214047,0.9786106124383216,16.199432251929725,state_action_local,1,inf,5,0.05,,,,,,,,
11,110,Uniform,15.852936317214047,0.9786106124383216,16.199432251929725,state_action_local,1,inf,5,0.05,,,,,,,,
11,115,Uniform,15.852936317214047,0.9786106124383216,16.199432251929725,state_action_local,1,inf,5,0.05,,,,,,,,
11,120,Uniform,15.852936317214047,0.9786106124383216,16.199432251929725,state_action_local,1,inf,5,0.05,,,,,,,,
11,125,Uniform,15.852936317214047,0.9786106124383216,16.199432251929725,state_action_local,1,inf,5,0.05,,,,,,,,
11,130,Uniform,15.852936317214047,0.9786106124383216,16.199432251929725,state_action_local,1,inf,5,0.05,,,,,,,,
11,135,Uniform,15.852936317214047,0.9786106124383216,16.199432251929725,state_action_local,1,inf,5,0.05,,,,,,,,
11,140,Uniform,15.852936317214047,0.9786106124383216,16.199432251929725,state_action_local,1,inf,5,0.05,,,,,,,,
11,145,Uniform,15.852936317214047,0.9786106124383216,16.199432251929725,state_action_local,1,inf,5,0.05,,,,,,,,
11,150,Uniform,15.852936317214047,0.9786106124383216,16.199432251929725,state_action_local,1,inf,5,0.05,,,,,,,,
11,155,Uniform,15.852936317214047,0.9786106124383216,16.199432251929725,state_action_local,1,inf,5,0.05,,,,,,,,
11,160,Uniform,15.852936317214047,0.9786106124383216,16.199432251929725,state_action_local,1,inf,5,0.05,,,,,,,,
11,165,Uniform,15.852936317214047,0.9786106124383216,16.199432251929725,state_action_local,1,inf,5,0.05,,,,,,,,
11,170,Uniform,15.852936317214047,0.9786106124383216,16.199432251929725,state_action_local,1,inf,5,0.05,,,,,,,,
11,175,Uniform,15.852936317214047,0.9786106124383216,16.199432251929725,state_action_local,1,inf,5,0.05,,,,,,,,
11,180,Uniform,15.852936317214047,0.9786106124383216,16.199432251929725,state_action_local,1,inf,5,0.05,,,,,,,,
11,185,Uniform,15.852936317214047,0.9786106124383216,16.199432251929725,state_action_local,1,inf,5,0.05,,,,,,,,
11,190,Uniform,15.852936317214047,0.9786106124383216,16.199432251929725,state_action_local,1,inf,5,0.05,,,,,,,,
11,195,Uniform,15.852936317214047,0.9786106124383216,16.199432251929725,state_action_local,1,inf,5,0.05,,,,,,,,
11,200,Uniform,15.852936317214047,0.9786106124383216,16.199432251929725,state_action_local,1,inf,5,0.05,,,,,,,,
11,-1,metadata,,,,state_action_local,1,inf,5,0.05,0.0,0.1,0.1000000000000001,0.1000000000000001,0.09200995427853362,0.04999999999999999,0.2,0.516127419364919
11,-1,metadata,,,,state_action_local,1,inf,5,0.05,1.0,0.2,0.20000000000000004,0.20000000000000004,0.19335264711683836,0.09999999999999998,0.2,0.25806499999455657
11,-1,metadata,,,,state_action_local,1,inf,5,0.05,2.0,0.4,0.4,0.4,0.3818257913162827,0.19999999999999996,0.2,0.12903282257772186
11,-1,metadata,,,,state_action_local,1,inf,5,0.05,3.0,0.8,0.8,0.8,0.745852358993883,0.3999999999999999,0.2,0.06451649193427422
11,-1,metadata,,,,state_action_local,1,inf,5,0.05,4.0,1.6,1.5999999999999999,1.5999999999999999,1.519970749912522,0.7999999999999998,0.2,0.03225826612852825
12,1,Maximum-based,16.224292181683712,0.9880625204285419,16.42030928837066,state_action_local,1,inf,5,0.05,,,,,,,,
12,5,Maximum-based,16.31130130309109,0.9933613926896752,16.42030928837066,state_action_local,1,inf,5,0.05,,,,,,,,
12,10,Maximum-based,16.31130130309109,0.9933613926896752,16.42030928837066,state_action_local,1,inf,5,0.05,,,,,,,,
12,15,Maximum-based,16.39202927323244,0.9982777416282743,16.42030928837066,state_action_local,1,inf,5,0.05,,,,,,,,
12,20,Maximum-based,16.39202927323244,0.9982777416282743,16.42030928837066,state_action_local,1,inf,5,0.05,,,,,,,,
12,25,Maximum-based,16.39202927323244,0.9982777416282743,16.42030928837066,state_action_local,1,inf,5,0.05,,,,,,,,
12,30,Maximum-based,16.406199187545987,0.9991406921406367,16.42030928837066,state_action_local,1,inf,5,0.05,,,,,,,,
12,35,Maximum-based,16.406199187545987,0.9991406921406367,16.42030928837066,state_action_local,1,inf,5,0.05,,,,,,,,
12,40,Maximum-based,16.406199187545987,0.9991406921406367,16.42030928837066,state_action_local,1,inf,5,0.05,,,,,,,,
12,45,Maximum-based,16.406199187545987,0.9991406921406367,16.42030928837066,state_action_local,1,inf,5,0.05,,,,,,,,
12,50,Maximum-based,16.406199187545987,0.9991406921406367,16.42030928837066,state_action_local,1,inf,5,0.05,,,,,,,,
12,55,Maximum-based,16.414861582478057,0.9996682336613195,16.42030928837066,state_action_local,1,inf,5,0.05,,,,,,,,
12,60,Maximum-based,16.414861582478057,0.9996682336613195,16.42030928837066,state_action_local,1,inf,5,0.05,,,,,,,,
12,65,Maximum-based,16.414861582478057,0.9996682336613195,16.42030928837066,state_action_local,1,inf,5,0.05,,,,,,,,
12,70,Maximum-based,16.414861582478057,0.9996682336613195,16.42030928837066,state_action_local,1,inf,5,0.05,,,,,,,,
12,75,Maximum-based,16.414861582478057,0.9996682336613195,16.42030928837066,state_action_local,1,inf,5,0.05,,,,,,,,
12,80,Maximum-based,16.414861582478057,0.9996682336613195,16.42030928837066,state_action_local,1,inf,5,0.05,,,,,,,,
12,85,Maximum-based,16.42030928837066,1.0,16.42030928837066,state_action_local,1,inf,5,0.05,,,,,,,,
12,90,Maximum-based,16.42030928837066,1.0,16.42030928837066,state_action_local,1,inf,5,0.05,,,,,,,,
12,95,Maximum-based,16.42030928837066,1.0,16.42030928837066,state_action_local,1,inf,5,0.05,,,,,,,,
12,100,Maximum-based,16.42030928837066,1.0,16.42030928837066,state_action_local,1,inf,5,0.05,,,,,,,,
12,105,Maximum-based,16.42030928837066,1.0,16.42030928837066,state_action_local,1,inf,5,0.05,,,,,,,,
12,110,Maximum-based,16.42030928837066,1.0,16.42030928837066,state_action_local,1,inf,5,0.05,,,,,,,,
12,115,Maximum-based,16.42030928837066,1.0,16.42030928837066,state_action_local,1,inf,5,0.05,,,,,,,,
12,120,Maximum-based,16.42030928837066,1.0,16.42030928837066,state_action_local,1,inf,5,0.05,,,,,,,,
12,125,Maximum-based,16.42030928837066,1.0,16.42030928837066,state_action_local,1,inf,5,0.05,,,,,,,,
12,130,Maximum-based,16.42030928837066,1.0,16.42030928837066,state_action_local,1,inf,5,0.05,,,,,,,,
12,135,Maximum-based,16.42030928837066,1.0,16.42030928837066,state_action_local,1,inf,5,0.05,,,,,,,,
12,140,Maximum-based,16.42030928837066,1.0,16.42030928837066,state_action_local,1,inf,5,0.05,,,,,,,,
12,145,Maximum-based,16.42030928837066,1.0,16.42030928837066,state_action_local,1,inf,5,0.05,,,,,,,,
12,150,Maximum-based,16.42030928837066,1.0,16.42030928837066,state_action_local,1,inf,5,0.05,,,,,,,,
12,155,Maximum-based,16.42030928837066,1.0,16.42030928837066,state_action_local,1,inf,5,0.05,,,,,,,,
12,160,Maximum-based,16.42030928837066,1.0,16.42030928837066,state_action_local,1,inf,5,0.05,,,,,,,,
12,165,Maximum-based,16.42030928837066,1.0,16.42030928837066,state_action_local,1,inf,5,0.05,,,,,,,,
12,170,Maximum-based,16.42030928837066,1.0,16.42030928837066,state_action_local,1,inf,5,0.05,,,,,,,,
12,175,Maximum-based,16.42030928837066,1.0,16.42030928837066,state_action_local,1,inf,5,0.05,,,,,,,,
12,180,Maximum-based,16.42030928837066,1.0,16.42030928837066,state_action_local,1,inf,5,0.05,,,,,,,,
12,185,Maximum-based,16.42030928837066,1.0,16.42030928837066,state_action_local,1,inf,5,0.05,,,,,,,,
12,190,Maximum-based,16.42030928837066,1.0,16.42030928837066,state_action_local,1,inf,5,0.05,,,,,,,,
12,195,Maximum-based,16.42030928837066,1.0,16.42030928837066,state_action_local,1,inf,5,0.05,,,,,,,,
12,200,Maximum-based,16.42030928837066,1.0,16.42030928837066,state_action_local,1,inf,5,0.05,,,,,,,,
12,1,Similarity-aware,16.224292181683712,0.9880625204285419,16.42030928837066,state_action_local,1,inf,5,0.05,,,,,,,,
12,5,Similarity-aware,16.31130130309109,0.9933613926896752,16.42030928837066,state_action_local,1,inf,5,0.05,,,,,,,,
12,10,Similarity-aware,16.31130130309109,0.9933613926896752,16.42030928837066,state_action_local,1,inf,5,0.05,,,,,,,,
12,15,Similarity-aware,16.39202927323244,0.9982777416282743,16.42030928837066,state_action_local,1,inf,5,0.05,,,,,,,,
12,20,Similarity-aware,16.39202927323244,0.9982777416282743,16.42030928837066,state_action_local,1,inf,5,0.05,,,,,,,,
12,25,Similarity-aware,16.39202927323244,0.9982777416282743,16.42030928837066,state_action_local,1,inf,5,0.05,,,,,,,,
12,30,Similarity-aware,16.39202927323244,0.9982777416282743,16.42030928837066,state_action_local,1,inf,5,0.05,,,,,,,,
12,35,Similarity-aware,16.406199187545987,0.9991406921406367,16.42030928837066,state_action_local,1,inf,5,0.05,,,,,,,,
12,40,Similarity-aware,16.406199187545987,0.9991406921406367,16.42030928837066,state_action_local,1,inf,5,0.05,,,,,,,,
12,45,Similarity-aware,16.406199187545987,0.9991406921406367,16.42030928837066,state_action_local,1,inf,5,0.05,,,,,,,,
12,50,Similarity-aware,16.406199187545987,0.9991406921406367,16.42030928837066,state_action_local,1,inf,5,0.05,,,,,,,,
12,55,Similarity-aware,16.406199187545987,0.9991406921406367,16.42030928837066,state_action_local,1,inf,5,0.05,,,,,,,,
12,60,Similarity-aware,16.406199187545987,0.9991406921406367,16.42030928837066,state_action_local,1,inf,5,0.05,,,,,,,,
12,65,Similarity-aware,16.414861582478057,0.9996682336613195,16.42030928837066,state_action_local,1,inf,5,0.05,,,,,,,,
12,70,Similarity-aware,16.414861582478057,0.9996682336613195,16.42030928837066,state_action_local,1,inf,5,0.05,,,,,,,,
12,75,Similarity-aware,16.414861582478057,0.9996682336613195,16.42030928837066,state_action_local,1,inf,5,0.05,,,,,,,,
12,80,Similarity-aware,16.414861582478057,0.9996682336613195,16.42030928837066,state_action_local,1,inf,5,0.05,,,,,,,,
12,85,Similarity-aware,16.414861582478057,0.9996682336613195,16.42030928837066,state_action_local,1,inf,5,0.05,,,,,,,,
12,90,Similarity-aware,16.42030928837066,1.0,16.42030928837066,state_action_local,1,inf,5,0.05,,,,,,,,
12,95,Similarity-aware,16.42030928837066,1.0,16.42030928837066,state_action_local,1,inf,5,0.05,,,,,,,,
12,100,Similarity-aware,16.42030928837066,1.0,16.42030928837066,state_action_local,1,inf,5,0.05,,,,,,,,
12,105,Similarity-aware,16.42030928837066,1.0,16.42030928837066,state_action_local,1,inf,5,0.05,,,,,,,,
12,110,Similarity-aware,16.42030928837066,1.0,16.42030928837066,state_action_local,1,inf,5,0.05,,,,,,,,
12,115,Similarity-aware,16.42030928837066,1.0,16.42030928837066,state_action_local,1,inf,5,0.05,,,,,,,,
12,120,Similarity-aware,16.42030928837066,1.0,16.42030928837066,state_action_local,1,inf,5,0.05,,,,,,,,
12,125,Similarity-aware,16.42030928837066,1.0,16.42030928837066,state_action_local,1,inf,5,0.05,,,,,,,,
12,130,Similarity-aware,16.42030928837066,1.0,16.42030928837066,state_action_local,1,inf,5,0.05,,,,,,,,
12,135,Similarity-aware,16.42030928837066,1.0,16.42030928837066,state_action_local,1,inf,5,0.05,,,,,,,,
12,140,Similarity-aware,16.42030928837066,1.0,16.42030928837066,state_action_local,1,inf,5,0.05,,,,,,,,
12,145,Similarity-aware,16.42030928837066,1.0,16.42030928837066,state_action_local,1,inf,5,0.05,,,,,,,,
12,150,Similarity-aware,16.42030928837066,1.0,16.42030928837066,state_action_local,1,inf,5,0.05,,,,,,,,
12,155,Similarity-aware,16.42030928837066,1.0,16.42030928837066,state_action_local,1,inf,5,0.05,,,,,,,,
12,160,Similarity-aware,16.42030928837066,1.0,16.42030928837066,state_action_local,1,inf,5,0.05,,,,,,,,
12,165,Similarity-aware,16.42030928837066,1.0,16.42030928837066,state_action_local,1,inf,5,0.05,,,,,,,,
12,170,Similarity-aware,16.42030928837066,1.0,16.42030928837066,state_action_local,1,inf,5,0.05,,,,,,,,
12,175,Similarity-aware,16.42030928837066,1.0,16.42030928837066,state_action_local,1,inf,5,0.05,,,,,,,,
12,180,Similarity-aware,16.42030928837066,1.0,16.42030928837066,state_action_local,1,inf,5,0.05,,,,,,,,
12,185,Similarity-aware,16.42030928837066,1.0,16.42030928837066,state_action_local,1,inf,5,0.05,,,,,,,,
12,190,Similarity-aware,16.42030928837066,1.0,16.42030928837066,state_action_local,1,inf,5,0.05,,,,,,,,
12,195,Similarity-aware,16.42030928837066,1.0,16.42030928837066,state_action_local,1,inf,5,0.05,,,,,,,,
12,200,Similarity-aware,16.42030928837066,1.0,16.42030928837066,state_action_local,1,inf,5,0.05,,,,,,,,
12,1,Uniform,16.224292181683712,0.9880625204285419,16.42030928837066,state_action_local,1,inf,5,0.05,,,,,,,,
12,5,Uniform,16.31130130309109,0.9933613926896752,16.42030928837066,state_action_local,1,inf,5,0.05,,,,,,,,
12,10,Uniform,16.31130130309109,0.9933613926896752,16.42030928837066,state_action_local,1,inf,5,0.05,,,,,,,,
12,15,Uniform,16.39202927323244,0.9982777416282743,16.42030928837066,state_action_local,1,inf,5,0.05,,,,,,,,
12,20,Uniform,16.39202927323244,0.9982777416282743,16.42030928837066,state_action_local,1,inf,5,0.05,,,,,,,,
12,25,Uniform,16.39202927323244,0.9982777416282743,16.42030928837066,state_action_local,1,inf,5,0.05,,,,,,,,
12,30,Uniform,16.39202927323244,0.9982777416282743,16.42030928837066,state_action_local,1,inf,5,0.05,,,,,,,,
12,35,Uniform,16.406199187545987,0.9991406921406367,16.42030928837066,state_action_local,1,inf,5,0.05,,,,,,,,
12,40,Uniform,16.406199187545987,0.9991406921406367,16.42030928837066,state_action_local,1,inf,5,0.05,,,,,,,,
12,45,Uniform,16.406199187545987,0.9991406921406367,16.42030928837066,state_action_local,1,inf,5,0.05,,,,,,,,
12,50,Uniform,16.406199187545987,0.9991406921406367,16.42030928837066,state_action_local,1,inf,5,0.05,,,,,,,,
12,55,Uniform,16.406199187545987,0.9991406921406367,16.42030928837066,state_action_local,1,inf,5,0.05,,,,,,,,
12,60,Uniform,16.406199187545987,0.9991406921406367,16.42030928837066,state_action_local,1,inf,5,0.05,,,,,,,,
12,65,Uniform,16.406199187545987,0.9991406921406367,16.42030928837066,state_action_local,1,inf,5,0.05,,,,,,,,
12,70,Uniform,16.406199187545987,0.9991406921406367,16.42030928837066,state_action_local,1,inf,5,0.05,,,,,,,,
12,75,Uniform,16.406199187545987,0.9991406921406367,16.42030928837066,state_action_local,1,inf,5,0.05,,,,,,,,
12,80,Uniform,16.406199187545987,0.9991406921406367,16.42030928837066,state_action_local,1,inf,5,0.05,,,,,,,,
12,85,Uniform,16.406199187545987,0.9991406921406367,16.42030928837066,state_action_local,1,inf,5,0.05,,,,,,,,
12,90,Uniform,16.406199187545987,0.9991406921406367,16.42030928837066,state_action_local,1,inf,5,0.05,,,,,,,,
12,95,Uniform,16.411452807791694,0.9994606386260191,16.42030928837066,state_action_local,1,inf,5,0.05,,,,,,,,
12,100,Uniform,16.411452807791694,0.9994606386260191,16.42030928837066,state_action_local,1,inf,5,0.05,,,,,,,,
12,105,Uniform,16.411452807791694,0.9994606386260191,16.42030928837066,state_action_local,1,inf,5,0.05,,,,,,,,
12,110,Uniform,16.411452807791694,0.9994606386260191,16.42030928837066,state_action_local,1,inf,5,0.05,,,,,,,,
12,115,Uniform,16.411452807791694,0.9994606386260191,16.42030928837066,state_action_local,1,inf,5,0.05,,,,,,,,
12,120,Uniform,16.411452807791694,0.9994606386260191,16.42030928837066,state_action_local,1,inf,5,0.05,,,,,,,,
12,125,Uniform,16.411452807791694,0.9994606386260191,16.42030928837066,state_action_local,1,inf,5,0.05,,,,,,,,
12,130,Uniform,16.411452807791694,0.9994606386260191,16.42030928837066,state_action_local,1,inf,5,0.05,,,,,,,,
12,135,Uniform,16.411452807791694,0.9994606386260191,16.42030928837066,state_action_local,1,inf,5,0.05,,,,,,,,
12,140,Uniform,16.411452807791694,0.9994606386260191,16.42030928837066,state_action_local,1,inf,5,0.05,,,,,,,,
12,145,Uniform,16.411452807791694,0.9994606386260191,16.42030928837066,state_action_local,1,inf,5,0.05,,,,,,,,
12,150,Uniform,16.411452807791694,0.9994606386260191,16.42030928837066,state_action_local,1,inf,5,0.05,,,,,,,,
12,155,Uniform,16.411452807791694,0.9994606386260191,16.42030928837066,state_action_local,1,inf,5,0.05,,,,,,,,
12,160,Uniform,16.411452807791694,0.9994606386260191,16.42030928837066,state_action_local,1,inf,5,0.05,,,,,,,,
12,165,Uniform,16.411452807791694,0.9994606386260191,16.42030928837066,state_action_local,1,inf,5,0.05,,,,,,,,
12,170,Uniform,16.411452807791694,0.9994606386260191,16.42030928837066,state_action_local,1,inf,5,0.05,,,,,,,,
12,175,Uniform,16.411452807791694,0.9994606386260191,16.42030928837066,state_action_local,1,inf,5,0.05,,,,,,,,
12,180,Uniform,16.411452807791694,0.9994606386260191,16.42030928837066,state_action_local,1,inf,5,0.05,,,,,,,,
12,185,Uniform,16.411452807791694,0.9994606386260191,16.42030928837066,state_action_local,1,inf,5,0.05,,,,,,,,
12,190,Uniform,16.411452807791694,0.9994606386260191,16.42030928837066,state_action_local,1,inf,5,0.05,,,,,,,,
12,195,Uniform,16.411452807791694,0.9994606386260191,16.42030928837066,state_action_local,1,inf,5,0.05,,,,,,,,
12,200,Uniform,16.411452807791694,0.9994606386260191,16.42030928837066,state_action_local,1,inf,5,0.05,,,,,,,,
12,-1,metadata,,,,state_action_local,1,inf,5,0.05,0.0,0.1,0.10000000000000012,0.10000000000000012,0.095027934204968,0.04999999999999999,0.2,0.516127419364919
12,-1,metadata,,,,state_action_local,1,inf,5,0.05,1.0,0.2,0.2,0.2,0.19035586387281628,0.09999999999999998,0.2,0.25806499999455657
12,-1,metadata,,,,state_action_local,1,inf,5,0.05,2.0,0.4,0.4,0.4,0.3782790686943558,0.19999999999999996,0.2,0.12903282257772186
12,-1,metadata,,,,state_action_local,1,inf,5,0.05,3.0,0.8,0.8,0.8,0.7579602400514809,0.3999999999999999,0.2,0.06451649193427422
12,-1,metadata,,,,state_action_local,1,inf,5,0.05,4.0,1.6,1.6,1.6,1.4947241496878634,0.7999999999999998,0.2,0.032258266128528244
13,1,Maximum-based,15.390047099940233,0.9648525458001675,15.950672635865848,state_action_local,1,inf,5,0.05,,,,,,,,
13,5,Maximum-based,15.599371846614433,0.977975800941366,15.950672635865848,state_action_local,1,inf,5,0.05,,,,,,,,
13,10,Maximum-based,15.720633764866818,0.9855781084440429,15.950672635865848,state_action_local,1,inf,5,0.05,,,,,,,,
13,15,Maximum-based,15.720633764866818,0.9855781084440429,15.950672635865848,state_action_local,1,inf,5,0.05,,,,,,,,
13,20,Maximum-based,15.869068043177807,0.9948839403484121,15.950672635865848,state_action_local,1,inf,5,0.05,,,,,,,,
13,25,Maximum-based,15.869068043177807,0.9948839403484121,15.950672635865848,state_action_local,1,inf,5,0.05,,,,,,,,
13,30,Maximum-based,15.869068043177807,0.9948839403484121,15.950672635865848,state_action_local,1,inf,5,0.05,,,,,,,,
13,35,Maximum-based,15.915608000024376,0.9978016829357637,15.950672635865848,state_action_local,1,inf,5,0.05,,,,,,,,
13,40,Maximum-based,15.950672635865848,1.0,15.950672635865848,state_action_local,1,inf,5,0.05,,,,,,,,
13,45,Maximum-based,15.950672635865848,1.0,15.950672635865848,state_action_local,1,inf,5,0.05,,,,,,,,
13,50,Maximum-based,15.950672635865848,1.0,15.950672635865848,state_action_local,1,inf,5,0.05,,,,,,,,
13,55,Maximum-based,15.950672635865848,1.0,15.950672635865848,state_action_local,1,inf,5,0.05,,,,,,,,
13,60,Maximum-based,15.950672635865848,1.0,15.950672635865848,state_action_local,1,inf,5,0.05,,,,,,,,
13,65,Maximum-based,15.950672635865848,1.0,15.950672635865848,state_action_local,1,inf,5,0.05,,,,,,,,
13,70,Maximum-based,15.950672635865848,1.0,15.950672635865848,state_action_local,1,inf,5,0.05,,,,,,,,
13,75,Maximum-based,15.950672635865848,1.0,15.950672635865848,state_action_local,1,inf,5,0.05,,,,,,,,
13,80,Maximum-based,15.950672635865848,1.0,15.950672635865848,state_action_local,1,inf,5,0.05,,,,,,,,
13,85,Maximum-based,15.950672635865848,1.0,15.950672635865848,state_action_local,1,inf,5,0.05,,,,,,,,
13,90,Maximum-based,15.950672635865848,1.0,15.950672635865848,state_action_local,1,inf,5,0.05,,,,,,,,
13,95,Maximum-based,15.950672635865848,1.0,15.950672635865848,state_action_local,1,inf,5,0.05,,,,,,,,
13,100,Maximum-based,15.950672635865848,1.0,15.950672635865848,state_action_local,1,inf,5,0.05,,,,,,,,
13,105,Maximum-based,15.950672635865848,1.0,15.950672635865848,state_action_local,1,inf,5,0.05,,,,,,,,
13,110,Maximum-based,15.950672635865848,1.0,15.950672635865848,state_action_local,1,inf,5,0.05,,,,,,,,
13,115,Maximum-based,15.950672635865848,1.0,15.950672635865848,state_action_local,1,inf,5,0.05,,,,,,,,
13,120,Maximum-based,15.950672635865848,1.0,15.950672635865848,state_action_local,1,inf,5,0.05,,,,,,,,
13,125,Maximum-based,15.950672635865848,1.0,15.950672635865848,state_action_local,1,inf,5,0.05,,,,,,,,
13,130,Maximum-based,15.950672635865848,1.0,15.950672635865848,state_action_local,1,inf,5,0.05,,,,,,,,
13,135,Maximum-based,15.950672635865848,1.0,15.950672635865848,state_action_local,1,inf,5,0.05,,,,,,,,
13,140,Maximum-based,15.950672635865848,1.0,15.950672635865848,state_action_local,1,inf,5,0.05,,,,,,,,
13,145,Maximum-based,15.950672635865848,1.0,15.950672635865848,state_action_local,1,inf,5,0.05,,,,,,,,
13,150,Maximum-based,15.950672635865848,1.0,15.950672635865848,state_action_local,1,inf,5,0.05,,,,,,,,
13,155,Maximum-based,15.950672635865848,1.0,15.950672635865848,state_action_local,1,inf,5,0.05,,,,,,,,
13,160,Maximum-based,15.950672635865848,1.0,15.950672635865848,state_action_local,1,inf,5,0.05,,,,,,,,
13,165,Maximum-based,15.950672635865848,1.0,15.950672635865848,state_action_local,1,inf,5,0.05,,,,,,,,
13,170,Maximum-based,15.950672635865848,1.0,15.950672635865848,state_action_local,1,inf,5,0.05,,,,,,,,
13,175,Maximum-based,15.950672635865848,1.0,15.950672635865848,state_action_local,1,inf,5,0.05,,,,,,,,
13,180,Maximum-based,15.950672635865848,1.0,15.950672635865848,state_action_local,1,inf,5,0.05,,,,,,,,
13,185,Maximum-based,15.950672635865848,1.0,15.950672635865848,state_action_local,1,inf,5,0.05,,,,,,,,
13,190,Maximum-based,15.950672635865848,1.0,15.950672635865848,state_action_local,1,inf,5,0.05,,,,,,,,
13,195,Maximum-based,15.950672635865848,1.0,15.950672635865848,state_action_local,1,inf,5,0.05,,,,,,,,
13,200,Maximum-based,15.950672635865848,1.0,15.950672635865848,state_action_local,1,inf,5,0.05,,,,,,,,
13,1,Similarity-aware,15.390047099940233,0.9648525458001675,15.950672635865848,state_action_local,1,inf,5,0.05,,,,,,,,
13,5,Similarity-aware,15.599371846614433,0.977975800941366,15.950672635865848,state_action_local,1,inf,5,0.05,,,,,,,,
13,10,Similarity-aware,15.720633764866818,0.9855781084440429,15.950672635865848,state_action_local,1,inf,5,0.05,,,,,,,,
13,15,Similarity-aware,15.720633764866818,0.9855781084440429,15.950672635865848,state_action_local,1,inf,5,0.05,,,,,,,,
13,20,Similarity-aware,15.869068043177807,0.9948839403484121,15.950672635865848,state_action_local,1,inf,5,0.05,,,,,,,,
13,25,Similarity-aware,15.869068043177807,0.9948839403484121,15.950672635865848,state_action_local,1,inf,5,0.05,,,,,,,,
13,30,Similarity-aware,15.869068043177807,0.9948839403484121,15.950672635865848,state_action_local,1,inf,5,0.05,,,,,,,,
13,35,Similarity-aware,15.869068043177807,0.9948839403484121,15.950672635865848,state_action_local,1,inf,5,0.05,,,,,,,,
13,40,Similarity-aware,15.915608000024376,0.9978016829357637,15.950672635865848,state_action_local,1,inf,5,0.05,,,,,,,,
13,45,Similarity-aware,15.936217368481222,0.9990937518614655,15.950672635865848,state_action_local,1,inf,5,0.05,,,,,,,,
13,50,Similarity-aware,15.950672635865848,1.0,15.950672635865848,state_action_local,1,inf,5,0.05,,,,,,,,
13,55,Similarity-aware,15.950672635865848,1.0,15.950672635865848,state_action_local,1,inf,5,0.05,,,,,,,,
13,60,Similarity-aware,15.950672635865848,1.0,15.950672635865848,state_action_local,1,inf,5,0.05,,,,,,,,
13,65,Similarity-aware,15.950672635865848,1.0,15.950672635865848,state_action_local,1,inf,5,0.05,,,,,,,,
13,70,Similarity-aware,15.950672635865848,1.0,15.950672635865848,state_action_local,1,inf,5,0.05,,,,,,,,
13,75,Similarity-aware,15.950672635865848,1.0,15.950672635865848,state_action_local,1,inf,5,0.05,,,,,,,,
13,80,Similarity-aware,15.950672635865848,1.0,15.950672635865848,state_action_local,1,inf,5,0.05,,,,,,,,
13,85,Similarity-aware,15.950672635865848,1.0,15.950672635865848,state_action_local,1,inf,5,0.05,,,,,,,,
13,90,Similarity-aware,15.950672635865848,1.0,15.950672635865848,state_action_local,1,inf,5,0.05,,,,,,,,
13,95,Similarity-aware,15.950672635865848,1.0,15.950672635865848,state_action_local,1,inf,5,0.05,,,,,,,,
13,100,Similarity-aware,15.950672635865848,1.0,15.950672635865848,state_action_local,1,inf,5,0.05,,,,,,,,
13,105,Similarity-aware,15.950672635865848,1.0,15.950672635865848,state_action_local,1,inf,5,0.05,,,,,,,,
13,110,Similarity-aware,15.950672635865848,1.0,15.950672635865848,state_action_local,1,inf,5,0.05,,,,,,,,
13,115,Similarity-aware,15.950672635865848,1.0,15.950672635865848,state_action_local,1,inf,5,0.05,,,,,,,,
13,120,Similarity-aware,15.950672635865848,1.0,15.950672635865848,state_action_local,1,inf,5,0.05,,,,,,,,
13,125,Similarity-aware,15.950672635865848,1.0,15.950672635865848,state_action_local,1,inf,5,0.05,,,,,,,,
13,130,Similarity-aware,15.950672635865848,1.0,15.950672635865848,state_action_local,1,inf,5,0.05,,,,,,,,
13,135,Similarity-aware,15.950672635865848,1.0,15.950672635865848,state_action_local,1,inf,5,0.05,,,,,,,,
13,140,Similarity-aware,15.950672635865848,1.0,15.950672635865848,state_action_local,1,inf,5,0.05,,,,,,,,
13,145,Similarity-aware,15.950672635865848,1.0,15.950672635865848,state_action_local,1,inf,5,0.05,,,,,,,,
13,150,Similarity-aware,15.950672635865848,1.0,15.950672635865848,state_action_local,1,inf,5,0.05,,,,,,,,
13,155,Similarity-aware,15.950672635865848,1.0,15.950672635865848,state_action_local,1,inf,5,0.05,,,,,,,,
13,160,Similarity-aware,15.950672635865848,1.0,15.950672635865848,state_action_local,1,inf,5,0.05,,,,,,,,
13,165,Similarity-aware,15.950672635865848,1.0,15.950672635865848,state_action_local,1,inf,5,0.05,,,,,,,,
13,170,Similarity-aware,15.950672635865848,1.0,15.950672635865848,state_action_local,1,inf,5,0.05,,,,,,,,
13,175,Similarity-aware,15.950672635865848,1.0,15.950672635865848,state_action_local,1,inf,5,0.05,,,,,,,,
13,180,Similarity-aware,15.950672635865848,1.0,15.950672635865848,state_action_local,1,inf,5,0.05,,,,,,,,
13,185,Similarity-aware,15.950672635865848,1.0,15.950672635865848,state_action_local,1,inf,5,0.05,,,,,,,,
13,190,Similarity-aware,15.950672635865848,1.0,15.950672635865848,state_action_local,1,inf,5,0.05,,,,,,,,
13,195,Similarity-aware,15.950672635865848,1.0,15.950672635865848,state_action_local,1,inf,5,0.05,,,,,,,,
13,200,Similarity-aware,15.950672635865848,1.0,15.950672635865848,state_action_local,1,inf,5,0.05,,,,,,,,
13,1,Uniform,15.390047099940233,0.9648525458001675,15.950672635865848,state_action_local,1,inf,5,0.05,,,,,,,,
13,5,Uniform,15.599371846614433,0.977975800941366,15.950672635865848,state_action_local,1,inf,5,0.05,,,,,,,,
13,10,Uniform,15.599371846614433,0.977975800941366,15.950672635865848,state_action_local,1,inf,5,0.05,,,,,,,,
13,15,Uniform,15.720633764866818,0.9855781084440429,15.950672635865848,state_action_local,1,inf,5,0.05,,,,,,,,
13,20,Uniform,15.720633764866818,0.9855781084440429,15.950672635865848,state_action_local,1,inf,5,0.05,,,,,,,,
13,25,Uniform,15.869068043177807,0.9948839403484121,15.950672635865848,state_action_local,1,inf,5,0.05,,,,,,,,
13,30,Uniform,15.869068043177807,0.9948839403484121,15.950672635865848,state_action_local,1,inf,5,0.05,,,,,,,,
13,35,Uniform,15.869068043177807,0.9948839403484121,15.950672635865848,state_action_local,1,inf,5,0.05,,,,,,,,
13,40,Uniform,15.869068043177807,0.9948839403484121,15.950672635865848,state_action_local,1,inf,5,0.05,,,,,,,,
13,45,Uniform,15.869068043177807,0.9948839403484121,15.950672635865848,state_action_local,1,inf,5,0.05,,,,,,,,
13,50,Uniform,15.869068043177807,0.9948839403484121,15.950672635865848,state_action_local,1,inf,5,0.05,,,,,,,,
13,55,Uniform,15.869068043177807,0.9948839403484121,15.950672635865848,state_action_local,1,inf,5,0.05,,,,,,,,
13,60,Uniform,15.869068043177807,0.9948839403484121,15.950672635865848,state_action_local,1,inf,5,0.05,,,,,,,,
13,65,Uniform,15.869068043177807,0.9948839403484121,15.950672635865848,state_action_local,1,inf,5,0.05,,,,,,,,
13,70,Uniform,15.915608000024376,0.9978016829357637,15.950672635865848,state_action_local,1,inf,5,0.05,,,,,,,,
13,75,Uniform,15.936217368481222,0.9990937518614655,15.950672635865848,state_action_local,1,inf,5,0.05,,,,,,,,
13,80,Uniform,15.936217368481222,0.9990937518614655,15.950672635865848,state_action_local,1,inf,5,0.05,,,,,,,,
13,85,Uniform,15.936217368481222,0.9990937518614655,15.950672635865848,state_action_local,1,inf,5,0.05,,,,,,,,
13,90,Uniform,15.936217368481222,0.9990937518614655,15.950672635865848,state_action_local,1,inf,5,0.05,,,,,,,,
13,95,Uniform,15.936217368481222,0.9990937518614655,15.950672635865848,state_action_local,1,inf,5,0.05,,,,,,,,
13,100,Uniform,15.936217368481222,0.9990937518614655,15.950672635865848,state_action_local,1,inf,5,0.05,,,,,,,,
13,105,Uniform,15.936217368481222,0.9990937518614655,15.950672635865848,state_action_local,1,inf,5,0.05,,,,,,,,
13,110,Uniform,15.936217368481222,0.9990937518614655,15.950672635865848,state_action_local,1,inf,5,0.05,,,,,,,,
13,115,Uniform,15.936217368481222,0.9990937518614655,15.950672635865848,state_action_local,1,inf,5,0.05,,,,,,,,
13,120,Uniform,15.936217368481222,0.9990937518614655,15.950672635865848,state_action_local,1,inf,5,0.05,,,,,,,,
13,125,Uniform,15.936217368481222,0.9990937518614655,15.950672635865848,state_action_local,1,inf,5,0.05,,,,,,,,
13,130,Uniform,15.936217368481222,0.9990937518614655,15.950672635865848,state_action_local,1,inf,5,0.05,,,,,,,,
13,135,Uniform,15.936217368481222,0.9990937518614655,15.950672635865848,state_action_local,1,inf,5,0.05,,,,,,,,
13,140,Uniform,15.936217368481222,0.9990937518614655,15.950672635865848,state_action_local,1,inf,5,0.05,,,,,,,,
13,145,Uniform,15.936217368481222,0.9990937518614655,15.950672635865848,state_action_local,1,inf,5,0.05,,,,,,,,
13,150,Uniform,15.936217368481222,0.9990937518614655,15.950672635865848,state_action_local,1,inf,5,0.05,,,,,,,,
13,155,Uniform,15.936217368481222,0.9990937518614655,15.950672635865848,state_action_local,1,inf,5,0.05,,,,,,,,
13,160,Uniform,15.936217368481222,0.9990937518614655,15.950672635865848,state_action_local,1,inf,5,0.05,,,,,,,,
13,165,Uniform,15.936217368481222,0.9990937518614655,15.950672635865848,state_action_local,1,inf,5,0.05,,,,,,,,
13,170,Uniform,15.936217368481222,0.9990937518614655,15.950672635865848,state_action_local,1,inf,5,0.05,,,,,,,,
13,175,Uniform,15.936217368481222,0.9990937518614655,15.950672635865848,state_action_local,1,inf,5,0.05,,,,,,,,
13,180,Uniform,15.936217368481222,0.9990937518614655,15.950672635865848,state_action_local,1,inf,5,0.05,,,,,,,,
13,185,Uniform,15.936217368481222,0.9990937518614655,15.950672635865848,state_action_local,1,inf,5,0.05,,,,,,,,
13,190,Uniform,15.936217368481222,0.9990937518614655,15.950672635865848,state_action_local,1,inf,5,0.05,,,,,,,,
13,195,Uniform,15.936217368481222,0.9990937518614655,15.950672635865848,state_action_local,1,inf,5,0.05,,,,,,,,
13,200,Uniform,15.936217368481222,0.9990937518614655,15.950672635865848,state_action_local,1,inf,5,0.05,,,,,,,,
13,-1,metadata,,,,state_action_local,1,inf,5,0.05,0.0,0.1,0.1000000000000001,0.1000000000000001,0.09297952604167688,0.04999999999999999,0.2,0.516127419364919
13,-1,metadata,,,,state_action_local,1,inf,5,0.05,1.0,0.2,0.2,0.2,0.1872362567936171,0.09999999999999998,0.2,0.25806499999455657
13,-1,metadata,,,,state_action_local,1,inf,5,0.05,2.0,0.4,0.4000000000000001,0.4000000000000001,0.3768352575669673,0.2,0.2,0.12903282257772183
13,-1,metadata,,,,state_action_local,1,inf,5,0.05,3.0,0.8,0.8,0.8,0.7618519494071911,0.3999999999999999,0.2,0.06451649193427422
13,-1,metadata,,,,state_action_local,1,inf,5,0.05,4.0,1.6,1.5999999999999999,1.5999999999999999,1.5163695259033645,0.7999999999999998,0.2,0.03225826612852825
14,1,Maximum-based,16.379934753620194,0.9665075469860913,16.947549767923242,state_action_local,1,inf,5,0.05,,,,,,,,
14,5,Maximum-based,16.379934753620194,0.9665075469860913,16.947549767923242,state_action_local,1,inf,5,0.05,,,,,,,,
14,10,Maximum-based,16.379934753620194,0.9665075469860913,16.947549767923242,state_action_local,1,inf,5,0.05,,,,,,,,
14,15,Maximum-based,16.379934753620194,0.9665075469860913,16.947549767923242,state_action_local,1,inf,5,0.05,,,,,,,,
14,20,Maximum-based,16.379934753620194,0.9665075469860913,16.947549767923242,state_action_local,1,inf,5,0.05,,,,,,,,
14,25,Maximum-based,16.379934753620194,0.9665075469860913,16.947549767923242,state_action_local,1,inf,5,0.05,,,,,,,,
14,30,Maximum-based,16.379934753620194,0.9665075469860913,16.947549767923242,state_action_local,1,inf,5,0.05,,,,,,,,
14,35,Maximum-based,16.379934753620194,0.9665075469860913,16.947549767923242,state_action_local,1,inf,5,0.05,,,,,,,,
14,40,Maximum-based,16.379934753620194,0.9665075469860913,16.947549767923242,state_action_local,1,inf,5,0.05,,,,,,,,
14,45,Maximum-based,16.379934753620194,0.9665075469860913,16.947549767923242,state_action_local,1,inf,5,0.05,,,,,,,,
14,50,Maximum-based,16.842361447422043,0.9937933021621633,16.947549767923242,state_action_local,1,inf,5,0.05,,,,,,,,
14,55,Maximum-based,16.842361447422043,0.9937933021621633,16.947549767923242,state_action_local,1,inf,5,0.05,,,,,,,,
14,60,Maximum-based,16.842361447422043,0.9937933021621633,16.947549767923242,state_action_local,1,inf,5,0.05,,,,,,,,
14,65,Maximum-based,16.842361447422043,0.9937933021621633,16.947549767923242,state_action_local,1,inf,5,0.05,,,,,,,,
14,70,Maximum-based,16.842361447422043,0.9937933021621633,16.947549767923242,state_action_local,1,inf,5,0.05,,,,,,,,
14,75,Maximum-based,16.842361447422043,0.9937933021621633,16.947549767923242,state_action_local,1,inf,5,0.05,,,,,,,,
14,80,Maximum-based,16.842361447422043,0.9937933021621633,16.947549767923242,state_action_local,1,inf,5,0.05,,,,,,,,
14,85,Maximum-based,16.842361447422043,0.9937933021621633,16.947549767923242,state_action_local,1,inf,5,0.05,,,,,,,,
14,90,Maximum-based,16.842361447422043,0.9937933021621633,16.947549767923242,state_action_local,1,inf,5,0.05,,,,,,,,
14,95,Maximum-based,16.842361447422043,0.9937933021621633,16.947549767923242,state_action_local,1,inf,5,0.05,,,,,,,,
14,100,Maximum-based,16.908181179365172,0.9976770336067942,16.947549767923242,state_action_local,1,inf,5,0.05,,,,,,,,
14,105,Maximum-based,16.927769194094072,0.9988328357727199,16.947549767923242,state_action_local,1,inf,5,0.05,,,,,,,,
14,110,Maximum-based,16.927769194094072,0.9988328357727199,16.947549767923242,state_action_local,1,inf,5,0.05,,,,,,,,
14,115,Maximum-based,16.927769194094072,0.9988328357727199,16.947549767923242,state_action_local,1,inf,5,0.05,,,,,,,,
14,120,Maximum-based,16.927769194094072,0.9988328357727199,16.947549767923242,state_action_local,1,inf,5,0.05,,,,,,,,
14,125,Maximum-based,16.927769194094072,0.9988328357727199,16.947549767923242,state_action_local,1,inf,5,0.05,,,,,,,,
14,130,Maximum-based,16.927769194094072,0.9988328357727199,16.947549767923242,state_action_local,1,inf,5,0.05,,,,,,,,
14,135,Maximum-based,16.927769194094072,0.9988328357727199,16.947549767923242,state_action_local,1,inf,5,0.05,,,,,,,,
14,140,Maximum-based,16.927769194094072,0.9988328357727199,16.947549767923242,state_action_local,1,inf,5,0.05,,,,,,,,
14,145,Maximum-based,16.927769194094072,0.9988328357727199,16.947549767923242,state_action_local,1,inf,5,0.05,,,,,,,,
14,150,Maximum-based,16.927769194094072,0.9988328357727199,16.947549767923242,state_action_local,1,inf,5,0.05,,,,,,,,
14,155,Maximum-based,16.927769194094072,0.9988328357727199,16.947549767923242,state_action_local,1,inf,5,0.05,,,,,,,,
14,160,Maximum-based,16.927769194094072,0.9988328357727199,16.947549767923242,state_action_local,1,inf,5,0.05,,,,,,,,
14,165,Maximum-based,16.927769194094072,0.9988328357727199,16.947549767923242,state_action_local,1,inf,5,0.05,,,,,,,,
14,170,Maximum-based,16.927769194094072,0.9988328357727199,16.947549767923242,state_action_local,1,inf,5,0.05,,,,,,,,
14,175,Maximum-based,16.927769194094072,0.9988328357727199,16.947549767923242,state_action_local,1,inf,5,0.05,,,,,,,,
14,180,Maximum-based,16.927769194094072,0.9988328357727199,16.947549767923242,state_action_local,1,inf,5,0.05,,,,,,,,
14,185,Maximum-based,16.927769194094072,0.9988328357727199,16.947549767923242,state_action_local,1,inf,5,0.05,,,,,,,,
14,190,Maximum-based,16.927769194094072,0.9988328357727199,16.947549767923242,state_action_local,1,inf,5,0.05,,,,,,,,
14,195,Maximum-based,16.927769194094072,0.9988328357727199,16.947549767923242,state_action_local,1,inf,5,0.05,,,,,,,,
14,200,Maximum-based,16.927769194094072,0.9988328357727199,16.947549767923242,state_action_local,1,inf,5,0.05,,,,,,,,
14,1,Similarity-aware,16.379934753620194,0.9665075469860913,16.947549767923242,state_action_local,1,inf,5,0.05,,,,,,,,
14,5,Similarity-aware,16.379934753620194,0.9665075469860913,16.947549767923242,state_action_local,1,inf,5,0.05,,,,,,,,
14,10,Similarity-aware,16.379934753620194,0.9665075469860913,16.947549767923242,state_action_local,1,inf,5,0.05,,,,,,,,
14,15,Similarity-aware,16.379934753620194,0.9665075469860913,16.947549767923242,state_action_local,1,inf,5,0.05,,,,,,,,
14,20,Similarity-aware,16.379934753620194,0.9665075469860913,16.947549767923242,state_action_local,1,inf,5,0.05,,,,,,,,
14,25,Similarity-aware,16.379934753620194,0.9665075469860913,16.947549767923242,state_action_local,1,inf,5,0.05,,,,,,,,
14,30,Similarity-aware,16.379934753620194,0.9665075469860913,16.947549767923242,state_action_local,1,inf,5,0.05,,,,,,,,
14,35,Similarity-aware,16.379934753620194,0.9665075469860913,16.947549767923242,state_action_local,1,inf,5,0.05,,,,,,,,
14,40,Similarity-aware,16.379934753620194,0.9665075469860913,16.947549767923242,state_action_local,1,inf,5,0.05,,,,,,,,
14,45,Similarity-aware,16.379934753620194,0.9665075469860913,16.947549767923242,state_action_local,1,inf,5,0.05,,,,,,,,
14,50,Similarity-aware,16.379934753620194,0.9665075469860913,16.947549767923242,state_action_local,1,inf,5,0.05,,,,,,,,
14,55,Similarity-aware,16.842361447422043,0.9937933021621633,16.947549767923242,state_action_local,1,inf,5,0.05,,,,,,,,
14,60,Similarity-aware,16.842361447422043,0.9937933021621633,16.947549767923242,state_action_local,1,inf,5,0.05,,,,,,,,
14,65,Similarity-aware,16.842361447422043,0.9937933021621633,16.947549767923242,state_action_local,1,inf,5,0.05,,,,,,,,
14,70,Similarity-aware,16.842361447422043,0.9937933021621633,16.947549767923242,state_action_local,1,inf,5,0.05,,,,,,,,
14,75,Similarity-aware,16.842361447422043,0.9937933021621633,16.947549767923242,state_action_local,1,inf,5,0.05,,,,,,,,
14,80,Similarity-aware,16.842361447422043,0.9937933021621633,16.947549767923242,state_action_local,1,inf,5,0.05,,,,,,,,
14,85,Similarity-aware,16.842361447422043,0.9937933021621633,16.947549767923242,state_action_local,1,inf,5,0.05,,,,,,,,
14,90,Similarity-aware,16.842361447422043,0.9937933021621633,16.947549767923242,state_action_local,1,inf,5,0.05,,,,,,,,
14,95,Similarity-aware,16.842361447422043,0.9937933021621633,16.947549767923242,state_action_local,1,inf,5,0.05,,,,,,,,
14,100,Similarity-aware,16.842361447422043,0.9937933021621633,16.947549767923242,state_action_local,1,inf,5,0.05,,,,,,,,
14,105,Similarity-aware,16.842361447422043,0.9937933021621633,16.947549767923242,state_action_local,1,inf,5,0.05,,,,,,,,
14,110,Similarity-aware,16.842361447422043,0.9937933021621633,16.947549767923242,state_action_local,1,inf,5,0.05,,,,,,,,
14,115,Similarity-aware,16.842361447422043,0.9937933021621633,16.947549767923242,state_action_local,1,inf,5,0.05,,,,,,,,
14,120,Similarity-aware,16.842361447422043,0.9937933021621633,16.947549767923242,state_action_local,1,inf,5,0.05,,,,,,,,
14,125,Similarity-aware,16.842361447422043,0.9937933021621633,16.947549767923242,state_action_local,1,inf,5,0.05,,,,,,,,
14,130,Similarity-aware,16.87662006970218,0.9958147520324554,16.947549767923242,state_action_local,1,inf,5,0.05,,,,,,,,
14,135,Similarity-aware,16.87662006970218,0.9958147520324554,16.947549767923242,state_action_local,1,inf,5,0.05,,,,,,,,
14,140,Similarity-aware,16.87662006970218,0.9958147520324554,16.947549767923242,state_action_local,1,inf,5,0.05,,,,,,,,
14,145,Similarity-aware,16.87662006970218,0.9958147520324554,16.947549767923242,state_action_local,1,inf,5,0.05,,,,,,,,
14,150,Similarity-aware,16.87662006970218,0.9958147520324554,16.947549767923242,state_action_local,1,inf,5,0.05,,,,,,,,
14,155,Similarity-aware,16.87662006970218,0.9958147520324554,16.947549767923242,state_action_local,1,inf,5,0.05,,,,,,,,
14,160,Similarity-aware,16.87662006970218,0.9958147520324554,16.947549767923242,state_action_local,1,inf,5,0.05,,,,,,,,
14,165,Similarity-aware,16.927769194094072,0.9988328357727199,16.947549767923242,state_action_local,1,inf,5,0.05,,,,,,,,
14,170,Similarity-aware,16.927769194094072,0.9988328357727199,16.947549767923242,state_action_local,1,inf,5,0.05,,,,,,,,
14,175,Similarity-aware,16.927769194094072,0.9988328357727199,16.947549767923242,state_action_local,1,inf,5,0.05,,,,,,,,
14,180,Similarity-aware,16.927769194094072,0.9988328357727199,16.947549767923242,state_action_local,1,inf,5,0.05,,,,,,,,
14,185,Similarity-aware,16.927769194094072,0.9988328357727199,16.947549767923242,state_action_local,1,inf,5,0.05,,,,,,,,
14,190,Similarity-aware,16.927769194094072,0.9988328357727199,16.947549767923242,state_action_local,1,inf,5,0.05,,,,,,,,
14,195,Similarity-aware,16.927769194094072,0.9988328357727199,16.947549767923242,state_action_local,1,inf,5,0.05,,,,,,,,
14,200,Similarity-aware,16.927769194094072,0.9988328357727199,16.947549767923242,state_action_local,1,inf,5,0.05,,,,,,,,
14,1,Uniform,16.379934753620194,0.9665075469860913,16.947549767923242,state_action_local,1,inf,5,0.05,,,,,,,,
14,5,Uniform,16.379934753620194,0.9665075469860913,16.947549767923242,state_action_local,1,inf,5,0.05,,,,,,,,
14,10,Uniform,16.379934753620194,0.9665075469860913,16.947549767923242,state_action_local,1,inf,5,0.05,,,,,,,,
14,15,Uniform,16.379934753620194,0.9665075469860913,16.947549767923242,state_action_local,1,inf,5,0.05,,,,,,,,
14,20,Uniform,16.379934753620194,0.9665075469860913,16.947549767923242,state_action_local,1,inf,5,0.05,,,,,,,,
14,25,Uniform,16.379934753620194,0.9665075469860913,16.947549767923242,state_action_local,1,inf,5,0.05,,,,,,,,
14,30,Uniform,16.379934753620194,0.9665075469860913,16.947549767923242,state_action_local,1,inf,5,0.05,,,,,,,,
14,35,Uniform,16.379934753620194,0.9665075469860913,16.947549767923242,state_action_local,1,inf,5,0.05,,,,,,,,
14,40,Uniform,16.379934753620194,0.9665075469860913,16.947549767923242,state_action_local,1,inf,5,0.05,,,,,,,,
14,45,Uniform,16.379934753620194,0.9665075469860913,16.947549767923242,state_action_local,1,inf,5,0.05,,,,,,,,
14,50,Uniform,16.379934753620194,0.9665075469860913,16.947549767923242,state_action_local,1,inf,5,0.05,,,,,,,,
14,55,Uniform,16.379934753620194,0.9665075469860913,16.947549767923242,state_action_local,1,inf,5,0.05,,,,,,,,
14,60,Uniform,16.379934753620194,0.9665075469860913,16.947549767923242,state_action_local,1,inf,5,0.05,,,,,,,,
14,65,Uniform,16.379934753620194,0.9665075469860913,16.947549767923242,state_action_local,1,inf,5,0.05,,,,,,,,
14,70,Uniform,16.379934753620194,0.9665075469860913,16.947549767923242,state_action_local,1,inf,5,0.05,,,,,,,,
14,75,Uniform,16.379934753620194,0.9665075469860913,16.947549767923242,state_action_local,1,inf,5,0.05,,,,,,,,
14,80,Uniform,16.379934753620194,0.9665075469860913,16.947549767923242,state_action_local,1,inf,5,0.05,,,,,,,,
14,85,Uniform,16.842361447422043,0.9937933021621633,16.947549767923242,state_action_local,1,inf,5,0.05,,,,,,,,
14,90,Uniform,16.842361447422043,0.9937933021621633,16.947549767923242,state_action_local,1,inf,5,0.05,,,,,,,,
14,95,Uniform,16.842361447422043,0.9937933021621633,16.947549767923242,state_action_local,1,inf,5,0.05,,,,,,,,
14,100,Uniform,16.842361447422043,0.9937933021621633,16.947549767923242,state_action_local,1,inf,5,0.05,,,,,,,,
14,105,Uniform,16.842361447422043,0.9937933021621633,16.947549767923242,state_action_local,1,inf,5,0.05,,,,,,,,
14,110,Uniform,16.842361447422043,0.9937933021621633,16.947549767923242,state_action_local,1,inf,5,0.05,,,,,,,,
14,115,Uniform,16.842361447422043,0.9937933021621633,16.947549767923242,state_action_local,1,inf,5,0.05,,,,,,,,
14,120,Uniform,16.842361447422043,0.9937933021621633,16.947549767923242,state_action_local,1,inf,5,0.05,,,,,,,,
14,125,Uniform,16.842361447422043,0.9937933021621633,16.947549767923242,state_action_local,1,inf,5,0.05,,,,,,,,
14,130,Uniform,16.842361447422043,0.9937933021621633,16.947549767923242,state_action_local,1,inf,5,0.05,,,,,,,,
14,135,Uniform,16.842361447422043,0.9937933021621633,16.947549767923242,state_action_local,1,inf,5,0.05,,,,,,,,
14,140,Uniform,16.842361447422043,0.9937933021621633,16.947549767923242,state_action_local,1,inf,5,0.05,,,,,,,,
14,145,Uniform,16.842361447422043,0.9937933021621633,16.947549767923242,state_action_local,1,inf,5,0.05,,,,,,,,
14,150,Uniform,16.842361447422043,0.9937933021621633,16.947549767923242,state_action_local,1,inf,5,0.05,,,,,,,,
14,155,Uniform,16.842361447422043,0.9937933021621633,16.947549767923242,state_action_local,1,inf,5,0.05,,,,,,,,
14,160,Uniform,16.842361447422043,0.9937933021621633,16.947549767923242,state_action_local,1,inf,5,0.05,,,,,,,,
14,165,Uniform,16.842361447422043,0.9937933021621633,16.947549767923242,state_action_local,1,inf,5,0.05,,,,,,,,
14,170,Uniform,16.842361447422043,0.9937933021621633,16.947549767923242,state_action_local,1,inf,5,0.05,,,,,,,,
14,175,Uniform,16.842361447422043,0.9937933021621633,16.947549767923242,state_action_local,1,inf,5,0.05,,,,,,,,
14,180,Uniform,16.842361447422043,0.9937933021621633,16.947549767923242,state_action_local,1,inf,5,0.05,,,,,,,,
14,185,Uniform,16.842361447422043,0.9937933021621633,16.947549767923242,state_action_local,1,inf,5,0.05,,,,,,,,
14,190,Uniform,16.842361447422043,0.9937933021621633,16.947549767923242,state_action_local,1,inf,5,0.05,,,,,,,,
14,195,Uniform,16.842361447422043,0.9937933021621633,16.947549767923242,state_action_local,1,inf,5,0.05,,,,,,,,
14,200,Uniform,16.842361447422043,0.9937933021621633,16.947549767923242,state_action_local,1,inf,5,0.05,,,,,,,,
14,-1,metadata,,,,state_action_local,1,inf,5,0.05,0.0,0.1,0.1000000000000001,0.1000000000000001,0.09537631933167812,0.04999999999999999,0.2,0.516127419364919
14,-1,metadata,,,,state_action_local,1,inf,5,0.05,1.0,0.2,0.20000000000000007,0.20000000000000007,0.19097780311067863,0.09999999999999998,0.2,0.25806499999455657
14,-1,metadata,,,,state_action_local,1,inf,5,0.05,2.0,0.4,0.4,0.4,0.3745092099113216,0.19999999999999996,0.2,0.12903282257772186
14,-1,metadata,,,,state_action_local,1,inf,5,0.05,3.0,0.8,0.7999999999999999,0.7999999999999999,0.7442459271985953,0.3999999999999999,0.2,0.06451649193427424
14,-1,metadata,,,,state_action_local,1,inf,5,0.05,4.0,1.6,1.6,1.6,1.5270351318852888,0.7999999999999998,0.2,0.032258266128528244
15,1,Maximum-based,15.609755483847133,0.9639564590235499,16.193423818809414,state_action_local,1,inf,5,0.05,,,,,,,,
15,5,Maximum-based,15.609755483847133,0.9639564590235499,16.193423818809414,state_action_local,1,inf,5,0.05,,,,,,,,
15,10,Maximum-based,15.951023549806143,0.9850309439365311,16.193423818809414,state_action_local,1,inf,5,0.05,,,,,,,,
15,15,Maximum-based,15.951023549806143,0.9850309439365311,16.193423818809414,state_action_local,1,inf,5,0.05,,,,,,,,
15,20,Maximum-based,15.951023549806143,0.9850309439365311,16.193423818809414,state_action_local,1,inf,5,0.05,,,,,,,,
15,25,Maximum-based,16.06333612627186,0.9919666344811867,16.193423818809414,state_action_local,1,inf,5,0.05,,,,,,,,
15,30,Maximum-based,16.06333612627186,0.9919666344811867,16.193423818809414,state_action_local,1,inf,5,0.05,,,,,,,,
15,35,Maximum-based,16.069480785968494,0.9923460884969271,16.193423818809414,state_action_local,1,inf,5,0.05,,,,,,,,
15,40,Maximum-based,16.069480785968494,0.9923460884969271,16.193423818809414,state_action_local,1,inf,5,0.05,,,,,,,,
15,45,Maximum-based,16.12555474212152,0.9958088494782023,16.193423818809414,state_action_local,1,inf,5,0.05,,,,,,,,
15,50,Maximum-based,16.12555474212152,0.9958088494782023,16.193423818809414,state_action_local,1,inf,5,0.05,,,,,,,,
15,55,Maximum-based,16.18551254468106,0.9995114514251665,16.193423818809414,state_action_local,1,inf,5,0.05,,,,,,,,
15,60,Maximum-based,16.18551254468106,0.9995114514251665,16.193423818809414,state_action_local,1,inf,5,0.05,,,,,,,,
15,65,Maximum-based,16.18551254468106,0.9995114514251665,16.193423818809414,state_action_local,1,inf,5,0.05,,,,,,,,
15,70,Maximum-based,16.18551254468106,0.9995114514251665,16.193423818809414,state_action_local,1,inf,5,0.05,,,,,,,,
15,75,Maximum-based,16.18551254468106,0.9995114514251665,16.193423818809414,state_action_local,1,inf,5,0.05,,,,,,,,
15,80,Maximum-based,16.193423818809414,1.0,16.193423818809414,state_action_local,1,inf,5,0.05,,,,,,,,
15,85,Maximum-based,16.193423818809414,1.0,16.193423818809414,state_action_local,1,inf,5,0.05,,,,,,,,
15,90,Maximum-based,16.193423818809414,1.0,16.193423818809414,state_action_local,1,inf,5,0.05,,,,,,,,
15,95,Maximum-based,16.193423818809414,1.0,16.193423818809414,state_action_local,1,inf,5,0.05,,,,,,,,
15,100,Maximum-based,16.193423818809414,1.0,16.193423818809414,state_action_local,1,inf,5,0.05,,,,,,,,
15,105,Maximum-based,16.193423818809414,1.0,16.193423818809414,state_action_local,1,inf,5,0.05,,,,,,,,
15,110,Maximum-based,16.193423818809414,1.0,16.193423818809414,state_action_local,1,inf,5,0.05,,,,,,,,
15,115,Maximum-based,16.193423818809414,1.0,16.193423818809414,state_action_local,1,inf,5,0.05,,,,,,,,
15,120,Maximum-based,16.193423818809414,1.0,16.193423818809414,state_action_local,1,inf,5,0.05,,,,,,,,
15,125,Maximum-based,16.193423818809414,1.0,16.193423818809414,state_action_local,1,inf,5,0.05,,,,,,,,
15,130,Maximum-based,16.193423818809414,1.0,16.193423818809414,state_action_local,1,inf,5,0.05,,,,,,,,
15,135,Maximum-based,16.193423818809414,1.0,16.193423818809414,state_action_local,1,inf,5,0.05,,,,,,,,
15,140,Maximum-based,16.193423818809414,1.0,16.193423818809414,state_action_local,1,inf,5,0.05,,,,,,,,
15,145,Maximum-based,16.193423818809414,1.0,16.193423818809414,state_action_local,1,inf,5,0.05,,,,,,,,
15,150,Maximum-based,16.193423818809414,1.0,16.193423818809414,state_action_local,1,inf,5,0.05,,,,,,,,
15,155,Maximum-based,16.193423818809414,1.0,16.193423818809414,state_action_local,1,inf,5,0.05,,,,,,,,
15,160,Maximum-based,16.193423818809414,1.0,16.193423818809414,state_action_local,1,inf,5,0.05,,,,,,,,
15,165,Maximum-based,16.193423818809414,1.0,16.193423818809414,state_action_local,1,inf,5,0.05,,,,,,,,
15,170,Maximum-based,16.193423818809414,1.0,16.193423818809414,state_action_local,1,inf,5,0.05,,,,,,,,
15,175,Maximum-based,16.193423818809414,1.0,16.193423818809414,state_action_local,1,inf,5,0.05,,,,,,,,
15,180,Maximum-based,16.193423818809414,1.0,16.193423818809414,state_action_local,1,inf,5,0.05,,,,,,,,
15,185,Maximum-based,16.193423818809414,1.0,16.193423818809414,state_action_local,1,inf,5,0.05,,,,,,,,
15,190,Maximum-based,16.193423818809414,1.0,16.193423818809414,state_action_local,1,inf,5,0.05,,,,,,,,
15,195,Maximum-based,16.193423818809414,1.0,16.193423818809414,state_action_local,1,inf,5,0.05,,,,,,,,
15,200,Maximum-based,16.193423818809414,1.0,16.193423818809414,state_action_local,1,inf,5,0.05,,,,,,,,
15,1,Similarity-aware,15.609755483847133,0.9639564590235499,16.193423818809414,state_action_local,1,inf,5,0.05,,,,,,,,
15,5,Similarity-aware,15.609755483847133,0.9639564590235499,16.193423818809414,state_action_local,1,inf,5,0.05,,,,,,,,
15,10,Similarity-aware,15.951023549806143,0.9850309439365311,16.193423818809414,state_action_local,1,inf,5,0.05,,,,,,,,
15,15,Similarity-aware,15.951023549806143,0.9850309439365311,16.193423818809414,state_action_local,1,inf,5,0.05,,,,,,,,
15,20,Similarity-aware,15.951023549806143,0.9850309439365311,16.193423818809414,state_action_local,1,inf,5,0.05,,,,,,,,
15,25,Similarity-aware,15.951023549806143,0.9850309439365311,16.193423818809414,state_action_local,1,inf,5,0.05,,,,,,,,
15,30,Similarity-aware,16.06333612627186,0.9919666344811867,16.193423818809414,state_action_local,1,inf,5,0.05,,,,,,,,
15,35,Similarity-aware,16.06333612627186,0.9919666344811867,16.193423818809414,state_action_local,1,inf,5,0.05,,,,,,,,
15,40,Similarity-aware,16.06333612627186,0.9919666344811867,16.193423818809414,state_action_local,1,inf,5,0.05,,,,,,,,
15,45,Similarity-aware,16.06333612627186,0.9919666344811867,16.193423818809414,state_action_local,1,inf,5,0.05,,,,,,,,
15,50,Similarity-aware,16.12051680772202,0.9954977395822426,16.193423818809414,state_action_local,1,inf,5,0.05,,,,,,,,
15,55,Similarity-aware,16.12051680772202,0.9954977395822426,16.193423818809414,state_action_local,1,inf,5,0.05,,,,,,,,
15,60,Similarity-aware,16.177903350329284,0.9990415573226644,16.193423818809414,state_action_local,1,inf,5,0.05,,,,,,,,
15,65,Similarity-aware,16.180219687980877,0.9991845991943223,16.193423818809414,state_action_local,1,inf,5,0.05,,,,,,,,
15,70,Similarity-aware,16.180219687980877,0.9991845991943223,16.193423818809414,state_action_local,1,inf,5,0.05,,,,,,,,
15,75,Similarity-aware,16.180219687980877,0.9991845991943223,16.193423818809414,state_action_local,1,inf,5,0.05,,,,,,,,
15,80,Similarity-aware,16.180219687980877,0.9991845991943223,16.193423818809414,state_action_local,1,inf,5,0.05,,,,,,,,
15,85,Similarity-aware,16.180219687980877,0.9991845991943223,16.193423818809414,state_action_local,1,inf,5,0.05,,,,,,,,
15,90,Similarity-aware,16.180219687980877,0.9991845991943223,16.193423818809414,state_action_local,1,inf,5,0.05,,,,,,,,
15,95,Similarity-aware,16.180219687980877,0.9991845991943223,16.193423818809414,state_action_local,1,inf,5,0.05,,,,,,,,
15,100,Similarity-aware,16.180219687980877,0.9991845991943223,16.193423818809414,state_action_local,1,inf,5,0.05,,,,,,,,
15,105,Similarity-aware,16.180219687980877,0.9991845991943223,16.193423818809414,state_action_local,1,inf,5,0.05,,,,,,,,
15,110,Similarity-aware,16.180219687980877,0.9991845991943223,16.193423818809414,state_action_local,1,inf,5,0.05,,,,,,,,
15,115,Similarity-aware,16.180219687980877,0.9991845991943223,16.193423818809414,state_action_local,1,inf,5,0.05,,,,,,,,
15,120,Similarity-aware,16.180219687980877,0.9991845991943223,16.193423818809414,state_action_local,1,inf,5,0.05,,,,,,,,
15,125,Similarity-aware,16.180219687980877,0.9991845991943223,16.193423818809414,state_action_local,1,inf,5,0.05,,,,,,,,
15,130,Similarity-aware,16.180219687980877,0.9991845991943223,16.193423818809414,state_action_local,1,inf,5,0.05,,,,,,,,
15,135,Similarity-aware,16.180219687980877,0.9991845991943223,16.193423818809414,state_action_local,1,inf,5,0.05,,,,,,,,
15,140,Similarity-aware,16.180219687980877,0.9991845991943223,16.193423818809414,state_action_local,1,inf,5,0.05,,,,,,,,
15,145,Similarity-aware,16.180219687980877,0.9991845991943223,16.193423818809414,state_action_local,1,inf,5,0.05,,,,,,,,
15,150,Similarity-aware,16.180219687980877,0.9991845991943223,16.193423818809414,state_action_local,1,inf,5,0.05,,,,,,,,
15,155,Similarity-aware,16.180219687980877,0.9991845991943223,16.193423818809414,state_action_local,1,inf,5,0.05,,,,,,,,
15,160,Similarity-aware,16.180219687980877,0.9991845991943223,16.193423818809414,state_action_local,1,inf,5,0.05,,,,,,,,
15,165,Similarity-aware,16.180219687980877,0.9991845991943223,16.193423818809414,state_action_local,1,inf,5,0.05,,,,,,,,
15,170,Similarity-aware,16.180219687980877,0.9991845991943223,16.193423818809414,state_action_local,1,inf,5,0.05,,,,,,,,
15,175,Similarity-aware,16.180219687980877,0.9991845991943223,16.193423818809414,state_action_local,1,inf,5,0.05,,,,,,,,
15,180,Similarity-aware,16.180219687980877,0.9991845991943223,16.193423818809414,state_action_local,1,inf,5,0.05,,,,,,,,
15,185,Similarity-aware,16.180219687980877,0.9991845991943223,16.193423818809414,state_action_local,1,inf,5,0.05,,,,,,,,
15,190,Similarity-aware,16.180219687980877,0.9991845991943223,16.193423818809414,state_action_local,1,inf,5,0.05,,,,,,,,
15,195,Similarity-aware,16.180219687980877,0.9991845991943223,16.193423818809414,state_action_local,1,inf,5,0.05,,,,,,,,
15,200,Similarity-aware,16.180219687980877,0.9991845991943223,16.193423818809414,state_action_local,1,inf,5,0.05,,,,,,,,
15,1,Uniform,15.609755483847133,0.9639564590235499,16.193423818809414,state_action_local,1,inf,5,0.05,,,,,,,,
15,5,Uniform,15.951023549806143,0.9850309439365311,16.193423818809414,state_action_local,1,inf,5,0.05,,,,,,,,
15,10,Uniform,15.951023549806143,0.9850309439365311,16.193423818809414,state_action_local,1,inf,5,0.05,,,,,,,,
15,15,Uniform,15.951023549806143,0.9850309439365311,16.193423818809414,state_action_local,1,inf,5,0.05,,,,,,,,
15,20,Uniform,15.951023549806143,0.9850309439365311,16.193423818809414,state_action_local,1,inf,5,0.05,,,,,,,,
15,25,Uniform,15.951023549806143,0.9850309439365311,16.193423818809414,state_action_local,1,inf,5,0.05,,,,,,,,
15,30,Uniform,15.951023549806143,0.9850309439365311,16.193423818809414,state_action_local,1,inf,5,0.05,,,,,,,,
15,35,Uniform,15.951023549806143,0.9850309439365311,16.193423818809414,state_action_local,1,inf,5,0.05,,,,,,,,
15,40,Uniform,15.951023549806143,0.9850309439365311,16.193423818809414,state_action_local,1,inf,5,0.05,,,,,,,,
15,45,Uniform,16.06333612627186,0.9919666344811867,16.193423818809414,state_action_local,1,inf,5,0.05,,,,,,,,
15,50,Uniform,16.06333612627186,0.9919666344811867,16.193423818809414,state_action_local,1,inf,5,0.05,,,,,,,,
15,55,Uniform,16.056785214630317,0.9915620930009634,16.193423818809414,state_action_local,1,inf,5,0.05,,,,,,,,
15,60,Uniform,16.056785214630317,0.9915620930009634,16.193423818809414,state_action_local,1,inf,5,0.05,,,,,,,,
15,65,Uniform,16.056785214630317,0.9915620930009634,16.193423818809414,state_action_local,1,inf,5,0.05,,,,,,,,
15,70,Uniform,16.11452891529206,0.9951279664881175,16.193423818809414,state_action_local,1,inf,5,0.05,,,,,,,,
15,75,Uniform,16.11452891529206,0.9951279664881175,16.193423818809414,state_action_local,1,inf,5,0.05,,,,,,,,
15,80,Uniform,16.11452891529206,0.9951279664881175,16.193423818809414,state_action_local,1,inf,5,0.05,,,,,,,,
15,85,Uniform,16.11452891529206,0.9951279664881175,16.193423818809414,state_action_local,1,inf,5,0.05,,,,,,,,
15,90,Uniform,16.177903350329284,0.9990415573226644,16.193423818809414,state_action_local,1,inf,5,0.05,,,,,,,,
15,95,Uniform,16.177903350329284,0.9990415573226644,16.193423818809414,state_action_local,1,inf,5,0.05,,,,,,,,
15,100,Uniform,16.177903350329284,0.9990415573226644,16.193423818809414,state_action_local,1,inf,5,0.05,,,,,,,,
15,105,Uniform,16.177903350329284,0.9990415573226644,16.193423818809414,state_action_local,1,inf,5,0.05,,,,,,,,
15,110,Uniform,16.177903350329284,0.9990415573226644,16.193423818809414,state_action_local,1,inf,5,0.05,,,,,,,,
15,115,Uniform,16.177903350329284,0.9990415573226644,16.193423818809414,state_action_local,1,inf,5,0.05,,,,,,,,
15,120,Uniform,16.177903350329284,0.9990415573226644,16.193423818809414,state_action_local,1,inf,5,0.05,,,,,,,,
15,125,Uniform,16.177903350329284,0.9990415573226644,16.193423818809414,state_action_local,1,inf,5,0.05,,,,,,,,
15,130,Uniform,16.177903350329284,0.9990415573226644,16.193423818809414,state_action_local,1,inf,5,0.05,,,,,,,,
15,135,Uniform,16.177903350329284,0.9990415573226644,16.193423818809414,state_action_local,1,inf,5,0.05,,,,,,,,
15,140,Uniform,16.177903350329284,0.9990415573226644,16.193423818809414,state_action_local,1,inf,5,0.05,,,,,,,,
15,145,Uniform,16.177903350329284,0.9990415573226644,16.193423818809414,state_action_local,1,inf,5,0.05,,,,,,,,
15,150,Uniform,16.177903350329284,0.9990415573226644,16.193423818809414,state_action_local,1,inf,5,0.05,,,,,,,,
15,155,Uniform,16.177903350329284,0.9990415573226644,16.193423818809414,state_action_local,1,inf,5,0.05,,,,,,,,
15,160,Uniform,16.177903350329284,0.9990415573226644,16.193423818809414,state_action_local,1,inf,5,0.05,,,,,,,,
15,165,Uniform,16.177903350329284,0.9990415573226644,16.193423818809414,state_action_local,1,inf,5,0.05,,,,,,,,
15,170,Uniform,16.177903350329284,0.9990415573226644,16.193423818809414,state_action_local,1,inf,5,0.05,,,,,,,,
15,175,Uniform,16.177903350329284,0.9990415573226644,16.193423818809414,state_action_local,1,inf,5,0.05,,,,,,,,
15,180,Uniform,16.177903350329284,0.9990415573226644,16.193423818809414,state_action_local,1,inf,5,0.05,,,,,,,,
15,185,Uniform,16.177903350329284,0.9990415573226644,16.193423818809414,state_action_local,1,inf,5,0.05,,,,,,,,
15,190,Uniform,16.177903350329284,0.9990415573226644,16.193423818809414,state_action_local,1,inf,5,0.05,,,,,,,,
15,195,Uniform,16.177903350329284,0.9990415573226644,16.193423818809414,state_action_local,1,inf,5,0.05,,,,,,,,
15,200,Uniform,16.177903350329284,0.9990415573226644,16.193423818809414,state_action_local,1,inf,5,0.05,,,,,,,,
15,-1,metadata,,,,state_action_local,1,inf,5,0.05,0.0,0.1,0.1000000000000001,0.1000000000000001,0.09238495203762882,0.04999999999999999,0.2,0.516127419364919
15,-1,metadata,,,,state_action_local,1,inf,5,0.05,1.0,0.2,0.20000000000000004,0.20000000000000004,0.18945075423219487,0.09999999999999998,0.2,0.25806499999455657
15,-1,metadata,,,,state_action_local,1,inf,5,0.05,2.0,0.4,0.4,0.4,0.37871073150939955,0.19999999999999996,0.2,0.12903282257772186
15,-1,metadata,,,,state_action_local,1,inf,5,0.05,3.0,0.8,0.8,0.8,0.7522016883918743,0.3999999999999999,0.2,0.06451649193427422
15,-1,metadata,,,,state_action_local,1,inf,5,0.05,4.0,1.6,1.6,1.6,1.533825552720574,0.7999999999999998,0.2,0.032258266128528244
16,1,Maximum-based,16.477769079006116,0.9789847037120389,16.83148778170586,state_action_local,1,inf,5,0.05,,,,,,,,
16,5,Maximum-based,16.61976238289878,0.987420874402012,16.83148778170586,state_action_local,1,inf,5,0.05,,,,,,,,
16,10,Maximum-based,16.71230829843778,0.9929192543871483,16.83148778170586,state_action_local,1,inf,5,0.05,,,,,,,,
16,15,Maximum-based,16.71230829843778,0.9929192543871483,16.83148778170586,state_action_local,1,inf,5,0.05,,,,,,,,
16,20,Maximum-based,16.722796087685186,0.9935423596873705,16.83148778170586,state_action_local,1,inf,5,0.05,,,,,,,,
16,25,Maximum-based,16.739087261702192,0.9945102583204737,16.83148778170586,state_action_local,1,inf,5,0.05,,,,,,,,
16,30,Maximum-based,16.761163810943465,0.9958218802951674,16.83148778170586,state_action_local,1,inf,5,0.05,,,,,,,,
16,35,Maximum-based,16.761163810943465,0.9958218802951674,16.83148778170586,state_action_local,1,inf,5,0.05,,,,,,,,
16,40,Maximum-based,16.761163810943465,0.9958218802951674,16.83148778170586,state_action_local,1,inf,5,0.05,,,,,,,,
16,45,Maximum-based,16.761163810943465,0.9958218802951674,16.83148778170586,state_action_local,1,inf,5,0.05,,,,,,,,
16,50,Maximum-based,16.777754970288395,0.9968076017928809,16.83148778170586,state_action_local,1,inf,5,0.05,,,,,,,,
16,55,Maximum-based,16.777754970288395,0.9968076017928809,16.83148778170586,state_action_local,1,inf,5,0.05,,,,,,,,
16,60,Maximum-based,16.777754970288395,0.9968076017928809,16.83148778170586,state_action_local,1,inf,5,0.05,,,,,,,,
16,65,Maximum-based,16.777754970288395,0.9968076017928809,16.83148778170586,state_action_local,1,inf,5,0.05,,,,,,,,
16,70,Maximum-based,16.777754970288395,0.9968076017928809,16.83148778170586,state_action_local,1,inf,5,0.05,,,,,,,,
16,75,Maximum-based,16.786460616258676,0.9973248255869499,16.83148778170586,state_action_local,1,inf,5,0.05,,,,,,,,
16,80,Maximum-based,16.830747188413138,0.9999559995347811,16.83148778170586,state_action_local,1,inf,5,0.05,,,,,,,,
16,85,Maximum-based,16.830747188413138,0.9999559995347811,16.83148778170586,state_action_local,1,inf,5,0.05,,,,,,,,
16,90,Maximum-based,16.830747188413138,0.9999559995347811,16.83148778170586,state_action_local,1,inf,5,0.05,,,,,,,,
16,95,Maximum-based,16.830747188413138,0.9999559995347811,16.83148778170586,state_action_local,1,inf,5,0.05,,,,,,,,
16,100,Maximum-based,16.830747188413138,0.9999559995347811,16.83148778170586,state_action_local,1,inf,5,0.05,,,,,,,,
16,105,Maximum-based,16.830747188413138,0.9999559995347811,16.83148778170586,state_action_local,1,inf,5,0.05,,,,,,,,
16,110,Maximum-based,16.830747188413138,0.9999559995347811,16.83148778170586,state_action_local,1,inf,5,0.05,,,,,,,,
16,115,Maximum-based,16.830747188413138,0.9999559995347811,16.83148778170586,state_action_local,1,inf,5,0.05,,,,,,,,
16,120,Maximum-based,16.830747188413138,0.9999559995347811,16.83148778170586,state_action_local,1,inf,5,0.05,,,,,,,,
16,125,Maximum-based,16.830747188413138,0.9999559995347811,16.83148778170586,state_action_local,1,inf,5,0.05,,,,,,,,
16,130,Maximum-based,16.830747188413138,0.9999559995347811,16.83148778170586,state_action_local,1,inf,5,0.05,,,,,,,,
16,135,Maximum-based,16.830747188413138,0.9999559995347811,16.83148778170586,state_action_local,1,inf,5,0.05,,,,,,,,
16,140,Maximum-based,16.830747188413138,0.9999559995347811,16.83148778170586,state_action_local,1,inf,5,0.05,,,,,,,,
16,145,Maximum-based,16.830747188413138,0.9999559995347811,16.83148778170586,state_action_local,1,inf,5,0.05,,,,,,,,
16,150,Maximum-based,16.830747188413138,0.9999559995347811,16.83148778170586,state_action_local,1,inf,5,0.05,,,,,,,,
16,155,Maximum-based,16.830747188413138,0.9999559995347811,16.83148778170586,state_action_local,1,inf,5,0.05,,,,,,,,
16,160,Maximum-based,16.830747188413138,0.9999559995347811,16.83148778170586,state_action_local,1,inf,5,0.05,,,,,,,,
16,165,Maximum-based,16.830747188413138,0.9999559995347811,16.83148778170586,state_action_local,1,inf,5,0.05,,,,,,,,
16,170,Maximum-based,16.830747188413138,0.9999559995347811,16.83148778170586,state_action_local,1,inf,5,0.05,,,,,,,,
16,175,Maximum-based,16.830747188413138,0.9999559995347811,16.83148778170586,state_action_local,1,inf,5,0.05,,,,,,,,
16,180,Maximum-based,16.830747188413138,0.9999559995347811,16.83148778170586,state_action_local,1,inf,5,0.05,,,,,,,,
16,185,Maximum-based,16.830747188413138,0.9999559995347811,16.83148778170586,state_action_local,1,inf,5,0.05,,,,,,,,
16,190,Maximum-based,16.830747188413138,0.9999559995347811,16.83148778170586,state_action_local,1,inf,5,0.05,,,,,,,,
16,195,Maximum-based,16.830747188413138,0.9999559995347811,16.83148778170586,state_action_local,1,inf,5,0.05,,,,,,,,
16,200,Maximum-based,16.830747188413138,0.9999559995347811,16.83148778170586,state_action_local,1,inf,5,0.05,,,,,,,,
16,1,Similarity-aware,16.477769079006116,0.9789847037120389,16.83148778170586,state_action_local,1,inf,5,0.05,,,,,,,,
16,5,Similarity-aware,16.61976238289878,0.987420874402012,16.83148778170586,state_action_local,1,inf,5,0.05,,,,,,,,
16,10,Similarity-aware,16.71230829843778,0.9929192543871483,16.83148778170586,state_action_local,1,inf,5,0.05,,,,,,,,
16,15,Similarity-aware,16.71230829843778,0.9929192543871483,16.83148778170586,state_action_local,1,inf,5,0.05,,,,,,,,
16,20,Similarity-aware,16.71230829843778,0.9929192543871483,16.83148778170586,state_action_local,1,inf,5,0.05,,,,,,,,
16,25,Similarity-aware,16.73655241733908,0.9943596569953866,16.83148778170586,state_action_local,1,inf,5,0.05,,,,,,,,
16,30,Similarity-aware,16.753296917400498,0.9953544888414233,16.83148778170586,state_action_local,1,inf,5,0.05,,,,,,,,
16,35,Similarity-aware,16.777754970288395,0.9968076017928809,16.83148778170586,state_action_local,1,inf,5,0.05,,,,,,,,
16,40,Similarity-aware,16.777754970288395,0.9968076017928809,16.83148778170586,state_action_local,1,inf,5,0.05,,,,,,,,
16,45,Similarity-aware,16.777754970288395,0.9968076017928809,16.83148778170586,state_action_local,1,inf,5,0.05,,,,,,,,
16,50,Similarity-aware,16.777754970288395,0.9968076017928809,16.83148778170586,state_action_local,1,inf,5,0.05,,,,,,,,
16,55,Similarity-aware,16.777754970288395,0.9968076017928809,16.83148778170586,state_action_local,1,inf,5,0.05,,,,,,,,
16,60,Similarity-aware,16.777754970288395,0.9968076017928809,16.83148778170586,state_action_local,1,inf,5,0.05,,,,,,,,
16,65,Similarity-aware,16.777754970288395,0.9968076017928809,16.83148778170586,state_action_local,1,inf,5,0.05,,,,,,,,
16,70,Similarity-aware,16.777754970288395,0.9968076017928809,16.83148778170586,state_action_local,1,inf,5,0.05,,,,,,,,
16,75,Similarity-aware,16.777754970288395,0.9968076017928809,16.83148778170586,state_action_local,1,inf,5,0.05,,,,,,,,
16,80,Similarity-aware,16.777754970288395,0.9968076017928809,16.83148778170586,state_action_local,1,inf,5,0.05,,,,,,,,
16,85,Similarity-aware,16.777754970288395,0.9968076017928809,16.83148778170586,state_action_local,1,inf,5,0.05,,,,,,,,
16,90,Similarity-aware,16.825725653856743,0.9996576578420251,16.83148778170586,state_action_local,1,inf,5,0.05,,,,,,,,
16,95,Similarity-aware,16.825725653856743,0.9996576578420251,16.83148778170586,state_action_local,1,inf,5,0.05,,,,,,,,
16,100,Similarity-aware,16.825725653856743,0.9996576578420251,16.83148778170586,state_action_local,1,inf,5,0.05,,,,,,,,
16,105,Similarity-aware,16.825725653856743,0.9996576578420251,16.83148778170586,state_action_local,1,inf,5,0.05,,,,,,,,
16,110,Similarity-aware,16.825725653856743,0.9996576578420251,16.83148778170586,state_action_local,1,inf,5,0.05,,,,,,,,
16,115,Similarity-aware,16.825725653856743,0.9996576578420251,16.83148778170586,state_action_local,1,inf,5,0.05,,,,,,,,
16,120,Similarity-aware,16.825725653856743,0.9996576578420251,16.83148778170586,state_action_local,1,inf,5,0.05,,,,,,,,
16,125,Similarity-aware,16.825725653856743,0.9996576578420251,16.83148778170586,state_action_local,1,inf,5,0.05,,,,,,,,
16,130,Similarity-aware,16.825725653856743,0.9996576578420251,16.83148778170586,state_action_local,1,inf,5,0.05,,,,,,,,
16,135,Similarity-aware,16.825725653856743,0.9996576578420251,16.83148778170586,state_action_local,1,inf,5,0.05,,,,,,,,
16,140,Similarity-aware,16.825725653856743,0.9996576578420251,16.83148778170586,state_action_local,1,inf,5,0.05,,,,,,,,
16,145,Similarity-aware,16.825725653856743,0.9996576578420251,16.83148778170586,state_action_local,1,inf,5,0.05,,,,,,,,
16,150,Similarity-aware,16.825725653856743,0.9996576578420251,16.83148778170586,state_action_local,1,inf,5,0.05,,,,,,,,
16,155,Similarity-aware,16.825725653856743,0.9996576578420251,16.83148778170586,state_action_local,1,inf,5,0.05,,,,,,,,
16,160,Similarity-aware,16.825725653856743,0.9996576578420251,16.83148778170586,state_action_local,1,inf,5,0.05,,,,,,,,
16,165,Similarity-aware,16.825725653856743,0.9996576578420251,16.83148778170586,state_action_local,1,inf,5,0.05,,,,,,,,
16,170,Similarity-aware,16.825725653856743,0.9996576578420251,16.83148778170586,state_action_local,1,inf,5,0.05,,,,,,,,
16,175,Similarity-aware,16.825725653856743,0.9996576578420251,16.83148778170586,state_action_local,1,inf,5,0.05,,,,,,,,
16,180,Similarity-aware,16.825725653856743,0.9996576578420251,16.83148778170586,state_action_local,1,inf,5,0.05,,,,,,,,
16,185,Similarity-aware,16.825725653856743,0.9996576578420251,16.83148778170586,state_action_local,1,inf,5,0.05,,,,,,,,
16,190,Similarity-aware,16.825725653856743,0.9996576578420251,16.83148778170586,state_action_local,1,inf,5,0.05,,,,,,,,
16,195,Similarity-aware,16.825725653856743,0.9996576578420251,16.83148778170586,state_action_local,1,inf,5,0.05,,,,,,,,
16,200,Similarity-aware,16.825725653856743,0.9996576578420251,16.83148778170586,state_action_local,1,inf,5,0.05,,,,,,,,
16,1,Uniform,16.477769079006116,0.9789847037120389,16.83148778170586,state_action_local,1,inf,5,0.05,,,,,,,,
16,5,Uniform,16.61976238289878,0.987420874402012,16.83148778170586,state_action_local,1,inf,5,0.05,,,,,,,,
16,10,Uniform,16.71230829843778,0.9929192543871483,16.83148778170586,state_action_local,1,inf,5,0.05,,,,,,,,
16,15,Uniform,16.71230829843778,0.9929192543871483,16.83148778170586,state_action_local,1,inf,5,0.05,,,,,,,,
16,20,Uniform,16.71230829843778,0.9929192543871483,16.83148778170586,state_action_local,1,inf,5,0.05,,,,,,,,
16,25,Uniform,16.71230829843778,0.9929192543871483,16.83148778170586,state_action_local,1,inf,5,0.05,,,,,,,,
16,30,Uniform,16.71230829843778,0.9929192543871483,16.83148778170586,state_action_local,1,inf,5,0.05,,,,,,,,
16,35,Uniform,16.71230829843778,0.9929192543871483,16.83148778170586,state_action_local,1,inf,5,0.05,,,,,,,,
16,40,Uniform,16.71230829843778,0.9929192543871483,16.83148778170586,state_action_local,1,inf,5,0.05,,,,,,,,
16,45,Uniform,16.7309272620876,0.9940254527156204,16.83148778170586,state_action_local,1,inf,5,0.05,,,,,,,,
16,50,Uniform,16.7309272620876,0.9940254527156204,16.83148778170586,state_action_local,1,inf,5,0.05,,,,,,,,
16,55,Uniform,16.753296917400498,0.9953544888414233,16.83148778170586,state_action_local,1,inf,5,0.05,,,,,,,,
16,60,Uniform,16.753296917400498,0.9953544888414233,16.83148778170586,state_action_local,1,inf,5,0.05,,,,,,,,
16,65,Uniform,16.753296917400498,0.9953544888414233,16.83148778170586,state_action_local,1,inf,5,0.05,,,,,,,,
16,70,Uniform,16.753296917400498,0.9953544888414233,16.83148778170586,state_action_local,1,inf,5,0.05,,,,,,,,
16,75,Uniform,16.753296917400498,0.9953544888414233,16.83148778170586,state_action_local,1,inf,5,0.05,,,,,,,,
16,80,Uniform,16.753296917400498,0.9953544888414233,16.83148778170586,state_action_local,1,inf,5,0.05,,,,,,,,
16,85,Uniform,16.753296917400498,0.9953544888414233,16.83148778170586,state_action_local,1,inf,5,0.05,,,,,,,,
16,90,Uniform,16.777754970288395,0.9968076017928809,16.83148778170586,state_action_local,1,inf,5,0.05,,,,,,,,
16,95,Uniform,16.777754970288395,0.9968076017928809,16.83148778170586,state_action_local,1,inf,5,0.05,,,,,,,,
16,100,Uniform,16.777754970288395,0.9968076017928809,16.83148778170586,state_action_local,1,inf,5,0.05,,,,,,,,
16,105,Uniform,16.777754970288395,0.9968076017928809,16.83148778170586,state_action_local,1,inf,5,0.05,,,,,,,,
16,110,Uniform,16.777754970288395,0.9968076017928809,16.83148778170586,state_action_local,1,inf,5,0.05,,,,,,,,
16,115,Uniform,16.777754970288395,0.9968076017928809,16.83148778170586,state_action_local,1,inf,5,0.05,,,,,,,,
16,120,Uniform,16.777754970288395,0.9968076017928809,16.83148778170586,state_action_local,1,inf,5,0.05,,,,,,,,
16,125,Uniform,16.777754970288395,0.9968076017928809,16.83148778170586,state_action_local,1,inf,5,0.05,,,,,,,,
16,130,Uniform,16.777754970288395,0.9968076017928809,16.83148778170586,state_action_local,1,inf,5,0.05,,,,,,,,
16,135,Uniform,16.777754970288395,0.9968076017928809,16.83148778170586,state_action_local,1,inf,5,0.05,,,,,,,,
16,140,Uniform,16.777754970288395,0.9968076017928809,16.83148778170586,state_action_local,1,inf,5,0.05,,,,,,,,
16,145,Uniform,16.777754970288395,0.9968076017928809,16.83148778170586,state_action_local,1,inf,5,0.05,,,,,,,,
16,150,Uniform,16.777754970288395,0.9968076017928809,16.83148778170586,state_action_local,1,inf,5,0.05,,,,,,,,
16,155,Uniform,16.777754970288395,0.9968076017928809,16.83148778170586,state_action_local,1,inf,5,0.05,,,,,,,,
16,160,Uniform,16.777754970288395,0.9968076017928809,16.83148778170586,state_action_local,1,inf,5,0.05,,,,,,,,
16,165,Uniform,16.777754970288395,0.9968076017928809,16.83148778170586,state_action_local,1,inf,5,0.05,,,,,,,,
16,170,Uniform,16.777754970288395,0.9968076017928809,16.83148778170586,state_action_local,1,inf,5,0.05,,,,,,,,
16,175,Uniform,16.777754970288395,0.9968076017928809,16.83148778170586,state_action_local,1,inf,5,0.05,,,,,,,,
16,180,Uniform,16.777754970288395,0.9968076017928809,16.83148778170586,state_action_local,1,inf,5,0.05,,,,,,,,
16,185,Uniform,16.777754970288395,0.9968076017928809,16.83148778170586,state_action_local,1,inf,5,0.05,,,,,,,,
16,190,Uniform,16.777754970288395,0.9968076017928809,16.83148778170586,state_action_local,1,inf,5,0.05,,,,,,,,
16,195,Uniform,16.777754970288395,0.9968076017928809,16.83148778170586,state_action_local,1,inf,5,0.05,,,,,,,,
16,200,Uniform,16.777754970288395,0.9968076017928809,16.83148778170586,state_action_local,1,inf,5,0.05,,,,,,,,
16,-1,metadata,,,,state_action_local,1,inf,5,0.05,0.0,0.1,0.10000000000000012,0.10000000000000012,0.09514418087667889,0.04999999999999999,0.2,0.516127419364919
16,-1,metadata,,,,state_action_local,1,inf,5,0.05,1.0,0.2,0.2,0.2,0.1884916474100677,0.09999999999999998,0.2,0.25806499999455657
16,-1,metadata,,,,state_action_local,1,inf,5,0.05,2.0,0.4,0.4,0.4,0.38377426180202534,0.19999999999999996,0.2,0.12903282257772186
16,-1,metadata,,,,state_action_local,1,inf,5,0.05,3.0,0.8,0.7999999999999999,0.7999999999999999,0.7523854296175396,0.3999999999999999,0.2,0.06451649193427424
16,-1,metadata,,,,state_action_local,1,inf,5,0.05,4.0,1.6,1.5999999999999999,1.5999999999999999,1.4915843789145404,0.7999999999999998,0.2,0.03225826612852825
17,1,Maximum-based,15.840493283884665,0.9872116373559989,16.045691404438355,state_action_local,1,inf,5,0.05,,,,,,,,
17,5,Maximum-based,15.966407366069669,0.9950588580840615,16.045691404438355,state_action_local,1,inf,5,0.05,,,,,,,,
17,10,Maximum-based,16.041372560195516,0.9997308408759722,16.045691404438355,state_action_local,1,inf,5,0.05,,,,,,,,
17,15,Maximum-based,16.041372560195516,0.9997308408759722,16.045691404438355,state_action_local,1,inf,5,0.05,,,,,,,,
17,20,Maximum-based,16.041372560195516,0.9997308408759722,16.045691404438355,state_action_local,1,inf,5,0.05,,,,,,,,
17,25,Maximum-based,16.041372560195516,0.9997308408759722,16.045691404438355,state_action_local,1,inf,5,0.05,,,,,,,,
17,30,Maximum-based,16.041372560195516,0.9997308408759722,16.045691404438355,state_action_local,1,inf,5,0.05,,,,,,,,
17,35,Maximum-based,16.045691404438355,1.0,16.045691404438355,state_action_local,1,inf,5,0.05,,,,,,,,
17,40,Maximum-based,16.045691404438355,1.0,16.045691404438355,state_action_local,1,inf,5,0.05,,,,,,,,
17,45,Maximum-based,16.045691404438355,1.0,16.045691404438355,state_action_local,1,inf,5,0.05,,,,,,,,
17,50,Maximum-based,16.045691404438355,1.0,16.045691404438355,state_action_local,1,inf,5,0.05,,,,,,,,
17,55,Maximum-based,16.045691404438355,1.0,16.045691404438355,state_action_local,1,inf,5,0.05,,,,,,,,
17,60,Maximum-based,16.045691404438355,1.0,16.045691404438355,state_action_local,1,inf,5,0.05,,,,,,,,
17,65,Maximum-based,16.045691404438355,1.0,16.045691404438355,state_action_local,1,inf,5,0.05,,,,,,,,
17,70,Maximum-based,16.045691404438355,1.0,16.045691404438355,state_action_local,1,inf,5,0.05,,,,,,,,
17,75,Maximum-based,16.045691404438355,1.0,16.045691404438355,state_action_local,1,inf,5,0.05,,,,,,,,
17,80,Maximum-based,16.045691404438355,1.0,16.045691404438355,state_action_local,1,inf,5,0.05,,,,,,,,
17,85,Maximum-based,16.045691404438355,1.0,16.045691404438355,state_action_local,1,inf,5,0.05,,,,,,,,
17,90,Maximum-based,16.045691404438355,1.0,16.045691404438355,state_action_local,1,inf,5,0.05,,,,,,,,
17,95,Maximum-based,16.045691404438355,1.0,16.045691404438355,state_action_local,1,inf,5,0.05,,,,,,,,
17,100,Maximum-based,16.045691404438355,1.0,16.045691404438355,state_action_local,1,inf,5,0.05,,,,,,,,
17,105,Maximum-based,16.045691404438355,1.0,16.045691404438355,state_action_local,1,inf,5,0.05,,,,,,,,
17,110,Maximum-based,16.045691404438355,1.0,16.045691404438355,state_action_local,1,inf,5,0.05,,,,,,,,
17,115,Maximum-based,16.045691404438355,1.0,16.045691404438355,state_action_local,1,inf,5,0.05,,,,,,,,
17,120,Maximum-based,16.045691404438355,1.0,16.045691404438355,state_action_local,1,inf,5,0.05,,,,,,,,
17,125,Maximum-based,16.045691404438355,1.0,16.045691404438355,state_action_local,1,inf,5,0.05,,,,,,,,
17,130,Maximum-based,16.045691404438355,1.0,16.045691404438355,state_action_local,1,inf,5,0.05,,,,,,,,
17,135,Maximum-based,16.045691404438355,1.0,16.045691404438355,state_action_local,1,inf,5,0.05,,,,,,,,
17,140,Maximum-based,16.045691404438355,1.0,16.045691404438355,state_action_local,1,inf,5,0.05,,,,,,,,
17,145,Maximum-based,16.045691404438355,1.0,16.045691404438355,state_action_local,1,inf,5,0.05,,,,,,,,
17,150,Maximum-based,16.045691404438355,1.0,16.045691404438355,state_action_local,1,inf,5,0.05,,,,,,,,
17,155,Maximum-based,16.045691404438355,1.0,16.045691404438355,state_action_local,1,inf,5,0.05,,,,,,,,
17,160,Maximum-based,16.045691404438355,1.0,16.045691404438355,state_action_local,1,inf,5,0.05,,,,,,,,
17,165,Maximum-based,16.045691404438355,1.0,16.045691404438355,state_action_local,1,inf,5,0.05,,,,,,,,
17,170,Maximum-based,16.045691404438355,1.0,16.045691404438355,state_action_local,1,inf,5,0.05,,,,,,,,
17,175,Maximum-based,16.045691404438355,1.0,16.045691404438355,state_action_local,1,inf,5,0.05,,,,,,,,
17,180,Maximum-based,16.045691404438355,1.0,16.045691404438355,state_action_local,1,inf,5,0.05,,,,,,,,
17,185,Maximum-based,16.045691404438355,1.0,16.045691404438355,state_action_local,1,inf,5,0.05,,,,,,,,
17,190,Maximum-based,16.045691404438355,1.0,16.045691404438355,state_action_local,1,inf,5,0.05,,,,,,,,
17,195,Maximum-based,16.045691404438355,1.0,16.045691404438355,state_action_local,1,inf,5,0.05,,,,,,,,
17,200,Maximum-based,16.045691404438355,1.0,16.045691404438355,state_action_local,1,inf,5,0.05,,,,,,,,
17,1,Similarity-aware,15.840493283884665,0.9872116373559989,16.045691404438355,state_action_local,1,inf,5,0.05,,,,,,,,
17,5,Similarity-aware,15.966407366069669,0.9950588580840615,16.045691404438355,state_action_local,1,inf,5,0.05,,,,,,,,
17,10,Similarity-aware,15.966407366069669,0.9950588580840615,16.045691404438355,state_action_local,1,inf,5,0.05,,,,,,,,
17,15,Similarity-aware,16.041372560195516,0.9997308408759722,16.045691404438355,state_action_local,1,inf,5,0.05,,,,,,,,
17,20,Similarity-aware,16.041372560195516,0.9997308408759722,16.045691404438355,state_action_local,1,inf,5,0.05,,,,,,,,
17,25,Similarity-aware,16.041372560195516,0.9997308408759722,16.045691404438355,state_action_local,1,inf,5,0.05,,,,,,,,
17,30,Similarity-aware,16.041372560195516,0.9997308408759722,16.045691404438355,state_action_local,1,inf,5,0.05,,,,,,,,
17,35,Similarity-aware,16.041372560195516,0.9997308408759722,16.045691404438355,state_action_local,1,inf,5,0.05,,,,,,,,
17,40,Similarity-aware,16.041372560195516,0.9997308408759722,16.045691404438355,state_action_local,1,inf,5,0.05,,,,,,,,
17,45,Similarity-aware,16.041372560195516,0.9997308408759722,16.045691404438355,state_action_local,1,inf,5,0.05,,,,,,,,
17,50,Similarity-aware,16.045691404438355,1.0,16.045691404438355,state_action_local,1,inf,5,0.05,,,,,,,,
17,55,Similarity-aware,16.045691404438355,1.0,16.045691404438355,state_action_local,1,inf,5,0.05,,,,,,,,
17,60,Similarity-aware,16.045691404438355,1.0,16.045691404438355,state_action_local,1,inf,5,0.05,,,,,,,,
17,65,Similarity-aware,16.045691404438355,1.0,16.045691404438355,state_action_local,1,inf,5,0.05,,,,,,,,
17,70,Similarity-aware,16.045691404438355,1.0,16.045691404438355,state_action_local,1,inf,5,0.05,,,,,,,,
17,75,Similarity-aware,16.045691404438355,1.0,16.045691404438355,state_action_local,1,inf,5,0.05,,,,,,,,
17,80,Similarity-aware,16.045691404438355,1.0,16.045691404438355,state_action_local,1,inf,5,0.05,,,,,,,,
17,85,Similarity-aware,16.045691404438355,1.0,16.045691404438355,state_action_local,1,inf,5,0.05,,,,,,,,
17,90,Similarity-aware,16.045691404438355,1.0,16.045691404438355,state_action_local,1,inf,5,0.05,,,,,,,,
17,95,Similarity-aware,16.045691404438355,1.0,16.045691404438355,state_action_local,1,inf,5,0.05,,,,,,,,
17,100,Similarity-aware,16.045691404438355,1.0,16.045691404438355,state_action_local,1,inf,5,0.05,,,,,,,,
17,105,Similarity-aware,16.045691404438355,1.0,16.045691404438355,state_action_local,1,inf,5,0.05,,,,,,,,
17,110,Similarity-aware,16.045691404438355,1.0,16.045691404438355,state_action_local,1,inf,5,0.05,,,,,,,,
17,115,Similarity-aware,16.045691404438355,1.0,16.045691404438355,state_action_local,1,inf,5,0.05,,,,,,,,
17,120,Similarity-aware,16.045691404438355,1.0,16.045691404438355,state_action_local,1,inf,5,0.05,,,,,,,,
17,125,Similarity-aware,16.045691404438355,1.0,16.045691404438355,state_action_local,1,inf,5,0.05,,,,,,,,
17,130,Similarity-aware,16.045691404438355,1.0,16.045691404438355,state_action_local,1,inf,5,0.05,,,,,,,,
17,135,Similarity-aware,16.045691404438355,1.0,16.045691404438355,state_action_local,1,inf,5,0.05,,,,,,,,
17,140,Similarity-aware,16.045691404438355,1.0,16.045691404438355,state_action_local,1,inf,5,0.05,,,,,,,,
17,145,Similarity-aware,16.045691404438355,1.0,16.045691404438355,state_action_local,1,inf,5,0.05,,,,,,,,
17,150,Similarity-aware,16.045691404438355,1.0,16.045691404438355,state_action_local,1,inf,5,0.05,,,,,,,,
17,155,Similarity-aware,16.045691404438355,1.0,16.045691404438355,state_action_local,1,inf,5,0.05,,,,,,,,
17,160,Similarity-aware,16.045691404438355,1.0,16.045691404438355,state_action_local,1,inf,5,0.05,,,,,,,,
17,165,Similarity-aware,16.045691404438355,1.0,16.045691404438355,state_action_local,1,inf,5,0.05,,,,,,,,
17,170,Similarity-aware,16.045691404438355,1.0,16.045691404438355,state_action_local,1,inf,5,0.05,,,,,,,,
17,175,Similarity-aware,16.045691404438355,1.0,16.045691404438355,state_action_local,1,inf,5,0.05,,,,,,,,
17,180,Similarity-aware,16.045691404438355,1.0,16.045691404438355,state_action_local,1,inf,5,0.05,,,,,,,,
17,185,Similarity-aware,16.045691404438355,1.0,16.045691404438355,state_action_local,1,inf,5,0.05,,,,,,,,
17,190,Similarity-aware,16.045691404438355,1.0,16.045691404438355,state_action_local,1,inf,5,0.05,,,,,,,,
17,195,Similarity-aware,16.045691404438355,1.0,16.045691404438355,state_action_local,1,inf,5,0.05,,,,,,,,
17,200,Similarity-aware,16.045691404438355,1.0,16.045691404438355,state_action_local,1,inf,5,0.05,,,,,,,,
17,1,Uniform,15.840493283884665,0.9872116373559989,16.045691404438355,state_action_local,1,inf,5,0.05,,,,,,,,
17,5,Uniform,15.966407366069669,0.9950588580840615,16.045691404438355,state_action_local,1,inf,5,0.05,,,,,,,,
17,10,Uniform,15.966407366069669,0.9950588580840615,16.045691404438355,state_action_local,1,inf,5,0.05,,,,,,,,
17,15,Uniform,16.041372560195516,0.9997308408759722,16.045691404438355,state_action_local,1,inf,5,0.05,,,,,,,,
17,20,Uniform,16.041372560195516,0.9997308408759722,16.045691404438355,state_action_local,1,inf,5,0.05,,,,,,,,
17,25,Uniform,16.041372560195516,0.9997308408759722,16.045691404438355,state_action_local,1,inf,5,0.05,,,,,,,,
17,30,Uniform,16.041372560195516,0.9997308408759722,16.045691404438355,state_action_local,1,inf,5,0.05,,,,,,,,
17,35,Uniform,16.041372560195516,0.9997308408759722,16.045691404438355,state_action_local,1,inf,5,0.05,,,,,,,,
17,40,Uniform,16.041372560195516,0.9997308408759722,16.045691404438355,state_action_local,1,inf,5,0.05,,,,,,,,
17,45,Uniform,16.041372560195516,0.9997308408759722,16.045691404438355,state_action_local,1,inf,5,0.05,,,,,,,,
17,50,Uniform,16.041372560195516,0.9997308408759722,16.045691404438355,state_action_local,1,inf,5,0.05,,,,,,,,
17,55,Uniform,16.041372560195516,0.9997308408759722,16.045691404438355,state_action_local,1,inf,5,0.05,,,,,,,,
17,60,Uniform,16.041372560195516,0.9997308408759722,16.045691404438355,state_action_local,1,inf,5,0.05,,,,,,,,
17,65,Uniform,16.041372560195516,0.9997308408759722,16.045691404438355,state_action_local,1,inf,5,0.05,,,,,,,,
17,70,Uniform,16.041372560195516,0.9997308408759722,16.045691404438355,state_action_local,1,inf,5,0.05,,,,,,,,
17,75,Uniform,16.041372560195516,0.9997308408759722,16.045691404438355,state_action_local,1,inf,5,0.05,,,,,,,,
17,80,Uniform,16.041372560195516,0.9997308408759722,16.045691404438355,state_action_local,1,inf,5,0.05,,,,,,,,
17,85,Uniform,16.041372560195516,0.9997308408759722,16.045691404438355,state_action_local,1,inf,5,0.05,,,,,,,,
17,90,Uniform,16.041372560195516,0.9997308408759722,16.045691404438355,state_action_local,1,inf,5,0.05,,,,,,,,
17,95,Uniform,16.041372560195516,0.9997308408759722,16.045691404438355,state_action_local,1,inf,5,0.05,,,,,,,,
17,100,Uniform,16.041372560195516,0.9997308408759722,16.045691404438355,state_action_local,1,inf,5,0.05,,,,,,,,
17,105,Uniform,16.041372560195516,0.9997308408759722,16.045691404438355,state_action_local,1,inf,5,0.05,,,,,,,,
17,110,Uniform,16.041372560195516,0.9997308408759722,16.045691404438355,state_action_local,1,inf,5,0.05,,,,,,,,
17,115,Uniform,16.041372560195516,0.9997308408759722,16.045691404438355,state_action_local,1,inf,5,0.05,,,,,,,,
17,120,Uniform,16.041372560195516,0.9997308408759722,16.045691404438355,state_action_local,1,inf,5,0.05,,,,,,,,
17,125,Uniform,16.041372560195516,0.9997308408759722,16.045691404438355,state_action_local,1,inf,5,0.05,,,,,,,,
17,130,Uniform,16.041372560195516,0.9997308408759722,16.045691404438355,state_action_local,1,inf,5,0.05,,,,,,,,
17,135,Uniform,16.041372560195516,0.9997308408759722,16.045691404438355,state_action_local,1,inf,5,0.05,,,,,,,,
17,140,Uniform,16.041372560195516,0.9997308408759722,16.045691404438355,state_action_local,1,inf,5,0.05,,,,,,,,
17,145,Uniform,16.041372560195516,0.9997308408759722,16.045691404438355,state_action_local,1,inf,5,0.05,,,,,,,,
17,150,Uniform,16.041372560195516,0.9997308408759722,16.045691404438355,state_action_local,1,inf,5,0.05,,,,,,,,
17,155,Uniform,16.041372560195516,0.9997308408759722,16.045691404438355,state_action_local,1,inf,5,0.05,,,,,,,,
17,160,Uniform,16.041372560195516,0.9997308408759722,16.045691404438355,state_action_local,1,inf,5,0.05,,,,,,,,
17,165,Uniform,16.041372560195516,0.9997308408759722,16.045691404438355,state_action_local,1,inf,5,0.05,,,,,,,,
17,170,Uniform,16.041372560195516,0.9997308408759722,16.045691404438355,state_action_local,1,inf,5,0.05,,,,,,,,
17,175,Uniform,16.041372560195516,0.9997308408759722,16.045691404438355,state_action_local,1,inf,5,0.05,,,,,,,,
17,180,Uniform,16.041372560195516,0.9997308408759722,16.045691404438355,state_action_local,1,inf,5,0.05,,,,,,,,
17,185,Uniform,16.041372560195516,0.9997308408759722,16.045691404438355,state_action_local,1,inf,5,0.05,,,,,,,,
17,190,Uniform,16.041372560195516,0.9997308408759722,16.045691404438355,state_action_local,1,inf,5,0.05,,,,,,,,
17,195,Uniform,16.041372560195516,0.9997308408759722,16.045691404438355,state_action_local,1,inf,5,0.05,,,,,,,,
17,200,Uniform,16.041372560195516,0.9997308408759722,16.045691404438355,state_action_local,1,inf,5,0.05,,,,,,,,
17,-1,metadata,,,,state_action_local,1,inf,5,0.05,0.0,0.1,0.10000000000000013,0.10000000000000013,0.09518904920103374,0.04999999999999999,0.2,0.5161274193649189
17,-1,metadata,,,,state_action_local,1,inf,5,0.05,1.0,0.2,0.2,0.2,0.18458694986254204,0.09999999999999998,0.2,0.25806499999455657
17,-1,metadata,,,,state_action_local,1,inf,5,0.05,2.0,0.4,0.4,0.4,0.3763099207730544,0.19999999999999996,0.2,0.12903282257772186
17,-1,metadata,,,,state_action_local,1,inf,5,0.05,3.0,0.8,0.8,0.8,0.7445068812829051,0.3999999999999999,0.2,0.06451649193427422
17,-1,metadata,,,,state_action_local,1,inf,5,0.05,4.0,1.6,1.6,1.6,1.5151875304283267,0.7999999999999998,0.2,0.032258266128528244
18,1,Maximum-based,16.476249353081577,0.9752694870743727,16.89404782108714,state_action_local,1,inf,5,0.05,,,,,,,,
18,5,Maximum-based,16.476249353081577,0.9752694870743727,16.89404782108714,state_action_local,1,inf,5,0.05,,,,,,,,
18,10,Maximum-based,16.476249353081577,0.9752694870743727,16.89404782108714,state_action_local,1,inf,5,0.05,,,,,,,,
18,15,Maximum-based,16.476249353081577,0.9752694870743727,16.89404782108714,state_action_local,1,inf,5,0.05,,,,,,,,
18,20,Maximum-based,16.476249353081577,0.9752694870743727,16.89404782108714,state_action_local,1,inf,5,0.05,,,,,,,,
18,25,Maximum-based,16.476249353081577,0.9752694870743727,16.89404782108714,state_action_local,1,inf,5,0.05,,,,,,,,
18,30,Maximum-based,16.476249353081577,0.9752694870743727,16.89404782108714,state_action_local,1,inf,5,0.05,,,,,,,,
18,35,Maximum-based,16.871354476642534,0.9986567254523644,16.89404782108714,state_action_local,1,inf,5,0.05,,,,,,,,
18,40,Maximum-based,16.871354476642534,0.9986567254523644,16.89404782108714,state_action_local,1,inf,5,0.05,,,,,,,,
18,45,Maximum-based,16.887188148592006,0.9995939592116835,16.89404782108714,state_action_local,1,inf,5,0.05,,,,,,,,
18,50,Maximum-based,16.887188148592006,0.9995939592116835,16.89404782108714,state_action_local,1,inf,5,0.05,,,,,,,,
18,55,Maximum-based,16.891645321820693,0.9998577901938074,16.89404782108714,state_action_local,1,inf,5,0.05,,,,,,,,
18,60,Maximum-based,16.89404782108714,1.0,16.89404782108714,state_action_local,1,inf,5,0.05,,,,,,,,
18,65,Maximum-based,16.89404782108714,1.0,16.89404782108714,state_action_local,1,inf,5,0.05,,,,,,,,
18,70,Maximum-based,16.89404782108714,1.0,16.89404782108714,state_action_local,1,inf,5,0.05,,,,,,,,
18,75,Maximum-based,16.89404782108714,1.0,16.89404782108714,state_action_local,1,inf,5,0.05,,,,,,,,
18,80,Maximum-based,16.89404782108714,1.0,16.89404782108714,state_action_local,1,inf,5,0.05,,,,,,,,
18,85,Maximum-based,16.89404782108714,1.0,16.89404782108714,state_action_local,1,inf,5,0.05,,,,,,,,
18,90,Maximum-based,16.89404782108714,1.0,16.89404782108714,state_action_local,1,inf,5,0.05,,,,,,,,
18,95,Maximum-based,16.89404782108714,1.0,16.89404782108714,state_action_local,1,inf,5,0.05,,,,,,,,
18,100,Maximum-based,16.89404782108714,1.0,16.89404782108714,state_action_local,1,inf,5,0.05,,,,,,,,
18,105,Maximum-based,16.89404782108714,1.0,16.89404782108714,state_action_local,1,inf,5,0.05,,,,,,,,
18,110,Maximum-based,16.89404782108714,1.0,16.89404782108714,state_action_local,1,inf,5,0.05,,,,,,,,
18,115,Maximum-based,16.89404782108714,1.0,16.89404782108714,state_action_local,1,inf,5,0.05,,,,,,,,
18,120,Maximum-based,16.89404782108714,1.0,16.89404782108714,state_action_local,1,inf,5,0.05,,,,,,,,
18,125,Maximum-based,16.89404782108714,1.0,16.89404782108714,state_action_local,1,inf,5,0.05,,,,,,,,
18,130,Maximum-based,16.89404782108714,1.0,16.89404782108714,state_action_local,1,inf,5,0.05,,,,,,,,
18,135,Maximum-based,16.89404782108714,1.0,16.89404782108714,state_action_local,1,inf,5,0.05,,,,,,,,
18,140,Maximum-based,16.89404782108714,1.0,16.89404782108714,state_action_local,1,inf,5,0.05,,,,,,,,
18,145,Maximum-based,16.89404782108714,1.0,16.89404782108714,state_action_local,1,inf,5,0.05,,,,,,,,
18,150,Maximum-based,16.89404782108714,1.0,16.89404782108714,state_action_local,1,inf,5,0.05,,,,,,,,
18,155,Maximum-based,16.89404782108714,1.0,16.89404782108714,state_action_local,1,inf,5,0.05,,,,,,,,
18,160,Maximum-based,16.89404782108714,1.0,16.89404782108714,state_action_local,1,inf,5,0.05,,,,,,,,
18,165,Maximum-based,16.89404782108714,1.0,16.89404782108714,state_action_local,1,inf,5,0.05,,,,,,,,
18,170,Maximum-based,16.89404782108714,1.0,16.89404782108714,state_action_local,1,inf,5,0.05,,,,,,,,
18,175,Maximum-based,16.89404782108714,1.0,16.89404782108714,state_action_local,1,inf,5,0.05,,,,,,,,
18,180,Maximum-based,16.89404782108714,1.0,16.89404782108714,state_action_local,1,inf,5,0.05,,,,,,,,
18,185,Maximum-based,16.89404782108714,1.0,16.89404782108714,state_action_local,1,inf,5,0.05,,,,,,,,
18,190,Maximum-based,16.89404782108714,1.0,16.89404782108714,state_action_local,1,inf,5,0.05,,,,,,,,
18,195,Maximum-based,16.89404782108714,1.0,16.89404782108714,state_action_local,1,inf,5,0.05,,,,,,,,
18,200,Maximum-based,16.89404782108714,1.0,16.89404782108714,state_action_local,1,inf,5,0.05,,,,,,,,
18,1,Similarity-aware,16.476249353081577,0.9752694870743727,16.89404782108714,state_action_local,1,inf,5,0.05,,,,,,,,
18,5,Similarity-aware,16.476249353081577,0.9752694870743727,16.89404782108714,state_action_local,1,inf,5,0.05,,,,,,,,
18,10,Similarity-aware,16.476249353081577,0.9752694870743727,16.89404782108714,state_action_local,1,inf,5,0.05,,,,,,,,
18,15,Similarity-aware,16.476249353081577,0.9752694870743727,16.89404782108714,state_action_local,1,inf,5,0.05,,,,,,,,
18,20,Similarity-aware,16.476249353081577,0.9752694870743727,16.89404782108714,state_action_local,1,inf,5,0.05,,,,,,,,
18,25,Similarity-aware,16.476249353081577,0.9752694870743727,16.89404782108714,state_action_local,1,inf,5,0.05,,,,,,,,
18,30,Similarity-aware,16.476249353081577,0.9752694870743727,16.89404782108714,state_action_local,1,inf,5,0.05,,,,,,,,
18,35,Similarity-aware,16.476249353081577,0.9752694870743727,16.89404782108714,state_action_local,1,inf,5,0.05,,,,,,,,
18,40,Similarity-aware,16.750391586456942,0.9914966362027883,16.89404782108714,state_action_local,1,inf,5,0.05,,,,,,,,
18,45,Similarity-aware,16.871354476642534,0.9986567254523644,16.89404782108714,state_action_local,1,inf,5,0.05,,,,,,,,
18,50,Similarity-aware,16.887188148592006,0.9995939592116835,16.89404782108714,state_action_local,1,inf,5,0.05,,,,,,,,
18,55,Similarity-aware,16.887188148592006,0.9995939592116835,16.89404782108714,state_action_local,1,inf,5,0.05,,,,,,,,
18,60,Similarity-aware,16.890362725177386,0.9997818701622738,16.89404782108714,state_action_local,1,inf,5,0.05,,,,,,,,
18,65,Similarity-aware,16.890362725177386,0.9997818701622738,16.89404782108714,state_action_local,1,inf,5,0.05,,,,,,,,
18,70,Similarity-aware,16.89404782108714,1.0,16.89404782108714,state_action_local,1,inf,5,0.05,,,,,,,,
18,75,Similarity-aware,16.89404782108714,1.0,16.89404782108714,state_action_local,1,inf,5,0.05,,,,,,,,
18,80,Similarity-aware,16.89404782108714,1.0,16.89404782108714,state_action_local,1,inf,5,0.05,,,,,,,,
18,85,Similarity-aware,16.89404782108714,1.0,16.89404782108714,state_action_local,1,inf,5,0.05,,,,,,,,
18,90,Similarity-aware,16.89404782108714,1.0,16.89404782108714,state_action_local,1,inf,5,0.05,,,,,,,,
18,95,Similarity-aware,16.89404782108714,1.0,16.89404782108714,state_action_local,1,inf,5,0.05,,,,,,,,
18,100,Similarity-aware,16.89404782108714,1.0,16.89404782108714,state_action_local,1,inf,5,0.05,,,,,,,,
18,105,Similarity-aware,16.89404782108714,1.0,16.89404782108714,state_action_local,1,inf,5,0.05,,,,,,,,
18,110,Similarity-aware,16.89404782108714,1.0,16.89404782108714,state_action_local,1,inf,5,0.05,,,,,,,,
18,115,Similarity-aware,16.89404782108714,1.0,16.89404782108714,state_action_local,1,inf,5,0.05,,,,,,,,
18,120,Similarity-aware,16.89404782108714,1.0,16.89404782108714,state_action_local,1,inf,5,0.05,,,,,,,,
18,125,Similarity-aware,16.89404782108714,1.0,16.89404782108714,state_action_local,1,inf,5,0.05,,,,,,,,
18,130,Similarity-aware,16.89404782108714,1.0,16.89404782108714,state_action_local,1,inf,5,0.05,,,,,,,,
18,135,Similarity-aware,16.89404782108714,1.0,16.89404782108714,state_action_local,1,inf,5,0.05,,,,,,,,
18,140,Similarity-aware,16.89404782108714,1.0,16.89404782108714,state_action_local,1,inf,5,0.05,,,,,,,,
18,145,Similarity-aware,16.89404782108714,1.0,16.89404782108714,state_action_local,1,inf,5,0.05,,,,,,,,
18,150,Similarity-aware,16.89404782108714,1.0,16.89404782108714,state_action_local,1,inf,5,0.05,,,,,,,,
18,155,Similarity-aware,16.89404782108714,1.0,16.89404782108714,state_action_local,1,inf,5,0.05,,,,,,,,
18,160,Similarity-aware,16.89404782108714,1.0,16.89404782108714,state_action_local,1,inf,5,0.05,,,,,,,,
18,165,Similarity-aware,16.89404782108714,1.0,16.89404782108714,state_action_local,1,inf,5,0.05,,,,,,,,
18,170,Similarity-aware,16.89404782108714,1.0,16.89404782108714,state_action_local,1,inf,5,0.05,,,,,,,,
18,175,Similarity-aware,16.89404782108714,1.0,16.89404782108714,state_action_local,1,inf,5,0.05,,,,,,,,
18,180,Similarity-aware,16.89404782108714,1.0,16.89404782108714,state_action_local,1,inf,5,0.05,,,,,,,,
18,185,Similarity-aware,16.89404782108714,1.0,16.89404782108714,state_action_local,1,inf,5,0.05,,,,,,,,
18,190,Similarity-aware,16.89404782108714,1.0,16.89404782108714,state_action_local,1,inf,5,0.05,,,,,,,,
18,195,Similarity-aware,16.89404782108714,1.0,16.89404782108714,state_action_local,1,inf,5,0.05,,,,,,,,
18,200,Similarity-aware,16.89404782108714,1.0,16.89404782108714,state_action_local,1,inf,5,0.05,,,,,,,,
18,1,Uniform,16.476249353081577,0.9752694870743727,16.89404782108714,state_action_local,1,inf,5,0.05,,,,,,,,
18,5,Uniform,16.476249353081577,0.9752694870743727,16.89404782108714,state_action_local,1,inf,5,0.05,,,,,,,,
18,10,Uniform,16.476249353081577,0.9752694870743727,16.89404782108714,state_action_local,1,inf,5,0.05,,,,,,,,
18,15,Uniform,16.476249353081577,0.9752694870743727,16.89404782108714,state_action_local,1,inf,5,0.05,,,,,,,,
18,20,Uniform,16.476249353081577,0.9752694870743727,16.89404782108714,state_action_local,1,inf,5,0.05,,,,,,,,
18,25,Uniform,16.476249353081577,0.9752694870743727,16.89404782108714,state_action_local,1,inf,5,0.05,,,,,,,,
18,30,Uniform,16.476249353081577,0.9752694870743727,16.89404782108714,state_action_local,1,inf,5,0.05,,,,,,,,
18,35,Uniform,16.476249353081577,0.9752694870743727,16.89404782108714,state_action_local,1,inf,5,0.05,,,,,,,,
18,40,Uniform,16.476249353081577,0.9752694870743727,16.89404782108714,state_action_local,1,inf,5,0.05,,,,,,,,
18,45,Uniform,16.476249353081577,0.9752694870743727,16.89404782108714,state_action_local,1,inf,5,0.05,,,,,,,,
18,50,Uniform,16.476249353081577,0.9752694870743727,16.89404782108714,state_action_local,1,inf,5,0.05,,,,,,,,
18,55,Uniform,16.48042830114789,0.9755168492288171,16.89404782108714,state_action_local,1,inf,5,0.05,,,,,,,,
18,60,Uniform,16.477948723877798,0.975370076987117,16.89404782108714,state_action_local,1,inf,5,0.05,,,,,,,,
18,65,Uniform,16.477948723877798,0.975370076987117,16.89404782108714,state_action_local,1,inf,5,0.05,,,,,,,,
18,70,Uniform,16.477948723877798,0.975370076987117,16.89404782108714,state_action_local,1,inf,5,0.05,,,,,,,,
18,75,Uniform,16.7660481609418,0.9924233871301364,16.89404782108714,state_action_local,1,inf,5,0.05,,,,,,,,
18,80,Uniform,16.890362725177386,0.9997818701622738,16.89404782108714,state_action_local,1,inf,5,0.05,,,,,,,,
18,85,Uniform,16.890362725177386,0.9997818701622738,16.89404782108714,state_action_local,1,inf,5,0.05,,,,,,,,
18,90,Uniform,16.890362725177386,0.9997818701622738,16.89404782108714,state_action_local,1,inf,5,0.05,,,,,,,,
18,95,Uniform,16.890362725177386,0.9997818701622738,16.89404782108714,state_action_local,1,inf,5,0.05,,,,,,,,
18,100,Uniform,16.890362725177386,0.9997818701622738,16.89404782108714,state_action_local,1,inf,5,0.05,,,,,,,,
18,105,Uniform,16.890362725177386,0.9997818701622738,16.89404782108714,state_action_local,1,inf,5,0.05,,,,,,,,
18,110,Uniform,16.890362725177386,0.9997818701622738,16.89404782108714,state_action_local,1,inf,5,0.05,,,,,,,,
18,115,Uniform,16.890362725177386,0.9997818701622738,16.89404782108714,state_action_local,1,inf,5,0.05,,,,,,,,
18,120,Uniform,16.890362725177386,0.9997818701622738,16.89404782108714,state_action_local,1,inf,5,0.05,,,,,,,,
18,125,Uniform,16.890362725177386,0.9997818701622738,16.89404782108714,state_action_local,1,inf,5,0.05,,,,,,,,
18,130,Uniform,16.890362725177386,0.9997818701622738,16.89404782108714,state_action_local,1,inf,5,0.05,,,,,,,,
18,135,Uniform,16.890362725177386,0.9997818701622738,16.89404782108714,state_action_local,1,inf,5,0.05,,,,,,,,
18,140,Uniform,16.890362725177386,0.9997818701622738,16.89404782108714,state_action_local,1,inf,5,0.05,,,,,,,,
18,145,Uniform,16.890362725177386,0.9997818701622738,16.89404782108714,state_action_local,1,inf,5,0.05,,,,,,,,
18,150,Uniform,16.890362725177386,0.9997818701622738,16.89404782108714,state_action_local,1,inf,5,0.05,,,,,,,,
18,155,Uniform,16.890362725177386,0.9997818701622738,16.89404782108714,state_action_local,1,inf,5,0.05,,,,,,,,
18,160,Uniform,16.890362725177386,0.9997818701622738,16.89404782108714,state_action_local,1,inf,5,0.05,,,,,,,,
18,165,Uniform,16.890362725177386,0.9997818701622738,16.89404782108714,state_action_local,1,inf,5,0.05,,,,,,,,
18,170,Uniform,16.890362725177386,0.9997818701622738,16.89404782108714,state_action_local,1,inf,5,0.05,,,,,,,,
18,175,Uniform,16.890362725177386,0.9997818701622738,16.89404782108714,state_action_local,1,inf,5,0.05,,,,,,,,
18,180,Uniform,16.890362725177386,0.9997818701622738,16.89404782108714,state_action_local,1,inf,5,0.05,,,,,,,,
18,185,Uniform,16.890362725177386,0.9997818701622738,16.89404782108714,state_action_local,1,inf,5,0.05,,,,,,,,
18,190,Uniform,16.890362725177386,0.9997818701622738,16.89404782108714,state_action_local,1,inf,5,0.05,,,,,,,,
18,195,Uniform,16.890362725177386,0.9997818701622738,16.89404782108714,state_action_local,1,inf,5,0.05,,,,,,,,
18,200,Uniform,16.890362725177386,0.9997818701622738,16.89404782108714,state_action_local,1,inf,5,0.05,,,,,,,,
18,-1,metadata,,,,state_action_local,1,inf,5,0.05,0.0,0.1,0.10000000000000012,0.10000000000000012,0.09338795064769645,0.04999999999999999,0.2,0.516127419364919
18,-1,metadata,,,,state_action_local,1,inf,5,0.05,1.0,0.2,0.20000000000000004,0.20000000000000004,0.19081839768800524,0.09999999999999998,0.2,0.25806499999455657
18,-1,metadata,,,,state_action_local,1,inf,5,0.05,2.0,0.4,0.4,0.4,0.3721820686546787,0.19999999999999996,0.2,0.12903282257772186
18,-1,metadata,,,,state_action_local,1,inf,5,0.05,3.0,0.8,0.7999999999999999,0.7999999999999999,0.750795095379718,0.3999999999999999,0.2,0.06451649193427424
18,-1,metadata,,,,state_action_local,1,inf,5,0.05,4.0,1.6,1.5999999999999999,1.5999999999999999,1.5107748425020435,0.7999999999999998,0.2,0.03225826612852825
19,1,Maximum-based,15.727113811390527,0.9564218115342895,16.443700490436463,state_action_local,1,inf,5,0.05,,,,,,,,
19,5,Maximum-based,15.99765791183986,0.9728745619724698,16.443700490436463,state_action_local,1,inf,5,0.05,,,,,,,,
19,10,Maximum-based,15.99765791183986,0.9728745619724698,16.443700490436463,state_action_local,1,inf,5,0.05,,,,,,,,
19,15,Maximum-based,15.99765791183986,0.9728745619724698,16.443700490436463,state_action_local,1,inf,5,0.05,,,,,,,,
19,20,Maximum-based,16.019378963907297,0.974195496520023,16.443700490436463,state_action_local,1,inf,5,0.05,,,,,,,,
19,25,Maximum-based,16.158856340551207,0.9826776126182231,16.443700490436463,state_action_local,1,inf,5,0.05,,,,,,,,
19,30,Maximum-based,16.229437480885966,0.9869699031750724,16.443700490436463,state_action_local,1,inf,5,0.05,,,,,,,,
19,35,Maximum-based,16.229437480885966,0.9869699031750724,16.443700490436463,state_action_local,1,inf,5,0.05,,,,,,,,
19,40,Maximum-based,16.229437480885966,0.9869699031750724,16.443700490436463,state_action_local,1,inf,5,0.05,,,,,,,,
19,45,Maximum-based,16.27942253809526,0.990009672552918,16.443700490436463,state_action_local,1,inf,5,0.05,,,,,,,,
19,50,Maximum-based,16.27942253809526,0.990009672552918,16.443700490436463,state_action_local,1,inf,5,0.05,,,,,,,,
19,55,Maximum-based,16.27942253809526,0.990009672552918,16.443700490436463,state_action_local,1,inf,5,0.05,,,,,,,,
19,60,Maximum-based,16.27942253809526,0.990009672552918,16.443700490436463,state_action_local,1,inf,5,0.05,,,,,,,,
19,65,Maximum-based,16.27942253809526,0.990009672552918,16.443700490436463,state_action_local,1,inf,5,0.05,,,,,,,,
19,70,Maximum-based,16.27942253809526,0.990009672552918,16.443700490436463,state_action_local,1,inf,5,0.05,,,,,,,,
19,75,Maximum-based,16.27942253809526,0.990009672552918,16.443700490436463,state_action_local,1,inf,5,0.05,,,,,,,,
19,80,Maximum-based,16.27942253809526,0.990009672552918,16.443700490436463,state_action_local,1,inf,5,0.05,,,,,,,,
19,85,Maximum-based,16.27942253809526,0.990009672552918,16.443700490436463,state_action_local,1,inf,5,0.05,,,,,,,,
19,90,Maximum-based,16.308337005431504,0.9917680643062257,16.443700490436463,state_action_local,1,inf,5,0.05,,,,,,,,
19,95,Maximum-based,16.32176773923505,0.9925848350696774,16.443700490436463,state_action_local,1,inf,5,0.05,,,,,,,,
19,100,Maximum-based,16.32176773923505,0.9925848350696774,16.443700490436463,state_action_local,1,inf,5,0.05,,,,,,,,
19,105,Maximum-based,16.32176773923505,0.9925848350696774,16.443700490436463,state_action_local,1,inf,5,0.05,,,,,,,,
19,110,Maximum-based,16.324516107506312,0.9927519731340603,16.443700490436463,state_action_local,1,inf,5,0.05,,,,,,,,
19,115,Maximum-based,16.442561463550135,0.999930731717779,16.443700490436463,state_action_local,1,inf,5,0.05,,,,,,,,
19,120,Maximum-based,16.442561463550135,0.999930731717779,16.443700490436463,state_action_local,1,inf,5,0.05,,,,,,,,
19,125,Maximum-based,16.442561463550135,0.999930731717779,16.443700490436463,state_action_local,1,inf,5,0.05,,,,,,,,
19,130,Maximum-based,16.442561463550135,0.999930731717779,16.443700490436463,state_action_local,1,inf,5,0.05,,,,,,,,
19,135,Maximum-based,16.442561463550135,0.999930731717779,16.443700490436463,state_action_local,1,inf,5,0.05,,,,,,,,
19,140,Maximum-based,16.442561463550135,0.999930731717779,16.443700490436463,state_action_local,1,inf,5,0.05,,,,,,,,
19,145,Maximum-based,16.442561463550135,0.999930731717779,16.443700490436463,state_action_local,1,inf,5,0.05,,,,,,,,
19,150,Maximum-based,16.442561463550135,0.999930731717779,16.443700490436463,state_action_local,1,inf,5,0.05,,,,,,,,
19,155,Maximum-based,16.442561463550135,0.999930731717779,16.443700490436463,state_action_local,1,inf,5,0.05,,,,,,,,
19,160,Maximum-based,16.442561463550135,0.999930731717779,16.443700490436463,state_action_local,1,inf,5,0.05,,,,,,,,
19,165,Maximum-based,16.442561463550135,0.999930731717779,16.443700490436463,state_action_local,1,inf,5,0.05,,,,,,,,
19,170,Maximum-based,16.442561463550135,0.999930731717779,16.443700490436463,state_action_local,1,inf,5,0.05,,,,,,,,
19,175,Maximum-based,16.442561463550135,0.999930731717779,16.443700490436463,state_action_local,1,inf,5,0.05,,,,,,,,
19,180,Maximum-based,16.442561463550135,0.999930731717779,16.443700490436463,state_action_local,1,inf,5,0.05,,,,,,,,
19,185,Maximum-based,16.442561463550135,0.999930731717779,16.443700490436463,state_action_local,1,inf,5,0.05,,,,,,,,
19,190,Maximum-based,16.442561463550135,0.999930731717779,16.443700490436463,state_action_local,1,inf,5,0.05,,,,,,,,
19,195,Maximum-based,16.442561463550135,0.999930731717779,16.443700490436463,state_action_local,1,inf,5,0.05,,,,,,,,
19,200,Maximum-based,16.442561463550135,0.999930731717779,16.443700490436463,state_action_local,1,inf,5,0.05,,,,,,,,
19,1,Similarity-aware,15.727113811390527,0.9564218115342895,16.443700490436463,state_action_local,1,inf,5,0.05,,,,,,,,
19,5,Similarity-aware,15.99765791183986,0.9728745619724698,16.443700490436463,state_action_local,1,inf,5,0.05,,,,,,,,
19,10,Similarity-aware,15.99765791183986,0.9728745619724698,16.443700490436463,state_action_local,1,inf,5,0.05,,,,,,,,
19,15,Similarity-aware,15.99765791183986,0.9728745619724698,16.443700490436463,state_action_local,1,inf,5,0.05,,,,,,,,
19,20,Similarity-aware,16.019378963907297,0.974195496520023,16.443700490436463,state_action_local,1,inf,5,0.05,,,,,,,,
19,25,Similarity-aware,16.019378963907297,0.974195496520023,16.443700490436463,state_action_local,1,inf,5,0.05,,,,,,,,
19,30,Similarity-aware,16.158856340551207,0.9826776126182231,16.443700490436463,state_action_local,1,inf,5,0.05,,,,,,,,
19,35,Similarity-aware,16.158856340551207,0.9826776126182231,16.443700490436463,state_action_local,1,inf,5,0.05,,,,,,,,
19,40,Similarity-aware,16.229437480885966,0.9869699031750724,16.443700490436463,state_action_local,1,inf,5,0.05,,,,,,,,
19,45,Similarity-aware,16.229437480885966,0.9869699031750724,16.443700490436463,state_action_local,1,inf,5,0.05,,,,,,,,
19,50,Similarity-aware,16.27942253809526,0.990009672552918,16.443700490436463,state_action_local,1,inf,5,0.05,,,,,,,,
19,55,Similarity-aware,16.27942253809526,0.990009672552918,16.443700490436463,state_action_local,1,inf,5,0.05,,,,,,,,
19,60,Similarity-aware,16.27942253809526,0.990009672552918,16.443700490436463,state_action_local,1,inf,5,0.05,,,,,,,,
19,65,Similarity-aware,16.27942253809526,0.990009672552918,16.443700490436463,state_action_local,1,inf,5,0.05,,,,,,,,
19,70,Similarity-aware,16.27942253809526,0.990009672552918,16.443700490436463,state_action_local,1,inf,5,0.05,,,,,,,,
19,75,Similarity-aware,16.27942253809526,0.990009672552918,16.443700490436463,state_action_local,1,inf,5,0.05,,,,,,,,
19,80,Similarity-aware,16.27942253809526,0.990009672552918,16.443700490436463,state_action_local,1,inf,5,0.05,,,,,,,,
19,85,Similarity-aware,16.27942253809526,0.990009672552918,16.443700490436463,state_action_local,1,inf,5,0.05,,,,,,,,
19,90,Similarity-aware,16.27942253809526,0.990009672552918,16.443700490436463,state_action_local,1,inf,5,0.05,,,,,,,,
19,95,Similarity-aware,16.27942253809526,0.990009672552918,16.443700490436463,state_action_local,1,inf,5,0.05,,,,,,,,
19,100,Similarity-aware,16.27942253809526,0.990009672552918,16.443700490436463,state_action_local,1,inf,5,0.05,,,,,,,,
19,105,Similarity-aware,16.308337005431504,0.9917680643062257,16.443700490436463,state_action_local,1,inf,5,0.05,,,,,,,,
19,110,Similarity-aware,16.308337005431504,0.9917680643062257,16.443700490436463,state_action_local,1,inf,5,0.05,,,,,,,,
19,115,Similarity-aware,16.308337005431504,0.9917680643062257,16.443700490436463,state_action_local,1,inf,5,0.05,,,,,,,,
19,120,Similarity-aware,16.308337005431504,0.9917680643062257,16.443700490436463,state_action_local,1,inf,5,0.05,,,,,,,,
19,125,Similarity-aware,16.308337005431504,0.9917680643062257,16.443700490436463,state_action_local,1,inf,5,0.05,,,,,,,,
19,130,Similarity-aware,16.308337005431504,0.9917680643062257,16.443700490436463,state_action_local,1,inf,5,0.05,,,,,,,,
19,135,Similarity-aware,16.308337005431504,0.9917680643062257,16.443700490436463,state_action_local,1,inf,5,0.05,,,,,,,,
19,140,Similarity-aware,16.308337005431504,0.9917680643062257,16.443700490436463,state_action_local,1,inf,5,0.05,,,,,,,,
19,145,Similarity-aware,16.308337005431504,0.9917680643062257,16.443700490436463,state_action_local,1,inf,5,0.05,,,,,,,,
19,150,Similarity-aware,16.308337005431504,0.9917680643062257,16.443700490436463,state_action_local,1,inf,5,0.05,,,,,,,,
19,155,Similarity-aware,16.308337005431504,0.9917680643062257,16.443700490436463,state_action_local,1,inf,5,0.05,,,,,,,,
19,160,Similarity-aware,16.308337005431504,0.9917680643062257,16.443700490436463,state_action_local,1,inf,5,0.05,,,,,,,,
19,165,Similarity-aware,16.308337005431504,0.9917680643062257,16.443700490436463,state_action_local,1,inf,5,0.05,,,,,,,,
19,170,Similarity-aware,16.308337005431504,0.9917680643062257,16.443700490436463,state_action_local,1,inf,5,0.05,,,,,,,,
19,175,Similarity-aware,16.308337005431504,0.9917680643062257,16.443700490436463,state_action_local,1,inf,5,0.05,,,,,,,,
19,180,Similarity-aware,16.308337005431504,0.9917680643062257,16.443700490436463,state_action_local,1,inf,5,0.05,,,,,,,,
19,185,Similarity-aware,16.308337005431504,0.9917680643062257,16.443700490436463,state_action_local,1,inf,5,0.05,,,,,,,,
19,190,Similarity-aware,16.308337005431504,0.9917680643062257,16.443700490436463,state_action_local,1,inf,5,0.05,,,,,,,,
19,195,Similarity-aware,16.308337005431504,0.9917680643062257,16.443700490436463,state_action_local,1,inf,5,0.05,,,,,,,,
19,200,Similarity-aware,16.308337005431504,0.9917680643062257,16.443700490436463,state_action_local,1,inf,5,0.05,,,,,,,,
19,1,Uniform,15.727113811390527,0.9564218115342895,16.443700490436463,state_action_local,1,inf,5,0.05,,,,,,,,
19,5,Uniform,15.99765791183986,0.9728745619724698,16.443700490436463,state_action_local,1,inf,5,0.05,,,,,,,,
19,10,Uniform,15.99765791183986,0.9728745619724698,16.443700490436463,state_action_local,1,inf,5,0.05,,,,,,,,
19,15,Uniform,15.99765791183986,0.9728745619724698,16.443700490436463,state_action_local,1,inf,5,0.05,,,,,,,,
19,20,Uniform,16.019378963907297,0.974195496520023,16.443700490436463,state_action_local,1,inf,5,0.05,,,,,,,,
19,25,Uniform,16.019378963907297,0.974195496520023,16.443700490436463,state_action_local,1,inf,5,0.05,,,,,,,,
19,30,Uniform,16.019378963907297,0.974195496520023,16.443700490436463,state_action_local,1,inf,5,0.05,,,,,,,,
19,35,Uniform,16.019378963907297,0.974195496520023,16.443700490436463,state_action_local,1,inf,5,0.05,,,,,,,,
19,40,Uniform,16.158856340551207,0.9826776126182231,16.443700490436463,state_action_local,1,inf,5,0.05,,,,,,,,
19,45,Uniform,16.158856340551207,0.9826776126182231,16.443700490436463,state_action_local,1,inf,5,0.05,,,,,,,,
19,50,Uniform,16.158856340551207,0.9826776126182231,16.443700490436463,state_action_local,1,inf,5,0.05,,,,,,,,
19,55,Uniform,16.158856340551207,0.9826776126182231,16.443700490436463,state_action_local,1,inf,5,0.05,,,,,,,,
19,60,Uniform,16.158856340551207,0.9826776126182231,16.443700490436463,state_action_local,1,inf,5,0.05,,,,,,,,
19,65,Uniform,16.158856340551207,0.9826776126182231,16.443700490436463,state_action_local,1,inf,5,0.05,,,,,,,,
19,70,Uniform,16.158856340551207,0.9826776126182231,16.443700490436463,state_action_local,1,inf,5,0.05,,,,,,,,
19,75,Uniform,16.158856340551207,0.9826776126182231,16.443700490436463,state_action_local,1,inf,5,0.05,,,,,,,,
19,80,Uniform,16.158856340551207,0.9826776126182231,16.443700490436463,state_action_local,1,inf,5,0.05,,,,,,,,
19,85,Uniform,16.158856340551207,0.9826776126182231,16.443700490436463,state_action_local,1,inf,5,0.05,,,,,,,,
19,90,Uniform,16.16989834078481,0.9833491159845136,16.443700490436463,state_action_local,1,inf,5,0.05,,,,,,,,
19,95,Uniform,16.16989834078481,0.9833491159845136,16.443700490436463,state_action_local,1,inf,5,0.05,,,,,,,,
19,100,Uniform,16.16989834078481,0.9833491159845136,16.443700490436463,state_action_local,1,inf,5,0.05,,,,,,,,
19,105,Uniform,16.16989834078481,0.9833491159845136,16.443700490436463,state_action_local,1,inf,5,0.05,,,,,,,,
19,110,Uniform,16.16989834078481,0.9833491159845136,16.443700490436463,state_action_local,1,inf,5,0.05,,,,,,,,
19,115,Uniform,16.16989834078481,0.9833491159845136,16.443700490436463,state_action_local,1,inf,5,0.05,,,,,,,,
19,120,Uniform,16.16989834078481,0.9833491159845136,16.443700490436463,state_action_local,1,inf,5,0.05,,,,,,,,
19,125,Uniform,16.16989834078481,0.9833491159845136,16.443700490436463,state_action_local,1,inf,5,0.05,,,,,,,,
19,130,Uniform,16.16989834078481,0.9833491159845136,16.443700490436463,state_action_local,1,inf,5,0.05,,,,,,,,
19,135,Uniform,16.16989834078481,0.9833491159845136,16.443700490436463,state_action_local,1,inf,5,0.05,,,,,,,,
19,140,Uniform,16.16989834078481,0.9833491159845136,16.443700490436463,state_action_local,1,inf,5,0.05,,,,,,,,
19,145,Uniform,16.16989834078481,0.9833491159845136,16.443700490436463,state_action_local,1,inf,5,0.05,,,,,,,,
19,150,Uniform,16.16989834078481,0.9833491159845136,16.443700490436463,state_action_local,1,inf,5,0.05,,,,,,,,
19,155,Uniform,16.16989834078481,0.9833491159845136,16.443700490436463,state_action_local,1,inf,5,0.05,,,,,,,,
19,160,Uniform,16.16989834078481,0.9833491159845136,16.443700490436463,state_action_local,1,inf,5,0.05,,,,,,,,
19,165,Uniform,16.16989834078481,0.9833491159845136,16.443700490436463,state_action_local,1,inf,5,0.05,,,,,,,,
19,170,Uniform,16.16989834078481,0.9833491159845136,16.443700490436463,state_action_local,1,inf,5,0.05,,,,,,,,
19,175,Uniform,16.16989834078481,0.9833491159845136,16.443700490436463,state_action_local,1,inf,5,0.05,,,,,,,,
19,180,Uniform,16.16989834078481,0.9833491159845136,16.443700490436463,state_action_local,1,inf,5,0.05,,,,,,,,
19,185,Uniform,16.16989834078481,0.9833491159845136,16.443700490436463,state_action_local,1,inf,5,0.05,,,,,,,,
19,190,Uniform,16.16989834078481,0.9833491159845136,16.443700490436463,state_action_local,1,inf,5,0.05,,,,,,,,
19,195,Uniform,16.16989834078481,0.9833491159845136,16.443700490436463,state_action_local,1,inf,5,0.05,,,,,,,,
19,200,Uniform,16.16989834078481,0.9833491159845136,16.443700490436463,state_action_local,1,inf,5,0.05,,,,,,,,
19,-1,metadata,,,,state_action_local,1,inf,5,0.05,0.0,0.1,0.10000000000000012,0.10000000000000012,0.09423595657530302,0.04999999999999999,0.2,0.516127419364919
19,-1,metadata,,,,state_action_local,1,inf,5,0.05,1.0,0.2,0.20000000000000004,0.20000000000000004,0.18705155136561194,0.09999999999999998,0.2,0.25806499999455657
19,-1,metadata,,,,state_action_local,1,inf,5,0.05,2.0,0.4,0.4,0.4,0.37876718751859845,0.19999999999999996,0.2,0.12903282257772186
19,-1,metadata,,,,state_action_local,1,inf,5,0.05,3.0,0.8,0.8,0.8,0.7560631430504332,0.3999999999999999,0.2,0.06451649193427422
19,-1,metadata,,,,state_action_local,1,inf,5,0.05,4.0,1.6,1.6,1.6,1.4848995820332447,0.7999999999999998,0.2,0.032258266128528244
